Mean_X;Median_X;Std_X;Variance_X;RMS_X;AvgDerivative_X;Skewness_X;Kurtosis_X;IQR_X;ZeroCross_X;MeanCross_X;MedianAbsDev_X;Range_X;Mean_Y;Median_Y;Std_Y;Variance_Y;RMS_Y;AvgDerivative_Y;Skewness_Y;Kurtosis_Y;IQR_Y;ZeroCross_Y;MeanCross_Y;MedianAbsDev_Y;Range_Y;Mean_Z;Median_Z;Std_Z;Variance_Z;RMS_Z;AvgDerivative_Z;Skewness_Z;Kurtosis_Z;IQR_Z;ZeroCross_Z;MeanCross_Z;MedianAbsDev_Z;Range_Z;Correlation_XY;Correlation_XZ;Correlation_YZ;FFT_Max_X;FFT_Min_X;MeanFFT_X;StdFFT_X;FFT_Energy_X;FFT_DominantFreq_X;SkewnessFFT_X;KurtosisFFT_X;SpectralEntropy_X;FFT_Max_Y;FFT_Min_Y;MeanFFT_Y;StdFFT_Y;FFT_Energy_Y;FFT_DominantFreq_Y;SkewnessFFT_Y;KurtosisFFT_Y;SpectralEntropy_Y;FFT_Max_Z;FFT_Min_Z;MeanFFT_Z;StdFFT_Z;FFT_Energy_Z;FFT_DominantFreq_Z;SkewnessFFT_Z;KurtosisFFT_Z;SpectralEntropy_Z;AI;VI;SMA;EVA1;EVA2;CAGH;AVH;AVG;ARATG;DF;ENERGY;AAE;MaxAccel_X;MaxAccel_Y;MaxAccel_Z;MinAccel_X;MinAccel_Y;MinAccel_Z;RMSAccel_X;RMSAccel_Y;RMSAccel_Z;TotalEnergy;SignalMagnitude_X;SignalMagnitude_Y;SignalMagnitude_Z;Cov_XY;Cov_XZ;Cov_YZ;EntropyTime_X;EntropyTime_Y;EntropyTime_Z;Max_X;Max_Y;Max_Z;Min_X;Min_Y;Min_Z;MaxFFT_X;MaxFFT_Y;MaxFFT_Z
-0.382453;-0.383380;0.405505;0.164434;0.557409;0.120510;-0.340441;0.337408;0.440115;5.965049;6.959223;0.214360;2.018340;8.939327;9.096100;1.042303;1.086395;8.999887;0.266917;0.348950;0.361884;1.362200;0.000000;2.982524;0.617400;5.293400;-1.918356;-1.606200;3.932969;15.468241;4.375880;0.268091;0.040574;-1.447126;7.975500;0.497087;1.988350;3.936000;12.342500;-0.348797;-0.484016;0.461493;39.392642;0.130123;2.921952;6.170739;23.534203;0.000000;4.460772;21.840307;1.344242;920.750700;0.328622;23.158145;126.008016;8286.841088;0.000000;6.947000;46.513890;0.054566;279.005551;0.653276;14.847223;45.915989;1175.663506;0.497087;4.865609;22.898287;0.844636;9.970616;1.043822;13.181896;15.906845;0.853072;0.244485;9.536323;-0.288512;1.782188;2.485437;10293.314073;3162.012932;0.615640;12.321000;4.313100;-1.402700;7.027600;-8.029400;0.557409;8.999887;4.375880;9486.038797;0.557409;8.999887;4.375880;-0.148868;-0.779496;1.910365;3.028578;2.956573;3.116400;0.615640;12.321000;4.313100;-1.402700;7.027600;-8.029400;39.392642;920.750700;279.005551
-0.622538;-0.593970;0.243034;0.059065;0.668295;0.075880;-1.299465;2.016647;0.228755;0.000000;7.456311;0.114840;1.194960;9.350581;9.289400;0.697542;0.486565;9.376562;0.179493;0.336570;6.201252;0.397100;0.000000;7.456311;0.186800;5.293400;2.563631;3.603100;2.206087;4.866821;3.382163;0.208938;-1.907650;3.413885;1.801750;0.497087;0.497087;0.483600;10.902000;0.198829;0.421234;-0.289223;64.121370;0.063151;2.597693;8.851300;42.959833;0.000000;6.465443;41.904080;0.408458;963.109800;0.714032;23.175250;131.721784;9030.693901;0.000000;6.984188;46.861015;0.026296;264.054044;4.907708;19.318874;38.263562;927.578564;0.000000;5.286397;29.760266;1.178480;9.959432;0.615281;13.150677;4.969914;0.454057;0.355249;9.726326;-0.677083;1.303204;3.976699;10248.286585;3333.744099;-0.207740;12.321000;4.313100;-1.402700;7.027600;-6.588900;0.668295;9.376562;3.382163;10001.232298;0.668295;9.376562;3.382163;0.034037;0.228060;-0.449431;2.848458;2.160865;2.276349;-0.207740;12.321000;4.313100;-1.402700;7.027600;-6.588900;64.121370;963.109800;264.054044
-0.589494;-0.600785;0.083492;0.006971;0.595377;0.042747;0.467462;-0.246162;0.104672;0.000000;11.043137;0.050060;0.373160;9.093688;9.106650;0.177474;0.031497;9.095420;0.083393;-0.035927;0.169314;0.206650;0.000000;10.541176;0.107500;0.939300;4.099120;4.138350;0.291881;0.085194;4.109498;0.086957;-0.768748;1.214970;0.299725;0.000000;8.533333;0.137100;1.516200;-0.087668;-0.036027;-0.488470;60.128350;0.054925;1.742802;8.196796;35.800889;0.000000;6.946070;46.504926;0.082376;927.556200;0.084481;19.085520;127.217507;8436.516330;0.000000;7.000343;47.009919;0.002349;418.110200;0.061191;10.051735;57.178146;1718.231788;0.000000;6.986804;46.885025;0.024402;9.997410;0.020914;13.782301;0.096183;0.021827;-0.113895;10.036775;-0.592903;1.147306;3.513725;10195.783606;3396.849669;-0.394950;9.592100;4.678400;-0.768110;8.652800;3.162200;0.595377;9.095420;4.109498;10190.549008;0.595377;9.095420;4.109498;-0.001312;-0.000887;-0.025554;3.139223;2.965980;2.944237;-0.394950;9.592100;4.678400;-0.768110;8.652800;3.162200;60.128350;927.556200;418.110200
-0.583421;-0.582675;0.049186;0.002419;0.585491;0.026883;0.758188;2.695692;0.059808;0.000000;12.549020;0.029940;0.312910;8.996251;8.984250;0.126568;0.016019;8.997141;0.078012;-0.321237;-0.296500;0.168700;0.000000;11.545098;0.095400;0.621000;4.321276;4.298350;0.156930;0.024627;4.324125;0.059596;0.573400;-0.197285;0.216425;0.000000;6.525490;0.107050;0.721600;-0.355308;0.390346;-0.484104;59.508950;0.008290;1.503266;8.129233;34.842159;0.000000;6.983229;46.852295;0.033741;917.617600;0.046354;18.569630;125.894813;8255.935530;0.000000;7.000895;47.014978;0.001288;440.770200;0.035264;9.452396;60.408937;1905.946524;0.000000;6.996953;46.978709;0.007052;9.998963;0.010149;13.900949;0.031650;0.009891;-0.136915;10.034978;-0.592267;1.122998;1.505882;10198.402736;3398.908071;-0.394950;9.273800;4.715300;-0.707860;8.652800;3.993700;0.585491;8.997141;4.324125;10196.724214;0.585491;8.997141;4.324125;-0.002234;0.003043;-0.009711;2.758650;3.007398;3.078955;-0.394950;9.273800;4.715300;-0.707860;8.652800;3.993700;59.508950;917.617600;440.770200
-0.569023;-0.574095;0.037556;0.001410;0.570261;0.023642;0.849977;1.843697;0.045625;0.000000;17.568627;0.023055;0.220860;8.938097;8.939200;0.121862;0.014850;8.938928;0.071549;-0.411695;-0.053185;0.160125;0.000000;13.050980;0.079350;0.593400;4.465640;4.458550;0.195977;0.038407;4.469938;0.055690;0.432367;-0.396261;0.245625;0.000000;6.023529;0.133950;0.868400;-0.458763;0.477754;-0.689386;58.040340;0.025017;1.391161;7.936505;33.098229;0.000000;6.990366;46.918085;0.021707;911.685900;0.064569;18.353829;125.094699;8149.494474;0.000000;7.000845;47.014513;0.001183;455.495300;0.004067;9.658382;62.453826;2036.036898;0.000000;6.993043;46.942274;0.009025;10.010172;0.006432;13.972760;0.047704;0.006461;-0.086777;10.050545;-0.578909;1.107454;6.525490;10221.089587;3406.209867;-0.427350;9.188400;4.971800;-0.648210;8.595000;4.103400;0.570261;8.938928;4.469938;10218.629601;0.570261;8.938928;4.469938;-0.002120;0.003551;-0.016627;2.717595;3.060282;3.058578;-0.427350;9.188400;4.971800;-0.648210;8.595000;4.103400;58.040340;911.685900;455.495300
-0.556519;-0.560850;0.040196;0.001616;0.557969;0.026280;0.520670;0.589884;0.049880;0.000000;8.947573;0.025040;0.217680;8.854937;8.859600;0.123128;0.015160;8.855793;0.075467;-0.529789;0.114732;0.168550;0.000000;12.427184;0.084300;0.621100;4.634757;4.619000;0.146385;0.021429;4.637068;0.061987;0.175053;-0.521685;0.206750;0.000000;8.450485;0.108400;0.673700;-0.220386;0.445789;-0.458869;57.321450;0.032692;1.423318;7.831121;31.983684;0.000000;6.990805;46.922244;0.026194;912.058500;0.188870;18.435848;125.135107;8077.001225;0.000000;7.000894;47.014965;0.001250;477.380000;0.040939;10.080661;65.445383;2213.644002;0.000000;6.997954;46.987887;0.005373;10.011450;0.009663;14.046213;0.027707;0.009585;0.065037;10.151743;-0.571697;1.088597;2.982524;10324.098832;3440.876303;-0.427350;9.116100;4.972600;-0.645030;8.495000;4.298900;0.557969;8.855793;4.637068;10322.628910;0.557969;8.855793;4.637068;-0.001101;0.002649;-0.008352;2.844792;3.039160;3.107457;-0.427350;9.116100;4.972600;-0.645030;8.495000;4.298900;57.321450;912.058500;477.380000
-0.552093;-0.547200;0.037173;0.001382;0.553343;0.028809;-0.169493;0.400441;0.047600;0.000000;11.303896;0.023930;0.212920;8.840339;8.849100;0.128304;0.016462;8.841270;0.081474;-0.531741;0.007018;0.140300;0.000000;15.293506;0.071100;0.627200;4.670029;4.664500;0.119151;0.014197;4.671548;0.069837;0.317021;0.011076;0.148600;0.000000;11.968831;0.076200;0.597800;-0.120611;0.154645;-0.139538;42.511180;0.033743;1.358486;6.678175;23.523337;0.000000;5.995598;33.974839;0.022899;680.706100;0.115229;18.308009;107.457499;6018.306444;0.000000;6.001780;34.023098;0.001348;359.592200;0.028421;9.969111;56.720795;1679.852427;0.000000;6.000709;34.014746;0.003804;10.014163;0.014148;14.062461;0.018022;0.013091;-0.040274;7.618229;-0.422911;1.084794;0.664935;7722.371073;2573.894069;-0.441320;9.122200;4.972600;-0.654240;8.495000;4.374800;0.553343;8.841270;4.671548;7721.682207;0.553343;8.841270;4.671548;-0.000583;0.000694;-0.002161;2.551696;2.960944;2.982279;-0.441320;9.122200;4.972600;-0.654240;8.495000;4.374800;42.511180;680.706100;359.592200
-0.416610;-0.471630;0.349616;0.122232;0.543871;0.141663;0.510693;-0.331529;0.488665;3.479612;6.462136;0.245920;1.667070;9.127709;8.867300;0.826931;0.683816;9.165090;0.230279;1.418231;1.812171;0.927100;0.000000;3.976699;0.407800;3.983900;2.733301;4.507500;3.319364;11.018178;4.299897;0.222142;-0.930896;-0.525583;4.931605;0.497087;0.497087;1.125900;11.284600;-0.361954;0.236184;-0.736514;42.910817;0.072358;3.060638;6.205775;24.171997;0.000000;5.228197;29.998544;1.211248;940.154000;0.101449;22.582044;128.676660;8616.668381;0.000000;6.969606;46.723639;0.034400;281.529988;2.848102;21.630540;46.693618;1336.942325;0.000000;4.360348;19.269081;1.284230;10.118894;0.391767;13.512403;11.518805;0.318957;-0.055849;9.689109;-0.515020;1.279843;0.994175;10566.554300;3325.927568;0.528770;12.097000;6.377100;-1.138300;8.113100;-4.907500;0.543871;9.165090;4.299897;9977.782703;0.543871;9.165090;4.299897;-0.105670;0.276780;-2.041467;3.099797;2.853726;2.902810;0.528770;12.097000;6.377100;-1.138300;8.113100;-4.907500;42.910817;940.154000;281.529988
-0.245579;-0.239610;0.348763;0.121635;0.426550;0.123816;0.187677;-0.531068;0.497429;5.019608;8.031373;0.242991;1.438050;8.534635;8.505450;0.203062;0.041234;8.537051;0.127557;0.340426;-0.523318;0.321675;0.000000;10.541176;0.159750;0.961100;5.250630;5.250200;0.362965;0.131744;5.263161;0.135923;0.076566;1.144002;0.330750;0.000000;10.541176;0.167300;2.224400;-0.338756;0.309697;-0.044888;25.049079;0.033710;2.575220;4.196329;12.358122;0.000000;3.361363;13.711905;1.930908;870.532800;0.157521;18.230271;119.354132;7431.794920;0.000000;6.999957;47.006370;0.003415;535.564300;0.129016;12.699625;73.265579;2818.769861;0.000000;6.986641;46.883648;0.022991;10.035005;0.062710;14.138362;0.170586;0.092627;-0.012836;10.090238;-0.288799;1.019265;1.003922;10274.739564;3420.974301;0.551010;9.074200;6.377100;-0.887040;8.113100;4.152700;0.426550;8.537051;5.263161;10262.922903;0.426550;8.537051;5.263161;-0.024228;0.039592;-0.003341;3.173855;3.019223;2.786670;0.551010;9.074200;6.377100;-0.887040;8.113100;4.152700;25.049079;870.532800;535.564300
-0.216288;-0.201500;0.293637;0.086223;0.364696;0.109845;0.017463;0.094133;0.346810;6.023529;8.031373;0.180378;1.429670;8.427631;8.375050;0.194947;0.038004;8.429886;0.081789;0.572063;-0.614068;0.284575;0.000000;7.529412;0.113950;0.797100;5.413710;5.415300;0.274446;0.075321;5.420662;0.086370;-0.322522;-0.255112;0.343575;0.000000;5.521569;0.173850;1.326700;-0.165277;0.184751;-0.714456;22.061355;0.082070;1.981693;3.749435;9.169013;0.000000;3.758514;15.478245;1.638742;859.618400;0.089167;17.756098;117.893938;7246.485273;0.000000;6.999621;47.003272;0.003089;552.198400;0.048818;12.115436;75.661488;2993.285468;0.000000;6.991471;46.927855;0.012285;10.028238;0.013989;14.134290;0.112610;0.074647;-0.019321;10.066169;-0.224071;0.999799;1.003922;10258.401277;3416.313251;0.551010;8.866600;5.973900;-0.878660;8.069500;4.647200;0.364696;8.429886;5.420662;10248.939754;0.364696;8.429886;5.420662;-0.009555;0.015036;-0.038604;3.048252;3.140945;3.046766;0.551010;8.866600;5.973900;-0.878660;8.069500;4.647200;22.061355;859.618400;552.198400
-0.173563;-0.158630;0.245732;0.060384;0.300846;0.099462;-0.182783;-0.530922;0.373630;7.027451;6.023529;0.178666;1.109120;8.302108;8.283200;0.117054;0.013702;8.302933;0.071296;1.221779;2.690435;0.121100;0.000000;10.541176;0.056900;0.678000;5.624537;5.640550;0.145636;0.021210;5.626422;0.074735;-0.504350;0.176929;0.189275;0.000000;10.541176;0.093350;0.813300;0.234412;-0.168272;-0.586568;17.703469;0.009310;1.629610;3.067947;6.152276;0.000000;3.577942;13.965084;1.688640;846.815000;0.071357;17.190284;116.173003;7031.048698;0.000000;7.000967;47.015641;0.001318;573.702800;0.054079;12.084134;78.648671;3227.894796;0.000000;6.999647;47.003528;0.003962;10.033899;0.006696;14.167746;0.063320;0.026167;0.111396;10.094551;-0.180418;0.975343;7.529412;10269.613617;3421.698590;0.353800;8.747500;5.973900;-0.755320;8.069500;5.160600;0.300846;8.302933;5.626422;10265.095770;0.300846;8.302933;5.626422;0.006809;-0.006082;-0.010098;3.172608;2.827875;2.929656;0.353800;8.747500;5.973900;-0.755320;8.069500;5.160600;17.703469;846.815000;573.702800
-0.142522;-0.123780;0.186280;0.034700;0.234548;0.067206;-0.408833;1.365258;0.148112;4.473786;7.953398;0.080980;1.082260;8.324496;8.329900;0.084102;0.007073;8.324921;0.059466;-0.151168;-0.314447;0.119000;0.000000;11.433010;0.061400;0.447500;5.569738;5.553500;0.119633;0.014312;5.571023;0.060719;-0.233484;0.346456;0.186850;0.000000;7.456311;0.086700;0.691900;0.144856;-0.256905;-0.590649;14.679812;0.108417;1.289734;2.453675;3.879269;0.000000;3.875689;16.238669;1.579122;857.423100;0.059943;17.116526;117.667815;7137.979533;0.000000;7.001149;47.017299;0.000689;573.683000;0.013754;11.814672;78.682615;3196.000996;0.000000;6.999933;47.006113;0.002661;10.019571;0.003805;14.079055;0.037038;0.015851;-0.116020;10.171891;-0.150657;0.981126;6.462136;10340.552263;3445.953266;0.353800;8.532200;5.852500;-0.728460;8.084700;5.160600;0.234548;8.324921;5.571023;10337.859797;0.234548;8.324921;5.571023;0.002292;-0.005781;-0.006001;2.841708;3.025467;2.906035;0.353800;8.532200;5.852500;-0.728460;8.084700;5.160600;14.679812;857.423100;573.683000
-0.144512;-0.125620;0.075938;0.005767;0.163249;0.036173;-0.632696;0.223042;0.090796;1.988350;8.947573;0.045400;0.381476;8.416632;8.411300;0.073462;0.005397;8.416953;0.049384;-0.270848;-0.446915;0.100800;0.000000;15.409709;0.051700;0.330300;5.428550;5.443000;0.107178;0.011487;5.429607;0.048666;0.145675;-0.537607;0.167550;0.000000;9.444660;0.080900;0.489900;0.056530;0.051445;-0.632316;14.884761;0.036538;0.781926;2.058525;2.448006;0.000000;6.196909;39.400189;0.681174;866.913100;0.041440;17.257960;118.976356;7296.766503;0.000000;7.001246;47.018198;0.000542;559.140600;0.110962;11.516113;76.686532;3035.914017;0.000000;7.000331;47.009793;0.002368;10.017472;0.002626;13.990190;0.014423;0.005890;0.122396;10.174684;-0.146872;0.997959;5.965049;10336.159765;3445.042842;0.018186;8.550100;5.714500;-0.363290;8.219800;5.224600;0.163249;8.416953;5.429607;10335.128526;0.163249;8.416953;5.429607;0.000318;0.000423;-0.005027;2.979101;3.111912;3.024512;0.018186;8.550100;5.714500;-0.363290;8.219800;5.224600;14.884761;866.913100;559.140600
-0.169408;-0.167275;0.076001;0.005776;0.185675;0.033635;-0.101675;-0.086254;0.095153;1.347368;8.757895;0.047910;0.381476;8.493062;8.490600;0.069838;0.004877;8.493349;0.045711;0.331264;0.313105;0.078950;0.000000;12.800000;0.041700;0.368600;5.302279;5.320100;0.105658;0.011164;5.303332;0.055371;-0.718179;0.381045;0.105300;0.000000;10.105263;0.050100;0.485200;-0.182055;0.461218;-0.513796;12.875019;0.036205;0.760319;2.024928;2.400767;0.000000;5.486295;29.863652;0.519363;645.472700;0.068417;17.033030;101.946977;5482.224954;0.000000;6.002081;34.025445;0.000481;402.973200;0.033273;11.027185;63.584649;2137.100669;0.000000;6.001415;34.020250;0.002443;10.014669;0.003190;13.965228;0.014759;0.004525;0.259939;7.530734;-0.114859;1.012695;5.389474;7622.433909;2540.575463;0.018186;8.689700;5.502500;-0.363290;8.321100;5.017300;0.185675;8.493349;5.303332;7621.726390;0.185675;8.493349;5.303332;-0.000979;0.003753;-0.003842;2.914219;2.903009;2.944318;0.018186;8.689700;5.502500;-0.363290;8.321100;5.017300;12.875019;645.472700;402.973200
0.422696;0.342240;0.190709;0.036370;0.463726;0.048564;0.916141;-0.563459;0.319640;0.000000;3.479612;0.081180;0.673550;9.023042;9.268200;0.566763;0.321221;9.040824;0.126947;-1.699403;1.905696;0.338500;0.000000;2.485437;0.113300;2.645700;0.233069;2.423200;3.777405;14.268785;3.784588;0.139296;-0.680869;-1.200534;7.162300;0.497087;0.497087;1.221000;10.639500;-0.367789;-0.783161;0.735478;43.537670;0.074899;1.914428;6.041317;20.276237;0.000000;6.324351;40.394954;0.491482;929.373300;0.018732;21.173963;127.258454;8402.316942;0.000000;6.986956;46.886023;0.018297;235.610096;4.212613;17.124298;34.254843;740.437508;0.497087;5.248870;29.458977;1.182386;9.806114;0.114781;12.908085;14.608293;0.151042;0.172216;9.655737;0.346802;1.544972;0.000000;9910.377835;3054.343562;0.875840;9.900400;3.792500;0.202290;7.254700;-6.847000;0.463726;9.040824;3.784588;9163.030686;0.463726;9.040824;3.784588;-0.040143;-0.569708;1.590017;2.922091;2.479960;2.790554;0.875840;9.900400;3.792500;0.202290;7.254700;-6.847000;43.537670;929.373300;235.610096
0.483796;0.530610;0.263008;0.069173;0.550665;0.114830;-0.526043;-0.215974;0.387535;1.988350;5.965049;0.193540;1.293940;8.317454;8.462000;1.040121;1.081853;8.382237;0.211889;0.312688;-0.746471;1.746650;0.000000;0.994175;0.874800;4.342100;-4.348006;-5.774300;2.862361;8.193111;5.205600;0.228647;1.000605;-0.284360;4.044900;0.497087;0.994175;1.040900;9.755000;0.265513;0.048738;0.641179;49.831038;0.080484;2.660356;6.908792;27.670510;0.000000;6.131848;38.821491;0.717185;856.697800;0.316068;21.171982;117.371916;7181.260266;0.000000;6.934132;46.384121;0.056472;447.844640;1.330140;18.969228;65.825225;2369.176511;0.000000;5.619558;32.398280;0.623832;9.862319;0.398061;13.532452;8.758497;0.614803;0.051585;9.263678;0.514831;2.052483;0.497087;10038.830206;3192.702429;1.009000;11.056000;2.423200;-0.284940;6.713900;-7.331800;0.550665;8.382237;5.205600;9578.107287;0.550665;8.382237;5.205600;0.073346;0.037051;1.927635;3.019996;3.028201;2.949213;1.009000;11.056000;2.423200;-0.284940;6.713900;-7.331800;49.831038;856.697800;447.844640
0.362061;0.337830;0.266870;0.071220;0.449787;0.127370;0.119702;-0.656937;0.411608;3.011765;10.039216;0.207775;1.293940;8.533706;8.563000;1.127196;1.270571;8.607828;0.192243;0.060129;-1.084653;1.990550;0.000000;4.015686;1.034200;4.342100;-1.608962;-2.230600;4.713817;22.220073;4.980846;0.231804;0.164857;-1.619091;9.866350;0.501961;0.501961;4.347350;12.654800;0.046384;-0.135264;0.524004;36.930264;0.017381;2.381612;5.261234;17.003315;0.000000;5.484777;32.836223;1.073028;870.438000;0.100968;21.272704;119.352453;7492.861444;0.000000;6.923095;46.277626;0.060831;306.717134;4.253687;22.678585;47.189199;1397.443248;0.501961;4.746570;23.872049;1.245034;9.938847;0.325162;13.415426;22.808642;0.917383;-0.022538;9.241918;0.398442;1.757151;3.011765;10092.217946;2969.102669;1.009000;11.056000;5.323000;-0.284940;6.713900;-7.331800;0.449787;8.607828;4.980846;8907.308007;0.449787;8.607828;4.980846;0.014091;-0.171843;2.811808;3.116777;3.090520;2.832789;1.009000;11.056000;5.323000;-0.284940;6.713900;-7.331800;36.930264;870.438000;306.717134
0.219340;0.201705;0.237060;0.056197;0.322966;0.082593;0.090060;0.129882;0.250490;3.011765;7.027451;0.127145;1.140840;9.088125;9.042750;0.460945;0.212471;9.099807;0.125659;0.368014;-0.035051;0.468950;0.000000;6.023529;0.236400;2.212900;3.539955;4.336300;1.848379;3.416505;3.993468;0.172428;-1.719251;1.786670;1.073350;0.501961;0.501961;0.339950;7.482600;-0.014352;-0.246294;-0.764610;22.372650;0.088515;1.820942;3.454267;7.773385;0.000000;4.288951;21.582844;1.542364;926.988800;0.253476;20.239814;127.030584;8435.429431;0.000000;6.991149;46.924718;0.012024;361.075392;2.105060;16.655472;50.712360;1452.506900;0.000000;6.103979;38.050083;0.571584;9.939781;0.059341;13.113368;3.582209;0.097418;-0.277170;9.676257;0.278126;1.199362;1.003922;10080.549675;3298.569905;0.793990;10.248000;5.323000;-0.346850;8.035100;-2.159600;0.322966;9.099807;3.993468;9895.709716;0.322966;9.099807;3.993468;-0.001584;-0.108989;-0.657899;3.036221;2.981506;2.547486;0.793990;10.248000;5.323000;-0.346850;8.035100;-2.159600;22.372650;926.988800;361.075392
-0.176762;-0.294160;0.440158;0.193739;0.474325;0.272025;0.293270;-0.583522;0.620880;9.374648;9.374648;0.327750;2.000100;8.075294;7.677800;1.587644;2.520614;8.229884;0.577554;0.894377;1.240104;2.346900;0.000000;2.884507;0.935700;8.594100;-4.597825;-4.952200;3.299287;10.885297;5.659089;0.807157;0.036266;-1.437146;6.045250;5.769014;1.442254;2.967300;10.908340;0.562411;0.664538;0.472717;16.389602;0.213403;2.878612;3.106957;9.096128;0.721127;3.061548;9.636315;2.102152;573.345900;1.203787;24.466499;93.322735;4719.418696;0.000000;5.644928;30.241670;0.131915;326.445543;0.687005;21.819165;56.975714;1887.367374;0.000000;4.565171;20.476562;0.680152;9.876605;2.433933;13.106338;11.823241;1.877754;-0.090051;6.580149;-0.245336;2.088389;0.000000;7012.265137;2205.294066;0.731500;13.929000;0.313340;-1.268600;5.334900;-10.595000;0.474325;8.229884;5.659089;6615.882198;0.474325;8.229884;5.659089;0.398635;0.978833;2.511509;3.039011;2.742865;2.932882;0.731500;13.929000;0.313340;-1.268600;5.334900;-10.595000;16.389602;573.345900;326.445543
0.077037;0.059702;0.286231;0.081928;0.296417;0.168100;0.137156;0.250664;0.283030;13.897143;15.360000;0.143147;1.373680;9.463690;9.739700;1.168571;1.365559;9.535564;0.438649;-0.298390;3.635790;0.610175;0.000000;8.045714;0.284400;8.263800;-1.820039;-0.712090;2.771631;7.681941;3.315793;0.606899;-2.012104;2.710901;1.316187;7.314286;3.657143;0.450835;11.257670;0.276643;0.565178;0.239704;7.273933;0.292202;2.049142;1.478437;3.283590;0.731429;1.672341;2.976574;2.806172;662.458300;0.757586;25.621486;107.829263;6317.285364;0.000000;5.716159;30.797116;0.064820;127.402733;0.811724;17.234192;26.014308;500.791679;0.000000;2.800109;7.701708;1.723345;10.002391;1.961497;11.545029;7.916013;1.291156;-0.285836;6.676020;0.044791;1.760795;0.731429;7072.137416;2273.786878;0.731500;13.929000;0.662670;-0.642180;5.665200;-10.595000;0.296417;9.535564;3.315793;6821.360633;0.296417;9.535564;3.315793;0.093873;0.454868;0.787616;2.994213;2.121998;2.266063;0.731500;13.929000;0.662670;-0.642180;5.665200;-10.595000;7.273933;662.458300;127.402733
0.029158;0.019067;0.103762;0.010767;0.107781;0.075646;0.791864;3.934280;0.102775;15.221622;17.297297;0.048606;0.708380;9.804804;9.815100;0.174758;0.030540;9.806361;0.148667;-0.198309;0.815855;0.174525;0.000000;20.064865;0.088350;0.945500;-0.559078;-0.532585;0.306132;0.093717;0.637405;0.273148;0.035534;2.930388;0.301652;1.383784;20.064865;0.153830;2.049570;0.072455;0.467496;0.018114;2.280588;0.097455;0.835783;0.463587;0.469067;2.075676;1.161069;1.917780;3.142168;725.555500;0.193603;20.344982;115.938492;7115.064700;0.000000;5.917944;33.023806;0.002042;41.371770;0.386213;3.289173;6.408226;26.643145;0.000000;5.506522;29.832066;0.792112;9.826127;0.029860;10.457807;0.097636;0.030995;0.037590;7.200904;0.027431;1.627755;17.297297;7146.016022;2380.725637;0.482820;10.229000;0.662670;-0.225560;9.283500;-1.386900;0.107781;9.806361;0.637405;7142.176912;0.107781;9.806361;0.637405;0.001332;0.015053;0.000982;2.637588;2.851328;2.651824;0.482820;10.229000;0.662670;-0.225560;9.283500;-1.386900;2.280588;725.555500;41.371770
0.022123;0.017218;0.083108;0.006907;0.086002;0.073007;1.217487;3.547580;0.067315;20.884211;20.884211;0.034545;0.508810;9.799696;9.797550;0.118672;0.014083;9.800415;0.131591;-0.737276;3.730382;0.139775;0.000000;24.926316;0.063800;0.858500;-0.450654;-0.457640;0.249277;0.062139;0.515003;0.237745;0.331047;3.067262;0.267290;2.694737;20.210526;0.134510;1.689670;-0.267222;0.564632;-0.269541;1.681322;0.065028;0.681933;0.346791;0.300349;0.000000;0.663458;0.235887;3.255176;744.776900;0.130165;19.982876;117.578191;7299.130345;0.000000;6.002019;34.024965;0.001018;34.249674;0.345847;2.746051;5.210441;17.801187;0.000000;5.650677;31.275102;0.816374;9.813550;0.014988;10.327430;0.066736;0.013028;-0.290839;7.374017;0.016950;1.616750;20.210526;7319.814846;2439.077294;0.337910;10.142000;0.457470;-0.170900;9.283500;-1.232200;0.086002;9.800415;0.515003;7317.231882;0.086002;9.800415;0.515003;-0.002671;0.011853;-0.008080;2.637613;2.618292;2.617763;0.337910;10.142000;0.457470;-0.170900;9.283500;-1.232200;1.681322;744.776900;34.249674
0.016398;0.005194;0.079501;0.006320;0.081175;0.075550;1.586679;4.844907;0.056814;25.600000;26.983784;0.025817;0.508810;9.812843;9.812400;0.100221;0.010044;9.813355;0.116938;-0.196738;-0.080830;0.133675;0.000000;27.675676;0.067800;0.478400;-0.403334;-0.404050;0.243037;0.059067;0.470899;0.241183;0.739035;1.951371;0.189125;5.535135;22.832432;0.097460;1.409790;-0.191209;0.665216;-0.270737;1.854808;0.021064;0.600023;0.367384;0.254188;15.913514;1.107638;1.640932;3.069612;726.150400;0.136221;19.803800;116.123657;7125.972700;0.000000;5.918204;33.025800;0.000718;29.846743;0.074881;2.653991;4.550725;14.251422;0.000000;5.591840;30.561528;0.948083;9.824457;0.010325;10.293516;0.063761;0.009303;-0.221957;7.192815;0.014785;1.611876;8.994595;7142.858689;2380.159437;0.337910;10.052000;0.457470;-0.170900;9.573600;-0.952320;0.081175;9.813355;0.470899;7140.478311;0.081175;9.813355;0.470899;-0.001544;0.013029;-0.006685;2.489976;3.067758;2.774344;0.337910;10.052000;0.457470;-0.170900;9.573600;-0.952320;1.854808;726.150400;29.846743
0.007145;0.001735;0.065884;0.004341;0.066271;0.068011;0.034834;2.365595;0.051494;26.273684;26.273684;0.028781;0.404010;9.825033;9.835250;0.088719;0.007871;9.825433;0.101903;-0.577796;0.341392;0.098225;0.000000;25.600000;0.050000;0.478400;-0.397655;-0.379365;0.196073;0.038445;0.443367;0.210171;-0.573175;1.664780;0.143473;4.042105;22.905263;0.073555;1.115890;-0.207054;0.557011;-0.390693;1.203041;0.111369;0.513218;0.262908;0.170632;19.536842;0.740123;0.100580;3.244074;746.702500;0.140290;19.797203;117.920249;7336.677084;0.000000;6.002090;34.025516;0.000580;30.221805;0.228918;2.236165;4.628907;13.561334;0.000000;5.656729;31.267387;0.699476;9.835226;0.008441;10.273716;0.041875;0.006540;-0.261570;7.391788;0.007508;1.611248;22.905263;7351.930150;2450.136350;0.215470;10.052000;0.118770;-0.188540;9.573600;-0.997120;0.066271;9.825433;0.443367;7350.409050;0.066271;9.825433;0.443367;-0.001226;0.007292;-0.006887;2.686217;2.915868;2.550799;0.215470;10.052000;0.118770;-0.188540;9.573600;-0.997120;1.203041;746.702500;30.221805
0.013407;0.019284;0.068141;0.004643;0.069447;0.071908;-0.497573;2.587420;0.048831;25.941333;25.941333;0.024538;0.403150;9.831540;9.837400;0.070320;0.004945;9.831791;0.084880;-0.718392;0.228723;0.090100;0.000000;27.989333;0.047400;0.317200;-0.373543;-0.331440;0.188146;0.035399;0.418251;0.202547;-0.979340;2.521669;0.145270;2.730667;24.576000;0.062030;1.151500;-0.174351;0.696954;-0.301871;1.029532;0.055889;0.544433;0.271765;0.187600;15.701333;-0.157726;-0.913421;3.293483;737.365500;0.034230;19.921414;117.947469;7249.623840;0.000000;5.918302;33.026555;0.000377;28.015759;0.190104;2.139456;4.324062;11.792559;0.000000;5.627706;30.756828;0.703571;9.840656;0.005379;10.258322;0.038821;0.004532;-0.257920;7.303820;0.008066;1.608772;23.210667;7263.089286;2420.534666;0.203920;9.956500;0.154380;-0.199230;9.639300;-0.997120;0.069447;9.831791;0.418251;7261.603998;0.069447;9.831791;0.418251;-0.000847;0.009056;-0.004048;2.649308;3.034225;2.440193;0.203920;9.956500;0.154380;-0.199230;9.639300;-0.997120;1.029532;737.365500;28.015759
0.034030;0.032649;0.072544;0.005263;0.080130;0.075218;0.369169;4.312240;0.068541;21.211429;29.988571;0.036009;0.510910;9.818510;9.825500;0.083589;0.006987;9.818866;0.090281;-1.159864;2.872042;0.086625;0.000000;28.525714;0.048650;0.504200;-0.304441;-0.288245;0.195041;0.038041;0.361560;0.196106;0.149568;3.121760;0.129905;3.657143;27.062857;0.060890;1.261340;-0.205389;0.759334;-0.377475;2.382125;0.074948;0.531052;0.483772;0.265398;0.000000;1.757944;3.744522;2.557057;687.295700;0.148847;19.730080;112.839497;6748.471667;0.000000;5.746998;31.028195;0.000541;21.310896;0.020523;1.880023;3.416302;7.820026;0.000000;5.100783;26.093700;0.934612;9.825479;0.007231;10.202167;0.042969;0.006048;-0.249201;6.816475;0.017859;1.601793;21.942857;6758.063840;2252.185697;0.311680;10.009000;0.386120;-0.199230;9.504800;-0.875220;0.080130;9.818866;0.361560;6756.557092;0.080130;9.818866;0.361560;-0.001264;0.010900;-0.006243;2.437100;2.734553;2.425886;0.311680;10.009000;0.386120;-0.199230;9.504800;-0.875220;2.382125;687.295700;21.310896
0.048418;0.056454;0.076326;0.005826;0.090388;0.083070;0.318571;2.984200;0.071655;15.864789;31.008451;0.035840;0.486610;9.817011;9.827100;0.100692;0.010139;9.817528;0.114544;-0.770751;1.122815;0.110900;0.000000;28.845070;0.058500;0.504200;-0.221949;-0.245030;0.207412;0.043020;0.303777;0.213624;0.427363;2.800621;0.145865;7.932394;23.797183;0.061910;1.334610;-0.166084;0.675995;-0.374623;3.437663;0.045957;0.625095;0.587706;0.373255;0.000000;3.035711;11.854899;2.340880;697.007800;0.130520;20.098841;114.419155;6842.893358;0.000000;5.746944;31.027792;0.000736;15.758349;0.097854;1.849405;2.547469;5.024738;0.000000;4.511755;21.747934;1.490835;9.822122;0.010220;10.147921;0.048222;0.008703;-0.188499;6.903163;0.032104;1.593401;23.797183;6850.022478;2282.763784;0.311680;10.009000;0.508270;-0.174930;9.504800;-0.826340;0.090388;9.817528;0.303777;6848.291351;0.090388;9.817528;0.303777;-0.001295;0.010854;-0.007936;2.520733;2.944785;2.562510;0.311680;10.009000;0.508270;-0.174930;9.504800;-0.826340;3.437663;697.007800;15.758349
0.054816;0.052765;0.073368;0.005383;0.091585;0.077553;0.522731;2.721953;0.081253;14.628571;29.257143;0.040993;0.450770;9.814855;9.828000;0.097583;0.009523;9.815340;0.112009;-0.753699;0.909474;0.103675;0.000000;30.171429;0.055650;0.470300;-0.130603;-0.110645;0.195828;0.038349;0.235384;0.166779;0.548220;2.845396;0.191640;10.057143;15.542857;0.094529;1.129890;-0.176129;0.643726;-0.392646;3.069715;0.073692;0.567912;0.541853;0.319067;0.000000;3.332823;12.811724;2.046502;549.631900;0.113299;19.564667;100.173929;5394.824540;0.000000;5.102416;24.035029;0.000681;7.313778;0.103013;1.456423;1.341209;2.030005;0.000000;2.860349;9.789175;2.162903;9.818110;0.009418;10.065128;0.043281;0.008013;-0.180066;5.470258;0.027767;1.584102;21.942857;5398.399886;1799.057871;0.302690;10.001000;0.508270;-0.148080;9.530700;-0.621620;0.091585;9.815340;0.235384;5397.173612;0.091585;9.815340;0.235384;-0.001284;0.009417;-0.007640;2.603040;2.943744;2.587629;0.302690;10.001000;0.508270;-0.148080;9.530700;-0.621620;3.069715;549.631900;7.313778
0.199341;0.221990;0.276888;0.076667;0.341180;0.103616;0.259130;-0.008290;0.406384;5.467961;7.953398;0.204575;1.360770;8.837201;8.130700;1.618902;2.620843;8.984262;0.335494;1.111764;1.522857;2.395500;0.000000;1.491262;0.950000;8.287200;2.516216;4.342200;4.351112;18.932178;5.026283;0.248401;-0.416976;-1.544119;9.031650;0.497087;0.497087;2.392600;12.313600;0.397110;-0.259293;-0.717936;20.532153;0.055399;2.095544;3.396552;8.041255;0.000000;3.471845;14.583529;1.908762;910.231700;0.527875;25.295809;124.742069;8178.873870;0.000000;6.863458;45.709246;0.111713;291.608874;3.623227;21.208243;52.661090;1627.135504;0.497087;4.396632;18.439490;1.125888;10.239194;1.255788;13.753659;20.578650;1.198369;0.268553;9.610922;0.258502;1.293407;3.479612;10863.306470;3271.350210;1.033800;14.670000;7.714300;-0.326970;6.382800;-4.599300;0.341180;8.984262;5.026283;9814.050629;0.341180;8.984262;5.026283;0.179752;-0.315451;-5.106736;3.044743;2.697315;2.730012;1.033800;14.670000;7.714300;-0.326970;6.382800;-4.599300;20.532153;910.231700;291.608874
0.069692;0.005508;0.249895;0.062447;0.259431;0.080515;1.507932;2.956662;0.224568;9.035294;7.027451;0.102333;1.360770;7.646122;7.652100;0.344769;0.118866;7.653891;0.146717;-0.613474;2.932571;0.210150;0.000000;12.047059;0.121100;2.248500;6.420710;6.499700;0.578982;0.335220;6.446762;0.152210;-2.846021;11.221494;0.252075;0.000000;10.541176;0.123500;4.103200;0.533167;-0.129073;0.147326;9.343946;0.080124;1.627187;2.138050;3.680272;1.003922;1.785833;2.510884;2.519029;779.904400;0.165310;17.300656;106.816256;5969.306968;0.000000;6.995214;46.962797;0.010737;654.912400;0.110845;16.496263;89.496941;4222.108947;0.000000;6.976985;46.794836;0.037524;9.999745;0.215171;14.237507;0.343089;0.144617;0.202793;9.971859;0.110346;0.872292;4.517647;10210.455518;3398.365395;1.033800;8.631300;7.714300;-0.326970;6.382800;3.611100;0.259431;7.653891;6.446762;10195.096186;0.259431;7.653891;6.446762;0.046390;-0.018860;0.029700;2.789548;2.566351;2.007257;1.033800;8.631300;7.714300;-0.326970;6.382800;3.611100;9.343946;779.904400;654.912400
-0.014560;-0.030382;0.078326;0.006135;0.079668;0.034338;0.789319;0.085355;0.084831;7.027451;9.035294;0.046394;0.344180;7.626501;7.603450;0.093109;0.008669;7.627069;0.064029;0.782813;0.951126;0.102050;0.000000;17.568627;0.056950;0.534800;6.550517;6.572000;0.124805;0.015576;6.551705;0.080218;-0.971368;1.085849;0.149050;0.000000;14.556863;0.072650;0.611800;0.221403;-0.254432;-0.510395;3.048184;0.028814;0.511526;0.628154;0.334552;2.509804;2.502936;6.277573;2.406875;777.903100;0.019333;15.737195;106.725759;5933.121933;0.000000;7.001158;47.017389;0.001030;668.152700;0.046576;13.827739;91.626997;4377.539963;0.000000;7.000644;47.012680;0.002320;10.054734;0.005712;14.241537;0.019830;0.005621;-0.066350;10.109645;0.002841;0.861149;6.023529;10312.254385;3436.998816;0.195990;7.967400;6.754100;-0.148190;7.432600;6.142300;0.079668;7.627069;6.551705;10310.996448;0.079668;7.627069;6.551705;0.001631;-0.002512;-0.005990;3.076378;2.846162;3.020187;0.195990;7.967400;6.754100;-0.148190;7.432600;6.142300;3.048184;777.903100;668.152700
-0.049340;-0.052834;0.042360;0.001794;0.065029;0.028152;0.198040;-0.285376;0.060303;4.015686;12.047059;0.029080;0.213878;7.537302;7.529600;0.079609;0.006338;7.537722;0.054211;0.288050;0.175216;0.099400;0.000000;9.537255;0.050050;0.409800;6.655645;6.656350;0.097211;0.009450;6.656355;0.069578;-0.492476;0.919896;0.143625;0.000000;13.552941;0.072300;0.587400;-0.037147;-0.097289;-0.364339;5.032662;0.012835;0.415806;0.702632;0.339828;0.000000;5.488267;32.950530;1.390802;768.804800;0.106942;15.424869;105.495320;5795.037611;0.000000;7.001188;47.017659;0.000774;678.875800;0.072803;13.797484;93.131654;4518.838532;0.000000;7.000917;47.015183;0.001397;10.056025;0.004901;14.247848;0.011233;0.004753;-0.121701;10.113689;-0.047017;0.847438;7.529412;10314.862074;3438.071990;0.067408;7.747400;6.878400;-0.146470;7.337600;6.291000;0.065029;7.537722;6.656355;10314.215971;0.065029;7.537722;6.656355;-0.000127;-0.000405;-0.002847;2.852670;2.959079;2.790277;0.067408;7.747400;6.878400;-0.146470;7.337600;6.291000;5.032662;768.804800;678.875800
1.129566;1.041400;0.335873;0.112810;1.178444;0.078645;0.990988;0.051490;0.336225;0.000000;4.970874;0.173200;1.407160;9.610825;9.543700;0.488656;0.238785;9.623240;0.188906;0.401305;-0.607564;0.759400;0.000000;7.456311;0.399700;2.059800;-1.190450;-1.703900;1.221679;1.492500;1.705776;0.141326;0.806740;-0.886653;1.890095;1.491262;2.485437;0.579500;3.810100;0.327987;0.527137;0.108616;116.345290;0.094401;3.902192;16.018511;137.229414;0.000000;6.655709;43.700440;0.250811;989.915000;0.043079;21.818795;135.621308;9526.197483;0.000000;6.991677;46.930164;0.012881;122.616401;0.386812;7.817539;19.500407;222.832518;0.000000;4.652410;22.372436;1.091047;9.831290;0.250894;12.304875;1.544659;0.248441;0.251422;9.821031;1.231199;1.694034;0.994175;9968.309285;3295.419805;2.011400;10.801000;1.287100;0.604240;8.741200;-2.523000;1.178444;9.623240;1.705776;9886.259415;1.178444;9.623240;1.705776;0.054359;0.218420;0.065477;3.018732;3.176815;3.003354;2.011400;10.801000;1.287100;0.604240;8.741200;-2.523000;116.345290;989.915000;122.616401
0.976880;0.944370;0.169030;0.028571;0.991396;0.050895;1.558461;4.101973;0.103175;0.000000;7.456311;0.056920;1.038160;9.590080;9.535900;0.336984;0.113558;9.595998;0.119269;1.286861;2.960719;0.262800;0.000000;10.438835;0.120700;1.821800;-2.092350;-2.077000;0.190074;0.036128;2.100965;0.081299;0.009236;0.932345;0.184350;0.000000;8.450485;0.095700;1.042000;0.508005;-0.494379;-0.246667;100.618680;0.082763;2.946749;13.745028;99.763835;0.000000;6.895772;46.034576;0.111381;987.778200;0.102870;21.011326;135.401923;9478.719810;0.000000;6.996994;46.979045;0.006503;215.512000;0.035801;5.310303;29.473162;452.787021;0.000000;6.972975;46.755285;0.035405;9.866987;0.122676;12.659310;0.128079;0.038037;0.549223;10.014603;1.011855;1.785609;3.479612;10034.133097;3343.756889;1.642400;10.801000;-1.481000;0.604240;8.979200;-2.523000;0.991396;9.595998;2.100965;10031.270666;0.991396;9.595998;2.100965;0.029220;-0.016039;-0.015954;2.506910;2.723483;2.813502;1.642400;10.801000;-1.481000;0.604240;8.979200;-2.523000;100.618680;987.778200;215.512000
0.933619;0.932095;0.044108;0.001946;0.934661;0.033521;0.553943;1.185793;0.047445;0.000000;15.560784;0.023875;0.261220;9.552886;9.536050;0.084589;0.007155;9.553261;0.067446;0.656200;0.214180;0.097000;0.000000;15.560784;0.049750;0.392100;-2.051193;-2.041200;0.071395;0.005097;2.052435;0.067371;-0.133041;0.263870;0.085950;0.000000;18.572549;0.048350;0.402800;0.006748;0.129181;-0.095904;95.229170;0.018481;2.194635;13.029788;89.007578;0.000000;6.997475;46.983617;0.012395;974.394400;0.096786;19.445036;133.720432;9308.644098;0.000000;7.001274;47.018450;0.000567;209.221700;0.055145;4.664688;28.645367;429.416182;0.000000;7.000139;47.008056;0.007301;9.815478;0.007258;12.537699;0.007381;0.005047;-0.015807;9.832548;0.942360;1.782305;6.525490;9827.419636;3275.689286;1.085700;9.795600;-1.860600;0.824480;9.403500;-2.263400;0.934661;9.553261;2.052435;9827.067857;0.934661;9.553261;2.052435;0.000025;0.000411;-0.000585;2.755753;3.049196;2.948732;1.085700;9.795600;-1.860600;0.824480;9.403500;-2.263400;95.229170;974.394400;209.221700
0.923412;0.920065;0.050151;0.002515;0.924773;0.031804;1.116005;3.881149;0.070400;0.000000;10.541176;0.035155;0.334130;9.547125;9.546150;0.060595;0.003672;9.547317;0.056623;0.352369;0.247574;0.074300;0.000000;18.070588;0.037350;0.310200;-2.056554;-2.052250;0.064393;0.004147;2.057562;0.050898;-0.269048;0.038609;0.087125;0.000000;13.552941;0.047700;0.358400;-0.034460;-0.103421;0.026567;94.188060;0.021850;2.211142;12.882790;87.102761;0.000000;6.995574;46.966183;0.015800;973.806700;0.144331;19.260698;133.663470;9297.241964;0.000000;7.001352;47.019168;0.000309;209.768500;0.056302;4.571743;28.735398;431.612200;0.000000;6.999802;47.004971;0.005881;9.810015;0.003638;12.527091;0.004281;0.003687;-0.010190;9.822491;0.929840;1.782965;6.023529;9816.298058;3271.985642;1.159100;9.725600;-1.892300;0.824970;9.415400;-2.250700;0.924773;9.547317;2.057562;9815.956926;0.924773;9.547317;2.057562;-0.000106;-0.000337;0.000105;2.660976;2.992454;2.896123;1.159100;9.725600;-1.892300;0.824970;9.415400;-2.250700;94.188060;973.806700;209.768500
-0.319521;-0.226600;0.193789;0.037554;0.373695;0.064295;-1.526227;1.727895;0.227230;0.000000;1.988350;0.051230;0.904523;9.285792;9.683800;0.742586;0.551433;9.315437;0.134120;-1.353591;0.489397;0.745750;0.000000;3.479612;0.140200;2.820800;-0.260043;1.079500;2.511007;6.305157;2.524436;0.138064;-1.226835;0.063208;2.945500;0.497087;0.497087;0.606300;8.559900;0.474419;0.500939;0.956632;32.910687;0.110912;1.696856;4.666975;12.449698;0.000000;5.868802;35.722200;0.723752;956.436600;0.412537;22.416815;130.940778;8909.670369;0.000000;6.976542;46.788125;0.027280;138.033115;2.729280;13.379492;21.862574;331.680708;0.497087;4.239046;19.416693;1.656713;9.652720;0.114789;11.590636;6.889622;0.043810;0.745727;9.828869;-0.257514;1.598793;0.000000;9602.937577;3084.600258;-0.021387;9.955900;1.906400;-0.925910;7.135100;-6.653500;0.373695;9.315437;2.524436;9253.800775;0.373695;9.315437;2.524436;0.068940;0.246149;1.801260;2.548247;2.586430;2.630534;-0.021387;9.955900;1.906400;-0.925910;7.135100;-6.653500;32.910687;956.436600;138.033115
-0.126468;-0.259260;0.494324;0.244356;0.510245;0.195002;0.845812;0.675075;0.583838;5.521569;5.521569;0.287562;2.453610;8.225960;8.087250;1.033453;1.068025;8.290624;0.202520;-0.032501;-1.208271;1.923225;0.000000;3.011765;0.932400;3.651000;-4.336791;-5.763450;2.977282;8.864208;5.260415;0.251949;0.646464;-1.099855;5.069750;0.501961;1.003922;1.478700;9.695200;-0.233156;-0.449735;0.838064;25.491502;0.085832;3.241364;4.140319;14.095408;0.501961;3.295347;13.899402;2.252879;839.047900;0.231706;19.858097;115.113034;6956.455282;0.000000;6.928898;46.322846;0.050527;442.352657;0.484937;19.066147;65.469409;2370.466649;0.000000;5.578125;31.660156;0.629337;9.816042;0.312063;13.208970;9.783109;0.338051;0.553615;9.043035;-0.301589;2.055973;0.000000;9844.118001;3113.672446;1.527700;9.955900;1.283900;-0.925910;6.304900;-8.411300;0.510245;8.290624;5.260415;9341.017338;0.510245;8.290624;5.260415;-0.120290;-0.668447;2.604153;2.908221;3.294031;3.024087;1.527700;9.955900;1.283900;-0.925910;6.304900;-8.411300;25.491502;839.047900;442.352657
0.030348;0.033112;0.461897;0.213349;0.462893;0.221406;0.563758;0.473174;0.609495;9.035294;11.043137;0.317110;2.409430;8.583954;9.070700;1.157053;1.338772;8.661584;0.177234;-0.520529;-1.227763;2.076525;0.000000;0.501961;0.684950;3.841100;-3.010886;-3.756000;3.986945;15.895731;4.996115;0.269617;0.302337;-1.537646;7.724662;0.501961;0.501961;3.339050;11.720400;-0.202370;-0.311962;0.798920;15.928502;0.213873;3.233523;3.327853;10.976217;0.501961;1.602967;2.603056;2.821776;875.563300;0.364583;21.700026;120.023442;7584.107055;0.000000;6.921999;46.260326;0.060683;307.110380;2.521660;22.412957;53.867331;1735.387825;0.000000;4.424103;18.891489;1.149703;10.001214;0.174193;13.256710;16.962493;0.466396;0.236544;9.603834;0.089725;1.908146;0.000000;10211.393212;3110.157033;1.527700;10.146000;3.309100;-0.881730;6.304900;-8.411300;0.462893;8.661584;4.996115;9330.471098;0.462893;8.661584;4.996115;-0.109225;-0.580185;3.721994;2.931172;3.106772;2.995911;1.527700;10.146000;3.309100;-0.881730;6.304900;-8.411300;15.928502;875.563300;307.110380
-0.366009;-0.464205;0.406439;0.165192;0.546951;0.124967;0.577767;0.637092;0.486294;4.517647;4.517647;0.192205;2.220600;9.426768;9.435850;0.270064;0.072934;9.430635;0.133519;-0.036783;0.187530;0.334125;0.000000;10.541176;0.168550;1.383400;1.984433;3.094650;2.071254;4.290094;2.868461;0.180259;-1.411217;0.719851;2.371060;0.501961;0.501961;0.369550;7.445000;0.154306;-0.423821;-0.230462;37.332951;0.075477;3.146723;5.781667;22.089567;0.000000;4.283041;21.174511;1.560385;961.530300;0.092230;20.440027;131.791988;9067.842972;0.000000;6.999252;46.999909;0.004790;202.412120;1.713059;14.734641;31.625305;620.568779;0.000000;4.627766;22.657150;1.244340;9.869790;0.051358;12.574014;4.367514;0.136413;-0.033998;9.582081;-0.252786;1.363315;3.513725;9938.720807;3236.833773;1.015700;10.146000;3.633800;-1.204900;8.762600;-3.811200;0.546951;9.430635;2.868461;9710.501318;0.546951;9.430635;2.868461;0.017105;-0.360321;-0.130190;2.788482;3.079709;2.453033;1.015700;10.146000;3.633800;-1.204900;8.762600;-3.811200;37.332951;961.530300;202.412120
-0.592786;-0.571850;0.210733;0.044408;0.629129;0.060367;0.385171;4.861074;0.083165;0.994175;11.930097;0.045750;1.453580;9.311107;9.317500;0.132109;0.017453;9.312044;0.078664;-0.039434;0.835759;0.145100;0.000000;17.398058;0.073400;0.719200;3.446686;3.474400;0.152505;0.023258;3.450059;0.119199;-0.847766;1.075104;0.183600;0.000000;14.415534;0.092500;0.814800;0.305047;-0.003801;-0.111689;61.056984;0.067813;2.512850;8.361047;38.480769;0.000000;6.599274;43.232232;0.373799;959.044000;0.019089;19.472395;131.569002;8930.659928;0.000000;7.000959;47.015566;0.001337;355.008700;0.157304;8.072785;48.588879;1224.801431;0.000000;6.997763;46.986155;0.010766;9.949750;0.015346;13.359263;0.047344;0.023984;0.292313;10.078247;-0.609889;1.216267;3.976699;10197.535429;3397.980709;0.248680;9.657800;3.772400;-1.204900;8.938600;2.957600;0.629129;9.312044;3.450059;10193.942128;0.629129;9.312044;3.450059;0.008576;-0.000123;-0.002272;2.179081;2.918646;2.959435;0.248680;9.657800;3.772400;-1.204900;8.938600;2.957600;61.056984;959.044000;355.008700
-0.580752;-0.583270;0.038951;0.001517;0.582056;0.032483;-0.001415;2.442903;0.041405;0.000000;22.866019;0.023200;0.274620;9.271689;9.273100;0.077373;0.005987;9.272012;0.059791;-0.222433;-0.147006;0.093050;0.000000;17.398058;0.047000;0.384900;3.586907;3.578000;0.122450;0.014994;3.588996;0.111298;-0.154510;0.313445;0.136450;0.000000;16.900971;0.084200;0.683800;-0.202356;-0.013669;-0.061084;59.817410;0.070990;1.504740;8.167042;34.817190;0.000000;6.997032;46.979610;0.023992;954.984000;0.048760;19.001825;131.064473;8854.623261;0.000000;7.001275;47.018460;0.000505;369.451400;0.010236;8.130765;50.599519;1325.959931;0.000000;6.999457;47.001797;0.006838;9.959071;0.006807;13.439348;0.015178;0.006092;-0.186938;10.091001;-0.594284;1.201663;5.965049;10216.208438;3405.133461;-0.426220;9.453800;3.932800;-0.700840;9.068900;3.249000;0.582056;9.272012;3.588996;10215.400382;0.582056;9.272012;3.588996;-0.000616;-0.000066;-0.000584;2.587808;3.045241;2.953935;-0.426220;9.453800;3.932800;-0.700840;9.068900;3.249000;59.817410;954.984000;369.451400
-0.580282;-0.581675;0.042792;0.001831;0.581858;0.033243;0.594446;1.666541;0.047010;0.000000;19.576471;0.023130;0.271800;9.219176;9.225100;0.082763;0.006850;9.219548;0.051789;0.053319;0.552275;0.088525;0.000000;14.054902;0.047400;0.454400;3.724895;3.730450;0.130948;0.017147;3.727196;0.093539;-0.398227;0.472269;0.159375;0.000000;13.552941;0.079650;0.695700;-0.140654;-0.151071;-0.357099;59.188760;0.039958;1.492539;8.082512;34.439640;0.000000;6.992160;46.934960;0.027846;940.356000;0.102954;18.719202;129.056026;8669.657386;0.000000;7.001221;47.017965;0.000571;379.939300;0.138500;8.298192;52.047013;1416.108641;0.000000;6.998541;46.993308;0.006910;9.961172;0.005675;13.524354;0.018648;0.005755;-0.245970;9.999412;-0.582817;1.186814;7.027451;10121.233235;3373.401889;-0.426220;9.453800;4.041100;-0.698020;8.999400;3.345400;0.581858;9.219548;3.727196;10120.205667;0.581858;9.219548;3.727196;-0.000503;-0.000855;-0.003908;2.636893;2.951519;3.010872;-0.426220;9.453800;4.041100;-0.698020;8.999400;3.345400;59.188760;940.356000;379.939300
-0.589213;-0.590470;0.048068;0.002311;0.591170;0.034802;0.227973;0.209178;0.059578;0.000000;18.070588;0.032720;0.248850;9.157384;9.165800;0.067956;0.004618;9.157636;0.037206;-0.224530;-0.384492;0.094725;0.000000;10.541176;0.044550;0.312400;3.870475;3.859750;0.111533;0.012440;3.872082;0.072250;0.257145;-0.070580;0.151450;0.000000;12.047059;0.073750;0.571400;-0.025842;-0.123082;-0.260215;60.099720;0.037020;1.551978;8.202658;35.529379;0.000000;6.989910;46.914061;0.033077;934.053200;0.026910;18.450663;128.210859;8553.720317;0.000000;7.001254;47.018268;0.000395;394.788500;0.078526;8.407342;54.109576;1528.662181;0.000000;6.999234;46.999690;0.004795;9.959939;0.004424;13.617073;0.013073;0.004219;-0.104481;9.993094;-0.589666;1.170908;7.027451;10118.664978;3372.637292;-0.449170;9.311800;4.162800;-0.698020;8.999400;3.591400;0.591170;9.157636;3.872082;10117.911876;0.591170;9.157636;3.872082;-0.000085;-0.000666;-0.001992;2.843756;3.140139;3.005523;-0.449170;9.311800;4.162800;-0.698020;8.999400;3.591400;60.099720;934.053200;394.788500
-0.602654;-0.602800;0.041852;0.001752;0.604106;0.034124;0.153275;0.808467;0.049138;0.000000;17.568627;0.024365;0.261970;9.121044;9.121850;0.068006;0.004625;9.121298;0.044312;0.429876;0.691002;0.074625;0.000000;9.537255;0.039150;0.388900;3.973565;3.993450;0.117615;0.013833;3.975305;0.086293;-0.048119;0.086336;0.179525;0.000000;13.552941;0.085000;0.635500;0.001679;0.025423;-0.561723;61.470750;0.048107;1.537914;8.395042;37.135096;0.000000;6.994214;46.953770;0.025147;930.346500;0.057619;18.445769;127.692235;8485.968349;0.000000;7.001299;47.018682;0.000411;405.303600;0.164665;8.744194;55.533639;1611.207787;0.000000;6.999747;47.004437;0.005192;9.968112;0.002808;13.697263;0.015818;0.002826;0.023111;10.005610;-0.601207;1.159941;4.015686;10135.195466;3378.103744;-0.470280;9.367900;4.288100;-0.732250;8.979000;3.652600;0.604106;9.121298;3.975305;10134.311232;0.604106;9.121298;3.975305;0.000005;0.000126;-0.004537;2.798923;2.902740;2.913471;-0.470280;9.367900;4.288100;-0.732250;8.979000;3.652600;61.470750;930.346500;405.303600
-0.292146;-0.206870;0.261433;0.068347;0.392041;0.081885;-0.333473;-0.470057;0.389990;2.982524;4.970874;0.165951;1.197970;9.682726;9.496100;0.699988;0.489984;9.707995;0.176968;2.002768;4.123287;0.568700;0.000000;6.959223;0.291300;3.516700;0.119650;-0.136590;1.980862;3.923815;1.984473;0.170087;0.590931;-0.392569;3.170550;0.994175;0.994175;1.606610;7.723600;0.153757;-0.404676;-0.395933;30.091032;0.095066;1.981430;4.523149;12.310846;0.000000;5.040214;26.909540;1.093609;997.320800;0.040448;22.789878;136.595994;9682.018408;0.000000;6.980176;46.823213;0.023218;132.315541;0.367213;6.550707;18.980935;203.551044;0.497087;5.769994;34.469755;0.706133;9.892562;0.474225;11.624331;4.060177;0.408370;0.232249;9.735350;-0.398441;1.558440;1.491262;10104.288220;3299.293433;0.289060;12.423000;5.093300;-0.908910;8.906300;-2.630300;0.392041;9.707995;1.984473;9897.880298;0.392041;9.707995;1.984473;0.028413;-0.211621;-0.554375;2.984463;2.604597;3.106677;0.289060;12.423000;5.093300;-0.908910;8.906300;-2.630300;30.091032;997.320800;132.315541
-0.378007;-0.361060;0.301434;0.090862;0.483479;0.087366;-0.046154;-0.875588;0.520485;1.988350;5.467961;0.256340;1.275080;9.521019;9.279700;0.746651;0.557487;9.550251;0.164099;2.145546;4.238210;0.373400;0.000000;3.976699;0.192100;3.642400;1.750856;3.307300;2.652960;7.038195;3.178631;0.164934;-0.513940;-1.382458;5.162650;0.497087;0.497087;1.493100;7.786800;0.330526;-0.675569;-0.540187;38.934719;0.151076;2.358948;5.732046;19.397001;0.000000;5.283367;29.636057;0.985284;980.665000;0.269113;22.527903;134.326719;9365.641110;0.000000;6.975642;46.780845;0.026536;180.338187;1.901728;14.239928;33.772895;678.213277;0.000000;4.174788;16.614852;1.227581;10.056082;0.419967;12.840813;7.322900;0.389621;0.087904;9.853120;-0.249850;1.388934;0.994175;10437.480154;3354.417129;0.289060;12.423000;5.156500;-0.986020;8.780600;-2.630300;0.483479;9.550251;3.178631;10063.251388;0.483479;9.550251;3.178631;0.075119;-0.545543;-1.080511;3.162313;2.426813;2.841774;0.289060;12.423000;5.156500;-0.986020;8.780600;-2.630300;38.934719;980.665000;180.338187
-0.558029;-0.534460;0.165831;0.027500;0.582148;0.061582;-0.312023;-0.247257;0.222095;0.000000;6.023529;0.113055;0.785710;9.216483;9.236300;0.167048;0.027905;9.217997;0.112403;-0.456964;0.223650;0.166275;0.000000;16.062745;0.086750;0.877000;3.744318;3.691200;0.378840;0.143520;3.763434;0.100259;1.751739;4.093048;0.240325;0.000000;9.537255;0.111950;2.221500;-0.101401;-0.068353;-0.183153;56.918920;0.079368;2.085763;7.791276;33.164981;0.000000;6.697348;44.180577;0.281073;940.081300;0.175958;19.404631;128.924488;8665.679296;0.000000;7.000729;47.013458;0.002124;381.920400;0.261600;9.632083;52.217263;1437.351151;0.000000;6.965726;46.689330;0.043974;9.971729;0.038413;13.518830;0.146241;0.030591;-0.142099;9.996888;-0.580668;1.184902;1.505882;10144.380713;3378.731809;-0.200310;9.657600;5.156500;-0.986020;8.780600;2.935000;0.582148;9.217997;3.763434;10136.195428;0.582148;9.217997;3.763434;-0.002837;-0.004337;-0.011706;3.064104;2.944634;2.454497;-0.200310;9.657600;5.156500;-0.986020;8.780600;2.935000;56.918920;940.081300;381.920400
-0.529030;-0.530075;0.115106;0.013249;0.541407;0.043188;0.347515;-0.170194;0.153895;0.000000;6.525490;0.077310;0.584350;9.250322;9.242550;0.116410;0.013551;9.251054;0.104768;0.060238;1.758723;0.111550;0.000000;20.078431;0.054400;0.741400;3.714706;3.716450;0.105364;0.011102;3.716200;0.076417;-0.254309;0.002096;0.141600;0.000000;13.050980;0.068950;0.549500;-0.108666;0.443377;-0.077405;53.961030;0.062660;1.753175;7.365353;29.223001;0.000000;6.844769;45.549117;0.164986;943.532800;0.130021;19.142844;129.441830;8728.677061;0.000000;7.001174;47.017531;0.001100;378.900000;0.027778;8.146208;51.919386;1408.069931;0.000000;6.999942;47.006249;0.004870;9.983625;0.012498;13.494057;0.018471;0.013054;0.050779;10.032434;-0.496254;1.188932;5.019608;10167.261360;3388.656664;-0.200310;9.657600;3.954700;-0.784660;8.916200;3.405200;0.541407;9.251054;3.716200;10165.969993;0.541407;9.251054;3.716200;-0.001470;0.005431;-0.000959;2.880566;2.751528;3.015528;-0.200310;9.657600;3.954700;-0.784660;8.916200;3.405200;53.961030;943.532800;378.900000
-0.603515;-0.616000;0.094083;0.008852;0.610805;0.031321;0.691520;0.183408;0.126370;0.000000;8.031373;0.060790;0.430580;9.235706;9.241450;0.100648;0.010130;9.236254;0.090233;-0.260938;0.361769;0.131925;0.000000;21.584314;0.066950;0.565600;3.724116;3.726450;0.097085;0.009425;3.725381;0.068785;-0.145197;-0.283398;0.123100;0.000000;11.545098;0.062100;0.469700;-0.195607;0.414180;-0.007350;61.558550;0.021982;1.727815;8.412829;37.603667;0.000000;6.913086;46.196427;0.092399;942.042000;0.123863;18.977630;129.255861;8700.939798;0.000000;7.001232;47.018068;0.000842;379.859800;0.048817;8.098808;52.059839;1415.122671;0.000000;7.000190;47.008522;0.004166;9.977470;0.010040;13.563337;0.013614;0.010029;-0.032487;10.021026;-0.578887;1.187508;5.019608;10154.601885;3384.555379;-0.354080;9.523500;3.939500;-0.784660;8.957900;3.469800;0.610805;9.236254;3.725381;10153.666137;0.610805;9.236254;3.725381;-0.001871;0.003821;-0.000073;3.069911;2.925666;3.021986;-0.354080;9.523500;3.939500;-0.784660;8.957900;3.469800;61.558550;942.042000;379.859800
-0.658636;-0.666100;0.068948;0.004754;0.662235;0.023851;0.321717;0.279688;0.083070;0.000000;6.959223;0.046260;0.371660;9.276550;9.289200;0.100171;0.010034;9.277090;0.076885;-0.438561;-0.021772;0.124250;0.000000;16.900971;0.058600;0.480000;3.588537;3.590900;0.168763;0.028481;3.592503;0.064550;-0.318123;-0.136465;0.238700;0.000000;5.467961;0.122300;0.868400;-0.273092;0.401283;-0.481360;67.839500;0.021185;1.703674;9.278267;44.926353;0.000000;6.961118;46.645710;0.045816;955.484600;0.126101;19.137621;131.116443;8864.116963;0.000000;7.001127;47.017108;0.000797;369.619300;0.078899;8.081782;50.644522;1327.859257;0.000000;6.993248;46.944073;0.010559;9.970061;0.006923;13.523722;0.032790;0.007030;-0.013603;10.104997;-0.652288;1.201686;4.970874;10238.774393;3412.300858;-0.462400;9.487600;3.922100;-0.834060;9.007600;3.053700;0.662235;9.277090;3.592503;10236.902573;0.662235;9.277090;3.592503;-0.001905;0.004715;-0.008217;2.977515;3.031857;2.979228;-0.462400;9.487600;3.922100;-0.834060;9.007600;3.053700;67.839500;955.484600;369.619300
-0.681588;-0.680450;0.062581;0.003916;0.684455;0.027053;-0.085842;0.209893;0.076930;0.000000;4.654545;0.038290;0.322070;9.305116;9.314400;0.101024;0.010206;9.305664;0.078287;-0.310775;0.445796;0.124100;0.000000;17.288312;0.062200;0.538500;3.501670;3.504600;0.132719;0.017614;3.504184;0.064166;-0.459285;0.546101;0.168200;0.000000;7.314286;0.084400;0.720200;-0.027041;0.162663;-0.329752;52.482280;0.039512;1.710468;8.246052;35.922074;0.000000;5.980013;33.851282;0.036685;716.493900;0.068787;19.075185;113.137438;6667.451477;0.000000;6.001994;34.024770;0.000799;269.628600;0.057170;7.620063;42.513120;944.828562;0.000000;5.997889;33.992507;0.007238;9.966696;0.008140;13.488374;0.020044;0.008289;0.054680;7.574944;-0.517235;1.210872;1.329870;7649.110558;2549.400705;-0.511990;9.541600;3.773900;-0.834060;9.003100;3.053700;0.684455;9.305664;3.504184;7648.202114;0.684455;9.305664;3.504184;-0.000173;0.001369;-0.004479;3.027755;2.914967;2.930274;-0.511990;9.541600;3.773900;-0.834060;9.003100;3.053700;52.482280;716.493900;269.628600
-0.244741;-0.380160;0.740923;0.548967;0.780298;0.209878;0.695907;-0.220724;0.753455;3.011765;4.517647;0.384826;3.096400;8.945244;9.446250;1.076749;1.159388;9.009816;0.220628;-1.228212;1.795763;1.132900;0.000000;3.513725;0.296400;5.861500;-1.038287;0.047560;3.515531;12.358955;3.665651;0.228881;-0.518041;-1.192859;5.911450;1.505882;0.501961;2.583940;10.969900;-0.240114;-0.253995;0.577472;36.948438;0.103166;4.254598;6.985860;34.107846;1.003922;2.919856;9.037063;2.003965;912.414900;0.043500;22.874474;124.909469;8220.902794;0.000000;6.941642;46.463437;0.057174;212.812123;3.138837;18.308526;33.421950;740.351989;0.501961;4.287504;20.276208;1.520533;9.710501;0.928810;12.668855;12.935645;0.772435;-0.132965;9.390501;-0.344601;1.686351;1.505882;9665.341780;2998.454210;1.593700;11.389000;2.703100;-1.502700;5.527500;-8.266800;0.780298;9.009816;3.665651;8995.362629;0.780298;9.009816;3.665651;-0.193456;-0.668140;2.207572;2.909262;2.441021;2.835617;1.593700;11.389000;2.703100;-1.502700;5.527500;-8.266800;36.948438;912.414900;212.812123
-0.167262;-0.204940;0.737624;0.544089;0.756350;0.254145;0.403299;-0.386253;0.853975;5.965049;5.965049;0.447820;3.144600;8.964707;9.092500;1.251066;1.565167;9.051582;0.339325;-0.349054;0.828288;1.538900;0.000000;4.970874;0.712100;6.743500;-2.879815;-2.740300;2.914755;8.495797;4.097454;0.306860;-0.161739;-1.203484;5.304307;1.491262;2.982524;2.670254;9.696100;-0.173186;-0.210109;0.290192;33.251406;0.182036;4.559715;6.357600;30.902173;1.491262;2.673953;7.698779;2.243743;923.364800;0.198544;24.387940;126.337221;8358.300806;0.000000;6.924314;46.302940;0.075655;296.620947;0.440827;14.180848;48.554673;1291.746996;0.000000;4.935019;23.572090;0.777934;9.876517;1.746747;12.865369;8.766071;1.430329;-0.055183;9.528521;-0.118840;1.881623;0.000000;10137.152720;3226.983325;1.593700;12.271000;1.429300;-1.550900;5.527500;-8.266800;0.756350;9.051582;4.097454;9680.949976;0.756350;9.051582;4.097454;-0.161385;-0.456162;1.068576;3.107222;2.884234;3.149334;1.593700;12.271000;1.429300;-1.550900;5.527500;-8.266800;33.251406;923.364800;296.620947
-0.330309;-0.341890;0.326628;0.106686;0.464532;0.120561;-0.559893;1.367142;0.359860;3.976699;7.953398;0.200700;1.916400;9.682203;9.784700;0.666532;0.444266;9.705118;0.223963;0.079448;4.884419;0.447100;0.000000;10.438835;0.195400;4.642400;-0.506624;0.347520;2.419541;5.854178;2.472012;0.211205;-1.760197;2.108707;2.031165;1.491262;0.497087;0.686980;9.013100;0.021514;-0.340874;0.066509;34.021842;0.044041;2.629469;5.121352;16.732059;0.000000;4.794257;25.221661;1.350394;997.266900;0.172781;23.285061;136.487798;9678.620158;0.000000;6.985008;46.868838;0.022774;131.836332;1.545791;13.282009;21.751687;327.926957;0.497087;3.647186;15.194523;1.813192;9.984038;0.834930;11.662292;5.926422;0.446765;0.303047;9.863405;-0.324677;1.623074;1.988350;10310.144438;3341.093058;0.365500;12.271000;1.515900;-1.550900;7.628600;-7.497200;0.464532;9.705118;2.472012;10023.279175;0.464532;9.705118;2.472012;0.004730;-0.272031;0.108310;2.797682;2.348989;2.421427;0.365500;12.271000;1.515900;-1.550900;7.628600;-7.497200;34.021842;997.266900;131.836332
-0.342809;-0.346255;0.199531;0.039812;0.396649;0.070087;0.331543;1.568688;0.164545;1.003922;8.533333;0.084080;1.184370;9.816750;9.835750;0.175210;0.030699;9.818313;0.111592;-0.975106;1.786604;0.179225;0.000000;14.054902;0.091800;1.011100;0.511273;0.483225;0.441491;0.194914;0.675510;0.133968;0.700612;-0.106720;0.403567;5.019608;6.525490;0.229400;1.802400;0.436254;-0.498588;-0.350672;34.966548;0.129675;1.815920;4.919174;14.017488;0.000000;5.949263;36.776943;0.722743;1001.308500;0.103956;20.655708;137.322769;9831.161431;0.000000;7.000779;47.013915;0.002047;52.149810;0.312917;3.358968;7.782051;36.625836;0.000000;5.207217;28.053170;1.002802;9.848143;0.026997;10.712051;0.213608;0.035134;0.351953;9.875036;-0.362468;1.518762;4.015686;9893.942394;3293.934918;0.351000;10.197000;1.515900;-0.833370;9.185900;-0.286500;0.396649;9.818313;0.675510;9881.804755;0.396649;9.818313;0.675510;0.015402;-0.044356;-0.027394;2.714947;2.856925;3.039192;0.351000;10.197000;1.515900;-0.833370;9.185900;-0.286500;34.966548;1001.308500;52.149810
-0.374323;-0.411165;0.101029;0.010207;0.387717;0.041541;1.119806;0.567367;0.129505;0.000000;7.027451;0.047300;0.434758;9.845266;9.836150;0.099590;0.009918;9.845769;0.074656;0.587026;1.317153;0.108300;0.000000;16.564706;0.049250;0.576800;0.441196;0.533000;0.245053;0.060051;0.504683;0.112178;-1.297187;0.819450;0.227080;4.015686;9.537255;0.082270;1.107870;0.412758;-0.631959;-0.154152;38.180934;0.061925;1.367080;5.214090;14.812679;0.000000;6.765999;44.792630;0.235089;1004.217100;0.039224;20.142944;137.799024;9887.294883;0.000000;7.001229;47.018042;0.000733;45.001972;0.088477;2.463412;6.237002;22.925169;0.000000;6.144666;38.677408;0.708899;9.865829;0.009624;10.685351;0.065611;0.011215;0.372801;9.918945;-0.337676;1.526013;6.525490;9928.622143;3308.344244;-0.083582;10.197000;0.821370;-0.518340;9.620200;-0.286500;0.387717;9.845769;0.504683;9925.032731;0.387717;9.845769;0.504683;0.004194;-0.015801;-0.003799;2.963728;2.833713;2.768523;-0.083582;10.197000;0.821370;-0.518340;9.620200;-0.286500;38.180934;1004.217100;45.001972
-0.439929;-0.443215;0.045180;0.002041;0.442242;0.030605;1.101134;3.722030;0.046995;0.000000;16.564706;0.023380;0.307000;9.833885;9.835550;0.072337;0.005233;9.834151;0.058280;-0.146163;0.531285;0.083200;0.000000;16.564706;0.043150;0.393900;0.708404;0.686760;0.203138;0.041265;0.736954;0.092773;-0.207533;-0.534534;0.328390;0.000000;4.517647;0.154545;0.999140;0.313806;-0.115201;0.146407;44.872710;0.055458;1.237020;6.115259;19.844941;0.000000;6.983469;46.855064;0.050246;1003.056300;0.066376;19.890383;137.671331;9864.207629;0.000000;7.001311;47.018787;0.000401;72.257200;0.196707;2.737159;9.851425;53.296233;0.000000;6.763093;44.701164;0.252592;9.871355;0.005557;10.982218;0.041828;0.005502;0.272343;9.917476;-0.434926;1.498884;5.521569;9939.536325;3312.449601;-0.245700;10.033000;1.155800;-0.552700;9.639100;0.156660;0.442242;9.834151;0.736954;9937.348804;0.442242;9.834151;0.736954;0.001036;-0.001068;0.002173;2.565044;2.951756;2.963431;-0.245700;10.033000;1.155800;-0.552700;9.639100;0.156660;44.872710;1003.056300;72.257200
-0.443174;-0.443400;0.045032;0.002028;0.445456;0.032378;0.075359;0.446197;0.048330;0.000000;17.288312;0.025030;0.242660;9.818704;9.831600;0.070978;0.005038;9.818960;0.053714;-0.600190;0.414394;0.085900;0.000000;11.968831;0.040800;0.345800;0.936177;0.935150;0.168670;0.028450;0.951250;0.092278;-0.216771;1.026779;0.182850;0.000000;8.644156;0.095850;0.946520;0.479016;0.052493;0.144537;34.124390;0.045915;1.195156;5.346406;15.201114;0.000000;5.986059;33.899851;0.047270;756.040200;0.066471;19.911380;119.416279;7423.528815;0.000000;6.002127;34.025801;0.000382;72.085650;0.256131;3.046119;11.230458;68.580253;0.000000;5.951100;33.622786;0.128075;9.874715;0.005300;11.198055;0.028963;0.005619;0.462527;7.514468;-0.335698;1.475737;5.319481;7508.473454;2502.436727;-0.322910;9.964500;1.286400;-0.565570;9.618700;0.339880;0.445456;9.818960;0.951250;7507.310182;0.445456;9.818960;0.951250;0.001551;0.000404;0.001753;2.749505;2.990873;2.848118;-0.322910;9.964500;1.286400;-0.565570;9.618700;0.339880;34.124390;756.040200;72.085650
-0.109012;-0.138345;0.422859;0.178809;0.436684;0.293779;0.416132;-0.369198;0.559785;12.047059;13.552941;0.276215;1.850680;9.140662;9.298850;0.982314;0.964941;9.193293;0.449281;0.711523;1.624811;1.355575;0.000000;5.270588;0.663850;5.162200;-1.797622;-0.332140;3.863054;14.923188;4.260825;0.508689;-0.250900;-1.611262;8.006275;0.752941;0.752941;2.767750;11.322600;-0.259409;-0.317003;0.567135;10.528336;0.355980;2.834015;2.317293;6.897825;2.258824;1.563522;2.014668;2.654370;621.565000;0.166400;23.524054;102.707027;5714.323624;0.000000;5.634605;29.845096;0.049214;170.734940;1.875391;17.225329;33.409160;727.219655;0.752941;3.642322;12.549131;1.167003;10.101751;0.816594;12.996619;15.493812;0.652032;0.081495;6.456918;-0.021701;1.764980;0.000000;6966.849286;2149.480368;0.924490;12.704000;3.060000;-0.926190;7.541800;-8.262600;0.436684;9.193293;4.260825;6448.441104;0.436684;9.193293;4.260825;-0.109362;-0.525561;2.184248;3.068579;2.773050;2.892558;0.924490;12.704000;3.060000;-0.926190;7.541800;-8.262600;10.528336;621.565000;170.734940
-0.230303;-0.248260;0.308665;0.095274;0.385115;0.174206;0.410223;0.434403;0.347392;8.904348;5.936232;0.164340;1.596910;9.634591;9.634100;0.291979;0.085252;9.639015;0.201663;0.236180;1.151040;0.278000;0.000000;17.066667;0.139900;1.588600;2.090473;2.325000;0.854006;0.729327;2.258186;0.283152;-1.659428;2.283179;0.540800;0.742029;6.678261;0.286900;4.077300;0.300469;0.168602;0.108965;15.890908;0.156502;2.266421;2.925445;6.946683;0.000000;3.239446;11.386335;1.801583;664.786800;0.208709;20.801137;110.453659;6407.890307;0.000000;5.657659;30.016255;0.005205;144.242614;1.369205;9.070213;23.702132;326.697010;0.000000;5.293052;27.231393;0.448839;9.901850;0.111685;12.085097;0.744515;0.115165;0.316366;6.710075;-0.160225;1.357132;2.226087;6769.070775;2247.178000;0.670720;10.454000;3.060000;-0.926190;8.865400;-1.017300;0.385115;9.639015;2.258186;6741.534000;0.385115;9.639015;2.258186;0.027478;0.045097;0.027570;2.980125;2.858602;2.633069;0.670720;10.454000;3.060000;-0.926190;8.865400;-1.017300;15.890908;664.786800;144.242614
-0.220903;-0.237670;0.122332;0.014965;0.252514;0.073458;1.447276;5.940578;0.095330;3.820896;13.755224;0.046970;0.852890;9.578625;9.592500;0.140756;0.019812;9.579660;0.113691;-0.249246;0.458174;0.155450;0.000000;14.519403;0.078000;0.755600;2.625413;2.615500;0.236689;0.056021;2.636061;0.181795;-0.164160;-0.641057;0.350300;0.000000;15.283582;0.174700;0.997700;0.085928;0.253014;-0.083295;14.800504;0.123759;1.219284;2.438044;3.770810;0.000000;5.074936;25.337272;0.747646;641.767900;0.135705;19.801608;108.272394;6147.918005;0.000000;5.570164;29.027991;0.001398;175.902700;0.086957;6.673678;29.482402;463.694030;0.000000;5.556539;28.928906;0.036925;9.937891;0.020771;12.437609;0.058324;0.020524;0.187197;6.592289;-0.141019;1.303276;6.113433;6617.728768;2205.127615;0.349790;9.938600;3.068800;-0.503100;9.183000;2.071100;0.252514;9.579660;2.636061;6615.382845;0.252514;9.579660;2.636061;0.001502;0.007437;-0.002817;2.537218;2.876295;3.106634;0.349790;9.938600;3.068800;-0.503100;9.183000;2.071100;14.800504;641.767900;175.902700
-0.218579;-0.221640;0.042599;0.001815;0.222691;0.040637;0.888478;1.309927;0.052240;0.000000;18.904615;0.026510;0.219869;9.530988;9.526700;0.116742;0.013629;9.531703;0.103733;0.789301;1.206115;0.151400;0.000000;19.692308;0.075200;0.620900;2.812446;2.823800;0.166179;0.027615;2.817351;0.132516;-0.397135;-0.525877;0.229600;0.000000;13.390769;0.111200;0.636600;0.130869;0.193110;-0.188165;14.207631;0.036401;0.715267;2.391951;3.164465;0.000000;5.430775;27.679953;0.146543;619.514200;0.026907;19.573764;106.056484;5905.025151;0.000000;5.479913;28.030087;0.001010;182.809000;0.237284;6.700265;31.138002;515.037971;0.000000;5.476672;28.007078;0.018021;9.941204;0.012869;12.562013;0.029009;0.013016;0.208105;6.406491;-0.143049;1.283855;3.150769;6424.208749;2141.075862;-0.064581;9.938600;3.068800;-0.284450;9.317700;2.432200;0.222691;9.531703;2.817351;6423.227587;0.222691;9.531703;2.817351;0.000661;0.001388;-0.003707;2.730261;2.863254;3.095653;-0.064581;9.938600;3.068800;-0.284450;9.317700;2.432200;14.207631;619.514200;182.809000
-0.214533;-0.219690;0.039846;0.001588;0.218202;0.037955;0.428499;-0.166662;0.050290;0.000000;20.034783;0.025010;0.188600;9.484684;9.464000;0.115289;0.013292;9.485385;0.091943;0.333195;0.356090;0.121600;0.000000;19.292754;0.068400;0.592000;2.942854;2.933700;0.159570;0.025462;2.947177;0.121803;-0.118183;0.644151;0.196600;0.000000;16.324638;0.098800;0.903300;0.182117;0.015889;-0.004242;14.802790;0.013590;0.708240;2.422195;3.230466;0.000000;5.622422;29.758279;0.138757;654.443200;0.107885;19.493446;108.894147;6207.645547;0.000000;5.659261;30.028004;0.000995;203.056900;0.167701;6.904074;33.647076;598.445188;0.000000;5.655647;30.001436;0.015294;9.934365;0.014380;12.642071;0.025838;0.013547;0.171300;6.789121;-0.148840;1.269940;5.194203;6810.216887;2269.773733;-0.115740;9.781100;3.335500;-0.304340;9.189100;2.432200;0.218202;9.485385;2.947177;6809.321200;0.218202;9.485385;2.947177;0.000849;0.000103;-0.000079;2.754806;2.871383;2.842944;-0.115740;9.781100;3.335500;-0.304340;9.189100;2.432200;14.802790;654.443200;203.056900
-0.200471;-0.196740;0.043216;0.001868;0.205076;0.034441;0.557370;1.849915;0.058780;0.000000;13.701408;0.031810;0.272410;9.464230;9.477500;0.105345;0.011098;9.464816;0.088800;-0.427198;0.675525;0.132500;0.000000;17.307042;0.068900;0.590700;2.991130;2.995100;0.132796;0.017635;2.994076;0.123074;0.057221;0.439355;0.133850;0.000000;20.912676;0.070900;0.656600;-0.000441;-0.064015;-0.118292;14.233430;0.014587;0.693568;2.297224;2.919689;0.000000;5.680516;30.524564;0.173401;671.960300;0.108309;19.418628;110.300552;6359.980509;0.000000;5.746904;31.027491;0.000851;212.370200;0.226278;6.877913;34.738126;635.852823;0.000000;5.745163;31.014543;0.010931;9.928671;0.010769;12.655830;0.018295;0.010856;-0.026146;6.980646;-0.145757;1.264684;2.884507;6999.457027;2332.917674;-0.031930;9.750300;3.335500;-0.304340;9.159600;2.678900;0.205076;9.464816;2.994076;6998.753021;0.205076;9.464816;2.994076;-0.000002;-0.000373;-0.001678;2.801087;2.882494;3.003954;-0.031930;9.750300;3.335500;-0.304340;9.159600;2.678900;14.233430;671.960300;212.370200
-0.191247;-0.194650;0.034866;0.001216;0.194399;0.025778;1.668658;6.579741;0.041600;0.000000;14.054902;0.022450;0.237070;9.453861;9.452100;0.082521;0.006810;9.454221;0.075004;-0.925706;1.967716;0.095650;0.000000;17.066667;0.051700;0.438400;3.027410;3.017200;0.130016;0.016904;3.030200;0.108310;-0.130353;-0.088072;0.183450;0.000000;17.066667;0.083500;0.611300;-0.007798;-0.186527;-0.446599;9.753610;0.044762;0.578581;1.839839;1.896350;0.000000;4.759543;20.789407;0.126077;482.146900;0.045697;19.034977;92.622871;4558.323319;0.000000;4.799918;21.039498;0.000531;154.397900;0.126533;6.711621;29.541043;467.856774;0.000000;4.798005;21.027734;0.009811;9.929615;0.004949;12.672518;0.019228;0.005026;-0.112286;5.040827;-0.092668;1.260885;4.015686;5028.585959;1676.025481;-0.031930;9.598000;3.312600;-0.269000;9.159600;2.701300;0.194399;9.454221;3.030200;5028.076444;0.194399;9.454221;3.030200;-0.000023;-0.000862;-0.004887;2.328995;2.843787;2.977201;-0.031930;9.598000;3.312600;-0.269000;9.159600;2.701300;9.753610;482.146900;154.397900
-0.207012;-0.206680;0.036125;0.001305;0.210140;0.037317;0.431216;0.720785;0.046805;0.000000;21.410909;0.023800;0.192395;9.443873;9.433900;0.107838;0.011629;9.444488;0.101972;0.119075;0.410694;0.122700;0.000000;20.480000;0.061100;0.541400;3.151605;3.154300;0.142214;0.020225;3.154812;0.124274;-0.295059;0.098150;0.175550;0.000000;16.756364;0.095500;0.693700;-0.068428;0.183215;0.146080;11.385635;0.098843;0.644119;2.070107;2.392845;0.000000;4.981139;22.891977;0.122304;519.413000;0.136893;19.269624;96.253115;4905.590061;0.000000;5.003622;23.036523;0.000891;173.338300;0.179836;7.077102;32.001320;546.850118;0.000000;5.001517;23.022979;0.010825;9.958990;0.013873;12.802490;0.021196;0.011309;0.007145;5.444296;-0.116037;1.248698;2.792727;5455.363392;1818.277675;-0.088505;9.741900;3.480500;-0.280900;9.200500;2.786800;0.210140;9.444488;3.154812;5454.833024;0.210140;9.444488;3.154812;-0.000272;0.000959;0.002282;2.591092;2.887324;2.957729;-0.088505;9.741900;3.480500;-0.280900;9.200500;2.786800;11.385635;519.413000;173.338300
-0.193294;-0.193560;0.035694;0.001274;0.196562;0.037925;-0.032580;0.360709;0.041665;0.000000;23.797183;0.022720;0.192535;9.432307;9.422900;0.119278;0.014227;9.433061;0.102370;-0.224964;-0.311599;0.129900;0.000000;16.585915;0.072000;0.530100;3.122015;3.115600;0.140015;0.019604;3.125154;0.123313;0.198061;0.242720;0.170550;0.000000;13.701408;0.094900;0.733900;-0.099484;0.253017;0.002004;13.723855;0.073932;0.651473;2.212819;2.697965;0.000000;5.720880;30.833655;0.139643;669.693800;0.105578;19.451910;109.912096;6317.262613;0.000000;5.746857;31.027143;0.001076;221.663100;0.194700;7.198325;36.254720;692.731585;0.000000;5.745260;31.015252;0.011133;9.938465;0.014787;12.747616;0.019972;0.014445;-0.002925;6.987294;-0.137643;1.251155;2.884507;7013.413461;2337.564054;-0.088505;9.671600;3.520700;-0.281040;9.141500;2.786800;0.196562;9.433061;3.125154;7012.692163;0.196562;9.433061;3.125154;-0.000430;0.001283;0.000034;2.793478;2.983311;2.903629;-0.088505;9.671600;3.520700;-0.281040;9.141500;2.786800;13.723855;669.693800;221.663100
-0.194681;-0.196710;0.037480;0.001405;0.198256;0.037441;0.583951;1.027330;0.036410;0.000000;20.034783;0.022100;0.205391;9.452051;9.470100;0.117698;0.013853;9.452783;0.093374;-0.456757;0.084637;0.127000;0.000000;14.840580;0.061600;0.600100;3.064729;3.056500;0.127397;0.016230;3.067376;0.126622;0.882548;1.653296;0.135300;0.000000;18.550725;0.072600;0.685200;-0.049247;0.303309;-0.076844;13.432961;0.050465;0.649621;2.197520;2.663602;0.000000;5.617218;29.718922;0.146447;652.191500;0.050164;19.447089;108.515977;6165.025061;0.000000;5.659253;30.027948;0.001041;211.466300;0.365914;7.018497;35.064250;648.646837;0.000000;5.658560;30.022870;0.009803;9.939306;0.013402;12.711460;0.017076;0.013592;0.056812;6.787047;-0.131038;1.257252;2.226087;6816.959446;2272.111833;-0.075649;9.741600;3.520700;-0.281040;9.141500;2.835500;0.198256;9.452783;3.067376;6816.335500;0.198256;9.452783;3.067376;-0.000220;0.001470;-0.001169;2.676167;2.992983;2.810577;-0.075649;9.741600;3.520700;-0.281040;9.141500;2.835500;13.432961;652.191500;211.466300
0.025157;-0.116020;0.369017;0.136173;0.369873;0.123934;1.082112;0.251650;0.426255;6.959223;6.959223;0.155820;1.643700;9.041839;9.114800;0.546872;0.299069;9.058362;0.255452;-1.149465;1.685245;0.478250;0.000000;9.941748;0.256500;3.064000;-0.084886;0.302270;3.597239;12.940127;3.598240;0.240920;-0.316401;-1.306032;6.618000;1.491262;0.497087;3.270430;11.273500;-0.203213;-0.688954;0.518921;18.749577;0.173364;2.170881;3.050803;7.078121;0.497087;3.529358;15.077130;2.066328;931.309400;0.546107;21.503044;127.466421;8436.151571;0.000000;6.989886;46.912951;0.017405;218.036060;3.499350;17.392702;31.921488;667.158718;0.497087;5.025936;27.566772;1.347335;9.748499;0.104822;12.526783;13.214969;0.226154;-0.004229;9.534585;-0.120782;1.580184;0.000000;9793.821598;3036.796137;1.047000;10.229000;4.489300;-0.596700;7.165000;-6.784200;0.369873;9.058362;3.598240;9110.388410;0.369873;9.058362;3.598240;-0.041411;-0.923512;1.030845;2.849677;2.775042;3.198810;1.047000;10.229000;4.489300;-0.596700;7.165000;-6.784200;18.749577;931.309400;218.036060
0.220759;0.175985;0.425154;0.180756;0.479051;0.220946;0.154839;-0.657616;0.675453;10.039216;9.035294;0.322555;1.914590;8.678267;8.797700;0.986036;0.972266;8.734104;0.377542;-0.125813;-0.609499;1.541800;0.000000;5.019608;0.721700;4.467600;-3.741130;-3.746200;2.723166;7.415635;4.627276;0.409877;0.218454;-1.153465;4.967925;3.011765;1.003922;2.542700;10.154500;-0.337753;-0.515378;0.694198;22.517424;0.272995;3.170750;4.217127;14.191828;0.000000;2.690414;8.182092;2.298973;885.183200;0.043600;22.668934;121.043956;7731.441443;0.000000;6.954579;46.578728;0.050370;381.595244;0.525058;16.272363;57.248434;1805.813661;0.000000;5.482468;30.340265;0.633291;9.869794;0.512913;12.960384;8.043153;0.477501;0.251515;9.527487;0.271953;1.977815;0.000000;9962.270287;3183.815644;1.176300;11.101000;2.335100;-0.738290;6.633400;-7.819400;0.479051;8.734104;4.627276;9551.446932;0.479051;8.734104;4.627276;-0.142994;-0.602594;1.882475;3.157944;3.123344;3.128422;1.176300;11.101000;2.335100;-0.738290;6.633400;-7.819400;22.517424;885.183200;381.595244
-0.047503;-0.144310;0.466497;0.217619;0.468909;0.211547;0.396468;0.157757;0.538042;9.035294;9.035294;0.237790;2.371300;8.777814;8.995200;0.965278;0.931761;8.830729;0.360931;-0.335630;-0.361109;1.242900;0.000000;6.525490;0.575950;4.467600;-0.035061;2.266850;4.751486;22.576623;4.751616;0.418712;-0.485798;-1.426025;10.404775;2.509804;1.505882;2.273401;13.714100;-0.475792;-0.658643;0.515659;20.653950;0.225276;3.171896;3.487386;11.329263;0.501961;2.739982;10.139078;2.553729;895.337000;0.142303;23.066060;122.380990;7906.625423;0.000000;6.959496;46.630877;0.050793;308.151822;2.986707;19.193147;43.480214;1151.599087;0.501961;5.748801;34.711722;0.929161;10.011179;0.555804;13.448455;23.154774;0.688730;0.150293;8.938684;0.097455;1.574791;3.513725;10251.166640;3023.184591;1.176300;11.101000;5.894700;-1.195000;6.633400;-7.819400;0.468909;8.830729;4.751616;9069.553774;0.468909;8.830729;4.751616;-0.216370;-1.474371;2.388488;2.991154;3.098558;2.750475;1.176300;11.101000;5.894700;-1.195000;6.633400;-7.819400;20.653950;895.337000;308.151822
-0.228051;-0.207585;0.266051;0.070783;0.350415;0.110769;-0.321862;4.741271;0.206143;4.015686;11.545098;0.105890;1.996210;9.082498;9.117650;0.419985;0.176387;9.092203;0.224340;-0.843712;3.341398;0.341900;0.000000;14.054902;0.175000;2.870400;4.109094;4.191850;0.550646;0.303211;4.145825;0.247365;-0.699562;3.302169;0.418775;0.000000;11.545098;0.183600;3.634800;-0.039700;-0.304238;-0.292991;23.261171;0.081283;2.354855;3.456378;8.917437;0.000000;4.294905;22.901682;1.886881;926.414800;0.432293;21.003755;126.811659;8423.161215;0.000000;6.996462;46.974303;0.011611;419.127600;0.316713;12.183154;57.097712;1737.706377;0.000000;6.958240;46.621334;0.077303;9.991344;0.151858;13.461127;0.341725;0.153789;-0.214675;10.027975;-0.247703;1.145933;3.513725;10190.103441;3389.928343;0.801210;10.114000;5.894700;-1.195000;7.243600;2.259900;0.350415;9.092203;4.145825;10169.785029;0.350415;9.092203;4.145825;-0.004480;-0.045012;-0.068429;2.388891;2.640625;2.518570;0.801210;10.114000;5.894700;-1.195000;7.243600;2.259900;23.261171;926.414800;419.127600
-0.221941;-0.239980;0.079963;0.006394;0.235906;0.047211;0.638071;0.229476;0.077870;0.000000;15.409709;0.039780;0.377017;9.030157;9.022200;0.179598;0.032255;9.031943;0.137287;0.006827;0.413875;0.259700;0.000000;12.924272;0.131900;1.121300;4.239141;4.252900;0.248565;0.061785;4.246422;0.130895;-0.820618;0.452120;0.320800;0.000000;12.924272;0.159500;1.197800;-0.030313;-0.149652;-0.404536;22.859910;0.074155;1.059992;3.094867;5.402842;0.000000;6.714860;44.345641;0.413512;930.106200;0.111170;19.410292;127.526555;8400.666424;0.000000;7.000781;47.013934;0.002529;436.631500;0.200924;10.031248;59.765930;1854.124302;0.000000;6.990610;46.919494;0.016318;9.982014;0.023144;13.491239;0.071135;0.024085;-0.138182;10.130170;-0.200393;1.131892;7.953398;10264.173996;3420.064523;-0.007753;9.573600;4.625100;-0.384770;8.452300;3.427300;0.235906;9.031943;4.246422;10260.193568;0.235906;9.031943;4.246422;-0.000440;-0.003004;-0.018236;3.026105;2.817028;2.894113;-0.007753;9.573600;4.625100;-0.384770;8.452300;3.427300;22.859910;930.106200;436.631500
-0.272365;-0.268560;0.047314;0.002239;0.276444;0.032657;-0.665318;3.790019;0.052035;0.000000;12.924272;0.024880;0.354110;8.942630;8.907800;0.144745;0.020951;8.943801;0.128608;0.514260;0.605656;0.149450;0.000000;17.895146;0.076600;0.776300;4.432477;4.480500;0.175489;0.030796;4.435949;0.100459;-0.827277;0.320447;0.213150;0.000000;11.930097;0.083800;0.879500;0.202942;-0.260540;-0.521830;28.053610;0.044177;0.920429;3.809972;7.756116;0.000000;6.941613;46.467489;0.124245;921.090900;0.185963;18.942292;126.328436;8238.054192;0.000000;7.000992;47.015869;0.001740;456.545100;0.069295;10.100008;62.525727;2025.211524;0.000000;6.997607;46.984739;0.008598;9.986653;0.012412;13.647472;0.040581;0.011850;0.056905;10.137297;-0.263495;1.110629;8.450485;10273.162914;3423.673944;-0.136290;9.381200;4.782400;-0.490400;8.604900;3.902900;0.276444;8.943801;4.435949;10271.021832;0.276444;8.943801;4.435949;0.001403;-0.002184;-0.013385;2.600774;2.875669;2.932737;-0.136290;9.381200;4.782400;-0.490400;8.604900;3.902900;28.053610;921.090900;456.545100
-0.261887;-0.264630;0.050550;0.002555;0.266721;0.029252;-0.694005;2.804711;0.068318;0.000000;10.039216;0.035340;0.357690;8.936221;8.942700;0.116470;0.013565;8.936980;0.103609;-0.507751;0.901814;0.107225;0.000000;16.564706;0.053900;0.589700;4.448515;4.463800;0.143600;0.020621;4.450832;0.093513;-0.779442;1.714988;0.159500;0.000000;12.047059;0.079700;0.879500;0.097914;-0.280018;-0.336161;26.712520;0.067277;0.869834;3.636164;7.126191;0.000000;6.900575;46.066504;0.136959;911.494500;0.066543;18.446442;125.053741;8146.008713;0.000000;7.001051;47.016411;0.001150;453.748500;0.207096;9.807816;62.171127;2019.558779;0.000000;6.998949;46.997118;0.005980;9.987003;0.010423;13.646623;0.024166;0.010587;-0.075149;10.039114;-0.272316;1.108905;8.031373;10174.034994;3390.897894;-0.132710;9.194600;4.782400;-0.490400;8.604900;3.902900;0.266721;8.936980;4.450832;10172.693683;0.266721;8.936980;4.450832;0.000582;-0.002053;-0.005678;2.664781;2.893885;2.820534;-0.132710;9.194600;4.782400;-0.490400;8.604900;3.902900;26.712520;911.494500;453.748500
-0.264725;-0.265360;0.046832;0.002193;0.268836;0.025073;0.296741;-0.643063;0.080520;0.000000;10.039216;0.036560;0.228130;8.903025;8.914250;0.120982;0.014637;8.903847;0.096300;-0.559103;0.613563;0.162100;0.000000;11.545098;0.076200;0.671700;4.514902;4.519800;0.161947;0.026227;4.517806;0.072109;-0.384054;-0.477633;0.270425;0.000000;8.533333;0.141100;0.758400;0.247963;-0.499275;-0.504725;27.001950;0.017570;0.825211;3.682349;7.259948;0.000000;6.905932;46.110383;0.112889;908.108600;0.110238;18.472602;124.575671;8085.660830;0.000000;7.001100;47.016859;0.001250;460.520000;0.119827;9.934402;63.106025;2080.541814;0.000000;6.997480;46.983434;0.006803;9.987610;0.008991;13.682652;0.032740;0.009118;-0.101761;10.038730;-0.247172;1.101469;8.533333;10175.199102;3391.154197;-0.132710;9.194600;4.782800;-0.360840;8.522900;4.024400;0.268836;8.903847;4.517806;10173.462591;0.268836;8.903847;4.517806;0.001419;-0.003824;-0.009987;2.806520;2.899033;2.989858;-0.132710;9.194600;4.782800;-0.360840;8.522900;4.024400;27.001950;908.108600;460.520000
-0.306123;-0.309970;0.034386;0.001182;0.308048;0.029698;0.064359;-0.177062;0.044932;0.000000;17.568627;0.023495;0.178810;8.823033;8.823950;0.104831;0.010990;8.823656;0.100899;-0.093853;0.564576;0.098225;0.000000;24.094118;0.049850;0.585400;4.670163;4.679700;0.108260;0.011720;4.671417;0.081366;-1.037589;2.059738;0.115700;0.000000;18.070588;0.055250;0.650100;-0.153174;0.079961;-0.290010;31.224520;0.037100;0.899014;4.249648;9.618846;0.000000;6.984851;46.867968;0.059911;899.949400;0.183578;18.250465;123.463325;7940.844635;0.000000;7.001263;47.018346;0.001001;476.356600;0.043020;10.043524;65.299786;2225.260673;0.000000;7.000433;47.010750;0.003351;9.988267;0.008459;13.799319;0.014838;0.008130;-0.112453;10.039318;-0.303130;1.083973;4.015686;10176.511229;3391.908051;-0.226450;9.108300;4.907200;-0.405260;8.522900;4.257100;0.308048;8.823656;4.671417;10175.724154;0.308048;8.823656;4.671417;-0.000558;0.000301;-0.003324;2.951030;2.922826;2.797891;-0.226450;9.108300;4.907200;-0.405260;8.522900;4.257100;31.224520;899.949400;476.356600
0.106894;0.109610;0.208610;0.043518;0.234402;0.083075;0.117171;-0.461333;0.266654;5.965049;7.456311;0.134880;0.914470;9.858069;9.859000;0.604044;0.364869;9.876558;0.217368;0.083254;1.080721;0.620500;0.000000;8.450485;0.300000;3.329300;-0.880259;0.121830;2.231781;4.980846;2.399104;0.196587;-0.626923;-1.172831;4.230700;2.485437;0.497087;1.210370;6.886500;-0.209327;0.214094;-0.095264;11.010054;0.094468;1.533160;2.102350;3.418095;0.000000;2.713921;8.079546;2.249964;1015.381100;0.275184;23.443904;138.976628;10028.487629;0.000000;6.989280;46.908026;0.018383;150.653276;0.381920;8.989408;24.194426;336.323721;0.497087;4.653817;22.215632;1.040499;10.139753;0.542439;11.847239;5.035341;0.366589;-0.279656;10.153945;0.120585;1.659853;0.497087;10617.839313;3456.076482;0.578210;11.678000;1.833500;-0.336260;8.348700;-5.053000;0.234402;9.876558;2.399104;10368.229445;0.234402;9.876558;2.399104;-0.026636;0.100653;-0.129684;3.176300;2.868068;3.044569;0.578210;11.678000;1.833500;-0.336260;8.348700;-5.053000;11.010054;1015.381100;150.653276
0.108996;0.111390;0.188512;0.035537;0.217754;0.073266;-0.033322;-0.309924;0.215088;5.019608;7.027451;0.110339;0.842030;9.876778;9.823650;0.257867;0.066496;9.880144;0.152427;0.799390;0.801995;0.318125;0.000000;12.047059;0.160950;1.438900;0.558786;0.389840;0.530644;0.281583;0.770601;0.152802;0.909137;-0.412699;0.774733;5.019608;5.521569;0.251000;2.038750;-0.272336;0.128230;0.064376;11.117575;0.064768;1.225430;2.104847;3.024187;0.000000;3.092213;9.668961;1.881316;1007.431400;0.147610;21.251672;138.103991;9953.588092;0.000000;6.999634;47.003389;0.004014;56.996206;0.266627;3.711001;8.767812;46.211718;0.000000;4.882002;24.878778;1.080772;9.909066;0.068905;10.622807;0.285353;0.072023;-0.241292;9.946309;0.125139;1.514281;2.007843;10018.870997;3334.274665;0.501980;10.790000;1.833500;-0.340050;9.351100;-0.205250;0.217754;9.880144;0.770601;10002.823996;0.217754;9.880144;0.770601;-0.013370;0.012954;0.008896;3.173130;2.955638;2.959857;0.501980;10.790000;1.833500;-0.340050;9.351100;-0.205250;11.117575;1007.431400;56.996206
0.076005;0.063658;0.172471;0.029746;0.188475;0.066963;0.137303;0.018574;0.213592;7.529412;8.533333;0.106902;0.842030;9.867386;9.853300;0.162341;0.026355;9.868722;0.117166;0.411270;0.542844;0.170750;0.000000;18.070588;0.088650;0.900600;0.270921;0.266295;0.178102;0.031720;0.324220;0.125330;0.136286;0.460109;0.233750;4.015686;13.552941;0.120225;1.047180;-0.221642;-0.100566;0.257521;7.752478;0.144208;1.286506;1.573781;2.106452;0.000000;2.259063;4.960064;2.469244;1006.473400;0.247451;20.736890;138.033252;9932.610334;0.000000;7.001000;47.015943;0.001800;27.633910;0.135273;2.010098;3.717282;9.104425;0.000000;6.304808;40.453737;1.044537;9.874493;0.026702;10.293194;0.040973;0.027787;-0.225808;9.921162;0.122161;1.543347;2.007843;9946.938284;3314.607070;0.501980;10.385000;0.841930;-0.340050;9.484400;-0.205250;0.188475;9.868722;0.324220;9943.821211;0.188475;9.868722;0.324220;-0.006267;-0.003120;0.007519;3.077958;2.889655;2.933970;0.501980;10.385000;0.841930;-0.340050;9.484400;-0.205250;7.752478;1006.473400;27.633910
0.019847;0.016580;0.118637;0.014075;0.120285;0.056089;-0.131813;0.366982;0.141197;8.533333;8.533333;0.071057;0.609250;9.865818;9.865800;0.124518;0.015505;9.866603;0.103863;-0.055262;0.745432;0.156250;0.000000;22.588235;0.078950;0.704100;0.374044;0.372600;0.184171;0.033919;0.416926;0.132625;0.446870;0.559355;0.189843;2.007843;13.552941;0.101280;0.953311;0.082370;0.053600;0.152753;4.374760;0.039866;0.824044;0.898958;0.758168;3.011765;2.168996;4.866622;2.633196;1006.313400;0.106903;20.314959;138.069593;9928.895389;0.000000;7.001053;47.016430;0.001080;38.152477;0.202342;2.305763;5.105848;16.000822;0.000000;6.643355;43.728662;0.713123;9.875347;0.015679;10.334196;0.034998;0.015652;0.080225;9.924586;0.017052;1.532901;4.517647;9948.092676;3315.218126;0.313470;10.206000;0.888410;-0.295780;9.501900;-0.064901;0.120285;9.866603;0.416926;9945.654378;0.120285;9.866603;0.416926;0.001229;0.001183;0.003538;2.979414;2.838802;2.912221;0.313470;10.206000;0.888410;-0.295780;9.501900;-0.064901;4.374760;1006.313400;38.152477
0.250172;0.215570;0.398001;0.158405;0.470097;0.118376;0.990430;1.142711;0.374490;4.473786;7.953398;0.200842;1.897590;7.353760;7.385200;1.713753;2.936951;7.550811;0.233963;-0.106772;-1.347928;2.937700;0.000000;1.988350;1.529100;5.479100;-5.287860;-5.951700;3.452657;11.920839;6.315243;0.236718;0.240175;-1.021970;5.112350;0.497087;0.994175;2.289300;12.518050;-0.393951;-0.178608;0.805579;25.767735;0.079326;2.675135;4.665967;14.604224;0.000000;3.182909;11.042556;1.872798;757.437300;0.398890;21.016986;104.358959;5721.265225;0.000000;6.765764;44.697442;0.145288;544.649550;1.343365;21.749931;80.297300;3493.953643;0.000000;5.660239;32.526651;0.575136;9.788822;1.296988;13.080830;14.123650;0.917565;-0.159056;8.913060;0.298775;2.194206;0.000000;9936.362279;3076.607697;1.444300;9.984300;0.654050;-0.453290;4.505200;-11.864000;0.470097;7.550811;6.315243;9229.823092;0.470097;7.550811;6.315243;-0.271339;-0.247843;4.813343;2.831830;3.210661;3.100079;1.444300;9.984300;0.654050;-0.453290;4.505200;-11.864000;25.767735;757.437300;544.649550
0.013206;-0.070128;0.366325;0.134194;0.366563;0.103968;1.258763;1.689323;0.440225;5.467961;4.473786;0.221618;1.796130;7.863007;8.861800;1.886932;3.560513;8.086247;0.211951;-0.565860;-1.346756;3.379650;0.000000;1.491262;0.859000;5.340400;-4.943793;-3.949000;3.266648;10.670991;5.925545;0.215452;-0.337697;-1.214040;5.987900;0.000000;0.497087;2.746300;11.278840;-0.741851;-0.575539;0.821579;17.510092;0.026798;1.990214;3.124692;6.928949;0.497087;3.151285;11.145543;1.992991;809.889700;0.418754;23.063653;111.557815;6551.534632;0.000000;6.754484;44.601148;0.157595;509.210680;1.688226;19.791010;75.387743;3066.988240;0.000000;5.666720;32.313052;0.546594;9.975052;1.132175;13.084719;13.488573;0.959127;-0.042143;9.592804;0.157398;2.132081;0.497087;10306.978252;3208.483940;1.313200;9.845600;-0.585160;-0.482930;4.505200;-11.864000;0.366563;8.086247;5.925545;9625.451821;0.366563;8.086247;5.925545;-0.517817;-0.695474;5.113815;2.889502;2.886930;3.115065;1.313200;9.845600;-0.585160;-0.482930;4.505200;-11.864000;17.510092;809.889700;509.210680
-0.136315;-0.101738;0.132473;0.017549;0.190081;0.055571;-0.541616;0.031215;0.170727;6.023529;6.525490;0.075399;0.657140;9.376774;9.432450;0.267481;0.071546;9.380588;0.089411;-0.771394;0.703988;0.267850;0.000000;7.529412;0.151000;1.346300;-2.555413;-2.568250;0.997991;0.995986;2.743377;0.102000;0.363927;-0.854107;1.406425;0.000000;2.509804;0.765950;3.495340;-0.158788;-0.236313;0.726191;13.904144;0.043553;1.119101;2.054720;2.790799;0.000000;4.775417;26.109947;1.451642;956.430900;0.017282;19.898949;131.159175;8971.884988;0.000000;6.998341;46.991461;0.004391;260.652080;0.107091;8.244594;36.581370;716.870975;0.000000;6.371984;40.669902;0.319131;9.773900;0.028563;12.080786;1.046237;0.032890;0.105641;9.741451;-0.165299;1.836861;2.007843;9745.427284;3230.515587;0.174210;9.845600;-0.585160;-0.482930;8.499300;-4.080500;0.190081;9.380588;2.743377;9691.546762;0.190081;9.380588;2.743377;-0.005682;-0.031551;0.195771;2.908714;2.912624;3.091740;0.174210;9.845600;-0.585160;-0.482930;8.499300;-4.080500;13.904144;956.430900;260.652080
-0.072771;-0.075192;0.059865;0.003584;0.094231;0.032901;-0.117731;0.851436;0.069590;7.027451;11.545098;0.035333;0.352147;9.427604;9.474300;0.179283;0.032142;9.429308;0.065354;-1.167756;1.119583;0.183425;0.000000;7.529412;0.088800;0.876300;-2.585287;-2.446700;0.562722;0.316656;2.645821;0.051740;-1.093383;0.371151;0.552350;0.000000;1.505882;0.267400;2.212900;0.258880;0.479443;0.811184;7.422690;0.019045;0.540085;1.061315;0.722943;0.000000;5.317317;31.161433;1.233851;961.615600;0.066932;19.633767;131.910999;9067.370794;0.000000;7.000219;47.008760;0.002141;263.699300;0.205188;7.712278;36.186488;697.891573;0.000000;6.809138;45.164418;0.142700;9.793378;0.010843;12.092618;0.342670;0.010669;-0.363343;9.834159;-0.083299;1.838442;5.521569;9783.399664;3255.328437;0.073427;9.746800;-1.849200;-0.278720;8.870500;-4.062100;0.094231;9.429308;2.645821;9765.985310;0.094231;9.429308;2.645821;0.002806;0.016311;0.082648;2.889296;2.790375;2.932703;0.073427;9.746800;-1.849200;-0.278720;8.870500;-4.062100;7.422690;961.615600;263.699300
-0.027816;-0.022589;0.057422;0.003297;0.063804;0.029690;0.044664;0.127062;0.082632;12.549020;8.533333;0.037295;0.316180;9.507877;9.505500;0.112701;0.012702;9.508545;0.077267;1.818744;9.857868;0.133925;0.000000;16.062745;0.068800;0.897400;-2.291439;-2.356800;0.206459;0.042625;2.300721;0.061313;0.584608;-0.786705;0.303650;0.000000;5.521569;0.127000;0.829200;-0.144009;-0.120212;0.165670;2.837252;0.046763;0.470914;0.512767;0.247097;0.000000;3.246838;11.427461;2.435460;969.803500;0.153801;19.621553;133.053259;9221.422610;0.000000;7.001208;47.017845;0.000985;233.726800;0.142732;5.693191;31.974957;537.746424;0.000000;6.972118;46.745843;0.033773;9.782500;0.012517;11.848452;0.043600;0.012396;-0.090716;9.838408;-0.043407;1.807291;5.019608;9761.766598;3253.138710;0.165520;10.169000;-1.839800;-0.150660;9.271600;-2.669000;0.063804;9.508545;2.300721;9759.416131;0.063804;9.508545;2.300721;-0.000941;-0.001439;0.003893;2.953479;2.506787;3.092553;0.165520;10.169000;-1.839800;-0.150660;9.271600;-2.669000;2.837252;969.803500;233.726800
0.021080;0.024723;0.042326;0.001791;0.047285;0.022122;-0.295425;0.913720;0.051741;9.444660;9.444660;0.025854;0.261179;9.534352;9.537200;0.113108;0.012793;9.535023;0.081082;1.360376;8.004628;0.128200;0.000000;14.415534;0.066800;0.897400;-2.237844;-2.180300;0.196826;0.038740;2.246483;0.072532;-0.287608;-1.276555;0.364650;0.000000;5.467961;0.157100;0.829200;0.340211;0.457602;0.305290;2.171204;0.037573;0.376863;0.362465;0.138030;0.000000;2.909096;10.250474;2.675476;982.038300;0.087527;19.860709;134.733055;9363.758108;0.000000;7.001199;47.017763;0.000982;230.497900;0.052828;5.589307;31.534561;517.813406;0.000000;6.973669;46.759760;0.032141;9.795636;0.011099;11.811066;0.041242;0.011276;0.158061;9.945912;0.004008;1.801337;4.473786;9883.884182;3293.903182;0.165520;10.169000;-1.839800;-0.095659;9.271600;-2.669000;0.047285;9.535023;2.246483;9881.709545;0.047285;9.535023;2.246483;0.001645;0.003850;0.006863;2.655061;2.519210;2.992542;0.165520;10.169000;-1.839800;-0.095659;9.271600;-2.669000;2.171204;982.038300;230.497900
0.038391;0.039411;0.026484;0.000701;0.046640;0.017931;-1.021682;2.273234;0.025140;1.491262;16.900971;0.012630;0.156562;9.583086;9.586700;0.057482;0.003304;9.583259;0.057261;-0.339381;0.405446;0.073450;0.000000;21.871845;0.036200;0.314100;-2.055509;-2.033900;0.084194;0.007089;2.057232;0.052638;-2.144125;6.400979;0.073650;0.000000;12.924272;0.033400;0.547600;0.061457;0.231788;-0.032653;3.954248;0.016408;0.287754;0.537997;0.187929;0.000000;6.084129;38.512845;1.096232;987.057900;0.062922;19.502922;135.485019;9459.231313;0.000000;7.001365;47.019280;0.000279;211.717400;0.071287;4.758982;28.984136;435.552026;0.000000;6.998270;46.990922;0.009490;9.801513;0.003578;11.680271;0.007206;0.003335;-0.016468;9.959573;0.037663;1.782088;11.433010;9895.358343;3298.323756;0.087137;9.719600;-1.914400;-0.069425;9.405500;-2.462000;0.046640;9.583259;2.057232;9894.971268;0.046640;9.583259;2.057232;0.000094;0.000522;-0.000160;2.362235;2.939100;2.489774;0.087137;9.719600;-1.914400;-0.069425;9.405500;-2.462000;3.954248;987.057900;211.717400
0.040866;0.039892;0.021478;0.000461;0.046167;0.018562;0.017106;-0.692194;0.024899;1.003922;19.074510;0.012506;0.096196;9.593525;9.593950;0.051235;0.002625;9.593661;0.048413;-0.255788;1.339063;0.060900;0.000000;21.584314;0.030850;0.330000;-1.982447;-1.986350;0.060657;0.003679;1.983375;0.038821;-0.398814;2.027445;0.060950;0.000000;10.541176;0.026500;0.400600;0.324645;0.387108;0.240560;4.168375;0.008501;0.257639;0.560406;0.193946;0.000000;6.524781;42.613186;0.770563;978.539500;0.064801;19.250781;134.327556;9387.776604;0.000000;7.001357;47.019210;0.000221;202.209600;0.093480;4.360159;27.707025;401.057761;0.000000;6.999388;47.001129;0.005438;9.796523;0.002383;11.616994;0.004209;0.002263;0.236687;9.852645;0.037432;1.774572;6.525490;9789.251540;3263.009437;0.088241;9.735500;-1.805700;-0.007955;9.405500;-2.206300;0.046167;9.593661;1.983375;9789.028311;0.046167;9.593661;1.983375;0.000361;0.000509;0.000755;2.286018;2.766895;2.710988;0.088241;9.735500;-1.805700;-0.007955;9.405500;-2.206300;4.168375;978.539500;202.209600
0.067700;0.075357;0.029421;0.000866;0.073816;0.016851;-0.151839;-0.921720;0.045221;0.000000;9.035294;0.023923;0.120226;9.607930;9.601000;0.046219;0.002136;9.608042;0.042052;0.357757;0.288229;0.059450;0.000000;19.576471;0.030150;0.232200;-1.936865;-1.938800;0.055630;0.003095;1.937663;0.039902;-0.016764;3.213840;0.048350;0.000000;14.556863;0.024250;0.389400;0.233692;0.391399;0.324454;6.905351;0.009325;0.320023;0.949540;0.511863;0.000000;6.456258;41.559589;0.471111;980.008900;0.019900;19.219936;134.537630;9415.966243;0.000000;7.001357;47.019214;0.000179;197.560200;0.053857;4.212323;27.076634;382.805521;0.000000;6.999377;47.001042;0.004821;9.801663;0.001858;11.612495;0.003791;0.001672;0.144618;9.856673;0.056686;1.769720;6.525490;9799.499229;3266.427876;0.124420;9.736100;-1.731800;0.004194;9.503900;-2.121200;0.073816;9.608042;1.937663;9799.283627;0.073816;9.608042;1.937663;0.000321;0.000647;0.000842;2.567884;2.835727;2.513632;0.124420;9.736100;-1.731800;0.004194;9.503900;-2.121200;6.905351;980.008900;197.560200
-0.013536;-0.000368;0.222490;0.049502;0.222901;0.096124;-0.048185;0.023743;0.239185;13.552941;9.035294;0.118175;1.045640;9.042384;9.013250;0.921184;0.848580;9.089186;0.233306;2.496400;9.781660;0.873500;0.000000;4.015686;0.408400;6.175700;-1.388574;-0.989835;4.009138;16.073190;4.242797;0.234517;-0.057190;-1.665122;8.818700;0.501961;1.003922;4.267885;10.747700;0.333250;0.417823;0.117799;8.440434;0.090764;1.497916;1.657089;2.543766;0.501961;1.951691;4.429859;2.678703;922.323200;0.171231;23.495907;126.063767;8383.282496;0.000000;6.966601;46.698831;0.046000;269.622460;0.735513;15.498493;41.875288;1016.417994;0.501961;4.846677;24.723018;1.012492;9.968987;1.283599;12.969851;16.253702;0.848631;-0.143450;9.108822;0.027554;1.723169;0.000000;10202.298261;3134.081419;0.559990;13.829000;3.697600;-0.485650;7.653300;-7.050100;0.222901;9.089186;4.242797;9402.244257;0.222901;9.089186;4.242797;0.068977;0.376385;0.439356;2.872314;2.347813;2.950176;0.559990;13.829000;3.697600;-0.485650;7.653300;-7.050100;8.440434;922.323200;269.622460
-0.062045;-0.079466;0.317594;0.100866;0.323598;0.137359;0.404099;-0.510029;0.445310;7.953398;7.953398;0.221784;1.379010;9.338258;9.369400;0.975047;0.950718;9.389025;0.299476;1.566315;5.211396;0.991450;0.000000;3.976699;0.465900;6.513700;-2.344098;-1.570300;3.056036;9.339359;3.851513;0.252220;-0.184576;-1.558583;6.312330;1.988350;0.994175;2.673300;8.872000;0.228922;0.142715;0.310415;12.053996;0.064915;2.118748;2.566238;5.591096;0.994175;1.971055;3.549583;2.549146;961.840600;0.024011;24.266213;131.526560;9030.877877;0.000000;6.962006;46.655973;0.047191;241.442100;0.194233;13.600563;43.460017;1046.940946;0.000000;4.613081;20.025142;0.907047;10.102759;1.026911;12.628124;9.534974;0.862382;-0.009080;9.937119;-0.056313;1.816736;0.000000;10565.657516;3361.136640;0.640150;13.829000;1.821900;-0.738860;7.315300;-7.050100;0.323598;9.389025;3.851513;10083.409919;0.323598;9.389025;3.851513;0.071585;0.139874;0.934036;3.117053;2.511588;3.038291;0.640150;13.829000;1.821900;-0.738860;7.315300;-7.050100;12.053996;961.840600;241.442100
-0.066203;-0.058086;0.305066;0.093066;0.312167;0.092469;0.470091;-0.035047;0.397787;5.965049;5.965049;0.194446;1.379010;9.652305;9.682300;0.516971;0.267259;9.666139;0.182261;-1.860939;8.236421;0.270550;0.000000;12.924272;0.131100;3.808700;-0.517651;-1.054000;1.174382;1.379172;1.283407;0.148261;0.599647;-1.204058;2.267280;1.988350;1.491262;0.603200;3.661000;-0.223319;-0.079575;-0.094539;11.064225;0.062022;1.819161;2.660531;5.244310;2.485437;2.061459;3.513127;2.337441;994.187400;0.334320;22.651063;136.095738;9609.963712;0.000000;6.992854;46.941171;0.014849;72.651306;0.162960;5.603755;12.804542;98.627528;0.497087;3.985832;15.781491;1.344354;9.742080;0.270715;11.093268;1.396234;0.274453;-0.205501;9.742103;-0.034831;1.624375;1.491262;9789.477797;3237.945183;0.640150;11.124000;1.821900;-0.738860;7.315300;-1.839100;0.312167;9.666139;1.283407;9713.835550;0.312167;9.666139;1.283407;-0.035565;-0.028788;-0.057959;3.001457;2.238544;3.050603;0.640150;11.124000;1.821900;-0.738860;7.315300;-1.839100;11.064225;994.187400;72.651306
-0.109701;-0.116045;0.183468;0.033660;0.213763;0.047841;1.236583;4.509295;0.153237;2.509804;6.023529;0.076695;1.128740;9.710928;9.702100;0.168179;0.028284;9.712385;0.085448;-0.268742;5.584236;0.128575;0.000000;19.074510;0.068150;1.292400;-1.446304;-1.471050;0.211841;0.044877;1.461736;0.085233;0.912508;0.828671;0.233300;0.000000;11.043137;0.120250;1.040590;-0.383661;-0.205659;0.516925;11.189542;0.167042;1.319866;2.008822;2.945347;0.000000;3.194228;10.848903;1.992169;990.514700;0.151857;20.407253;135.845735;9620.265014;0.000000;7.000835;47.014427;0.001960;147.523050;0.114313;4.145519;20.145530;215.661191;0.000000;6.929085;46.341607;0.082301;9.822895;0.023522;11.320067;0.063459;0.029953;-0.378167;9.883225;-0.094194;1.718645;2.509804;9843.111826;3279.623851;0.639960;10.233000;-0.798510;-0.488780;8.940600;-1.839100;0.213763;9.712385;1.461736;9838.871553;0.213763;9.712385;1.461736;-0.011955;-0.008072;0.018599;2.610187;2.334892;2.909275;0.639960;10.233000;-0.798510;-0.488780;8.940600;-1.839100;11.189542;990.514700;147.523050
-0.119997;-0.124235;0.069543;0.004836;0.138692;0.035716;0.248094;-0.493744;0.104482;1.003922;9.035294;0.053629;0.354399;9.681405;9.685700;0.080936;0.006551;9.681743;0.073090;0.378119;0.582602;0.117700;0.000000;18.572549;0.056800;0.472100;-1.577199;-1.575650;0.143244;0.020519;1.583691;0.078962;-0.102931;-0.600955;0.227100;0.000000;10.541176;0.114750;0.705000;-0.232792;-0.102297;0.254386;12.239699;0.014584;0.715188;1.689212;1.715454;0.000000;6.127527;38.704373;0.795201;987.503300;0.071148;19.669326;135.524554;9560.754233;0.000000;7.001289;47.018590;0.000512;160.874300;0.214884;4.081352;21.979557;254.778783;0.000000;6.977949;46.800226;0.036017;9.811089;0.005987;11.380931;0.021423;0.006649;-0.206711;9.865629;-0.123368;1.732288;4.015686;9818.568413;3272.416156;0.077319;9.967200;-1.206400;-0.277080;9.495100;-1.911400;0.138692;9.681743;1.583691;9817.248469;0.138692;9.681743;1.583691;-0.001323;-0.001029;0.002978;3.013335;2.894958;3.080868;0.077319;9.967200;-1.206400;-0.277080;9.495100;-1.911400;12.239699;987.503300;160.874300
-0.123407;-0.127815;0.065464;0.004286;0.139696;0.044766;0.497886;0.051524;0.089780;2.007843;14.556863;0.043545;0.333159;9.711630;9.712250;0.114528;0.013117;9.712306;0.089699;0.016347;-0.311857;0.160125;0.000000;14.556863;0.083600;0.580500;-1.381354;-1.501600;0.357131;0.127543;1.426773;0.092518;0.350351;-1.279254;0.660475;0.000000;1.505882;0.268900;1.320160;-0.181207;-0.098309;0.303147;12.587525;0.053953;0.738548;1.711881;1.772074;0.000000;6.375539;41.156464;0.743123;990.586300;0.151877;20.054666;135.902660;9620.878265;0.000000;7.001232;47.018066;0.000978;140.898070;0.050950;4.308357;19.389988;201.134759;0.000000;6.733134;44.370084;0.179309;9.816948;0.011602;11.219483;0.130195;0.012065;-0.143854;9.866495;-0.121171;1.712086;1.505882;9830.585545;3274.595032;0.077319;9.993700;-0.591240;-0.255840;9.413200;-1.911400;0.139696;9.712306;1.426773;9823.785097;0.139696;9.712306;1.426773;-0.001372;-0.002321;0.012522;3.038955;3.024666;3.094596;0.077319;9.993700;-0.591240;-0.255840;9.413200;-1.911400;12.587525;990.586300;140.898070
-0.139030;-0.153200;0.050092;0.002509;0.147779;0.037090;1.054343;1.476112;0.048230;1.329870;13.963636;0.023440;0.282840;9.757513;9.759800;0.098968;0.009795;9.758015;0.086313;-0.847761;1.791076;0.100800;0.000000;23.272727;0.055200;0.580500;-1.086079;-1.069300;0.211948;0.044922;1.106567;0.088182;-1.144688;3.169053;0.134140;0.000000;13.963636;0.071820;1.319160;0.102197;0.068548;-0.108265;10.705325;0.087717;0.637792;1.650004;1.584967;0.000000;5.814109;32.540614;0.413102;751.328500;0.022209;20.022417;118.634167;7331.474690;0.000000;6.002088;34.025499;0.000727;83.628110;0.066638;3.454957;13.069145;92.556252;0.000000;5.912557;33.314587;0.139232;9.821125;0.010688;10.983631;0.045672;0.009818;0.077659;7.476254;-0.100428;1.681647;1.329870;7427.407619;2475.205303;0.038830;9.993700;-0.591240;-0.244010;9.413200;-1.910400;0.147779;9.758015;1.106567;7425.615909;0.147779;9.758015;1.106567;0.000513;0.000737;-0.002301;2.660230;2.727558;2.596580;0.038830;9.993700;-0.591240;-0.244010;9.413200;-1.910400;10.705325;751.328500;83.628110
-0.517840;-0.553755;0.145200;0.021083;0.537811;0.029469;2.838158;8.505996;0.047985;0.501961;6.525490;0.023685;0.884720;9.720435;9.729800;0.103940;0.010804;9.720991;0.076571;-0.616155;1.083273;0.069275;0.000000;18.572549;0.035100;0.543200;1.600741;1.767600;0.467340;0.218407;1.667566;0.082217;-2.457174;5.691052;0.178725;0.501961;6.525490;0.049600;2.475950;0.024890;-0.837517;0.202048;52.819634;0.140692;1.995872;7.195692;28.427427;0.000000;6.771292;44.862214;0.259501;991.484400;0.141409;19.988557;136.037469;9638.218083;0.000000;7.001265;47.018372;0.000828;163.275535;0.222119;6.046545;22.315017;272.500747;0.000000;6.726155;44.400409;0.263357;9.876818;0.016155;11.852050;0.236316;0.011939;-0.264027;9.945447;-0.551596;1.407583;0.000000;9951.085744;3313.048752;0.175250;9.952700;2.143800;-0.709470;9.409500;-0.332150;0.537811;9.720991;1.667566;9939.146256;0.537811;9.720991;1.667566;0.000379;-0.057395;0.009912;1.984899;2.748916;2.057281;0.175250;9.952700;2.143800;-0.709470;9.409500;-0.332150;52.819634;991.484400;163.275535
0.189163;0.070561;0.728932;0.531341;0.753076;0.080127;0.242333;-1.444044;1.353425;0.497087;1.491262;0.643619;2.315470;9.108089;9.683200;1.112189;1.236965;9.175743;0.163238;-1.396203;0.458504;1.012150;0.000000;0.497087;0.198700;3.914300;-0.743926;-0.457520;2.553587;6.520809;2.659743;0.167137;-0.686002;-0.547553;4.093800;0.497087;0.497087;2.129720;8.995000;-0.297757;-0.721749;0.824635;48.132338;0.277489;3.245842;7.139100;31.049672;0.497087;5.090717;27.747961;1.115093;938.133200;0.480615;23.701778;128.410633;8608.304688;0.000000;6.941332;46.454234;0.055515;147.249203;2.741239;14.760821;23.668818;392.824542;0.497087;3.932608;17.266838;1.761447;9.562102;0.401819;11.971495;7.737319;0.567952;-0.272472;9.751351;-0.133059;1.652293;0.497087;9438.374658;3010.726301;1.606000;10.217000;2.143800;-0.709470;6.302700;-6.851200;0.753076;9.175743;2.659743;9032.178903;0.753076;9.175743;2.659743;-0.243761;-1.356628;2.364985;2.834865;2.591496;2.875643;1.606000;10.217000;2.143800;-0.709470;6.302700;-6.851200;48.132338;938.133200;147.249203
0.532335;0.532980;0.467259;0.218331;0.708316;0.129100;0.214734;-0.681220;0.689535;3.479612;4.970874;0.347390;1.874170;8.374729;8.501500;1.348411;1.818212;8.482588;0.275208;-0.047665;-1.452227;2.704850;0.000000;2.982524;1.320400;4.652800;-4.152059;-2.898200;2.896589;8.390227;5.062590;0.284286;-0.622481;-0.954006;4.878400;0.497087;0.994175;1.676700;10.389740;0.168857;0.197208;0.625383;54.830523;0.136709;3.477363;8.245906;40.432279;0.000000;4.947274;26.624623;1.111624;862.597100;0.432443;22.781832;118.218331;7317.654956;0.000000;6.892492;45.978981;0.086051;427.662100;0.325236;17.670599;63.724743;2207.775044;0.000000;5.521305;31.074865;0.632940;9.820243;1.648659;13.104637;9.298055;1.020077;-0.059847;9.387650;0.761415;2.031066;0.497087;10017.934952;3188.620759;1.606000;10.944000;0.040740;-0.268170;6.291200;-10.349000;0.708316;8.482588;5.062590;9565.862278;0.708316;8.482588;5.062590;0.107433;0.269530;2.466561;3.228073;3.064345;3.092945;1.606000;10.944000;0.040740;-0.268170;6.291200;-10.349000;54.830523;862.597100;427.662100
-0.249345;-0.216460;0.548979;0.301378;0.602952;0.108553;0.134260;-1.036419;0.970565;3.513725;4.517647;0.495600;2.144190;8.993031;9.577450;1.243944;1.547396;9.078657;0.227228;-0.912553;-0.610629;1.637800;0.000000;1.505882;0.342750;4.652800;-2.000419;-0.141890;4.140157;17.140898;4.598106;0.258021;-0.724707;-1.018842;8.017550;1.505882;0.501961;1.950340;12.521200;-0.646016;-0.839393;0.751601;32.271803;0.403104;3.196846;5.690595;21.719023;0.501961;3.817687;14.836491;1.637190;917.289200;0.807942;24.376655;125.466218;8328.153364;0.000000;6.928028;46.332450;0.072505;259.511962;3.197256;20.005954;45.992992;1282.459434;0.501961;4.085711;16.377870;1.293132;10.138309;1.142834;12.933440;18.443198;0.645796;0.306602;9.482027;0.031657;1.789674;0.501961;10542.390251;3210.777274;0.943890;10.944000;2.172200;-1.200300;6.291200;-10.349000;0.602952;9.078657;4.598106;9632.331821;0.602952;9.078657;4.598106;-0.445531;-1.926711;3.909162;3.214913;2.779997;2.817568;0.943890;10.944000;2.172200;-1.200300;6.291200;-10.349000;32.271803;917.289200;259.511962
-0.641926;-0.647815;0.235748;0.055577;0.683846;0.061866;0.057433;0.070615;0.297680;0.000000;6.023529;0.149265;1.182234;9.746429;9.729300;0.185200;0.034299;9.748189;0.102386;0.801343;3.029371;0.137900;0.000000;14.556863;0.069550;1.268100;1.610374;1.718800;0.420063;0.176453;1.664258;0.131936;-2.327776;6.027102;0.275050;0.501961;8.533333;0.140050;2.422130;0.105283;-0.239290;0.150324;65.476406;0.052508;2.458612;9.053219;44.865574;0.000000;6.499716;42.170009;0.353410;994.135800;0.148501;20.457074;136.348187;9691.025833;0.000000;7.000458;47.010969;0.002255;164.258110;0.153040;6.021103;22.366695;273.521384;0.000000;6.804204;45.176951;0.232765;9.910911;0.038427;12.004293;0.183501;0.053871;0.062363;9.928309;-0.668585;1.407049;2.509804;10021.029256;3336.470930;-0.018066;10.525000;2.172200;-1.200300;9.256900;-0.249930;0.683846;9.748189;1.664258;10009.412790;0.683846;9.748189;1.664258;0.004642;-0.023931;0.011810;3.022014;2.586763;2.473671;-0.018066;10.525000;2.172200;-1.200300;9.256900;-0.249930;65.476406;994.135800;164.258110
-0.540654;-0.539780;0.113792;0.012949;0.552500;0.045233;0.179214;-0.281616;0.145175;0.000000;7.027451;0.073730;0.536110;9.725943;9.721500;0.083978;0.007052;9.726306;0.073629;0.079680;0.587782;0.103575;0.000000;14.556863;0.051050;0.466500;1.840264;1.864700;0.120091;0.014422;1.844178;0.085145;-0.779629;0.337457;0.161950;0.000000;13.552941;0.071200;0.639100;0.000647;0.216018;-0.134357;55.146750;0.062162;1.750299;7.530988;30.475734;0.000000;6.849824;45.601793;0.156516;992.046200;0.155449;19.812701;136.140491;9648.944823;0.000000;7.001309;47.018771;0.000547;187.706900;0.119023;4.599480;25.648828;346.165845;0.000000;6.994044;46.952151;0.022218;9.914663;0.006728;12.106861;0.017011;0.010928;0.056891;9.953544;-0.577305;1.383795;17.568627;10026.998600;3341.862134;-0.242710;9.934100;2.083000;-0.778820;9.467600;1.443900;0.552500;9.726306;1.844178;10025.586402;0.552500;9.726306;1.844178;0.000006;0.002981;-0.001368;3.052712;2.933068;2.941800;-0.242710;9.934100;2.083000;-0.778820;9.467600;1.443900;55.146750;992.046200;187.706900
-0.509973;-0.519290;0.062016;0.003846;0.513730;0.035221;0.552587;0.412862;0.071415;0.000000;13.421359;0.037560;0.322810;9.718674;9.708400;0.072131;0.005203;9.718941;0.062850;-0.028765;1.848221;0.076850;0.000000;18.392233;0.038300;0.466500;1.892174;1.889400;0.092885;0.008628;1.894452;0.067127;-0.715014;1.896467;0.102600;0.000000;13.421359;0.049300;0.559700;0.047516;0.054362;-0.170768;52.527260;0.061957;1.470525;7.161686;26.985572;0.000000;6.964166;46.676796;0.065163;1001.023400;0.176187;19.907008;137.384106;9728.887823;0.000000;7.001348;47.019125;0.000415;194.893900;0.158610;4.555070;26.656817;369.217455;0.000000;6.998085;46.989250;0.013444;9.914929;0.004867;12.120821;0.009074;0.004983;0.062031;10.058267;-0.515537;1.378507;6.462136;10125.750526;3375.030283;-0.325910;9.934100;2.083000;-0.648720;9.467600;1.523300;0.513730;9.718941;1.894452;10125.090850;0.513730;9.718941;1.894452;0.000215;0.000316;-0.001155;2.950167;2.725252;2.816821;-0.325910;9.934100;2.083000;-0.648720;9.467600;1.523300;52.527260;1001.023400;194.893900
-0.521771;-0.527380;0.039260;0.001541;0.523246;0.026965;0.580259;0.550358;0.047130;0.000000;17.895146;0.023680;0.214840;9.708003;9.706300;0.054619;0.002983;9.708157;0.049788;-0.366182;1.895147;0.066100;0.000000;19.883495;0.033200;0.366200;1.914417;1.902300;0.089706;0.008047;1.916518;0.057230;-0.137865;-0.098716;0.124900;0.000000;12.427184;0.062800;0.489300;-0.023269;0.028240;-0.200076;53.742440;0.040073;1.360317;7.338259;28.120641;0.000000;6.991626;46.929944;0.028695;999.924300;0.041860;19.704006;137.258567;9707.421653;0.000000;7.001357;47.019212;0.000245;197.185000;0.033971;4.528247;26.982312;377.908835;0.000000;6.997385;46.982798;0.012131;9.909205;0.002796;12.144192;0.008313;0.002828;-0.011594;10.050640;-0.525329;1.376095;6.462136;10113.954603;3371.150377;-0.410080;9.860300;2.120700;-0.624920;9.494100;1.631400;0.523246;9.708157;1.916518;10113.451130;0.523246;9.708157;1.916518;-0.000050;0.000100;-0.000990;2.591471;2.740583;2.881917;-0.410080;9.860300;2.120700;-0.624920;9.494100;1.631400;53.742440;999.924300;197.185000
-0.533769;-0.538740;0.028637;0.000820;0.534536;0.023570;0.225392;-0.304083;0.035650;0.000000;17.568627;0.021425;0.144550;9.700815;9.697200;0.046676;0.002179;9.700927;0.042820;-0.641817;2.501907;0.055100;0.000000;21.584314;0.024500;0.300400;1.968546;1.974850;0.077168;0.005955;1.970058;0.050370;-0.239058;-0.033965;0.107175;0.000000;12.549020;0.048550;0.402100;-0.157877;0.098426;-0.090511;54.444420;0.018781;1.286198;7.445240;29.102621;0.000000;6.996719;46.976657;0.015591;989.483100;0.056607;19.440686;135.833274;9598.903610;0.000000;7.001374;47.019362;0.000184;200.791700;0.005996;4.467155;27.495009;395.572664;0.000000;6.998172;46.989999;0.008698;9.913256;0.002205;12.203130;0.006053;0.002199;-0.118709;9.954362;-0.534905;1.370589;13.050980;10023.921565;3341.192965;-0.454980;9.806500;2.169400;-0.599530;9.506100;1.767300;0.534536;9.700927;1.970058;10023.578895;0.534536;9.700927;1.970058;-0.000213;0.000220;-0.000329;2.558932;2.723644;2.943736;-0.454980;9.806500;2.169400;-0.599530;9.506100;1.767300;54.444420;989.483100;200.791700
