-1.610984;1.933429;-2.253775;-0.728652;-6.131504;0.026072;1.890336;-1.325032
-2.988918;1.663327;-3.935264;-1.952073;-3.733923;-1.801157;2.409296;-0.278590
-1.780514;-2.747713;-0.338666;-1.889925;-2.550423;0.731830;1.244756;0.478011
-1.806468;-4.788396;3.000379;-0.601705;-3.862316;1.495095;0.799369;-1.968315
-4.521009;-5.110979;0.015497;-3.422508;-2.010103;-2.228830;1.947125;-0.680269
-2.444225;-6.107716;0.453268;-3.143022;-1.490867;-1.270654;1.791482;0.755234
-1.189275;-5.245588;1.764052;-0.525300;-4.514038;1.345419;0.416575;-1.727596
-2.256989;-0.290719;-2.666172;-0.664026;-4.243255;-0.436785;1.944484;-1.019847
-1.145290;2.224847;-5.152485;-3.096331;-3.322476;-1.469309;1.892326;-0.833197
-0.143001;-0.647235;-3.085601;-2.687538;-4.520958;0.214922;0.966291;-1.605195
-2.036234;-3.887145;1.697806;-0.947911;-4.962537;1.772711;-0.166656;-2.126362
-4.694326;-5.449193;0.620235;-2.949812;-1.698947;-1.464005;1.214691;0.131015
-3.072745;-6.292274;0.762748;-3.435886;-1.424473;-1.806818;0.751543;0.378620
-0.651779;-5.730775;2.474988;-1.520996;-3.755830;1.579229;-0.422891;-2.610889
-2.628671;-2.843724;-0.462149;-1.100668;-4.241719;-0.646192;1.315127;-1.768350
-3.276140;1.478790;-4.900284;-1.937199;-2.944398;-2.932452;1.690209;-1.045185
-2.617399;3.051064;-4.140563;-1.788103;-4.278367;-0.095499;1.799451;-0.566461
-1.503911;-0.776598;0.379049;-0.571852;-4.431443;1.526892;0.248462;-1.503110
-4.235002;-4.697521;0.590623;-2.640895;-1.192706;-2.014453;1.670326;0.061054
-2.204132;-6.323968;-0.526305;-3.544262;-1.060397;-2.209284;0.429416;0.682767
1.290002;-5.203160;2.254394;-1.454748;-3.080013;0.974092;-0.554511;-1.948720
-1.102536;-4.261594;3.660927;-0.868827;-3.538226;-0.171343;0.846124;-1.455030
-5.162122;-3.080168;0.519928;-2.237322;-2.492542;-2.371521;1.501141;0.660898
-2.737525;1.128306;-2.689014;-2.529103;-3.073510;-1.788016;0.809064;-0.407347
-1.037714;3.502099;-3.273728;-0.576286;-6.455610;0.201044;0.703099;-2.359379
-3.534913;0.562466;-2.821214;-1.620062;-3.589810;-2.960925;1.626074;-0.254310
-2.230424;-5.373036;-0.423022;-3.329931;-2.323468;-2.341001;1.301889;0.061380
0.456587;-5.951705;2.296415;-1.398654;-4.011593;2.376390;-0.210624;-2.529912
0.382585;-6.244362;1.998190;-1.743828;-2.999362;0.580449;-0.734791;-1.606348
-2.993640;-5.539500;0.557510;-3.160489;-0.974896;-2.496276;-0.006988;1.070546
-1.566361;-4.821386;-0.426043;-3.040524;-2.081593;-1.598062;0.762337;0.604061
0.386749;-0.460247;-1.208824;-0.289223;-5.720063;0.500974;0.959247;-1.954108
-0.960771;1.380742;-4.841743;-1.581633;-6.270064;-0.869118;3.071575;-2.267690
-2.150367;-0.701674;-3.942466;-3.230583;-3.572113;-2.253687;2.853054;-0.306686
-1.053421;-5.131445;-0.624471;-3.515554;-2.584511;0.273008;1.349345;-0.331551
0.995600;-4.920338;2.153669;-0.989915;-3.048369;1.467272;0.051763;-2.224516
0.342993;-5.501226;1.357508;-1.778779;-2.487555;-0.868032;0.610573;-0.851580
-1.613724;-6.802104;0.122030;-3.373157;-0.938927;-2.405732;0.701878;1.359738
-1.034292;-4.103311;-0.699093;-2.647914;-2.239352;-0.937630;0.999076;0.139231
-1.221998;1.829363;-1.824685;-0.129190;-5.842071;0.976688;1.368645;-1.443503
-4.193100;3.200431;-3.825298;-1.535288;-4.678317;-1.833855;3.154321;-0.703234
-3.706995;-2.224055;-2.498086;-3.099374;-3.289944;-2.464394;2.343930;-0.638456
-0.282129;-6.132150;0.295498;-1.620585;-3.792149;0.774087;0.306380;-2.309643
-0.154514;-5.008586;2.276020;-0.548937;-3.383992;1.537061;0.219420;-2.195079
-2.434127;-5.676286;0.954411;-2.427799;-2.335712;-1.497314;1.816813;-0.067356
-1.710062;-5.115969;1.054690;-4.149195;-1.777516;-2.953913;1.391020;0.304261
0.479960;-3.189845;-0.849346;-2.894039;-3.433880;0.124556;0.351894;-1.270656
-1.568827;1.258533;-2.684313;-0.876922;-6.266576;1.230048;0.922602;-2.093518
-3.113934;2.004531;-3.295410;-2.492209;-4.701130;-1.721783;2.327425;-0.437200
-1.551739;-1.122021;-2.195346;-3.033793;-3.056877;-2.201801;2.031443;0.309257
0.929300;-5.375670;1.372748;-1.861515;-3.788538;1.300809;-1.264054;-1.479008
0.730690;-5.036657;2.201910;-0.623221;-3.540184;0.677361;-0.787417;-2.585798
-1.554022;-6.415767;0.349270;-2.641886;-1.907327;-2.196638;1.018937;-0.979580
-1.319793;-5.853241;0.121541;-4.302795;-0.892771;-4.062666;1.097961;0.520811
0.519220;-4.054739;0.175536;-3.740463;-3.494603;-0.578023;0.800500;-1.278010
-1.090629;1.248480;-1.999027;-2.134672;-5.984776;0.388930;0.458777;-2.675477
-3.234827;2.542106;-4.844822;-3.207127;-3.846926;-2.770679;2.422096;-1.197462
-2.271607;-2.294735;-2.982043;-2.413570;-3.105603;-2.949261;3.075957;0.283374
-0.529709;-5.541736;1.320443;-0.378635;-4.340045;1.667443;-0.367846;-2.492182
-0.824211;-6.287127;1.865061;-1.549676;-3.293255;1.925370;-0.325371;-1.842772
-2.514462;-5.552287;0.055210;-3.104584;-1.118232;-1.880970;0.485722;0.431122
-1.571841;-4.692900;1.017044;-3.038027;-1.217217;-1.990188;0.636723;0.867537
-0.261732;-4.309167;1.589484;-1.105017;-4.518082;0.440796;-0.072094;-1.887290
-2.560633;-0.123759;-2.945586;0.226524;-6.035887;0.011323;2.147465;-1.897593
-3.523340;2.143702;-4.735391;-2.011955;-4.070854;-2.932339;2.179900;-0.979900
-3.270133;-0.256088;-2.091458;-2.098811;-3.809352;-1.454489;1.539941;-0.087237
-2.267580;-3.053353;2.168395;1.077098;-5.074007;2.460807;0.416284;-0.809431
-1.371896;-5.307216;1.210573;-0.836602;-3.268030;0.435697;0.553882;-0.666553
-2.057966;-5.624859;0.638934;-3.355894;-0.400537;-3.452701;0.860026;-0.438968
-0.876239;-5.661295;1.249901;-2.915828;-1.582121;-1.442437;0.712494;-0.642073
-0.816709;-4.003580;0.882276;-0.810755;-4.571121;1.270393;-0.216317;-1.970114
-2.721049;-0.041025;-2.808291;-1.159598;-5.133641;-0.768906;2.508943;-1.224506
-2.752049;1.355717;-4.807743;-3.195618;-4.404496;-3.173666;2.479562;-1.320881
-0.634526;-1.489926;-2.919971;-3.815640;-4.408876;-1.158929;1.146817;-2.085576
-0.776569;-3.429053;0.256977;-1.314735;-4.004308;-0.198309;0.220019;-2.439073
-3.231731;-4.747020;-0.608212;-2.817324;-1.426495;-2.680992;1.513253;-0.278787
-1.630044;-5.419736;0.131222;-3.811561;-0.789627;-2.412691;0.988413;0.568688
1.066437;-4.803404;2.512670;-1.829486;-3.723075;0.743018;-0.271499;-1.785805
-1.419866;-4.913525;1.015650;-1.643345;-4.186366;0.646109;-0.241504;-1.965356
-3.452645;-0.133874;-4.025090;-3.353090;-3.675829;-3.304407;1.292984;-0.775881
-1.446067;1.327568;-4.835123;-3.097575;-4.455754;-2.917688;2.201767;-0.701587
-0.720125;-0.558308;-1.634856;0.459446;-6.236473;1.192701;1.559799;-1.904570
-1.516739;-3.540563;-0.685363;-2.029832;-4.258487;-0.459997;0.206767;-2.291888
-2.066256;-6.392630;-0.585848;-3.670312;-1.264099;-1.888377;-0.091059;0.326232
-0.092617;-5.347651;0.786509;-1.763819;-1.789935;-0.180613;1.084351;-0.624920
0.643948;-5.762695;1.731340;-0.626372;-3.893607;1.599968;0.202723;-2.404265
-1.169160;-2.837859;-0.794643;-1.649158;-4.224611;-1.639866;0.388257;-2.142205
-2.160797;1.659416;-4.146698;-3.193113;-3.097185;-2.878939;0.835913;-0.937016
-1.357376;1.313454;-3.972423;-2.691048;-4.417270;-0.458204;1.849336;-0.924557
-2.061838;-0.876488;-0.332873;-0.546354;-5.697348;-0.371414;1.030663;-2.388735
-5.894803;-3.872277;-0.238458;-2.020205;-2.210136;-3.020032;2.355914;-0.022831
-3.271349;-5.713750;1.065819;-2.693843;-1.099078;-2.249171;1.532026;-0.097338
-0.115972;-6.185158;3.293971;-1.188279;-3.692375;1.512809;-0.267459;-2.780771
-1.953811;-5.815454;0.722956;-2.282009;-3.035813;0.014784;0.179723;-1.643523
-2.280004;-2.111153;-3.477452;-3.931563;-2.705994;-3.081135;0.274949;-0.878011
-2.336172;1.396138;-4.680400;-3.478487;-3.367692;-0.975118;0.945940;-0.514074
-1.679621;2.230305;-1.671196;0.109619;-6.153809;0.118344;1.523022;-0.673348
-3.599817;-0.762562;-1.178223;-1.584921;-3.281401;-2.467843;1.222362;0.245037
-2.109542;-5.727211;1.217172;-3.608531;-2.271805;-0.842707;0.746302;0.425998
1.057970;-4.932820;2.889535;-1.604069;-4.400045;1.544774;-0.201968;-2.845681
-0.325927;-5.003462;2.419324;-1.034355;-3.819275;0.433967;0.040927;-1.247704
-3.474094;-3.959895;-1.002417;-2.408638;-2.587516;-2.845291;1.293360;0.148161
-2.799513;-2.059716;-3.974365;-3.237144;-2.995523;-1.835028;1.529512;-0.070858
-0.779995;0.529150;-3.074034;-0.602396;-5.711523;1.134951;1.078794;-1.726111
-3.481187;0.980625;-2.841366;-0.886550;-5.053121;-0.560646;1.740995;-1.317384
-4.092383;-2.947300;-0.388844;-1.918750;-2.406252;-2.589755;2.328302;0.782449
-1.405683;-4.384326;2.293849;-1.254103;-2.565877;1.175176;0.843287;-0.576220
0.378075;-1.902874;3.001981;-0.307441;-1.659847;0.639334;0.355614;-2.628958
-1.220621;0.818469;1.901794;-1.407586;0.284029;-3.533310;2.994964;-1.859849
1.286597;-1.843173;0.543307;-2.551145;0.777050;-2.556549;1.593584;0.334186
3.146698;-3.114384;2.407064;-1.272504;-3.543502;0.128806;-0.132935;-0.917417
0.553105;-3.277836;3.004093;-0.488444;-3.857324;0.747021;0.159584;-0.645004
-1.106478;-5.442127;0.549858;-2.041500;-2.270092;-2.239822;0.277822;-0.187387
-1.980907;-6.331533;0.626737;-4.263723;-1.478836;-2.744640;0.503030;0.879649
-0.419412;-5.621704;1.720148;-2.814982;-3.442952;-0.096824;-0.083426;-0.817783
-2.028528;-4.316769;1.878803;-1.026324;-4.629947;1.181785;-0.010880;-1.781267
-3.957598;-1.307329;-2.494834;-1.719812;-4.400104;-2.011257;1.580068;-1.767056
-7.406905;-0.705390;-5.003937;-4.210206;0.841803;-0.976571;2.533953;-1.815498
-13.837124;-3.772627;-4.769659;-5.836171;4.955792;1.795295;1.113477;-2.567946
-18.061939;-4.151668;-0.528028;-2.254591;3.272208;6.058978;-0.656514;-3.000368
-17.970952;-3.212093;0.317926;-2.504226;1.499496;4.745032;2.513844;-1.847572
-18.039065;-3.630331;0.714724;-1.704145;0.985927;5.326700;0.642528;-1.890853
-18.912610;-1.638157;2.183366;-0.626001;0.562882;4.297262;-1.065708;-1.032043
-18.377748;-3.360927;0.894285;-3.068704;1.812847;5.767492;-0.118479;-1.011464
-18.119077;-2.336588;3.375012;-1.661019;1.827596;6.375713;1.520447;-0.440180
0.873491;1.337837;-4.316990;-1.392156;-2.076966;-1.091110;-2.199795;-0.056173
1.170847;2.051260;-5.436960;-3.599028;-2.590455;-2.399728;-0.412600;-0.198626
-1.412328;-1.011843;-2.411530;-2.647153;-3.901220;-2.057637;1.641810;0.163787
0.555791;1.015076;-1.134235;-0.757158;-6.022461;0.435691;0.147343;-2.095238
1.170688;3.296771;-3.515140;-1.264258;-4.822865;1.418671;1.218389;-0.818625
-0.023118;-0.866088;-4.545030;-2.723120;-1.657074;-2.017990;0.969810;-0.137417
-0.883151;-2.897600;-3.133112;-3.322283;-2.406020;-1.513704;1.421869;-0.077153
-1.642618;2.549076;-2.538061;0.157640;-5.554103;1.050360;0.737377;-1.811849
-4.552949;3.634694;-3.367071;-1.370567;-4.665997;-1.265248;1.397814;-1.355578
-2.890675;-1.849317;-1.609690;-2.264119;-3.012556;-2.246203;2.002438;0.199199
-1.066308;-3.138143;0.248569;-1.098596;-4.695277;1.115930;1.265259;-1.220945
1.144677;2.219752;-4.263419;-2.390809;-5.880343;-0.162504;1.535931;-2.703676
0.262217;2.283126;-5.502099;-3.314061;-4.161913;-2.755528;2.078564;-1.749893
-1.531157;-3.498678;-1.980838;-3.595589;-3.686338;-1.089666;1.468820;-1.232900
-0.067492;-1.039277;-1.702918;-0.828924;-5.086046;0.526067;0.272926;-2.413256
-3.071011;2.735592;-5.381584;-1.746132;-4.285882;-2.261435;2.386314;-1.906767
-1.788733;0.462444;-5.125524;-2.799912;-3.517203;-1.030489;3.747362;-0.396868
-0.695075;-1.960366;0.469781;-0.608033;-4.136556;1.206374;0.636775;-0.776335
-0.596048;-1.112887;-1.114768;-2.196745;-2.843744;-0.593953;0.870150;-0.935629
-0.052967;2.386065;-4.251856;-4.896814;-2.484549;-1.570676;1.906824;-1.407129
0.297103;1.378580;-2.898650;-3.409989;-4.687339;0.063915;0.673126;-1.692023
-2.247739;-1.604277;-0.622355;0.223183;-6.380216;0.490344;0.969897;-2.406112
-0.837904;-1.925087;-4.451033;-0.947201;-2.698960;-1.711515;0.260270;-1.961036
-0.777089;2.168689;-5.443410;-2.936240;-2.822346;-2.748835;0.696936;-1.473633
-0.031495;0.438383;-2.100459;-2.041883;-4.700267;-0.018125;0.653365;-1.423409
-1.063932;-1.907282;-0.621096;-0.668029;-5.554336;0.157753;1.050872;-2.827764
-3.033438;-0.048365;-3.713489;-2.557349;-3.381796;-2.547069;2.564587;-0.936017
-1.190966;1.996939;-4.945367;-2.661962;-4.163681;-1.061452;2.055511;-0.136588
1.398251;-0.149427;-1.434258;-0.390181;-4.606093;1.170472;0.331961;-2.041265
-1.241842;-1.897638;-0.674473;-0.697312;-3.959346;-0.301776;1.886921;-2.085023
-2.880561;-0.142880;-5.112463;-2.785688;-4.261169;-1.500047;3.765143;-1.183504
-0.018429;0.337315;-5.852486;-4.520374;-3.424047;0.095696;2.522254;-1.349811
1.098053;-0.786689;-2.535247;-1.959934;-4.648890;-0.097558;-0.221813;-2.820859
-2.658784;-1.893466;-2.769696;-2.177294;-3.926340;-3.058814;2.668684;-1.723205
-3.099403;0.638451;-4.647784;-3.552792;-3.489133;-2.212528;2.763546;-2.031203
-1.834222;2.605876;-2.477916;-1.154529;-5.941393;2.307535;1.598239;-1.930479
-2.466849;0.273160;-1.571830;-0.923121;-4.809196;0.580665;0.949665;-1.456188
-3.255501;-3.345167;-2.658732;-2.763080;-3.178998;-3.519829;2.705258;-1.544417
-1.892601;-1.641947;-3.774657;-3.009829;-3.960263;-0.325344;2.940114;-1.212388
-1.371091;1.693331;-3.020085;-0.384010;-5.611837;0.778926;2.125742;-1.834094
-4.449988;1.552393;-2.890306;-1.790583;-3.622697;-2.720380;1.846402;-0.706007
-2.887187;-2.773834;-2.149948;-3.180148;-2.852358;-2.025907;1.761480;0.669574
-0.218544;0.103979;-0.527052;-0.553785;-4.758504;1.414760;0.788981;-1.073756
-2.107210;2.595758;-4.232727;-2.327166;-4.132970;-0.163367;2.523556;-0.840941
-2.730178;0.924124;-4.009843;-2.100739;-3.468730;-1.670300;1.690653;-0.471262
-1.815610;-3.916212;-0.817768;-2.053823;-4.909757;0.191057;1.148515;-1.745671
-1.277611;-0.826249;-1.578065;-0.211912;-5.665267;0.569541;0.982280;-2.588741
-3.528752;2.392078;-4.914754;-2.142245;-4.455279;-1.675496;3.334626;-0.970400
-1.360036;0.379344;-2.201907;-2.548972;-3.726050;-2.119150;2.250580;-0.164624
-0.538493;-1.758357;-0.112975;-1.086275;-5.656142;0.131816;0.720406;-2.591256
-2.755544;-0.052148;-2.800472;-2.097082;-5.082466;-1.251320;2.746321;-1.245663
-2.444442;1.714480;-5.594836;-2.540320;-4.429219;-2.639042;3.567532;-1.673242
-0.133071;0.263676;-1.457258;-1.184639;-3.676188;0.569456;1.970257;-0.375346
-1.313898;-2.279751;0.578228;-0.646101;-4.159521;0.297618;1.107111;-1.715240
-3.342929;1.541227;-3.648735;-1.800312;-3.633727;-1.547668;2.244860;-0.857076
-1.639073;2.445355;-4.307447;-2.752124;-4.572991;-0.710293;2.191460;-0.963004
-1.037457;0.518719;-0.910934;-0.660670;-6.285675;1.319264;-0.160970;-3.165336
-3.940516;-0.145258;-2.087832;-1.608703;-4.129677;-1.191359;1.491435;-1.500011
-4.832581;-1.011309;-3.594605;-2.034426;-3.432866;-3.330932;1.800383;-1.760519
-8.148047;-3.381023;-3.450847;-3.854991;-0.886963;-1.526836;3.158700;-2.265866
-15.599744;-2.984549;-2.565487;-4.575247;2.223692;4.380624;0.976197;-3.181910
-17.123600;-7.255381;-5.132056;-6.840923;6.502532;7.079406;2.464814;-4.774739
-18.093772;-8.809678;-7.876308;-7.418152;9.748635;6.605213;1.835604;-6.643722
-0.199153;-2.178848;1.234019;4.231369;0.275148;3.799775;1.317429;0.268660
0.877373;-2.715302;-0.178361;5.203120;-0.131049;1.516240;0.815748;0.932914
-0.381501;-2.977869;-0.962044;2.206242;2.226633;0.727354;1.849915;3.602131
-1.409163;-2.752896;-0.078915;1.891687;0.963435;0.685965;2.321937;4.169001
1.169753;-4.245504;-2.987204;2.625658;-0.293135;2.135154;0.810614;0.111692
0.788123;0.877420;-3.966183;1.146707;-1.496212;1.905096;-0.253504;-1.062875
0.625027;5.524226;-6.080462;-0.471077;-2.017055;1.019144;1.190121;0.015981
2.677951;2.621372;-4.985021;2.149388;0.266565;-0.100177;-1.393814;1.703362
3.888298;-3.327907;-3.745543;2.743188;1.462985;2.567681;-1.013516;-0.310879
0.844533;-3.790033;-0.896687;4.878544;0.880799;2.908982;0.845891;-1.391047
-0.582596;-4.052469;-0.036362;3.415892;0.858054;1.944366;0.542699;0.377007
-3.015629;-2.562255;1.035464;1.863605;1.561403;1.329576;2.136140;3.346228
-2.020705;-4.791107;-0.830734;1.507804;1.336011;1.534007;1.511006;0.935063
-1.015586;-0.214656;-2.626863;0.455714;-1.004786;1.489645;-0.658332;-1.048974
-5.279589;6.375928;-3.460947;-1.748718;-1.328898;0.877253;-0.719414;0.114196
-1.384047;2.790128;-3.606427;-0.003308;-2.224764;-0.477386;0.609392;0.562469
2.697656;-1.142211;-2.526209;2.881868;-1.779678;2.313904;-0.268996;-0.316662
1.179656;-3.037724;-1.119623;4.841466;-1.361550;1.312573;0.418193;-0.743409
0.166859;-4.097008;0.221316;2.385910;0.210712;0.685543;2.545245;1.899783
0.046562;-2.684767;-0.264112;2.101586;1.473283;-0.461656;2.295962;3.613763
0.776979;-3.158529;-1.106382;3.791387;0.398096;1.241164;1.159259;1.519814
0.502402;0.555520;-2.845296;1.909589;-2.109074;1.628069;0.367961;-1.279766
-2.010380;2.885923;-3.378379;-0.290396;-2.371202;0.136615;1.370342;-0.894655
-2.878278;-2.637768;-1.022054;1.472895;0.770958;-0.280149;1.846372;2.810565
0.076995;-2.603424;-0.677406;3.537578;-1.387242;1.771778;1.549482;1.316839
1.499613;-0.378864;-2.427037;1.913285;-2.682054;2.272185;-0.816720;-1.311578
0.683998;1.858927;-3.154188;1.348173;-3.052017;0.914143;-0.177136;-0.207086
-1.897993;-1.776962;-2.024826;2.338482;0.956334;-0.910766;0.312977;2.917899
-1.528526;-2.095102;1.728944;3.102209;1.154658;1.319324;2.345911;2.786853
-0.190720;-0.763964;1.688150;3.931424;0.137846;4.028429;1.534894;-0.234502
0.670340;-2.002686;-0.054412;4.408079;0.952262;1.959918;0.316860;0.282840
0.454077;-1.405731;-1.243542;2.861771;3.267655;-1.111589;1.716934;1.440408
1.037744;3.303855;0.165504;2.877797;3.559373;-0.449798;2.965100;0.233041
2.024443;3.533793;0.937285;4.563585;2.175454;3.331677;1.646429;-1.312286
-1.051689;-1.395962;0.992241;4.873146;0.036053;2.445626;1.371162;-1.287369
-1.754573;-3.923217;-0.054194;3.809852;0.653809;1.488265;1.510546;1.586716
-2.686078;-2.979696;0.225538;2.201976;2.201275;0.433286;2.359512;3.877394
-0.478779;-2.683456;0.124259;3.917438;1.121278;1.726302;2.552553;2.429366
0.596530;-2.918779;-1.045297;3.808719;-1.141041;2.815410;1.833227;-1.204480
1.315046;-0.380143;-3.742248;1.537512;-0.955356;0.769137;-0.904739;-1.671053
0.001623;5.027534;-5.279255;-0.821746;-0.853747;-0.864135;0.008688;-0.951089
2.175426;2.977279;-5.665288;0.434264;0.064018;-1.140764;0.010396;1.330216
4.522399;-2.192363;-4.277369;2.774210;-0.587711;2.158406;-0.612468;0.106323
1.677012;-4.180344;-1.463728;4.122273;-0.682898;1.803379;0.464065;-1.666054
0.104822;-3.830822;0.640909;4.606320;0.549485;1.575395;1.463032;1.820894
-1.852527;-2.767928;0.480728;2.642457;2.144995;0.481001;2.864864;3.840967
-0.778005;-3.381185;-1.322855;2.889633;1.483776;1.191941;1.397708;3.644157
1.578012;-2.202355;-3.552209;3.046097;-1.889417;2.606192;1.369219;-0.722105
2.224353;1.621033;-5.823909;1.627183;-2.714534;2.040758;0.869975;-2.198488
0.177150;2.295469;-5.518328;-0.106628;-1.410472;0.186744;1.118165;0.429163
0.768880;-3.994543;-3.101687;1.287938;1.302245;-0.732148;1.182343;1.531093
3.420471;-4.643440;-1.576747;5.204315;0.334608;2.393774;0.780546;-0.238989
1.042542;-3.122059;-0.743455;5.252020;-0.527616;3.261139;0.969708;0.059489
-0.772957;-2.819243;-0.418901;4.006207;0.105548;1.816336;0.940963;0.781272
-0.481751;-1.941601;-2.243647;1.952090;3.685047;0.737353;0.932451;2.846974
1.757349;-1.388186;-4.222109;1.781377;1.731073;0.431582;1.748317;1.319817
2.580384;-2.698281;-3.228835;2.703893;-1.673122;2.423690;0.587163;-1.518665
1.539854;-2.382561;-3.211936;3.312534;-1.942416;1.052310;0.066531;-1.618923
0.522248;-0.994182;-3.906824;3.098986;-3.821533;-0.041966;2.091872;-0.635193
-1.942224;-3.997197;-2.545247;1.939720;0.234490;-1.120799;2.909777;1.973142
-1.219940;-4.974482;-2.280905;2.108787;1.174808;-0.672539;1.760801;1.909415
1.882588;-3.373962;-1.768639;4.713806;-0.504123;1.107041;0.528054;-0.971670
1.596195;-3.011240;-0.664115;4.998386;0.548003;2.119026;0.409550;-1.037648
2.530441;-0.878240;0.143157;5.534459;1.773567;0.580526;0.261796;-0.602975
3.995014;4.299251;-2.021653;3.044641;4.364347;-2.073292;2.173011;-0.245903
3.662993;5.557427;-0.901809;1.843900;3.672240;-0.736451;2.579338;-0.491084
2.803891;-0.935303;1.498442;2.442595;0.399019;2.285052;1.387455;-0.756499
-0.296356;-3.098887;0.658081;4.769700;-1.334785;1.347942;1.799277;0.057849
0.066193;-2.993038;0.753833;4.807655;-1.156465;0.448705;1.943935;1.636970
-0.807254;-3.284134;-0.161837;1.883481;1.254776;-0.381817;3.526999;3.198646
-0.000991;-3.404544;0.058162;3.287318;0.693203;0.785035;3.116939;3.966633
2.494928;-2.823394;-2.824701;4.138956;-0.369643;1.699920;-0.387555;-0.578477
2.681496;2.284539;-5.177154;1.546402;-1.882138;1.096829;-0.032446;-1.060937
1.023494;4.774813;-6.597793;0.014396;-2.450335;0.665660;1.944991;-1.863555
-1.225691;-0.220588;-3.080019;1.642672;-0.671551;-1.071845;0.883826;1.881838
-1.053137;-5.211259;-1.187166;2.231896;0.899141;0.655576;1.047325;1.336663
0.446505;-4.825631;-0.246360;4.423729;-0.791503;3.667290;1.662062;-0.228120
1.010321;-5.504696;-2.303931;3.209840;0.810482;2.052689;-0.195630;-0.947907
-2.147920;-5.230728;-2.889526;1.212610;3.471971;-1.236104;0.450631;-0.129335
-4.728953;-4.219744;-1.028101;1.262569;1.967558;-0.094056;0.686079;0.746793
1.286576;5.263509;-3.863836;2.622261;-2.176913;1.164861;-1.593332;-0.889860
3.008082;5.995313;-6.218573;1.700439;-0.549978;1.260318;0.747310;-0.894672
0.651478;-3.491134;-3.880741;2.550827;2.658158;-0.198563;-0.140026;2.130910
2.558899;-3.991890;-2.481267;3.807086;1.876566;1.162327;1.178413;0.923621
4.921857;-1.846642;-1.984916;4.366894;2.029389;3.129443;0.933908;-1.346200
4.256781;-1.741034;-0.068783;5.364906;1.336098;1.970430;0.486379;0.406829
2.443861;-3.602954;-0.164752;5.122345;-0.133569;0.813075;0.794608;1.688268
-0.349057;-4.847299;-1.389323;3.004520;1.025045;-0.365701;2.243075;2.885867
0.272098;-3.178658;-0.909948;2.586181;2.141649;1.272059;3.608080;4.269952
3.118098;-3.738196;-2.318931;4.392661;0.852242;1.749065;0.811973;1.039432
2.085484;-3.815416;-2.399104;4.089016;0.117471;2.519417;-0.194027;-0.557118
0.456872;-3.479598;-1.469236;4.932237;1.016517;1.460019;-1.214113;-1.125503
0.757567;-3.341235;-2.713762;3.020252;3.288733;-0.465256;0.245269;0.360038
3.058934;2.035293;-3.176607;1.613337;5.761690;-0.640443;2.342990;0.278959
3.382170;6.157635;-0.797974;1.480917;3.990376;3.022480;2.362371;-0.613198
-0.217678;0.222737;0.868955;2.613927;0.512343;2.151667;0.767410;-0.474012
-3.070152;-1.521027;-3.890789;1.822192;0.702951;-1.211163;0.409096;0.258056
-0.360174;7.079605;-4.957117;-2.601695;2.040864;-0.341442;0.428219;1.182040
1.718677;7.422257;-2.309525;-0.208940;-1.994464;0.810789;-1.157086;0.722403
-1.998042;0.678958;-0.796867;2.323985;0.310444;0.212151;-0.097561;1.735431
-0.811100;1.808249;0.679602;2.313067;3.766897;-0.565492;1.131870;0.541121
0.992080;0.680809;0.222547;4.106956;2.626267;2.267996;0.125397;-1.493268
-1.174541;-2.542461;-0.313637;5.451341;0.093447;1.889080;-1.006703;-0.912035
1.180413;1.880759;-2.294200;2.788585;3.225869;-1.013008;1.293344;-0.252171
1.803736;6.819165;-0.992296;1.158250;2.968989;0.351484;2.321355;-1.776590
2.063070;1.877241;1.232177;3.071598;1.033677;2.653713;1.594942;-0.426958
-1.853770;-3.491498;-0.108518;4.394453;-0.931450;1.809920;0.750919;-0.558050
-0.975527;0.511037;-4.333741;2.061472;0.030297;-1.869476;0.471544;0.108438
-1.260660;7.750562;-5.304230;-1.420884;2.603607;1.222676;1.001171;1.894721
0.049433;1.501818;-2.869560;0.982094;0.431329;0.300098;-0.473027;1.752009
-1.764074;-3.643593;0.191503;3.690900;-1.545153;2.554187;0.589397;-0.916524
-1.966160;-4.389565;-1.262915;3.511928;1.351799;0.378789;0.076796;1.473728
-1.834841;-0.073024;-4.092889;2.104671;0.661787;-0.442422;1.353218;0.550736
0.400680;7.382753;-5.595868;-1.984228;-0.812766;0.264051;0.258079;0.233709
1.253010;5.808561;-3.013962;-0.690913;-0.441302;0.947420;-0.702919;2.186350
-0.171184;-2.777724;-2.463265;3.588376;-0.503576;1.433722;-0.568781;-0.214353
-1.384179;-3.135889;-2.817088;2.790711;2.818157;-0.678323;-0.333290;2.067599
2.007980;3.040044;-3.028809;3.068650;4.715726;-0.555611;2.282212;1.653155
3.041996;8.225176;-2.364892;3.577946;2.340712;0.645022;1.384652;-3.012502
0.322857;1.204385;0.091163;2.705863;1.003508;1.340316;1.285246;-1.341713
-2.589573;-2.928606;0.714284;2.355046;1.224681;-0.199396;0.543531;3.019356
-3.789206;2.538813;-3.093187;2.080223;1.549230;2.272733;0.176449;1.187276
-9.137269;5.028162;-2.384534;-0.146727;0.546154;3.114580;1.156026;1.148481
-15.767759;-3.959771;-0.842471;-3.109543;3.033669;4.367006;0.298582;-2.192922
-17.576257;-4.023932;-2.631749;-6.268873;5.663360;5.649451;4.179502;-3.813651
-18.104963;-2.394513;0.011344;-2.778916;3.176739;5.124034;-0.376992;-2.794374
-17.988394;-2.081229;0.213062;-2.411118;2.442450;4.895650;-0.318597;-2.717992
-2.502056;-2.146988;0.026603;0.336560;0.095586;-2.669635;0.361110;1.864245
-0.799142;0.885614;1.725010;3.498168;1.929946;-0.599028;0.904242;3.432196
-0.150542;0.733575;1.974246;2.944728;2.350803;3.280006;2.171178;3.675713
1.510220;1.941932;2.031350;4.834679;0.918973;2.209185;0.816763;-1.079826
3.190916;4.209512;-0.342651;2.510775;4.525783;-1.245415;2.693900;-1.067304
3.061907;2.666415;-1.233024;2.078588;4.069656;0.099943;3.112160;-1.120706
-0.188212;-1.498028;0.572093;3.586428;0.133901;1.744098;0.913869;-0.569297
-1.007422;-0.413032;1.264566;3.259675;2.551717;0.290373;0.599592;2.850572
2.684970;3.224479;0.801602;2.807667;4.311128;0.350499;0.506779;0.395327
1.705659;3.528179;-1.037936;2.790938;3.925808;-0.196086;0.821620;-1.567807
0.634541;2.923958;1.047620;3.199923;2.674825;-0.234268;2.381590;1.206785
1.449945;0.261934;1.601328;3.847012;2.253656;2.484983;1.183534;0.765552
-2.971569;-2.977195;-2.144197;1.528931;2.941736;-0.506653;-0.602836;-1.404085
4.753124;5.190886;-0.583187;3.718957;6.427995;-0.980368;-0.259331;-0.042845
6.261568;7.847340;0.742031;4.237276;3.324132;-0.297358;-0.790651;-3.171872
-2.190232;0.730724;2.791001;2.473702;1.502452;-0.344655;0.288005;0.287711
-1.266633;0.244385;2.442037;3.003005;2.603645;2.520035;2.208015;4.469964
-0.305318;4.040207;-0.269938;4.701071;-0.574484;3.274419;0.754735;3.434820
-1.538387;7.044829;-3.055128;-2.594005;0.412872;-0.851141;-1.802861;0.343065
1.067337;5.415098;-2.089937;-1.830094;-0.523586;0.070980;-1.922342;1.673887
-1.759480;1.720559;-2.582510;1.870521;1.745150;0.043509;-0.209913;2.446136
-3.948647;-3.051816;-0.098524;1.631269;1.292023;0.383008;1.500004;3.241554
1.192361;4.677918;-4.721274;2.348426;-1.818529;1.176638;-2.574405;-1.654805
-1.294682;7.814089;-5.106946;-1.166329;1.116613;0.016508;-1.716553;-0.518946
-0.751620;1.339534;-0.774121;1.099172;3.016518;-0.573873;-0.895355;2.286203
-0.066146;1.222572;-0.963870;3.426895;0.756093;0.815330;0.168925;0.989635
-2.521517;0.001746;-0.017157;2.622811;2.023147;1.077706;0.432802;3.703492
3.036106;5.718143;-5.195302;1.423799;2.792807;0.041389;-4.539306;-0.500907
1.569499;9.583686;-5.495419;-1.978595;1.821142;0.234656;-2.751316;-0.566417
-2.057062;0.183109;-0.980513;0.730441;2.207939;-0.830313;-1.862356;1.415513
-2.975637;-0.609347;-0.445967;3.125856;-0.606510;0.538384;0.179686;0.667483
0.545404;0.895988;-0.569828;3.876440;3.175530;-0.573575;1.813398;1.127168
2.866855;4.526410;-0.482030;3.213419;2.567112;1.809387;3.385422;-2.384930
1.305853;4.668431;1.016241;3.049516;3.413763;-0.325540;1.526121;-0.547618
0.870084;1.220291;-0.161153;2.330165;3.333530;-0.299981;2.363295;0.816060
-1.361522;-1.514469;1.165475;4.421099;-0.952382;2.294873;0.078510;-0.619724
-4.519578;-0.853008;0.222514;2.506549;1.239738;0.618096;0.405670;0.829164
3.075097;4.301439;0.204594;2.456976;5.517209;0.243730;0.497147;0.229968
4.182435;7.135790;-0.716724;4.507659;2.552968;0.203684;0.044238;-4.545675
-2.611817;0.762289;0.525472;3.876993;2.036976;-1.463979;0.993736;0.899374
-1.641459;-2.005728;0.221495;2.897252;1.736761;0.501573;0.956601;2.924770
0.000643;-1.283788;0.130091;5.768758;0.598360;1.095321;-1.311466;-1.257922
0.708362;3.157769;-1.863851;2.458923;4.841894;-1.726327;0.614475;-1.209249
1.169148;6.879383;0.156467;1.067932;3.319264;-0.771293;1.589020;-1.955587
-1.117699;3.373973;3.126906;2.579585;1.026316;0.455588;-0.387525;0.060056
-2.445621;-0.027019;1.176375;3.454600;2.136366;0.736846;-0.414822;3.182720
-2.190562;-0.654029;-0.349258;4.253157;-0.267629;1.843884;-0.130308;-0.008165
-5.074938;2.141276;-2.357103;1.834335;-1.325839;0.727889;1.703365;0.375675
-1.908354;7.882887;-4.650451;-0.968076;2.440119;2.173768;-0.319644;2.643270
0.173502;5.645492;-3.322119;0.935447;-0.076595;0.985087;-1.051545;2.381232
-3.502369;-0.880262;-0.696524;2.075648;0.705089;1.549059;1.299252;2.333347
-1.748468;-0.491818;0.389720;3.223497;2.719301;0.305261;0.276802;2.338702
1.144565;1.827166;0.824856;3.477594;2.228548;1.496283;-0.762259;-1.154928
1.562600;4.907691;-1.381381;1.691115;5.662465;-2.908732;1.246590;-1.305693
1.663137;3.126983;-1.897929;1.779131;4.704497;-1.483412;2.717990;-1.228511
-0.566569;-1.103266;2.423442;4.256563;-0.177187;4.002951;0.569467;0.055541
-3.081699;-1.382384;1.262340;2.418619;0.758268;1.853849;2.068774;2.986626
-5.168828;1.135850;-4.101272;-0.154224;2.215097;-0.257539;3.022304;1.231512
-9.365721;2.447487;-3.642071;-1.282816;0.416443;-2.263756;3.538985;1.875904
-14.878679;-3.349894;-1.729319;-3.079626;3.358172;3.028626;-1.855621;-3.755786
-17.445946;-2.875794;2.285590;-2.821895;1.881762;1.784862;1.935772;-0.085519
-17.726126;-2.500400;2.699839;-0.614114;0.930302;5.205526;-0.697546;-0.469131
-17.572408;-3.683653;0.272664;-3.111185;2.541237;6.823519;1.662808;-1.492787
9.577926;4.187731;0.793846;-3.288489;5.210711;-2.842514;3.194730;-0.799859
12.472814;4.533874;3.138140;-0.688022;2.566076;-0.492841;0.938832;-2.613094
3.598250;-3.655546;-0.272202;-1.535749;0.902077;-2.968704;0.861383;-0.967413
4.138692;-4.491878;-1.135215;-2.820043;-0.061712;-3.604244;0.951129;0.648948
8.376137;-4.247988;-0.141983;0.137606;-0.765221;0.236160;0.355592;-0.450379
8.103142;-3.425567;-0.002390;1.859759;-2.135552;-0.185359;-0.607135;-1.734096
4.486900;-4.141451;-0.759676;0.592732;0.220114;-2.414640;0.638930;0.146959
6.068661;-4.865201;-0.851371;-2.992657;1.609364;-3.055856;1.290089;0.993098
9.209641;-3.155199;-1.559829;-0.439803;-0.569635;1.193419;0.113321;-0.340289
5.193125;1.775270;-5.328481;0.438617;-5.528133;2.661208;0.548100;-2.398397
0.534884;1.462995;-7.269837;-2.031088;-2.983632;1.120172;3.491209;-0.743734
2.781315;-1.561693;-5.844549;-2.234045;-1.806010;-1.995507;0.302794;-0.991025
8.713029;-5.525168;-2.696439;-1.820876;-1.003379;-0.850306;-1.650375;-1.524001
9.339459;-3.517150;-0.227377;0.545295;-0.579933;-1.059707;-1.283170;-2.905410
5.262233;-3.592276;-1.752542;-0.814375;0.139739;-4.050384;0.604845;-0.251747
5.875940;-4.375198;-1.639854;-2.140052;0.302990;-3.149737;1.632881;1.550893
10.204754;-3.375662;0.913372;-0.032132;-0.180785;0.190638;0.484433;-1.466693
10.007347;-2.916086;1.087125;-0.112599;0.146421;-0.144861;0.243124;-2.112187
4.798731;-2.603769;-0.574991;-1.597214;3.049588;-3.419201;0.891296;-0.235599
10.122926;1.893546;1.543263;-3.453919;4.073854;-3.462133;2.504551;-0.093759
12.706625;3.460494;3.492371;-0.852937;0.998026;0.744184;1.508946;-3.072137
6.826119;-3.779025;0.887828;-0.506027;0.073411;-1.202043;-0.813446;-2.565231
5.691329;-2.443377;0.036411;-3.006825;1.183966;-4.036587;0.325471;0.984956
8.002665;-3.258728;-0.714640;-1.602267;0.831514;-2.541607;0.298780;0.928527
8.880540;-4.541028;-1.272391;1.638159;-2.197583;-1.291909;-0.609642;-3.446201
7.273461;-4.152280;-1.592050;1.040755;-2.049492;-2.552819;0.473910;-1.464584
6.533816;-2.021737;-3.714273;-1.538178;0.069446;-3.143482;1.528728;0.502785
7.044851;1.789916;-5.537159;-2.335559;-0.255043;0.154467;1.139402;0.216648
5.229245;1.323369;-4.187679;1.175746;-4.633305;0.800184;-1.341382;-2.645774
3.804385;-4.086104;-3.622523;0.577877;-2.674730;-1.097180;0.124873;-1.792253
7.386066;-5.130817;-2.761162;-2.650477;0.360995;-4.329409;1.010936;0.913582
9.901177;-4.080059;-0.220949;-0.820599;0.843216;-0.944251;-0.525540;0.234698
8.577204;-3.338712;-0.255695;1.412040;-1.204369;-0.328789;-1.124813;-2.196082
7.169179;-5.209218;-3.100142;-0.570086;-1.546651;-2.793338;-0.605028;-2.329630
5.373105;-2.728419;-5.566029;-2.406349;-1.494000;-3.473237;-0.005330;-0.633686
4.258951;0.866265;-6.427958;-0.225382;-2.892901;-1.018711;1.420890;-0.484076
4.358117;0.712144;-4.165106;2.628262;-5.596739;0.582987;-0.049510;-2.681928
0.458856;-2.567859;-3.690165;0.330130;-2.036927;-2.801699;-0.645560;-1.244169
3.476195;-5.033175;-2.278483;-2.057995;0.173282;-5.229326;1.145695;0.122085
8.851130;-3.258340;1.892605;0.076690;-0.664987;-0.137353;0.531840;-1.701166
8.381822;-2.386629;1.768151;0.579222;-1.018778;-0.601194;0.417236;-1.510430
4.027611;-3.679251;-2.494865;-2.390691;-0.227728;-3.150568;1.215317;-0.389143
5.177232;-5.070579;-1.254825;-2.313507;0.567750;-3.680955;0.944364;0.308645
14.313478;1.021173;1.555757;0.325208;2.155470;-0.616523;0.855707;-2.691341
16.346460;5.484237;0.935655;-0.026973;4.142829;-0.742638;1.385786;-2.514315
7.962253;0.427191;-2.392972;-2.606228;6.437173;-5.141828;1.533022;0.803303
6.507334;-4.042311;-1.467591;-2.755155;2.684440;-2.929759;0.008500;1.296229
9.751827;-3.545563;0.045365;0.602859;-1.339119;0.359087;-0.935549;-2.491983
8.248863;-5.106913;-1.414467;1.778979;-1.588299;-1.605447;0.544065;-2.554483
6.015372;-5.279990;-3.085650;-2.554245;-0.078460;-4.576646;1.253907;0.232290
6.127970;-4.574004;-1.863379;-1.756427;-0.079535;-3.145404;1.380099;1.164284
10.394146;-2.593565;0.565474;2.509739;-0.589358;0.783782;0.679757;-1.647882
9.855402;-2.537644;0.181874;1.128398;1.708047;-0.978920;1.048291;-2.742118
7.823531;0.490072;-0.077432;-1.509317;4.938267;-4.387047;2.467239;-0.225878
9.881200;2.939729;1.463097;-3.712156;3.722040;-2.152943;1.988111;-0.029128
11.310793;1.363901;2.406707;0.047994;1.282470;-0.440684;-0.159810;-1.555849
3.912378;-1.883895;-1.701716;-1.303175;1.628888;-4.447223;-0.080983;0.210862
4.639888;-4.509078;-2.422108;-1.673491;0.142102;-3.559215;0.162033;0.745634
6.117294;-3.337368;0.682261;2.055366;-1.729482;0.862340;0.180596;-2.496714
6.556535;-5.097491;-0.936148;0.085335;-1.188218;-2.247693;-0.755075;-2.088150
4.777685;-4.581380;-2.530655;-2.859110;-0.053473;-5.404611;0.945380;-0.215254
4.599257;-4.366231;-2.160913;-1.728011;0.696997;-1.521915;-0.519099;1.654849
7.904041;3.513975;-4.494004;1.092024;-3.267179;2.027440;-0.674052;-1.805892
1.576830;6.901748;-6.687759;-0.686698;-2.798957;-1.625059;-0.232088;-1.368328
1.252453;-1.768700;-2.145242;0.121922;-0.445646;-1.966584;1.230386;1.283123
5.473168;-3.143347;0.370455;2.961784;-1.475600;1.089481;0.820742;-1.905593
6.161204;-4.521555;-0.989246;0.799489;-0.640935;-1.691253;0.261810;-1.472731
3.800748;-3.852141;-2.309284;-2.280184;0.203768;-4.058353;1.197592;0.651743
4.432776;-4.009410;-0.946057;-1.159208;0.403036;-1.807228;-0.193475;-0.117439
5.159398;-3.040792;0.057585;2.321843;-1.330382;-0.698893;-1.031815;-2.326708
0.805377;-1.188507;-1.075869;0.859411;-1.181396;-2.703856;0.998010;0.564281
2.572355;4.400201;-4.443507;-1.070282;-3.134235;-2.318704;-0.041855;0.350078
4.474291;3.388766;-3.243351;2.024935;-4.752500;0.895845;-0.709202;-1.672834
-0.067090;-2.663375;-2.787430;-0.257072;-1.699706;-2.777718;-0.662019;-1.028301
3.377658;-4.620679;-2.203888;-2.159100;-0.296600;-3.613841;0.286929;0.134064
8.266499;-3.764149;0.671588;-0.356719;-0.742473;0.593007;-0.303550;-2.309587
6.802481;-2.962304;1.177897;-0.117186;-0.804552;-0.836495;-0.622691;-1.775576
1.610997;-2.791630;-1.652125;-1.903755;-0.287791;-4.635570;0.078982;0.082267
4.113504;-3.098100;-0.845697;-0.755501;0.783360;-2.407864;0.883959;1.775149
6.712034;-0.584469;-2.110504;1.355189;-2.068599;0.890229;0.204313;-1.377948
0.396154;4.619669;-6.136763;-0.819189;-3.188912;-1.505246;2.073918;-1.440673
2.398868;-0.227307;-5.819801;-0.903088;-2.068595;-2.036504;0.565867;-0.105459
4.759353;-2.591382;-0.546536;0.901745;-1.329050;0.375575;-1.598744;-1.180650
4.040209;-3.791144;-1.935745;-1.892626;0.906337;-3.120525;-1.074194;-1.097821
4.679937;-5.198775;-3.001798;-3.116343;0.710518;-4.542960;-0.343449;-0.093533
6.429544;-4.885428;-0.709808;-0.260875;-0.657490;-0.799916;-1.075560;-2.549289
5.867651;-4.994339;-0.061271;1.125828;-2.379288;-1.371380;-0.887608;-3.307396
3.482300;-2.747951;-3.563324;-1.460446;-0.464410;-4.271415;-0.416889;-0.666085
2.426631;0.241004;-6.603548;-1.777300;-2.280457;-3.072074;0.249036;-1.388074
0.853488;1.766761;-4.508537;1.836618;-6.395945;1.720382;0.855533;-3.067735
-2.080246;0.228559;-4.370296;0.126035;-2.774508;-1.355054;0.538761;-1.154520
2.966486;-3.182385;-2.248803;0.183096;0.824137;-3.101645;0.815482;1.416919
7.108876;-3.447757;0.384341;1.914540;-0.903789;0.843258;0.355044;-2.507618
5.390650;-4.066793;-0.642296;0.683115;-0.976553;-1.258809;0.105104;-1.160320
6.569847;-2.104427;-2.707504;-2.652574;0.900953;-3.787256;-0.380486;0.949372
7.959823;-2.956291;-2.141759;-1.013006;1.468697;-0.941346;-1.058241;0.100490
8.772699;-1.815547;0.108880;1.064341;1.886155;-1.109585;-0.783620;-2.816998
8.177696;3.679191;-0.480974;0.132159;5.736121;-3.588937;2.540449;-0.557576
8.578304;5.831835;0.276465;-3.037435;4.097123;-2.268134;1.735741;-1.480746
8.053760;2.025591;2.112199;-1.628748;1.589111;-1.384234;-2.014600;-1.515710
2.149177;-1.504809;-1.940801;-1.761068;0.989676;-4.067668;-0.157049;1.029355
4.824469;-2.816115;0.164224;-0.925798;1.283628;-1.956223;0.232687;1.386927
5.788452;-2.036637;0.976580;2.295986;-1.149561;-0.164050;-0.613771;-1.558730
0.248604;-1.849700;-1.299164;-0.511708;-0.086401;-3.432947;-0.165940;0.548371
6.298124;-0.956117;-1.751948;0.264126;2.797030;-3.135417;1.858547;1.156170
10.203101;4.923498;1.324022;0.012927;0.342843;-0.651254;1.906952;-4.218686
6.510825;0.115822;0.199123;-2.432327;2.902473;-1.850780;0.425958;-0.339646
5.225902;-3.299028;-1.747842;-1.979580;1.260187;-2.407977;0.545941;1.945739
9.034173;-2.875170;-0.195438;1.007382;-0.490745;0.441419;-0.131174;0.850583
8.460375;-2.255566;0.167710;2.454819;-1.290270;0.260680;-0.202072;-1.062978
7.380266;-3.224341;-2.326152;0.370259;-0.865835;-2.257531;0.989315;0.126156
7.460451;-4.596818;-1.047304;-1.278181;0.813647;-2.378195;0.310322;0.851076
7.886683;-0.526204;-1.841253;2.247088;4.496027;-3.869779;0.151250;-2.110855
9.383996;-1.250199;-0.353529;0.713106;3.657500;-1.204763;1.714212;0.598416
8.010770;-1.906809;-1.533808;2.622304;-1.224756;0.573462;-0.149814;-1.218704
7.450618;6.190051;-8.386973;0.967884;-4.131991;-0.090996;-0.361104;-3.477644
6.809504;8.564764;-7.135509;-1.096255;-2.893727;-1.927545;-0.445240;-0.605588
6.204049;-0.855935;-4.213022;-0.312259;-0.005101;-1.644739;-0.514478;1.333173
12.742788;-0.306049;-0.654022;2.997965;1.811134;-0.270975;0.112291;-3.538049
11.235074;0.966774;-1.063429;2.067902;3.353388;-2.392484;0.934817;-2.782226
9.548607;1.927021;-1.776992;-0.785122;6.199908;-4.568887;1.785852;-1.382273
11.981332;2.570916;0.644657;1.157131;4.415729;-1.046918;2.303981;0.631317
7.798479;-3.129196;-1.724103;2.242863;-1.341318;0.221383;-0.082459;-1.631144
4.960264;2.855251;-7.534971;2.082380;-3.540823;-1.091985;-1.626847;-4.133796
5.280073;6.861941;-6.354572;-2.361189;-3.230934;-2.299750;-0.604591;-0.554656
8.143126;0.292099;-4.206203;-1.355760;0.057105;-0.560667;-0.987522;1.312932
13.034424;-1.953803;-1.360403;2.552622;2.768647;0.192337;-1.187640;-2.705645
10.740052;2.403027;-0.629461;2.099864;3.391439;-2.292327;1.665821;-2.522841
9.228022;2.761977;-0.491954;0.776368;5.359399;-3.239371;2.924281;-0.693506
13.416446;3.044537;0.828588;0.339793;5.360178;-0.292939;1.738949;1.194369
8.070621;-1.161254;-1.499520;1.624404;0.968997;-0.165487;0.299689;-2.222959
2.222225;3.829417;-6.379840;1.561735;-2.255596;-0.943739;1.317589;-0.626601
4.845017;8.631495;-7.432977;-1.878848;-2.223093;-0.974270;1.022289;-1.025144
7.406371;1.185396;-5.045832;1.057536;-1.836147;-1.437096;-1.860339;-1.422623
9.630223;-3.066493;-1.899627;2.130311;2.696088;-1.410820;-1.783973;-2.860267
6.884310;-0.044752;-1.308697;-0.307141;4.658634;-5.657404;0.961144;-1.583206
7.994072;1.983113;-1.247758;0.093002;4.191886;-3.883396;2.410393;0.028856
10.683120;1.895695;0.513135;3.108627;0.995278;-0.546209;1.119171;-2.557990
8.046213;-2.580706;-0.661573;1.505032;1.842446;-1.872817;-0.612986;-2.441349
6.648379;-0.030450;-1.569333;-1.566501;5.127351;-4.296044;1.016648;-0.049610
9.549727;2.975971;-1.569979;-2.554819;5.193804;-2.867092;2.175524;-0.019772
10.559460;0.161113;-0.600965;1.789342;2.029806;-0.748333;-0.245342;-2.149131
7.331416;-2.678434;-1.715328;2.540387;2.779159;-2.760368;-0.080008;-2.481969
7.073862;0.104521;-2.752930;0.512279;5.190374;-4.871520;2.009017;-0.902456
8.145520;0.713361;-1.584329;-0.698076;4.799226;-2.393341;0.045526;0.264896
9.163653;0.393221;0.354360;1.052967;2.756107;-0.648801;-2.185984;-1.608325
6.070477;-0.313951;-1.234965;0.196173;4.572704;-3.141285;-0.678853;-1.846209
6.880233;0.614448;-1.736944;-1.298174;5.732000;-5.070909;1.453896;-1.290665
12.908122;4.011694;0.567825;-0.574518;4.752721;-1.878340;0.814151;-1.586772
11.787916;1.835551;-1.664080;0.341978;2.084113;-0.839185;-1.305751;-1.387294
3.088644;4.350824;-6.676424;-0.718066;-2.950167;-1.725087;1.140618;-0.859407
4.046434;5.054619;-8.951912;-1.738018;-1.416543;-2.774464;-0.026025;-1.040801
5.689388;-0.782731;-6.341503;2.111074;-1.184539;-1.285946;-2.507889;-1.886573
2.984710;-3.160138;-3.907138;2.485279;-1.137069;-1.249643;-1.591569;-1.816440
1.353649;2.197920;-6.029264;-0.006217;-2.137734;-2.504545;1.173522;0.541421
2.470118;3.674241;-7.125402;-1.311361;-2.701639;-1.854364;0.558705;0.528721
4.731909;0.042459;-5.042847;1.907548;-1.962818;-0.517675;-2.762699;-2.546549
3.878227;-4.495470;-4.403846;0.277525;0.048967;-3.165574;-3.080819;-1.826754
7.565990;0.627978;-1.048086;-0.222357;4.816192;-4.560438;2.015034;-0.403008
13.171499;6.367926;0.398903;-0.825113;3.997433;-1.406686;3.590458;-1.314043
12.709357;5.665705;1.741681;0.905142;2.459643;-0.526902;1.328878;-2.818932
6.371802;-1.291283;-0.832527;0.285195;3.847069;-2.163155;1.123702;-0.505772
6.328207;0.287706;-5.860993;-1.772910;-0.355907;-1.597747;0.755001;1.385342
8.312742;3.661803;-7.916943;-1.100626;-3.696217;0.612919;0.651950;-1.711410
4.139125;1.947968;-6.355726;0.699125;-3.300119;0.248400;-1.198952;-2.607233
1.635952;0.595640;-5.982298;-0.592494;-1.033002;-3.306636;-0.316183;0.003633
11.608731;2.312658;-2.074688;1.526005;4.987530;-4.804677;0.756492;1.842602
17.027000;7.821234;-0.211825;1.481040;1.696801;0.022906;2.134695;-5.008224
10.373354;2.268182;0.089645;1.425551;1.990729;-1.493560;1.304659;-3.012591
4.922553;-1.399043;-0.919183;0.819646;4.052917;-2.947261;1.115721;0.998451
0.019875;-1.515978;-0.966048;-1.762220;4.192876;-0.187155;2.417524;1.255993
-11.654711;-6.221368;-6.545328;-5.310235;3.511289;-0.985586;1.074313;-3.589384
-17.341315;-1.793020;-0.162880;-3.653131;1.520887;5.356693;2.572349;-0.657892
-17.113996;-3.682601;-0.243569;-3.713356;0.916818;6.497831;1.289839;-1.245356
-18.309180;-1.308472;1.757271;-2.901859;0.675563;4.957639;0.693314;0.218843
0.952023;9.993167;-5.834509;-1.940592;0.733149;0.247772;3.261473;0.917132
-1.087869;1.309916;-1.941417;-0.044260;1.844646;-0.552236;1.584966;3.131576
-1.231298;-1.881847;-0.275724;1.684176;2.122392;3.182883;1.845003;2.496148
0.891154;-1.163233;0.721736;4.096427;0.508663;1.852417;1.128222;0.052247
-1.824750;-2.110400;-1.659718;0.845808;1.731431;-1.081954;2.502283;1.870923
-2.164805;-2.443194;-1.563295;1.153430;0.955815;-0.324025;1.780107;2.313725
4.066655;3.380416;1.658341;3.634481;2.397540;1.757279;2.630835;0.217622
3.936875;7.164565;-1.192673;1.774286;3.222654;-1.101644;3.034146;-3.386624
0.734446;3.863046;-2.582864;0.585758;4.564447;-1.883192;1.660347;-0.140680
-0.026832;0.669189;0.811814;1.458989;2.638472;0.461788;1.121438;2.563098
-0.358335;-1.225388;1.305176;4.170932;-0.538684;1.623597;1.176555;0.557112
-2.606069;-1.918030;-1.819915;0.102396;1.222022;-1.038733;2.640756;1.861931
-0.339415;-2.340102;-1.493896;0.738150;2.865927;1.559843;1.741330;3.925702
0.126798;-0.745684;0.377534;3.710572;0.369241;3.126518;0.509253;0.821593
-2.073685;1.573536;-1.927773;1.780803;1.172818;0.962144;0.550897;1.529312
1.393418;8.767929;-6.030685;-2.066648;2.436702;0.838065;-0.181309;-0.167694
3.000808;7.196767;-2.224566;0.768561;-0.072820;0.824649;-1.807620;0.639907
-1.718243;-1.636278;-0.514769;2.598888;-0.627461;1.154843;1.646220;0.959516
-2.495323;-2.406436;-2.079880;1.170445;1.235631;-0.059802;2.667755;2.178603
0.205633;-1.785713;-0.457053;2.127363;1.934551;2.144685;2.249286;2.265970
1.717290;-1.117574;1.656215;4.158693;-0.625500;2.366686;0.814298;0.383472
-0.099504;-3.119107;-1.165116;0.790788;0.507397;0.611675;2.140228;2.258180
3.197911;3.237612;-1.970191;2.320473;4.482677;-0.619710;4.264471;1.494469
3.104906;9.984990;1.083487;1.381867;0.621734;0.378278;5.651802;-3.661855
2.408123;2.571157;1.229081;2.231902;0.799388;0.493916;1.724634;-0.072394
-1.055240;-1.600548;-1.594793;0.704305;0.373363;-0.426280;2.964900;3.195451
0.185980;-2.777019;-1.534352;0.948756;1.665698;1.086187;1.630782;3.578403
1.693350;-0.869945;0.883418;3.965438;-0.212680;2.691156;0.946946;0.805648
-0.788144;-2.665105;-0.722446;1.575211;-0.315418;0.798847;2.084977;1.224605
-1.268272;-3.150447;-2.797960;0.349013;1.817585;1.456137;1.232040;2.096972
1.461828;6.067161;-5.301889;0.376017;2.150805;3.401898;1.146572;1.339945
0.727000;8.840505;-5.545581;1.203231;-0.288220;0.410604;2.131340;0.127033
-1.863785;0.667183;-1.167271;1.300630;1.179060;0.934324;2.364308;3.677160
-0.904052;-1.332446;0.458689;0.905303;2.510305;2.134919;2.386548;4.305416
1.857191;-0.972513;1.482494;3.432192;-0.223908;2.338343;1.730816;1.146618
0.395718;-1.983076;-1.397760;1.110404;0.765034;-0.301034;1.728504;2.178793
-0.156384;-2.046995;-2.655699;0.768273;2.683040;-0.030353;1.961538;2.613254
2.548914;2.498040;0.946360;2.078261;2.316316;2.332972;2.793473;1.125112
1.593488;6.614001;-0.492713;1.326631;2.395412;-0.128807;2.828783;-2.068979
2.504521;4.902098;-1.439217;-0.181186;4.341995;-1.463099;1.520552;-0.180151
3.367997;1.706606;1.892122;1.206686;3.339226;1.208982;0.455657;1.830261
0.313109;-0.042674;1.963055;4.118497;-0.629236;1.778889;1.359253;0.644515
-2.836566;-0.983157;-0.489650;0.876179;0.395952;-0.664957;3.129022;2.661468
-2.030287;-1.767267;-0.412299;1.286934;1.558181;0.876106;2.310472;2.999202
-0.286407;0.131062;2.411334;4.175199;-0.305016;2.676415;0.666030;1.014424
-1.361493;0.478155;-1.945342;1.754733;0.161250;0.808749;1.206928;2.304700
-0.324680;9.064491;-5.940080;-1.048250;0.652938;2.142244;1.271755;0.226930
1.200755;7.547458;-2.314702;0.676243;-0.184264;0.401572;0.769704;1.643675
-3.573598;-0.761548;0.741075;1.041548;-0.223121;0.101951;1.939985;1.847182
-2.350492;-2.264647;-1.160537;1.238485;0.423387;-0.532529;1.685271;2.693179
0.472848;-0.211574;1.571098;3.823451;0.519157;2.989689;1.330391;1.516601
0.369307;-1.585943;0.163426;2.796873;-0.238518;1.830048;0.439498;0.721695
-0.272910;-0.420376;-1.362626;0.640135;2.144750;0.281282;1.684618;3.855639
3.114274;4.275328;0.565550;2.028230;3.603983;0.876583;1.762343;2.705653
3.144841;6.506801;-0.500215;1.570958;2.271482;0.577811;2.866059;-2.992804
1.110051;3.691066;-1.011667;-0.662852;4.551196;-1.240382;1.383963;0.402396
2.195564;-0.193131;0.052504;0.315791;3.211946;0.557972;0.402055;1.696158
1.370433;-0.947980;-0.512138;3.659913;-0.132166;1.215200;-0.374051;-0.468190
-2.176088;-0.879064;-0.650796;0.750961;-0.028947;-0.610340;2.040526;3.560298
-1.094765;-2.157499;-0.854729;0.941528;1.239415;1.676510;2.051874;3.397120
-0.078097;-0.918137;0.629421;3.150525;-0.097143;3.642744;0.901158;1.140987
-2.703190;1.216312;-1.420734;1.798987;0.474950;0.320730;1.661384;1.534885
-2.235208;9.458748;-5.181450;0.076028;0.434226;1.222348;0.436238;-0.244310
0.135955;7.156872;-2.208716;2.006484;-0.155414;0.275892;0.822997;1.211934
-2.800253;-0.311274;0.055528;0.928822;0.148599;0.250685;2.039737;1.908621
2.225186;-2.104057;-2.034668;0.071990;2.404989;0.748848;1.930626;3.936745
5.243482;-0.497254;0.160332;3.667522;1.702660;4.105826;0.941628;1.732817
1.130899;-1.947635;-0.206450;3.245167;-0.964021;1.410571;1.669635;1.079199
-0.924033;-0.273149;-1.412673;0.765363;0.895381;-0.488410;2.925888;2.643677
1.408544;3.595625;-2.543525;-0.203592;2.087040;0.650671;-0.900175;2.033608
0.559462;8.650190;-5.020342;-0.634678;-3.072832;1.899064;1.001653;-0.407631
-2.100760;2.620364;-4.262029;0.020207;0.981258;0.079722;0.472381;1.642786
-2.292956;-0.942591;-0.644928;0.895359;2.159596;0.684618;-0.033860;1.439641
-2.004180;-1.437097;-0.520256;1.953848;-0.422966;0.166138;0.907815;1.033535
-2.639964;-1.651154;-1.896999;0.101418;1.072535;-0.936655;1.928122;2.534639
-2.450831;-0.453754;1.051306;2.247626;0.889205;2.351767;2.350199;1.574962
-3.010129;-2.382811;0.062378;2.300466;-0.826452;0.784905;1.118094;-0.115341
-3.873284;-1.055028;-0.174274;1.121640;0.565583;-0.255055;1.866179;2.292105
-1.511587;5.242156;-2.338235;1.439224;1.798042;1.404852;-1.689146;1.236151
-4.846476;10.561313;-5.006372;-0.976557;-3.141386;0.331077;0.091854;-0.922519
-4.714492;2.181289;-2.362163;0.232787;1.306684;0.517922;1.521955;2.072555
-3.789084;-1.983167;-0.054082;2.567457;0.073572;0.562412;-0.487154;-0.814724
-4.890951;-0.469955;0.685678;1.074230;0.604925;-1.127864;2.272420;2.465606
-3.560436;1.072142;2.596009;2.115872;1.327903;1.331239;1.499880;3.205854
-2.701042;-1.223818;-1.691152;1.744465;0.124919;1.122017;-0.453865;1.211728
-2.738192;-1.647686;-2.744909;0.377130;1.223348;-0.089836;0.404180;2.451822
-2.348898;-0.180314;2.136645;2.355184;0.493618;1.922404;1.645922;1.796495
0.912355;3.232855;-4.004358;1.399487;1.013770;0.943334;-1.084234;-0.949128
-1.061610;10.019200;-5.320803;-0.941561;-0.681473;1.295120;-1.441370;-1.770179
-2.304489;3.909925;-0.921253;0.653010;0.109878;0.193925;-0.389972;2.053271
-4.367036;0.188326;-0.369393;0.304526;0.546788;-1.571025;0.972022;2.048120
-3.709138;-0.650319;0.368623;1.225059;1.221562;-0.177087;0.451317;1.656655
-3.761495;-1.215277;-0.311463;0.920568;-0.526991;-0.809453;-0.439019;-1.228441
-4.389452;-0.474409;-0.555338;0.134564;0.906871;-1.875972;0.050959;0.912939
-4.302069;2.223229;3.021238;3.826060;-0.759447;0.687433;0.255445;0.674727
-6.268722;-0.322334;-0.686208;1.234649;0.416679;-0.104564;0.410286;1.899789
-4.263950;2.034656;0.403650;1.242447;1.407835;-0.545307;0.703495;1.999225
-2.348114;6.397563;0.328309;1.335176;1.742321;-0.474891;1.779456;-1.278395
-0.571402;7.212118;-1.058471;-1.015300;3.459171;0.040216;1.747597;-2.071921
-0.435021;3.717960;2.733271;2.183626;0.692370;0.855247;-0.325144;-1.308138
-4.270278;-0.566834;-0.643693;0.791082;0.648383;-1.718356;-0.838513;0.824909
-2.565886;-2.033114;-1.260363;0.469617;2.988422;-0.149101;0.023725;1.059346
-1.138475;-0.932916;-1.273074;3.270055;0.308919;1.770503;-0.365420;1.283036
-2.810954;-0.572507;-2.613578;0.554553;1.632825;-0.919200;0.479831;3.107941
-2.862718;-0.561771;1.565938;0.132109;2.014583;0.198568;0.907103;2.165401
-1.185162;3.238625;-0.736500;1.171444;-0.099369;1.722357;0.033097;1.371251
-1.941320;9.109938;-4.657303;-1.265394;-0.514585;1.718729;0.145702;-0.686143
-5.379167;7.528568;-5.093539;-2.408083;-0.113587;-0.868864;0.261340;-1.068361
-7.800495;2.401195;1.659790;1.011859;-0.007240;-0.026396;-0.528487;1.331608
-6.173318;0.453371;3.038440;1.980282;-0.520832;-0.444714;-0.501436;-0.493829
-2.325049;0.052241;2.410327;0.612814;2.709630;-0.713529;1.364303;1.214005
-0.199156;2.046200;3.739915;2.293237;1.346389;2.448414;1.722459;0.979202
-4.212913;0.605398;0.828565;1.251310;-0.068307;-0.161620;1.509753;2.837572
-2.057626;-1.138171;-0.907357;1.446954;1.893766;0.136513;2.443996;2.396687
-0.649710;-0.116368;1.738794;3.259861;0.173440;2.782257;0.823695;0.443848
-4.650450;-0.321072;0.917173;0.607532;-0.064104;0.514094;1.248560;3.395259
-1.638903;-1.843958;-0.782866;0.610598;1.367207;0.885513;1.713005;2.997040
-0.611284;0.340734;2.193496;3.279929;-1.065713;2.687795;0.729265;0.417866
-2.702399;-0.178495;-2.786446;-0.284466;0.233026;-1.176034;-1.452076;0.218882
-4.730574;0.273898;-5.703745;-2.294684;1.454807;0.157057;-0.931526;-1.211523
-11.887889;-0.689805;-1.238465;-1.582392;-1.120918;1.040971;0.823676;-1.242147
-16.941245;-2.664504;0.350639;-3.119073;0.892836;5.144263;1.537134;-0.349217
-17.146860;-4.386289;-0.950810;-3.292974;0.328611;4.807025;2.435498;-0.554878
-17.549037;-3.128544;-1.031197;-4.348871;2.928030;6.180863;4.014446;-1.170902
-17.913556;-2.342332;-0.737847;-3.907792;2.705000;6.288771;2.907135;-1.782205
-17.935428;-4.565660;-2.215583;-3.976935;3.601409;5.042927;2.423481;-3.398171
-17.218391;-4.597658;0.615525;-2.820546;1.715951;4.946357;1.383935;-2.938835
-1.106832;-1.447153;-0.667001;0.312540;1.846111;-1.224389;2.869124;1.507074
0.856067;3.034126;-1.861584;-1.114609;2.254337;-0.135463;0.282600;2.231893
-1.710417;10.813974;-2.037274;-1.687214;-3.421398;-0.274305;0.834590;2.008832
1.382244;2.098061;-2.327863;0.093987;1.334961;-0.473314;0.690202;2.823362
1.292441;-2.729843;-0.182299;1.735865;0.139178;1.716032;0.349365;-0.840941
-1.800845;0.579171;-2.745191;0.532045;0.907670;0.768016;0.896300;0.045779
-1.912194;9.036234;-5.331794;-1.476787;1.129743;2.562627;1.268645;0.547021
1.059572;5.965017;-1.303820;1.023540;-0.401423;0.989563;1.062672;3.005465
-1.663617;-2.904321;-0.894647;1.341558;-0.696884;1.256424;2.043480;0.142490
1.988381;-1.391999;-5.168498;-1.966609;2.624944;-1.827920;-2.838577;-1.083039
3.339165;5.521664;-5.795449;-2.073288;1.405524;-0.144777;-2.894055;-1.488301
-0.021251;5.744231;-3.275882;0.402055;-1.608421;-0.156855;-1.776379;-0.315565
-1.080882;-0.917813;-1.686617;-0.612831;1.285709;-0.723076;0.632729;1.894016
0.695478;-2.624455;-0.918804;0.104541;2.566996;1.767309;0.865644;1.902472
1.402921;4.600595;-2.748772;1.372846;1.086046;2.506880;1.032458;2.023207
-1.010743;9.289963;-6.254951;-2.218234;-1.069497;1.702139;4.443237;1.061331
0.211487;1.709610;-1.396018;-0.024761;1.472712;1.503804;0.663849;3.779666
1.082429;-2.019571;0.492309;1.960242;0.976852;1.931883;0.420692;0.647967
2.663226;2.157459;-3.575285;0.648041;0.777310;0.897066;-1.379317;-0.231306
-0.432116;10.168667;-6.716506;-2.148297;0.221177;0.575785;0.386833;-0.541325
-0.759587;4.313313;-2.135432;2.904889;0.530379;-0.398080;1.303114;2.599576
-1.619395;-3.056633;-1.379694;1.772078;0.724984;0.007210;-1.986742;-2.112164
-2.200616;-2.212904;-2.716725;-0.856961;1.775784;-0.944867;-0.748596;0.622359
-2.650606;5.116398;-3.984079;-0.334794;2.234995;1.922857;0.549234;0.779820
-4.354483;9.962087;-5.411738;-2.082998;-2.155145;1.353874;2.513351;-0.334716
-1.315095;2.275625;-1.250971;1.065890;1.431679;0.484711;-0.697075;3.472013
-1.694824;-1.109798;0.366125;1.942491;0.189574;1.729581;-1.876394;-0.878473
-2.773312;1.844463;-1.082123;0.726944;0.173703;0.916646;0.195814;1.735873
-0.284473;7.999133;-5.999952;-0.659386;1.263266;2.483077;1.302229;1.461542
-0.192526;6.131323;-2.871330;2.356278;-0.559659;0.904904;0.209491;1.955921
-3.362505;-2.209656;-2.994587;-0.779818;1.748237;-1.439765;-0.949082;0.418027
-0.217825;-3.667017;-2.340668;-0.834270;3.343713;-1.045245;-0.382971;0.952896
1.996435;2.513333;-4.127511;1.518083;1.939920;0.946162;0.381644;0.050793
-2.822810;9.846948;-5.397627;-1.615639;-0.923585;1.217302;2.081681;0.282360
-0.813077;1.552095;-2.000975;0.650432;0.548271;1.517393;0.975941;2.476101
-1.643859;-2.000283;1.321196;3.186659;-0.359962;3.133832;0.494079;0.230954
-0.999200;2.304145;-1.950608;0.996940;0.800557;1.202210;-0.120156;2.004017
0.805575;8.653770;-5.832441;-0.931339;1.027285;0.577677;-1.708974;-0.106368
1.260692;4.387302;-2.994287;1.390148;0.003919;-0.363935;-2.103156;0.732124
-1.116343;-2.838005;-2.992412;-0.358566;0.361286;-0.247360;1.062758;1.312865
-0.034118;-3.659433;-3.522616;-1.549017;1.903919;0.436273;0.766417;2.200921
1.568204;3.820264;-4.753236;0.127405;1.871829;1.815267;1.175139;0.685184
-1.298760;8.018753;-6.631251;-0.919924;-0.654493;-0.611813;2.378634;-0.043360
-2.613803;0.035654;-1.832563;0.772533;-0.104614;-0.303323;2.704144;2.783231
-1.650282;-3.984752;-0.180818;1.460483;1.392873;2.052022;2.667932;1.275776
1.557517;4.209013;-2.727376;1.914906;0.653061;2.171042;-0.445689;1.127542
-1.813573;11.366554;-4.916784;-0.893881;-0.930452;0.806578;0.797384;0.440956
-0.263921;2.189543;-2.277185;-0.374030;1.749203;0.786122;0.818248;2.530998
-0.306879;-2.041290;-0.905254;1.223168;1.192969;1.202572;-0.266484;-0.532602
-1.427597;-0.076071;-2.530355;0.088728;2.214789;-0.649871;0.763301;1.943592
-0.544924;6.308746;-7.054955;-0.757859;2.933746;0.966926;0.215289;0.288409
-0.150867;7.794743;-5.815245;-0.199675;-1.007621;-0.589303;1.551155;0.712759
-3.005542;0.201985;-1.714457;-1.214894;1.019458;-0.766192;0.679497;2.421924
-2.715077;-2.386953;-1.242237;-0.219710;2.481335;-0.147468;1.418677;1.662920
-1.338317;2.366914;-2.771162;1.984418;0.828381;1.530054;0.094546;1.384958
-4.130523;10.811776;-3.664210;0.817223;-1.769312;0.570742;-0.158248;-0.109329
-3.971899;5.740914;-1.268933;1.273974;-1.108869;-0.832364;-0.381174;2.517119
-8.767234;-1.638980;0.428318;-0.693962;-0.369701;-0.358015;1.434090;1.100826
-13.510247;-5.452389;-3.076229;-4.507613;3.423519;3.786556;0.811575;-1.371079
-16.318197;-4.465731;-1.669220;-4.836651;1.877632;7.551308;2.701926;-0.931360
-1.386717;-2.612105;0.428948;1.048006;-0.042810;2.108341;1.232043;1.590014
-2.214615;0.328167;-1.153721;0.199001;-2.066300;1.436290;0.459976;1.457638
-2.121266;1.725398;-0.979275;-1.400599;-0.698101;1.768708;0.277977;4.255552
-3.987860;-0.567985;0.548170;0.514591;-1.964107;1.307580;0.235419;2.495925
-4.839391;2.353426;1.247688;0.440629;-1.527219;1.003064;0.437055;3.614152
-3.602755;1.013876;0.766229;-0.052710;-1.186167;1.581228;0.449310;4.049158
-3.414411;-2.606505;0.156357;2.559141;-2.571267;0.635462;-0.677261;-0.993725
-5.019292;-2.717892;-1.190906;0.146270;-0.264380;-0.907077;1.379318;1.142655
-2.738936;-5.759515;-1.927381;0.430453;-0.427564;1.106876;1.889250;2.493756
-2.012014;-3.447284;-0.567477;3.574148;-1.939518;1.350474;-0.091040;-1.601648
-5.072052;-2.131036;-0.726027;1.039205;-0.267903;-0.628828;0.331683;1.494748
-4.124411;-3.808496;-1.276956;1.164591;0.343786;0.350616;0.933808;0.820138
-3.589773;-3.748416;-1.022114;1.681765;-1.998188;0.578760;0.234906;-1.104210
-5.351364;-1.373446;0.484224;0.472454;-0.091204;-0.470057;0.381154;1.995060
-5.621093;-0.371977;1.048985;1.688334;-1.276722;1.079998;-0.059901;1.212782
-5.469230;1.693148;0.748206;-0.937116;-1.701569;0.651688;0.240829;2.576945
-4.917720;1.016140;-0.203810;-0.989092;-1.270255;0.726057;0.470355;2.388490
-4.711745;2.099922;-0.237482;-0.974817;-2.019443;1.395634;0.238545;1.991829
-3.744932;0.824426;1.290777;-0.126511;-0.004807;1.747756;0.445368;4.175822
-4.531605;-1.948231;1.746847;2.775880;-2.370616;0.837917;-0.899610;-0.224625
-5.491436;-1.458777;0.207990;0.215060;-0.341332;-0.326694;0.093009;1.778325
-3.981970;-3.591233;-1.359914;1.150147;-0.267384;-0.993003;0.865319;0.576371
-3.544667;-3.228229;-0.854443;1.896736;-1.350978;-0.591574;-0.039257;-0.367561
-3.678770;-2.066719;-0.359272;0.646285;0.369652;-0.393543;0.327819;1.691857
-3.850475;-2.264150;-0.577509;2.617858;-0.833906;0.078236;0.195759;-1.561067
-6.518050;-2.422929;-1.023514;1.134914;-0.779466;-2.713637;0.598988;-1.621199
-4.106004;-3.670611;-1.587338;0.924845;1.170856;-1.813566;0.487618;-1.699234
-3.470965;-1.143093;0.097918;3.521251;-0.375803;-0.473700;-0.182584;-3.320652
-5.017597;1.271101;-0.575217;2.675289;1.999161;-2.813798;1.713565;-1.974842
-2.856370;3.410089;-1.341907;3.110167;2.548279;-2.449195;1.377786;-3.764849
-3.356470;0.395806;-0.035429;1.446563;2.643729;-1.659017;-0.706954;-1.201006
-4.309241;-4.138054;-1.358563;-0.304720;1.544501;-0.284010;0.474833;-0.120617
-2.998370;-2.863816;-0.135811;3.026468;-1.129746;0.731095;-0.950615;-1.638340
-4.118368;-2.656187;-0.956600;0.398634;0.336817;-0.226019;1.446471;2.036352
-2.998208;-4.274852;-1.356252;1.422139;0.809241;-0.060712;1.222782;-0.043290
-2.237408;-3.538095;-0.643757;2.751355;-1.399876;0.110153;-0.482347;-1.722185
-3.434840;-3.465483;-1.515184;0.281887;0.845710;-1.066399;0.695984;0.940898
-3.337249;-3.408183;-1.365406;1.361291;0.975676;0.246202;1.699508;-0.612476
-2.960350;-2.829009;-0.598677;3.038368;0.180776;0.123330;-0.709069;-3.080701
-3.852987;-1.009156;-1.377449;1.350340;1.644392;-2.904031;1.162448;-1.455328
-3.412358;1.800632;-1.054728;1.818221;1.696858;-1.100927;1.655649;-2.064031
-3.764635;-0.442699;0.010197;2.020028;1.327613;-0.047485;0.196500;-1.250445
-4.809039;-2.743203;-0.165961;1.319327;1.313740;-0.816118;0.550588;0.224961
-4.378556;-0.830184;-0.130561;2.991297;-1.495505;-0.625014;0.093179;-2.342994
-6.517391;-1.222517;-0.462137;0.880642;-0.563170;-1.656012;0.444777;0.586878
-4.382480;-4.157521;-1.573692;0.190216;1.405000;-0.479934;0.379343;0.588171
-3.120065;-3.189198;-0.498615;2.540277;-1.018894;0.313889;-1.020152;-2.808783
-5.099739;-1.919262;-0.607668;-0.018554;0.506336;-1.109324;0.067232;0.722774
-3.869820;-3.800999;-2.096482;0.150152;1.150109;0.090781;0.772283;0.380288
-2.372797;-4.827059;-1.104502;2.528481;0.278887;1.121447;-1.397244;-2.985344
-3.666836;-0.606009;-0.790799;1.611446;2.156339;-1.977612;0.458397;-0.607355
-4.382946;-0.992639;-2.251738;0.551685;0.716658;-1.127473;3.544270;-2.882188
-0.370777;-2.653863;-3.379731;2.775322;2.942454;-1.134354;-2.001049;-4.387691
-1.016160;-0.960962;-4.170750;1.656790;3.981826;-4.965843;-1.016630;-3.531804
-3.547891;-1.424454;-2.624161;0.929321;1.668785;-1.921511;0.893694;-3.391801
-3.331508;-2.834243;-0.714022;0.939050;-0.973048;0.753308;-0.007692;-1.156788
-4.158439;-2.644619;-0.418699;0.009226;0.785849;0.520409;0.273090;2.598563
-3.878310;-3.147777;-0.671869;1.275661;-0.627716;0.437300;0.744608;-0.265844
-3.803031;-4.354087;-1.099794;1.199797;-1.513414;0.344833;0.647664;-0.444467
-3.851752;-3.227061;-0.814292;-0.247683;0.002641;1.209282;1.209075;3.188134
-3.811169;-2.823376;-1.114792;1.540180;-0.304984;0.576708;0.804143;-0.123593
-3.842733;-4.721165;-2.190435;1.029495;0.173442;-0.489120;-0.554164;-2.860670
-3.826927;-2.137236;-2.338513;1.300175;2.760329;-1.889087;0.610665;-1.762235
-2.951829;2.685186;-0.486911;2.981507;1.454963;-0.707506;2.289391;-3.640491
-3.654571;0.892206;-0.566026;1.903045;2.350146;-2.381813;0.613961;-2.295979
-4.836904;-2.409422;-1.262261;0.006090;1.040499;-1.230457;0.703628;-1.709114
-4.882729;-2.106258;1.067370;2.994729;-2.059347;0.054772;-0.382637;-2.799670
-6.043704;-2.274204;-0.203278;0.783334;0.588540;-0.783035;0.270560;0.585057
-4.926657;-2.666151;-0.815759;1.100607;0.898601;-0.348553;0.778254;-0.937651
-6.245902;-2.065645;-0.783318;1.105268;-0.157839;-0.682054;0.646804;-0.791082
-5.376607;-3.056758;-0.713244;1.013489;1.025278;0.046979;0.589242;1.057292
-4.147617;-2.541186;-0.471702;3.236335;-0.897079;0.683037;-0.198067;-2.133789
-6.423200;-0.917361;0.229027;0.585432;-0.465111;-0.372382;0.659415;1.883400
-5.931797;-1.645280;-0.008387;-0.542335;-0.487100;1.067370;1.192299;2.404452
-4.036028;1.746064;2.057964;2.003550;-3.864131;1.667035;-1.099471;1.318239
-4.330505;3.466222;2.073492;-0.273187;-0.377745;0.036869;-0.536006;4.017168
-5.102240;2.390228;0.586928;-0.672940;-0.072319;-0.109243;-0.575301;2.606874
-5.724456;4.800643;-0.413816;-1.966979;-1.326908;-0.123344;-0.020175;1.986389
-4.964635;0.958320;0.422285;-0.826453;-0.077568;0.535181;-0.210482;3.015801
-4.687528;-2.674845;0.836814;3.304331;-2.329557;0.519911;-0.826747;-0.944530
-5.016332;-2.637978;-0.835787;0.107471;0.285917;-1.599842;1.114447;0.771603
-3.888962;-4.192932;-1.263457;-0.464526;1.671451;-0.022147;1.050852;0.546207
-4.410822;-2.829273;0.133796;2.481459;-1.239624;-0.001184;-0.088601;-1.275807
-5.465464;-2.109376;0.545194;0.733936;-0.137087;-0.063031;0.228652;1.802706
-5.293783;-2.106927;-0.412471;2.060910;-0.837560;-0.219038;0.466824;-0.354876
-6.651035;-2.280285;-1.188053;0.998632;-0.170473;-1.619971;0.229542;-0.285900
-5.090346;-1.826840;-1.183112;1.494632;1.232709;-0.832699;1.136985;-0.253214
-5.728420;-1.287824;-0.151856;3.151425;0.015565;-0.519506;0.324757;-2.831223
-5.579563;0.372654;-0.085235;3.061645;1.382149;-2.184283;0.071706;-2.283859
-3.700657;3.652606;1.054596;2.762295;1.083756;-1.574635;0.537299;-3.483475
-4.009838;2.159626;0.067879;1.800368;2.110246;-2.271497;0.217878;-2.806541
-4.950793;0.153193;-1.116198;2.395020;1.688315;-2.263017;1.336928;-2.140877
-7.592678;-1.180238;0.221916;1.095973;-0.565948;-1.819443;0.503798;-0.754574
-7.437229;-1.464811;0.214119;1.365575;-0.182877;-1.463705;0.188329;-0.480669
-7.527226;-0.892662;0.254870;0.938178;-0.309380;-0.768011;0.515718;-0.093898
-7.548867;-0.784894;0.453906;0.894224;-0.309648;-0.801191;0.625794;0.243580
-7.414641;-0.447717;0.692447;1.883535;-1.553684;-0.225178;-0.220245;-0.529207
-6.219119;-1.648047;0.297422;0.105627;0.080310;-0.191318;-0.227497;0.902772
-5.584079;-0.643777;1.215139;2.291974;-2.125233;-0.547887;-1.310243;-2.008139
-7.729940;-0.821597;0.735764;0.387426;-0.339025;-0.623292;-0.163103;0.582529
-7.585690;-2.551067;-0.468565;0.010034;0.417699;-0.429081;0.019812;0.650299
-6.462681;2.015000;1.659288;-0.686235;-0.942578;0.546926;-0.500716;2.694539
-6.400889;3.782865;1.434477;-1.308337;-1.318962;0.750290;-0.122773;2.666031
-6.011299;4.767467;1.873527;-0.254115;-2.759132;0.999577;-0.805545;1.881275
-4.377229;2.903805;1.351636;-1.235447;-1.258846;1.756282;-0.173091;3.581300
-6.016246;-2.316222;0.547226;1.775272;-2.338496;0.871380;-1.370180;0.403709
-8.495035;-1.994862;-0.227441;0.272935;-0.507080;-0.502930;-0.365409;-0.108747
-6.121083;-1.469693;-0.696858;1.218390;1.852613;-1.504757;0.405134;-1.473032
-5.545018;-1.587559;-0.944962;1.669594;1.664597;-1.223954;0.714287;-2.248106
-5.426296;-2.272596;-0.700991;1.036924;1.718037;-0.428969;0.726502;-0.383446
-3.491868;0.249909;0.763633;4.852957;-0.744558;-0.425115;-1.014083;-2.211554
-4.611644;-1.840289;-1.225614;1.317569;1.037949;-1.880393;0.025805;-0.338408
-4.547216;-3.952752;-1.667554;0.975403;1.451079;-0.269137;0.534192;-0.125516
-5.634021;-1.786190;-0.197236;1.748023;-0.504890;0.108144;0.000844;-0.544920
-5.232084;-2.271549;0.134470;-0.034382;0.029435;-0.140610;0.127772;1.339182
-3.538960;-1.405459;0.580187;3.206074;-1.043267;-0.521226;-0.173568;-1.398828
-5.491538;-1.010859;-0.236940;1.241588;0.212175;-1.185320;0.724064;0.850205
-6.194381;-2.615040;-0.454688;0.502315;-0.119945;-0.619230;0.828099;0.874787
-7.932116;-1.553383;0.350454;0.814143;-0.822141;-0.639107;0.316157;0.217649
-9.512249;-1.869319;-0.454743;-1.585472;0.603513;0.761069;0.565745;1.212720
-12.860036;-1.917957;0.836518;-0.677258;-0.313987;0.663859;1.383146;-1.433774
-17.491551;0.513796;1.849236;-1.902387;2.127470;4.376594;0.560206;-1.396736
-5.945951;-4.146931;-0.643855;0.428800;-0.300719;-0.669044;-0.522388;-0.948036
-3.090269;-2.707700;-0.463579;0.905725;1.278172;-1.865865;-0.334035;-1.168979
0.004638;0.953768;-1.449227;1.385128;2.001759;-1.693027;-0.361527;-2.885859
-1.567575;0.693516;-0.961435;1.113814;2.089736;-2.289962;-1.144411;-2.303132
0.057347;2.689447;-0.016765;-0.555152;1.911029;-0.815365;-2.144502;-1.861276
-0.369995;4.691148;1.518684;-0.168193;1.082329;0.755899;-2.313096;-2.152342
-2.821382;-1.908843;-0.363188;-0.733412;0.895237;-1.652018;-2.349253;-2.835069
-2.181241;-0.210139;1.754187;2.455729;-1.582649;0.829365;-1.812194;-1.544829
-2.574764;1.113089;2.515772;-3.093286;-0.413440;1.011851;-1.228566;2.408096
1.488292;3.450355;0.900973;-5.301787;-0.576686;1.318512;-1.414511;3.373425
1.049369;6.467667;2.314231;-5.517931;-0.506601;2.371517;-2.048429;3.278590
-1.027307;3.352791;3.861646;-3.359999;-1.203809;2.035628;-1.185370;3.889319
3.364988;-4.641687;-1.036022;-1.683341;-3.529382;-0.432688;-4.338548;-4.992702
4.566203;-6.310065;-2.020762;-2.277910;-2.846922;-0.866333;-2.019800;-4.005663
-1.475249;-4.176242;-3.019102;-1.815550;-1.481507;-0.515662;2.042148;-0.783159
-7.052214;3.821335;1.058407;0.103176;-1.687626;-0.158716;0.372138;2.627152
-5.437238;5.125094;-1.094099;-1.149394;-0.430513;0.874253;-0.361854;2.587198
-5.545721;3.636006;-1.788629;-0.369777;-2.693779;0.658558;-1.073749;0.872776
-6.337015;-0.297324;0.288682;-0.423098;-0.598513;0.275485;-0.061051;1.985963
-7.000196;-2.391860;1.152935;1.307739;-1.750545;-0.086305;-1.352434;-0.566168
-8.106707;-1.357853;0.674307;0.016538;-0.455667;0.810973;0.338941;1.430915
-5.873538;3.020960;-1.527094;-0.936677;0.665949;1.593510;1.029628;2.712365
-5.015172;6.624901;-1.063064;-2.197410;-1.489812;1.299161;1.248422;2.580324
-2.970268;2.518551;-1.269091;-1.669045;-1.349495;1.085666;1.312108;2.930937
-1.701304;-0.386966;-0.630708;2.427117;-2.460842;0.544643;-1.573326;-0.139632
-4.722793;-0.560017;-0.527096;1.189609;-0.206385;-3.572602;-0.745872;0.064953
-1.247220;2.702843;-1.562228;2.680518;2.514969;-2.029601;0.861863;-3.053532
0.872760;6.158635;0.447810;1.248034;1.110377;1.962306;0.989224;-3.764108
-1.993571;2.433756;2.310026;0.864472;1.273211;0.403564;-2.309410;-1.452114
-2.027205;1.917629;1.635507;2.956496;1.163791;0.788562;-0.536717;1.371763
-5.048828;0.415915;-0.097281;-0.235306;-0.284762;-1.111844;-0.710251;1.380574
-3.877388;-0.643240;-1.184796;1.144200;0.957769;-1.998449;-0.779908;0.214998
-4.402621;-1.275949;-0.138418;2.915073;-1.057066;0.263313;-0.646102;-4.863087
-3.265314;0.195389;-0.486807;-0.199653;0.653926;-2.331156;-3.647510;1.822685
-1.830854;0.700663;-2.578556;-1.708016;0.629450;-0.331244;-1.139117;2.157447
-3.515449;-2.762709;-0.407907;1.761953;-1.925910;0.596862;-1.408893;-1.391057
-5.774870;-0.912182;1.472532;1.097033;0.197879;-0.388524;0.115268;2.333430
-1.630620;1.082126;-1.982608;-1.563851;1.026139;0.340805;-0.159733;2.011234
0.579944;4.840157;-1.843125;-0.782022;-3.188901;1.358281;-0.732787;0.303882
-1.873174;3.486374;-0.642724;0.161461;-2.092455;-0.560111;-1.138446;1.743644
-2.959156;-2.863698;-1.307016;1.999502;-0.848156;-1.460585;-0.433008;0.263599
-3.966595;-4.843413;-0.947684;2.703681;-0.703337;-1.277735;0.171337;-2.067693
-5.502751;-2.247361;0.889390;2.394967;-0.433667;-0.688498;-0.021331;2.151239
-4.400094;-0.695307;0.971455;3.075486;-1.378419;0.886910;0.139094;0.586014
-4.214165;-4.704418;-1.356543;1.488486;0.940070;-0.347137;-0.184197;-1.902271
-3.132032;-1.330825;-0.663064;1.916521;1.875224;-2.662448;0.441013;-1.308702
-3.400837;2.554023;2.752715;2.896849;-0.884437;1.737307;1.523489;-2.042566
-6.719107;-1.409334;2.275981;1.951245;-0.027513;-0.495202;0.519917;-0.300657
-3.772068;0.332996;-0.053081;2.154057;2.619191;-2.520874;-0.025859;-0.704399
-1.052968;5.003172;1.782071;2.989684;-0.372372;-1.293595;-0.181589;-4.615433
-3.944583;1.963581;3.572085;2.965421;1.185383;-1.195760;-0.887301;-1.293233
-6.428232;-1.966415;1.981983;1.493028;0.785212;1.201341;1.167683;1.215377
-6.269570;-1.263820;0.797243;1.798755;-1.681444;0.172284;-0.425662;0.316138
-6.078676;-1.400763;0.381815;1.261481;0.170641;0.604862;0.091032;2.989699
-4.944676;-2.663028;0.337318;1.888913;-0.527356;2.066079;0.074353;1.562576
-5.890886;1.903081;-0.917545;0.190027;-1.637834;-0.986032;-0.148880;1.657311
-5.408208;3.126221;-0.886027;0.337194;-2.137821;-1.517834;-0.910671;1.178498
-4.860500;6.647139;-1.154921;0.810875;-1.571683;0.166123;-0.421278;1.810141
-9.807232;7.312210;-0.967479;-1.593371;1.984581;3.940359;0.574863;3.126951
-17.895863;-5.498820;-6.425318;-8.200969;8.475685;3.313413;0.552732;-6.749413
-17.810270;-4.466525;-0.159539;-4.071090;4.677990;10.737643;2.917448;-0.416616
-18.160832;-2.572708;3.558332;-0.826074;2.828227;8.056375;1.300767;1.540321
-18.286854;-3.412294;2.264757;-0.876610;2.725869;5.652807;1.101233;-0.483110
-3.077569;-0.463780;1.238517;1.798607;-0.646709;-1.307899;-1.922851;0.776148
-2.367883;-2.247167;-0.058824;0.406376;0.443685;1.011233;-1.682518;3.039990
-1.008537;-0.502796;-0.197943;3.201498;-2.958732;1.350582;-2.730709;0.369684
-4.438306;2.754966;-0.674021;0.345575;-2.730265;-0.142314;-0.144279;1.838680
-4.096432;3.403271;-2.495867;1.479244;-2.763949;-0.295970;-0.000564;0.400054
-4.841861;4.263232;-0.961253;1.485415;-2.777841;-0.505401;-0.104821;1.076348
-4.940085;0.001708;0.852507;1.544324;-1.033077;-1.069286;-2.005102;0.247127
-4.630236;0.529611;1.956717;2.133855;-1.348345;-1.041754;-2.121217;0.639782
-4.756275;0.208415;1.949052;1.829421;0.195170;-0.740809;-2.121849;0.183012
-5.211915;1.251142;2.312021;1.996954;-0.685478;-0.923491;-2.197067;-0.011822
-6.303669;0.020513;2.492329;1.733745;-0.388327;0.266197;-1.213845;2.093782
-4.599608;1.829535;0.088842;2.816960;-0.778249;-0.062241;-1.304188;1.478571
-6.100560;5.352528;-0.577771;0.050751;-3.239216;-0.199076;-0.302127;1.156600
-7.657395;4.896638;-0.293448;-1.104118;-3.470705;0.420616;-0.327043;0.213010
-6.924074;3.162640;0.572983;1.742705;-1.550440;-1.680588;-2.862832;0.583288
-7.255929;1.147963;1.945695;2.038115;-1.749184;-0.025967;-3.066233;-0.998511
-6.444548;2.273434;2.586856;2.480800;-1.426915;-0.897946;-1.337493;0.701049
-5.590043;2.392333;2.864306;2.347164;-0.955640;0.175950;-2.353098;0.866888
-6.079678;1.828813;1.983697;1.670956;-1.190810;-0.548472;-2.624675;1.501516
-6.906775;1.667311;2.953675;1.854790;-1.356736;0.180566;-2.475629;0.635811
-7.716005;1.252799;3.518591;1.437345;-2.134403;1.169143;-1.561033;2.899535
-8.177885;1.139646;1.823358;1.261912;-2.104694;0.991404;-0.827950;1.806057
-8.017411;3.729954;0.308888;0.601310;-3.166507;-0.456910;0.152217;1.231163
-7.108943;5.087211;-1.858317;-0.590194;-3.663818;-0.028891;-1.662524;0.351673
-7.453305;3.470259;-1.420774;-1.199717;-1.678079;-0.634280;-1.318186;2.312648
-6.938945;2.288866;2.840002;2.314616;-1.934454;0.901287;-1.072667;1.937212
-6.604641;1.166476;1.998027;1.997417;-0.816999;-1.166635;-2.819373;0.240384
-5.555626;0.944605;-0.454449;1.362504;0.230104;0.082705;-4.320505;1.531274
-5.425971;0.668576;-0.558664;1.038721;0.200869;-0.189003;-4.177708;0.991239
-5.540525;0.814114;2.252089;1.423344;-0.401940;-1.258226;-2.362422;-0.125376
-5.607424;1.136768;3.875460;2.877587;-1.391534;0.648328;-0.875327;0.589196
-6.793806;0.750944;1.981293;2.281069;-1.808613;0.755230;-0.829479;1.635104
-6.262259;1.590075;0.866199;0.510809;-2.142448;-0.399715;-1.962379;0.885626
-6.467969;3.762916;-1.358019;-0.393757;-3.522308;0.065011;-0.680560;0.281187
-6.160203;4.211617;-2.610301;0.117709;-1.786684;-1.070736;0.673668;-0.079345
-6.142062;2.528813;0.510429;1.636090;-1.142361;-0.475251;-1.464883;0.887810
-7.427051;0.384795;3.099477;2.611145;-1.385740;-0.113744;-0.891713;0.807810
-6.735940;-0.131257;1.820830;2.186963;-1.525765;0.256051;-1.099809;1.510147
-5.571061;-0.255236;1.258173;1.387161;1.189267;-1.523303;-1.899831;-0.208831
-4.926127;1.519035;1.986849;2.214847;-0.067759;-1.116197;-2.222123;0.174914
-5.697115;0.072819;1.897868;1.549106;-0.342307;0.525259;-2.140371;1.044675
-6.096489;1.141239;2.421751;1.815366;-1.635162;0.301899;-1.973912;1.211384
-7.681312;0.636970;1.102143;0.896779;-1.970560;-0.318453;-0.028939;1.507707
-7.328095;2.229417;-0.080895;1.640990;-2.560964;-0.483441;-0.149822;0.792259
-7.640168;3.357938;-0.113164;1.347225;-2.228260;-0.064569;0.384552;1.927457
-7.825395;1.984143;0.237816;1.275402;-3.108520;0.480806;-0.154359;0.208120
-6.610822;1.683879;1.390357;1.572223;-1.086701;0.012263;-0.655343;1.840667
-5.350409;-0.376868;1.753080;2.657964;-1.516759;0.256988;-2.689372;-0.010703
-3.986371;-0.088038;1.022440;1.168461;0.326209;-0.783898;-1.498354;1.561777
-3.771235;1.172873;2.395765;2.846119;-1.527758;0.847775;-1.585424;0.443794
-5.105645;2.265767;2.877328;2.276970;-1.443188;-0.203001;-1.474608;1.043722
-4.198440;1.113429;2.539197;2.489471;-1.029840;0.705845;-1.331985;1.230214
-5.780715;0.168183;0.792828;1.668726;-1.210917;-0.813513;-0.325937;1.021199
-6.237911;1.817485;0.675802;0.704133;-1.915449;0.030422;0.320769;2.141687
-5.924298;2.744566;-0.684400;1.072667;-2.537256;-0.419224;0.321994;1.051109
-4.945853;3.324095;-1.106256;0.529304;-1.877821;-1.243117;-0.341018;1.414005
-5.516838;2.258506;0.560756;0.945520;-2.264432;-0.517442;-1.447607;0.845947
-6.679172;1.149305;2.150199;2.157015;-1.501785;0.347515;-1.116837;1.348879
-6.289111;0.620830;2.465387;1.774382;-1.762889;0.084796;-0.992405;0.994349
-4.236815;0.994807;1.856041;1.180695;0.396117;-1.179309;-2.707153;1.148132
-2.960619;0.344820;1.362424;1.810805;-0.957408;0.771436;-2.423018;0.081980
-4.941361;-0.680939;1.906202;0.490077;-0.291404;0.039400;-1.216985;2.609638
-4.112332;-0.130468;1.053266;2.606557;-2.462560;0.722988;-1.802270;0.035941
-6.237004;1.473776;-0.385238;0.994689;-2.540995;-0.209151;0.621915;1.217300
-6.724175;1.240711;0.071288;0.992737;-2.120460;-0.692273;-0.121229;1.521159
-7.490470;2.121878;-0.083169;1.212420;-2.977816;-0.650857;0.230378;1.029917
-8.654432;4.109399;-0.130270;0.101355;-3.190740;-0.296949;-0.340458;0.620250
-8.037210;4.197602;1.972692;-1.214259;-3.358901;0.721574;-1.210222;0.172724
-7.391177;1.276259;1.529065;-1.204138;-0.457397;-0.084695;-1.472397;1.941565
-6.470972;2.287153;2.056947;1.962160;-0.710210;-0.250315;-2.165908;-0.272777
-7.121735;1.763849;3.291430;2.139971;-0.923003;-0.092568;-1.215986;0.889856
-5.445657;1.779571;2.723552;2.229046;0.327371;0.448125;-2.593559;1.938006
-6.180452;0.541724;1.489102;1.140069;2.246489;0.429845;-2.142602;0.395538
-6.582972;0.420879;1.468807;1.899057;1.903869;0.632868;-2.122360;-0.261812
-5.830750;1.617866;1.367556;1.980741;0.255097;0.355850;-1.410343;1.740612
-6.102720;1.730463;3.008143;2.043612;-1.776751;0.026614;-1.275445;1.858543
-5.087377;1.271372;2.440197;2.402006;-1.708717;-0.057138;-2.826735;0.138672
-5.063080;0.465625;-0.028489;1.206424;0.427930;-0.189748;-2.554173;1.177053
-3.055982;0.401450;0.946425;1.603439;2.210187;-0.804420;-3.246927;-1.603973
-2.008161;5.065707;5.128683;1.471943;1.785607;-1.073007;-2.448100;-1.279841
-2.582795;5.244491;4.533164;0.711965;1.944732;-1.574153;-2.853889;-1.909615
-3.870073;2.871829;3.328270;1.255457;2.128321;-1.300825;-3.187155;-2.094068
-4.627289;1.717770;3.864700;1.790953;0.522369;-0.452102;-2.223414;-0.772742
-6.859959;0.234588;2.427756;1.848435;0.160231;-0.555991;-2.749736;-0.457847
-7.095351;1.181758;2.487399;1.869212;-1.175116;-0.447473;-2.288056;1.154123
-5.903367;1.369096;1.445868;2.432382;-0.889038;0.142551;-3.408142;1.671703
-6.134948;0.753490;0.810709;2.037417;0.215204;-0.920492;-3.535728;-0.021661
-6.504265;0.479432;1.509498;2.060154;-0.667478;-0.908712;-2.707986;-0.818929
-5.719284;1.066029;2.072326;2.364393;-0.058143;-1.284469;-2.342429;-0.309008
-4.966848;1.490385;1.483974;2.176067;0.142485;-0.571068;-3.920850;0.177917
-5.249989;1.303919;1.229817;1.642811;-0.624930;-0.104917;-2.342234;2.258469
-5.650505;0.863890;3.369263;2.018741;0.140833;0.671325;-1.587412;1.459895
-5.616528;3.161013;1.701936;0.533186;4.129182;-0.536061;-2.806424;-1.380439
-1.316446;8.230236;5.723801;1.543627;2.119891;-0.556600;-2.418545;-2.686954
-2.536122;5.188441;5.726681;-0.105116;2.063530;-1.048854;-0.869048;-0.043086
-5.427840;-0.099227;3.237471;0.791780;1.273432;0.229645;-2.812805;0.376186
-4.008381;1.889533;3.399238;2.711006;-1.560191;0.768775;-1.890484;0.865344
-6.674063;0.216515;1.188999;1.771644;-0.937993;-0.949888;-0.517130;1.015759
-7.377531;0.538431;1.042390;2.170003;-0.470731;-0.892260;-1.480173;-0.117807
-5.821068;0.762235;-0.130241;0.963407;0.153904;1.563110;-3.237532;2.119294
-5.406607;1.373421;0.279748;1.452097;-0.171837;0.936999;-3.314328;1.877667
-6.446236;1.204144;1.804553;1.293870;-0.913079;-0.190361;-1.337622;1.050441
-5.031231;1.809610;1.796607;2.650578;-0.429268;-0.561677;-3.185853;-1.202006
-5.964721;0.294454;1.764772;1.849800;0.490413;-0.746957;-3.450503;-1.171464
-2.582821;2.906378;3.150070;1.792572;3.205384;-2.140656;-2.889251;-1.680985
0.883539;8.712105;5.426791;1.331616;2.439124;-0.225957;-2.742833;-2.545488
-2.096432;6.511540;5.412519;0.764651;1.240253;-0.346045;-1.331367;-1.407845
-4.638973;2.399773;0.971523;2.134851;0.633378;-0.712954;-2.912178;0.223206
-3.504415;0.404608;-1.200714;1.745966;0.195953;-0.002946;-1.100669;2.010843
-3.398246;-0.251055;-0.858261;1.431689;-0.833762;-0.393113;-0.844545;2.244729
-5.035273;0.663850;1.231746;1.768011;-2.219764;-1.053206;-0.176737;0.999229
-4.482463;-0.105264;1.206133;2.521156;-2.933056;-0.599677;-0.834928;-0.478854
-1.827809;0.657995;1.488672;2.129980;-0.921938;-1.031876;-1.180747;2.917737
0.324010;-0.150457;1.333701;4.185612;-2.408952;1.306878;-1.727281;-0.933853
-1.762345;0.291561;0.519967;1.861211;-1.281841;-1.732580;-0.199656;2.321263
-0.544303;-0.839198;0.728911;1.547724;0.008953;-0.632599;-1.028097;1.320368
-0.319156;0.264970;1.956538;3.689767;-2.722411;0.506720;-2.219243;-1.584809
-3.140413;0.902362;1.347803;1.526177;-1.286878;-1.574469;-1.174882;1.544997
-5.329507;3.470215;1.529430;0.544518;-0.438583;0.234413;-0.996799;2.135028
-9.615406;3.451780;-1.108712;-0.523145;-0.928291;-0.664178;0.347701;0.554961
-14.414082;-4.064693;-2.004579;-3.448084;2.097938;2.475049;0.803294;-2.056637
-17.071253;-2.650885;-1.517288;-3.715301;1.540913;2.918393;3.045697;-4.989219
-18.176561;-0.239162;3.226964;-1.282424;1.236760;3.690002;2.242041;-0.427206
-18.192549;-0.780475;2.010206;-1.619540;1.367338;6.225200;2.925790;-0.497837
-17.387024;-2.348730;-0.027904;-3.232726;1.361912;6.034213;4.745455;-1.833121
-4.838162;1.135822;1.967265;-0.628283;2.045693;0.733079;1.542872;3.527279
-3.143046;3.483632;3.664693;2.183654;-1.327416;-0.561059;-1.073219;2.145658
-2.253731;6.649517;2.962125;0.179574;0.412448;1.858495;-1.343477;-2.125376
-1.085463;8.373093;2.388513;0.968329;3.493579;0.221876;-1.178568;-3.142888
-3.028876;4.694708;4.501306;1.854769;2.784883;-0.294090;-1.472501;-0.541702
-8.674989;1.359793;2.652648;1.500843;-1.068665;0.660703;-2.311494;1.455262
-7.598189;0.880477;1.785397;1.116575;-1.274219;0.518205;-2.063256;1.029522
-2.229915;4.990912;4.717504;0.639041;1.543955;-1.150111;-2.931245;-0.419184
-2.705204;8.471267;4.351454;-0.017967;0.934517;-0.156284;-1.450865;-3.754958
-5.009711;5.382644;2.006083;0.411245;2.096085;-1.845691;-0.206748;-2.582015
-4.566360;2.193553;2.338191;1.346715;1.835098;-0.354583;-2.255120;-0.831325
-6.436360;1.456618;3.404580;1.752499;-1.022682;1.302191;-1.366647;1.351719
-7.018473;1.905369;3.857486;2.070811;-1.182715;1.282987;-1.807734;0.898537
0.221645;5.242710;4.829177;0.595157;2.834407;-1.657122;-3.264232;-0.379868
-0.195274;8.480592;4.394924;0.013329;2.327654;-0.573242;-1.498034;-3.552947
-4.476545;4.462330;3.607442;0.692348;1.551077;-1.132424;-0.668635;-1.868413
-4.472551;2.758918;3.617208;1.956438;0.302687;-0.781509;-1.622401;-0.402750
-6.056062;0.872891;2.933014;1.321698;-0.388157;0.290833;-1.148282;1.285895
-7.206768;0.026659;2.601928;1.269234;-0.350524;0.478152;-1.637074;0.026951
1.249312;6.125430;5.271128;0.350742;3.196439;-2.111301;-3.110643;-1.210769
1.598066;9.724844;5.324516;-0.281826;2.919921;-0.375861;-1.222656;-4.176085
-4.039774;4.338419;3.196023;0.146892;2.187381;-1.380128;-1.573436;-1.828575
-4.133436;2.074978;2.674071;1.927546;0.589396;-1.022604;-2.604483;-0.379349
-6.670473;0.674998;1.578550;2.426974;-1.002013;1.478064;-0.569825;2.882764
-8.050272;-0.335395;1.660519;1.419707;-0.552814;2.043890;-0.875647;0.923240
0.317089;4.182605;3.201294;0.165722;4.023977;-3.417061;-4.272727;-3.032978
0.931089;8.437635;3.485489;-0.701505;4.048654;-1.345066;-2.700840;-5.318688
-5.874254;3.669535;4.475453;-0.150548;1.369545;-2.261140;-0.371584;-1.091392
-7.645336;0.591154;3.634349;1.286889;0.608549;-0.773803;-1.619981;-0.901754
-8.225659;2.340097;4.535897;2.623132;-1.518959;0.707294;-0.764941;1.585095
-7.992371;1.288840;4.112138;2.191364;-1.335680;1.589509;-1.110547;1.971789
-3.775314;1.191639;2.830569;0.056159;2.804861;-1.483009;-1.820549;-1.368246
0.012545;8.103045;5.436629;0.338633;2.679268;0.373310;-1.173547;-1.992568
-3.283211;7.662134;5.214347;-0.226611;2.164478;-0.801477;0.222113;-1.564168
-6.197889;0.453304;1.646718;0.984670;2.039273;-0.571335;-2.498452;-0.327025
-5.732567;1.395548;1.681365;2.260956;-0.542005;0.183774;-1.828055;-0.271408
-6.777295;1.602049;3.066710;2.083057;-0.794970;0.270578;-2.149507;0.600169
-6.805055;3.239233;0.886219;-1.716391;0.234147;0.474344;-2.630830;1.334976
-3.887178;9.531368;-3.525233;-2.604389;-1.580551;1.276418;-0.103353;0.440958
-2.751758;5.938366;-3.563813;-0.699766;0.579610;0.431048;-0.239174;1.423731
-6.827137;1.499906;2.373019;0.589905;-0.841573;2.305465;-0.761672;2.192065
-7.174727;0.616984;2.398711;1.626880;-1.372839;0.287122;-0.993758;1.034476
-6.752790;1.270949;-0.405559;1.537425;-0.954171;0.465201;-1.470839;1.504327
-3.670993;9.393325;-1.760854;-2.058736;-0.493776;1.731437;-1.934789;1.201847
-4.936374;9.625512;-0.307158;-3.387960;-0.398804;0.477828;-3.042209;0.648595
-8.812976;0.205881;2.626052;-1.072980;0.352741;0.013314;-1.392212;1.835237
-7.519389;1.441424;3.946076;1.806998;-1.008299;1.029888;-1.186860;1.183078
-7.117048;1.680243;2.811740;1.035122;-0.546646;-0.099791;-2.100579;1.144639
-7.697755;1.836947;3.993956;1.808979;-0.798380;1.305776;-2.454012;0.625177
-10.116111;-0.256252;0.645468;-2.037269;3.027028;-0.295468;-1.582536;-2.526859
-1.367335;7.286415;5.416026;-0.812502;2.548387;-1.462609;-2.306627;-3.148794
-0.147229;8.361657;5.437385;-0.152353;3.134574;-0.475756;-2.858475;-2.574393
-6.802067;2.413688;4.429379;1.151008;0.421016;0.582068;-1.272873;1.426748
-6.554993;2.708034;4.101175;1.978766;-0.827670;0.807813;-1.772399;1.601593
-8.028537;2.238876;3.944892;1.487616;-1.568965;0.940413;-1.277696;2.409393
-8.849485;0.754802;2.629077;1.673289;-1.414446;1.319541;-1.907768;-0.030967
-5.569835;8.936886;-1.362344;-1.300939;0.693599;2.262565;-2.358043;2.148201
-4.780377;10.786922;-3.154559;-4.334765;-0.575951;3.408038;0.010219;0.967105
-7.893099;2.342657;0.053655;-2.102968;0.436555;1.314141;-0.981466;2.058499
-11.136518;-0.966033;1.182813;1.223546;0.769385;0.491526;-0.844075;-0.867503
-13.419188;-5.168538;-2.984264;-3.793848;3.809572;4.135381;2.060328;-3.506295
-17.100355;-5.097441;-1.300414;-4.543917;3.206644;5.387227;2.790621;-4.411213
-17.921106;-3.481148;1.393124;-3.291934;1.928054;3.066099;2.822263;-1.854788
-2.243156;-2.006465;-0.269546;-1.281729;0.893034;-1.196153;-1.083810;0.774566
1.568680;-1.760403;2.475238;0.592959;-1.123602;1.388569;-2.986680;0.074073
-0.633804;-2.042466;0.788589;-2.713544;0.280747;-3.296013;-1.841520;0.174550
2.287054;-3.522788;-0.362838;-4.129645;2.237523;-1.378455;-2.871177;0.034523
2.817182;-2.891087;0.127577;-1.022427;0.207950;0.307054;-4.647519;-1.684082
-0.848582;-3.540890;-0.314814;-2.832931;0.894299;-2.249691;-3.414702;0.202143
-2.451846;-3.622263;-2.214418;-3.077321;-0.213739;-2.562392;-1.771830;-2.250723
-3.233971;-1.149583;-2.855159;0.051828;-2.685304;-0.975616;-0.232190;-1.852930
-3.328201;-1.537724;-2.666901;-1.381507;-0.911950;-2.626278;0.064766;-0.471967
-3.197535;0.081530;-2.432012;-0.903377;-2.398334;-1.110248;-1.044589;-1.578798
-6.129719;1.052403;-3.549041;-1.061892;-1.871484;-2.634878;-0.568157;-1.701386
-4.163389;-2.465431;0.504233;-1.362580;-0.215121;-1.601436;-0.974179;0.697389
-2.154243;-1.268187;0.452056;0.263138;-2.130313;-1.139512;-2.255662;-1.230412
-1.307929;-2.244874;0.303246;-1.840095;0.485778;-2.913215;-1.494243;0.200143
-1.223616;-0.876286;2.176562;-1.261666;0.684956;-0.516080;-2.448305;-0.397473
-3.273532;-1.885980;0.014985;-1.959414;0.399711;-2.106846;-1.977940;-0.360148
-0.250821;-3.940951;-0.148828;-2.699053;1.166561;-1.275876;-2.343676;0.107533
0.207374;-1.443390;0.725111;0.825375;-1.013541;-0.568261;-4.217096;-2.116064
-4.081936;-2.021939;-0.602901;-0.595831;-0.490024;-3.214866;-1.986882;-0.600807
-3.947411;-1.355858;-0.287232;-0.838921;0.598650;-1.864227;-2.760227;-0.344103
-2.640803;-1.285233;-1.395582;-1.237226;0.460369;-1.678027;-2.000404;-0.841161
-1.671089;-3.697022;-3.248797;-2.692214;0.050208;-2.541252;-0.874207;-1.432703
-2.244028;0.643323;-2.349150;1.768208;-2.923625;-2.200814;-2.118509;-2.634058
-6.458580;2.927355;-0.980610;0.929371;-2.922907;-1.192519;0.076041;0.856146
-6.498920;0.357965;0.669054;0.740782;-2.628043;-1.990461;-0.099705;0.468262
-5.114490;-1.212117;-1.705201;-0.712484;-1.451033;-2.501096;-0.658145;-0.867786
-3.131056;-3.323859;-0.845408;-2.096637;0.480094;-1.491610;-1.207199;0.001273
-1.412741;-3.243564;0.055804;-0.549011;-1.432925;-0.707020;-3.548905;-1.933229
-0.816054;-2.761080;0.531669;-1.822970;0.770726;-2.489887;-2.860177;0.138891
0.507256;-0.381921;2.286215;-1.772889;1.278176;-0.421713;-2.763360;-0.329870
-1.720224;-0.353968;2.518875;-1.994183;1.088998;-2.400563;-2.410180;0.020945
-0.207917;-2.598728;1.729630;-3.227021;1.754207;-1.931570;-2.810520;-0.056508
0.692913;-0.471858;3.137134;0.038952;-0.435879;-0.764496;-4.043736;-1.942243
-0.990371;2.869614;2.144657;-0.691710;1.411689;-3.281635;-0.453013;-0.376977
-1.055933;6.803839;4.381269;-1.753159;1.489912;-2.776708;-0.998805;-2.812758
-2.050092;2.921145;4.550060;-1.730396;1.337938;-2.659888;-2.848243;-2.081824
0.240418;-2.589659;0.567566;-3.893698;2.064698;-1.854409;-2.141859;0.095547
0.717850;-2.217896;1.919710;-0.679100;-1.076330;0.086860;-4.099688;-0.882305
-2.463573;-1.748781;1.369934;-1.731321;0.018023;-2.583518;-2.270637;0.947363
-1.349366;-1.493904;2.131212;-2.214467;1.234850;-0.830920;-2.101285;0.475396
0.192842;-2.195707;-0.275375;-1.439135;-0.820924;-0.867379;-3.065604;-1.203996
0.788226;-3.178748;-1.232172;-2.520890;1.024771;-2.511926;-2.433014;0.105185
-2.011591;-2.773688;-0.303214;-1.079466;0.521265;-1.802060;-4.054729;-2.000430
-5.218274;-1.828192;-2.059099;-1.512984;-0.823570;-2.554578;-0.855339;-1.190002
-4.053564;2.056553;-2.957598;-1.369319;-1.901892;-2.118133;-0.840336;-0.254741
-5.253140;3.593471;-2.854744;-0.962468;-3.527782;-1.692197;-0.580743;-1.376923
-3.942207;-1.140415;-2.376185;-0.621555;-1.279739;-2.531627;-1.172175;-1.115912
-2.492825;-1.180302;0.609774;1.227836;-2.477047;-0.526109;-3.326935;-1.790479
-3.294248;-1.219754;0.647272;-1.634742;0.206458;-2.312115;-2.606781;0.340651
-1.102942;-0.868739;2.012097;-1.736617;1.208330;-0.896357;-2.628373;0.484835
0.335313;-2.122870;0.491650;-1.368968;-0.884537;-1.011213;-2.575568;-0.474332
0.856554;-3.477829;-1.784342;-2.779337;1.025705;-2.432649;-2.215475;0.879434
0.909155;-1.973383;0.809132;-2.357113;1.239295;1.012590;-3.384619;-0.020806
-2.851934;-2.157777;0.534457;-2.347454;0.310278;-2.120783;-2.541770;0.690716
-2.163607;-3.974086;-1.691401;-2.594189;0.337129;-1.113953;-1.461368;0.163628
-1.696357;-0.657424;-1.557176;1.132191;-1.864779;-1.027270;-2.593454;-2.657195
-4.593822;-0.951916;-4.107678;-0.839305;-0.315965;-3.820439;-1.318915;-2.186385
-5.833322;-0.608755;-3.145811;-0.694084;-0.789124;-3.029974;-3.073461;-2.753732
-8.057308;1.228016;-2.271875;0.138365;-2.418745;-1.610427;-0.386065;-1.437973
-6.680491;-0.198624;0.287387;-0.114686;-1.015221;-1.813770;-0.833870;1.078705
-6.070792;-0.341869;1.141025;-0.486286;-1.305534;-0.848713;-1.155022;0.771679
-4.368595;-1.097836;2.035174;-1.162033;-0.287880;-1.244224;-0.384433;1.012791
-4.032979;-0.303077;3.626863;1.012488;-2.082391;-0.557640;-2.311524;-0.267459
-3.726864;-2.059921;1.900527;-1.266310;-0.192189;-2.454211;-1.327474;0.042155
-2.556239;0.016159;2.885893;0.299346;-0.583126;-1.097916;-2.720070;-0.448870
-5.191100;-2.049640;0.542695;-0.995260;0.005871;-2.609733;-2.077628;-0.358894
-5.575882;-2.687998;-1.120138;-1.102401;0.238811;-2.526627;-2.350698;-1.169248
-5.978376;-0.618587;-0.456111;-0.389986;-1.723546;-1.968501;-1.965391;-0.849371
-3.468005;-2.566319;-0.326570;-1.355556;0.255843;-1.900371;-1.310282;0.136473
-0.990937;-1.812224;2.271591;0.827047;-1.278106;0.982888;-3.105468;-1.448654
-4.310888;-2.341852;-0.069500;-1.912515;0.079442;-2.306675;-0.564592;1.058478
-6.145335;0.444755;-2.063134;-0.953839;-2.224343;-1.959719;-0.838247;-0.204989
-7.216045;2.620979;-1.146510;-0.116538;-4.550935;-1.092639;-0.736803;-1.578180
-4.294061;-1.068435;-3.623127;-1.361511;-1.628185;-3.214673;-1.394787;-2.596063
-2.940756;-1.747268;-1.138107;0.993486;-2.129195;-0.905617;-3.422524;-2.995327
-4.341005;-1.766310;-1.362718;-1.781157;-0.743612;-1.997523;-1.701246;-0.607086
2.414206;-1.631389;1.613128;-3.587490;1.906010;-1.838363;0.042891;0.348920
5.313761;-0.636864;2.367540;-1.120271;-0.536722;-0.929664;-2.099109;-1.793985
1.751614;-3.142311;-0.861343;-3.052036;0.642741;-3.240533;-2.610101;0.670944
0.863144;-2.679064;-0.988056;-3.312157;1.764927;-1.680505;-2.965724;-1.026940
1.645565;-2.367267;-0.862520;-0.605154;0.067122;-0.746194;-2.995360;-1.470056
-0.906220;-3.302232;-2.156928;-1.960353;1.627797;-2.791953;-1.408127;-0.535232
-2.601927;0.085725;-4.363049;-1.609468;-0.213304;-2.123131;-1.606907;-1.715802
-5.864619;3.082994;-4.420731;-1.028712;-2.024459;-0.894721;0.484321;-0.559927
-4.584323;-1.167520;-2.635033;-1.462115;-0.439904;-0.646553;-0.738604;-0.007950
-1.404477;-1.031775;-1.211664;0.593379;-1.730850;0.101373;-3.468918;-1.826683
-1.515937;-2.876071;-1.168577;-2.690695;0.955070;-2.226188;-2.786115;0.229701
-0.626258;-2.784125;1.013508;-2.956256;1.586624;-0.409588;-2.176214;-0.365148
-0.131102;-2.440671;0.126222;-0.834991;-0.932639;-0.210436;-2.889978;-1.338465
-0.061272;-3.777813;-0.967415;-2.732582;1.409020;-2.839757;-3.799070;0.081573
-0.566565;-1.394228;0.590428;-2.648119;2.030396;-1.327388;-3.609100;-1.549165
-1.087876;-2.025742;-1.268905;-1.513172;-0.535599;-0.800846;-1.704624;-0.594789
-0.693543;-2.570711;-0.513993;-1.950050;0.509477;-2.254941;-1.392208;0.987326
-2.195207;-0.477285;-0.317231;-0.122688;-1.179851;-1.234951;-2.477982;-0.955314
-4.957116;0.939008;-4.836925;-2.166526;-1.743895;-2.316496;-0.400781;-2.387792
-4.811444;-0.192340;-4.333757;-1.894844;-1.460919;-1.972510;-0.585878;-1.747640
-4.136420;0.284560;-1.428599;-0.152476;-4.287723;-1.448047;-0.797066;-2.752674
-2.753778;-2.248726;-0.886063;-2.048247;-0.071949;-2.582368;-1.917716;0.277035
-1.997419;-1.411571;0.953975;-1.740018;0.877254;-0.731395;-2.278115;-0.176424
-1.502498;-2.769398;-0.715864;-2.263514;0.034031;-0.842682;-2.627012;0.317248
2.593422;-2.888886;-0.060593;-3.336507;1.676777;-2.786234;-3.357793;0.189056
3.108497;-1.213929;1.708978;-1.424112;1.425049;0.095055;-5.072745;-0.951588
-1.317956;-2.103646;0.659186;-3.491911;0.528694;-2.492714;-3.159483;0.178502
-0.341847;-4.066009;-0.741736;-3.064426;0.483277;-3.376286;-2.357152;-0.634790
-0.833720;-0.655852;-0.305615;1.410139;-2.469638;-1.038255;-2.608902;-1.666553
-5.644946;-0.388179;-4.010155;-1.177776;-1.160665;-3.150386;-0.648755;-1.438980
-6.175836;-0.393499;-1.745502;-1.438861;-2.195722;-1.982384;-0.551998;-0.968979
-4.339928;2.137619;-3.232557;-0.912805;-4.675484;0.149284;-0.060307;-1.218760
-1.218198;-0.924585;-1.518905;-0.839968;-0.484579;-2.613819;-1.881540;0.521757
0.879733;-1.321281;3.170881;-1.910568;0.912651;1.639545;-2.807657;0.086040
2.074131;-1.856201;0.497176;-3.459150;2.028379;-2.131570;-3.427443;-0.670833
3.625550;-3.997825;-0.011267;-3.694519;2.740008;-2.913073;-3.470970;-0.277329
5.370313;0.295839;2.660536;-3.445285;2.445213;0.876975;-3.197336;-0.717100
5.634379;-2.532335;0.214551;-4.573767;1.986966;-0.898593;-3.931904;-1.083063
3.234492;-4.293004;-1.213072;-4.757139;1.704670;-2.619659;-3.206445;0.979507
2.917427;-2.392932;0.040077;-4.309492;2.861842;-0.234902;-2.836733;-0.027352
2.369950;-1.971464;-0.315333;-1.184255;0.048922;0.053292;-4.062826;-1.172712
-0.707953;-2.339738;-2.087400;-2.815897;0.130204;-2.334868;-2.609712;0.701712
-0.378951;-3.705539;-1.647288;-2.487710;0.641415;-1.602808;-0.690313;0.619100
-1.966779;-0.717201;-1.819859;-1.051047;-0.785093;-0.108618;0.285255;0.034181
-10.274348;-0.382100;-4.672216;-3.741221;4.513097;1.004232;-0.359955;-1.574718
-16.974131;-5.994502;-3.537360;-4.784897;5.605479;3.130664;0.767538;-6.097751
-17.965243;-0.437796;3.797770;-0.487771;0.635183;4.571998;1.550713;0.330397
-18.787583;1.629591;4.455314;0.662759;-0.366851;3.604608;0.282976;-0.761441
-19.071223;-0.203982;4.108733;-0.437730;0.052124;4.999077;-0.423895;0.813470
-18.298131;-4.733442;-0.994737;-4.544090;4.646793;6.455889;1.125780;-2.985444
-18.354425;-2.575646;0.418315;-2.450995;2.262588;6.204026;-0.450324;-0.807192
-5.159170;3.992996;-2.646899;-0.677874;-3.181810;-2.311046;0.737604;0.125822
-2.325459;2.169959;-6.807546;-1.959472;-0.913891;-3.253973;-1.042608;-1.765214
1.609717;-0.575391;-1.836161;-1.972751;-1.311511;0.643128;-3.164687;-1.438812
0.741807;-1.619160;-2.588587;-4.532512;1.236531;-2.284580;-3.115811;1.062132
-0.549435;-1.596102;-5.739504;-3.771016;0.331295;-2.945051;-1.536749;-0.782154
-2.199885;2.648998;-4.169054;0.456312;-3.658191;0.626956;0.521632;-2.486247
-3.999534;2.873648;-3.974649;0.065334;-2.038914;-1.759080;-0.261526;-0.620968
0.367387;-2.014397;-0.621245;-3.462063;0.253084;-2.055928;-2.764023;2.094524
2.353733;-2.419901;0.432111;-2.562044;-0.382830;1.088608;-3.811746;0.303284
0.006041;0.539051;-1.823563;-2.776543;-1.978762;-0.188842;-1.236503;-1.267106
-3.283746;1.840084;-4.624012;-2.452504;-0.800583;-1.900237;-0.553982;-1.117888
-4.682366;1.071276;-3.542770;-2.746312;-2.166690;-0.151154;0.115219;-0.769235
-0.544955;-0.167555;-3.692026;-2.710238;-2.456048;-1.013182;-2.443426;-2.963596
-0.061405;-1.806861;-1.110423;-3.434373;0.574824;-2.793125;-3.005892;0.673544
-2.167660;-1.070691;-2.795898;-2.178849;-0.252048;-2.437015;-2.315292;-1.629406
-4.110355;3.064542;-4.783647;-1.372108;-3.641021;-0.743371;0.686070;-2.888701
-5.025887;1.705011;-4.225224;-1.030715;-3.082000;-3.309959;0.347541;-1.749624
-2.014722;0.402863;0.995355;-1.636463;-1.301740;-0.818843;-0.613186;0.976361
1.021060;-1.161217;-1.920208;-3.060482;-0.402773;-1.242571;-2.788756;-0.772842
-1.579389;-1.730470;-6.077926;-3.332660;0.284882;-3.367974;-0.585894;-0.558216
-2.313016;0.370811;-6.084176;-1.922560;-0.954075;-0.160479;0.348279;-0.414154
0.014676;1.391213;-3.265134;-1.526229;-2.476728;0.204609;-1.615926;-1.633914
-0.312289;-1.169386;-2.609451;-4.384260;-0.803422;-3.065510;-1.880489;-0.981545
1.102501;-2.545651;-0.923425;-4.272335;0.540121;-3.419520;-1.784383;1.727928
0.841253;1.828625;-1.769181;-1.192712;-1.687082;-1.083415;-2.744451;-1.147008
-4.986680;4.655636;-5.257621;-2.045990;-2.784016;-1.327214;-0.275114;-1.220542
-0.603212;-0.452638;-4.323704;-3.279999;-0.832462;-2.589560;-1.041178;-0.404004
1.901630;-1.247191;0.021689;-2.105732;-1.229281;1.212791;-3.370736;-0.386100
-0.709030;0.419449;-0.365737;-2.987085;-1.446128;-2.038036;-1.399039;-0.112746
-2.136785;0.362814;-5.889831;-2.383858;-1.951222;-4.613142;-0.792948;-1.966490
-2.707658;0.730341;-4.296283;-1.259735;-4.168816;-0.084769;-0.193559;-2.446444
-5.012836;0.265451;-4.419378;-3.179504;-2.469651;-1.996414;-0.443294;-2.233229
-0.360958;-2.440991;-0.897655;-3.165714;0.061608;-3.669152;-2.690697;0.452864
3.616279;-2.578410;-0.795911;-3.542915;-0.919808;-0.195017;-4.335019;-0.222557
-0.811844;2.773214;-4.215241;-3.687382;-1.730261;-2.651364;-0.305326;-0.532187
-3.754965;3.577936;-5.935376;0.475927;-0.753548;-2.293162;-1.143826;-0.623251
-0.314058;1.397846;0.559371;0.197023;-1.317868;-0.449132;-2.714576;-0.686841
-0.273000;-1.551109;0.028678;-4.462521;0.639555;-3.366264;-3.947140;0.188669
-1.208361;-2.318678;-1.818708;-4.221786;-0.243104;-4.082708;-3.553866;-0.756163
-1.367276;2.884850;-1.326889;-2.200581;-3.984358;1.082071;-1.863098;-1.598822
-5.174706;4.340423;-3.151162;-1.798115;-2.766815;-1.109360;-0.847495;-1.017267
-1.083022;-1.512024;-3.656638;-2.350345;-0.042918;-2.394886;-1.401307;-0.630075
1.819246;-2.043587;-1.482043;-1.753772;-0.643364;0.582623;-3.209835;-1.108417
-0.700219;-0.273810;-2.470367;-3.606920;-0.631039;-3.282040;-2.510450;-1.453497
-3.197439;1.791745;-4.599545;-4.331597;-0.227350;-1.785227;-1.894058;-2.389386
-5.916766;3.311332;-2.731733;-2.080892;-1.216081;0.310670;-0.308783;-0.730734
-1.332067;-1.061810;-1.592694;-2.839848;0.239511;-2.538653;-1.225428;0.871103
0.036726;-1.101757;0.230467;-1.954576;-1.783765;-0.225193;-2.931277;-0.636043
-4.036872;0.263047;-1.924098;-2.631702;-1.754349;-2.493653;-0.624501;-1.587502
-3.187023;1.313314;-5.400614;-1.564924;-1.579975;-3.383624;-0.312539;-1.346047
-0.326308;3.685608;-3.094034;0.156446;-3.117237;-0.173029;-0.878699;-1.485571
-0.177859;0.204694;-2.871133;-3.014475;-0.784049;-0.966991;-1.094575;-0.883585
0.193116;-2.675820;-0.439042;-4.064476;-0.072775;-1.863787;-1.980453;0.685944
-0.137249;2.529442;-3.456929;-1.885925;-1.569535;-1.064628;-2.267025;-2.109354
-5.841272;6.435380;-4.266073;-0.424672;-2.689152;0.189164;-1.137394;-0.780724
0.964272;-1.171866;-1.581038;-3.918119;0.613687;-1.051362;-2.214223;0.520463
2.938682;-1.784679;-1.245939;-2.517769;-0.183806;0.517506;-4.372442;-1.426205
-3.888746;1.767693;-2.652335;-1.745560;-1.903757;-1.456048;0.176469;-0.104948
-10.006285;1.455102;-3.062747;-2.577728;1.927794;2.701878;0.197216;-0.055163
-14.238297;-4.212359;-5.440767;-7.354119;6.442232;5.765459;-0.390252;-3.014033
-6.221094;-0.537228;1.027868;2.325208;0.443362;-3.180399;-0.956589;-0.829850
-4.906490;0.004527;3.429729;3.517774;-1.760563;-2.773659;-1.548916;-2.603619
-6.142759;0.745141;3.086366;1.762806;0.360891;-3.636390;0.096261;-0.198606
-3.981236;3.065742;3.758568;1.976761;0.691626;-3.328194;-0.494353;-1.373134
-4.708056;1.759857;2.475175;1.168337;1.270266;-3.831238;-0.059593;-1.171970
-6.213378;0.530680;1.828965;1.822739;0.691393;-3.486858;-0.960516;-1.542229
-6.889654;1.464844;1.231493;1.849981;-0.248517;-3.082769;-0.936476;-1.436009
-6.488645;-0.336920;0.711629;2.168239;0.025036;-3.683957;-1.416927;-0.978934
-6.506769;0.470809;1.406693;2.598543;-1.716107;-2.879260;-1.658666;-2.346433
-6.676100;0.179317;1.085736;1.025717;-0.681661;-2.161617;-0.904818;-0.671112
-3.896142;0.025122;2.291147;2.860918;-2.488043;-2.142020;-0.844122;-2.219707
-6.386294;1.640636;2.750577;2.038840;-0.848156;-3.601759;0.151170;-0.592342
-7.793854;1.476696;2.678055;1.986897;0.365658;-2.741110;-0.643269;-0.840461
-6.914206;3.024556;3.572586;2.147694;0.908580;-1.888036;-0.994630;-0.570876
-5.409179;3.379467;4.194406;2.398132;0.669370;-2.970352;-0.962107;-0.686339
-6.846785;1.847388;3.723786;1.913218;0.530298;-2.810142;-0.859306;-1.140069
-7.684267;1.494327;3.302779;1.054777;0.817684;-3.744795;-0.589384;-0.615726
-7.618933;1.231543;2.358302;1.846192;-0.051699;-2.971821;-1.375063;-0.854470
-7.553150;0.841508;2.220593;3.241626;-1.207770;-1.865646;-0.488190;0.231434
-8.004049;-0.234730;1.467983;2.485362;-1.592977;-2.970640;-0.214491;-1.289774
-6.214967;-0.717899;1.999722;0.916032;-0.704661;-4.789596;0.387548;-0.653243
-5.667880;-0.133979;1.745475;0.754288;-1.416761;-3.717458;0.217340;-0.337856
-6.640925;0.288764;0.987016;2.058866;-0.218784;-3.523670;-0.355116;-0.688020
-7.033718;-0.603805;2.124561;2.347880;0.401847;-2.865099;-1.081606;-1.681967
-6.716462;0.600745;2.924544;1.740750;0.510726;-3.133208;-0.794015;-0.971639
-7.306606;0.747947;3.067076;1.027201;0.242287;-2.770127;-0.415200;-1.472195
-7.783251;0.443413;3.456898;1.414751;0.051687;-3.210859;-0.953446;-1.141065
-7.463431;1.095811;3.593668;2.113497;-0.336510;-2.504573;-1.317275;-1.484078
-7.459813;0.949237;2.806209;1.882830;1.431696;-3.322683;-2.327192;-1.046204
-7.181530;1.841586;1.832819;2.628072;1.079107;-3.055535;-2.742268;-1.837857
-7.767924;0.955739;2.196280;2.111690;-0.107974;-3.141919;-0.894961;-0.478053
-7.317459;1.946487;1.897503;2.206659;-0.871662;-2.766347;-0.780663;-0.943420
-6.164378;-0.469754;1.804008;1.555878;-1.283108;-3.072047;0.298296;-0.019919
-6.366155;-1.548542;1.585522;1.002325;-1.775738;-2.616975;0.415884;-1.373580
-6.821518;0.119761;2.122577;1.692885;-1.062686;-2.873349;-0.579801;-0.531615
-6.646134;-0.312255;4.084252;2.479334;-1.309755;-2.513753;-1.343445;-1.273750
-6.535359;2.074261;3.890880;1.903810;0.228846;-3.180028;0.476640;-0.017221
-7.540353;2.543816;4.125946;0.311028;0.822903;-1.426063;3.110520;1.214969
-8.765117;3.764413;5.217345;1.142960;1.408089;-1.982480;-1.916888;-1.346001
-7.188748;3.774406;4.395380;2.441718;0.992082;-1.600625;-2.725289;-1.519653
-7.594118;-0.011829;2.964387;2.248742;-0.765723;-2.584928;0.357378;-0.106129
-7.325451;1.714957;2.913892;2.387356;-1.455549;-1.489651;0.435459;0.162330
-7.392801;0.730759;1.749053;1.673775;-0.732841;-2.248924;-0.559659;-0.449210
-6.434849;0.173249;1.691595;1.852351;-0.971696;-1.171334;-0.927206;-0.791917
-7.674324;0.336832;1.872731;2.154083;-1.194283;-1.263748;-0.761901;0.652726
-8.710064;-0.559002;1.741747;2.548584;-1.532234;-1.956824;-0.942254;-0.772909
-6.860093;1.162533;2.846166;2.036442;0.101216;-2.512725;-0.332166;0.298671
-6.994907;1.106534;3.502106;1.764758;-0.189945;-2.233544;-0.072643;-0.598618
-7.284909;0.145680;3.173579;1.249797;-0.080053;-3.399989;0.351091;-0.752699
-7.482448;0.314711;3.321516;1.366530;-0.569914;-3.544944;0.457123;-1.288249
-7.004512;0.755123;3.629421;1.218934;-0.115134;-3.842644;0.135840;-0.312853
-7.169812;1.065010;3.535016;1.658887;-0.372778;-3.134442;-0.044901;-1.194831
-8.028595;0.387530;2.856719;1.326339;1.376794;-3.460982;-2.241339;-1.662398
-7.457977;1.542847;1.932752;1.737784;0.670753;-2.838021;-2.904066;-1.958699
-9.384285;1.397766;1.907067;2.583117;-0.984991;-2.496290;-1.014134;-0.409727
-8.780458;1.043123;1.865145;2.614077;-1.594334;-2.155646;-0.789967;-0.942992
-8.629866;0.455332;1.649350;1.828110;-1.683985;-3.096764;0.398717;0.063820
-8.899342;0.763014;1.913427;2.295844;-1.261426;-1.756366;0.029444;-0.207810
-9.671422;1.049498;2.041711;2.016077;-1.402386;-0.320446;-0.361573;1.350703
-9.565421;0.541837;3.328436;2.781317;-1.496162;-1.819385;-0.720707;-1.276344
-8.612487;0.522801;3.271419;1.889904;0.607554;-2.827811;0.373752;0.121046
-5.669556;3.928194;4.699351;2.620039;0.589747;-2.103544;0.392436;0.367655
-6.604201;2.955532;2.556678;0.717845;2.168150;-2.748054;0.057825;-0.236116
-7.755995;2.165082;3.069882;1.947145;1.212765;-2.568486;-1.404009;-1.095751
-9.375324;1.579844;2.945961;-0.484605;2.492672;-1.524774;1.669271;1.098437
-8.642507;-0.073514;3.417745;1.614038;-0.184891;-1.389169;-0.861893;-0.606999
-7.875863;2.040068;1.841206;2.187735;-0.966103;-2.015226;-1.282256;-1.248661
-7.854709;1.409759;1.840604;2.608460;-0.733098;-2.701421;-2.036411;-1.278615
-7.829501;0.723527;1.196418;1.828330;0.019695;-2.561576;-1.301081;-0.939940
-7.400270;-0.517084;1.457553;1.818362;-1.742375;-2.911381;-1.226427;-1.007829
-7.074835;-0.271618;1.584808;1.869742;-1.906398;-2.224005;-1.018054;-0.972070
-6.979292;2.740836;2.804805;2.463982;-1.567523;-1.727835;0.431168;0.413845
-8.196865;0.995129;3.942667;1.963930;-1.344148;-2.849815;0.701742;-1.360553
-7.670707;1.923255;4.189594;1.464611;0.873372;-3.633900;-0.607472;-1.436015
-7.308634;2.078124;3.567529;2.037317;0.703151;-2.564291;-1.178009;-2.545086
-7.863596;2.146617;4.379576;1.820552;0.958970;-2.475689;-1.368957;-0.511298
-6.973062;2.674357;4.053326;2.249497;0.500198;-2.477052;-1.519130;-0.922642
-7.825939;1.460198;3.276188;2.070147;-0.257943;-3.067051;-0.259334;-0.146415
-7.971707;1.493986;2.773713;1.896741;-0.725506;-2.456093;-0.173177;-1.018619
-8.691284;0.869335;2.339060;1.111153;-1.155128;-3.457004;0.492990;0.116780
-7.996989;1.194647;2.665029;1.539366;-1.589506;-2.485721;-0.198013;-0.269293
-9.716794;1.294704;2.153018;0.172593;-0.341688;-1.023048;-0.381128;2.095146
-8.855603;0.825203;3.169143;2.167006;-0.577597;-0.377117;-1.005989;-1.014382
-8.792150;-0.014015;2.296868;0.746703;1.151878;-1.956540;-0.698816;-0.613598
-6.962063;0.462894;3.916034;1.301634;0.144473;-3.758360;-0.930889;-1.611857
-7.814834;1.525671;4.007132;-0.214307;1.127990;-1.657864;1.946051;0.795718
-6.052754;2.568876;1.867077;0.829493;1.523589;-3.060831;-0.552315;-0.905834
-6.113718;2.212936;2.244740;0.070728;1.229464;-2.936185;0.664882;-1.665885
-9.319731;1.681011;4.996149;1.681820;-0.201482;-2.014584;-1.039837;-1.100644
-8.678291;2.617982;3.638586;3.580278;-0.339201;-1.886766;-2.717968;-1.600596
-8.358721;1.098457;2.543713;3.120677;-0.314658;-2.254042;-1.641778;-1.300033
-7.605803;1.007939;2.190564;3.090537;-1.055710;-1.297099;-1.633508;-1.666677
-7.799224;1.267355;2.730284;1.761110;-2.314721;-2.535028;1.195249;0.627389
-7.422449;0.260970;3.112531;2.104020;-2.471702;-1.670959;0.685090;-0.269712
-8.990000;-0.866154;0.531052;0.439509;-0.508221;-1.413095;-0.343217;0.793725
-7.548842;1.424464;2.988060;2.171484;-0.005837;-2.344056;-1.162910;-1.193947
-8.132437;1.431767;2.529676;-0.418680;1.746075;-2.407846;0.065739;0.175483
-6.112773;4.016777;4.958180;2.247344;0.380108;-1.579514;-0.951798;-0.200570
-7.267452;3.583104;3.652161;0.276831;1.986423;-1.800394;2.072336;0.284081
-8.147386;1.031757;2.980600;0.507063;0.086352;-2.578270;0.071489;-2.468439
-7.235617;1.408241;2.915729;1.200532;-0.206438;-2.721002;-0.719670;-1.857301
-9.182678;2.130772;4.916498;2.432348;-0.706520;-1.457136;-1.586743;0.359801
-8.796057;2.492870;3.615751;3.545734;-0.509164;-0.750259;-2.216330;-0.924934
-9.611786;1.365289;1.371474;2.338614;-0.560414;-1.849904;-1.962348;-1.197937
-7.571095;0.888827;0.205582;1.683460;-0.319931;0.387387;-2.975138;-0.943530
-4.649408;3.396251;1.366261;1.446960;-1.640113;1.629258;1.305496;2.779083
-5.293151;2.578408;1.302220;1.537265;-2.943259;-0.247139;0.912509;0.943327
-9.124749;0.601022;-0.342130;-0.485925;0.125471;-0.862981;0.734732;2.204122
-8.276705;1.291226;1.939670;1.921038;-0.792537;-1.649206;-0.442123;-1.219807
-9.741344;1.035562;2.173002;-0.406669;0.454165;-1.448123;1.417787;0.834018
-9.357319;0.718525;3.573845;1.958242;-2.372523;-1.626796;0.011519;-0.965095
-8.344177;-0.492297;3.840091;2.521494;-1.194249;-0.248165;-0.390595;-0.127117
-3.396362;4.151815;0.024990;1.603667;-0.254099;-1.042367;1.693599;1.578580
-4.805537;2.232306;2.353457;2.031723;0.041172;-2.383435;1.626356;0.492333
-6.721216;0.210606;1.293755;2.229424;-0.336912;-3.966932;-0.245087;-0.407563
-7.548717;-1.570410;1.715724;2.093076;-0.366393;-3.660826;-0.033585;-1.976001
-0.339471;4.286586;1.232630;-0.384644;3.866946;-4.067807;1.545564;-0.896604
1.255394;5.847681;0.751839;1.182358;1.671636;-3.401990;1.577245;-3.089246
-4.757774;0.020230;1.896447;1.505006;0.717130;-3.243974;1.832968;0.392369
-2.516941;1.529085;3.180214;2.363787;-0.801742;-1.140401;0.899725;-0.404939
-5.592108;-0.813622;1.739494;0.576255;0.101697;-2.999356;1.087440;-0.833602
-1.909332;2.605355;-0.030951;-0.748032;3.625056;-4.442497;2.152397;-0.983500
-2.273703;4.415583;0.193770;-0.787273;3.643048;-4.038619;2.107546;-1.774348
-5.804436;1.622925;2.111264;0.115350;0.213807;-3.721385;1.233307;-1.695651
-5.055185;0.844308;1.920189;1.411266;-0.787535;-1.912446;0.455805;-1.189711
-6.253477;-0.425581;1.856808;1.953666;-1.516061;-2.088315;1.107789;0.997195
-4.124474;-0.997621;1.699419;3.388228;-0.310888;-2.575496;-1.700241;-2.427635
-0.735357;5.816312;1.437989;0.795197;3.181160;-3.883983;1.523188;-0.597138
-1.557814;7.103883;2.566522;0.917303;2.027700;-3.307277;3.038964;-0.759628
-7.373694;-0.134667;1.839181;0.706883;0.912062;-2.325365;-0.383751;-0.167147
-7.078505;1.590105;1.266153;1.986607;-0.237922;-2.821691;-0.048676;-0.107956
-7.705559;-0.906925;0.888014;1.955847;-0.009085;-3.188093;-0.438379;-0.905969
-4.855038;0.537348;1.675025;-1.101726;2.443335;-4.326991;-0.089046;-1.279115
-2.405447;4.483289;1.008483;-0.210512;1.702357;-4.182359;1.409609;-2.076008
-4.236789;3.471294;1.289270;0.203320;0.934555;-4.042862;3.378760;-0.781016
-6.160286;0.675899;2.678107;0.706964;0.228415;-3.157115;0.875025;0.103368
-6.592141;-0.168980;2.415753;1.605507;-0.852559;-3.562497;1.065855;-0.049527
-6.990235;-1.558030;1.535915;1.038358;-1.222463;-3.491916;1.765931;-1.103524
-2.530437;4.198375;2.661655;0.106770;2.556921;-2.699784;1.339853;0.711383
-2.166212;6.660978;2.478292;0.222291;1.994483;-3.114293;1.953142;-0.888756
-6.399636;0.609991;1.925740;1.390897;1.327184;-3.881337;1.585746;-1.471100
-7.420450;0.997685;2.483630;2.340649;-1.214813;-2.472221;0.629327;-0.222315
-6.627733;0.190101;1.399768;1.700678;-0.805816;-3.128549;0.760994;-0.301522
-7.560146;-0.877975;2.213835;1.050858;-0.960371;-3.166416;1.169872;-2.085968
-3.094738;2.823496;1.616694;0.419624;2.149973;-4.110499;2.179859;-0.830989
-2.949173;4.297988;1.643707;0.880776;1.148866;-3.211115;1.781714;-2.563748
-7.059899;0.534802;2.702424;-0.486974;-0.091463;-3.236446;0.269312;-1.745513
-6.814387;-0.549183;3.286970;0.210620;-0.266788;-2.970107;-0.602092;-1.441179
-5.760700;-2.355627;2.582322;-0.098652;-0.239072;-2.682986;-0.593382;-0.958407
-3.177885;-0.886540;2.547734;1.675701;-0.086479;-2.939070;-2.439863;-2.400157
-1.540008;6.375830;1.218335;1.841431;3.594778;-3.225172;0.233510;-1.037929
-3.457255;6.024410;1.206429;0.953666;3.497276;-2.889946;3.905715;0.050461
-7.377880;-0.746198;2.785820;1.644994;0.435757;-2.670890;-0.001099;-0.613543
-5.416042;1.049813;2.897372;3.374136;-1.745690;-2.100117;0.126940;-0.489642
-6.027454;1.199733;2.692016;2.315816;-0.268153;-2.060933;0.128008;0.228534
-5.124666;2.558888;2.605628;0.867043;2.095449;-2.960411;-0.171883;-1.416433
-4.068636;4.456907;1.538467;0.315321;2.420286;-2.906162;1.624250;-1.796151
-4.682018;3.443345;1.987220;0.583929;0.896614;-2.331390;2.509526;-1.413434
-7.545065;-0.546670;2.851999;1.092126;-0.179025;-1.779282;-0.278406;-0.667503
-7.264713;0.700147;2.047298;2.214563;0.181841;-3.005942;-0.745218;-0.649497
-8.127947;-1.189431;1.306384;1.602033;0.354948;-2.883041;-0.521531;-1.737890
-6.505515;0.337676;2.100078;0.190242;2.777290;-2.669223;0.036345;-0.744080
-3.708762;5.148092;1.391791;1.365591;2.221520;-3.198653;1.602783;-1.879918
-4.243425;4.831787;2.355076;1.220765;0.556407;-3.597623;2.399953;-1.108401
-6.402788;-0.067925;3.289320;1.519458;-0.934275;-1.346479;-0.262467;-0.276963
-7.572346;-0.843494;1.858629;2.396616;-1.803037;-1.924767;1.678671;0.326178
-8.635273;-1.981875;2.585436;1.544290;-1.476465;-3.072915;1.553917;-1.713231
-5.961528;2.510404;2.940461;0.562740;1.375413;-3.104817;0.938738;-0.689582
-5.211615;4.205315;2.402968;0.343599;0.633273;-3.373826;2.575875;-2.174700
-5.248868;2.388859;3.061507;-0.489972;0.272545;-4.117190;2.321002;-1.808422
-5.569941;0.748132;2.923855;0.080578;0.460536;-3.695658;0.227322;-1.495923
-7.223626;-1.239498;1.774305;1.041671;-0.358751;-3.075021;0.365148;-0.861359
-7.158265;-2.220862;1.846405;0.894201;-0.476105;-2.114776;0.745277;-1.380626
-3.388895;2.599553;-0.671036;1.069243;3.723418;-3.650595;1.860072;-0.951443
-4.649090;2.819854;-2.008814;0.473774;4.248424;-1.742484;2.258668;-3.984650
-18.213794;-5.806580;-6.253504;-10.872428;10.625951;1.620548;7.394398;-6.011180
-18.481373;-0.384481;1.907668;-1.372469;0.497831;5.597124;1.110386;-0.985672
6.381817;-0.492967;5.897141;-6.258188;-2.998051;1.884411;-2.646667;0.062786
5.490802;4.910443;-0.580201;-5.105874;-2.848826;1.049216;0.697603;1.118732
3.893079;6.839252;-1.002639;-4.045571;-3.671874;0.119866;-0.523992;0.807718
4.810204;-0.645069;3.055196;-7.106579;-2.608014;2.096091;-2.450447;-0.056250
5.072278;-0.940033;7.355982;-6.783186;-2.213781;1.894950;-3.036744;-0.318264
6.654462;-1.979064;6.017743;-7.917421;-2.428966;0.287458;-2.922097;1.202591
5.120003;-2.505498;3.706402;-8.346945;-1.039920;-1.092282;-1.649641;2.277646
5.616459;-1.767180;4.360099;-7.497683;0.149293;0.551948;-1.690139;1.272883
6.414125;3.259595;2.163544;-4.707653;-1.222094;2.052155;-1.898042;1.378525
4.554417;6.398267;-3.111563;-6.576012;-4.478308;0.656461;1.906694;0.324990
4.872721;2.700595;0.779912;-5.982344;-1.943498;-0.653525;-0.285987;1.996196
7.171194;-1.616054;5.496399;-7.364511;-1.461275;1.847804;-2.428385;0.315157
9.741134;-0.209901;7.627873;-7.367452;-1.848286;2.098725;-2.850192;0.034415
7.916054;-1.694844;6.231920;-7.639035;-2.031694;0.407834;-1.941438;0.944621
3.961760;-1.796261;3.765959;-7.340413;-0.422827;-1.649791;-0.805879;2.348010
4.076723;-1.181678;3.106311;-6.485729;-0.603618;0.725190;-1.654165;1.194583
4.199876;4.933694;0.279823;-3.095546;-4.337519;2.955638;-0.250492;-0.716169
1.336990;5.334351;-2.010237;-3.609873;-3.697229;1.100569;1.110770;0.078657
3.289946;-0.684693;2.455746;-6.283268;-0.786087;-1.216068;-1.162722;1.719628
8.856656;-2.044014;5.358560;-7.221480;-0.508834;2.406988;-2.455360;0.593722
8.646320;0.149198;7.751937;-6.941814;-0.977903;2.124686;-2.567649;0.662623
6.922255;-0.716399;6.976958;-8.122564;-1.610644;0.130280;-2.579186;0.710130
4.997810;0.497033;1.951055;-7.392064;-0.432753;0.624630;-1.245918;2.745971
5.176299;2.786919;-1.225753;-6.099707;-1.409432;-0.021247;-0.138423;0.857741
7.033875;5.159474;2.731335;-5.667579;-2.833588;2.756175;-0.621246;0.516839
5.756941;1.665244;2.468738;-6.035658;-1.879624;0.074618;-0.409028;1.491404
5.503876;-1.154318;3.458463;-7.205630;-0.189979;-1.826871;-1.332914;2.798857
8.806806;-1.380287;5.987307;-7.828928;-0.268898;1.857103;-1.910944;0.433453
8.524254;-0.787150;6.852580;-6.913176;-1.527841;2.829260;-2.600392;0.278414
5.073172;-0.785452;4.716724;-6.426507;-2.295224;0.088283;-1.308346;1.510903
3.894057;1.840886;1.598686;-5.679831;-1.609535;-0.171847;-0.799776;3.005476
5.227282;4.424863;0.347283;-5.758599;-2.063522;1.193823;-0.341236;0.630150
6.629810;3.823766;3.617955;-6.241450;-2.651800;2.346978;-1.752101;0.307240
2.573202;0.391227;3.384143;-7.298750;-0.628636;-2.109053;-1.244088;2.595491
5.875654;-1.509700;3.747643;-8.233355;1.299992;-0.568406;-0.699342;3.060902
9.925874;-0.217182;6.838641;-7.681545;-0.022563;2.785946;-2.079121;0.581300
8.375624;-0.241547;7.474249;-7.619881;-1.691907;2.095679;-2.491456;0.573449
4.216928;0.059165;3.035624;-6.484536;-0.784743;-0.961775;-0.338446;2.527531
4.055905;2.469802;-1.522329;-5.114349;-2.557880;-0.443436;0.131369;1.230147
7.256993;3.763715;1.497343;-5.095091;-3.908727;3.577715;-0.561621;-0.490788
6.853385;1.851449;4.391186;-6.227102;-1.782896;1.952061;-1.061600;0.498360
4.622825;-0.622602;3.277878;-7.016719;-0.373239;-1.172130;-0.988574;2.228973
6.872630;-1.681919;4.689491;-7.108453;1.283039;0.452256;-1.340553;2.237334
10.317414;-0.245026;7.255491;-7.290384;-0.205346;3.057449;-3.286139;-0.149592
9.184012;0.105937;6.660008;-7.246408;-1.591783;1.805601;-2.620645;0.492613
3.983593;0.635071;2.381403;-5.311896;-0.505125;-1.088204;0.250206;2.279299
4.556435;1.722965;-1.602053;-5.762151;-2.109622;-0.663650;-0.088961;1.668313
7.972082;3.316054;1.666930;-5.582333;-4.023812;2.617020;-1.274699;-0.258191
6.568310;1.933903;3.664714;-6.280243;-3.453635;1.138577;-1.109266;0.503109
5.023734;-1.142293;3.283186;-7.888085;0.522237;-2.031374;-0.972001;3.054247
6.636330;-1.823328;4.472894;-7.734266;0.765311;0.583249;-1.630769;1.240647
8.622922;-0.047542;7.097267;-6.991273;-1.108028;2.548666;-2.417956;-0.436791
7.500480;-0.674256;6.119744;-7.605718;-1.104934;0.539507;-2.263977;1.385961
3.702310;-0.476825;2.873295;-6.213483;-1.534918;-0.193405;-0.391433;2.414316
4.607072;1.243356;0.611291;-6.449694;-2.241202;1.002509;-0.036578;0.602620
5.804688;3.928177;1.656815;-6.532094;-4.410997;2.541651;-0.749547;-0.567040
1.759302;2.123408;1.016283;-5.204454;-3.480211;-0.249460;-0.081127;0.979041
2.297321;-1.530999;3.004331;-6.354192;-0.552635;-1.054281;-0.888197;2.511749
7.478916;-1.621584;5.261837;-7.805448;0.404964;2.645352;-2.013558;0.274923
7.991348;-0.328588;6.661583;-7.736361;-0.123027;2.143859;-2.430696;0.167585
5.549064;-1.434537;3.375102;-7.669577;-0.559072;-0.986064;-0.606598;1.857196
4.307476;-1.164605;2.165218;-6.417740;-0.059907;-1.213690;-1.349643;2.554156
5.787296;2.132290;1.786719;-6.012832;-1.732328;1.729198;-1.547230;0.842399
5.928395;5.459221;1.148787;-5.356066;-3.485039;2.180152;0.073953;0.474424
2.674722;2.991038;1.288593;-5.695411;-1.907330;-1.212802;-0.323099;2.044882
4.907982;-0.651048;3.607878;-7.100172;0.860586;-0.667007;-1.348478;2.441771
11.193822;0.569211;6.884565;-7.105973;-0.274437;2.433324;-3.188156;-0.166117
9.964482;-0.253004;7.411549;-8.089735;-0.867082;1.388788;-3.078553;0.608315
3.807594;-0.468607;3.892154;-6.999853;0.152029;-1.634572;-1.155588;2.729759
4.583894;-0.900141;1.088716;-6.932314;0.508850;0.103902;-1.959293;2.894972
8.095652;2.245426;2.701745;-6.350811;-3.111387;3.376837;-1.923204;0.385610
6.244237;3.761975;-0.297894;-5.997136;-3.809874;1.111994;0.231571;-0.074847
3.363423;1.746943;0.509686;-5.588849;-1.194452;-1.089442;-0.884031;2.941399
5.224136;-2.308051;3.863987;-8.501240;0.527860;1.518971;-1.552764;1.040086
9.160781;-0.126647;6.586762;-7.397689;-0.866873;3.039867;-2.772943;-0.056830
8.235019;-0.947723;5.622734;-8.105747;-1.576369;0.582978;-2.675669;1.382761
3.759870;-1.714276;2.904425;-7.315390;-0.883483;-1.460471;-1.992433;2.485803
5.219246;-0.830910;3.039307;-7.688637;-1.833023;0.346433;-1.895784;0.580466
6.541507;4.197895;1.792938;-6.741118;-3.892628;0.922273;-1.335379;-0.647691
3.147391;4.043303;-0.548425;-5.643528;-2.995821;0.398340;0.488103;1.676758
4.220135;-1.071652;1.587838;-8.346526;0.089900;-1.299662;-1.522567;2.536670
7.992466;-1.206706;4.240534;-8.285502;0.845111;1.215935;-2.221499;0.793690
7.804713;0.016053;5.845269;-6.555566;-0.750152;1.604637;-2.951147;0.617861
4.558244;-0.843098;4.252004;-7.093847;-1.405095;-0.680928;-1.036083;1.551430
2.712918;0.021628;2.009224;-6.706496;-1.137569;-1.381728;-0.914024;1.896597
4.426707;1.796815;1.837630;-6.488423;-2.700269;1.651196;-0.008259;0.102845
5.089520;3.569934;2.427303;-5.135021;-3.787665;2.475860;-0.040180;-0.259104
1.984016;2.189568;1.355439;-5.000748;-2.326566;-0.668753;-0.615778;1.255232
4.508272;-1.109704;3.369525;-7.000958;-0.578551;-0.020212;-1.911719;2.590629
9.194032;-0.606262;6.089434;-7.186585;-1.375068;3.872367;-2.604067;-0.230347
7.803426;-0.890632;7.373349;-6.639563;-1.780195;2.751357;-2.630368;0.055203
2.418516;-0.684587;3.387278;-6.048241;-1.176280;-1.424683;-0.853088;2.529029
3.141339;0.224071;1.444880;-6.786908;-1.925509;-0.963497;-0.964094;1.340662
7.072471;3.235831;2.455418;-5.795709;-3.959246;2.411435;-1.202885;-0.181369
6.008528;3.806912;1.520109;-5.378897;-3.164275;1.923372;0.590662;-0.357092
2.960211;0.185459;2.639914;-5.668502;-0.937033;-0.784149;-1.070524;2.203302
5.099981;-2.514655;4.512989;-7.480782;0.330974;0.538508;-1.993876;0.663990
8.016544;0.531140;7.424271;-6.808085;-1.288824;2.046810;-3.049198;-0.408436
6.786202;0.124362;6.070670;-6.604654;-1.752220;0.217389;-1.947812;0.858384
3.772912;1.082082;2.908150;-5.472231;-1.438389;-0.194274;-0.307564;2.605437
4.341965;2.557503;-1.127534;-4.893612;-1.801445;1.233201;0.556972;0.400088
6.274253;4.470087;1.470965;-4.904979;-3.782818;2.967007;-0.549237;-0.128609
3.729400;1.137478;2.583964;-5.889798;-2.226804;-0.524441;-0.373489;1.560927
4.147966;-1.683790;3.492554;-6.404479;-0.246848;-1.571204;-0.967448;2.698596
7.530205;-1.862540;4.895071;-7.215797;-0.319926;2.311175;-1.732545;0.191623
6.369475;-0.323488;6.178281;-6.479499;-2.456584;2.507677;-2.998512;0.535917
4.719069;4.561872;-0.519976;-6.613094;-4.015278;0.672995;0.204660;1.042538
4.427011;3.370456;-0.805772;-4.762897;-3.030913;-0.133760;-0.841105;1.688259
6.819967;-1.970307;4.134130;-6.746952;-0.510245;1.905876;-2.221218;0.155924
8.238892;-0.822733;4.916930;-5.848386;-0.054489;2.150971;-2.885432;0.469707
8.281865;-1.417695;5.329630;-5.921709;-0.265092;1.167548;-2.161988;1.669617
7.781872;-1.992234;3.781965;-7.490391;1.547119;-0.407709;-1.777202;2.362715
8.850793;-2.203264;4.149024;-7.974717;1.405382;2.060142;-2.376355;1.920625
9.757978;-0.877867;6.680082;-6.785432;-1.368966;2.992739;-2.525366;-0.403158
8.423818;-0.493718;7.328644;-6.528082;-1.604330;1.782851;-2.385224;0.755205
4.941560;0.691786;1.578485;-4.609610;-0.180159;0.067839;-0.096653;3.028852
-1.626025;2.961367;-4.010975;-3.016808;-0.300253;-0.750177;0.832478;1.405023
-8.893520;-1.250874;-6.135233;-8.374056;3.971232;-0.045521;0.984081;-0.945853
-17.311168;-3.860583;-2.011819;-4.732643;3.606649;5.311158;0.669734;-2.385241
-18.163401;-2.262183;1.680560;-1.732808;0.191388;4.613441;-1.661633;-1.022450
-18.007515;-2.461621;0.103756;-3.358180;1.524175;5.591559;0.808135;-1.127735
-17.646127;-3.443045;0.680089;-2.934076;1.442755;4.977407;1.894323;-2.024557
6.261801;8.612641;2.118153;-0.144187;4.731911;0.947712;3.015164;-2.811438
10.370021;6.212907;2.781620;-1.790486;3.207177;0.887624;1.755525;-1.137371
3.427923;-2.610326;3.316735;-7.135712;-1.291363;-0.496012;-1.018373;2.014192
11.676053;4.219529;-0.518563;-3.040617;4.473877;-1.669616;2.413715;0.415747
12.536096;9.306507;0.466422;-3.047052;2.425664;-0.176508;2.411027;-4.355728
7.384676;1.985218;5.260669;-4.701733;0.381393;1.863806;-1.227657;-0.589564
5.264262;1.880165;1.348294;-3.742921;-0.659515;0.268432;-1.773751;1.740128
2.532088;7.138176;-6.214265;-2.230660;-0.903831;0.099644;-0.583875;-1.837258
6.481824;5.755502;-1.422448;-3.087489;-1.032904;2.138030;-0.723332;-0.588343
6.474729;-1.080321;4.127847;-5.952982;-0.913584;1.215493;-1.451246;1.977736
2.746271;1.340197;2.036944;-4.525028;0.193337;0.621872;0.345438;3.337637
1.840500;5.949751;-3.047083;-2.411602;-1.212913;1.532384;0.312086;-0.271726
5.519835;5.385924;0.906906;-2.320782;-2.916324;2.861885;-0.648694;-0.117521
5.216806;-0.370280;2.937614;-4.442734;-1.594198;-0.314640;-0.408203;2.446466
3.429725;0.890057;-0.351942;-3.442205;-0.257905;0.040653;1.037692;3.288784
3.900168;5.270665;-2.910040;-2.857097;-0.960661;3.533780;0.567753;1.476204
6.580894;4.053439;0.421434;-3.363614;-2.071853;3.112919;-1.486890;0.373880
4.838265;0.330534;1.873724;-4.396690;-0.746420;-0.836751;-0.492828;1.948964
6.519687;1.513165;-1.870940;-4.563838;-0.505427;0.465502;0.332890;2.952438
6.395148;6.066121;-1.499729;-3.180876;-2.597416;3.750803;0.764215;1.111519
5.986767;3.084704;2.923874;-3.514304;-1.833350;3.158627;-1.908103;1.001237
3.903969;0.124886;2.033525;-4.515263;-0.807099;-0.173551;-0.905906;2.561669
1.927352;4.899759;-2.544240;-3.381216;-1.288025;0.302660;0.058181;0.791122
3.550725;6.588397;-0.030277;-2.551072;-3.920010;2.632962;0.531211;0.785940
5.905169;0.485505;3.253440;-3.868328;-1.728893;2.758816;-1.687208;1.403171
6.465165;1.990446;1.972717;-3.073141;-0.890107;1.209906;-1.097037;3.050340
3.643842;6.881958;-4.205207;-1.943179;-2.877499;1.120954;0.629591;0.466586
6.752720;3.959674;0.091704;-2.759662;-1.007814;2.106395;-0.389568;0.637642
5.702918;-0.546981;5.595485;-4.337814;-1.286068;2.068787;-1.889356;0.289575
4.952774;3.407601;1.063308;-0.977421;-1.515517;0.319868;-1.863306;2.494968
1.735743;8.502500;-4.699714;-1.400966;-3.112404;0.393218;0.822353;0.828098
5.552301;3.870922;0.610928;-3.283834;-1.544396;0.682312;-0.290585;1.409750
9.058733;1.274440;4.680032;-4.411001;0.372326;1.970588;-2.694898;0.057520
8.546826;3.581215;0.814386;-2.156357;2.241001;-0.951665;-0.284064;-0.665610
10.847028;5.369476;-0.482208;-4.004657;4.418772;-1.112843;1.739025;0.259598
12.601295;2.471956;2.974872;-5.501349;3.584733;1.358231;-0.489332;2.253629
7.345507;2.056055;1.731812;-5.393689;-1.284241;2.983340;-1.875802;0.987593
5.011888;7.979167;-4.112020;-5.665059;-3.755571;1.835023;1.620660;0.491565
3.976036;5.500163;-1.510506;-2.519359;-2.510982;0.848824;-0.007571;2.368491
5.753788;-2.341763;3.082907;-5.449557;-0.195893;1.994590;-1.141293;0.759648
8.995050;5.280877;-0.616135;-3.118636;-0.403278;3.786136;-1.502125;1.128037
6.575126;8.244539;-4.319767;-3.981341;-4.166275;2.229276;0.673915;0.244849
3.904797;0.565549;-0.008376;-3.689324;-0.420162;-1.130839;0.412566;3.100679
5.045102;-1.472390;1.087767;-4.372420;0.387059;1.872410;-1.556719;2.601279
6.551067;6.783630;-1.239376;-3.223648;-2.733334;4.067364;-0.433468;0.720798
5.996050;6.126205;-2.785075;-3.841244;-3.711679;2.718185;0.596540;0.804142
6.269228;-2.258045;0.143826;-5.110994;1.281746;-1.588049;0.845188;2.266018
7.914619;0.235378;-0.306021;-4.169977;0.764179;1.643081;-0.901920;1.877768
5.856378;7.152598;-0.921844;-2.632472;-4.067119;4.106539;1.288722;0.838656
5.997816;3.440181;-0.537791;-4.299345;-2.564829;2.584963;-0.061078;1.581274
5.663111;-0.156957;-0.301999;-4.760285;0.578844;-0.540539;0.086601;3.369319
7.198900;4.201301;-2.684060;-4.635558;-0.378957;1.595568;0.975527;1.598231
6.323237;5.264339;-1.142331;-2.532461;-2.349006;2.923556;0.921330;0.015843
4.381569;0.294697;1.318547;-2.924938;-1.853454;0.007180;0.429777;1.447139
4.526026;1.937419;0.136236;-4.106772;-0.795624;-0.590785;0.788691;3.143775
5.267311;5.702774;-3.268567;-4.267187;-2.587545;2.057128;1.466846;0.409575
-0.977435;3.702885;-2.736682;-3.244701;-1.839157;0.808088;-0.306582;-0.064023
-14.523895;-2.212323;-1.466463;-5.143895;2.500609;3.971703;0.005155;-0.971277
-17.675489;-4.223696;-1.297353;-3.663540;3.780407;4.955197;0.525185;-3.903102
-18.081127;-5.514256;-0.437371;-3.659278;4.488676;4.523823;1.668546;-1.295928
-18.093570;-2.899285;1.556320;-1.907576;2.657634;5.402507;1.029301;-0.953196
7.584600;-6.090051;-2.758291;2.733958;-1.121239;2.500915;-0.150872;-1.244345
8.497482;-6.317123;-3.124144;2.989907;-2.458540;2.285932;-0.383247;-1.540219
8.285048;2.879606;-5.454296;1.186914;-2.643975;-0.422181;0.243778;0.797550
6.059058;8.020915;-5.461572;-3.464801;-2.369456;-0.782129;2.216642;2.193802
7.944764;-1.741023;-3.129454;1.103740;0.599199;0.419134;0.265959;3.880937
10.630726;-6.156012;-4.497889;3.587676;0.299517;0.997218;0.091860;2.909926
13.354850;-5.684710;-3.730355;4.154366;-0.833638;2.408551;-1.132789;0.608747
11.541247;-7.316563;-3.211097;3.842171;-0.872587;3.500366;0.208880;-2.402300
13.411347;-3.646422;-3.486260;5.294601;0.714323;1.755782;1.546634;-2.531655
14.385077;3.917660;-2.182025;1.737116;1.509996;1.040630;2.465671;-4.410310
10.307672;-0.005001;-1.435568;0.759319;1.405026;1.047847;1.229408;-2.032393
7.707053;-4.920566;-3.048209;0.547471;1.217981;-0.229198;1.445759;3.240371
9.131209;-5.086464;-2.990349;3.221638;-0.056075;1.475746;0.771653;2.899039
12.040634;-6.181745;-2.925317;4.027303;-0.748222;2.332294;0.249996;-0.392400
13.619403;-6.531785;-4.957051;2.604241;-0.970266;2.395870;-0.574730;-0.451086
10.904665;3.791998;-5.330541;0.291619;-1.201184;0.650318;-0.340729;0.557016
9.155381;7.715069;-4.020471;-2.173554;-1.765394;1.211256;0.679229;3.223589
9.251331;-3.253440;-2.795069;1.604002;-0.159452;1.048392;0.157987;3.390119
10.392165;-5.074379;-4.483488;3.275411;1.679272;1.072694;0.761352;2.349375
12.894933;-4.676928;-3.325884;4.803088;0.519222;2.187276;-0.677333;1.179912
10.612377;-6.115427;-2.369925;3.702543;-1.157578;2.847125;-0.382991;-2.342520
13.037236;-2.132861;-3.071638;4.176812;1.038004;1.717458;0.974946;-2.377394
11.208058;3.242693;-2.794623;2.969533;1.016843;0.739364;2.156672;-4.434182
6.245560;-0.966567;-0.930300;3.921777;0.304564;1.875643;1.090616;-2.510995
6.356925;-5.703201;-2.908382;2.081390;0.745869;0.730527;1.691726;2.625553
9.122615;-6.789982;-4.042554;2.094946;0.889020;1.979935;1.681867;3.616790
11.042172;-6.516747;-2.812737;4.234286;-0.611868;3.306205;0.193300;-0.276193
11.336491;-7.132081;-3.832344;2.527830;-2.020240;3.866883;-0.934629;-1.642170
9.500305;0.371252;-6.036337;1.418079;-2.417698;0.691341;-0.233503;-0.711839
6.840257;6.580400;-6.183535;-0.332706;-3.049142;1.051623;1.770513;0.992973
6.818311;-1.275527;-5.555940;1.125673;-0.028290;0.101693;0.279239;2.521920
8.998122;-6.831632;-5.487665;1.690209;1.388585;0.793677;0.785640;2.691835
12.942559;-5.778090;-4.365302;4.422314;0.327547;3.758818;-1.204324;0.897235
11.985915;-6.851879;-4.534692;2.887297;-0.824926;4.001874;-0.454161;-1.578759
11.157391;-4.720791;-2.798166;3.769325;0.103766;1.297498;-0.940887;-2.221247
11.504518;1.831392;-1.874376;2.562419;0.865876;1.985695;2.581305;-2.726784
5.967718;2.229234;-1.450538;0.995926;2.375820;0.997107;2.455298;-1.936458
6.115815;-4.289321;-1.294878;1.859255;2.074837;1.840766;1.916030;2.663044
8.681973;-4.777409;-2.101376;3.694334;-0.073495;5.013059;-0.554076;0.099481
6.339022;-5.058316;-2.821203;4.065681;-0.755996;2.319716;-0.079922;-0.902330
7.362372;-3.522165;-1.945133;5.725625;-0.619503;0.768631;-0.484916;0.494586
7.841891;-4.672103;-4.108630;1.274518;1.813392;0.001106;-1.036513;0.769381
5.917261;0.205641;-8.711156;-2.531246;1.554625;-0.185105;1.204851;0.878995
5.151297;3.085640;-6.830712;-0.935501;-0.880498;2.265937;1.277521;0.072089
6.072924;-1.782002;-3.981845;2.331495;-2.480778;3.674799;0.114358;-0.890067
6.521614;-4.703058;-3.217910;5.507266;-2.310343;0.742691;0.809275;-0.803874
7.886558;-6.743429;-3.138856;3.097851;-0.846779;0.799917;0.422075;1.189299
7.366690;-6.608548;-4.569527;-0.149117;1.869268;0.544751;0.643265;2.693492
7.507967;-7.218164;-3.719133;1.908212;0.327343;0.884161;0.312910;0.947257
10.262685;-1.922237;-3.411891;5.024701;0.538004;2.499243;1.357140;-2.972357
9.291900;5.502011;-1.770977;1.863156;0.162875;2.630127;3.686988;-4.959429
6.962805;0.075510;-0.813693;2.428768;-0.982068;2.031293;2.428575;-2.631246
5.855688;-7.356925;-3.935034;2.287158;-0.819980;-0.817838;-0.219126;-0.192344
7.738421;-6.534756;-4.861952;0.310828;1.470833;-1.672676;-0.971013;1.707076
10.171636;-4.972067;-2.857192;2.430645;1.353705;0.093332;-1.526008;-0.115540
10.408286;-6.010618;-2.857964;2.255759;0.313950;2.302486;-1.354741;-1.521409
7.498171;0.099787;-5.909869;2.075862;-0.745944;0.669188;-0.724266;-0.020731
5.632232;6.887497;-8.104096;-0.063607;-1.797738;0.614381;0.476920;-0.558316
5.361830;0.322712;-6.019488;0.741903;0.289951;-0.330245;-0.830810;1.321676
7.152346;-5.462037;-3.766618;2.223896;0.169295;1.254884;0.909690;3.400494
11.979537;-5.672014;-3.623783;4.184569;-0.227166;3.804315;-0.260498;0.050530
10.263516;-6.531944;-4.097975;2.918347;-0.193335;2.447839;-0.897754;-2.809323
8.553865;-4.527807;-3.510642;4.306015;0.520284;0.901569;-1.196973;-1.061005
6.440446;0.426506;-3.700219;2.134600;2.146492;1.156711;2.898523;-0.621891
4.679113;3.753006;-1.965204;-0.212812;1.787638;1.755080;3.759567;-3.006739
6.699395;-0.627110;-1.034727;1.784473;1.464237;3.433025;0.046315;-0.904803
5.813771;-4.210311;-2.126698;3.890530;-1.496510;0.924687;-1.194919;-0.449834
7.252421;-5.084091;-1.890753;4.768384;-2.114324;0.495117;0.332486;0.253510
7.303818;-5.570543;-2.841445;2.783264;-0.337011;0.248580;-0.267785;1.376837
6.159035;-4.757705;-3.330650;0.630236;1.569497;1.716970;-0.688208;3.668224
7.517012;2.882341;-6.506273;0.215585;0.759665;1.377683;-1.037591;1.444374
8.261539;4.762189;-7.861677;0.557306;-1.326347;2.399173;0.017861;0.000440
7.604256;-2.209586;-4.008814;3.774572;-1.811042;1.888263;-0.910704;-0.637421
9.048945;-5.962663;-3.323737;1.866719;-0.565074;-0.939275;-2.009284;0.414506
8.536991;-7.225875;-4.613897;-0.851771;1.694577;-0.141588;0.023531;2.240969
9.495569;-6.598107;-3.737860;1.267665;1.632536;1.607885;0.072328;1.972957
10.072215;-6.911287;-4.901186;3.208652;0.998491;2.786350;-0.484903;-1.504089
12.405310;1.166722;-4.594699;3.233085;3.716455;1.875164;1.207919;-3.847654
8.843265;5.550760;-1.725764;1.343004;3.225022;1.177715;1.495446;-4.326493
3.170228;-2.676047;-0.339107;1.026851;0.215813;1.407691;-0.134855;-0.523700
4.411247;-5.401958;-3.191119;0.739641;1.148868;-0.420579;1.233481;2.371291
8.511625;-5.604192;-2.330697;2.929616;-0.579276;2.059675;-0.248853;1.949657
10.357974;-6.392096;-2.208961;3.039538;-2.094653;3.753789;-0.191247;-1.030141
7.675365;-6.013697;-2.486885;2.207296;-2.504817;1.569748;-0.679662;-1.744342
7.665476;2.012860;-7.728252;0.364622;-0.972600;-0.207367;-0.376599;-0.020102
4.827781;7.605969;-7.588631;-5.489066;2.670979;-0.912534;1.671109;2.743636
5.769992;-0.777540;-2.466597;-0.086764;0.779676;-0.360296;1.187049;3.894350
9.073998;-5.041256;-2.257300;3.872901;-0.759555;3.584239;-0.618008;-0.633158
8.418738;-6.236537;-3.020738;3.706177;-1.756999;2.746640;-0.410037;-2.021727
7.805624;-5.370579;-2.626968;4.320529;-1.199806;1.485539;0.092844;-1.076486
7.734332;-5.915720;-1.483166;2.758635;0.414532;0.774476;0.323400;1.088877
7.581493;-0.114195;-3.793758;1.316834;3.389516;0.344959;3.407706;-0.514008
9.318998;5.066564;-4.164573;-0.899446;3.416438;2.305957;2.697862;-2.247443
9.429701;-1.034208;-1.599977;1.955424;0.581830;4.210276;-0.387190;-1.461031
6.071511;-4.448968;-1.925451;4.177441;-2.104105;1.124154;-0.751242;-0.935131
6.410281;-5.069612;-1.538982;2.564861;-1.587989;0.498616;-0.639338;1.223741
7.874662;-7.216077;-4.468497;0.735909;2.206471;1.591852;1.795539;2.572452
12.075755;-5.450852;-6.892145;0.985681;3.863011;1.232095;-2.066996;1.296385
9.630247;2.538294;-8.184693;-1.348717;2.490096;-1.387792;-1.010525;-0.487846
2.687383;7.237188;-3.246882;-0.068816;-1.174649;-0.247276;1.627714;2.010068
7.421372;-2.181529;-2.372530;3.243367;0.294732;1.954160;-0.057351;2.326986
8.014318;-5.529559;-4.246950;1.740968;2.714019;0.784151;1.040696;3.548132
9.530309;-5.802690;-3.929835;1.657521;1.290457;1.875946;0.257774;3.158837
11.073471;-5.662362;-2.917018;3.542991;-0.378278;3.937360;-0.208280;-0.255375
8.671075;-2.329418;-4.525036;1.673709;-1.991684;2.075936;-0.789239;-0.664829
6.246725;5.392176;-5.849921;0.524755;-2.663324;1.339106;-0.164696;-0.654599
6.294318;0.859386;-5.862611;1.560292;-0.878809;1.474297;0.512883;1.398792
7.581687;-7.018705;-4.489391;1.655135;3.602573;-0.644336;2.565622;1.511732
12.092685;-5.931102;-3.248179;4.449742;2.207293;1.777422;3.082574;0.048470
12.056875;-5.219392;-2.096192;4.285741;0.338095;3.309474;1.451928;-1.653659
11.411494;-7.063104;-3.718093;3.057437;-0.524444;2.695721;-1.442200;-1.618934
10.342052;-5.094996;-2.764077;5.078944;-1.545771;0.834714;-2.307017;-0.818800
7.758780;-3.798710;-2.400704;3.675858;-1.600321;1.081601;-0.566061;1.172478
2.968864;-3.151775;-5.483123;-0.347851;0.045161;0.746297;1.300461;0.526653
-4.594114;-2.600511;-5.258036;-2.899052;2.504514;1.156552;1.941459;-0.159880
-12.865342;-3.542642;-4.618292;-5.348127;4.239918;1.701043;0.167600;-3.836919
-17.598773;-3.063647;0.475074;-3.453871;2.793848;7.228968;2.669405;-1.127103
-17.962427;-2.350570;1.511716;-2.874658;2.917536;9.301942;3.437682;1.615408
-17.549322;-3.158342;1.951281;-2.660907;2.352242;10.540850;2.768082;0.505019
-17.607248;-5.301578;2.365665;-1.941080;2.149573;9.126080;0.882042;0.795031
5.895223;-1.493220;-6.097556;1.296631;0.722597;-0.598890;0.185789;0.665239
4.716129;6.486988;-8.150005;-2.964727;3.302784;-0.793362;2.606803;2.350214
5.550211;2.929119;-4.286749;0.811516;0.035043;0.367464;1.364902;3.236070
6.208115;-4.403866;-2.986649;3.836693;-2.309211;1.179963;-0.773706;-2.194027
8.467949;1.086663;-2.480815;4.129422;2.311627;-0.149145;0.670154;-2.072928
4.425075;4.554282;-3.438919;0.477495;5.244093;-0.278020;3.649794;-2.285820
2.143764;-2.529281;-1.274593;1.416025;2.713079;-0.236405;3.217468;0.284473
5.865301;-4.565667;-0.391134;3.548767;-1.870077;3.093716;0.154390;-0.062320
5.805645;4.120058;-5.512401;0.866856;-1.096630;1.301635;1.790170;0.466037
2.326371;8.464650;-5.751682;-2.370667;-0.861696;-0.752717;1.944942;0.773785
0.428016;-0.888403;-0.486163;0.957568;-0.141293;-0.677733;-0.571514;2.592048
3.524235;-4.367420;-2.213454;3.297889;0.601375;0.435771;1.879444;-0.132289
10.152713;2.764099;-4.359040;3.167054;3.170657;2.626860;3.041536;-3.722533
6.642190;5.572233;-0.820753;1.494442;2.281743;1.615189;3.222572;-5.661032
3.825557;-2.886706;0.978479;2.562124;-1.398229;1.366839;-1.235050;-1.458071
3.271614;-4.878196;-2.208851;1.473573;1.084946;0.867795;1.150503;2.448675
3.485010;3.495340;-7.169405;-1.007306;1.295479;2.090301;3.375445;1.893342
2.179381;7.217917;-5.369488;-0.715186;-1.584385;-0.639090;2.187563;1.301410
1.114829;-2.870332;-1.610070;0.973500;-0.098674;-0.493727;0.274788;3.000431
6.268720;-3.740659;-2.549260;2.633351;1.559452;2.344100;-0.059974;-1.660779
9.301321;4.051311;-1.460420;0.052826;2.121193;1.834038;0.155227;-4.456123
5.185070;6.140202;3.235979;0.987116;3.373853;-1.130697;-1.616559;-2.287857
4.849156;-1.227985;1.690581;1.200493;2.387963;1.942330;1.430921;2.301769
4.135971;-4.229296;-3.418481;2.732584;-2.479543;3.048089;-0.478532;-1.402313
2.148600;4.108894;-5.321803;1.623911;-3.041720;0.677229;0.258061;-0.590948
1.290256;6.288846;-4.450828;-2.558068;-1.543632;-0.404951;0.466868;0.836324
1.454489;-2.293207;-2.243144;-0.504746;1.010082;-1.084416;-0.650866;2.405603
3.042729;-4.167598;-2.640439;2.909970;0.612197;0.982011;0.490006;-0.393091
8.627510;1.260125;-3.170837;2.484169;3.060866;1.414389;1.316644;-3.800488
6.602891;4.979026;-0.242717;0.999319;2.839203;1.035718;2.136563;-4.162829
1.283393;-1.469409;0.588584;0.962977;1.319349;-0.377624;-0.561172;-0.080827
4.562819;-2.701138;-0.786406;1.002009;2.288687;0.196794;-0.941359;1.989076
6.230906;3.839576;-5.779779;1.417623;1.715479;-0.439529;0.560000;0.836309
2.115382;8.165266;-6.820350;-2.673724;1.837447;-0.496978;3.146111;2.119983
2.868992;-0.443695;-1.820938;0.436243;0.947606;0.342217;-0.606705;3.187380
4.642174;-3.998020;-2.506841;2.177384;0.479907;2.168923;-0.121729;0.191109
15.793768;0.135582;-6.011813;1.352872;5.213497;0.857928;-2.409963;-4.174911
14.741986;3.707234;-4.698172;-0.697029;4.435324;-0.812972;-1.117654;-5.078860
0.781667;-0.535302;1.849227;0.689834;1.152270;1.069198;0.408110;-0.545727
0.814988;-4.477783;-1.357334;1.433142;1.569827;0.972186;1.014311;2.138091
3.472388;-2.109819;-4.918475;2.178357;-1.352904;2.422009;1.576189;-0.728334
3.378520;3.194429;-6.418565;-1.676487;-1.018209;1.728059;0.978854;-1.577773
3.544934;2.288770;-2.446429;-0.348638;-1.368787;1.002355;0.059042;0.172250
3.631928;-4.068354;-2.156204;2.458373;-0.796323;0.555789;-0.057260;0.386479
8.117954;-1.620367;-4.220368;1.812459;3.402043;-0.187012;2.870433;-2.032288
9.848807;4.133554;-4.857582;-2.269591;2.198658;2.819288;4.835271;-6.290425
6.837590;2.236795;1.146442;1.850796;1.168633;2.401719;-1.694699;-1.638195
2.560757;-1.785636;-1.379877;2.109899;-1.184268;-0.026523;-0.629196;0.589259
1.038293;0.541651;-5.996941;0.246606;-1.248247;0.578572;1.053348;0.328077
0.321534;4.905273;-4.351608;-3.102028;-0.687457;2.681222;0.460034;1.803586
2.973884;-0.406229;-1.987023;-0.597979;-1.808591;1.365336;-0.126194;1.775514
5.073052;-5.142429;-3.378531;3.366024;-1.852496;1.379183;-0.940835;-2.998769
9.610404;-0.016006;-2.549423;4.075709;3.776025;-0.819222;0.297339;-2.440937
6.621749;3.424643;-4.054720;-0.958873;6.280410;-0.897598;3.317461;-2.717338
3.554675;-1.495962;-2.038204;0.576109;4.104910;-0.251303;0.652757;-1.114464
5.036285;-3.755613;-0.874792;3.151834;-0.170681;3.145715;-0.800728;-0.876949
0.763860;-1.626212;-4.617179;-0.248409;0.786253;-0.092571;0.867085;0.008967
-10.267243;1.787099;-3.875953;-2.009709;2.958672;1.411662;-0.540712;-0.460057
-17.216068;-5.679746;-4.898827;-6.751881;6.921238;4.744113;2.046898;-2.847021
-17.390635;-3.294335;-0.538073;-4.113449;1.733521;4.219359;2.419347;-0.478947
1.278976;-0.260636;1.985383;-0.607032;0.655244;0.000474;2.415240;2.940285
3.026274;-0.265062;3.730480;1.619381;-1.235370;2.394206;1.149892;0.029491
-0.496746;-1.552206;2.517741;0.920682;-1.425670;0.342050;2.078013;1.718209
-1.136604;-0.921484;2.471405;-0.094554;0.953458;-0.777777;2.244693;1.429389
6.993542;8.684568;4.537576;-2.436748;3.370416;2.423651;1.975358;-1.712193
6.462055;5.118320;4.171039;-1.017703;2.591996;1.058575;1.300729;-1.803176
-2.992197;-2.654367;2.333313;0.290024;-0.197566;-1.655336;2.797690;2.442419
0.675545;-2.384040;2.113297;1.088689;-0.246702;1.262102;2.442495;1.833934
2.708886;-1.167314;3.281769;2.787533;-2.056709;3.650982;1.835111;0.056248
2.157696;-1.417146;2.818910;1.443625;-2.734742;0.809160;1.817794;1.826452
-0.396960;-1.805098;1.217143;-0.157040;-1.278900;-1.691754;3.127249;3.503523
1.586504;-2.330300;1.259296;1.832145;-1.556899;-0.088026;2.901969;2.281213
4.367300;-2.193006;2.874385;2.704936;-1.774360;3.922529;2.277973;-1.007187
5.861171;-0.109359;4.912850;0.126382;-0.898796;0.983597;0.997588;-1.487389
2.428294;3.151423;3.907380;-1.789281;1.845063;-2.084246;2.812888;0.132885
1.201262;2.755771;3.449601;-0.408682;2.122439;-1.324099;2.798006;1.201129
4.757972;-0.039887;3.611852;0.643595;0.582438;2.886775;2.148166;0.647428
2.783077;-1.840014;3.324153;1.280600;-2.051865;1.859082;1.623712;0.002503
1.632466;-2.400579;2.151816;1.581596;-2.979225;0.141317;2.265715;2.350500
0.184663;-2.653460;1.047626;-0.040948;-1.508052;-0.872039;3.470199;3.241497
2.837623;-1.978332;1.714389;0.747387;-0.968779;-0.219048;3.320099;3.756879
5.443640;-2.298075;2.541259;2.473265;-2.445092;3.231433;1.951677;-0.328011
5.681279;-2.005967;3.266365;2.688765;-1.935801;2.721138;1.355313;-0.530028
7.364276;-0.855177;4.163698;1.437339;-0.356084;-0.570813;0.796899;-1.477248
4.249996;2.034827;3.256802;-2.169465;2.485160;-2.476488;3.058748;-1.046892
3.649577;1.629938;3.913554;-2.170266;1.666669;-1.796420;1.873730;1.459329
5.662441;-0.319581;3.871322;2.136446;-1.791361;2.040365;2.205340;1.204895
5.552923;-2.301750;2.944231;2.192126;-1.397716;3.508704;1.926914;0.083317
5.936460;-0.337149;4.326171;2.886431;-2.567592;1.429472;1.246359;1.536541
5.109911;-1.517301;2.412220;2.228670;-2.781653;-0.196713;2.002261;3.349438
3.265718;-2.619633;0.538691;0.394822;-0.893400;-0.782028;3.062960;3.026135
4.029581;-1.736323;2.245743;1.941778;-1.251276;-0.367462;2.960930;2.284628
7.618495;0.108996;4.245002;1.671960;-0.471686;3.065833;1.810277;0.202715
7.449458;5.584823;3.384595;-0.303981;0.461828;2.317589;1.823555;-3.189007
4.147104;1.903588;1.226346;1.069709;1.402797;-1.165564;2.048791;-1.083883
1.453487;-1.808533;2.430051;0.046728;-0.220106;-0.236502;3.060478;3.314784
4.256068;-1.068437;3.110382;1.718006;-0.815712;1.564633;2.635052;1.919845
5.310834;-2.985888;1.978364;1.763604;-1.646493;3.835251;1.782269;-0.836000
6.589462;-2.891630;3.073400;2.087691;-2.476622;2.593156;1.109771;-0.460020
7.025726;-1.516140;3.547026;3.146678;-3.168149;0.914239;1.344103;1.437377
5.808234;-3.776272;1.429568;2.045037;-3.611839;-0.521585;2.736676;2.055011
3.575263;-3.588644;1.640502;-0.503247;-0.426046;-1.020664;3.947215;2.899191
7.629211;2.778077;4.414517;-1.208421;1.767042;-0.027461;2.939228;1.025376
9.785657;7.520117;4.587838;-1.881665;1.221604;3.901888;2.331234;-1.438871
6.260261;2.335728;5.230884;1.934038;-0.232527;2.731061;0.968902;0.147244
4.188229;-1.282497;3.763358;2.627667;-2.761322;0.342170;1.498062;1.837310
3.576616;-2.506138;1.482365;1.526018;-2.603633;-0.979983;3.147595;2.946535
2.869249;-1.026001;1.225874;0.987569;-1.302881;-1.386001;3.403566;4.490901
5.431333;-0.562128;3.003376;3.092258;-2.278844;-0.003516;2.635517;3.372889
6.497956;-2.186146;2.968538;3.824989;-2.594724;2.607801;2.631885;-0.374777
6.618987;-1.771544;3.912241;2.517474;-1.591988;2.252073;1.815520;-0.227561
11.103209;2.941590;5.336683;0.008872;0.859843;-0.306958;0.238363;-2.440064
9.097514;3.706973;4.465278;-1.303157;2.453970;-1.187168;1.298213;-0.890749
2.440074;-1.269202;3.002149;-1.340640;0.694652;-1.839967;2.600033;2.076641
3.459636;-1.495245;2.863955;1.289131;-0.809883;1.331309;3.305683;1.852053
5.142482;-1.957674;2.440232;2.143649;-1.062748;4.603139;2.275660;0.034162
4.583441;-1.445542;3.318008;2.780191;-2.206815;2.446198;1.453640;0.102008
5.233571;-1.528100;3.495586;3.005712;-3.552354;0.332109;2.017422;1.276430
4.213004;-3.219983;1.428709;1.473997;-3.134605;-0.175511;3.285202;2.510330
2.588345;-3.129695;1.908618;-0.480380;-1.088396;-1.071666;3.600813;3.268020
7.062541;1.619121;4.348168;0.250415;0.474227;0.729742;2.091332;0.449642
8.170196;7.625158;4.451966;-1.009321;0.576904;4.187165;3.202965;-2.605220
5.673971;2.882261;4.467218;1.608206;0.106461;2.484121;2.100527;-0.726855
1.559523;-3.103514;2.677614;1.246746;-2.755972;-0.234221;2.423543;2.229381
1.028613;-2.986894;1.022187;-0.045816;-1.825366;-0.796915;3.515161;3.437174
4.026996;-0.649421;3.021850;2.698460;-2.631595;-0.081928;2.958997;3.232332
6.527818;-0.868678;3.036416;3.983699;-3.003656;2.762919;2.121548;0.913954
5.858499;-2.364609;2.273175;2.788716;-1.736975;3.044507;1.893283;0.486488
5.271894;-1.611453;3.493656;3.283057;-2.441134;0.698322;1.662869;0.950313
5.888159;-2.355582;3.004998;1.768147;-0.114203;-1.106846;1.755615;0.482734
3.948690;2.771299;3.388203;-2.118088;2.885087;-2.489786;3.299233;0.099421
5.200189;2.970586;4.027364;-2.257236;2.220170;-0.208896;2.841926;1.817758
6.745591;-1.564649;3.282294;2.299750;-1.519051;3.576641;2.610829;0.078400
7.415524;-1.745399;3.381157;3.110124;-2.865689;3.423455;1.744052;0.120275
7.016706;-0.313233;4.098735;4.095421;-3.930292;0.458158;1.190501;1.402802
6.133757;-1.695655;2.983359;3.252176;-3.896958;-0.626179;2.247353;2.643587
3.456014;-3.029093;1.102268;0.847532;-2.148633;-0.637298;3.312376;3.269459
3.162577;-2.786657;2.145875;0.294118;-1.139187;-0.154562;3.896516;2.897941
5.832581;-1.213634;3.792709;1.898084;-1.528454;2.361975;2.161056;-0.001928
9.321332;5.812411;4.101846;-1.542738;1.348008;2.858651;2.334670;-2.386442
7.969982;4.285479;4.238295;-0.393949;0.883914;0.783645;1.898299;-2.045336
2.311063;-3.464021;2.989450;0.443533;-1.035872;-0.663798;2.185327;1.608121
2.736354;-1.773977;2.285297;0.552239;-1.762048;-0.322843;3.030143;3.831014
5.875223;-0.525752;3.065362;3.235618;-2.372657;1.116273;1.883574;1.599960
6.590737;-1.842762;2.865317;2.599428;-1.888730;3.710723;2.102154;-0.181468
6.510269;-1.758703;3.346991;3.632283;-2.650311;1.641168;1.955077;0.755889
6.646822;-2.327515;2.399654;3.499624;-3.752871;-0.019620;1.917885;1.264106
3.597870;-4.248263;0.954238;1.679522;-2.577687;-0.191182;2.768888;1.667722
6.404589;3.856920;3.442914;-2.469860;3.757393;-2.061526;3.317544;1.335352
8.219074;6.160272;3.822237;-2.082653;2.601934;1.509141;4.241465;0.186165
5.063748;-1.497130;3.449549;2.047833;-1.034159;4.191702;2.537226;-0.027947
5.067003;-1.183249;4.265989;2.585996;-2.793243;0.893543;1.875784;1.511693
6.037836;-1.710217;2.901421;3.089947;-3.632137;-0.594382;2.735476;2.503166
4.944791;-2.493488;1.561239;1.405699;-2.855938;-0.010007;3.630053;3.431644
3.919917;-1.437906;2.099822;0.175722;-1.450687;-1.137526;3.564881;3.900270
6.492340;-1.823902;2.607235;2.703872;-2.255916;1.571093;2.577129;1.583545
7.846387;-1.511158;3.367551;2.359450;-1.109575;3.595334;1.619409;0.093612
11.881575;5.282304;4.762892;0.141457;1.398676;1.040015;1.409118;-1.560440
9.296426;4.920270;4.881535;0.062119;1.054164;0.032696;2.268961;-2.106511
2.858427;-2.460662;3.344578;0.726602;-0.737660;-0.358237;2.036682;1.883897
3.618614;-1.804994;1.790240;1.088055;-1.717988;0.315600;3.873153;4.071394
7.756256;-0.945255;2.187658;4.279093;-2.922875;1.690760;3.332427;1.493226
8.416568;-1.935737;1.959457;4.118823;-2.399715;2.870096;2.083384;-0.248021
7.659941;-2.029956;2.388965;2.778184;-2.681437;3.054322;1.538349;-0.239241
8.441761;-0.554026;3.949169;3.850127;-2.782383;1.053299;0.943396;1.735202
8.235489;-0.676705;4.409230;2.157474;-0.535739;-1.256373;0.896288;1.818826
3.576134;2.571729;3.271885;-0.972779;2.265671;-2.223400;2.888506;0.424100
3.426595;2.360724;2.782665;-1.947423;1.748801;-0.880153;1.819873;1.781508
6.512662;-0.621027;3.273027;2.526236;-2.013650;1.772487;1.845718;1.063035
6.267598;-3.144790;1.391944;2.926815;-3.681345;2.820625;1.788686;0.080451
7.695053;-1.693503;1.454448;3.847727;-3.952956;1.893695;1.721819;0.711472
8.703949;-0.273017;2.880967;5.021750;-4.462600;-0.431697;2.268520;3.164375
8.565448;0.132690;3.350633;4.978568;-4.611950;-0.271829;1.998237;2.596960
9.601822;0.214451;3.295599;5.083342;-4.690945;0.154492;1.552602;1.726975
8.516679;-2.340293;1.392677;2.662330;-3.271035;0.119063;2.804290;2.438495
5.990301;-2.407823;0.637243;0.280733;-1.752806;-0.062378;4.112930;3.749676
5.359584;-1.965670;0.674319;1.106409;-2.003090;-0.226970;3.137777;3.105577
3.488488;-3.553400;-0.908936;1.458726;-2.507598;0.958546;1.782028;0.088894
-4.552964;-1.938043;-2.502277;-2.102896;-0.440593;-1.441628;1.699117;-0.516741
-14.851172;0.433003;0.405009;-2.962194;1.175313;3.968985;-0.604960;-0.349731
-17.956878;-3.734801;-1.757751;-4.305027;2.477035;3.903789;2.825986;-0.792938
-18.022445;-2.950411;0.434465;-2.549890;0.918281;4.894310;1.300078;-0.837371
-18.716281;-1.643631;2.051706;-1.754284;0.684792;4.826597;-0.021143;0.008211
-18.062916;-2.704771;1.245051;-2.472904;0.100123;4.934452;0.980091;-0.722282
-18.363627;-1.311138;2.324850;-1.649285;-0.896968;3.810943;-0.131327;-0.496635
-0.675935;-1.727098;3.027641;-1.403258;0.389279;0.525388;2.807680;0.305579
3.508783;-0.167457;3.666827;-0.071500;-0.391632;2.950639;1.957445;-0.332503
5.770632;1.442491;3.957101;-0.077754;-0.542957;2.695859;1.473684;-2.239864
0.578178;2.201990;3.587895;-1.247041;1.842664;-2.384709;2.361399;0.276333
-1.625824;0.664318;2.820492;-1.212401;1.064080;-1.109413;2.683899;0.858427
1.033088;-0.242142;4.508027;1.817379;-2.046462;2.166352;1.099713;-1.561464
-1.522694;-2.676904;2.743348;0.167542;-0.894528;0.169055;1.983871;0.986963
-1.269444;-0.721349;3.253063;-0.897147;1.096490;-0.661182;2.352768;1.224677
2.856004;5.824054;6.233600;-0.165616;1.048836;1.782261;2.326200;-0.746191
0.987590;2.082686;4.125029;-0.474676;0.519616;-0.729052;2.478940;-0.707086
-2.630884;-2.964270;2.708234;-0.942980;-0.084438;-2.030012;2.969087;1.384989
3.573279;-0.039761;4.176561;-0.224191;0.457487;1.549285;2.150201;0.321221
3.704588;0.370167;3.588994;0.321207;-0.370234;0.813825;1.674852;-1.815338
-1.417288;1.462122;3.324038;-0.580900;1.125426;-2.600956;2.654945;0.415997
1.167883;2.420879;3.453430;-1.775691;1.439958;1.064040;2.462173;1.126739
2.580123;0.816739;4.939778;1.964122;-1.203808;3.184095;1.053952;-0.517623
-3.194706;-2.274714;3.684490;-0.817328;-0.283597;-0.052120;2.344766;1.606465
-0.986665;-0.980602;3.381373;-1.067083;1.163101;-1.409178;2.627267;0.887669
3.244079;4.493247;4.778696;0.076356;0.216874;3.387088;2.111818;-0.848823
-0.091046;1.630671;3.666902;-0.236044;-0.643129;0.520417;2.390843;-1.800319
-3.662065;-1.422272;3.061052;0.015467;0.174978;-1.793160;2.084846;1.712498
-0.169808;-1.753166;2.913586;0.051823;0.212990;0.808344;2.312903;0.861314
2.529299;0.760738;4.802941;1.327013;-0.884924;3.345394;2.118947;-1.328852
-1.100190;-0.047801;3.317105;0.229638;0.317784;-0.003289;2.969756;-0.544816
-0.261200;2.284341;3.998341;-1.139428;1.889331;-1.620520;2.857747;0.371021
3.320682;3.243678;5.340500;0.016158;0.262337;2.848682;2.351829;-0.513885
0.080186;-3.267080;3.301590;0.761570;-1.826067;1.128730;1.772774;-1.198451
-2.426919;-1.620528;3.919267;-0.003509;-0.271955;-2.525106;2.172149;1.880203
2.169787;3.060229;5.197662;-0.751361;1.156623;0.482967;2.233280;0.367779
2.926588;5.246814;4.774066;1.563400;-1.266793;1.821396;2.028006;-3.029884
-2.164690;-0.728237;2.945222;0.512350;0.796817;-2.236682;2.313122;1.648882
-0.457915;-1.422471;2.985786;-0.864575;0.533114;-1.681532;2.868343;1.547859
2.697414;2.625408;5.161819;1.102675;-1.114703;3.089370;1.792416;-1.515748
-2.217276;1.547677;3.856802;-0.530721;0.809764;-1.004680;2.646191;-0.390387
-0.141026;1.627864;2.904143;-0.442043;2.501742;-1.927100;1.064825;0.311614
3.861213;2.438031;3.721400;1.870848;0.251196;2.591119;0.828751;-0.708763
3.318444;-2.654342;3.013589;1.970494;-1.643737;1.168462;1.211288;-0.852609
-0.054400;-1.802558;2.996750;-0.505492;1.213996;-2.253645;2.633005;2.007083
1.474337;2.607101;3.736380;-1.890387;1.461435;-0.982852;2.546523;0.052347
4.125028;4.476150;4.940678;0.139152;-0.892404;1.996346;1.205921;-2.426630
-0.165103;-1.149039;2.726041;-0.558533;-0.119007;-0.690195;3.144227;0.221540
-1.857283;-2.484604;1.747733;-0.155959;-0.081844;-2.797384;2.985823;1.163043
1.875413;2.640559;3.826719;-0.531787;0.331791;3.140179;2.671321;-1.004064
1.724533;2.639357;3.389580;0.690274;-0.320105;1.048247;1.816022;-2.899883
-0.675989;1.780969;4.459534;0.077063;1.749357;-3.003009;1.181883;0.490701
-0.100215;-0.301092;4.064861;-1.026159;1.410009;1.135192;2.042339;1.388686
0.460557;-2.724413;3.006568;1.001945;-0.794629;1.957075;1.282325;-2.063730
-1.801923;-0.707600;3.214408;-0.516022;1.550063;-1.707389;1.975831;1.605500
0.744540;2.659011;3.295306;-1.508983;1.517936;-1.457245;2.654937;0.064165
3.451693;5.249950;5.068912;0.543654;-0.742241;2.757434;1.927526;-2.318179
-1.221239;-1.667663;2.348016;-0.297205;-0.313165;0.951522;3.027317;0.130644
-2.546447;-2.353568;2.196596;-0.084047;0.777660;-1.262047;3.324769;1.782885
3.398259;3.529375;4.369746;-0.277524;1.162521;1.710150;2.741538;-1.233694
4.797703;2.843952;3.140432;0.903138;0.297458;1.221991;2.557395;-2.528512
0.279795;-0.054770;2.972870;0.646951;1.924054;-3.026130;2.226970;1.269057
0.164616;-1.122100;2.784707;-0.272003;0.764752;0.999095;2.238719;1.013314
3.173466;-0.290073;3.943227;0.048735;-0.440572;2.322999;1.877952;-2.099673
1.200388;1.717443;4.231592;-1.451286;1.204432;-2.097079;3.360012;0.383909
0.800480;2.411885;2.736686;-0.414237;1.168791;-1.883203;3.078907;-0.465747
-3.198103;0.288763;2.122693;-0.640934;2.507995;-2.141501;2.113187;-2.353651
-16.913131;-4.376006;-2.542539;-4.315889;2.907685;3.310841;1.474309;-3.709343
-17.887514;-5.029316;-2.382983;-5.277473;3.307820;5.524943;3.983104;-0.905349
-17.223722;-6.283284;-2.018924;-4.499068;1.662361;7.924659;3.301107;-0.262523
-4.417990;0.309052;3.019624;1.468229;0.262976;-2.099121;1.210488;1.102730
-3.043397;-0.395853;2.176514;2.220317;-1.456797;-1.002987;0.009014;-1.533776
-2.537015;0.562474;3.217867;1.641713;1.418792;-2.469844;0.423345;0.694122
0.834912;3.558288;5.931979;2.019959;-0.275540;-0.393448;-0.128727;-0.801282
-2.849751;0.630176;3.326930;0.905993;0.654264;-2.561671;0.768412;-0.425994
-3.219092;1.324767;3.681653;1.486857;1.385581;-1.963758;1.237816;0.993382
-2.559477;1.115101;3.555728;1.971937;-0.476401;-0.766050;0.668880;-0.874717
-2.872057;-0.412537;3.063288;1.008883;0.956354;-2.490020;1.684801;0.205963
0.460618;2.420416;5.304424;3.402112;-0.864529;0.389217;0.976821;-0.081672
-4.678662;0.037304;2.283520;1.282673;-0.979135;-2.779465;1.341155;0.683365
-3.466222;-0.332877;2.770633;1.478382;0.683456;-2.430880;0.824013;1.201418
-2.637528;-0.637918;2.697984;2.324296;-1.067373;-1.001431;0.767194;-1.734306
-2.428130;0.315776;3.352438;0.844837;1.171430;-2.501401;1.064076;0.210110
0.895784;3.223990;5.524849;2.021294;-0.209069;-0.688290;0.201398;-1.427680
-2.406379;0.774987;2.528111;0.997834;1.380478;-3.203171;0.586415;0.185190
-2.661275;0.886365;2.623776;1.360033;1.481291;-1.875890;1.411137;1.270219
-2.858708;0.735198;2.598175;1.785915;-0.534468;-1.186648;1.013772;-0.780360
-3.237071;-0.094129;3.238804;1.706575;1.061449;-1.276234;1.274146;1.461241
-0.017928;1.271351;4.858490;3.501355;-1.547999;0.119878;-0.109058;-0.452601
-3.513521;1.015830;3.107621;1.994297;-0.201811;-2.923734;1.476532;0.650310
-3.057209;2.147526;3.479920;1.159416;1.385147;-1.920452;0.274604;0.427264
-3.829014;1.611484;3.364576;1.459480;0.511818;-2.043871;0.002267;-0.133626
-2.243466;1.303761;3.721954;1.023736;1.169110;-2.040690;0.944820;0.230114
-1.523134;1.132390;3.561272;2.023671;-0.786688;-0.741778;0.361645;-1.613024
-3.666465;-0.178600;3.404400;1.328712;0.448875;-2.177208;0.748998;1.235011
-0.624427;2.541695;5.305852;2.967882;-1.270084;0.049614;0.371494;0.192674
-4.658788;1.262695;2.483053;1.428357;-1.166532;-2.729065;1.384034;1.080241
-4.269186;1.065809;3.351121;1.806009;-0.063884;-2.560443;1.125839;1.306625
-4.627140;-0.315988;3.115185;1.398082;-0.694876;-2.352212;1.023123;-0.948488
-2.647440;0.376622;3.584755;1.394617;0.848969;-2.518169;1.145311;-0.063735
-1.098739;1.533912;4.449803;2.914403;-1.334967;-1.112654;-0.370174;-1.906482
-4.747082;-0.290898;3.353020;1.016271;0.324394;-2.425055;0.668799;0.323767
-2.063517;2.573391;4.723534;2.408483;-0.159024;-1.572184;0.141377;-0.347068
-3.591264;1.991176;3.197181;2.296933;0.209546;-1.841237;0.814091;0.596321
-3.989975;0.336229;2.737078;1.605157;0.063541;-1.494282;1.595686;1.312690
-4.011023;-0.324791;1.951592;1.804959;-1.559299;-1.254400;1.510639;-0.504404
-4.234292;-0.311680;3.354278;1.831391;-0.117935;-0.986381;1.300190;1.461470
-2.437931;0.270616;5.052396;2.992422;-2.383998;-0.532262;-0.385396;-1.166071
-4.118402;1.270148;3.407132;1.987357;0.275925;-1.908986;1.130124;0.340148
-2.532644;3.189723;4.894338;2.009981;-0.026749;-1.559903;0.236709;-0.563191
-3.796583;1.232026;3.723183;2.057401;-0.113573;-2.106164;0.229547;-0.048189
-3.604369;0.369519;3.091130;1.696967;0.407094;-2.085088;1.577943;0.693671
-3.608079;1.382747;2.369956;0.980114;-0.909722;-1.797243;0.616097;0.312045
-2.867946;1.080804;2.933248;2.034409;0.945304;-1.374320;-0.099095;1.637884
-0.453257;1.565262;4.231870;3.464971;-1.996145;-0.896635;-0.508593;-0.859850
-3.683555;0.171625;2.931825;1.667144;-0.120921;-0.959775;1.307213;2.198370
-2.379035;2.398930;3.635643;2.505668;0.133580;-0.031186;1.113374;1.427743
-4.282503;1.444173;2.836823;1.721609;-0.034900;-1.545847;1.482881;0.815909
-2.900047;1.819590;3.753021;1.638062;1.572358;-2.154255;1.271307;0.689780
-2.541373;1.524271;3.224982;1.146026;1.455420;-1.673842;1.222605;-0.751623
-3.659289;0.395711;3.325922;0.890370;0.810304;-1.962277;0.095630;-1.002628
-4.685435;2.331319;4.393395;1.759541;-0.452123;-2.401855;-0.517541;-1.070433
-4.048511;-0.199804;2.691763;0.955710;0.407546;-1.546596;0.987539;0.725133
-2.998753;0.128942;2.802684;2.708049;-1.541864;-0.953552;-0.253907;-1.477016
-4.873439;0.220352;3.752484;1.911910;-0.356896;-1.629793;0.254126;0.842711
-3.539703;2.039575;4.645223;2.553477;-1.742453;-0.612193;0.168122;0.652247
-4.718749;2.613180;3.295456;2.213305;-1.150775;-2.001892;0.833153;1.762685
-2.231932;3.064601;5.196525;3.216063;-0.693618;-1.435718;0.470132;1.445905
-4.178535;0.980076;4.118461;1.617927;-0.201124;-1.599426;1.308208;0.319213
-3.908646;1.505241;4.437090;0.827525;0.154718;-2.309224;0.855568;0.378643
-3.642603;2.270938;4.307533;1.819167;-0.613841;-2.100507;0.732242;-0.320255
-4.695239;0.932782;3.342970;1.540530;-0.114018;-2.509418;0.719559;-0.204323
-5.476058;0.746448;3.554450;1.188167;-0.498002;-1.938887;0.247227;-1.303551
-5.198888;1.460128;4.368847;1.393010;0.555479;-1.631303;0.286678;-0.539204
-4.277719;3.325887;3.858331;2.047096;-0.606843;-1.521198;-0.308189;0.027726
-5.112115;0.947091;3.009652;1.990603;-1.266777;-0.932541;0.685394;1.882939
-4.847908;0.560419;3.164084;3.086489;-3.038216;-0.478942;-0.335932;0.031547
-4.034169;1.664003;3.518444;2.295686;-0.095521;-0.975628;1.129815;1.811578
-2.449176;0.604178;4.499824;3.122559;-1.346028;-0.684821;-0.235837;-1.244449
-3.704691;1.977112;4.040453;1.966484;0.960497;-1.857890;0.715487;-0.025174
-3.016904;3.750059;5.002627;2.093915;0.499332;-1.634028;0.657499;0.066863
-6.256497;-0.505448;3.459113;1.510810;-0.521061;-2.915793;0.871730;-1.060303
-5.250016;0.426716;3.662049;1.441119;-0.110543;-3.125024;0.358768;-0.927246
-4.659404;1.272157;3.410256;2.074091;-0.040818;-1.923577;-0.201462;-0.328161
-5.029913;0.094520;3.075051;1.656363;0.239545;-1.810280;0.880518;0.807307
-4.293410;1.202842;2.840698;1.694428;-0.716436;-1.799065;1.031655;0.285573
-4.680414;1.502117;3.223662;2.312313;0.457910;-1.289035;0.819295;1.719570
-5.724320;0.960423;3.178106;2.311369;-0.952488;-1.717733;0.263066;-0.538493
-4.046952;1.199457;4.465991;1.875546;0.002385;-1.593323;-0.025838;0.376610
-4.420287;1.986292;4.584815;2.013569;-0.731752;-1.693559;-0.277668;-0.945847
-4.308247;2.000256;4.297022;1.610120;0.671186;-1.982505;0.270935;0.494299
-4.492386;1.900886;4.273440;1.085614;0.364523;-1.582916;0.688606;-0.444996
-4.399421;1.459290;4.295851;1.634663;0.043116;-2.467897;1.291439;-0.211961
-2.171396;1.752228;5.334572;2.827586;-2.074679;-0.618344;0.254626;-2.083851
-5.949709;-0.751408;3.336076;1.067571;0.025397;-1.431732;0.005595;-0.210785
-4.247663;2.500033;4.379854;2.309902;-1.255784;-1.146289;1.222983;1.349995
-5.225525;1.205012;3.054668;1.777981;-1.776466;-1.625455;0.980238;1.632353
-4.383370;1.963948;4.246222;2.326716;-0.342325;-1.639263;-0.204870;1.203171
-5.003320;1.064905;3.736775;2.674122;0.090854;-2.135610;0.045954;-0.440134
-4.123092;1.886813;4.552476;1.663730;0.430069;-2.115301;-0.267067;0.035556
-3.901085;2.981668;4.834345;1.893113;-0.002148;-1.709387;-0.281085;-0.472999
-4.495126;2.034024;4.257812;2.206582;0.195277;-2.062050;0.410048;0.373186
-4.770475;1.620691;4.323125;1.877638;-0.135334;-1.899911;0.470406;-0.445229
-5.484572;0.621723;3.871007;1.450531;0.114525;-2.704237;0.813398;0.191522
-5.101706;1.414183;3.423700;1.718627;-1.089096;-1.985058;0.490911;-0.173034
-5.413421;1.724243;4.071115;2.960544;-0.394652;-1.214554;0.804417;1.205643
-5.438360;1.982417;3.980427;2.776775;-1.069022;-0.789471;0.712400;0.300092
-4.214553;1.117402;3.712936;1.694397;0.298136;-1.452880;0.564316;0.876722
-4.182042;0.895333;3.704830;2.234836;-0.773230;-1.637018;0.056127;-0.854850
-4.390621;1.167348;3.887246;2.107867;0.109580;-2.731741;-0.041944;0.013239
-4.570166;1.001658;3.642520;2.088781;-0.273097;-1.947786;-0.322874;-1.766911
-5.854047;-0.403864;3.274687;1.115758;0.484931;-1.728137;0.511600;-0.984137
-4.939162;0.700793;4.391688;2.020380;-0.848514;-1.515065;0.090408;-1.230865
-5.145145;1.453105;3.989690;2.184217;-0.078434;-1.930051;0.485640;-0.702576
-3.634268;3.119532;4.819861;1.670545;-0.479848;-2.190107;0.113460;-1.796157
-3.681477;1.676130;4.478420;1.033049;0.371486;-2.834164;0.179421;-1.489675
-1.101997;2.811719;4.577175;1.826034;0.516972;-1.459290;-0.011893;-0.136985
-3.333501;1.880795;2.671034;1.868931;-0.121952;-2.268386;0.165130;0.757236
-4.749676;1.064357;2.897837;2.554624;-0.333669;-1.457381;0.806835;1.901051
-4.622515;-0.151125;2.474678;2.370948;-1.515945;-0.731298;0.513651;-0.607390
-3.094959;-0.219463;3.042544;0.945720;0.597256;-1.537343;1.123777;1.537888
0.813825;2.124252;4.897206;3.250365;-1.558410;0.547859;0.052839;0.075290
-3.680513;1.430703;2.056917;1.405771;0.121959;-2.441061;1.706497;1.447087
-4.379364;-0.125036;2.254115;1.233283;0.662597;-1.791183;1.906087;1.486532
-0.579643;-0.158641;1.837420;2.051256;-1.905745;1.043298;0.010508;0.833969
-3.145965;0.913442;1.971414;1.345927;-0.233303;-1.217090;-0.061056;2.756506
-4.833547;2.566499;3.569516;2.504961;-1.467872;-0.307408;-0.885825;2.240361
-7.010784;2.271320;-0.117449;0.214996;-1.938901;-0.419753;-0.557995;0.507441
-11.505074;-1.901730;-1.756857;-2.818856;1.797287;1.493611;0.149119;0.288565
-16.567557;-1.958609;-2.151245;-4.577685;2.736603;4.549272;0.780706;-2.259824
-18.318096;-0.657181;2.367470;-1.130897;1.414105;5.184424;0.509024;-0.073385
-18.623006;-0.511660;4.790306;0.124325;1.566342;4.231942;0.555330;0.983699
-18.077555;-1.665126;1.577271;-2.947156;2.055259;8.647070;2.502044;2.207139
-18.428424;-2.252660;1.284927;-2.393095;1.440351;6.822997;0.988040;0.663014
-18.642385;-2.030507;2.059592;-1.948777;0.394531;4.949190;-0.666878;-0.181790
-1.419674;-0.300030;1.233979;1.915664;-1.837426;-0.754258;-0.061472;2.677245
-2.332586;2.802634;-1.609556;-0.237773;-1.733817;-0.408010;0.889559;2.181818
-1.842689;3.078280;-4.088615;-0.244375;-1.998295;-0.686511;0.897661;1.648145
1.344331;1.530286;-1.081602;3.027014;-3.215722;1.778954;-0.096350;0.242811
-1.232761;1.900428;-0.775871;1.587140;-0.483284;0.177200;1.223489;3.256436
-2.101369;-1.721957;-2.104941;0.990297;-1.332613;-0.047745;0.770271;2.244037
-0.237136;1.738364;-1.588494;3.924749;-5.260366;2.254391;-0.468450;-1.366800
-2.361024;4.763355;-2.820483;1.555995;-2.342093;-0.473736;1.155733;1.476011
-0.043542;0.308216;-0.227046;-0.073803;0.253671;-0.333560;1.214942;2.952852
2.232295;1.246904;0.345161;3.283387;-2.067760;2.155180;0.890014;1.286838
-1.597049;3.781932;-3.043690;1.308237;-2.008863;-0.571501;1.389568;2.484066
-1.859478;1.353275;-3.461863;1.048548;-1.846591;0.551539;1.411014;2.000425
-1.142351;1.082335;-2.660894;1.760287;-3.431101;0.933569;1.126373;-0.119165
-1.439571;2.031930;0.240018;0.877414;0.126575;0.619518;0.637592;4.834535
0.220696;0.745496;-2.024822;1.416466;-1.005809;0.488664;0.042133;2.054147
-1.791101;2.556382;-3.416006;0.865806;-2.985789;-0.257673;0.514571;-0.128324
-2.281066;2.166978;-2.061132;1.801361;-0.895272;-0.659562;0.020814;1.918322
0.236800;-1.197534;-1.459987;1.200670;-2.411271;1.134337;0.402469;0.434319
-2.159404;2.623725;-0.967769;0.633793;-1.181159;-0.913790;1.106703;2.519289
-1.838684;3.373869;-2.187810;0.596868;-2.383644;-0.894977;-0.408734;1.655414
0.274105;3.026162;0.128275;2.916169;-5.066960;0.910887;-1.539361;-0.790011
-2.633526;3.840310;0.895371;2.052886;-1.585943;-0.511197;0.686929;3.770130
-3.471484;-0.543564;-1.041703;1.179294;-0.570040;-0.465639;0.838770;2.885048
-1.181012;3.556658;-2.739805;2.332028;-3.076348;1.259489;0.994842;0.489595
-3.249101;5.034234;-0.676639;1.807305;-1.359572;-0.374083;-0.361016;2.160473
-3.000615;1.124790;1.474515;1.762688;-2.367915;0.670100;-0.927845;1.421127
-2.908017;3.035941;0.840281;1.711271;-0.857480;0.082188;0.637048;3.263751
-3.405946;0.306345;-2.216262;1.408327;0.049611;-0.708936;-0.029781;1.510920
-3.284667;4.715829;-2.325128;1.384761;-1.795148;0.860436;0.418324;0.818774
-2.619058;4.309495;-0.861080;1.757093;-0.484927;0.575711;0.185204;3.084915
-1.909059;-0.946794;1.126654;2.025347;-2.577726;1.277520;-0.969419;0.792655
-3.638235;2.132823;-0.306977;0.129867;-0.751026;0.517155;0.958700;2.660845
-2.993340;4.764258;-2.838615;1.812030;-0.524189;0.713654;0.413740;2.128063
-3.562038;4.238394;-2.763037;1.183149;-1.030565;0.025330;0.413681;0.935406
-4.116760;0.722676;0.360900;0.512131;0.347125;-0.191563;0.515671;3.103105
-1.026557;2.249297;0.963172;4.651122;-2.388109;1.750574;-0.724142;1.212179
-3.610330;4.992016;-2.400482;1.303859;-1.176195;-0.675675;0.607229;2.514964
-4.421953;3.279991;-1.715264;1.029517;-1.761045;-1.171584;0.289195;1.375177
-4.119509;3.063101;-1.647412;1.196178;-1.719514;-0.243377;0.292036;0.436971
-3.356173;-0.523340;1.185964;1.117231;-0.651796;-0.163739;0.597628;3.109947
-0.757106;1.745241;1.518432;4.720693;-3.653324;1.459071;-0.674462;0.920921
-2.899451;5.456009;-2.088466;1.550358;-1.972634;-0.252509;0.464070;2.029378
-1.585574;3.194247;-1.229888;1.447948;-0.413332;0.427286;0.524815;3.331090
-1.224647;1.799299;-1.514358;2.117174;-2.622919;1.945189;0.808338;1.047414
-2.130920;1.368680;-0.765971;0.649213;-1.507150;0.329239;0.343390;3.426561
0.798464;3.629674;-1.770887;1.645458;-2.698389;1.398715;-1.182440;0.999266
-2.108851;4.977148;-2.625123;1.016660;-2.156966;-1.020067;-0.640971;0.052205
-3.410721;-0.642412;0.207631;0.929564;-0.212556;0.146410;0.931927;3.225474
-1.215391;1.518718;-0.117809;3.895264;-3.245710;2.170229;0.651026;0.181806
-3.109877;3.222125;-2.427174;0.923564;-2.203076;0.604538;1.374994;1.935679
-2.316300;1.820498;-1.440256;1.103152;-1.484627;2.154580;1.128410;3.370210
-2.740775;1.639624;-2.308861;1.061927;-2.382134;0.469777;1.181064;0.389749
-1.779300;-0.184224;-1.025089;-0.306794;-0.473641;0.048762;0.224075;2.592737
0.008713;0.318518;-2.570461;2.021810;-2.388140;1.002791;0.436511;-0.045501
-4.350838;5.223605;-1.484506;1.365781;-2.470591;-0.389507;0.406044;1.638659
-3.943881;3.259667;0.404783;1.236885;-1.546927;-0.101244;0.517386;2.677274
-4.533238;0.889307;0.245558;2.109373;-2.140334;1.003977;0.556403;0.740677
-5.310916;0.727045;-1.645923;0.798815;-1.939892;-1.223754;0.794716;0.799258
-7.929794;-0.368437;-3.079059;-1.977426;-1.726090;0.164475;1.792516;0.280004
-15.797984;-0.233281;-1.809694;-3.213541;1.248884;4.283031;0.226821;-1.719094
-18.207675;-1.657919;0.643282;-2.488865;1.261268;4.471855;-1.008522;-1.311941
-17.671330;-1.456970;2.788313;-1.793390;0.410800;4.693950;1.872724;-0.852396
-18.053548;-2.708473;1.354606;-1.933288;0.792346;4.900843;2.902126;-0.948459
1.965625;11.350219;-4.642515;-3.456606;1.061334;4.943156;-0.049557;2.442092
7.383097;4.999649;-3.125766;0.337647;2.173546;2.120441;-2.386493;3.785727
9.015646;-1.210037;-1.365145;3.806043;0.684915;2.154655;-4.507632;-0.122265
7.953576;-2.083343;-2.072459;2.035562;0.076755;-0.547233;-3.492913;2.886280
5.331201;-3.072374;-1.940234;1.644135;1.790807;-0.629384;-2.072786;3.423602
4.675019;-2.442591;-1.461407;2.767762;0.739260;3.478676;-1.759681;1.364740
0.525656;0.614854;-2.152972;2.483952;-0.003048;1.889860;-1.639100;1.689308
-2.217978;11.921133;-0.151056;-1.775450;0.628431;3.759842;0.002764;3.188016
3.043222;5.104112;-1.766273;1.409918;2.069502;1.925021;-2.083738;2.782265
6.361916;-0.916322;-1.754585;3.435393;-0.230859;2.445584;-3.992550;0.605885
6.164649;-2.476758;-2.476929;0.863705;1.374649;-0.495518;-2.950707;2.625810
4.491397;-3.353158;-2.470790;0.767524;1.778479;-0.241837;-2.074739;2.896555
4.857476;-3.272386;-1.633311;3.036439;1.195612;2.454176;-2.505496;-1.019412
1.323743;0.036126;-2.258972;1.166544;1.573892;0.487819;-3.345766;0.430970
-2.781502;10.534187;-0.663679;-1.522513;0.106669;3.866957;0.198517;2.835091
3.914109;7.571368;-1.893409;-0.483430;1.993330;1.815447;-3.425559;2.907903
9.627677;1.177729;-1.613203;1.143626;1.081836;3.584535;-5.804733;2.592773
6.836656;-1.877845;-3.034401;0.972722;2.633626;-0.061538;-3.179441;4.074499
6.030837;-2.871237;-2.002620;1.699934;1.471916;0.576692;-2.499267;2.526972
7.718467;-2.612359;-1.533136;3.578564;0.015164;3.071540;-3.898060;-1.999786
3.328110;-1.106776;-2.473997;1.440874;1.253729;0.161273;-3.332665;0.589335
0.921276;10.029432;-0.068538;-1.488540;1.472728;3.703910;-0.905021;3.799397
5.223506;9.113743;-1.353425;0.298776;0.768272;2.059904;-3.740659;2.883848
4.732393;0.746467;-1.784777;0.361988;0.163494;1.301088;-4.577959;1.513147
4.420557;-1.759593;-1.551202;1.767823;1.780300;-0.337569;-2.507131;3.669250
7.192202;-2.396616;-1.768595;2.753793;0.428771;3.499475;-3.118174;0.129210
4.134508;-2.120607;-0.791186;3.629707;-0.550215;2.692137;-3.643083;-1.305975
1.891252;0.055405;-1.481778;1.533763;0.322890;-0.631467;-2.589014;1.950755
-1.416633;7.336541;-2.473462;-1.034702;0.601228;2.539677;0.144203;1.454349
0.334593;8.729410;-2.556032;-1.968609;-1.124502;0.547381;0.362243;2.394717
2.710513;2.327934;-0.252042;1.085353;0.867416;1.303399;-2.968206;3.035188
5.749896;-2.008897;-1.545846;1.938117;1.319461;2.077289;-3.263690;1.401981
6.763872;-1.747392;0.025018;3.377669;-0.397701;3.579527;-3.932878;-0.385583
7.043948;-2.418187;-1.546815;3.226269;-0.433356;0.913593;-3.625397;1.044888
3.717930;-2.717229;-2.589675;0.482261;1.359922;-0.820175;-2.676561;3.022911
2.745632;-1.564807;-1.931304;-0.625897;0.916650;1.008318;-3.835477;1.188687
7.994916;9.640079;-5.847141;2.028316;0.396553;2.377077;-3.423248;0.425340
8.648847;10.077692;-5.843173;4.545503;1.734377;3.839886;-2.403385;1.804289
5.936784;-1.549372;-1.673896;2.915034;0.340163;4.037410;-2.603952;0.310930
6.925847;-2.766974;-1.544954;3.826292;0.333271;2.653800;-3.396082;-0.858027
7.375410;-2.478702;-2.611329;1.833585;0.969712;-0.053854;-4.541410;1.718897
4.222782;-2.412552;-2.506552;0.336789;2.176638;-0.331112;-4.245185;2.573279
1.545456;-2.366372;-1.650810;0.996973;1.614406;3.427727;-2.952491;1.049137
3.525915;7.140392;-4.945553;2.951086;0.034167;3.356567;-0.881703;1.216861
2.521929;10.645993;-4.943715;0.996621;0.847060;2.636355;-1.618332;0.886111
0.896396;-0.159948;-0.297248;-0.288208;-0.041647;2.731793;-4.065024;0.849277
4.756739;-1.550051;-0.253722;2.864950;-1.086196;1.795943;-4.466754;1.148295
3.412198;-2.568690;-2.468752;0.587039;1.554186;-1.047909;-2.742861;2.728783
4.806918;-3.115774;-2.206833;0.463801;1.683502;0.954558;-2.812678;2.514806
6.665660;-2.282517;-1.111756;2.872988;0.016162;3.951247;-4.120447;-1.488648
2.560931;0.471795;-2.590136;0.994789;0.992762;1.044448;-2.558066;0.494915
-0.560646;11.492456;-2.464288;-0.990595;0.919080;2.281900;-0.407036;2.048142
4.302892;4.734037;-3.662857;1.809438;0.725108;0.902774;-1.928344;1.659039
8.454940;-0.804813;-1.255740;4.029811;-1.520589;2.176752;-4.648005;0.707923
8.935447;-2.088634;-1.268116;2.901247;-0.262193;0.270243;-3.556840;2.903609
5.873658;-2.888055;-2.074153;0.442924;1.599791;-0.073557;-1.992780;3.503762
5.175281;-1.317475;-1.277486;-0.084073;3.518324;2.678735;-2.856175;1.534253
3.094734;3.145706;-2.906644;1.455716;3.625426;1.735911;-3.572399;1.350989
-0.881598;12.374741;-1.254182;-1.667763;-0.123134;4.282199;0.941121;3.072441
4.827748;3.077724;-2.564037;-0.257261;1.943827;1.772664;-2.100089;2.829834
7.170958;-1.799435;-1.091997;3.310850;-0.197237;2.383767;-3.746995;0.222739
8.316727;-2.552654;-1.486941;2.482301;-0.270529;0.550279;-4.333278;1.951847
5.968249;-2.587013;-2.528014;0.903954;2.098361;-0.890543;-2.766310;3.584291
4.723231;-2.148058;-1.758421;1.012276;1.882379;2.976285;-1.797888;2.020209
3.160487;3.074597;-3.247766;2.823012;1.307754;1.269433;-2.939389;1.551330
-0.247367;13.374527;-0.932508;-3.432041;0.612255;4.771161;0.887489;3.467709
5.403727;3.698553;-1.056099;-0.570587;2.124785;3.492305;-3.424340;3.430216
6.097212;-3.256336;-0.777597;3.734005;-0.325948;3.690884;-3.424678;-1.240172
5.138430;-3.397623;-0.896948;2.902611;-0.718715;1.174025;-3.159249;0.819524
2.932161;-2.916170;-1.972237;0.460683;1.308851;-0.481327;-2.411258;2.990865
3.855884;-2.783508;-1.856077;1.137267;1.863510;1.732613;-2.181941;1.063423
2.926339;1.809553;-2.983538;2.534878;1.079217;0.806136;-2.497323;1.308015
-1.995679;11.376396;-1.388578;-1.561163;-1.015693;3.935432;0.865063;2.950721
3.365700;2.904405;-2.459947;-1.336959;-0.076587;2.885500;-2.008280;1.714036
6.319501;-1.235885;-0.842623;2.138565;-1.056098;3.365653;-4.761658;0.191441
8.212071;-2.227537;-1.802245;3.511661;1.036195;0.898913;-5.160949;0.167862
5.407208;-2.137130;-3.042954;0.627842;2.905835;-0.651998;-3.644878;2.923126
5.554589;-2.895540;-2.730969;0.482865;2.526229;1.388884;-2.582042;1.956814
5.669000;-1.558321;-0.501384;3.174367;0.363572;3.008938;-4.709095;-1.176588
10.046067;10.503373;-8.077070;4.806409;1.444005;2.521637;-3.057020;1.120957
9.665679;11.273399;-8.409863;5.105193;2.818053;3.328028;-1.377132;1.606393
4.782401;0.615755;-0.028543;4.338598;-0.154061;2.523843;-3.653111;-0.032934
5.511294;-1.967045;-2.473010;0.733551;1.280368;-0.790914;-3.104650;2.677214
5.272127;-2.757231;-2.722047;0.478938;2.402709;0.202802;-3.041308;2.710452
7.750970;-3.197154;-2.460696;2.060759;1.284113;2.887791;-4.252214;-1.075977
5.598787;-2.938933;-1.208711;2.897800;0.121131;2.581809;-4.557767;-1.875181
3.574103;2.117077;-3.442240;2.485559;0.832955;1.682097;-1.720508;1.543491
2.450439;9.752570;-3.896033;-1.758231;0.746867;3.620598;0.077752;1.425406
5.899212;4.222314;-1.354500;0.867360;-1.664202;1.660034;-3.246977;0.903353
6.003201;-2.731294;-1.275597;1.767710;-0.368377;1.036061;-3.816640;2.139163
5.818447;-2.681521;-2.221560;1.475557;1.781264;-0.362927;-3.007764;3.592696
5.731621;-1.720435;-2.245198;1.903786;1.873321;2.358047;-2.897449;1.154346
4.862732;-1.636263;-1.384149;2.644052;1.018561;2.747728;-3.839142;-0.811242
1.524860;0.006182;-2.274723;1.028794;1.380383;-1.323641;-2.201265;1.954650
0.236555;11.432636;-2.545836;-0.910903;0.661226;2.975586;-0.444194;2.551489
4.711211;7.886478;-3.265275;2.915896;0.135700;2.648783;-1.688839;0.983568
7.550351;-0.960270;-2.628009;1.683945;0.590470;1.338925;-4.790659;1.470095
7.109338;-1.010832;-2.798715;0.562637;2.919530;-0.620895;-3.563230;3.735894
3.139871;-1.441750;-1.894439;-0.177122;1.947613;2.474674;-3.837130;1.529465
2.650087;1.035588;-0.179297;1.929549;-1.491578;3.470568;-4.022104;1.209433
0.738551;0.199450;-0.588855;2.161444;1.059260;-0.147069;-2.967501;3.265277
-0.064045;4.744455;1.343205;0.413250;2.880141;2.228497;-3.208285;-0.260872
2.069899;6.839264;1.923898;0.294784;2.354493;2.174499;-3.317964;-0.706570
0.534425;-0.517226;0.335975;0.578843;3.485976;1.551544;-4.085352;2.412969
0.181553;-0.968085;-0.290698;1.691182;0.692464;2.330317;-3.138230;-1.081548
0.614324;-1.543000;-0.912810;1.284244;0.192740;1.417967;-3.371464;1.341923
3.529610;2.473118;-2.222258;2.738662;5.786749;0.085649;-1.057785;2.242249
5.110861;3.017692;-2.850819;3.827594;3.427599;0.654593;0.215617;-1.146119
7.501008;-2.912342;-1.678439;4.212402;0.477022;2.126046;-2.988126;-1.570838
6.814514;-4.145286;-3.856197;-0.486876;3.478200;-1.210289;-2.245079;1.889935
6.309775;-0.541532;-2.940782;-2.077514;6.147130;0.798319;-4.307607;0.631335
8.697858;1.107136;-1.922686;1.048941;3.131249;1.676572;-4.447060;-1.890462
6.570800;-2.183569;-1.070643;3.588925;-0.166873;1.884217;-4.491920;-0.354069
4.611200;-2.407118;-2.421364;0.100722;1.016446;-0.173953;-2.661671;2.487733
5.564347;-3.462584;-2.281599;-0.368849;1.238864;-0.509040;-3.326915;2.396024
8.606374;-3.378062;-1.871776;2.317033;1.011179;2.172473;-4.092962;-0.566991
4.651482;-2.992320;-1.653146;2.560456;1.398588;0.081584;-3.894321;0.181906
3.753700;9.323498;0.372209;2.528280;6.204961;-0.466807;-2.518395;-3.262490
4.142070;7.775789;0.898620;4.042921;4.012895;-0.329429;-1.277027;-0.486974
0.497570;1.401747;-1.171106;1.444796;1.036907;0.980724;-3.388110;2.227213
2.330417;3.798195;-1.903038;-2.508038;0.470870;1.069166;-3.013324;2.208320
3.355624;-0.444869;-0.391674;-0.437536;-0.547826;2.015644;-5.053980;-0.049832
2.025807;-1.235976;-0.749072;0.248692;0.524305;1.750186;-4.740610;0.582096
2.044141;-0.517155;-0.943499;-0.006596;2.118546;-1.081047;-3.286225;2.493105
5.767338;3.569723;-1.890689;3.002429;5.670072;-0.206599;-1.185817;-0.201104
6.028342;9.048283;-1.042608;3.452655;3.338125;0.025042;1.051460;-4.296451
6.047185;4.260948;-0.417850;0.336775;3.797410;0.421737;-3.085544;2.504862
4.868079;-1.274034;-1.845183;-0.551899;2.710451;0.877034;-3.683569;3.280240
3.954406;-2.254867;-0.420787;1.191740;-0.019203;3.479749;-3.563117;-0.598578
3.038372;-0.999710;-0.178711;1.907196;1.230536;1.943103;-4.408300;-1.409330
0.260391;2.021367;0.718827;0.936954;3.921855;-0.723358;-4.160627;0.927346
-0.436705;1.433702;0.069047;0.547364;2.895812;-0.335407;-3.023108;-1.003354
0.839106;0.601951;-0.035558;-0.046782;1.257168;0.406717;-4.977804;-3.127120
4.401084;6.442533;-0.726070;0.585090;6.114780;-0.911028;-3.677003;-2.481739
5.534310;5.613023;-0.291402;3.066455;4.186858;0.704609;-1.481927;0.000926
-0.542363;0.423078;-1.297175;-1.247093;-1.313675;-0.621280;-2.391502;1.318651
2.356821;-0.284547;-1.093948;-0.080532;0.366164;-1.209140;-3.269638;2.805828
4.530210;-1.834990;-0.132648;2.349198;-0.415502;3.230208;-4.262212;-1.330285
0.797785;-3.118878;-0.609228;0.107152;0.470679;-0.099976;-4.017895;0.294387
0.280808;0.531724;0.375977;1.511188;2.832921;-0.371188;-1.997038;1.111277
2.345473;7.970383;-0.907267;3.042228;3.532624;-0.654805;-1.087869;-3.877687
1.731362;5.452280;0.027176;2.530682;5.107732;-0.500540;-3.233309;0.548500
2.045431;-1.351069;-1.589458;-0.211551;3.940788;0.724352;-5.004409;0.275109
4.579084;0.138377;-0.203999;2.132661;1.574344;2.457969;-5.772866;-0.935955
0.779782;-0.816903;-1.217566;0.449707;1.478828;-0.644508;-3.200911;2.532424
0.548546;0.104778;-0.564330;0.073321;1.531174;0.739147;-3.092224;2.859220
0.810960;2.203886;0.930694;2.415282;0.829582;1.119682;-3.840158;-2.564674
-3.520787;1.479278;1.183484;2.051837;3.497813;-0.796631;-2.882716;0.296988
2.076138;2.722058;-1.758006;2.878616;5.364460;-1.808270;-1.147344;-0.456007
3.590811;7.243019;-1.377417;2.515661;2.528194;-0.552569;-0.961976;-4.614521
0.413919;3.432249;0.928828;0.577581;3.482829;0.413010;-3.816450;2.807779
3.429689;-0.323410;-2.067501;-1.580593;1.379034;0.850803;-2.773744;3.053711
4.537105;-2.108421;-1.089049;1.363568;-1.433466;2.583164;-4.936145;-0.387438
2.534622;-3.132831;-1.357039;0.954504;-0.094486;0.903807;-3.847528;0.691852
0.832563;-1.379310;-1.439747;0.390734;2.444847;-0.565882;-3.001726;1.926250
2.499280;2.637383;-2.024780;1.905800;4.726328;0.945902;-1.834994;-0.831521
0.261475;4.688707;-1.295971;-0.147275;3.995546;-1.697157;0.382951;-2.982440
-0.675767;3.492164;0.635222;-0.825748;2.975493;-0.222940;-2.812916;1.674458
2.779144;0.023475;-0.091513;1.669003;1.255130;1.953430;-4.461420;-1.085447
3.151176;-2.186317;-1.031291;1.694181;1.161477;2.066410;-4.592728;-0.077952
1.945736;-0.379166;-1.440718;-0.149276;2.156519;-0.436574;-3.847770;3.975547
2.167129;-0.949463;-1.914725;0.008833;2.363051;1.867519;-3.118617;1.821122
3.476912;-0.232814;-1.349323;0.879668;2.694528;1.665047;-5.506212;-1.052087
0.910583;6.672808;-0.808538;1.476907;5.846148;-1.615746;-0.894019;-0.954510
3.481651;4.525078;-5.029923;0.071972;5.585706;0.212039;1.266716;0.836894
5.572296;-1.946158;-2.644560;3.391001;0.783233;1.539264;-4.911737;-0.068586
4.969521;-2.635849;-1.637720;2.049286;-0.034611;0.823331;-4.260111;0.417399
2.390652;-1.208517;-1.748566;-0.052242;1.517273;-0.661019;-3.976941;2.785665
2.280263;0.753369;-0.969108;1.646974;3.159404;1.036435;-3.994525;0.076983
2.485106;2.621876;0.239792;0.352212;2.830534;0.564601;-5.239921;-0.676457
3.050057;7.816427;1.645476;1.684134;5.349410;0.995333;-4.249992;0.756637
4.026751;5.905298;-0.082598;3.309328;3.500063;-0.066818;-0.217509;-2.211210
2.582802;-1.728040;-1.936297;0.540212;2.279430;-0.680932;-3.466910;0.837832
3.549094;-1.529855;-1.445619;-0.346908;1.951271;-0.092742;-4.217798;2.863510
4.167143;-2.725441;-0.453982;0.253244;0.239555;3.607211;-5.013683;-1.055787
-1.519426;-0.095369;-2.239694;-0.609322;0.075546;0.597226;-2.347677;0.301477
-7.105715;4.599667;-2.925458;-3.252171;0.971643;3.139819;0.701558;1.328495
-12.062502;0.792712;-1.774184;-2.416917;1.653267;2.419645;0.038677;-1.514794
-17.845696;-1.294476;1.194297;-1.884695;0.245337;3.193860;0.156427;-0.212808
-18.856448;-0.206041;2.390282;-0.639019;0.693329;3.858876;0.225666;-0.800157
-0.966821;-3.089721;0.426183;2.141683;0.261276;1.358595;-1.469238;-0.256898
-1.124601;-3.488054;-0.514637;0.250717;2.283729;-2.327342;-0.414547;-0.431734
-1.154774;-0.107769;1.473500;-0.679933;1.775423;0.147528;-0.551918;-1.178238
-0.125225;-0.038377;-0.262849;-1.405797;2.841194;0.403124;-1.504672;-2.757978
4.111148;2.063469;-0.912271;-1.896948;3.024846;-1.747376;-0.901417;-3.320728
4.178712;-0.079289;0.128958;-0.112853;2.016973;-0.597711;-1.570576;-3.269603
-0.891740;-3.866934;-2.950264;0.366429;2.923520;-0.023320;-1.851713;0.971402
-0.505481;-3.998626;-2.707457;0.061856;4.141130;-0.643502;-1.211955;2.098278
-0.750538;-3.795875;0.012468;0.757386;0.333506;0.788552;-1.473501;-0.332550
-2.087887;-3.931494;-2.038587;-0.273213;1.832738;-0.739906;-1.772157;-0.114033
0.199901;-5.350384;-4.175403;-0.600404;5.026358;-1.780191;-3.028455;1.426950
1.186954;-3.086736;-3.243221;0.187826;1.853331;1.030963;-1.447628;0.354799
-2.430839;1.564538;-3.886231;-0.836418;-1.092312;-0.640627;-0.181390;-0.448372
-1.651782;3.680032;-4.626627;-0.766064;-0.447342;-0.546994;-0.130230;0.320455
-0.470989;1.835488;-2.568869;0.189428;-2.428584;0.424014;-2.363255;-0.336155
-5.263544;-1.329399;-1.217049;0.187818;1.214467;-1.920169;-2.717112;-0.322900
-2.784987;-4.325260;-2.201380;1.129831;3.599398;0.294297;-0.993435;1.588043
-1.089810;-4.212868;-0.704621;2.783221;0.330350;2.857596;-1.851394;-0.611852
-4.657605;-3.120126;-3.004924;0.240583;1.687293;-0.753729;-1.255030;0.873819
-1.822389;-3.520571;-2.542338;-0.856417;3.776098;-0.588277;-1.846494;1.555933
-1.532053;-3.022269;-0.212755;1.337724;0.213927;0.912877;-2.837698;-1.136669
-4.472250;-2.614777;-3.433033;-1.200109;2.152801;-1.642402;-0.902647;0.653485
-1.351399;-1.517749;-3.262965;-1.179509;0.849047;-1.791808;-0.169782;1.122301
1.073270;4.239516;-3.035921;0.112817;-3.835340;0.564620;-0.857586;-0.406781
-3.151511;4.988192;-2.823801;-0.085403;-1.195200;-1.473458;-0.962688;0.109080
-4.067062;-2.622352;-1.617063;-0.377636;0.609986;-0.330208;-1.407868;0.100623
-2.395499;-4.725027;-1.029042;0.633034;0.485725;2.080258;-1.078555;-0.238199
-2.743495;-4.684282;-0.943505;0.850377;1.973684;-0.638520;-1.056598;1.295861
0.802761;-4.469661;-2.750062;1.454382;3.081163;2.099551;-0.620253;1.122523
0.407014;-4.191591;-2.330660;2.676666;1.191402;1.851977;-1.919822;-0.651324
-3.116004;-4.325819;-2.344752;-0.025152;2.195433;-1.111146;-1.891148;1.704612
-1.299409;-5.244255;-2.164470;-0.518824;3.013268;0.915401;-1.830178;2.899493
-0.582605;0.055166;-2.047282;1.596801;-1.411521;0.810980;-1.916409;-0.505768
-5.404613;3.762028;-1.680418;-0.094581;-0.088054;-1.298087;-0.386689;0.481462
-4.260886;1.098167;-3.301961;-1.104209;-1.361494;-1.670521;-0.258164;-0.040942
-3.963927;1.454368;-2.936749;-0.633856;-2.688571;-0.588760;-1.499720;-1.682286
-3.569222;-3.515144;-2.945248;-0.985667;3.105731;-0.427625;-0.806587;-1.168487
-2.455369;-3.845355;-0.984494;0.486434;2.321696;1.341643;-1.039548;-0.941731
-2.937327;-3.709013;-2.068895;-0.320411;1.727131;1.006436;-1.254544;0.083415
-1.839471;-4.752237;-2.943315;0.907274;3.354943;0.190250;-1.386494;0.814130
-1.418247;-4.301618;-0.741112;1.295899;0.471667;1.246636;-2.427223;-0.380162
-5.021046;-3.180549;-1.288003;-0.310308;1.105522;-0.982272;-0.524009;0.661897
-3.613064;-4.308377;-1.744698;-0.013803;2.257263;-0.123536;-0.848486;2.413201
-2.813650;-2.879665;0.406481;2.226315;-1.325360;1.339295;-2.709430;0.233249
-3.366185;0.939310;-3.139716;-1.313067;-0.635657;-1.510590;-1.533938;-0.453691
-0.699058;4.583470;-4.752910;-2.300609;-0.303155;-0.528423;-0.169620;-0.231699
-0.371270;3.312454;-2.653462;0.678706;-2.486302;0.872314;-1.802889;-1.064238
-3.852704;-2.966977;-1.507915;-0.502797;1.980193;-1.015247;-2.035481;0.979303
-1.663859;-3.933459;-2.267345;0.807037;3.707659;0.983218;-1.553670;1.648830
-0.573426;-4.093063;-1.380489;2.954886;1.211098;2.046600;-2.360029;-0.681603
-3.801130;-4.217339;-1.456748;0.680618;1.817630;-1.951552;-1.188771;0.952219
-2.528261;-4.708669;-1.693772;-0.739337;2.864173;-0.988407;-1.045118;1.601978
-2.194431;-3.739762;0.188231;1.555310;-0.913937;0.868907;-2.829174;-0.709554
-3.723216;-1.735131;-1.327438;-1.452735;0.467881;-2.497802;-0.858204;0.781571
-1.623375;-0.559159;-2.800494;-1.441211;-0.613951;-1.664649;0.192812;1.364054
-1.921136;1.134928;-2.523263;1.094677;-2.515868;-0.005362;-0.956363;-1.305441
-3.841959;2.396283;-2.745691;-1.281810;-0.761097;-1.712230;-0.137647;0.142444
-2.533402;-0.706355;-2.523058;-1.223130;-0.253721;-0.942179;-1.382945;0.575885
-4.547089;-1.965763;-2.333537;-0.033257;-0.182032;-0.598549;-1.155528;-0.386862
-3.729203;-3.646270;-2.374154;0.208017;1.985789;-0.773973;-0.941431;-0.132881
-3.134855;-4.298152;-0.718806;0.550261;0.916112;1.111717;-0.797279;-1.358040
-5.836194;-3.107784;-1.714502;-0.115149;1.571030;-1.249990;-0.765391;0.369538
-4.549484;-3.114589;-1.014018;0.356994;2.167503;-0.884727;-0.369229;0.993480
-4.168256;-3.450591;0.861831;1.362470;-1.418333;1.607819;-2.393459;-0.694480
-5.515401;-2.878216;-1.723068;-0.658917;1.936137;-1.000690;-1.103839;0.781642
-2.472284;-3.345344;-1.804915;-0.060693;2.121161;0.086629;-1.379332;2.382687
-1.487377;0.205622;-2.071545;1.171775;-1.554288;1.260506;-1.680108;-0.079997
-2.318795;2.331455;-2.835544;-1.351659;0.141075;-0.341178;-0.314768;0.951351
1.622056;1.454988;-4.365649;-2.026587;0.993447;1.181508;0.138087;0.643745
0.978528;0.208443;-3.622219;-1.250101;-0.127086;0.894587;-0.920022;-1.855013
-2.415534;-4.148236;-1.958494;-0.419986;2.690007;-0.538356;-1.829323;0.393730
-0.847940;-4.401274;-1.271698;-0.152493;2.878816;1.611989;-1.304086;0.386254
-1.238943;-4.143819;-0.345642;1.389974;0.550659;0.738733;-2.582711;-1.045585
-3.401189;-4.823226;-2.235904;-0.214676;2.313287;-1.997530;-2.022032;0.987338
-2.985165;-5.641539;-1.092658;-0.192707;2.958009;1.320795;-2.195611;2.611797
-2.691141;-3.740948;-0.394852;1.549386;-1.349169;2.040247;-2.379665;-0.598048
-3.281361;-1.399370;-3.609637;-1.514416;1.636599;-1.340825;-0.294295;-0.009797
-1.315588;-0.559857;-3.737825;-1.205678;0.875366;-1.400889;0.210090;1.023599
-2.256554;1.623852;-2.129829;1.317430;-4.426232;0.809315;-0.615010;-1.617262
-3.805351;1.121953;-3.656715;-1.229877;0.809247;-0.825250;0.232788;-0.206173
-2.104924;-2.931713;-3.049530;-1.146471;2.122919;-0.612584;-1.248906;0.928406
-2.191224;-3.308226;-0.435495;1.760774;-0.575326;1.590997;-2.767930;-0.274576
-3.106786;-3.906366;-1.275673;-1.542612;2.765574;-2.564341;-1.909156;-0.155274
-3.046273;-3.360541;-0.868489;-1.631997;2.968077;-1.773603;-1.383648;0.493109
-3.572480;-3.214819;-0.820205;1.117169;-0.043719;0.461534;-2.350879;-0.686301
-2.262681;-5.490027;-4.169012;-1.471459;4.330611;-0.709831;-1.029490;-0.023956
-1.378940;-4.402055;-2.669317;-2.108693;3.715376;0.514705;-1.412298;-0.050195
-5.305998;-1.658680;-1.391228;-0.924952;-0.392425;-0.707368;-1.963400;0.159237
-1.653600;-0.401531;-4.476304;-2.865298;0.755714;-2.714460;-1.920764;-1.238155
0.661317;2.886681;-4.101152;-1.907614;-1.644667;-0.169696;-1.621994;-2.344267
-3.163938;3.352347;-4.035291;-2.653155;-0.106560;-1.724762;0.578522;-1.249539
-0.579722;-2.464014;-2.220472;-1.125008;2.982187;-0.997112;-2.512470;1.657006
-1.088405;-3.026421;-0.295184;1.182743;1.004127;1.585022;-3.322621;-1.198530
-5.522451;-3.144129;-1.618358;-0.477152;1.526889;-1.995629;-1.450152;0.673211
-2.418089;-5.084880;-2.757864;-0.210475;4.405450;0.166005;-1.850657;2.397008
-1.269764;-3.898824;-1.053555;1.211944;1.665191;2.382720;-3.087092;0.095715
-5.199492;-3.356961;-1.543758;-1.353924;1.603676;-1.430276;-1.805923;0.561049
-4.124798;-3.385791;-1.434197;-1.040262;1.298377;-0.663918;-0.739278;1.797945
-3.647403;0.919173;-0.855756;1.548008;-1.909309;0.217563;-1.351438;0.250567
-4.503004;1.815172;-3.282775;-1.248314;-0.255796;-1.352909;-0.391614;-0.088700
-3.775117;0.941381;-4.107795;-0.935603;-2.408205;-0.399471;0.265028;-0.735230
-6.399971;1.628189;-3.122308;-1.089210;-1.129581;-1.045810;1.328642;-0.228720
-4.375407;-2.954404;-1.598784;-1.274722;2.315712;0.031600;-0.559497;1.044353
-3.041168;-2.530499;1.251376;1.588720;0.584358;1.202490;-2.946537;-1.239690
-4.752935;-2.772574;-1.158471;0.553754;2.347651;-1.465291;-1.267914;-1.221587
-1.111225;-2.714610;-1.903765;0.103308;3.077356;-0.257155;-0.941625;-1.448981
0.337992;-1.172320;0.093885;0.289435;0.485083;1.615721;-1.537949;-2.773547
-0.432983;-2.590272;-0.129410;-2.401795;2.548543;-2.048769;-1.345540;-1.847021
0.660618;-4.007268;-1.610098;-2.218847;2.705987;0.113032;-0.958783;-0.218936
-1.587728;-4.094594;-1.529962;0.620533;0.781904;1.491803;-2.627368;-1.053905
-3.750544;-4.642354;-1.969431;-0.468421;3.194811;-1.131369;-1.822160;0.080313
-1.690611;-3.827937;-1.829442;-0.343460;3.434862;-0.140893;-1.040697;1.421192
-1.855491;-4.372665;-1.374286;1.156689;0.395282;1.241618;-2.391698;-0.747983
-4.682655;-4.836784;-1.713564;-1.247068;2.296082;-2.243626;-1.476275;0.379641
-3.199475;-4.595540;-0.242709;-2.521805;2.300191;0.058029;-0.071650;1.567983
-6.576762;-4.515081;-1.239403;-3.017932;1.776867;1.043877;0.138002;-1.240400
-9.801492;-3.998305;-2.529990;-9.493056;3.356602;6.207021;0.132947;-2.465602
-11.568989;-5.729957;-0.969426;-9.076775;6.053046;3.724965;-1.505914;-3.542002
-18.434614;-9.077689;-5.676516;-7.583463;10.606510;-1.516704;1.887613;-6.979569
-18.713613;-1.631022;4.095727;0.349908;1.258836;6.012534;-0.924312;0.708752
-19.382627;0.564727;6.013540;1.726269;0.680140;3.691576;-1.967142;1.178440
-19.013180;0.176791;4.281116;0.218982;1.756037;4.593777;-0.079707;-0.096443
-1.418797;0.090228;1.542350;1.214644;2.952972;0.376570;-1.308365;-0.537530
1.036487;5.376073;1.099388;-0.139259;2.555128;0.997973;0.712227;-2.060233
1.198161;6.374820;1.071394;0.514776;3.033139;-0.727390;-1.905509;-2.802274
-0.594635;0.843717;2.234845;2.169166;1.230767;-0.622001;-3.920660;-2.739718
-5.608421;-2.761637;0.626001;0.143342;1.739307;-0.965862;-1.879355;-0.310503
-4.120285;-0.292064;-0.295368;0.243657;0.324214;0.758236;-0.764950;1.554154
-3.852565;6.025783;-2.426455;0.393817;-2.927112;0.637400;0.240181;0.691376
-3.988347;8.282723;-2.654763;1.302780;-1.353951;0.608088;-0.365320;1.635346
-3.721402;3.472438;-1.950942;1.568031;-1.107404;0.524261;-3.671690;0.041159
-5.570996;-1.740152;0.194173;-0.021280;2.001631;-1.036501;-2.110567;-0.142384
-5.329209;-0.028778;1.934147;1.083702;0.978950;-0.371257;-2.014416;0.048555
-4.847166;0.559492;1.078087;1.358204;1.297070;1.026349;-0.661436;-1.020427
2.721049;5.654230;0.137027;-1.835576;3.690229;0.146950;0.741064;-4.788647
3.394714;5.430845;1.201826;-0.045227;2.094130;-1.649563;-1.033908;-4.103207
-3.969486;-1.864949;0.454187;0.800516;1.574588;-1.295896;-0.859149;0.361852
-3.992541;-3.058692;1.606749;0.738334;0.220476;1.388136;-2.071353;-0.017797
-5.768805;-1.327786;-0.516724;0.388727;0.655681;-0.704098;-2.172296;0.704015
-2.927732;6.987996;-3.884519;0.167703;1.989740;0.315518;-0.946375;1.612396
-4.627901;10.753478;-3.706096;-1.830216;-0.310579;1.776257;-0.867333;0.819810
-4.654013;1.371590;-0.066086;0.519140;0.715524;0.658231;0.096609;1.597934
-3.123384;-3.555732;0.334706;0.816488;-0.219040;2.735663;-1.795557;-1.463578
-7.345582;-2.914716;0.388043;-0.241108;0.179921;-1.028285;-0.755141;-0.342965
-3.391451;1.666128;1.845329;1.094359;2.658093;-1.089855;-1.047076;-0.158618
-2.750956;7.802172;2.979524;0.178699;0.744588;1.500717;-0.392633;-1.390840
-3.237227;6.311386;2.740374;-0.637215;0.819796;-0.989429;-1.799244;-3.123196
-3.185049;0.642463;1.962450;-0.632268;1.725293;-0.373159;-2.577135;-1.836585
-7.168800;-1.240576;0.880921;-0.359375;0.674336;0.267786;-0.379483;0.188677
-6.064021;-1.406902;0.887845;0.528074;-0.054236;1.406549;-1.783181;-0.657906
-7.048042;0.044919;-0.729912;-0.287403;-0.629614;-0.602644;-1.528905;-0.356111
-4.137580;7.094342;-2.350967;-0.357946;-0.137898;-0.253160;-1.719533;0.640523
-3.841145;9.904127;-2.418887;-0.963688;-1.533963;1.741794;-0.741772;0.692058
-3.386683;1.581506;-0.126601;0.582801;1.161064;0.725082;-1.241982;2.030077
-3.430297;-1.135605;1.794075;2.323869;-0.434010;-0.091777;-2.490658;-0.623726
-6.669276;-1.773440;1.331131;0.176830;0.384493;-1.731171;-0.653024;0.375616
-4.132356;0.952659;2.034497;1.298613;1.262462;-1.506428;-2.353461;-0.723499
-2.618206;5.471284;1.248158;0.325961;0.964901;0.055967;-0.856562;-1.976736
-0.164489;7.256789;2.104842;-0.314331;2.147026;-2.181977;-2.829471;-4.473238
0.113080;1.384904;1.817119;0.577251;1.919282;-1.542346;-4.012963;-3.993852
-4.525885;-4.172501;-1.367139;-0.603450;3.860262;-0.520719;-1.448124;-0.465548
-3.486983;-4.439096;-0.447592;-1.347548;3.900681;1.115296;-1.089266;0.318079
-3.052997;1.152863;-2.590505;0.170607;0.509267;1.224072;-1.827156;0.055385
-2.243213;9.112952;-3.896208;-0.596971;1.251460;1.218822;-1.383504;0.599459
-1.451660;6.863659;-2.001709;-0.396682;-1.396749;-0.218576;-2.177033;0.945532
-6.329439;-0.974336;-0.460225;0.524752;0.730323;-1.345046;-1.974760;-0.331810
-4.965378;-1.827791;2.114391;-0.415172;0.764164;-0.721098;-2.379050;0.543494
-6.002935;0.526291;1.984925;0.072382;-0.637581;-1.296921;-2.401011;-0.430717
-7.847138;3.595019;-0.412529;1.153469;-0.336158;-0.105045;0.035176;0.892330
-4.176112;8.256405;-2.736606;-0.211635;-2.287204;4.361913;-0.997898;0.188300
-5.869000;6.479542;-2.519893;0.578095;-0.834816;0.852761;-2.555798;0.471013
-5.039030;-2.677149;1.541991;-0.352955;-1.034827;-0.973106;-2.127890;0.625630
-3.986518;-2.109813;3.013014;0.967214;-2.795630;0.839135;-3.384432;-0.952563
-6.337126;-3.499739;0.295802;0.089149;0.583114;0.069821;-1.713250;0.761185
-3.181422;4.097525;-3.028250;0.433126;1.354662;0.628698;-1.246417;0.499226
-4.481843;9.251083;-4.305221;-1.931995;-0.068364;1.044013;-0.355791;-0.834803
-4.914900;2.886270;-0.363200;-0.441438;-0.668756;-0.005327;-1.068027;1.340198
-5.980910;-0.744637;1.199325;0.745530;-1.055264;1.448624;-2.976384;0.418607
-5.550480;-3.613128;0.421659;-0.932346;1.839250;1.063260;-1.565324;1.059910
-8.152208;-2.843125;-0.930876;-3.182051;3.265690;1.778141;0.877018;0.490389
-16.015878;-1.002439;-2.306892;-3.057157;2.016767;1.787689;0.396627;-3.303616
-18.127356;-0.915418;1.214222;-1.968810;1.007773;4.833093;1.637195;-1.645599
-18.434573;-2.237977;0.626029;-3.019643;2.977195;8.105968;4.250610;-0.244651
-19.032788;-6.419033;-4.174983;-8.763821;8.974920;4.085298;5.679940;-4.838100
-17.689778;-6.137172;-2.949003;-7.547072;6.015036;6.261431;5.534203;-4.673227
5.234327;-3.720245;2.447431;-0.553402;0.312368;-1.271642;1.418560;-0.301944
4.495779;-4.127317;2.024668;-1.685218;1.570533;-3.066739;2.337359;0.898400
7.969109;-3.372591;2.787612;0.128893;0.077629;-0.242265;1.447714;-0.810712
7.459925;-4.707298;2.239757;2.277574;-2.135723;0.957599;0.964715;-1.922037
5.429312;-6.875282;-0.099470;0.164597;-2.137078;-2.318094;1.093846;-0.897685
7.020667;-4.811276;1.028354;-1.898720;1.271422;-3.538865;1.865972;0.121295
9.260764;-0.421458;3.237274;-1.723324;0.979433;-0.125865;1.353304;-0.987514
8.340024;-0.275209;4.260423;0.797410;-1.478641;1.623105;0.854344;-2.351926
4.329651;-4.553663;2.144381;-0.556629;0.068352;-1.332610;2.294792;-0.526967
5.159791;-4.469607;1.055897;-2.627934;1.448775;-2.850380;2.084547;0.914626
10.809128;-3.311046;2.972580;-1.020597;-0.445085;0.864884;1.049930;-0.578759
8.903043;-5.490412;1.679988;0.747718;-1.877916;0.432798;0.335190;-2.039381
1.609583;-2.254808;1.876945;-1.213865;0.082824;-3.278871;1.980269;0.869567
5.732069;-2.101999;2.478770;-2.632884;2.521282;-2.731855;1.071786;0.639274
11.194612;0.689381;4.592536;-1.094767;-0.639068;1.753083;0.280178;-2.195148
8.571935;-3.138702;3.149038;-0.675812;-1.325950;-0.724126;1.674036;-2.163481
5.443878;-3.351369;2.078646;-1.986423;0.583587;-3.948381;1.934876;0.816604
6.670371;-4.413373;1.723915;-2.060506;0.840557;-1.505973;0.346286;0.485138
8.101135;-4.176147;1.733257;0.060253;-1.161287;0.332141;-0.559040;-2.658872
7.059291;-3.871126;3.036386;0.511936;-0.811766;-0.923449;1.194454;-1.390622
8.297290;-2.616911;2.328515;-2.806747;1.970070;-3.029314;0.368959;0.515158
12.313323;0.940164;4.612835;-4.193033;2.325057;0.145673;-0.095272;0.200449
12.959071;0.038296;4.076938;-1.158152;-0.182057;1.310408;-1.059954;-2.375881
7.213931;-5.839756;-0.166401;-0.131009;0.224816;-2.215234;1.854441;-1.194108
7.085540;-6.499244;-1.222980;-1.787567;1.406927;-3.195826;0.704044;0.834235
10.232045;-4.921916;0.874468;0.548052;0.287713;-0.800576;-0.105872;-0.539762
11.518170;-2.779387;3.380194;0.807107;-1.619603;0.701756;0.012661;-2.717475
7.472452;-3.293009;2.057597;-1.504020;0.576751;-1.223987;1.155482;-0.532412
7.050705;-3.193232;1.589436;-1.408128;1.502888;-2.361246;1.820210;0.396510
11.019676;-1.459952;3.428433;-1.467582;0.365993;0.307970;1.172734;-1.512992
9.191375;-3.645705;3.118143;-0.307865;-0.991851;0.169828;0.698147;-2.358859
3.975849;-5.835301;0.053089;-0.760210;-0.582659;-2.515192;1.897059;-0.840052
4.435318;-6.025586;0.029235;-2.048538;0.352144;-3.711914;2.081582;0.230939
9.320569;-2.568557;3.225870;-1.899154;0.099851;0.778235;1.522210;0.004316
9.717948;-0.365101;3.065704;0.015945;-0.727179;0.367071;1.716147;-3.348656
4.587322;-2.799797;1.425999;-0.737231;1.517845;-2.142454;2.160302;-0.520752
6.870392;-4.429261;2.638315;-3.112684;1.528410;-2.763844;1.690181;0.634230
12.673752;-3.880114;3.507094;-1.839351;-1.085969;1.133982;1.637425;-2.118836
10.355527;-5.011383;2.218784;0.048208;-1.810462;-0.309140;0.256742;-1.751486
5.671623;-4.505618;0.574894;-2.644027;0.590849;-4.187165;0.146946;0.301388
8.892386;-2.073686;3.185644;-2.933777;2.002944;-1.890965;0.456874;0.863946
11.440970;1.462136;4.639879;0.180606;-0.979853;1.562212;-0.073528;-2.640527
6.111344;-2.746413;2.550504;0.930506;-1.556593;-0.236892;1.937699;-1.629925
8.974335;-3.737398;1.266917;-1.537476;0.752792;-2.888824;2.586565;2.106495
10.723249;-3.524044;1.901830;-1.162541;0.516031;-0.469205;2.059957;0.751926
8.393075;-2.645187;3.373460;1.204011;-1.659751;0.692450;0.823892;-2.024544
5.452615;-4.347834;1.982837;-0.732892;0.031513;-2.349317;1.243690;-0.347845
7.121879;-4.350954;1.526760;-2.864630;1.504843;-4.456615;1.785977;0.134954
11.342032;-0.978123;4.153071;-1.340757;0.246887;-1.193419;1.913578;-0.561619
8.271224;-1.433053;3.909154;1.254720;-1.357589;1.189121;1.988580;-2.285553
8.133442;-5.395043;0.712616;2.292890;-1.579174;-1.547022;1.413865;-1.512805
6.999595;-7.815609;-3.050111;-1.831377;-0.070518;-4.592094;1.657360;-0.802624
6.865914;-6.198992;-0.270175;-2.182271;1.586827;-2.411617;1.252328;-0.114811
9.392149;-0.168542;4.658827;0.012277;-0.764274;1.103925;1.751880;-1.925762
10.302126;-1.163673;3.845391;0.012061;-0.522402;-0.847287;1.603439;-1.728981
8.020784;-5.764438;0.381036;-2.068840;0.998252;-3.238383;2.463697;0.321449
8.698940;-6.232133;0.323984;-1.932220;0.643388;-1.798372;2.663743;0.968457
10.185871;-5.041119;1.142360;1.032738;-1.634077;0.972441;1.035337;-2.278071
7.762623;-4.956300;1.884817;0.875053;-1.738942;-0.035289;0.633972;-2.239189
5.766450;-5.630938;-0.232348;-1.881754;0.263061;-2.978786;1.782612;-0.306439
7.437549;-3.801825;1.074033;-1.973932;1.619401;-1.193089;1.873059;0.292142
10.360500;-0.129409;3.097537;0.422979;-0.549375;2.187285;1.311426;-2.969081
8.700274;-1.516812;3.626953;1.347694;-1.644518;0.823606;1.071733;-3.303790
5.921899;-6.140005;0.516010;0.593501;-0.918030;-2.233544;2.832433;-0.259345
6.731432;-6.014169;-0.206241;-0.490485;0.795370;-3.718021;2.791263;1.128329
9.911165;-4.570144;2.116562;0.935459;-1.013547;-0.285711;0.416665;-0.949982
10.311478;-1.930267;4.472901;0.101625;-2.015178;1.066419;-0.209070;-2.263133
7.481577;-1.615142;3.936668;-0.590161;-1.018096;0.419261;1.282389;-0.078245
7.893588;-2.072363;3.580359;-1.710831;1.633141;-0.916788;2.005671;1.802453
11.370093;-1.811681;5.086846;-0.676650;0.210601;1.714491;1.756784;0.471342
11.682654;-3.851851;3.336611;1.781785;-2.186860;2.900479;1.491981;-2.456457
11.491376;-3.319878;3.690470;1.422358;-1.809178;1.168697;1.017483;-1.729563
8.531093;-5.113354;1.716269;-0.480308;-0.403047;-2.028500;1.578731;-0.561143
7.078766;-4.402219;2.011653;-0.992416;1.480595;-1.761434;2.229639;0.184154
12.495665;-0.056236;4.755000;-1.285376;0.308047;2.137725;1.946495;-0.981518
12.429669;-1.650208;4.442084;1.128126;-1.662203;2.498762;1.827770;-2.806185
12.773609;-4.625619;2.541802;1.584729;-2.572740;0.450561;-0.068816;-1.856985
12.789195;-7.361244;-1.512913;-1.916474;-0.470183;-4.069113;0.759333;-0.239704
12.525083;-5.881772;-0.993041;-3.391846;3.015720;-4.044103;0.858726;0.054360
15.241908;-1.614053;2.328561;-2.538518;1.242914;1.504168;0.818325;-1.480697
12.812925;-0.900895;5.149849;-0.640568;-1.225990;2.102369;0.615350;-2.803623
9.657442;-3.795483;3.772844;-0.087786;-0.633769;-0.444267;2.000400;-1.505314
7.626262;-4.597748;1.324933;-1.778918;1.439725;-2.407251;2.499964;1.532679
10.998546;-4.660858;1.822803;-1.457619;0.671585;-0.384911;1.524658;1.108065
13.377263;-5.282960;1.473001;0.015399;-1.108617;1.704147;0.473590;-3.480986
11.913461;-3.065845;2.638967;-0.304918;-0.575048;0.109634;0.196966;-2.728723
9.180586;-4.187792;0.416516;-1.373258;0.844798;-2.467225;1.469375;-1.450557
8.656929;-4.756451;0.017330;-2.734197;2.422544;-3.439064;1.283900;0.057827
9.433933;-3.048015;2.955959;-0.038215;-0.546815;0.205515;1.896819;-0.248172
8.637481;-5.456002;2.549649;2.622759;-2.286287;0.606820;1.083517;-1.350357
11.146167;-6.869072;-0.876060;0.450034;-0.332661;-2.886702;0.462843;-2.218948
9.107457;-5.993324;-1.743366;-2.397218;2.061917;-5.051578;1.382466;-0.684613
13.211800;-1.743775;1.883838;-4.165384;3.333313;-1.215336;0.526734;0.851111
13.655608;0.891380;4.163534;-1.538939;-0.049821;3.496368;-0.044666;-1.846375
9.701722;-2.709720;3.939323;1.065927;-1.863082;1.503312;0.234579;-1.668507
8.913846;-5.949070;0.027732;0.608499;-0.951288;-1.663570;0.694385;-0.451570
7.980276;-6.285819;-1.321734;-1.377782;-0.241292;-3.856405;2.318115;0.685365
10.483044;-4.026323;2.277580;-0.266875;0.101400;1.059721;1.350450;-0.402238
11.070871;-0.523189;3.680115;-0.154734;-1.174225;2.857751;0.321848;-3.109125
13.482224;-0.802101;4.889857;0.110493;-0.707785;0.810887;0.655151;-1.792905
11.053509;-4.046678;1.355322;-1.984740;1.209122;-1.459963;1.405216;0.334281
8.550225;-4.688612;0.629354;-2.501852;2.304478;-1.146577;0.032575;0.640981
12.379249;-0.659000;2.916082;-1.334555;1.498169;1.034923;0.699025;-1.407396
12.603592;-0.751711;3.840734;-0.472444;-0.099503;0.404560;0.981956;-2.158638
5.949898;-4.618731;-0.070634;-1.911197;1.752765;-2.924088;1.387424;0.297129
4.725981;-5.771739;-0.494631;-1.259971;1.156677;-3.239870;1.374104;1.452545
8.684120;-3.055159;2.936706;0.855855;-2.274926;1.079618;1.574570;-1.018188
10.028064;-3.873232;1.278860;0.252406;-2.722752;-0.571823;0.096569;-1.524587
8.242379;-6.210862;-3.553253;-1.119934;-1.366027;-3.312832;2.040424;0.117087
1.319098;-7.499100;-4.271206;-2.969635;-0.345852;-4.354404;3.698751;3.113628
10.503805;-3.072181;3.669289;-1.049680;0.529564;3.295390;-1.418756;-3.198312
13.452470;-0.581092;4.904950;-0.904476;-0.315228;3.080372;-0.219167;-2.560812
7.616080;0.447136;2.796658;-0.622843;1.742412;-0.262396;2.355615;-0.697503
6.463378;0.794356;1.995805;-2.007996;2.730349;-0.408092;2.638340;0.912468
11.104263;-2.025690;2.727479;-2.104035;0.614075;2.085975;1.355314;-1.109638
13.782447;0.743692;4.851790;-2.876681;-0.013962;1.291606;0.134710;-2.997890
12.064267;1.606053;4.479605;-2.332235;0.734441;-0.792298;1.705480;-1.166912
7.416712;-3.076806;1.072863;-1.356544;1.989636;-3.012900;3.570532;0.592208
11.899724;-0.679296;3.290286;-1.771175;2.199346;-0.140552;2.202086;-0.169619
17.400421;3.688139;4.812274;-2.471211;1.344500;2.943078;1.228631;-3.662298
15.145512;0.262492;3.487374;-1.441017;1.171196;1.166731;0.519148;-2.717816
9.083737;-4.571932;0.059877;1.741825;0.648504;-0.773704;1.978390;-0.975230
11.506039;0.889239;2.167009;-1.884562;3.749522;0.265480;3.111257;0.703950
15.637587;2.810960;4.695764;-2.628496;2.077615;1.847301;1.825074;-0.156141
13.121182;-2.217843;2.972041;-0.182138;-0.331549;1.762087;0.648187;-2.342927
14.338359;-0.648688;1.066464;0.940709;1.603866;-0.182275;1.604400;-1.067015
14.342292;3.233277;2.800299;-2.307916;4.146750;-2.056127;1.743349;1.540333
11.559077;1.171882;3.396026;-1.274066;3.120660;0.530536;0.638350;1.089931
13.693244;2.747079;2.889749;0.580192;0.883269;3.591469;1.510015;-2.302649
12.922442;4.729413;4.535065;0.161214;0.031782;2.437774;2.154557;-2.274774
4.791884;-2.005979;1.931596;-0.099144;-0.132048;-1.456384;2.228082;0.298069
9.117981;1.267260;4.184086;-1.634352;2.540387;-0.663926;2.340261;1.453727
15.440181;7.716261;6.042735;-2.686454;1.518750;3.743972;1.804250;-3.758972
14.176944;0.317247;3.251527;-0.456617;1.075227;1.032003;-0.630912;-1.263313
7.727941;-3.539105;-0.992206;0.307047;1.891408;-1.569006;0.562331;0.754964
8.323592;2.697560;2.978352;-3.470877;3.585298;-1.624631;1.940551;-0.428995
13.291527;1.905725;4.436403;-2.113260;1.195105;2.727877;0.640138;-1.368961
12.450466;0.103867;5.085951;-0.144454;-1.147042;2.128805;0.657033;-0.999540
11.687091;3.626211;2.961180;-1.021893;2.112009;0.986949;1.006520;0.203372
10.419948;3.105330;1.576990;-0.057182;3.024530;-0.115547;1.938226;0.354621
12.400789;-0.044870;4.411599;-0.055840;0.679442;3.612001;1.859346;0.068687
13.989796;4.063508;5.967752;0.039045;-0.321925;3.318478;0.954367;-2.487393
10.521138;2.959890;4.034089;-0.713978;0.650435;1.810108;2.005751;-2.433297
4.206294;-2.459270;1.592520;-1.224546;1.501910;-0.490946;1.894247;-0.362106
13.326550;3.643757;5.715316;-2.615189;2.532466;0.358690;1.009773;-0.193268
20.059838;4.505731;4.122319;-2.468723;0.879473;3.840411;1.535814;-3.215538
17.600724;0.517232;3.814167;1.626354;-0.336177;1.411036;0.865959;-1.824020
14.236954;1.077919;3.111603;0.953593;0.833749;-0.536739;1.626454;-1.259577
12.209088;1.875148;4.496856;-2.497937;3.656932;-0.362523;0.691830;0.854073
14.254188;0.354979;5.222432;-2.758484;2.379843;1.380580;0.607534;1.495355
15.633144;3.738543;5.290534;-2.139867;1.044052;3.724557;1.531377;-2.807511
13.437474;4.521731;5.612708;-0.366583;0.168910;2.497139;2.458441;-3.088932
9.255667;-3.585698;0.810101;1.459846;0.142702;-0.733874;2.634849;-0.763083
11.492431;2.017880;2.841182;-1.929619;3.550387;-0.173431;3.497865;1.893009
15.046499;4.853349;4.320943;-1.361673;2.383713;3.824604;2.854545;-0.069910
13.920331;-1.505145;3.630560;1.333636;-0.279157;2.897174;0.981283;-1.842434
14.382203;0.866159;4.197444;-0.491553;1.574836;0.345396;1.006509;-1.739501
11.320077;1.684880;4.381816;-3.174852;3.715262;-1.398845;1.323248;0.030753
12.713754;-2.256615;3.064250;-2.360557;1.772003;0.438388;1.258052;0.068337
17.757766;0.762984;4.189446;-0.490785;0.266528;3.982549;1.289769;-3.547036
16.303341;4.244244;6.719262;-1.058408;0.215211;3.259560;1.901991;-2.866927
8.007162;-1.309977;2.383751;-1.458293;2.143899;-1.630896;1.855205;1.295315
-0.376754;-7.318653;-2.542245;-3.254654;2.103450;1.085465;1.534313;1.006435
9.913899;2.141548;3.799869;-1.977178;2.460433;-0.731217;1.004681;-5.031734
16.825795;4.626010;3.770052;-0.659905;2.325984;1.317762;2.090882;-3.795769
14.565935;0.659632;2.813386;0.452041;3.118886;1.439554;2.350871;0.221295
22.397845;7.316317;6.894711;-3.380671;4.685756;1.899451;0.288016;-0.195647
22.556640;4.967226;6.564440;-2.765589;2.951771;3.129808;0.322969;-2.328760
19.611972;1.877298;5.828358;-1.787467;0.037563;3.063221;0.015471;-3.575779
20.301600;4.837104;5.781039;-0.311474;0.997866;1.166636;0.511899;-3.680353
12.562997;3.645906;2.331785;-0.138098;3.766873;-0.285452;3.934337;0.259643
0.318704;0.045699;-0.667738;-5.229883;6.635963;-0.241020;4.238724;-0.435862
-11.846349;-5.075911;-0.480670;-3.798391;1.987573;3.421315;3.365789;-2.643776
