-1.277665;0.789580;0.482724;-2.781344;0.132951;-0.475932;-0.546336
-1.224750;0.689138;0.207758;-2.653560;0.178270;-0.328935;-0.690035
-1.105221;0.869466;-0.070106;-3.182121;-0.003612;-0.049670;-0.076856
-0.417750;0.786814;-0.739369;-4.412322;-0.592085;2.276941;1.205154
-0.651996;0.680743;-0.277557;-3.800051;-0.017503;1.353264;0.261881
-0.942464;0.643829;-0.023469;-3.140027;-0.136773;0.209482;-0.412746
-1.447219;0.584185;0.349403;-2.464354;1.012824;-1.760258;-0.983507
-1.362269;0.806608;0.292001;-2.583108;0.206448;-0.962743;-0.683633
-1.325034;0.726568;0.567979;-2.530986;0.207482;-0.173770;-1.256825
-1.396439;0.869442;0.804747;-2.218161;1.846673;-1.595327;-1.865789
-1.401945;0.851183;0.375283;-2.176882;0.449680;-0.885279;-1.181263
-1.132411;0.751264;0.261326;-2.370467;-0.592436;0.221749;-0.672319
-0.612118;0.717242;-0.259987;-3.211230;-0.507139;1.107789;0.007665
1.684539;1.980253;-0.999519;-4.614753;-2.499389;4.239337;2.103550
2.531117;2.411655;0.232752;-3.372087;-3.688321;3.101708;1.490071
1.927036;1.800960;0.171727;-3.289173;-2.583442;2.098609;1.321336
0.715917;-0.312658;0.090854;-3.143823;-2.692158;3.029055;0.236437
4.473842;-0.798453;-0.343831;-3.386124;-5.743499;3.391319;3.737620
2.529957;-1.445076;0.366811;-2.459601;-4.016952;1.393210;4.066365
2.647977;-0.617630;0.208824;-3.170896;-4.343387;3.221518;2.174799
0.547322;-0.181553;0.041318;-3.129402;-2.153846;2.558465;0.512018
0.113396;0.085979;-0.253258;-3.556770;-2.313664;3.466998;-0.091839
-0.748208;0.665151;0.017562;-3.301419;-1.055798;0.837315;0.116172
-1.071770;0.588037;0.291977;-3.098467;-0.215773;-0.033193;-0.095392
-0.498428;0.764502;-0.719720;-4.266747;-0.793639;2.306109;0.604893
-0.081435;0.997603;-1.703609;-4.963249;0.370568;3.192883;1.253937
-0.768579;1.022241;-0.475164;-3.911935;0.392974;0.912152;0.531964
-1.263982;0.944998;0.140445;-2.984131;0.816366;-1.130720;-0.509827
-1.258514;0.658652;0.448744;-2.897882;0.854285;-0.723165;-1.152449
-0.315571;0.548534;-0.931804;-4.455144;-0.705024;3.255467;0.556435
-0.234800;0.614413;-1.329706;-4.748794;-0.027006;3.145042;1.065322
-0.341804;0.713729;-1.099917;-4.450489;-0.954748;3.339520;0.681538
-1.298512;0.697391;0.250366;-2.661571;1.056178;-0.952841;-1.110905
-1.391306;0.706127;0.587726;-2.599486;1.397351;-1.553176;-1.190267
-1.556752;0.695487;0.591677;-2.561524;1.167028;-1.915653;-1.196749
-1.542602;0.653317;0.303523;-2.593843;1.096234;-1.764249;-1.243440
-1.258202;0.702419;0.029527;-3.170833;0.889766;-0.535363;-0.657848
-0.656419;0.856738;-0.688060;-4.072138;0.889890;0.746663;0.406012
-0.548001;0.774191;-0.501922;-4.185438;-0.161053;2.316593;0.127264
-1.082293;0.692023;0.091335;-3.173527;-0.360610;0.909298;-0.554148
-1.255782;0.808708;-0.006972;-2.896361;0.083862;-0.198373;-0.765762
-1.415459;0.749253;0.158022;-2.728808;0.427968;-0.931813;-0.703322
-1.119366;0.756044;-0.010261;-3.003598;1.143759;-0.388753;-0.713860
-0.544602;0.696018;-0.490021;-4.085456;0.038004;1.838194;0.253964
-0.075491;0.944266;-1.387014;-4.958000;0.261841;2.767108;1.420504
-0.750249;0.856699;-0.646975;-3.853294;0.309704;0.978520;0.229525
-1.347061;0.631580;0.288118;-2.566567;0.705825;-1.108942;-0.858012
-1.367959;0.575237;0.205915;-2.743715;-0.072366;-0.261273;-0.765111
-1.212553;0.709575;0.371740;-2.749473;1.543656;-1.263026;-0.754830
2.037916;2.462762;-17.008906;0.502586;3.088455;-1.479171;-1.301445
0.126189;1.839197;-7.914804;-0.718846;1.535168;-2.116317;-0.691459
-1.274703;0.832481;0.694465;-2.254297;0.609167;-1.219996;-0.629868
-1.244591;0.739274;0.673810;-2.308627;0.511268;-0.978930;-0.594528
-1.265786;0.828714;0.353198;-2.616496;-0.181253;-0.291929;-0.595491
-1.250549;0.944846;0.235154;-2.796433;-0.144305;-0.559116;-0.237245
-1.542464;1.163143;0.467286;-2.558323;1.348536;-2.532900;-0.672048
-1.393095;1.119117;0.674610;-2.735534;1.032903;-1.927148;-0.585416
-1.195778;0.909984;0.437950;-3.019556;-0.068897;-0.745914;-0.157019
-1.433130;0.992786;0.375990;-2.649290;1.066501;-2.055119;-0.723009
-1.411085;0.925445;0.332687;-2.690394;0.860577;-1.681982;-0.637578
-1.470018;0.915222;0.394316;-2.574340;1.145480;-2.074317;-0.668326
-1.554729;0.835338;0.690155;-2.522164;1.340671;-2.347585;-0.990166
-1.205461;0.653645;0.538060;-2.811091;-0.305107;0.213478;-0.686131
-1.017985;0.656678;0.171084;-2.954223;-0.854527;0.430701;-0.255863
-0.884954;0.586009;0.048207;-3.114001;-1.384449;1.733041;-0.667324
-1.412273;0.677183;0.342112;-2.476723;0.922303;-1.653655;-0.930196
-1.528926;0.885575;0.588675;-2.685789;1.049565;-2.221203;-0.548222
-1.529564;0.912063;0.629795;-2.623477;1.683022;-2.823889;-0.836012
-1.547476;0.887306;0.388701;-2.541781;1.461459;-2.281747;-1.031512
-0.558466;0.955008;-0.771902;-4.150007;-0.648654;2.415308;0.430827
0.140139;1.046656;-1.918848;-5.340648;0.059574;4.011118;1.752605
1.663704;0.921328;-2.290342;-5.854677;0.495769;6.553769;2.691937
4.838998;2.600341;-18.905655;-2.075033;0.711306;5.784924;1.817368
0.620996;1.394672;-8.619216;-1.997321;0.405282;1.172626;0.110953
-1.105679;0.860159;0.274309;-3.315098;-0.037940;0.006267;-0.100384
-1.126333;1.113334;0.335032;-3.257905;-0.034828;-0.213219;-0.093413
-1.222209;1.051608;0.006207;-3.180685;0.995116;-0.635898;-0.539825
-1.143977;0.918851;-0.162516;-3.293320;0.662166;-0.475799;-0.266571
-1.489090;0.916501;0.345945;-2.587147;0.744572;-1.472799;-0.736463
-1.532261;1.110056;0.629276;-2.622211;0.990726;-1.889096;-0.925383
-1.625665;1.027174;0.700276;-2.401870;1.020721;-1.511973;-1.201428
-1.501203;1.049211;0.404186;-2.348765;1.034632;-1.596847;-1.073117
-1.399585;0.933463;0.309131;-2.351421;0.483461;-0.812371;-1.087389
-1.361505;0.938138;0.299915;-2.407150;0.502169;-0.793344;-1.030527
-1.209588;0.936337;0.476285;-2.714385;-0.111773;-0.119850;-0.778616
-1.345015;0.931547;0.650462;-2.282712;0.385287;-0.867303;-1.032811
-1.432646;0.975882;0.457286;-2.161653;0.916624;-1.396017;-1.241560
-1.453358;1.115286;0.484099;-2.235907;1.173664;-1.912904;-1.181498
-1.408510;0.954757;0.370167;-2.337682;0.440503;-0.921621;-1.074979
-1.472097;1.014898;0.687022;-2.205123;0.866838;-1.472105;-1.226045
-0.399910;0.275037;0.323575;-2.842662;-1.802506;3.887488;-1.810768
4.038536;-0.392027;-1.848265;-5.591775;-3.811340;6.479719;2.061377
3.388152;-1.038383;-2.031927;-5.790707;-3.041526;6.037106;2.741892
-0.055155;-0.577994;-0.187157;-3.598408;-1.579924;3.104199;-0.336304
5.091177;1.244325;-0.577279;-3.847368;-1.485528;3.991416;1.917397
11.062865;3.745944;-16.998548;-0.031352;-3.677417;3.636136;1.492275
-0.072711;2.108708;-7.523103;-0.686103;1.356156;-1.260693;-1.700287
-1.438190;1.389355;0.613558;-2.460623;0.312968;-0.859707;-1.015652
-1.279947;1.284411;0.383661;-2.834628;-0.192077;0.101615;-0.925504
-1.250058;1.555853;0.133806;-2.904025;-0.214808;-0.025307;-0.664372
-1.043913;1.535895;-0.050696;-2.977839;-1.111140;1.718894;-0.867905
-1.331723;1.666855;0.334692;-2.351337;0.238058;-0.777698;-0.781585
-1.401355;1.588441;0.650654;-2.367164;0.640626;-1.183649;-0.935843
-1.449983;1.567905;0.626137;-2.406803;0.510735;-0.922176;-1.049961
-1.301149;1.736609;0.284090;-2.517457;-0.115014;0.306092;-1.322155
-1.561502;1.973721;0.463510;-2.335836;1.080631;-1.476865;-1.381470
-1.461002;1.934836;0.432132;-2.325930;0.922421;-1.400228;-0.909417
-1.430742;2.040635;0.638941;-2.545890;0.650320;-1.262954;-0.680789
-1.526944;2.081784;0.729474;-2.361230;1.257285;-1.997352;-1.006924
-1.424640;1.933367;0.430511;-2.239344;0.935299;-1.168529;-0.948657
-1.025347;1.973042;0.243136;-2.598623;-0.802052;0.460538;-0.254523
-1.174079;1.804704;0.349871;-2.303344;-0.171827;-0.069472;-0.817099
-1.215754;1.763009;0.597232;-2.451091;-0.403392;0.194808;-0.864964
-1.290101;1.532751;0.651569;-2.358534;-0.192085;0.093250;-1.103213
-1.212754;1.563339;0.280063;-2.524945;-0.657737;0.499910;-0.792233
-1.281939;1.802557;0.355992;-2.394060;0.229615;-0.877496;-0.687209
-0.686024;2.145890;0.132122;-2.957141;-0.832917;1.137035;-0.210272
0.887622;3.117953;-1.143696;-4.727680;-1.509869;3.737645;2.126525
3.418912;4.827567;-17.889794;-0.961152;0.348552;1.818872;1.298967
1.801772;2.733269;-16.213064;1.016499;1.283903;-0.472355;-1.327358
-1.244968;1.204747;0.441588;-2.002410;-0.347826;0.242402;-1.019143
-1.271313;1.056490;0.422073;-1.863075;-0.151266;-0.215939;-0.954716
-0.848762;1.619123;0.216798;-2.651357;-1.215093;0.684302;0.091771
-0.327787;1.977227;0.192781;-3.180603;-1.626197;1.840250;0.219264
-0.895057;2.115291;0.284914;-2.953522;-0.195625;0.605863;-0.021244
-1.148462;2.330294;0.207992;-2.696022;-0.173328;0.473634;-0.773085
-1.099313;2.305223;0.135909;-2.880198;-0.560163;1.174557;-0.900418
-0.521144;2.163140;-0.787872;-3.923483;-0.645688;2.677067;0.093347
-0.229182;1.941131;-1.075460;-4.653820;-0.188270;3.291307;1.437000
-0.450677;2.030155;-0.411284;-3.880347;-1.298962;3.406121;0.146973
-1.184912;2.114783;0.301391;-2.491006;-0.334932;0.442548;-0.692425
-1.345833;2.269528;0.388307;-2.286778;0.234105;-1.037025;-0.559411
-1.407807;2.143900;0.495168;-2.164063;0.867364;-1.524286;-0.755611
-1.303040;1.984940;0.618571;-2.254102;-0.010164;-0.417859;-0.614367
-1.439179;1.973824;0.707887;-2.044823;0.360205;-0.831902;-0.834763
-0.618427;1.975510;0.417473;-2.307036;0.313987;0.658221;-0.752971
-0.073856;2.277987;0.245409;-2.717912;-0.838558;2.139618;-0.405863
-0.202998;3.073801;-0.162120;-3.304130;-1.878684;2.441273;0.463031
2.649328;3.522716;-0.999743;-4.521808;-1.413779;5.264479;1.789201
5.901798;5.098640;-17.230861;-0.217173;-0.543420;2.965015;0.647139
0.125318;1.816611;-7.580623;-0.727240;1.010610;-1.116781;-0.933251
-1.382138;0.898411;0.736310;-2.013463;1.165112;-1.748819;-1.033869
-1.223192;0.816607;0.622013;-2.163393;0.231209;-0.734361;-0.697506
-1.191333;0.613222;0.394029;-2.008546;0.216393;-0.775122;-0.737477
-1.332208;0.589427;0.441809;-1.837221;0.694383;-1.273705;-1.098492
-1.016906;0.841160;0.398452;-2.244264;0.128256;-0.348556;-0.725222
0.145512;1.526793;0.636055;-2.918728;-0.100746;1.145270;0.125945
1.507402;1.455643;0.371406;-2.188736;-2.567661;3.395082;0.161270
1.411073;1.365582;0.530664;-0.187794;-3.710398;5.014333;-1.047932
0.531088;1.381052;0.676874;0.692778;-3.442715;5.062830;-1.516784
-0.150233;1.079067;0.689880;0.474416;-2.731756;4.227056;-1.835982
-0.946156;1.028146;0.935724;-0.106176;-0.995507;1.346345;-1.217195
-0.946004;0.951497;0.984438;-0.190906;-0.596116;0.744379;-1.109540
0.321644;1.004667;0.781266;-0.789436;-0.387225;1.896765;-0.954899
1.056940;1.423053;0.205990;-2.099829;-1.517238;2.368823;-0.048234
-0.810373;1.454073;-0.013804;-2.585894;-0.857783;1.462767;-0.508609
-1.355842;1.569703;0.586054;-2.336049;0.435647;-0.638645;-1.154129
-1.234460;1.582395;0.501608;-2.610371;-0.135262;0.377938;-1.122106
-1.073450;1.586324;0.169476;-2.728007;-0.354035;0.444909;-0.682771
-0.914475;1.458272;0.167699;-2.723962;-0.605355;0.358096;-0.362575
-1.181939;1.252562;0.327280;-2.336312;-0.252815;0.059103;-0.896136
0.225175;1.313979;0.669870;-2.476493;2.917130;1.900691;-1.162449
3.450088;3.076837;-16.892210;0.482316;3.309225;1.756074;-1.443018
0.235878;1.119216;-7.436163;0.094763;1.181575;-1.344087;-1.016509
-1.253847;0.338091;0.800428;-1.609147;0.676415;-1.455075;-0.651075
-1.319093;0.455094;0.745103;-1.723068;0.510933;-1.593126;-0.502401
-1.182563;0.283216;0.466267;-1.643537;0.048530;-0.905526;-0.494667
-1.051198;0.355431;0.441406;-1.751102;-0.420852;0.019088;-0.650772
-1.195462;0.467748;0.450629;-1.610367;-0.419077;-0.236675;-0.792779
-0.903272;0.539026;1.044119;-1.261283;1.893658;-0.448659;-1.216525
-0.811986;0.595733;1.034900;-1.426235;1.895423;-0.341215;-1.018891
-1.061086;0.354449;0.430864;-1.749261;-0.450051;0.134914;-0.784902
-0.699383;0.069125;0.236862;-2.229537;-1.554499;1.942291;-0.742711
-0.628478;0.329888;0.211806;-2.483773;-1.692541;1.675658;-0.552330
-0.414211;0.591368;-0.428932;-2.149732;-1.816879;2.636352;-0.956631
-1.094978;0.861109;0.127947;-1.420854;0.037421;-0.764164;-0.673232
-1.208555;0.708662;0.784440;-1.491041;-0.104277;-0.648161;-0.607780
-1.069515;0.692524;0.437400;-1.631803;-0.605178;-0.442165;-0.134391
-1.230249;0.450694;0.541574;-1.403823;-0.121027;-0.692981;-0.594414
-1.059360;0.459620;0.510060;-1.405097;-0.039834;-0.456463;-0.541819
-1.168577;0.246518;0.802059;-1.175937;0.124294;-0.354365;-1.045850
-1.262747;0.338035;0.890422;-1.251787;0.993617;-1.740977;-0.770260
-1.284794;0.491843;0.616305;-1.282862;0.868821;-1.720456;-0.840519
-1.340061;0.408496;0.627607;-1.208360;0.838120;-1.827659;-0.753660
-1.337498;0.438664;0.646166;-1.143156;0.839683;-1.549261;-1.066333
-1.227097;0.333423;0.793920;-1.277273;0.123510;-0.377243;-1.229691
-1.072017;0.449897;0.770504;-1.399122;-0.311468;-0.304201;-0.562369
-1.106595;0.301253;0.561968;-1.049267;-0.209013;-0.424993;-0.653458
-1.332147;0.158538;0.640234;-0.770437;0.188542;-0.855104;-0.893742
-1.241566;0.390869;0.626287;-0.970524;0.513110;-1.348114;-0.787429
-1.044420;0.157318;0.746752;-1.244970;-0.279421;-0.097781;-0.871435
-1.192766;0.223336;0.768965;-1.159801;0.257933;-0.624232;-0.985752
-1.172981;0.369027;0.571605;-0.990834;0.562233;-1.085975;-0.839891
-1.183299;0.559590;0.572964;-1.230184;0.164999;-0.764421;-0.732215
-1.134647;0.518208;0.512536;-1.300964;-0.036008;-0.633387;-0.531275
-1.060910;0.383180;0.843661;-1.086411;0.456917;-0.882202;-0.753814
-0.965901;0.457875;0.781288;-1.246853;-0.364748;-0.307919;-0.464062
-0.822075;0.442079;0.487946;-1.307400;-0.926514;0.275014;-0.270102
-0.893524;0.415386;0.500598;-1.260212;-0.359833;-0.242794;-0.360701
-1.143265;0.590547;0.570638;-1.254562;0.557399;-1.048039;-0.864865
-1.266862;0.337293;0.895898;-0.873447;1.103264;-1.650999;-1.165478
-1.216964;0.334121;0.875287;-0.828120;0.214513;-0.343678;-1.011966
-1.273883;0.452001;0.689771;-0.618165;0.140588;-0.840275;-0.765699
-1.295060;0.545584;0.744309;-0.505914;0.789734;-1.287154;-1.156035
-1.289677;0.469276;0.708501;-0.465786;0.643337;-0.901945;-1.602994
-1.159569;0.419547;0.786886;-1.028591;-0.590197;0.378771;-1.059678
-1.205247;0.547759;0.799979;-1.107698;-0.241449;-0.712508;-0.382648
-1.291589;0.649964;0.626790;-0.895450;0.715872;-1.632835;-0.769228
-1.297417;0.420805;0.669891;-0.657532;0.868569;-1.159771;-1.207014
-1.270453;0.500283;0.731075;-0.680543;0.977128;-1.498845;-1.125767
-1.250697;0.368732;0.949252;-0.604314;0.601468;-1.184524;-0.961961
-1.235323;0.350375;0.855752;-0.647638;0.087174;-0.582884;-0.969961
0.374000;1.279028;-7.418579;0.578895;0.375860;-0.126308;-1.109511
-1.329052;10.157161;1.618027;2.142184;-0.964842;-1.189699;3.659300
-1.327614;10.324826;1.378706;2.329910;-1.064066;-1.076744;3.679520
-1.604794;10.253479;1.541490;2.815150;0.127575;-2.176660;2.941391
-1.452936;10.512841;1.459698;2.687150;-0.722380;-1.260056;3.496191
-1.574795;10.512484;1.762793;2.760446;-0.163993;-2.217527;3.357575
-1.642379;10.382306;1.805677;2.899970;-0.030588;-2.270319;3.228602
-1.512625;10.391997;1.424919;2.602456;-0.652542;-1.594297;3.610810
-1.556847;10.432584;1.471473;2.777965;-0.250060;-2.084026;3.459779
-1.682042;10.388369;1.755662;2.786011;-0.100584;-2.197274;3.074603
-1.544618;10.367396;1.653546;2.673716;-0.931032;-1.075758;3.208365
-1.565793;10.353808;1.429828;2.785509;-0.833639;-1.151786;3.034945
-1.742263;10.378782;1.518704;2.996296;-0.176304;-2.119639;2.990847
-1.652398;10.479020;1.596204;2.842926;0.574111;-2.163976;2.853657
-1.604892;10.435185;1.772728;2.758439;-0.148216;-1.402030;2.994985
-1.647479;10.445984;1.742392;2.912476;-0.065009;-1.752255;2.841439
-1.622769;10.472963;1.463801;2.811953;-0.366095;-1.524310;3.004274
-1.647232;10.461618;1.503640;2.813991;-0.051339;-1.932864;2.801477
-1.548143;10.479800;1.464732;2.698216;-0.356525;-1.528292;3.068754
-1.313254;10.548973;1.710939;2.508808;-0.531094;-1.112318;3.251601
-1.394778;10.558357;1.723474;2.544636;-0.724627;-1.162720;3.342720
-1.335056;10.538774;1.372031;2.432835;-1.157622;-1.010205;3.642594
-1.072857;10.377024;1.276139;2.094211;-1.960269;-0.103927;4.071841
-1.238880;10.018690;1.412715;2.371668;-0.976472;-0.684194;3.226813
-1.300113;10.067932;1.602255;2.424724;-1.143746;-0.458421;3.182694
-1.477453;10.187804;1.657233;2.468394;-0.876406;-0.799485;2.861978
-1.608944;10.343369;1.447583;2.552464;-0.301336;-1.646834;2.790039
-1.644503;10.348999;1.464933;2.564158;0.022049;-2.013478;2.921909
-1.595430;10.215901;1.418779;2.576307;-0.146809;-1.516017;2.792708
-1.720364;10.051569;1.715813;2.637925;0.070112;-2.046677;2.741721
-1.575770;9.986335;1.683550;2.679893;-0.124947;-1.359460;2.513125
-1.620572;10.139133;1.420649;2.643796;-0.152808;-1.570982;2.571543
-1.633636;10.139264;1.409670;2.586095;-0.290706;-1.693692;2.906686
-1.671631;10.109191;1.469863;2.594048;-0.149596;-1.831921;2.925684
-1.663554;10.112989;1.703292;2.633327;-0.208566;-1.788212;2.877317
-1.630143;10.102821;1.699294;2.742033;-0.217814;-1.696549;2.955276
-1.673685;10.170696;1.474322;2.683246;0.070580;-2.088403;2.805718
-1.601622;10.159900;1.435016;2.669268;-0.280816;-1.504024;2.898244
-1.752031;10.281516;1.489743;2.723336;-0.106074;-2.053056;2.964367
-1.665700;10.223028;1.656157;2.587102;-0.574802;-1.288585;2.910599
-1.534058;9.959746;1.597274;2.591196;-0.869403;-0.595170;2.710373
-0.248727;10.417134;1.483207;2.073253;-1.233089;1.723106;2.565025
4.230073;11.963399;-7.406546;2.065267;-4.310059;4.325417;1.962917
0.264495;8.014892;-7.091310;3.213520;0.192920;-1.621743;2.401155
-1.253455;7.410489;1.314243;1.978486;-0.601628;-1.553668;3.129726
-1.216088;7.638969;1.611751;1.931735;-0.434971;-2.133406;3.414184
-1.315062;7.756173;1.637585;2.026358;-0.286496;-2.187999;3.194471
-1.311418;7.800368;1.441991;2.184147;-0.215151;-2.128089;3.006521
-1.235769;7.980185;1.364287;1.904039;-0.575324;-2.015347;3.557760
-1.373223;8.066252;1.380431;2.065541;-0.474628;-2.514480;3.687994
-1.266231;7.948703;1.583635;1.957614;-0.840422;-1.919853;3.760351
-1.004103;7.628467;1.579515;1.896723;-1.242403;-0.796648;3.417301
-0.965724;7.747028;1.310776;1.935227;-1.217479;-0.841522;3.451652
-1.040542;8.084011;1.333340;1.906661;-0.890587;-1.643734;3.940442
-1.248732;8.107559;1.390648;2.265579;-0.462444;-2.284986;3.796534
-1.201796;8.124411;1.550945;2.030844;-1.400680;-0.907236;3.672390
-1.326733;8.361444;1.722579;2.275408;0.382859;-2.383024;3.623842
-1.341195;8.382604;1.487115;2.359520;0.500717;-2.674348;3.798382
-1.298616;8.467976;1.438075;2.285148;-0.086183;-2.645973;3.655237
-1.308782;8.485343;1.463333;2.332219;0.130279;-2.769353;3.616842
-1.434447;8.342517;1.726774;2.340251;0.205688;-2.763442;3.589789
-1.377530;8.213180;1.675408;2.248877;-0.578342;-1.557941;3.366792
-1.259142;8.240228;1.401363;2.283581;-0.535748;-1.804115;3.543323
-0.994426;8.184630;1.342707;2.094530;-1.499660;-0.846439;3.907023
-1.113927;8.287015;1.446045;2.243059;-0.281620;-2.134930;3.739937
-1.368625;8.198255;1.758280;2.388364;0.081482;-2.733377;3.543116
2.253874;7.161243;2.136673;2.445169;-0.358067;1.588456;2.373954
8.591864;8.067307;-6.483520;3.720503;-2.947019;2.032462;3.962998
0.743499;8.658984;-7.287316;3.458848;-0.700664;-1.014394;4.100757
-0.597926;8.107390;1.552133;2.019231;-1.914174;-0.781848;5.019378
-0.707466;7.883022;1.557641;2.147712;-1.763347;-0.788868;4.818640
-0.795501;7.768042;1.390785;2.487838;-1.424941;-0.966271;4.277337
-0.905080;7.820315;1.408391;2.544691;-1.108884;-1.415951;4.109736
-0.747499;7.840843;1.308392;2.283727;-1.775779;-0.805862;4.695580
-0.759680;7.809518;1.627226;2.613747;-1.672817;-0.700656;4.453908
-0.803746;7.816854;1.616397;2.542511;-1.707834;-0.615076;4.344973
-1.128010;7.682720;1.377884;2.618821;-1.197040;-0.768291;3.563266
-0.997669;7.812517;1.353317;2.537788;-1.147832;-1.151183;3.840940
-1.032650;7.580037;1.350570;2.498649;-1.261670;-1.004858;3.727637
-1.138470;7.678672;1.648161;2.459691;-0.861942;-1.865846;4.039847
-1.101097;7.625375;1.678007;2.547589;-0.592768;-2.056147;3.893551
-1.152663;7.621756;1.429392;2.667407;-0.265404;-2.207085;3.684908
-1.178220;7.709614;1.406102;2.607584;-0.617244;-1.932059;3.676348
-1.134267;7.820953;1.392878;2.474566;-0.679848;-2.088375;3.765906
-1.071413;7.871224;1.593744;2.248989;-1.160472;-1.804438;4.472977
-1.240411;7.841800;1.710716;2.587064;-0.474760;-2.254484;3.844483
-1.256196;7.862224;1.374687;2.566219;-0.923059;-1.912846;3.965309
0.461174;8.239042;-6.866552;3.873352;1.166188;-2.385492;3.438035
0.104696;11.011245;-6.861277;4.239235;0.138653;-2.132319;3.723146
-1.210623;10.436389;1.720858;3.201646;-1.365313;-0.805945;4.089264
-1.370996;10.360654;1.763133;3.232651;-0.871104;-1.437054;4.153492
-1.364085;10.416686;1.479087;3.032791;-1.146064;-1.637698;4.477960
-1.336921;10.424374;1.471196;2.990369;-1.272626;-1.567237;4.566033
-1.146753;10.423421;1.474765;2.995364;-1.301341;-1.356050;4.535189
-1.340184;10.183652;1.764015;3.105765;-0.981115;-1.727402;4.401373
-1.461050;10.268835;1.760463;3.124069;-0.956270;-1.473617;4.019506
-1.235289;10.283176;1.551369;3.145370;-0.963437;-1.346406;4.052636
-1.374305;10.113642;1.565638;3.103585;-0.425138;-2.209617;3.946252
-1.446936;10.182887;1.504272;3.155363;-0.780542;-1.818459;3.843586
-1.309586;10.221766;1.759693;3.010184;-0.825547;-1.583112;3.936636
-1.200455;10.133355;1.752300;2.844489;-0.881815;-1.377682;4.214599
-1.304588;10.038304;1.535034;2.949378;-0.568112;-1.633551;3.918206
-1.345836;10.242927;1.480108;2.871732;-0.889413;-1.821286;4.281487
-0.564959;10.170849;1.484351;2.595144;-1.459788;-0.152178;4.374479
-0.459787;9.895506;1.663001;2.227775;-2.056090;-0.134344;4.588554
-1.116476;9.604447;1.677539;2.489236;-1.062273;-1.094506;3.849841
-1.329700;9.554112;1.470828;2.722172;-0.597929;-1.264012;3.312699
-1.424322;9.785941;1.476021;2.643056;-0.472429;-1.999259;3.731376
-1.491269;9.834504;1.478574;2.644222;-0.519339;-2.193005;3.921591
-1.583864;9.718246;1.758576;2.823929;-0.551886;-1.968044;3.834506
1.343486;10.551168;-15.464125;5.112517;1.607052;-2.857945;2.556109
0.385038;10.937595;-6.929790;3.811457;-0.313215;-1.763961;4.088887
-0.980092;10.415209;1.723931;2.777962;-1.524807;-1.071681;4.686408
-0.747535;10.287109;1.681197;2.480888;-2.140976;-0.488932;4.822534
-0.746022;10.323843;1.421129;2.409595;-1.876031;-0.573834;4.574119
-0.583835;10.077593;1.340866;2.259779;-2.702472;0.429840;4.193561
-0.569414;10.116760;1.254268;2.015772;-3.053352;1.156901;4.030690
-0.730997;9.956255;1.564933;2.096078;-2.525151;0.885041;4.001010
-0.813056;10.318969;1.589681;2.258480;-2.275989;0.254655;4.188107
-1.013924;10.389598;1.343692;2.342430;-2.001657;0.222038;3.988126
-1.113996;10.082407;1.346912;2.386205;-1.263436;-0.641490;3.667860
-1.348112;9.894219;1.408947;2.608438;-1.172044;-1.193599;3.683473
-1.424166;9.921166;1.718326;2.732665;-0.966183;-1.492035;3.603408
-1.526391;9.854013;1.744755;2.939746;-0.959490;-1.614483;3.694832
-1.387814;10.064633;1.500873;2.940673;-0.688806;-1.661159;3.812202
-1.269807;10.015764;1.387249;2.778168;-1.492456;-0.760692;4.032341
-1.255303;9.902905;1.420544;2.627664;-1.427591;-0.899650;3.899708
-1.010863;9.839575;1.600430;2.394522;-2.197663;0.658931;3.512939
1.617985;10.751889;-15.504556;4.916188;0.535843;-1.360758;2.160208
1.260912;12.742914;-15.427343;5.167553;1.026718;-1.521595;2.035401
-1.548261;12.144147;1.491042;2.774811;-0.585424;-1.109181;3.220082
-1.259920;12.441710;1.366115;2.492928;-1.611063;0.347924;3.165106
-1.691376;12.656399;1.442646;2.749042;-0.937285;-0.942580;3.146520
-1.837310;12.589346;1.691830;2.892816;-0.662125;-1.133400;3.107989
-1.819546;12.484728;1.788055;3.125235;-0.197767;-1.403677;2.698530
-1.629436;12.127402;1.426482;3.046165;-1.302742;0.683628;2.311043
-1.609189;12.026797;1.482859;2.959029;-1.017205;0.068876;2.649496
-1.566401;12.098350;1.481596;2.921752;-0.908402;-0.477836;3.198029
-1.614981;11.978264;1.697543;2.845749;-1.060811;-0.607894;3.436938
-1.577260;12.061727;1.733736;2.882124;-0.636970;-1.042943;3.377494
-1.794797;12.144493;1.546381;3.058560;-0.211559;-1.613891;3.193955
-1.714929;11.887286;1.508541;3.150487;-0.474685;-1.032453;2.952845
-1.750350;11.859368;1.544662;3.102532;-0.167186;-1.487243;2.914905
-1.309875;12.318248;1.638900;2.676663;-1.609160;0.252813;3.169061
-1.798483;12.360886;1.711745;2.994352;-1.002742;-0.506864;3.059947
-2.051523;12.291754;1.611796;3.398810;0.188795;-1.839412;2.333213
-1.779085;12.256299;1.497605;3.198480;-0.805185;-0.039771;2.363919
-1.770727;12.477887;1.474401;2.993114;-0.915535;-0.360053;2.937582
-1.643392;12.402115;1.658145;2.901432;-1.438276;0.256412;3.072864
1.154195;12.899331;-15.364634;5.522917;1.479588;-1.616408;1.639185
1.703142;9.770584;-15.417215;5.513859;1.725334;-3.167710;3.011273
-1.128409;8.727612;1.525873;3.438715;-0.515430;-1.948711;4.203189
-1.213186;8.681020;1.546835;3.478594;-0.457498;-1.913779;4.021152
-1.231436;8.785165;1.515886;3.373629;-0.614288;-2.400058;4.497281
-1.184966;8.679310;1.719082;3.232909;-1.190844;-1.430691;4.313876
-1.115050;8.593581;1.748683;3.340279;-1.083285;-1.130914;3.878515
-1.124925;8.607552;1.475264;3.409909;-0.921872;-1.646910;4.281248
-1.178566;8.567202;1.548170;3.453018;-0.336566;-2.502534;4.310998
-1.154865;8.581080;1.532915;3.378519;-0.480439;-2.013926;4.117616
-1.275208;8.619352;1.794811;3.387198;-0.271920;-2.346556;4.108738
-1.197152;8.635662;1.796736;3.288754;-0.310184;-2.385677;4.369729
-1.230621;8.956617;1.591066;3.293264;-0.301508;-2.711638;4.611472
-1.254958;8.958220;1.552976;3.420363;-0.315336;-2.353140;4.313548
-1.259286;8.946655;1.526785;3.474190;-0.573398;-1.999168;4.266365
-1.327626;8.923289;1.809243;3.386769;-0.480092;-2.125619;4.412846
-1.063596;9.097838;1.733650;3.314693;-1.374058;-0.900302;4.680764
-1.251174;9.130674;1.559089;3.544768;-0.582755;-2.060400;4.406121
-1.061778;9.063993;1.104725;3.356497;-0.757307;-1.985227;4.560036
-1.174080;9.031371;1.105479;3.391909;-0.633921;-1.809677;4.070924
-1.317959;9.055364;1.536197;3.434678;-0.378974;-2.179568;4.180638
-1.217595;8.926781;1.803511;3.407561;-0.215519;-2.207912;4.063915
-1.259983;8.784544;1.806042;3.403187;-0.192080;-2.292788;3.993817
-1.176712;8.991535;1.516645;3.236826;-0.723633;-1.765079;4.296378
-1.275887;8.983861;1.506349;3.504802;-0.660436;-1.874187;4.142892
-1.306643;9.042366;1.505613;3.451578;-0.665543;-1.978456;4.266730
-1.220907;9.066157;1.748913;3.365042;-0.866640;-1.582441;4.384112
-1.131274;9.136384;1.778410;3.351976;-0.856345;-1.399602;4.266369
-0.955058;9.155571;1.435158;3.081230;-1.597828;-0.903531;4.673543
-1.016103;8.982146;1.452030;3.262822;-1.248804;-0.908450;4.268273
-1.217890;9.195949;1.532296;3.417949;-0.437460;-2.072730;4.311960
-1.251468;9.213527;1.791701;3.308098;-0.219104;-2.408416;4.387771
-1.246337;9.156084;1.777476;3.196719;-0.724632;-2.142760;4.697004
-1.185377;9.158599;1.481929;3.202412;-1.317099;-1.568883;4.890473
-1.328552;9.256127;1.664356;3.635154;-0.011614;-2.852649;4.413790
-0.880461;9.577025;1.452692;3.127481;-1.348741;-1.187762;4.970153
-0.656271;9.777798;1.683499;3.121492;-2.119182;-0.267990;5.457452
-0.780001;9.784808;1.741525;3.444986;-1.614580;-0.870642;5.100452
-0.979388;9.667521;1.528748;3.642419;-1.332166;-1.267701;4.798720
-1.199791;9.570517;1.582992;3.869148;-0.849012;-1.950145;4.618504
-1.218622;9.665538;1.536762;3.739684;-1.130906;-1.553242;4.777210
-1.175609;9.890884;1.799128;3.645692;-1.196033;-1.507630;4.770075
-1.290946;9.788951;1.873766;3.986160;-0.698430;-1.977194;4.347301
-1.257486;9.816171;1.621883;3.898748;-0.578588;-2.064693;4.393062
-1.370566;9.813474;1.646349;3.926255;-0.266574;-2.502625;4.366728
-1.340605;9.594928;1.658642;4.010506;-0.571482;-2.013262;4.297279
-1.249192;9.639673;1.842623;3.803362;-0.563125;-2.093822;4.443115
-1.216385;9.663809;1.870237;3.764455;-0.282362;-2.329011;4.454808
-1.277101;9.618135;1.587066;3.953691;-0.475170;-2.138997;4.346243
-0.925364;9.415551;1.827915;4.131520;1.075749;-1.643524;4.674845
-0.845498;9.433433;1.787876;3.999765;0.805445;-1.468871;4.880447
-1.132824;9.636112;1.866235;3.716613;-0.434226;-2.149291;4.858462
-1.118922;9.652651;1.871087;3.793951;-0.667758;-1.984965;4.861239
-1.073796;9.807536;1.586806;3.677472;-1.095191;-1.818387;5.384300
-0.942467;9.915189;1.581847;3.629082;-1.109566;-1.785715;5.450388
-1.115973;9.822574;1.636283;3.984228;-0.900004;-2.038435;5.040465
-1.111137;9.581872;1.842465;3.811754;-1.148177;-1.578102;4.905086
-0.974946;9.539559;1.775019;3.657377;-1.771751;-1.021379;5.180141
-0.937829;9.687454;1.549124;3.746643;-1.373665;-1.516577;5.178619
-0.798717;9.543116;1.424204;3.275317;-2.436605;-0.464707;5.348339
-1.119793;9.514598;1.528874;3.555448;-1.085490;-1.612272;4.487406
-1.118019;9.633249;1.757959;3.506059;-1.226709;-1.586280;5.072836
-1.124733;9.623695;1.787957;3.497412;-1.195666;-1.468869;4.993409
0.289916;10.205951;-6.421618;4.341034;-0.162189;-1.950864;4.335325
-1.745926;3.071302;0.721122;-2.237570;1.448945;-1.732755;-1.283615
-1.834900;3.281306;0.519651;-2.172047;1.668222;-2.315099;-0.955781
-1.785457;3.336720;0.459445;-2.339620;1.608375;-2.579304;-0.639376
-1.893633;3.093387;0.501695;-2.081183;1.377335;-2.180749;-1.035805
-1.737606;3.009805;0.685094;-2.282352;0.736225;-0.830536;-1.122812
-1.421230;2.751862;0.537153;-2.381921;-0.547855;1.260394;-1.456471
-1.682882;2.938026;0.424533;-2.171664;0.283440;-0.336484;-1.188017
-1.312182;2.988201;0.072040;-2.707184;-0.764576;1.349333;-0.711257
-1.549005;3.020613;0.157986;-2.560377;0.852448;-0.993091;-0.612656
-1.812841;2.974864;0.627337;-2.347971;1.094438;-1.600146;-1.123410
-1.652939;3.004803;0.587969;-2.485017;1.158223;-1.132971;-1.222572
-1.657273;2.891121;0.333120;-2.189423;0.779797;-0.849597;-1.078344
-1.690198;2.975633;0.358568;-2.268724;0.667860;-0.925025;-1.189520
-1.689685;3.062662;0.340120;-2.330377;0.899043;-1.252447;-1.113930
-1.700414;2.954753;0.589912;-2.406554;0.141457;-0.138584;-1.059271
-1.709350;3.105787;0.666209;-2.309642;1.219269;-1.849001;-1.040225
-1.827038;2.996604;0.541306;-2.007192;1.658468;-2.406477;-1.305176
-1.740507;3.158079;0.463813;-2.317348;1.307288;-2.148597;-0.562372
-1.811056;3.182385;0.437462;-2.324512;1.159736;-2.163123;-0.491645
-1.704110;2.986798;0.642549;-2.331570;0.820521;-1.124220;-0.827990
-1.679757;3.019849;0.756795;-2.245416;1.218928;-1.265942;-1.116533
-1.731327;2.933134;0.439903;-2.176093;0.604144;-0.563814;-1.289768
-1.705488;3.000752;0.414526;-2.190322;1.054694;-1.185551;-1.315913
-1.579792;2.979931;0.304647;-2.372083;0.638788;-0.901201;-0.954737
-1.704326;3.139836;0.552342;-2.567936;0.815012;-1.179439;-1.004747
-1.420391;3.140655;0.243766;-2.985510;0.464347;-0.027049;-0.671294
-1.307358;3.055413;-0.175196;-2.960479;0.149607;0.864859;-0.999203
-1.338580;2.805861;0.002729;-2.701555;-0.951643;1.795578;-1.009559
-1.490025;2.929046;0.162296;-2.669831;-0.335155;0.585088;-0.825896
-1.656998;3.087843;0.526774;-2.659326;0.916660;-1.056487;-0.919550
-1.775596;3.027143;0.567485;-2.504712;1.098082;-1.506991;-0.991431
-1.728327;2.821366;0.369032;-2.168925;1.079340;-1.223464;-1.363073
-1.649233;3.037551;0.344212;-2.504133;0.992509;-1.359372;-0.926096
-1.259546;2.822079;-0.165365;-2.916630;0.000919;1.151237;-1.096853
-0.709290;3.021959;-0.502018;-3.878777;0.487214;1.936451;0.313747
-0.633388;3.209368;-0.696843;-4.223677;0.988947;1.757625;0.525817
-0.756180;2.725607;-0.773218;-3.437818;0.301472;2.480185;-0.293723
-1.116581;2.757933;0.106155;-2.733415;-0.435683;1.406800;-1.004490
-1.528968;2.938205;0.535805;-2.243190;2.120689;-1.971383;-1.128429
-1.719667;2.896316;0.654728;-2.489220;0.956970;-1.300771;-0.737639
-1.578971;2.730575;0.544776;-2.546290;0.741797;-0.616083;-1.234198
-1.756194;2.865930;0.400269;-2.315839;1.127111;-1.764916;-0.965858
-1.718311;3.000076;0.328736;-2.534943;0.972767;-1.955476;-0.563734
-1.716417;3.038242;0.378921;-2.480266;1.147572;-2.036674;-0.684451
-1.470752;2.756305;0.553640;-2.676486;0.309340;-0.181744;-0.861613
-1.577020;2.909232;0.643472;-2.573330;0.802205;-1.385810;-0.582090
-1.733336;2.972808;0.406687;-2.366744;0.957506;-1.761526;-0.745924
-1.815475;2.791502;0.453551;-2.122330;1.039996;-1.791396;-1.069196
-1.823726;2.747195;0.492786;-2.024058;1.000802;-1.501184;-1.251343
-1.092520;2.903927;0.864515;-2.355131;2.761516;0.134424;-0.619775
3.621955;5.360286;-0.297395;-4.490270;0.986789;5.596525;2.326939
5.738419;6.632605;-8.949800;-2.220011;-0.155707;5.510857;2.172582
-0.001850;3.140488;-7.707867;-0.083283;1.765803;-2.588579;-0.151304
-1.462338;2.456634;0.611548;-1.726897;0.921207;-2.116117;0.116011
-1.638172;2.455394;0.926998;-1.684254;1.171046;-2.658017;0.111731
-1.593130;2.320475;0.878502;-1.698231;0.934341;-2.144123;-0.036914
-1.370834;2.305910;0.578722;-1.859302;0.330316;-1.245700;0.297370
-1.112835;2.411425;0.432519;-2.240368;-0.627236;-0.296087;0.552163
-1.335452;2.060787;0.482678;-2.092041;0.054791;-0.966018;-0.054839
-1.315507;2.343527;0.764180;-2.234284;0.742590;-2.387851;0.756444
-1.175601;2.190718;0.682052;-2.153747;-0.215221;-1.321857;0.945817
-1.058664;2.311452;0.394934;-2.260475;-0.455056;-1.318253;1.341616
-1.203844;2.161953;0.461114;-2.240714;0.339517;-1.682893;0.530554
-1.254160;1.773552;0.401091;-2.078458;0.048065;-0.799789;0.047834
-1.295151;1.826908;0.687232;-2.165887;0.035039;-0.822236;0.112855
-0.960771;2.217824;0.599822;-2.496641;-0.721119;-0.643161;1.064953
-0.849190;2.560459;0.370381;-2.340100;-0.905436;-0.589229;1.599896
-1.098095;2.339897;0.476223;-1.991128;-0.144193;-0.912492;0.841292
-1.438364;2.296231;0.616300;-1.756464;0.873682;-2.156530;0.379693
-1.544683;2.161167;0.778190;-1.843230;0.418743;-2.074589;0.410910
-1.486493;2.353417;0.866823;-1.838681;1.201129;-2.661417;0.172466
-1.516117;2.171490;0.605721;-1.719077;0.820426;-1.683699;-0.070871
-1.452738;2.142074;0.565717;-1.857827;0.714147;-1.875378;0.011272
-1.485407;2.041604;0.623937;-1.519772;0.797669;-2.098281;0.140051
1.498316;3.722498;-16.659675;1.867893;2.759029;-3.191324;-0.723790
-0.342494;5.872910;-7.779136;0.023542;1.117037;-0.295234;-1.859958
-1.710464;5.385965;0.573901;-1.681117;0.555727;-0.860150;-0.759124
-1.573273;5.216998;0.819256;-1.505720;0.326928;-0.249041;-0.739764
-1.672518;5.247492;0.878293;-1.323363;0.675679;-0.687998;-0.710652
-1.671081;5.562645;0.628509;-1.488571;0.615021;-1.023487;-0.424727
-1.891839;5.278156;0.753319;-1.137735;1.149949;-1.729826;-0.502825
-1.755722;5.281265;0.671147;-1.229002;0.715129;-0.905598;-0.574399
-1.808920;5.173940;0.965417;-1.205576;0.812234;-1.177509;-0.621626
-1.803961;5.102412;0.933599;-1.223072;0.749665;-1.492941;-0.369376
-1.822232;5.265904;0.713551;-1.193582;0.635780;-1.468495;-0.280202
-1.734581;5.298651;0.592424;-1.510286;0.050699;-0.604002;-0.286495
-1.739412;5.282971;0.613262;-1.417990;0.190727;-0.328592;-0.854915
-1.788173;5.364933;0.890277;-1.467381;0.500233;-0.967211;-0.534179
-1.848593;5.136834;0.923065;-1.231914;0.415615;-0.780727;-0.818702
-1.693918;5.194525;0.601219;-1.322817;0.330319;-0.774902;-0.484913
-1.787784;5.243127;0.673479;-1.144806;0.841444;-1.433123;-0.716434
-1.761772;5.279258;0.645554;-1.275485;0.461979;-0.977720;-0.610315
-1.959367;5.066356;0.991244;-1.297397;0.851050;-1.502867;-0.604219
-1.934077;5.022809;1.002595;-1.165130;1.290627;-1.812005;-1.011879
-1.848697;4.965254;0.673611;-1.229594;0.472366;-0.820944;-0.882338
-1.841835;5.222577;0.674095;-1.341646;0.890251;-1.667854;-0.453561
-1.626472;5.071272;0.517109;-1.493798;-0.374434;0.526294;-0.670294
1.425709;6.468080;-16.661108;1.937121;2.535229;-1.593141;-1.440471
-0.555548;6.304272;-7.627979;0.145398;2.316082;-2.137573;-1.644560
-2.083828;5.692631;0.755039;-1.306016;1.505081;-1.800497;-1.365754
-2.072183;5.599146;0.990984;-1.264249;1.443421;-1.326478;-1.755617
-2.014205;5.676320;0.855904;-1.603248;0.980449;-1.069320;-1.448548
-1.900568;5.898431;0.626777;-1.637769;0.778284;-0.661693;-1.370650
-2.106675;5.876001;0.689217;-1.401496;1.362949;-1.876768;-1.366564
-2.037511;5.723331;0.655785;-1.449086;1.156916;-1.287474;-1.268133
-1.963529;5.617125;0.909475;-1.420472;1.314205;-0.629762;-1.621331
-1.898395;5.545716;1.009997;-1.209721;1.656858;-0.644518;-1.608620
-1.767676;5.871351;0.555967;-1.785693;0.076549;0.021472;-0.866762
-1.735886;5.688164;0.561129;-1.647692;0.190568;-0.344650;-0.832305
-1.761284;5.687161;0.577434;-1.734122;0.604779;-0.837692;-0.893527
-1.962999;5.444757;0.895979;-1.523247;0.820988;-1.251608;-0.966597
-1.919981;5.457882;0.829104;-1.780026;0.556717;-0.965710;-0.774625
-1.865153;5.681520;0.549993;-1.887912;0.366437;-0.884149;-0.490963
-1.720145;5.529135;0.503355;-1.907054;-0.341065;0.878757;-1.160898
-1.977576;5.625822;0.652260;-1.534020;1.358830;-1.623037;-1.305311
-2.042408;5.760939;0.914662;-1.663552;1.331607;-1.875160;-1.212291
-1.955841;5.646844;0.875910;-1.694209;0.808971;-1.143461;-1.127629
-2.037222;5.696608;0.703881;-1.432195;1.441168;-1.832556;-1.176146
-1.910769;5.836018;0.652330;-1.609685;1.424298;-1.733073;-1.126191
-1.939388;5.971152;0.662535;-1.607201;0.924619;-1.428821;-0.893052
-1.953135;5.885462;0.923980;-1.665908;1.018905;-1.541095;-1.008520
-1.924020;5.553755;0.858168;-1.618228;0.709599;-0.811061;-1.172407
-0.557209;6.106314;-7.674158;-0.032520;1.909843;-1.686740;-1.829243
0.883320;8.774316;-16.138500;1.968683;2.223058;-1.055184;-1.617002
-2.057128;7.836847;0.867915;-1.491914;0.421096;-0.295556;-1.022273
-2.066301;7.843693;0.629453;-1.517348;0.827264;-0.767360;-1.285347
-2.106414;7.873536;0.704876;-1.334304;0.643593;-0.457193;-1.341839
-2.023059;7.736117;0.726131;-1.301691;1.243133;-0.639197;-1.555375
-2.061764;7.712687;1.056657;-1.159159;1.451420;-0.727806;-1.772048
-2.164629;7.997424;0.904662;-1.284131;0.426200;-0.266785;-1.144013
-2.061303;8.205524;0.697479;-1.244136;1.172600;-1.043357;-1.259778
-2.169880;7.929315;0.900760;-0.732294;2.132403;-1.546341;-1.709139
-2.102898;8.182334;0.706776;-0.994999;0.197252;0.674129;-1.803642
-1.984360;8.175022;0.888220;-1.326432;-0.033658;1.307655;-1.772906
-1.592177;8.038398;0.806751;-1.515367;-0.882848;2.580660;-1.395008
-2.142251;7.951875;0.812528;-0.949757;0.896126;-0.915284;-1.109603
-2.141194;8.015254;0.859135;-0.900298;1.681350;-1.551787;-1.247206
-2.094360;8.001437;0.860989;-1.030856;1.716173;-1.670927;-0.910631
-1.940637;7.772711;0.895231;-1.362241;-0.115745;1.057119;-1.424340
-2.031702;7.974370;0.886309;-1.541960;0.039769;0.546094;-0.950188
-1.699212;8.372903;0.652726;-1.408604;-0.142492;0.929181;-0.869636
-1.889418;8.469344;0.787775;-1.093947;0.364822;0.189509;-0.929925
-1.705108;8.517692;0.731475;-1.332539;0.731376;0.112063;-0.569853
1.248970;9.503909;-16.095589;1.812947;2.644741;-0.346719;-0.932742
-0.315140;11.035963;-7.598145;1.461934;0.499603;1.602834;-2.078248
-0.588276;10.581072;-0.483607;-1.457657;-2.805409;6.282743;-1.389234
-0.688759;10.578794;-0.541108;-2.075852;-1.835736;6.401236;-1.011337
1.080534;10.309174;0.884369;-0.456026;-0.259317;5.157694;-1.577247
0.496578;9.924768;1.492498;1.219060;0.898619;3.199340;-2.686704
0.086862;9.678699;1.257960;1.176932;0.840961;2.057396;-1.310163
-0.154547;9.649550;1.080185;0.936279;0.126483;2.686339;-0.960366
-1.074800;10.069471;0.904137;-0.069943;-1.381718;3.144382;-1.222756
-0.290628;10.438598;-0.489188;-2.264084;-2.565124;6.798339;-0.865024
-1.627081;10.387354;-0.224005;-1.885477;-0.581907;3.617824;-1.044406
-2.519717;10.310178;0.628283;-0.773066;0.844390;0.594691;-2.174060
-2.447973;10.277898;0.591570;-0.872736;0.203747;1.454491;-2.289891
-2.533087;10.176408;0.787339;-1.065301;0.538623;0.462195;-1.856039
-2.015678;10.391168;0.674654;-1.347295;0.629631;0.893148;-1.558128
-2.238210;10.707390;0.722813;-1.115654;0.905875;0.524345;-1.725575
-2.326264;10.492436;0.615856;-0.866094;1.135468;0.498254;-1.625023
-2.300991;10.641148;0.654478;-1.032089;1.281855;0.363262;-1.716078
-2.565749;10.414322;0.873326;-0.994838;0.723028;0.172082;-1.754022
-2.722958;10.329511;0.980273;-0.667946;1.729386;-0.986301;-2.340350
-2.607897;10.363588;0.679870;-0.773323;1.362833;-0.596935;-2.261378
-2.482364;10.424242;0.688641;-0.876014;1.194087;-0.367693;-1.942052
-2.031116;10.397568;0.429884;-1.251683;0.805089;2.134777;-2.003550
1.133917;11.256391;-16.220425;2.005596;2.063487;1.631873;-1.878225
-0.828337;10.789258;-7.536495;0.927491;1.799822;-0.328197;-1.938128
-2.267784;10.692800;0.693169;-0.740876;0.526665;0.514816;-1.713672
-2.239640;10.792089;0.968652;-0.616515;0.270762;1.255741;-1.965727
-2.585973;10.874646;1.018732;-0.520364;0.905694;-0.291176;-1.691053
-2.706896;10.840449;0.880499;-0.268799;1.435966;-0.990232;-1.939502
-2.636068;10.953388;0.885765;-0.354259;1.617300;-1.043735;-1.953965
-2.578833;10.934521;0.849684;-0.489059;1.422984;-0.733558;-1.886878
-2.542350;10.965852;1.009112;-0.743470;1.295324;-0.411963;-1.938025
-2.379434;10.830488;0.914021;-0.828916;0.143121;1.128294;-1.866585
-2.208705;10.638306;0.592270;-0.966041;-0.454455;1.711277;-1.620199
-2.298497;10.434929;0.953188;-0.924053;0.560191;0.402451;-1.529338
-2.176378;10.291298;0.792247;-1.294011;-0.610139;2.144448;-1.513095
-2.014975;10.529822;0.532007;-1.159259;-0.907153;3.247572;-2.240158
-2.314516;10.834366;0.902928;-0.891434;0.470120;0.302033;-1.408436
-2.344485;10.813349;1.023436;-0.519836;0.724041;0.407773;-1.647864
-2.381841;10.974362;0.710481;-0.599473;0.128845;1.141393;-1.863159
-2.405904;10.867896;0.831879;-0.456376;1.205575;-0.046396;-2.086866
-2.101937;10.769480;0.580581;-0.702885;-0.794837;2.875467;-2.200997
-1.563829;11.118715;0.954879;-0.547290;-0.010892;3.632996;-1.410090
-1.448670;11.499055;0.931766;-0.431019;-0.342399;3.560712;-1.020856
-1.671072;11.608993;0.553331;-0.616237;-1.662956;3.999532;-1.627241
-2.283986;11.311032;0.695126;-0.509486;-0.216241;1.075110;-1.268553
-2.293401;10.992643;0.823153;-0.149861;0.427336;0.853038;-1.584845
-2.131475;11.115372;0.981257;-0.821677;0.303540;0.294806;-0.720973
-1.782145;11.171941;0.794738;-1.479464;-0.971219;1.517799;-0.136257
-2.279630;10.421817;0.672626;-0.862100;-0.010331;1.084482;-1.487037
-2.512523;10.313983;0.777476;-0.423862;0.791158;-0.336709;-1.489897
-2.249273;10.641966;0.683577;-0.691661;0.036526;0.925213;-1.517238
-2.185911;10.707406;0.984966;-0.690923;0.687673;-0.030224;-0.858367
-1.595728;10.917586;1.035597;-0.801211;0.222693;1.812552;-0.968390
-1.729774;11.090881;0.955572;-0.589671;1.145454;1.450500;-1.210161
-2.038766;10.857344;0.668668;-0.572164;-0.710175;2.047421;-1.281105
-2.098015;10.872295;0.677309;-0.595772;-0.356395;1.796885;-1.361138
-2.380497;10.986606;1.003410;-0.502072;0.400052;0.199886;-1.006117
-2.186188;10.929598;0.949369;-0.701081;0.127969;0.431756;-0.916082
-2.343988;10.573662;0.759869;-0.553125;0.491531;0.519699;-1.536969
-2.435326;10.667462;0.872784;-0.475803;1.158732;-0.088872;-1.788785
-2.428981;10.551288;0.861374;-0.439267;1.172272;-0.247240;-1.697955
-2.480529;10.427809;1.129013;-0.205097;1.258503;-0.441324;-1.582052
-2.545012;10.576415;1.094415;-0.339668;1.292484;-0.641580;-1.839582
-2.137755;10.728552;0.689508;-0.768977;0.193276;0.656518;-1.108623
-1.944500;10.406999;0.565830;-1.077980;-0.707844;1.471550;-0.762225
-1.669874;10.791368;0.524959;-1.237852;-1.121053;1.850483;-0.489625
-2.121363;11.026737;0.892814;-0.880366;-0.626198;1.328276;-0.633616
-1.952542;11.140400;1.161549;-0.586011;1.040404;1.733717;-0.498765
-1.812833;11.389301;1.124506;-0.554677;2.727367;0.612761;-0.333324
-2.491929;10.772650;0.940687;-0.244372;1.112953;-1.016320;-1.004364
-2.407195;10.682691;0.893931;-0.322559;0.770195;-0.435705;-1.188556
-2.467444;10.580161;1.090813;-0.337119;0.578115;-0.308108;-1.081972
-2.287616;10.757438;0.994780;-0.495643;-0.023072;0.646808;-0.892320
-2.553521;10.797137;0.945609;0.014137;1.251411;-1.236167;-1.097650
-2.449438;10.978161;0.841516;-0.378305;0.871924;-0.823974;-0.944597
0.271890;-3.357626;0.647763;-0.901036;-1.497516;2.187244;-0.735107
0.071265;-3.134774;0.641259;-0.308955;-0.051110;1.200849;-1.037627
-0.574419;-2.805219;0.710531;-0.104938;0.355668;-0.642267;-0.361443
-0.252754;-3.145906;0.682456;0.327576;-0.201677;0.578269;-0.648127
-0.150291;-3.012591;0.886722;0.110546;-0.741588;0.421221;-0.092250
-0.277359;-2.998519;0.843287;-0.143380;-1.067288;-0.163406;0.264379
-0.229746;-3.107200;0.516982;-0.323677;-0.901800;0.244604;0.381889
2.025379;-3.926369;1.353029;-0.153141;4.517410;2.150192;-1.729055
26.511306;-3.550897;6.924386;-1.058412;14.464326;1.778793;0.191934
33.757679;-3.316241;7.259243;-2.502375;12.002317;1.732062;2.202923
16.245831;-2.747411;4.232460;-1.884573;11.416183;3.428741;1.376370
7.051226;-1.910441;1.643043;-1.190636;2.141258;1.746764;1.209237
4.823951;-2.744214;1.311099;-0.942115;0.831604;1.372082;1.538170
17.617573;-3.829815;5.707790;-3.005068;19.525041;2.557587;-2.858244
17.449693;-4.099663;5.826199;-3.635487;16.554895;1.721770;-2.668234
7.738230;-4.291021;3.814753;-2.155529;14.871788;3.777582;-1.710507
-0.314170;-3.391704;0.470339;-0.408477;-1.331406;0.743107;-0.139593
-0.411072;-3.145079;0.587021;-0.170088;-0.573192;-0.325243;-0.120455
-0.293498;-3.088304;0.574449;-0.073248;-0.695000;0.799427;-0.364734
-0.449847;-2.924215;0.798843;-0.100980;-1.173093;0.687977;-0.148145
0.102802;-2.893845;0.838619;-0.229599;-1.475920;1.240944;-0.190386
0.287639;-3.261262;0.561442;-0.379821;-1.318982;1.073897;-0.557073
-0.115468;-3.334592;0.435223;-0.734008;-0.900527;0.193806;-0.099865
0.787791;-3.539070;0.076490;-1.805389;-2.768426;3.466266;-0.340303
0.320451;-3.808292;0.117540;-2.702837;-2.710224;2.479055;0.352462
-0.177574;-3.936582;0.279370;-2.483902;-1.366708;1.073962;0.210820
-0.416609;-3.779608;0.390407;-1.517604;0.523337;-0.269928;-0.562424
0.677298;-3.505730;0.089264;-1.730166;-3.046165;3.235646;-0.148149
0.053330;-3.076316;0.332381;-1.015448;-2.238302;1.678547;0.181925
-0.549139;-2.798819;0.791236;-0.687578;-0.536149;-1.086386;0.486341
-0.712536;-3.037054;0.764833;-0.574348;-0.182218;-0.843683;-0.112995
-0.493454;-3.207468;0.447504;-0.776733;-0.675035;0.123976;0.070906
-0.561150;-3.156783;0.473244;-0.750479;-0.068312;-0.469930;-0.121911
-0.511968;-3.196045;0.337347;-1.003021;-1.263226;0.531191;0.032679
-0.565342;-3.243702;0.664797;-1.070328;-0.564050;0.013782;-0.214230
-0.330816;-3.226169;0.639012;-1.126864;-0.594628;0.258502;-0.125696
-0.087837;-3.092011;0.341545;-1.084908;-1.781607;1.240593;0.026358
-0.557276;-2.893893;0.546458;-0.561729;-0.437516;-0.125519;-0.509166
-0.799070;-2.683812;0.524934;-0.473111;-0.370996;-0.642412;-0.163159
-0.836447;-2.817218;0.794314;-0.459800;-0.391578;-0.665338;0.019581
-0.902699;-2.730259;0.868414;-0.488675;0.175181;-1.585295;-0.157716
-0.672090;-2.869335;0.597115;-0.259969;-0.387239;-0.483924;-0.136675
-0.293952;-2.734033;0.508423;-0.406777;-1.304087;0.669978;0.163120
-0.365820;-2.576747;0.606778;-0.149588;-1.012990;0.145044;0.016307
-0.127538;-2.608031;0.858221;-0.324333;-1.197391;0.683830;-0.081772
0.803179;-2.959837;0.517200;-1.183979;-3.131669;3.070455;-0.020326
-0.403954;-3.332308;0.426249;-0.995507;-0.495697;0.514526;-0.423377
-0.791390;-3.481193;0.449474;-0.794902;0.024816;-1.056868;-0.281355
-0.770929;-3.397094;0.486498;-0.759139;0.437703;-1.577420;-0.165391
-0.872374;-3.175936;0.720983;-1.126970;0.253964;-1.727890;0.021338
-0.718254;-3.335022;0.562507;-1.248713;-0.980074;-0.010707;-0.016112
-0.720772;-3.191854;0.456396;-0.909378;0.209490;-1.093245;-0.363387
-0.783628;-3.171753;0.467795;-0.849704;-0.252704;-0.429846;-0.483615
0.173860;-2.981204;0.438589;-0.916129;-0.991300;1.211220;-0.209908
0.440766;-3.068166;0.794887;-0.752799;-0.805530;1.099399;-0.169039
0.147861;-3.562772;0.489225;-1.078726;-2.295178;2.344288;-0.292874
1.002661;-2.707864;-8.174161;0.943529;0.832207;-0.593283;-0.550176
2.394239;-1.968657;-16.906464;0.308816;1.504943;-2.155758;0.302511
0.111996;-3.906408;-0.164659;-3.404535;-1.396425;0.575726;1.023390
2.359065;-3.367900;-1.566118;-5.061854;-4.033863;5.131670;2.487767
1.202214;-3.285278;-1.515293;-5.013725;-2.275238;4.014433;2.308563
1.255723;-3.393038;-1.761941;-5.732062;-2.172173;4.649355;3.104293
0.753538;-3.574800;-1.127310;-5.157505;-2.070841;3.182052;2.393401
0.545215;-3.593150;-0.688262;-4.270196;-2.081747;1.568917;2.127618
1.235869;-3.700019;-0.432059;-3.814249;-3.435476;1.834833;2.774558
0.376407;-3.702804;0.026220;-3.113878;-2.112963;-0.427259;2.956501
0.155647;-3.760621;0.335286;-3.044625;-1.539441;-0.934384;2.828856
0.819525;-3.726612;-0.029396;-3.578455;-2.907121;0.983699;2.717076
1.510047;-3.540337;-1.256661;-4.845338;-3.345204;4.004478;2.636277
1.118487;-3.303447;-1.928770;-5.760403;-1.633879;3.878981;3.354515
1.037448;-3.229342;-1.554581;-5.628196;-1.735704;3.502655;2.947557
0.873538;-3.417073;-1.165388;-5.475576;-2.067652;4.020955;2.395384
0.882529;-3.543102;-0.963765;-5.225799;-2.379017;3.779637;2.378246
1.036453;-3.483706;-1.761484;-5.309232;-1.667224;3.142084;2.655249
0.079657;-3.689296;-0.342605;-3.740304;-1.419709;1.084621;1.009788
-0.102854;-3.811113;-0.207352;-3.457640;-1.380808;0.636758;0.733792
0.097787;-3.695419;-0.144524;-3.959182;-1.234854;0.500660;1.522471
0.487863;-3.526531;-0.589710;-4.632044;-1.952486;2.040355;2.234732
0.361826;-3.392800;-0.909314;-4.536078;-1.781232;2.156109;1.814723
1.534204;-2.543927;-8.985911;-2.270599;0.324248;0.909367;0.351918
4.502159;-1.916841;-17.514027;-0.877311;-0.202969;1.672622;1.145076
1.231718;-4.035559;-0.423535;-3.942217;-1.386651;1.139225;1.834493
1.007765;-3.764842;-0.300032;-3.702070;-2.363302;0.690100;2.470424
0.770594;-3.774928;-0.054621;-3.227677;-2.719578;0.548980;2.592373
0.672813;-3.786033;0.146224;-3.517721;-2.614350;0.608203;2.417089
-0.164074;-3.791129;0.249107;-3.340462;-1.618396;-0.245018;1.435314
-0.262628;-3.736729;-0.051317;-3.379012;-1.192017;-0.379278;1.226471
-0.518901;-3.670283;0.004171;-3.295814;-0.364665;-1.369421;0.930372
0.115875;-3.490288;-0.121715;-3.556728;-1.268376;-0.205679;1.609408
1.106508;-3.091392;0.206737;-3.586234;-1.417882;0.991448;1.588543
0.848723;-3.060708;0.335591;-3.307837;-0.854268;0.568665;1.387585
0.155403;-3.396176;0.017388;-3.266900;-1.643901;-0.184679;1.754374
-0.007284;-3.532015;-0.000911;-3.234275;-1.543531;-0.338491;1.464901
0.316368;-3.318713;-0.447592;-3.441999;-1.652818;-0.027273;1.503019
-0.083530;-3.138622;-0.009897;-3.451669;-1.382012;-0.417103;1.285976
-0.227809;-3.128439;0.216201;-3.480016;-1.038545;-0.631712;1.080709
-0.032135;-3.405434;-0.187579;-3.486489;-1.129369;0.419055;0.919184
0.561591;-3.646912;-0.600761;-4.046855;-1.615297;2.145221;1.046112
0.890117;-3.682427;-1.003516;-4.597637;-2.237266;3.396368;1.563198
0.766173;-3.774565;-0.761728;-4.662727;-2.307581;3.608288;1.409520
0.554697;-3.757279;-0.638773;-4.455917;-2.236400;3.417247;0.951282
0.224388;-3.681114;-0.503340;-3.953339;-1.657581;2.209737;0.657685
1.657302;-2.654291;-8.667113;-2.117113;-0.638691;1.241501;0.356105
3.261719;-0.540448;-7.707155;0.793061;-1.727569;3.026221;-1.398574
1.401480;-1.714211;0.965435;-0.804903;-1.476463;2.817357;-1.251507
0.346297;-1.631111;0.732556;-1.420556;-2.060215;1.771220;-0.056593
0.650810;-1.527416;0.421182;-1.540433;-2.462845;2.264473;-0.152767
1.877300;-1.711293;0.103639;-2.594417;-3.210246;3.681745;0.308617
2.063026;-1.772065;-0.073579;-2.942569;-3.008997;3.448296;0.702679
1.409476;-1.933227;0.131382;-3.026179;-2.566351;3.365310;0.377754
-0.125039;-2.156092;0.356832;-2.866317;-2.159860;1.415607;0.322790
-0.210377;-2.251135;0.132796;-2.737636;-1.967989;1.404898;-0.018185
-0.286460;-2.012740;0.120618;-2.917908;-1.590714;0.655159;0.314840
1.238169;-1.416855;-0.060052;-2.797578;-3.912096;4.352178;-0.243400
0.505995;-1.219940;0.717811;-1.477761;-2.428804;2.344390;-0.355092
0.320901;-1.354768;0.820647;-0.979611;-2.015760;1.770461;-0.337464
0.227799;-1.092786;0.582669;-0.964050;-2.040762;1.675752;-0.190228
0.369540;-1.184976;0.515937;-1.177411;-2.365794;2.515618;-0.278448
0.372992;-1.706051;0.443535;-1.406744;-2.236143;2.256873;-0.624604
1.990114;-2.142721;0.023945;-2.926551;-3.786069;4.548617;0.282804
1.149950;-2.577585;-0.233380;-3.651256;-3.007296;3.020481;1.102245
0.077575;-2.700155;-0.045751;-3.084276;-1.514530;0.820072;0.503314
1.368323;-2.366769;-0.331824;-3.109471;-3.621558;4.638044;0.055201
2.785913;-1.750298;0.136334;-2.755606;-2.513617;4.013523;-0.078208
16.030105;-1.513426;1.987535;-5.538001;-4.218442;5.132534;3.131794
22.365006;0.286235;-13.383346;-1.443693;-5.441389;-0.105581;1.499451
3.201215;0.663911;-9.373813;-2.713907;-2.235497;4.932419;0.994085
1.799822;-0.151041;-1.498563;-5.333040;-2.697938;6.024474;2.234469
1.260111;-0.268721;-0.696404;-4.341097;-2.571474;3.874368;1.416776
1.213992;-0.815096;-0.745896;-4.073705;-2.992316;4.572605;0.871875
1.512347;-0.797376;-0.533428;-3.796750;-2.376453;3.841619;0.906348
2.000964;-0.691872;-0.577609;-3.776889;-2.620577;4.138094;1.009863
3.728640;0.383658;-0.464430;-4.390553;-4.345515;6.020716;1.212505
3.851999;0.792925;-0.666951;-4.575155;-3.942080;5.991586;1.360895
4.869865;-0.341585;-1.036132;-4.892687;-5.294384;6.180716;2.125278
3.432065;-1.798682;-0.041256;-3.416683;-4.008390;2.396175;2.962062
4.111115;-1.887663;-0.787997;-4.391726;-4.701634;3.840809;3.530401
2.613215;-1.666340;-1.104555;-4.925165;-3.360528;5.869535;1.883083
1.259594;-1.255488;0.115551;-3.462155;-1.972090;2.875625;0.548826
0.706114;-0.612849;-0.088315;-3.152383;-2.753290;3.359232;0.110541
0.088885;-0.628308;0.148533;-2.577343;-2.171777;2.167218;-0.282993
0.843083;-1.017520;-0.290701;-3.533869;-3.197765;4.036460;-0.068873
1.284620;-1.366036;-0.271840;-3.450435;-3.666945;4.277792;0.729164
0.692617;-1.294248;0.449963;-2.410888;-2.748682;2.385964;0.185157
1.076939;-0.902719;0.361583;-2.128109;-2.407344;1.954778;0.079317
1.209042;-0.680125;0.265235;-2.204682;-2.808772;2.657413;-0.025191
1.094926;-0.618110;0.161235;-2.514035;-2.715369;2.723986;0.166743
32.480216;-0.181592;6.383034;-1.923136;6.940037;5.975818;3.675329
51.189209;2.248558;-8.604628;1.443153;-0.180616;3.878468;2.042576
2.397108;0.348862;-7.736577;1.787648;-2.454766;3.721263;-1.382730
0.248805;-0.487766;0.910790;-0.074582;-2.195183;3.479574;-1.407698
0.028289;-0.535440;0.904601;-0.529617;-1.984264;2.189607;-0.796586
0.583401;-0.821484;0.682460;-0.618683;-2.425924;2.901255;-1.040587
0.925765;-1.145619;0.358702;-1.559003;-3.252170;3.424361;-0.511394
2.072878;-1.571971;-0.479482;-3.592586;-3.438855;4.716438;0.657718
2.360668;-1.883539;-1.103202;-4.908868;-3.843222;5.850225;1.855427
1.773557;-1.736762;-0.733088;-4.309408;-3.844569;5.111015;1.210407
1.483807;-1.597782;-0.664566;-3.992131;-3.329666;4.277461;1.239772
1.046824;-1.761790;-0.552584;-3.786779;-2.553651;2.977165;1.204416
1.005944;-1.870689;-0.246975;-3.112870;-2.921739;3.136974;0.399651
1.589527;-1.400006;0.337584;-2.409650;-3.378030;4.287895;-0.402553
1.447406;-1.047883;0.502881;-2.176956;-3.172036;3.572304;-0.402552
1.457602;-0.749099;-0.140916;-3.042588;-3.399442;3.599561;0.593474
0.949510;-0.636559;0.023266;-2.939020;-2.333723;3.385044;0.161255
-0.123436;-0.784278;0.401178;-1.685204;-2.172733;2.636600;-1.178020
0.161793;-0.958706;0.733283;-1.580207;-2.262535;2.752577;-1.021378
0.407963;-0.962986;0.612425;-1.920189;-2.414359;2.285477;-0.501245
1.508139;-1.085165;0.084192;-2.439162;-3.799206;4.100388;-0.229076
1.135561;-1.644885;-0.170341;-2.908192;-2.897546;3.756468;-0.134715
1.892927;-0.970882;0.165984;-2.931342;-2.440129;3.217055;-0.068530
2.926183;-0.498388;-0.564282;-4.210196;-2.869484;4.380305;1.476216
0.906400;-0.869773;0.060373;-3.673936;-1.896058;2.291704;1.394662
-0.221653;-1.010509;0.124189;-3.382054;-1.425580;-0.066471;1.202708
0.186671;-1.303329;-0.598666;-4.116499;-1.799945;1.643511;1.599831
1.338707;-1.571722;-1.494270;-4.719071;-1.343412;4.362839;1.870690
3.425716;-0.599068;-0.995652;-5.211264;-1.202139;3.987691;3.048317
6.996072;1.582963;-17.730834;-1.733457;-0.561787;3.120457;2.499514
3.045419;0.288386;-8.722915;-2.099170;-2.409834;3.403507;0.491857
2.979345;-0.242708;-0.831171;-4.600762;-4.274155;4.839256;2.414721
2.097708;-0.185357;-0.386300;-4.457750;-3.902613;3.842150;2.455099
2.328153;-0.751912;-0.560142;-4.273052;-4.193178;4.674767;1.670514
0.521298;-1.604920;0.152248;-3.077713;-2.396001;0.872933;1.517766
0.324656;-1.690047;0.877467;-3.074074;-2.178624;0.229973;1.936159
0.671104;-1.651350;0.887510;-2.956974;-2.514636;0.397691;2.711099
1.522487;-1.384444;0.131387;-3.077405;-3.174974;1.488207;2.400523
0.712422;-1.381038;0.272668;-2.914345;-2.068155;0.757108;1.466587
0.607165;-1.269853;0.210145;-2.931289;-2.748302;1.447065;1.501419
2.320012;-0.757132;-0.376658;-4.197435;-4.093898;4.974994;1.477415
1.778730;-0.236973;-0.915710;-4.890372;-3.616091;6.111250;1.467811
1.823233;-0.054773;-0.898708;-4.388174;-3.669283;4.689746;1.509731
1.317824;-0.234855;0.218257;-3.107918;-1.483964;1.205393;1.014592
2.225191;-0.346198;-0.871911;-4.442437;-2.503772;3.502400;2.033379
2.177981;-0.946888;-0.718562;-4.570206;-2.595332;4.386026;1.761323
2.127903;-1.156401;-0.994509;-4.765053;-2.546192;4.837001;1.925314
1.623104;-1.060234;-1.619392;-5.207572;-2.487016;4.543519;2.582128
0.282236;-1.274608;-0.131742;-3.443134;-1.659072;0.931184;1.498978
-0.047830;-0.888013;0.276631;-2.999856;-1.213331;0.581641;0.614075
0.675929;-0.773213;0.153207;-3.737723;-2.752284;2.878423;0.869612
-0.046216;-0.511125;0.328465;-3.490704;-1.004888;0.930284;0.372345
0.828484;-0.195428;-1.085009;-4.661279;-1.948890;3.592950;1.456591
0.826462;-0.275475;-1.254388;-4.762535;-1.726228;3.895865;1.560297
-0.316177;-0.523040;0.023963;-3.224005;-1.301322;1.199439;0.130466
-0.213975;-0.835590;0.280198;-3.172870;-1.242730;1.284125;-0.116224
0.815437;-0.859865;-0.797792;-4.575375;-2.243915;4.070975;1.192151
1.384417;-1.017736;-1.972774;-5.554053;-2.297656;6.018762;2.234492
1.095068;-1.165075;-1.807974;-5.536410;-1.817641;4.802565;2.480632
1.335969;-0.944414;-2.017441;-5.917405;-1.718892;5.125345;3.049831
1.127219;-0.872268;-1.675403;-5.980062;-1.553847;5.106051;2.816463
0.730450;-0.877989;-1.368435;-5.394584;-1.234372;4.380820;2.241254
0.230324;-0.576984;-1.021208;-4.782394;-0.949856;2.510234;1.623019
0.872414;-0.575219;-1.814621;-5.457124;-1.599488;4.534568;2.471698
0.109513;-0.537451;-0.786796;-4.476358;-1.093263;2.293841;1.375913
-0.034566;-0.517533;-0.432899;-4.412657;-0.825660;1.902507;1.188531
1.043868;-0.442239;-0.886596;-4.695270;-2.097980;3.911640;1.936631
1.136073;-0.351343;-0.462118;-3.922586;-3.114066;3.080630;1.468199
0.907822;-0.423928;-0.792751;-4.290534;-2.327811;3.303124;1.419214
-0.170971;-0.694594;-0.410241;-3.926274;-1.565297;1.929754;0.980376
0.761743;-0.430150;-0.796706;-4.844530;-2.845798;4.779623;1.347687
0.654314;-0.231559;-0.253617;-3.645932;-2.509248;4.339948;0.219216
0.964279;-0.122558;0.512073;-2.550012;-0.199148;2.388992;-0.952597
1.059475;-0.086956;0.595188;-2.532719;-0.184832;2.064677;-0.823316
0.029091;-0.004398;0.122972;-2.788485;-2.040994;1.631109;0.245287
-0.346801;-0.175457;0.529835;-2.591725;-1.118400;0.624433;-0.031332
-0.603796;-0.049797;0.685756;-2.324199;-0.569333;-0.240038;-0.231536
-0.169985;-0.199865;0.129484;-2.827980;-1.872323;1.550421;0.037047
-0.216107;-0.148203;0.011871;-3.384692;-1.412936;0.741313;0.672166
-0.026177;-0.545998;-0.009576;-3.350946;-1.434641;1.154782;0.840975
-0.456279;-0.941887;0.464658;-2.834517;-0.527177;-0.016815;0.016785
-0.845959;-0.842515;0.609013;-2.617428;-0.349585;-0.587048;-0.489099
-0.848735;-0.836833;0.345196;-2.489281;-0.482837;-0.275580;-0.686435
-0.801925;-0.763462;0.294095;-2.754339;-0.403192;-0.209665;-0.586743
-1.140737;-0.637264;0.373735;-2.769654;0.210708;-1.524574;-0.376430
-0.577792;-0.853167;0.698228;-2.718326;0.953152;-0.104442;-0.904013
0.174753;-0.528752;0.133059;-3.076654;-1.682539;2.586280;-0.600321
0.069645;-5.174978;1.216190;4.059678;-0.969261;1.290989;-0.067760
-0.235986;-4.879544;0.979149;4.254036;-0.751129;0.436736;0.184430
-0.340835;-4.999223;1.032585;4.445357;-0.692125;0.274677;0.090310
-0.426371;-4.912195;1.019625;4.459429;-0.725723;0.161953;-0.011702
-0.138126;-5.004782;1.172718;4.032415;-1.081271;1.166005;-0.138841
-0.390997;-4.780268;1.295421;4.009955;0.399903;-1.427743;0.574881
-0.431853;-4.785161;1.057357;4.076090;-0.141344;-0.756760;0.463910
-0.115349;-5.061527;1.015445;4.087335;-0.136604;-0.078188;0.153406
-0.200678;-5.003008;1.308581;3.960431;0.422499;-0.553933;-0.016083
-0.502994;-4.885134;1.242461;3.758676;-0.334341;-0.225778;0.016291
6.299967;-4.568926;3.114872;3.030989;6.655125;-0.403302;1.010306
7.846854;-4.358570;2.717181;1.919188;2.829676;0.872305;1.270132
3.019308;-3.320328;1.697569;1.890427;3.177677;0.662267;2.218591
2.550206;-3.345239;2.186392;1.956604;6.690023;0.584745;2.280765
-0.455662;-5.060878;1.028188;2.471798;-0.287199;-0.113213;-0.247847
-0.486240;-4.990482;0.836726;2.640423;-0.425135;-0.091512;-0.180878
-0.618560;-5.011184;0.927840;2.899907;0.135538;-0.823868;-0.420358
-0.573849;-4.939212;0.924564;2.940947;0.408918;-1.227992;-0.380395
-0.465302;-5.000435;1.069045;2.643650;-0.747506;0.109108;-0.040525
-0.317316;-4.983172;1.096480;2.834865;-0.298066;-0.110985;0.027280
-0.291059;-5.016226;0.857307;2.961608;-0.706354;-0.064400;0.219699
-0.385832;-4.928876;0.938039;3.126131;-0.104458;-0.945159;0.141534
-0.519776;-4.718700;0.906394;2.938716;0.325245;-1.742361;0.348713
-0.486347;-4.919330;1.065922;2.869091;-0.300460;-0.941691;0.284840
-0.502717;-5.099619;1.110732;3.057196;-0.153261;-0.617647;-0.088848
-0.033543;-4.947956;1.270274;3.172473;2.672444;-0.536790;-0.020819
-0.182568;-5.000675;1.234223;3.232754;1.945398;-0.610725;-0.165950
-0.491300;-5.069808;1.123626;3.272004;1.170407;-0.951192;-0.515473
-0.584310;-4.986682;1.191589;3.077578;0.008798;-0.826707;-0.037653
-0.535931;-5.029067;1.179452;3.117869;-0.141967;-0.409175;-0.126397
-0.446155;-4.967939;0.840642;2.969257;-0.053581;-0.404471;-0.234961
-0.441918;-4.914586;0.851015;3.010787;-0.062879;-0.688506;-0.024072
-0.499046;-4.911447;0.925513;3.105525;0.218771;-1.072538;0.013986
-0.374911;-4.877587;1.129690;2.753447;0.099001;-0.579563;-0.042268
-0.490844;-4.755805;1.170402;2.670618;0.627544;-1.617740;0.053755
-0.449270;-4.738349;0.905996;2.811148;0.217123;-0.977922;0.112095
-0.448904;-4.570144;0.865822;2.725051;0.100829;-1.325706;0.544629
-0.470888;-4.642073;0.860604;2.730418;0.019018;-1.129989;0.376681
-0.488042;-4.808558;1.115792;2.695091;-0.074085;-0.746040;-0.043694
-0.524164;-4.905441;1.193114;2.912517;0.278433;-1.085738;-0.183042
-0.429122;-4.900296;0.849022;2.848937;-0.256018;-0.328300;-0.162920
-0.374361;-4.955485;0.855262;2.892040;-0.335584;-0.054007;-0.107926
-0.359837;-4.863417;0.900129;2.801807;0.173977;-0.806557;0.103386
-0.427854;-4.866999;1.165933;2.798196;0.275625;-1.175783;0.200004
-0.526519;-4.808348;1.181858;2.856996;0.390800;-1.547665;0.080782
-0.087496;-5.112536;1.051238;3.259143;1.269859;0.108786;-0.127170
2.818769;-3.623643;-7.677801;4.222900;0.875675;1.080985;-0.694235
2.592542;-2.627705;-16.782934;3.985640;1.706664;-0.918204;-1.482288
-0.374861;-5.019850;0.860174;1.339779;-0.828870;0.484792;-0.160259
-0.517210;-4.913069;0.903962;1.405074;-0.348502;-0.510915;0.139328
-0.578265;-4.892666;0.818176;1.614270;0.791512;-1.217377;-0.126940
-0.469202;-4.912488;0.723467;1.568419;0.335312;-0.724622;-0.219145
-0.405920;-4.854768;0.791907;1.523977;0.932023;-1.350019;-0.104922
-0.267666;-5.215667;1.032059;1.561127;0.936449;-0.620824;-0.244195
-0.532751;-5.017951;0.941144;1.397638;0.239174;-1.169575;-0.040017
-0.462401;-4.924120;0.607715;1.152641;-0.257702;-0.537878;0.065445
-0.518428;-4.868022;0.663046;1.243944;0.329954;-1.217449;-0.012916
-0.456103;-4.798054;0.676815;1.197620;0.501072;-1.527614;0.238782
-0.542026;-4.885294;0.944704;1.366716;-0.143561;-0.411743;-0.246626
-0.562195;-5.024596;0.981166;1.557519;-0.231125;-0.214016;-0.443114
-0.647121;-4.827707;0.808001;1.763977;0.615686;-1.655653;-0.334213
-0.762162;-4.743921;0.809436;1.767364;0.731078;-2.202747;-0.056228
-0.780167;-4.633200;0.823083;1.689072;0.949714;-2.408795;-0.112167
-0.459299;-5.039274;1.157694;1.751155;1.161326;-0.766092;-0.186429
-0.428401;-5.158996;1.091494;1.630029;0.660768;-0.454363;-0.444580
-0.681637;-4.881335;0.794848;1.474229;0.756000;-1.822543;-0.315806
-0.559065;-4.847782;0.658188;1.256434;0.146497;-0.979879;-0.143813
-0.689869;-4.702999;0.798903;1.574525;1.019864;-2.129501;-0.239244
1.283446;-5.083938;1.518521;1.893162;2.597234;-0.629779;-0.080579
8.943341;-2.842122;-8.139021;0.293528;-0.255431;2.362118;1.612007
2.477373;-3.431195;-16.700731;4.582037;2.423912;-2.477450;-1.114001
-0.380947;-5.969421;0.911761;1.985422;-0.239567;-0.771859;0.454124
-0.366107;-5.918944;0.989056;2.061524;0.598678;-1.636469;0.354763
-0.352794;-6.063016;0.693379;2.011582;0.243009;-1.190750;0.238170
-0.439947;-6.191050;0.689022;1.990957;-0.345632;-0.789181;0.505522
-0.456190;-6.045983;0.676531;1.847649;-0.431429;-0.688897;0.503903
-0.346431;-6.035843;0.918615;1.788002;-0.255240;-0.936308;0.385322
-0.277856;-6.078367;0.887306;1.789287;-0.402465;-0.526818;0.505167
-0.427776;-5.925825;0.715002;1.947871;0.223116;-1.229877;0.240999
-0.495016;-5.866741;0.649312;1.835236;-0.023644;-0.938762;0.091830
-0.479322;-5.873755;0.689441;1.976807;-0.238384;-0.527570;-0.158956
-0.434099;-5.836692;0.994902;1.943138;0.036718;-1.099799;0.155798
-0.414832;-5.844003;0.975042;1.868992;0.165125;-1.293002;0.394365
-0.433003;-5.676109;0.718847;1.948036;0.679797;-1.974367;0.205798
-0.508130;-5.835268;0.814525;2.206501;0.916074;-1.744725;-0.168230
-0.350961;-5.937801;0.635580;1.807504;-0.532310;-0.143579;0.212319
-0.463094;-5.811716;0.942320;1.685602;0.061887;-1.101503;0.198665
-0.497319;-5.783408;0.936455;1.719516;0.054897;-1.185966;0.211629
-0.379819;-5.615415;0.673424;1.763902;0.259635;-1.380967;0.461741
-0.426190;-5.507107;0.689338;1.657711;0.496486;-1.762855;0.460932
-0.469590;-5.724825;0.672706;1.853411;-0.265242;-0.505754;-0.136586
-0.500106;-5.952352;1.000415;2.135981;0.029266;-0.810304;-0.087601
2.355144;-4.722643;-7.648940;2.786715;0.555702;0.866291;-0.916639
0.598381;-1.104894;-6.999810;2.634363;1.082857;-0.778954;-1.264187
-0.810804;-1.949260;1.021641;1.451200;0.708333;-1.137818;-1.032539
-0.738034;-2.003847;0.904907;1.276603;-0.538532;0.124482;-0.562948
-0.602975;-2.031114;1.144429;1.255756;-0.676453;0.486838;-0.699048
-0.508322;-2.242795;1.130016;1.565137;-0.681215;0.538563;-0.575455
-0.503701;-2.137231;0.834658;1.569788;-1.256954;1.206094;-0.670730
-0.589093;-2.130791;1.030049;1.892452;-0.020492;0.310825;-0.784368
-0.119849;-2.418839;0.841848;1.438964;-1.616561;2.812175;-1.041648
-0.510364;-2.417498;1.249163;1.409997;0.110476;0.216176;-0.547290
-0.518055;-2.327410;1.222938;1.302120;0.504464;-0.634804;-0.687989
-0.603898;-2.155067;1.073547;1.376702;1.034589;-0.762542;-1.045930
-0.792743;-2.085353;0.900680;1.241398;0.012830;-0.406990;-0.930174
-0.645817;-2.261623;0.847972;1.050231;-0.729041;0.771031;-0.873834
-0.659150;-2.369065;1.248238;1.215057;0.433563;-0.384975;-1.115406
-0.480132;-2.417452;1.186766;1.131148;-0.191871;0.363016;-1.068798
-0.406589;-2.323538;0.957832;1.282518;0.042262;0.583486;-0.982777
-0.313792;-2.252565;1.004395;1.535717;-0.240848;1.672019;-1.382134
-0.738525;-2.052546;1.084511;1.773329;0.606358;0.170606;-1.206241
-0.888769;-2.079097;1.249410;1.554567;0.133131;-0.516954;-1.028522
0.702130;-1.015978;-7.510086;2.589121;0.905803;-0.896291;-1.039067
2.339761;-2.891939;-16.355600;3.867352;1.911112;-1.387991;-1.343755
-0.643607;-5.059474;0.974694;1.092577;0.499849;-1.282678;-0.461444
-0.524495;-4.789029;0.998324;0.808557;0.416421;-0.670948;-0.609377
-0.368512;-4.720759;0.607115;0.696311;-0.893777;0.760863;-0.516396
-0.196577;-4.666230;0.510777;0.408706;-1.468790;1.018572;-0.137304
-0.095083;-4.593811;0.433340;0.206129;-1.645314;1.059699;0.144991
-0.327896;-4.552456;0.874368;0.513844;0.010081;-0.081116;-0.218347
-0.563871;-4.417542;1.007528;0.758797;1.264933;-1.354899;-0.105749
-0.701678;-4.365922;0.679099;0.619975;0.185582;-1.133845;-0.384319
-0.033104;-4.124381;0.827695;0.278840;1.825496;-0.214504;-0.034707
-0.120843;-4.050477;0.850913;0.351238;2.255370;-0.681048;-0.222773
-0.273867;-4.277192;0.980644;0.180148;0.786456;-0.358644;-0.598601
1.064619;-3.637889;0.585909;-0.738151;-2.648690;1.902979;0.756569
0.014401;-3.316769;0.412786;-0.474035;-1.995493;1.252227;0.352802
-0.286018;-3.482250;0.593776;0.159462;-1.040843;0.165196;0.213179
-0.670076;-3.547608;0.685664;0.464808;0.468203;-1.473155;-0.382120
-0.586832;-3.700029;0.890807;0.308079;-0.292025;-0.680882;0.083636
0.857265;-2.769431;-7.772271;1.932893;0.637652;-0.757233;-0.762454
2.047680;-0.458530;-16.252966;3.117250;2.168504;-1.665912;-1.754512
-0.763848;-2.483684;0.926090;0.006843;-0.385015;-0.212508;-0.377819
-0.575418;-2.292711;0.884129;-0.159751;-0.684230;0.293812;-0.506886
-0.735835;-2.187470;0.784299;0.141196;-0.016004;-0.470715;-0.583305
-0.218250;-2.532883;0.485415;-0.475231;-1.881862;2.220793;-0.902984
-0.088926;-2.773878;0.426019;-0.744705;-1.925391;2.032612;-0.422844
-0.448737;-2.836839;0.822123;-0.664892;-0.611039;0.169514;-0.359435
-0.778445;-2.906903;0.951121;-0.425440;0.449770;-0.696060;-0.589676
-0.630566;-2.832893;0.784842;-0.363246;1.533286;-1.381505;-0.801342
-0.564003;-2.733135;0.472776;-1.026789;-0.578657;0.025059;-0.260394
-0.800354;-2.552383;0.524034;-0.965426;-0.151084;-0.917772;-0.272413
-0.737332;-2.767642;0.828239;-0.817330;0.175034;-0.727160;-0.765450
-0.929877;-2.564913;0.857392;-0.790605;0.517891;-1.433930;-0.693301
-0.936066;-2.598291;0.568458;-0.736796;0.380860;-1.384977;-0.710448
-0.840614;-2.589451;0.547863;-0.732646;-0.001322;-0.467701;-0.844322
-0.593913;-2.647794;0.625089;-0.661451;0.007942;0.200658;-0.454932
-0.651943;-2.572508;0.907447;-0.536163;0.867569;-1.250399;-0.460994
-0.472492;-2.688654;0.856461;-0.763834;0.169460;-0.374513;-0.337052
-0.260698;-2.352402;0.944302;-0.810112;2.099543;-1.233067;-0.677165
0.875056;-2.412266;1.359982;-0.484634;4.946268;-0.497251;-1.506013
3.807563;-0.414293;-16.283311;2.611690;5.252599;-1.147054;-2.168508
0.932283;-3.097013;-7.457720;1.797053;-0.237339;0.793606;-0.924436
-0.491348;-4.180311;0.582207;0.679943;-0.710837;0.673919;-0.623698
-0.606544;-4.045617;0.614576;0.775519;-0.378858;-0.340160;-0.213983
-0.644644;-4.021015;1.001568;0.904670;0.170063;-1.012867;-0.175235
-0.539376;-4.074115;0.940057;0.783512;-0.679275;-0.037551;-0.124964
-0.676429;-3.996680;0.684428;0.922040;-0.451801;-0.478603;-0.114516
-0.741752;-3.939428;0.712977;0.952987;0.149101;-1.004190;-0.473076
-0.749333;-3.848742;0.741574;0.962291;0.364384;-1.257770;-0.434101
-0.698880;-3.887324;0.959385;0.790317;0.224305;-1.184706;-0.227796
-0.570168;-4.119572;0.998757;1.069855;-0.277110;0.201963;-0.471409
-0.563393;-4.132102;0.679402;1.070055;-0.422797;-0.130838;-0.434201
-0.471767;-4.190576;0.701825;0.919981;-0.469195;0.249860;-0.331615
-0.406518;-4.137377;0.626735;0.648307;-0.249290;0.260427;-0.264382
-0.704227;-4.069063;0.906422;0.580005;-0.354807;-0.545527;-0.151485
-0.653110;-4.041430;0.921947;0.767404;0.059145;-1.119660;-0.195335
-0.637342;-3.853431;0.644583;0.679231;-0.007084;-1.315159;0.262156
-0.603735;-3.856804;0.264920;0.871447;0.097240;-1.418311;0.142703
-0.561675;-4.135238;0.250919;0.902392;-0.574155;-0.013377;-0.619275
-0.587530;-4.255454;0.621734;0.690851;-0.471919;-0.206710;-0.373803
-0.688806;-3.933080;0.921939;0.397332;0.102152;-1.017258;-0.154641
-0.741543;-3.965250;0.915546;0.421694;0.357583;-1.577679;-0.189976
-0.624192;-3.927863;0.592249;0.527192;-0.733349;-0.005919;-0.202954
-0.583798;-3.650898;0.665067;0.529002;0.087684;-1.192134;0.037382
-0.753218;-3.777448;0.674384;0.602309;0.297294;-1.580089;0.001413
-0.633743;-4.035419;0.981552;0.844467;-0.193553;-0.236313;-0.634816
-0.660452;-3.967626;1.024192;0.962002;0.308040;-0.873388;-0.581138
-0.729891;-3.850942;0.645687;0.782158;-0.098108;-0.783237;-0.169652
-0.727498;-3.872377;0.691295;0.802808;0.067965;-0.842848;-0.576452
-0.216373;-4.072352;0.860267;0.811593;0.691882;0.566060;-0.473016
0.009049;-4.033587;0.837155;0.438051;-1.324955;1.782167;-0.271480
-0.391062;-3.785964;0.910208;0.697145;-0.558562;-0.030862;-0.132275
-0.584101;-3.853708;0.687327;0.986198;-0.075230;-0.486367;-0.409988
-0.593306;-3.759915;0.694910;0.965128;-0.288740;-0.112517;-0.591051
-0.754238;-3.714962;0.774105;1.052400;0.205192;-1.049466;-0.549810
-0.727458;-3.822988;0.986592;0.957219;-0.078899;-0.735978;-0.261480
-0.492453;-3.893289;0.878264;0.831952;-0.746751;0.527071;-0.507355
-0.601483;-3.715321;0.798493;1.147419;0.277229;-0.790397;-0.336672
-0.643198;-3.663897;0.893233;1.289027;0.659548;-1.500782;-0.458676
-0.529110;-3.811823;0.723788;1.117128;-0.399179;-0.336219;-0.250590
-0.340241;-4.058579;1.003652;1.064696;-0.205448;0.428972;-0.313662
1.636384;-4.178745;0.823527;-0.040168;-1.855564;3.600130;-0.799777
1.289098;-4.361173;0.397524;-0.655670;-1.860964;2.788076;-0.633793
-0.056478;-4.566416;0.429058;-0.527104;-0.971324;0.260335;-0.022224
-0.036538;-4.609769;0.568377;-0.094717;-0.216176;0.678797;-0.539763
-0.366594;-4.465853;0.792984;-0.194761;-0.070034;-0.297990;-0.351697
-0.540832;-4.178138;0.835208;-0.577387;0.584410;-1.776645;0.137003
-0.318704;-4.304263;0.480237;-0.573247;-0.566325;0.071994;0.120731
0.855420;-4.090590;0.571136;-0.639857;-1.033849;2.453753;-0.678427
0.429934;-3.947373;1.218134;0.394358;3.658410;0.404704;-1.820671
-0.479742;-3.788380;0.997581;0.357606;1.194283;-0.940020;-0.065456
-0.456041;-3.767894;0.830005;-0.084025;-0.128767;-0.201865;-0.318597
-0.299642;-3.618577;0.496386;-0.299104;-0.748307;-0.014374;0.162008
-0.450638;-3.496915;0.650296;-0.153401;-0.113174;-0.606668;-0.110832
-0.567466;-3.669920;0.741622;0.262964;0.881313;-1.188451;-0.784451
0.821008;-2.546193;-7.236097;1.555692;1.706378;-1.744269;-0.575412
-1.452070;2.253273;1.238821;0.571559;0.645027;-0.579165;-1.658426
-1.416600;2.238517;0.935997;0.607423;0.418440;-0.570955;-1.361028
-1.530809;2.340611;0.971084;0.575094;0.535936;-0.663140;-1.581983
-1.515875;2.436380;1.142097;0.312107;0.559892;-0.921721;-1.332732
-1.416912;2.109354;1.123312;0.372632;0.163043;0.504810;-1.766962
-1.376651;2.441742;0.980638;0.455321;1.224142;-0.933721;-1.806340
-1.462168;2.483873;1.009635;0.647402;1.000133;-1.243452;-1.541662
-1.191615;2.241652;0.918011;0.654652;0.064461;-0.004618;-1.374634
-1.241783;2.212243;0.895206;0.555767;0.372367;0.085602;-1.861628
-1.346079;2.047470;1.158253;0.495655;0.259149;-0.343130;-1.423154
-1.097904;1.780936;1.132237;0.497950;-0.167462;0.094954;-1.143244
-0.822853;1.416741;1.282459;1.575397;3.150479;1.282518;-1.431767
11.094407;3.387159;3.572644;0.207885;10.422242;2.218868;3.384481
13.545920;3.946744;2.960960;-0.925785;6.736602;3.232948;3.983901
39.541487;7.749766;11.780611;-5.217577;35.745081;8.900048;-4.002137
39.107566;7.423830;12.825233;-4.699161;39.062291;8.306389;-4.719595
-0.885026;2.163126;0.899009;-0.349538;0.508521;1.621453;-1.559797
-1.038848;2.162199;0.691364;-0.846288;0.036768;0.289112;-1.096221
-1.335303;2.259068;0.715571;-0.790042;0.668888;-1.102493;-0.711358
-1.382755;2.396082;1.093167;-0.883473;1.551080;-1.700777;-0.632071
-1.428667;2.278111;1.048068;-0.794836;1.423015;-1.624501;-1.431156
-1.458378;2.419977;0.823679;-0.601868;1.501271;-1.788444;-1.364532
-1.513322;2.381335;0.850744;-0.560429;1.450891;-1.847775;-1.483613
-1.632113;2.305994;0.820870;-0.472100;1.118630;-1.560413;-1.633288
-1.507303;2.329041;0.949709;-1.037306;0.646229;-0.507032;-1.588787
-1.496331;2.440137;1.058431;-0.850166;1.320732;-1.048412;-1.708544
-1.497708;2.516520;0.806921;-0.750046;1.375106;-1.580787;-1.426561
-1.542043;2.479220;0.846693;-0.630707;1.206657;-1.183359;-1.350593
-1.344679;2.372782;0.693511;-0.903025;0.121648;0.411183;-1.602644
-1.340724;2.293726;0.876753;-1.085371;-0.174791;0.259720;-1.276251
-1.352673;2.262544;0.948126;-0.837414;-0.047712;0.005775;-1.423113
-1.643733;2.435804;0.819971;-0.602886;0.922095;-1.433287;-1.552895
-1.682938;2.344741;0.883837;-0.358408;1.396867;-1.976596;-1.660809
-1.398019;2.391104;0.832746;-0.648923;1.664599;-1.944799;-1.271231
-1.369731;2.415163;1.020425;-0.846719;1.003988;-1.356309;-1.055806
-1.586077;2.397094;1.067708;-0.530611;0.817692;-1.370875;-1.440073
-1.538644;2.163885;0.782285;-0.573870;0.279986;-0.287999;-1.612611
-1.530923;2.024410;0.697135;-0.710888;-0.160585;0.333360;-1.681371
-1.528221;2.196646;0.668137;-0.794620;0.462262;-0.602048;-1.572454
-1.326673;2.444846;0.961899;-1.174796;0.806742;-1.281460;-0.778391
-1.295091;2.271866;1.071717;-0.931941;0.935358;-0.785306;-1.037979
-1.449215;2.285581;0.838729;-0.746846;1.069105;-0.606399;-1.522429
-1.551088;2.192659;0.817544;-0.711432;1.247315;-1.353037;-1.657328
-1.496425;2.137697;0.783428;-0.704407;0.954912;-1.157510;-1.427276
-1.486550;2.287600;0.970538;-0.906294;0.634255;-1.109448;-1.144799
-1.576951;2.335350;0.968415;-0.884272;0.616774;-1.159370;-1.191818
-1.617315;2.176293;0.792432;-0.592739;1.235404;-1.530506;-1.787668
-1.469175;2.205787;0.787696;-0.717598;1.029336;-0.994182;-1.600333
-1.459290;2.308939;0.679571;-0.976910;0.536035;-0.593932;-1.361066
1.563381;3.961115;-16.529915;2.407173;3.483108;-2.873770;-2.156002
0.513247;3.603532;-6.940914;2.514011;4.506966;-1.790769;-1.402913
-0.943269;2.813717;1.485233;1.278429;3.962930;-1.473805;-1.252493
-1.460939;2.494654;1.289488;1.116353;0.591176;-0.522127;-1.606433
-1.485805;2.397736;1.315225;1.251010;0.733859;-0.732929;-1.564202
-1.462563;2.393780;1.138210;1.445354;0.870749;-0.871986;-1.818052
-1.407502;2.419703;1.012035;1.301431;0.180263;0.306609;-2.059534
-1.374260;2.387761;1.095898;1.541095;0.741835;-0.403922;-2.000489
-1.457489;2.420466;1.374546;1.465400;0.544427;-0.361711;-1.892066
-1.505125;2.554583;1.357587;1.308611;0.567061;-0.506788;-1.838836
-1.481742;2.639435;1.072528;1.260386;0.857500;-1.026359;-1.535501
-1.399247;2.508942;1.131898;1.525705;0.461894;-0.137452;-1.843278
-1.272937;2.554670;1.272243;1.651483;1.491424;-0.272877;-2.011418
-1.153062;2.487352;1.430942;1.338285;0.823194;0.620158;-1.819721
-1.255183;2.715157;1.234143;1.053087;0.147750;0.223438;-1.527995
-1.475936;2.596140;1.171126;1.576615;1.060691;-1.056209;-1.754446
-1.294352;2.620004;1.010099;1.160524;0.160925;0.263095;-1.786008
-1.474448;2.509270;1.029557;1.267348;0.214133;-0.033669;-1.880033
-1.291311;2.319152;1.288804;1.159092;0.052847;0.867706;-2.118096
-1.396952;2.130669;1.296935;1.150090;-0.112778;0.499819;-1.989224
-1.338551;2.385964;1.037661;0.981317;0.816528;-0.382764;-1.995769
-1.488251;2.492382;1.189012;1.236557;1.677456;-1.562147;-2.013548
-1.452267;2.539682;1.047340;1.030654;0.965542;-1.154641;-1.706160
1.681226;4.100739;-16.334259;3.882393;2.966939;-2.039580;-2.495715
0.251976;2.886606;-7.479088;1.927428;0.972648;-0.601020;-1.596052
-1.322935;1.908641;0.987862;0.838749;0.137729;-0.040581;-1.497908
-1.214317;1.779756;1.231625;0.896935;0.124008;0.460104;-1.885377
-1.085129;1.832115;1.115184;0.655382;-0.831110;1.676114;-1.811333
-1.032160;1.928563;0.857683;0.733651;-0.954010;1.944104;-1.818745
-1.199958;1.872995;0.979925;0.734843;0.275039;0.234570;-1.643000
-1.214885;1.977338;1.163056;0.921876;1.479676;-0.748579;-1.659220
-1.515571;1.942831;1.369164;0.712216;1.156730;-1.929082;-1.227296
-1.076900;1.958003;1.151633;0.472761;-0.621993;1.006488;-1.264635
-1.055092;2.068548;0.940300;0.523471;0.070588;-0.010465;-1.144817
-1.080488;1.856638;0.904350;0.555606;-0.582345;1.040037;-1.505412
-1.298707;1.857990;0.954555;0.600307;0.283727;-0.628270;-1.054681
-1.216394;1.669665;1.162290;0.708696;-0.143352;0.036973;-1.144369
-1.113726;1.308866;1.130569;0.655895;-1.069495;1.817937;-1.685551
-1.191454;1.331964;0.895816;0.512691;-0.291601;0.791716;-1.758269
-1.430192;1.506637;1.065026;0.604115;0.832243;-1.511655;-1.253180
-1.339189;1.532431;1.030150;0.423703;0.524490;-1.178606;-1.244280
-1.169829;1.654429;1.140092;0.194343;-0.275980;-0.295553;-0.746326
-1.174713;1.487671;1.145981;0.310903;-0.588873;1.045326;-1.597271
-1.338998;1.649381;1.028097;0.760040;0.622066;-0.883555;-1.311743
-1.329298;1.838795;1.050646;0.716996;0.844366;-1.046137;-1.299706
-1.322495;1.673811;1.015455;0.801396;0.427765;-0.008913;-1.928141
1.797383;3.283653;-16.426587;3.631963;2.180786;-0.832493;-2.371248
1.409445;4.905853;-15.492260;4.342810;2.218461;-0.934371;-2.796203
-1.598820;3.446712;1.484073;1.789825;0.528306;-0.392908;-1.980112
-1.486736;3.585049;1.166143;1.808030;-0.086078;0.384941;-1.769834
-0.522564;3.920575;1.822207;1.668161;4.318490;-0.365013;-1.602822
-0.546736;4.042612;1.612267;1.306776;3.030875;0.575510;-1.353108
-1.236616;3.465309;1.293956;1.077797;-0.062003;1.159279;-2.173855
-1.318311;3.422101;1.355780;1.179254;0.214931;0.506121;-1.957121
-1.392649;3.568025;1.053705;1.159312;0.053978;0.565679;-1.919625
-1.166189;3.290273;1.028681;1.464251;-0.508120;1.130753;-1.638861
-0.921968;3.347409;1.049977;1.548923;-1.159682;1.719225;-1.200738
-1.354454;3.321033;1.427251;1.716792;-0.255644;0.361201;-1.288422
-1.236940;3.543633;1.383155;1.500698;-0.567741;0.756343;-1.132403
-1.393056;3.627452;1.241891;1.785748;0.878377;-0.884840;-1.479394
-1.437812;3.571547;1.183468;1.912979;0.482494;-0.599446;-1.476857
-1.414732;3.570930;1.254701;1.907501;0.218406;0.099897;-1.566765
-1.270163;3.539075;1.397879;1.581158;0.205528;0.017623;-1.585652
-1.361294;3.349643;1.498804;1.918576;0.989561;-0.593365;-2.019893
-1.255572;3.138830;1.139239;1.862947;0.314857;0.520582;-2.297298
-1.508060;3.504204;1.231799;1.784315;0.377603;-0.366874;-1.625646
-1.514752;3.433747;1.204223;1.857819;0.464197;-0.100628;-1.945380
1.658848;4.965762;-16.261913;4.482227;2.054507;-0.579494;-2.722009
2.147466;4.117648;-15.915666;2.690558;0.651989;1.672580;-2.506356
-0.620602;2.613002;0.815956;-0.755252;-1.832001;3.114050;-1.732456
-0.567863;2.874334;0.517731;-1.009098;-2.127922;3.857139;-1.749427
-0.906037;3.201244;0.710393;-0.475837;-1.564442;3.003379;-1.963132
-1.411311;3.411304;0.946824;0.164976;0.963007;-0.773327;-1.772384
-1.212310;3.400371;1.078858;-0.066754;-0.406187;1.146240;-1.641271
-1.258391;3.408311;1.130986;0.180396;-0.355109;0.989896;-1.662519
-1.442087;3.328839;0.989634;0.642948;0.443579;-0.245518;-1.857409
-1.453094;3.290733;0.968654;0.591089;0.625190;-0.308758;-1.891665
-1.457204;3.574396;0.933528;0.249967;0.618224;-0.387299;-1.429722
-1.584081;3.693260;1.238832;0.189731;0.940166;-1.436888;-1.359321
-1.605966;3.609761;1.325549;0.413917;0.852899;-1.087291;-1.577976
-1.234948;3.263048;0.954966;0.370320;0.442513;1.259486;-1.930593
-1.290345;3.069323;0.969905;0.302246;0.999621;0.704996;-1.523754
-1.381364;3.282470;0.897308;0.111051;0.573404;0.029030;-1.992442
-1.237768;3.203098;1.122492;0.070599;0.270392;0.384140;-1.764511
-1.327637;3.108897;1.107316;0.165284;-0.262055;0.955474;-1.901612
-1.542314;3.462118;0.997155;0.487324;0.545779;-0.193600;-1.793670
-1.382428;3.633397;0.889747;0.248701;-0.190772;0.548125;-1.346050
-1.308605;3.339946;0.909932;0.346690;-0.668293;1.624419;-2.028128
1.647319;4.916385;-16.511604;3.096943;2.010141;-0.476073;-2.386835
-0.132737;4.404181;-7.143458;0.639178;1.385547;-0.582882;-2.072364
-1.276509;3.973862;0.748600;-1.286312;-0.020681;-0.090549;-0.787056
-1.115768;3.522332;1.035387;-1.058320;-0.212743;0.041315;-0.891805
-0.917665;2.894949;0.947655;-0.732052;-1.005110;1.534751;-1.385741
-0.921634;2.752523;0.719750;-0.632552;-0.895636;1.795909;-1.682506
-0.985749;2.780275;0.668097;-1.007995;-0.944229;1.335393;-1.444504
-1.052062;2.880774;0.627542;-1.290718;-0.642625;0.510349;-0.879633
-0.637322;2.855125;0.734065;-1.337032;-2.087235;3.703719;-1.841177
-1.276669;3.009849;0.931143;-0.753497;-0.693246;1.526422;-1.728680
-1.134134;3.024610;0.696879;-0.870110;-0.562420;0.993315;-1.496110
-0.955176;3.203278;0.614693;-1.267543;-1.182779;1.144489;-0.680674
-1.234919;3.242665;0.633573;-1.127385;-0.697038;0.784253;-1.286724
-1.580249;3.177181;1.006123;-0.782394;-0.019719;-0.155566;-1.420588
-1.289889;3.269723;1.116212;-1.027647;0.814750;-0.505131;-1.317195
-1.175472;2.966107;0.832928;-0.711519;0.277925;0.687554;-1.869032
-1.098959;3.382145;0.710928;-0.764331;-0.542684;1.333472;-1.669687
-1.181998;3.678595;0.752336;-0.758000;-0.330730;0.644306;-1.249838
-1.480319;3.505305;1.081642;-0.452423;0.386131;-0.230062;-1.571470
-1.542816;3.397608;1.103628;-0.361648;0.283657;0.062306;-1.790706
-1.514175;3.445500;0.901633;-0.140646;0.539868;-0.346501;-1.666977
-1.444371;3.211841;0.794638;-0.371727;-0.427027;1.048183;-1.872950
-1.301495;3.386210;0.800329;-0.544752;-0.044352;0.081000;-1.375701
1.698660;5.094940;-16.508935;2.525369;2.336892;-1.442709;-1.899828
1.682356;3.479203;-16.015214;1.630082;1.879063;-1.252667;-1.528588
-1.355623;1.733247;0.880340;-1.381936;0.011949;-0.538193;-1.145574
-1.355645;1.569144;0.680284;-1.135916;-0.065250;-0.354529;-1.150443
-1.251140;1.490454;0.650982;-1.196730;-0.210345;-0.163208;-1.054061
-1.207911;1.520547;0.677472;-1.099331;-0.104277;-0.142190;-1.059143
-1.036617;1.313496;0.834451;-1.362962;-0.695130;0.827797;-1.194123
-1.322824;1.524534;0.789299;-1.625676;-0.479480;-0.249937;-0.713720
-1.175788;1.273560;0.572047;-1.673850;-0.230229;0.052955;-1.165585
-1.069494;1.180801;0.482788;-1.835113;0.067676;-0.149585;-1.191663
-1.436487;1.335705;1.458461;-2.125661;0.671847;-1.452755;-1.022390
-1.523190;1.363111;1.560788;-1.955556;1.106509;-1.724615;-1.218894
-1.295410;1.321056;0.531261;-1.908584;0.671207;-0.809099;-1.388217
-1.321119;1.381754;0.644567;-1.773863;0.923242;-1.005304;-1.509815
-1.272025;1.306605;0.727811;-1.942782;0.037894;-0.073316;-1.487637
-1.387049;1.208952;0.778484;-1.859100;0.575423;-0.775433;-1.564256
-1.393826;1.221032;0.555291;-1.663623;0.481902;-0.833913;-1.519435
-1.444518;1.335373;0.675168;-1.491605;1.057117;-1.598644;-1.489265
-1.327196;1.462717;0.560784;-1.946681;0.730572;-1.769512;-0.794020
-1.481217;1.237033;0.910205;-1.756073;0.822544;-2.002523;-0.738206
-1.504608;1.113465;0.890669;-1.586195;0.649797;-1.364600;-1.079093
-1.447636;1.237534;0.603990;-1.593005;0.307047;-1.019180;-1.194245
-1.395016;1.265791;0.643484;-1.520373;0.282504;-0.633058;-1.465574
-1.409825;1.367985;0.709084;-1.248209;0.665355;-1.092821;-1.420554
-1.285124;1.483930;0.852909;-1.451974;0.554312;-0.425393;-1.681063
-1.200896;1.654747;0.806475;-1.724962;-0.050327;0.417898;-1.557269
-1.354273;1.743917;0.685077;-1.360329;0.866715;-1.120047;-1.432812
-1.387751;1.590730;0.653120;-1.323319;0.232845;-0.377552;-1.453812
-1.305486;1.651780;0.639760;-1.241802;0.292422;-0.123921;-1.579379
-1.212761;1.738652;0.889825;-1.428305;0.071005;-0.055066;-1.173350
-1.276684;1.423414;0.822194;-1.431891;-0.490113;0.603372;-1.421755
-1.437688;1.416854;0.714429;-1.136900;0.724635;-0.928154;-1.724505
-1.507043;1.518085;0.712294;-1.151255;0.608972;-0.835258;-1.551940
-1.442918;1.768331;0.673081;-1.260795;0.313248;-0.447363;-1.414564
-1.360516;1.909637;0.876574;-1.406864;0.135767;-0.122158;-1.344797
-1.243993;1.942009;0.892757;-1.431156;0.104652;-0.188254;-1.178884
-1.352050;1.898589;0.706397;-1.162856;0.701255;-0.310839;-1.659204
-1.338666;1.955414;0.738611;-1.219869;1.146922;-0.986811;-1.588892
-1.312690;2.049676;0.681497;-1.489125;0.676422;-1.400327;-0.833825
-1.292299;1.775832;0.872869;-1.422371;0.058369;-0.134356;-1.201770
-0.942229;1.913843;1.358734;-1.223545;3.242483;-0.867568;-1.855999
-0.691938;1.955568;1.016799;-1.266087;2.580491;0.406158;-1.573874
-1.433730;2.053551;0.842782;-0.875090;0.798057;-1.260927;-0.936429
-1.398206;1.935463;0.781162;-0.848809;0.318013;-0.944635;-1.036364
-1.245922;2.026509;0.931630;-1.138792;0.204866;-0.336510;-0.886111
-1.120789;1.940272;0.878215;-1.216321;-0.570556;0.723725;-1.148340
-1.257727;2.104228;0.691827;-0.904647;-0.100263;-0.064412;-0.965423
-1.198711;2.018860;0.640042;-0.810660;-0.839925;1.550771;-1.844797
-1.441159;2.329429;0.807690;-0.677779;0.143874;-0.204556;-1.665054
-1.327358;1.924342;0.956216;-0.843191;-0.293510;0.244993;-1.540798
-1.372175;2.082205;0.963707;-0.886664;0.459240;-0.585653;-1.357293
-1.229731;2.027140;0.639249;-1.056960;-0.263959;0.413471;-1.428199
-1.020644;2.343502;0.934638;-1.367255;2.176498;-1.663398;-0.816174
-1.008044;2.107847;0.931378;-1.235446;1.766500;-0.823308;-0.968969
-1.195267;1.648418;1.125905;-0.904675;1.020665;0.294277;-1.530138
-1.386940;1.883346;0.143772;-0.589993;0.996705;-1.006269;-2.140115
-0.693300;-2.892651;0.702875;-1.512682;-0.374762;-0.418191;-0.202390
-0.822062;-2.835870;0.544625;-1.081547;0.368505;-1.626156;-0.257412
-0.835604;-2.791911;0.492464;-1.323570;0.146909;-1.637314;-0.084992
-0.904769;-2.786103;0.507691;-1.254980;-0.598617;-0.816627;-0.081218
-0.728478;-2.971886;0.712194;-1.135676;-0.495070;-0.659176;-0.239035
-0.695556;-3.121466;0.753078;-0.869443;-0.195113;-0.699551;-0.283860
-0.708634;-2.865234;0.511335;-0.838536;-0.001869;-0.987519;-0.323468
-0.711158;-2.955006;0.607401;-0.603675;0.338276;-0.888046;-0.641452
3.453089;-2.729248;1.813958;-1.406887;3.158695;0.316744;-0.465236
9.445938;-2.167132;1.930849;-2.256529;1.688985;1.772221;2.611645
39.383763;-0.094951;10.609828;2.247573;45.464972;19.313384;15.409498
37.445927;-0.820859;11.727000;4.070790;53.611949;21.861061;16.846515
9.264838;-3.484250;4.325536;1.991391;21.814947;5.752187;1.613599
-0.246929;-3.107766;0.339057;-1.439114;-1.081427;0.069027;0.113851
-0.391156;-3.272140;0.296551;-1.591625;-0.971273;0.305671;-0.163490
-0.807875;-2.857441;0.348242;-1.925686;-0.071056;-1.086313;-0.138705
-0.756862;-2.828985;0.472556;-1.975079;1.087941;-1.713731;-0.101696
-0.817877;-2.876460;0.520445;-1.885856;1.569953;-2.147570;-0.293796
-0.923660;-2.914230;0.693289;-2.015598;1.090226;-2.178408;-0.422344
-0.761508;-3.110696;0.622116;-1.980407;-0.130226;-0.480114;-0.410080
-0.913750;-3.016503;0.422854;-1.763657;0.133948;-1.039756;-0.443811
-1.112779;-2.822506;0.493197;-1.736098;0.641333;-2.254656;-0.219395
-1.103283;-2.848747;0.492345;-1.638645;0.711920;-2.246000;-0.383938
-0.953460;-3.147649;0.766554;-1.573272;0.865151;-1.831659;-0.760995
-0.853698;-3.077941;0.721380;-1.707360;0.302322;-1.091699;-0.552152
-0.412945;-3.032665;0.339312;-1.792386;-0.500770;0.229412;-0.458765
-0.761401;-2.728484;0.410537;-1.700495;0.031318;-1.425618;0.213465
-0.773843;-3.030728;0.530416;-1.395530;0.169675;-0.774496;-0.481541
-0.878716;-3.131596;0.827369;-1.238074;0.453425;-1.180376;-0.670040
-0.941084;-2.863273;0.790467;-1.397479;0.443464;-2.015480;-0.102794
-0.648110;-2.996270;0.607001;-1.172051;0.529029;-0.840766;-0.895193
-0.662304;-3.106320;0.644828;-0.946860;0.543581;-0.754536;-1.085078
-0.761668;-2.886729;0.524815;-1.353896;0.320845;-1.420288;-0.331462
-0.805839;-3.014682;0.699745;-1.532371;-0.179029;-0.632394;-0.423871
-0.859153;-2.972557;0.732157;-1.624838;0.422238;-1.149986;-0.431151
-1.024246;-2.857617;0.485516;-1.593750;0.366866;-1.854273;-0.020878
-0.924099;-2.749398;0.508034;-1.545849;0.336565;-1.933964;-0.112843
-0.320175;-3.121493;0.708691;-1.262818;2.386064;1.164382;-0.896314
-0.397217;-3.251324;1.051119;-1.194170;3.277866;1.061809;-1.118018
-0.969502;-2.839179;0.693472;-1.810990;0.719170;-2.106563;-0.370933
-0.916065;-3.009703;0.483970;-1.526434;0.317240;-1.259937;-0.586955
-0.986390;-2.820487;0.502944;-1.525983;0.736531;-2.344617;-0.395612
-1.087231;-2.707255;0.559039;-1.532953;1.238988;-3.203428;-0.348036
-1.133936;-2.902271;0.840491;-1.414937;1.188407;-2.940109;-0.432332
0.080523;-3.229372;0.783200;-1.828761;0.370557;0.285506;-0.437330
6.062014;-3.545030;-0.651250;-3.136691;-3.040676;4.405001;2.022684
11.075531;-1.687702;-8.243654;-1.455853;-5.348407;3.740833;2.130800
0.741153;-1.459726;-9.650887;-0.503805;1.077056;-1.663216;-0.539784
-1.031001;-2.423129;0.381982;-2.460280;0.740763;-2.392164;-0.128509
-0.844597;-2.668319;0.204404;-2.846727;-0.325261;-0.516652;-0.378949
-0.789980;-2.703771;0.367101;-3.130448;-0.452470;-0.487261;-0.017732
-1.020513;-2.513178;0.539735;-3.082312;0.624703;-2.258826;0.071599
-0.680960;-2.873326;0.207025;-2.821460;0.723923;-0.970274;-0.409299
-0.322507;-2.724606;-0.016239;-3.247751;-0.453626;0.412662;0.096090
-0.672184;-2.294354;-0.089114;-3.755948;-0.011288;-0.661042;0.280762
-0.728381;-2.552583;0.134509;-3.601853;0.318749;-0.739303;0.274429
0.274373;-2.524769;-1.346346;-5.156654;-0.490665;2.598144;1.887702
-0.042962;-2.319477;-1.302392;-5.124946;0.331789;1.179789;1.882578
0.750901;-2.119367;-2.681928;-6.192297;0.337834;2.841116;3.288745
-0.049381;-2.299577;-1.330322;-4.720493;-0.285762;1.003121;1.501416
-0.853986;-2.485469;0.360842;-3.398747;0.332125;-1.378383;0.119652
-0.602684;-2.640105;0.076296;-3.832700;-0.564942;0.139823;0.449567
-0.746117;-2.560194;-0.116028;-3.718675;0.145966;-1.295782;0.521778
-0.896810;-2.444555;0.152736;-3.277004;0.292961;-1.688839;0.026463
-0.904679;-2.477555;0.158146;-3.219278;0.516418;-1.823476;-0.091618
-0.669647;-2.677742;0.302305;-3.243825;-0.225894;-0.263694;-0.234752
-0.638780;-2.566270;0.379520;-3.067522;-0.539320;0.055441;-0.344323
-0.911614;-2.199440;0.219533;-3.103433;0.387834;-1.359942;-0.500254
-1.001957;-1.939231;0.236838;-3.253878;0.565291;-2.513750;0.355808
1.816704;-0.468674;-14.919613;0.113088;2.806914;-2.775346;-0.979619
1.205677;-1.708692;-11.341362;0.601962;1.815924;-1.955189;-1.099500
-0.986266;-3.128051;0.536746;-1.493680;0.735370;-1.953208;-0.653795
-0.990603;-3.343235;0.574110;-1.199971;0.686318;-1.757659;-0.883345
-0.904047;-3.329729;0.723652;-1.437662;0.519235;-1.567467;-0.693652
-0.949433;-3.240082;0.720589;-1.472656;0.617144;-1.797176;-0.596902
-0.931534;-3.111640;0.467758;-1.554449;0.707391;-2.134971;-0.268545
-0.844390;-3.080885;0.438661;-1.707895;0.590568;-1.831888;-0.163009
-0.764186;-3.132908;0.336019;-1.995130;0.090558;-1.138456;-0.319823
-1.008283;-3.005917;0.708693;-1.870498;0.775098;-2.435037;-0.105908
-1.001458;-3.068369;0.706094;-1.923273;0.477841;-1.967725;-0.237007
-1.017149;-3.071089;0.525641;-1.652094;1.138199;-2.584824;-0.452635
-1.012311;-3.119736;0.555955;-1.572596;1.128934;-2.658767;-0.423609
-0.697362;-3.253370;0.419708;-1.891614;0.339321;-1.345468;-0.427163
-0.437230;-3.252157;0.447907;-2.600779;-0.902910;-0.067499;0.140147
-0.859666;-3.081796;0.596922;-2.559460;0.565728;-1.725383;-0.124217
-0.915752;-2.925667;0.264755;-2.732614;0.271472;-2.023823;0.160660
-0.906967;-3.203243;0.269303;-2.560328;0.080095;-1.463535;-0.217015
-1.023734;-3.309245;0.356488;-2.192526;0.416118;-1.726100;-0.450055
-1.025903;-3.381817;0.588997;-2.276757;0.540187;-1.961524;-0.311856
-0.839212;-3.428562;0.518976;-2.500435;-0.259280;-1.036569;-0.079788
-0.870377;-3.355529;0.305379;-2.386065;-0.300043;-0.915543;-0.282181
-0.916428;-3.124164;0.269841;-2.655325;0.040592;-1.468795;0.050670
-1.010086;-2.963842;0.332048;-2.588072;0.675311;-2.600198;0.193865
1.221255;-2.585017;0.545182;-3.072865;1.104142;1.086140;-0.409901
10.253791;0.168386;-3.987982;-4.332262;0.163251;3.966678;-0.248596
-0.677687;0.611339;-3.220626;-0.681600;1.319827;-2.115481;-1.120417
-1.231783;0.140352;0.861949;-1.696247;0.543701;-1.122849;-1.050708
-1.250241;0.375973;0.678569;-1.722963;0.988491;-1.942422;-0.956553
-1.254730;0.336541;0.713407;-1.581369;1.184685;-1.766775;-0.978088
-1.266483;0.451792;0.722486;-1.628034;1.304800;-2.171605;-0.944783
-1.094540;0.519352;0.797132;-2.220154;0.072294;-0.888871;-0.581763
-1.209928;0.536837;0.817533;-2.163602;0.629599;-1.220747;-0.937776
-1.295187;0.699069;0.566728;-2.060048;0.848629;-1.726936;-0.903376
-1.267277;0.681913;0.598292;-2.063104;0.742734;-1.370382;-1.114642
-1.298179;0.489844;0.693650;-1.775442;1.186008;-1.068487;-1.787704
-1.242923;0.507056;0.885605;-2.112326;0.797441;-0.940278;-1.238852
-1.303037;0.681055;0.878976;-2.141349;1.306442;-1.671325;-1.330109
-1.317244;0.642910;0.642130;-1.946125;1.475620;-1.670421;-1.597742
-1.260718;1.018343;0.560326;-2.537942;0.951324;-2.306932;-0.675086
-1.328412;0.887196;0.219862;-2.125477;0.749415;-2.268477;-0.497024
-1.359436;0.681907;0.571288;-2.156967;0.728978;-1.743845;-0.748312
-1.362358;0.583293;0.894965;-2.057552;1.147295;-1.697601;-1.367370
-1.406150;0.587346;0.627967;-1.974361;1.306752;-2.178301;-1.337693
-1.313571;0.499254;0.602206;-1.932379;0.460179;-1.192708;-1.112092
-1.317553;0.614183;0.546498;-2.129077;0.313341;-1.041967;-0.970992
1.038509;1.266228;0.874435;-2.417077;1.756227;2.463484;-1.446247
9.374725;2.277213;-2.859728;-4.564660;-2.061966;5.808973;0.430809
0.832146;-4.119385;-5.410552;-0.259799;-0.485820;0.393420;-0.399148
-0.329865;-4.897810;0.354484;-1.095555;-1.100932;0.508642;-0.148129
-0.692791;-4.669486;0.375833;-1.222738;-0.083013;-1.075864;-0.298806
-0.444400;-4.723969;0.362784;-1.278908;-0.060343;-1.034216;0.159193
-0.021246;-4.689245;0.370888;-1.232695;-0.580175;0.504423;-0.020621
0.352781;-4.353573;0.495520;-1.672139;-1.647792;1.387136;0.561977
-0.452223;-4.056974;0.584379;-1.669881;-0.470899;-0.405553;0.080976
-0.669421;-4.106665;0.399024;-1.514020;0.473731;-1.880459;0.063373
-0.653410;-4.189822;0.350795;-1.639400;0.166679;-1.451310;-0.117951
-0.833748;-4.226029;0.382349;-1.681345;0.086507;-1.243397;-0.220519
-0.586062;-4.177551;0.905839;-1.617551;2.376312;-1.900757;-0.178552
-0.468156;-4.103945;0.775088;-1.958977;1.775925;-1.551972;0.187953
-0.747377;-4.053865;0.368203;-1.951026;0.670608;-2.141319;-0.068840
-0.918852;-4.052441;0.365203;-1.971024;0.315725;-1.865101;-0.119095
-0.974458;-4.126883;0.391826;-1.915250;0.835375;-2.286804;-0.249842
-0.863917;-4.103273;0.615473;-2.144422;0.765777;-2.110340;-0.098782
-0.830097;-3.981164;0.656476;-2.166148;1.275077;-2.478970;-0.004143
-0.828677;-3.934121;0.350214;-2.130161;0.651211;-2.217911;0.288374
-0.767805;-4.125158;0.339073;-1.985506;0.129152;-1.661181;0.156976
-0.575978;-4.404580;0.303377;-1.710776;-0.148555;-0.694930;-0.192640
2.485107;-3.253519;0.763376;-2.440885;1.487257;1.924404;-0.001583
11.287700;1.073870;-2.647779;-4.372638;-6.946663;7.257606;1.395990
1.979900;-0.994892;-16.275090;1.600020;1.763992;-1.984606;-1.449438
-0.870075;-3.228324;0.483038;-1.312946;-0.272308;-0.735652;-0.440967
-0.739732;-2.948770;0.437825;-1.707294;0.106984;-1.278599;-0.295977
-0.816899;-2.890268;0.703167;-1.953592;0.611974;-1.764116;-0.523940
-0.945336;-2.936418;0.727275;-1.807959;1.002992;-2.111036;-0.804414
-0.741488;-3.047839;0.354929;-2.009911;0.079712;-0.863807;-0.594462
-0.862526;-2.863510;0.353816;-2.194609;0.570805;-1.713134;-0.392676
-0.940021;-2.845298;0.418612;-2.120543;0.372800;-1.401462;-0.446568
-0.813447;-2.819948;0.620277;-2.436435;0.283234;-1.306316;-0.210510
-0.968697;-2.851886;0.554162;-2.370315;0.104402;-1.526720;-0.143259
-0.751961;-2.697271;0.343413;-2.356717;0.528157;-1.637649;-0.125733
-0.632184;-2.610876;0.258289;-2.739580;0.002062;-1.327704;0.293390
-0.917444;-2.467078;0.263956;-2.920073;0.261378;-1.943438;0.150049
-0.910515;-2.534268;0.511884;-3.047543;0.269776;-1.736890;0.061692
-0.862080;-2.529155;0.500022;-3.020413;0.099762;-1.183430;-0.315349
-0.673909;-2.533216;0.168282;-2.950745;-0.415666;-0.740535;0.288907
-0.700930;-2.718975;0.256712;-2.572548;-0.088229;-1.013327;-0.097513
-0.883938;-2.609050;0.361647;-2.301955;-0.113231;-1.371052;-0.026428
-0.860376;-2.739614;0.706004;-2.071468;0.601250;-1.664411;-0.421764
-0.895791;-2.727358;0.720402;-2.115127;0.822148;-1.790799;-0.295096
-0.935531;-2.670103;0.398095;-2.258442;0.170232;-1.463074;-0.506345
-0.871006;-2.667584;0.387377;-2.209032;-0.067309;-1.147660;-0.307704
0.760208;-1.636170;-8.269560;-0.509344;0.968375;-1.276293;-0.730012
-0.688082;-0.101826;-0.333589;-0.764385;0.233407;-0.570917;-1.248978
-0.990469;-0.139873;0.686560;-1.045645;-0.113723;-0.588588;-0.773327
-0.872014;-0.079591;0.936829;-1.187731;-0.110216;-0.241349;-1.140137
-0.935580;-0.001628;0.892142;-1.436776;-0.215516;-0.216833;-0.930082
-1.016961;-0.007499;0.614603;-1.366995;-0.238959;-0.246096;-0.946188
-1.141296;-0.139169;0.669590;-1.223767;-0.055219;-0.331728;-1.422240
-1.189156;-0.029682;0.695761;-1.397015;0.232616;-1.230685;-1.013173
-1.227823;-0.154920;0.925697;-1.519281;0.128801;-1.168545;-0.905681
-1.306047;-0.128561;0.891020;-1.616476;0.205723;-1.202329;-0.901106
-1.115199;-0.001102;0.095135;-1.514888;1.152307;-1.413972;-0.915455
-1.167368;-0.039254;0.131003;-1.301544;1.521667;-1.746769;-1.297872
-1.194218;-0.110077;0.598192;-1.727231;0.651488;-1.425224;-1.207108
-1.136389;-0.156488;0.562667;-1.938490;0.251431;-0.911538;-1.011828
-1.163140;-0.132215;0.708075;-2.226046;-0.169416;-0.509713;-0.876963
-0.919398;-0.234690;0.621313;-2.590537;-0.822617;0.720762;-0.859407
-0.959198;-0.369448;0.398421;-2.426771;-0.064606;-0.055760;-1.004850
-1.064721;-0.407501;0.476656;-2.254704;0.559860;-0.918821;-1.117075
-1.184617;-0.107101;0.483997;-2.414164;0.290501;-1.416964;-0.567826
-1.232504;-0.185453;0.670934;-2.625108;0.124258;-1.163462;-0.666367
-1.314195;-0.195465;0.748147;-2.360891;0.209620;-1.297670;-0.812355
-1.241040;-0.033967;0.501835;-2.451655;0.443403;-1.445695;-0.843115
-1.054993;-0.018735;0.690352;-2.280195;1.873447;-1.662580;-0.668348
-1.055135;-0.031750;0.650439;-2.365094;1.589756;-1.829153;-0.490049
-1.172171;-0.087036;0.735658;-2.573094;0.489975;-1.444538;-0.336908
-1.250244;-0.195131;0.806953;-2.296645;0.851567;-1.635491;-1.120781
-1.111925;-0.276037;0.129199;-2.172333;0.688771;-1.273669;-1.307534
-1.211420;-0.159554;0.121921;-2.354701;0.710087;-1.562280;-1.198031
-1.099944;0.037154;0.713305;-2.415283;2.011138;-1.737177;-1.393364
-1.077832;-0.103434;0.883469;-2.445713;1.468831;-1.218942;-1.244211
-1.263209;-0.252535;0.731310;-2.442220;0.571869;-1.168610;-1.206519
-0.944333;-0.048417;0.387439;-2.848557;0.556302;-0.848486;-0.577711
-0.633492;0.118284;0.051340;-3.427359;0.313003;-0.549724;0.114808
-0.447608;0.014085;-0.547828;-4.016282;0.239241;1.008196;0.711395
-0.386511;0.142702;-0.474947;-4.583126;0.211940;1.380419;1.161771
-0.847475;-0.087152;0.118690;-3.618312;-0.077690;0.654333;-0.261009
-1.249710;-0.023631;0.329086;-2.800363;0.344039;-0.998150;-0.785547
-0.938914;0.159130;0.044325;-3.290538;0.092328;-0.284356;-0.308812
-0.985444;0.260685;0.151882;-3.315902;0.399538;-0.736112;-0.238141
-0.975991;-0.051133;0.492708;-3.015726;0.385490;-0.523422;-0.718708
-1.214825;0.069469;0.622871;-2.891855;0.564145;-1.108292;-0.834137
-1.343926;-0.084925;0.453404;-2.551145;0.895550;-1.522698;-1.130864
-1.271271;-0.160689;0.441861;-2.468960;0.518632;-1.271004;-0.991223
-1.294312;-0.187920;0.528216;-2.260371;0.694655;-1.620171;-1.035091
-1.261145;-0.096581;0.744895;-2.542581;0.713663;-1.707564;-0.843054
-1.310395;-0.122045;0.690270;-2.692203;0.402399;-1.315377;-0.848578
-1.212081;-0.029831;0.430506;-2.697282;0.777139;-1.196750;-0.784449
-1.205387;0.043404;0.454180;-2.713131;1.316315;-1.611265;-0.968171
-1.189131;0.183299;0.372075;-2.995022;0.943682;-1.857115;-0.608511
-0.583199;0.091389;-0.246114;-4.142081;-0.249903;0.888403;0.641590
0.299963;0.329094;-1.585921;-5.813443;-0.274866;3.234504;2.644285
2.052787;0.527640;-3.401997;-7.464882;-0.308476;7.104252;5.999126
1.124261;1.040219;-7.422001;-4.064589;1.244770;1.353016;1.733449
-1.660130;1.968229;1.057944;-0.470861;0.940572;-1.969584;-1.060916
-1.536838;1.931488;0.810191;-0.348917;1.085572;-1.715681;-1.201219
-1.593199;1.872798;0.862462;-0.156608;1.491834;-1.846281;-1.678268
-1.622985;1.907187;0.851076;-0.197730;1.234040;-1.743722;-1.470079
-1.543225;2.083047;0.985534;-0.688683;0.804460;-1.596056;-1.041572
-1.594146;1.943275;1.113252;-0.295546;1.360776;-1.963168;-1.423677
-1.589763;2.139881;0.849316;-0.400550;1.380606;-2.447817;-0.921676
-1.555188;2.172101;0.770300;-0.628462;1.068205;-1.878666;-1.140174
-1.590552;2.018366;0.797030;-0.465126;1.030926;-1.576287;-1.588554
-1.611228;1.764289;1.080864;-0.305236;0.894509;-1.240005;-1.589143
-1.591452;1.895454;1.020860;-0.459202;1.229640;-2.038199;-1.319126
-1.729093;2.085425;0.866329;-0.320672;1.327815;-2.477612;-1.182143
-1.574458;2.006826;0.790697;-0.443711;1.446788;-1.990692;-1.544419
-1.540046;1.990487;0.758033;-0.481542;1.158059;-1.707009;-1.371354
-1.520460;2.014448;0.989526;-0.592472;0.884572;-1.688460;-1.029131
-1.605546;1.912440;1.057992;-0.535020;0.629602;-1.298349;-1.158998
-1.578116;1.963763;0.774677;-0.470402;0.474601;-0.975138;-1.133875
-1.540847;2.150159;0.766511;-0.566648;1.193251;-2.027206;-0.990907
-1.580866;2.162043;0.771195;-0.631255;1.213666;-2.229232;-0.795757
-1.513745;1.896161;1.164302;-0.207276;1.826244;-1.926173;-1.494309
-1.509489;1.776733;1.121365;-0.210736;1.543640;-1.383892;-1.700330
-1.595998;1.978073;0.813466;-0.395582;0.830808;-1.562609;-1.130945
-1.265670;1.821418;0.907313;-0.234600;1.020987;-1.023214;-1.035997
-0.810797;1.496616;0.722406;-0.221811;-0.626860;0.469004;-0.691414
-1.151428;1.261516;1.096161;0.219369;0.622453;-0.436395;-1.304457
-1.340183;1.627813;1.007189;-0.325269;0.323257;-0.454930;-1.428333
-1.414405;1.679133;0.806067;-0.229572;0.708571;-1.056570;-1.353207
-1.401026;1.682028;0.833260;-0.100432;1.579216;-1.958071;-1.434133
-1.364721;1.736799;0.783740;-0.195169;1.060074;-1.400887;-1.475675
-1.399678;1.741116;0.997200;-0.438464;0.692854;-1.085434;-1.326469
-1.443225;1.767954;1.064410;-0.259571;0.895767;-1.373395;-1.199371
-1.412550;1.928235;0.806020;-0.299804;1.065194;-1.852604;-1.112803
-1.400632;1.819821;0.841650;-0.162554;1.214446;-1.952361;-1.265748
-1.467174;1.593773;0.825881;-0.038821;0.894573;-1.382737;-1.450430
-1.177057;1.627055;1.057485;-0.219174;1.052251;-0.811511;-1.117084
-1.190348;1.649978;1.097888;-0.199717;0.997837;-0.543886;-0.975194
-1.386308;1.819087;0.813752;-0.274758;0.813220;-1.007519;-1.101230
-1.150370;1.597999;0.757861;-0.284761;0.269691;-0.248001;-1.015656
-1.134458;1.538477;0.756985;-0.255934;0.727560;-0.569465;-1.291625
-1.382679;1.730839;1.045258;-0.331492;1.081735;-1.411433;-1.363477
-1.512012;1.829768;1.039834;-0.387699;0.796736;-1.783996;-0.841291
-1.508368;1.791383;0.806003;-0.229615;0.907305;-1.977529;-0.808597
-1.462583;1.846583;0.764423;-0.330414;0.780397;-1.842641;-0.836977
-1.329377;1.773932;0.960836;-0.101689;1.885291;-1.760652;-1.500847
1.187945;0.943695;0.921279;-0.829237;-1.738811;3.061938;-0.734972
8.633866;-0.103690;0.891679;-3.231180;-3.591537;4.669123;1.183002
17.403396;1.062375;-8.384778;-4.086718;-2.714364;4.927477;3.843846
0.314426;-1.023606;-8.130188;-1.091897;1.816686;-2.918827;-0.335944
-1.254138;-2.301258;0.521270;-2.531397;1.062294;-2.340397;-0.429014
-1.107957;-2.131470;0.580864;-2.509494;1.390516;-2.276515;-0.236209
-0.974729;-1.966341;0.202461;-2.744412;0.737552;-2.033872;0.133810
-1.253545;-1.924958;0.256286;-2.566514;0.886529;-2.707559;0.094770
-1.178646;-1.961003;0.297880;-2.394220;0.629616;-1.946270;-0.327220
-1.206662;-2.030468;0.560122;-2.311631;0.829578;-2.125210;-0.563658
-1.146627;-2.166567;0.540352;-2.342775;0.756864;-1.730235;-0.577621
-1.194925;-2.001797;0.338698;-2.287763;1.022751;-2.400044;-0.164869
-1.080388;-2.066636;0.287389;-2.346287;0.854374;-2.048494;-0.355301
-1.147076;-2.118707;0.291591;-2.331524;0.812672;-1.946149;-0.281571
-1.088386;-1.876386;0.485804;-2.645565;0.696882;-2.094838;0.050835
-1.178202;-1.931456;0.450508;-2.641557;0.170416;-1.512102;0.052218
-1.204760;-1.986879;0.237100;-2.402446;0.828279;-2.040003;-0.451533
-0.992206;-2.100217;0.243383;-2.514897;0.596087;-1.118075;-0.663802
-0.920461;-2.124654;0.202418;-2.666535;0.123956;-0.732756;-0.376567
-1.028167;-2.093303;0.460481;-2.597194;0.488278;-1.449204;-0.417954
-1.095014;-2.080893;0.505373;-2.462166;0.705145;-1.526920;-0.704059
-1.159490;-2.069652;0.269621;-2.258352;0.836919;-1.817935;-0.719684
-1.079870;-2.116178;0.299094;-2.171708;0.801099;-1.592911;-0.643993
-1.053244;-2.041968;0.327004;-2.354071;0.902661;-1.621640;-0.571034
-0.761736;-1.867951;0.568682;-2.808337;1.206139;-2.000235;0.232422
2.309906;-2.482411;-0.196250;-3.586349;-1.465329;2.969774;0.768103
8.272767;-3.194834;-1.527470;-5.111849;-3.414592;6.359774;2.936616
11.908069;-1.384947;-9.393054;-3.128489;-3.263480;5.184755;3.010720
1.925504;-0.757276;-16.995512;-0.370262;2.110029;-2.535359;0.205321
-0.880270;-2.895797;-0.233084;-3.838082;0.777895;-1.831722;1.042987
-0.590984;-3.002531;-0.449258;-4.035973;1.029501;-0.823884;0.907566
-0.284350;-2.946745;-0.861161;-4.608423;0.927770;0.242556;1.607695
-0.322554;-2.887898;-0.585531;-4.807434;0.416703;0.216616;1.946430
-0.655972;-2.796873;-0.179111;-4.371667;1.023106;-1.461971;1.434945
-0.824785;-2.909485;-0.455454;-4.072094;0.788936;-1.458086;1.069220
-0.994506;-2.999611;-0.202620;-3.624587;0.651537;-2.025108;0.798921
-0.969924;-3.017309;-0.117673;-3.558775;0.899852;-1.880801;0.439377
-1.013604;-2.966349;0.068537;-3.664938;1.282548;-2.399368;0.629849
-0.744813;-3.030075;-0.089874;-3.928930;0.618283;-1.137023;0.698380
-0.840163;-3.196648;-0.249788;-3.581145;-0.117196;-0.662064;0.378909
-1.184279;-3.092640;0.013083;-3.220549;0.672072;-2.522866;0.444927
-0.966395;-3.219682;-0.208055;-3.489103;0.746030;-1.850074;0.425514
-0.983543;-3.139914;-0.008379;-3.726263;0.373567;-1.602865;0.820488
-0.992736;-3.051301;0.124347;-3.686931;0.424818;-2.054776;0.859993
-1.098216;-2.892951;0.050175;-3.350005;1.123480;-2.939752;0.480283
-1.093799;-3.036004;0.029694;-3.198935;0.751758;-2.406880;0.314625
-1.058913;-3.102957;0.035036;-3.097753;0.853987;-2.422243;0.160071
-1.089882;-3.222022;0.212722;-3.335566;0.277856;-1.596289;0.202142
-0.896648;-3.019803;0.032733;-3.716314;0.443946;-1.441302;0.450802
-0.951890;-2.900390;-0.162649;-3.650010;1.034033;-2.173498;0.617312
-0.363922;-2.940956;-0.959622;-4.552226;0.303110;0.277200;1.392888
-0.409116;-2.896436;-0.880581;-4.536697;0.471185;0.125724;1.293204
0.695184;-2.381453;-1.072278;-4.888935;2.117925;0.310908;2.743558
3.952517;-0.221106;-18.373371;-1.661113;2.097544;0.606453;2.287360
-0.400061;4.842986;-6.895846;2.451210;1.422562;-1.066993;-2.115138
-1.633556;4.193639;1.305077;1.010350;0.630900;-0.259612;-1.952598
-1.685510;4.327782;1.387471;1.111267;1.124055;-1.057158;-1.902697
-1.654793;4.229017;1.025463;1.046585;0.370071;-0.157515;-1.750148
-1.614547;4.244803;0.977457;1.028618;-0.357166;0.910373;-1.894114
-1.810044;4.545109;1.130316;1.298980;0.781982;-0.719191;-1.969270
-1.810204;4.512130;1.348021;1.183175;1.290270;-1.332454;-2.141278
-1.643785;4.460818;1.322378;1.047991;1.125552;-1.054761;-1.671690
-1.479619;4.377862;1.051600;1.233251;0.372007;0.224194;-1.588304
-1.467055;4.582119;1.003665;1.125627;-0.199340;0.644828;-1.325291
-1.664111;4.578377;1.041012;1.293871;0.497498;-0.328068;-1.902174
-1.685400;4.581535;1.302556;1.320788;0.483093;-0.372863;-1.821239
-1.637722;4.625274;1.250370;1.214608;-0.170906;0.539013;-1.704462
-1.610761;4.622417;1.060585;1.386709;0.231098;0.231703;-1.830990
-1.587780;4.580426;1.039050;1.420608;0.119270;0.352825;-1.635475
-1.414759;4.359887;0.949995;1.126732;-0.958774;2.293893;-2.250300
-1.350438;4.297692;1.094916;0.628026;-1.245031;2.553690;-1.952355
-1.348085;4.076706;1.060655;0.446144;-1.002826;2.238294;-1.909176
-1.296700;3.873944;0.916972;0.744172;-0.312035;1.117160;-1.780543
-1.239025;3.852757;0.878993;0.939329;-1.110658;2.770138;-2.421273
-1.740516;4.192532;1.101756;1.447022;0.696687;-0.522803;-1.929147
-0.805008;4.928075;1.083253;0.849682;0.154167;0.834826;-0.587632
2.852656;6.400504;-16.477133;3.279609;0.300750;1.416775;-0.799117
1.426138;7.196336;-15.648505;3.627359;0.921882;1.683315;-2.993580
-1.535627;6.071996;0.925951;0.782319;-0.780921;2.037427;-2.238828
-1.378500;5.990136;0.834590;0.633896;-1.375730;2.824285;-2.107647
-1.499091;5.972105;0.960638;0.660517;-0.401855;2.539396;-2.345996
-1.148881;5.971014;1.122673;0.602066;-1.480088;3.550865;-2.336683
-1.547584;6.083848;1.316929;1.203154;-0.320261;1.600444;-2.107056
-1.654406;6.087691;1.044212;1.181227;0.284666;0.977326;-2.305370
-1.664817;6.069203;0.989688;1.094368;0.033497;1.216939;-2.357347
-1.516371;6.391642;0.986222;0.794303;0.232818;0.552778;-1.893850
-1.644760;6.386163;1.140278;0.566389;-0.774051;1.590792;-1.520437
-1.488253;6.278157;1.222578;0.753520;-0.426886;1.288731;-1.792866
-1.537882;6.099672;1.053400;1.214014;0.059073;1.445884;-2.438314
-1.502903;6.182818;1.066459;1.156563;0.063780;1.662354;-2.507450
-1.618986;6.540732;1.026500;1.036714;-0.156792;1.163628;-1.939798
-1.574494;6.230384;1.213399;0.978832;-0.402484;1.905276;-2.157893
-1.693889;6.150492;1.251395;0.855110;-0.310078;1.534579;-2.424394
-1.472804;6.086788;0.823659;0.501919;-1.298599;3.336201;-2.572486
-1.579352;5.932821;0.865462;0.543206;-0.751187;1.889872;-2.231034
-1.522233;5.892014;0.896928;0.710665;-0.657654;2.274866;-2.505326
0.926843;6.294098;1.918875;1.207548;4.567290;2.065234;-2.793566
4.441678;7.503139;-15.650590;3.824828;3.996102;1.937974;-3.171507
1.733743;4.059708;-16.054349;2.330044;0.650129;1.340768;-2.486442
-1.432460;2.731052;0.727737;-0.473743;-0.211680;0.748446;-1.881084
-1.519082;3.047355;0.734309;-0.598920;0.448463;-0.033923;-1.908759
-1.489883;3.050898;0.740415;-0.500066;0.137734;0.034439;-1.592445
-1.466491;2.746603;0.983598;-0.511523;-0.039662;0.222404;-1.688710
-1.715847;3.034779;1.043150;-0.536639;0.637152;-0.976602;-1.543526
-1.709320;3.092981;0.685277;-0.806430;0.105391;-0.433663;-1.437417
-1.371373;3.092076;0.615891;-0.950971;-0.644118;1.517886;-1.974905
-1.651381;3.375394;0.822371;-0.515726;0.657506;-0.766793;-1.403058
-1.508031;3.353619;1.014824;-0.614824;0.064639;0.131693;-1.411459
-1.687150;3.322666;1.011709;-0.514775;0.414826;-0.305556;-1.765571
-1.511776;3.620457;0.692911;-0.597741;0.158577;0.271562;-1.760922
-1.643811;3.540823;0.747698;-0.364313;0.478108;-0.122879;-1.837645
-1.568163;3.596559;0.762563;-0.468173;0.311191;0.304934;-1.913096
-1.240502;3.574400;1.244861;-0.476949;1.631693;0.380112;-1.975659
-1.066917;3.553030;1.114838;-0.733100;0.939107;1.112096;-1.725632
-1.325498;3.530592;0.652567;-0.754373;-0.134997;0.476139;-1.393450
-1.625834;3.486713;0.891569;-0.046445;0.954315;-0.642374;-1.988616
-1.559086;3.294137;0.807437;-0.111315;0.619906;-0.076687;-2.074307
-1.381020;3.237420;0.965879;-0.416406;0.374498;-0.107194;-1.512308
-1.472106;3.128252;1.024281;-0.475622;0.175312;0.572970;-2.081728
-1.295191;2.974173;0.606805;-0.788391;-0.844994;1.569940;-1.735695
-1.174789;3.131453;0.568616;-0.947412;-0.753991;0.610443;-0.657738
-1.291961;2.701648;0.683329;-0.560437;-0.506903;0.813621;-1.330517
1.876194;4.916249;0.923164;-1.408542;0.125350;2.430538;-1.304672
6.339501;7.025578;-16.516512;1.277517;-0.477337;2.665269;-1.449096
0.556841;1.962987;-7.119073;2.584813;-0.547725;1.953842;-1.781212
-0.995656;1.258036;1.251710;1.615020;-0.342498;0.991699;-1.460020
-1.193764;1.484719;1.292359;1.699023;0.319580;-0.557742;-1.175623
-0.914816;1.181225;0.943643;1.640476;-1.052386;2.088414;-1.809542
-0.944436;1.028062;0.893420;1.405712;-1.334578;1.915336;-1.351780
-0.538449;0.793364;0.816153;1.531857;-2.284149;3.794276;-1.913570
-1.030061;1.290233;1.211014;1.604935;-0.647884;0.871319;-1.127132
-1.014721;1.064750;1.178251;1.440868;-0.865925;1.324310;-1.230187
-1.032120;1.120059;0.951287;1.489558;-0.354342;0.567393;-1.099264
-1.018177;1.043734;0.931329;1.608735;-0.610524;1.425724;-1.842921
-1.162873;1.199987;1.394795;1.886123;1.000718;-0.603218;-1.608958
-1.050426;1.258364;1.312830;1.620976;0.352492;0.003371;-1.313217
-1.129118;1.103226;1.034473;1.753692;-0.002160;0.688463;-1.583665
-0.894204;1.191740;1.168475;1.612723;-1.139241;1.918030;-1.377576
-1.187555;1.387718;1.363611;2.049433;-0.029379;-0.022987;-1.022747
-1.294869;1.384669;1.189603;2.247916;0.760953;-0.354067;-1.677470
-1.189924;1.358488;1.153871;2.252936;0.108602;0.843479;-2.061477
-1.034807;1.575112;1.115322;2.150176;-0.599451;1.280749;-1.562696
-1.279528;1.606541;1.411001;2.253378;-0.319769;0.251154;-1.269089
-0.835234;1.423071;1.177852;1.897914;-1.289403;2.564177;-1.971022
-0.844236;1.448215;0.918944;1.895321;-1.552096;2.619326;-1.692343
-1.110119;1.571356;1.116161;2.284945;-0.399539;0.982870;-1.570105
-1.238199;1.616389;1.155423;2.317173;0.008249;0.179244;-1.607416
-1.176163;1.583359;1.395646;2.131300;-0.026321;0.210621;-1.414076
-0.936047;1.430513;1.271146;1.949467;-0.645525;1.115934;-1.300758
-0.950584;1.488498;1.014041;1.956675;-0.693789;1.053777;-1.257938
-1.185543;1.655071;1.097219;2.036454;0.114854;0.121942;-1.447837
-1.228571;1.525827;1.028195;2.023845;-0.214131;0.260685;-1.340196
-1.233637;1.468448;1.351355;2.064392;0.165930;-0.075555;-1.254933
-1.151208;1.594349;1.371871;2.023437;0.585221;-0.405261;-1.285916
-0.889978;1.537426;0.966320;2.012363;-1.344353;2.334699;-1.604573
-0.848888;1.657683;1.157278;2.235591;0.057759;1.003449;-1.926849
-0.907495;1.686736;1.084689;2.004455;-0.460426;1.015039;-1.514887
-1.074654;1.493866;1.288827;1.947816;-0.386759;1.010602;-1.511109
-1.248026;1.598618;1.346626;1.910781;0.099424;0.261652;-1.639055
-1.329482;1.615982;1.213966;2.226632;0.926857;-0.891531;-1.579404
-1.362922;1.621894;1.173540;2.170981;0.748215;-0.957438;-1.310821
-1.233040;1.603660;1.003295;1.739638;-0.178899;0.402683;-1.447682
-1.215537;1.340902;1.280272;1.756312;-0.416736;1.121759;-1.802250
-1.235544;1.361282;1.275860;1.613515;0.122249;0.143073;-1.669163
-1.131360;1.429364;1.007234;1.634094;-0.250808;0.588925;-1.467387
-1.270651;1.411020;1.093181;1.778403;0.110371;0.089527;-1.536502
-1.350095;1.447388;1.169351;1.994167;0.695483;-0.873643;-1.364269
-1.212396;1.418955;1.406163;1.900432;0.945440;-0.986147;-1.518465
-1.085678;1.418487;1.304837;1.729711;0.368630;-0.279911;-1.265721
-1.154485;1.407225;1.055019;1.831776;0.112223;-0.096396;-1.394946
-1.291062;1.304431;1.099059;1.957114;0.763267;-1.034747;-1.461880
-1.347000;1.305937;1.206269;2.107950;1.083037;-1.333783;-1.389386
-1.346445;1.316394;1.429950;1.865867;0.816390;-1.235198;-1.231956
-1.189626;1.296419;1.273475;1.496136;0.094478;-0.300684;-1.187406
-1.167190;1.406508;1.022009;1.471350;0.325427;-0.755415;-0.957317
-1.120899;1.233135;0.669755;1.819845;-0.117969;0.494276;-1.693238
-0.301550;-2.783580;1.114667;1.945760;-1.909549;1.826693;-0.302323
-0.463672;-2.701674;0.928922;2.249764;-1.186733;0.920070;-0.476544
-0.326917;-2.754077;0.884383;2.069057;-0.891091;1.369183;-0.880923
-0.318569;-3.030157;0.892086;2.195159;-0.873300;0.641724;-0.411077
-0.146878;-3.154099;1.191778;2.368445;-1.258212;1.589131;-0.629912
-0.147777;-3.183581;1.265435;2.818802;-1.131002;1.461515;-0.706535
-0.326646;-2.915572;0.999047;2.844133;-0.815231;0.418719;-0.328391
-0.282495;-3.072056;0.977424;2.780074;-1.249034;1.214999;-0.461183
-0.548414;-2.972358;0.983499;2.567684;-0.693783;0.853710;-0.881564
-0.405206;-2.969524;1.168280;2.388676;-0.915877;0.884632;-0.510930
-0.011993;-3.398891;1.036562;2.041768;-2.611635;3.434351;-0.886748
0.217253;-3.699414;0.601387;1.502001;-2.856661;3.638208;-0.620564
-0.243754;-3.934890;0.705113;1.561002;-1.200856;1.107211;-0.348108
-0.264155;-3.696734;0.735588;1.402560;-0.776120;0.388033;-0.148455
-0.338754;-3.806521;1.007646;1.626935;-1.283205;1.545210;-0.871414
-0.572599;-3.593446;1.039008;1.840996;-0.924305;0.581301;-0.329070
-0.618060;-3.585656;0.935222;2.187755;-0.172524;-0.546238;-0.215962
5.754603;-2.163875;2.492549;1.342428;7.177098;0.034086;2.222946
7.342600;-1.940250;2.267949;0.568583;4.243470;0.741606;2.668612
1.706132;-1.967343;1.152938;-0.176892;-1.618354;1.250344;0.735635
6.658025;-1.378225;3.530660;-0.161439;10.021187;0.228323;-0.711319
6.376656;-1.692885;3.376084;0.291781;11.188810;-0.085259;-0.687591
-0.093471;-2.900699;0.687824;1.003146;-1.727198;1.918445;-0.621392
-0.187288;-2.462102;0.867602;1.362988;-0.697745;0.687997;-0.391714
-0.078521;-2.564354;1.117559;1.353403;-0.984391;1.194584;-0.378122
-0.415732;-2.628698;1.095794;1.391318;-1.169911;1.056472;-0.196656
-0.116040;-2.934357;0.695597;1.176913;-1.968094;2.712055;-1.049774
-0.471491;-2.943109;0.770004;1.109813;-0.715582;-0.144439;-0.105350
-0.379582;-2.899409;0.834375;1.248757;-0.965113;1.655272;-0.879102
-0.558795;-2.785247;1.191763;1.557685;0.118966;0.135396;-0.519987
-0.432839;-2.978249;0.957648;1.012493;-1.372506;1.524890;-0.811895
-0.672929;-2.776467;0.804929;1.015002;-0.242294;-0.609306;-0.290689
-0.419794;-2.450078;0.681984;0.621277;-1.455739;1.392833;-0.659940
-0.339125;-2.435304;0.754282;0.807593;-1.208015;0.897481;-0.287901
-0.420678;-2.888020;0.972463;0.831865;-1.463255;0.888561;-0.046216
-0.497584;-2.676519;1.000836;0.892657;-0.892556;0.467441;-0.354969
-0.599343;-2.574229;0.803116;1.037797;-0.298012;-0.305971;-0.522319
-0.444552;-2.538910;0.767055;0.917734;-1.198023;1.349103;-0.984918
-0.553805;-2.232717;0.811705;1.012023;-0.826231;0.757610;-0.546332
-0.623585;-2.342108;1.115917;1.069536;-0.365461;-0.187221;-0.392552
-0.489710;-2.502408;0.940831;0.709815;-1.382755;1.724553;-0.964074
-0.548461;-2.502399;0.804952;0.754424;-0.612562;0.141357;-0.319762
-0.584133;-2.831344;0.890471;1.121437;0.167209;-0.061804;-0.681833
-0.557865;-2.731553;0.724453;0.769351;-1.013677;1.013324;-0.745792
-0.351338;-2.986952;0.962398;0.556150;-1.412398;1.713981;-0.872223
-0.548161;-2.876331;1.189003;0.643876;1.067924;-1.009603;-0.732257
-0.604233;-2.697769;0.627467;0.212211;-0.413809;-0.339369;-0.199995
-0.872069;-2.836857;0.727966;0.412449;0.490779;-1.663529;-0.231505
-0.812960;-2.856541;0.715318;0.359107;0.097219;-1.022595;-0.282105
-0.680480;-3.015088;0.932618;0.446737;-0.070933;-0.811600;-0.104634
-0.685563;-3.184141;1.025118;0.606306;-0.281423;-0.112951;-0.618418
-0.593105;-2.997114;0.721591;0.543640;-1.062050;0.928255;-0.548575
-0.683799;-2.768407;0.740696;0.624186;-0.333979;-0.520826;-0.138395
-0.790593;-2.902742;0.824841;0.829472;0.065260;-1.016802;-0.248523
2.283386;-0.873060;-16.673536;3.524648;1.856396;-1.512800;-1.338414
2.135133;-1.073144;-16.200192;3.511521;2.337127;-2.024671;-1.303253
-0.547059;-3.213466;0.862052;0.312384;-0.714445;-0.003118;-0.181949
-0.345152;-3.174604;0.527121;0.225594;-1.618084;1.796453;-0.642960
-0.554906;-3.010673;0.657946;0.495703;-1.285526;0.815988;-0.068340
-0.608074;-2.871943;0.727901;0.636961;-0.736622;0.195532;-0.282533
-0.679374;-2.662796;0.966607;0.385592;-0.700591;-0.143610;-0.157318
-0.674536;-2.674142;0.946824;0.275823;-0.264158;-0.808094;-0.007484
-0.609431;-2.940577;0.743979;0.638875;-0.457614;-0.085703;-0.477747
-0.817044;-2.869753;0.824523;0.948785;0.127260;-1.003893;-0.588466
-0.858756;-2.799176;0.831759;0.932460;0.233838;-1.409108;-0.395254
-0.741454;-2.710817;1.146821;0.666667;1.217148;-2.030691;-0.348951
-0.446838;-3.021590;0.942698;0.267855;-0.905578;0.773424;-0.405468
-0.667737;-2.890298;0.720782;0.451764;-0.114490;-0.721098;0.002650
-0.688378;-2.732854;0.776660;0.384084;0.113611;-1.506192;0.340198
-0.611080;-2.788322;0.652964;0.168859;-0.357251;-0.833011;0.201157
-0.689361;-3.106795;0.963472;0.544732;-0.202450;-0.420089;-0.436032
-0.517398;-3.404378;0.942044;0.666731;-0.990986;0.241846;0.011830
0.667690;-3.164298;1.446477;0.800732;4.187569;-0.863734;0.775139
0.766263;-3.090709;1.524695;0.840942;4.837665;-0.978301;0.858285
-0.560047;-3.419534;0.692736;0.699974;-0.796290;0.020483;-0.179640
2.641332;-1.189676;-16.896023;3.075065;0.806634;0.014113;-1.223849
2.185118;-0.438307;-16.241030;3.041346;2.058675;-1.603252;-1.423582
-0.744845;-2.371335;0.958094;-0.051153;-0.497551;-0.254278;-0.235144
-0.510739;-2.138765;0.613663;-0.304772;-1.234650;0.579590;-0.045399
-0.527905;-2.203894;0.582282;-0.382310;-1.254901;1.153561;-0.558779
-0.808338;-2.067479;0.654748;-0.449675;-0.284932;-0.947280;-0.118792
-0.753068;-2.160100;0.836282;-0.754658;-0.522798;-0.572484;0.082178
-0.728515;-2.135829;0.962299;-0.487572;0.317509;-1.006303;-0.321523
-0.880362;-2.063205;0.824923;-0.291946;1.245149;-1.937267;-0.683363
-0.859770;-2.194614;0.677831;-0.519526;0.135490;-1.350501;-0.248803
-0.787034;-2.310428;0.643821;-0.452083;-0.138839;-0.474522;-0.740907
-0.664351;-2.297480;0.774603;-0.721830;-0.783383;0.405279;-0.606092
-0.732194;-2.305783;0.809938;-0.798828;-0.433321;0.054026;-0.655383
-0.920760;-2.343184;0.687356;-0.483756;-0.124758;-0.909106;-0.390973
-0.974890;-2.251697;0.711093;-0.389157;0.605301;-2.113646;-0.392159
-0.977870;-2.304132;0.682188;-0.470611;0.080581;-1.069211;-0.546157
-0.753677;-2.326191;0.838417;-0.598734;-0.828714;0.250513;-0.535436
-0.840172;-2.123679;0.935890;-0.482831;0.166293;-1.300836;-0.379839
-0.950513;-2.112243;0.762472;-0.273325;0.326779;-1.718754;-0.262416
-0.917549;-2.155883;0.748947;-0.254318;0.208722;-1.361145;-0.370234
-0.815308;-2.328447;0.656076;-0.316793;-0.251496;-0.393895;-0.692073
2.249054;-0.269713;-16.787046;2.704990;1.483690;-0.920880;-1.668296
2.388847;0.215363;-15.817786;3.888656;1.542336;-1.270834;-1.217772
-0.349279;-1.917468;1.066586;0.953430;-1.235297;1.022879;-0.250272
-0.183519;-1.586932;0.728331;0.699636;-1.959234;1.946547;-0.306640
-0.165645;-1.300189;0.839776;0.828595;-1.756544;1.637358;-0.246938
-0.008433;-1.232680;0.872467;0.911946;-1.526154;1.580031;-0.228844
-0.448919;-1.461488;1.087492;1.017935;-1.320823;1.450872;-0.782820
-0.328937;-1.678111;1.081545;1.080453;-1.338093;2.001307;-1.264197
-0.233350;-1.719193;0.821608;1.098694;-1.566019;1.909371;-0.859742
-0.412832;-1.795385;0.828868;1.050285;-1.257974;1.028878;-0.394965
-0.240364;-2.079663;0.876428;1.357079;-1.372707;1.768282;-0.825657
0.001163;-2.021129;1.245936;1.204378;-0.383726;1.111982;-0.586714
-0.021379;-1.955951;1.310579;1.291039;0.011373;1.370542;-0.658303
-0.554196;-1.955439;1.042365;1.835020;-0.444388;0.482841;-0.967920
-0.612229;-1.953800;1.054061;2.095947;-0.628446;0.901242;-1.182676
-0.210759;-1.853050;0.972407;1.994587;-1.395900;1.620020;-0.843587
-0.098549;-1.914860;1.259083;2.074363;-1.532072;1.975094;-0.810040
-0.453342;-1.959297;1.324925;2.104965;-0.761821;0.787157;-0.764206
-0.523479;-2.032342;1.062649;2.284920;-0.973037;0.725246;-0.457385
-0.487331;-1.912165;1.162285;2.476819;-0.363070;0.341059;-0.493850
-0.498206;-1.592218;1.191861;2.475300;0.003733;-0.319660;-0.133421
-0.517688;-1.300265;1.471873;2.252405;-0.004893;-0.083503;-0.706854
-0.364540;-1.297431;1.446304;2.228379;0.115841;0.084581;-0.697019
3.181880;0.565949;-7.479639;2.696371;0.785802;1.086315;-0.787629
0.820759;-1.138525;-7.264313;1.429751;0.154573;-0.161401;-0.842857
-0.592948;-1.965731;0.776473;0.327903;-0.120570;-0.582379;-0.417590
-0.711944;-2.007983;1.023575;0.403183;-0.303230;-0.592388;-0.287258
-0.890592;-1.954653;1.131215;0.589296;0.494937;-1.500373;-0.698582
-0.677210;-1.956427;0.733040;0.362127;-0.678202;0.051462;-0.327685
-0.439264;-1.838025;0.669416;0.026014;-1.156442;0.585292;-0.326526
-0.423298;-1.804100;0.642740;-0.113867;-1.296172;0.835132;-0.343043
-0.535212;-1.982000;0.906733;-0.073447;-1.351837;1.033351;-0.537624
-0.400620;-1.924746;0.882534;0.012926;-1.843818;2.021952;-0.802861
-0.332719;-1.892567;0.731680;0.434656;-1.154712;0.917382;-0.568228
-0.568443;-1.898875;0.766673;0.569881;-0.749953;0.603887;-0.752622
-0.632979;-1.911552;0.839955;0.932579;-0.857793;0.855023;-0.875100
-0.815524;-1.802076;1.247763;1.229220;0.408499;-1.102769;-0.518864
-0.490401;-1.997895;1.158611;0.848886;-0.565256;0.487727;-0.736461
-0.525785;-1.897008;1.160284;1.053726;1.967256;-1.218419;-0.935847
-0.465267;-1.957714;0.774766;0.488075;-0.513432;0.360175;-0.639174
-0.478066;-2.220895;0.785451;0.653471;-0.967388;0.600185;-0.365208
2.342777;-0.023030;-16.593330;3.591817;1.634015;-1.273763;-1.441222
2.828586;-0.563205;-16.023831;3.002712;0.515163;0.112400;-0.930600
0.258248;-2.277827;0.922577;0.208471;-2.364406;2.379466;-0.066642
-0.018213;-1.802326;0.835053;0.707758;-1.175322;0.804457;0.018425
-0.238292;-1.976415;0.897646;1.190727;-1.180083;0.560060;-0.044998
0.029339;-2.118876;0.809584;1.067804;-2.068915;1.980525;-0.261850
0.151769;-2.662895;0.975847;0.768837;-2.193540;2.199048;-0.173650
0.166907;-2.525320;1.005571;0.694726;-1.845941;1.646867;-0.026494
-0.043050;-1.913893;0.796567;0.777362;-1.499497;1.157192;-0.057763
-0.652357;-1.806349;0.983518;1.319692;0.303795;-0.959711;-0.487683
-0.628181;-1.885114;0.964907;1.276440;0.088870;-0.891001;-0.405142
-0.289872;-2.179576;1.064319;1.097045;-1.516192;1.265737;-0.224290
-0.395818;-2.592298;1.089559;1.236868;-1.271198;1.397836;-0.887951
-0.573332;-2.543780;0.885928;1.420265;-0.470726;0.142360;-0.742552
-0.519158;-2.314297;0.903906;1.350918;-0.969769;0.605808;-0.695332
-0.362189;-2.161902;0.906324;1.392469;-1.335566;1.650253;-0.942439
-0.578411;-2.111049;1.361470;1.976495;-0.018729;-0.229743;-0.515836
-0.489296;-2.250599;1.302775;2.134784;-0.515902;0.440185;-0.614968
-0.148143;-2.426138;0.835843;1.654184;-1.791413;2.442619;-1.025851
-0.654284;-2.445740;1.016458;1.851868;-0.141781;-0.365696;-0.743538
-0.551455;-2.455689;0.942297;1.765058;-0.706167;0.336350;-0.550441
-0.013210;-2.054837;1.182063;1.368243;-1.054531;1.297847;-0.160508
-0.186580;-2.039199;1.137296;1.244580;-0.945776;1.247115;-0.448177
0.028666;-2.060243;0.748308;1.253832;-2.656461;3.067820;-0.448927
0.355391;-1.941181;0.823615;1.528608;-2.516956;2.795995;-0.536924
0.498846;-2.093629;0.724373;1.277556;-2.883857;3.730664;-0.593752
2.678259;-0.062318;-16.558106;4.146013;1.056084;-0.505052;-1.236041
0.832116;-1.614300;-6.493979;2.207983;-0.026062;-0.288578;-0.610293
-0.605056;-2.598457;1.460494;1.045726;-0.824393;-0.002933;-0.187407
-0.589357;-2.664270;0.877323;1.306560;-0.693358;0.032655;-0.466738
-0.439738;-2.770442;1.023498;1.091336;-1.301793;0.811806;-0.292481
-0.374223;-2.796963;1.121488;1.411824;-1.284047;1.370110;-0.737930
-0.507438;-2.522755;0.930680;1.796048;-1.141709;0.998568;-0.710851
-0.367813;-2.426021;0.995918;1.901004;-0.534105;0.643329;-0.825695
-0.256675;-2.391961;0.928576;1.746027;-0.877378;0.998660;-0.763160
-0.476574;-2.530652;1.139773;1.549674;-0.834727;0.720293;-0.661046
0.161296;-2.433851;1.648642;1.580403;2.827831;-0.500517;-0.325119
0.012796;-2.392212;1.422922;1.627194;3.041085;-0.718978;-0.318168
-0.602938;-2.582484;0.923065;1.574577;-0.361754;-0.387859;-0.489851
-0.191381;-2.757449;0.748623;1.471467;-2.219894;2.421527;-0.677724
-0.380667;-2.633102;1.166015;1.907866;-0.962408;0.902272;-0.539341
-0.323676;-2.698774;1.068571;1.625038;-1.689387;1.795046;-0.613638
-0.611707;-2.474701;0.997435;1.721747;-0.137959;-0.454777;-0.564528
-0.361699;-2.425859;0.862452;1.541204;-1.652163;1.887875;-0.694829
-0.294585;-2.229441;0.850901;1.518395;-1.165190;1.251948;-0.777180
-0.424080;-2.329294;1.222913;1.706691;-0.478415;0.328620;-0.706983
-0.547301;-2.438065;1.266545;1.823682;-0.544254;0.305231;-0.698000
-0.591587;-2.517948;0.953750;1.815773;-0.245574;0.220516;-1.077193
-0.309517;-2.544657;0.888424;1.605934;-0.852019;0.743791;-0.577055
-0.553538;-2.434110;0.968792;1.686603;-0.599576;0.468270;-0.766231
-0.557329;-2.297340;1.303417;1.873999;-0.136586;0.028819;-0.819059
-0.716570;-2.340282;1.224969;1.913077;-0.864737;-0.240211;-0.065938
-0.702275;-2.177089;0.995059;2.080700;-0.418873;-0.656783;-0.365673
-0.621350;-2.145162;1.013813;2.077440;-0.426882;-0.362049;-0.312340
-0.699264;-2.276679;1.155030;2.338854;0.274248;-0.807812;-0.865445
-0.821905;-2.369450;1.396024;2.282326;0.276298;-0.949367;-0.634815
-0.651687;-2.369400;1.251539;2.116828;-0.690333;0.221851;-0.398626
-0.569871;-2.489950;1.028519;2.175628;-0.056155;-0.507376;-0.714659
-0.210282;-2.254762;0.968980;1.848232;-1.258258;0.730112;-0.113125
-0.292804;-2.203162;1.065726;1.970400;-0.382677;0.293912;-0.543581
-0.412405;-2.045520;1.350084;1.658422;0.476772;-0.526477;-0.483730
-0.309369;-2.053590;1.243159;1.259882;-0.094969;0.162994;-0.320055
-0.325498;-2.321682;1.033036;1.621359;-0.197998;0.286960;-0.167043
0.318159;-2.348243;0.878209;1.675930;-2.302194;3.064920;-0.738677
-0.335442;-2.078871;1.060865;2.271676;-0.989168;0.925283;-0.511716
-0.641929;-2.209619;1.326473;2.229954;-0.650702;-0.027269;-0.393640
-0.527220;-2.214940;1.417645;2.299600;0.395477;-0.493962;-0.579845
-0.527989;-2.091795;1.128122;2.191706;0.401403;-0.457598;-0.739517
0.294970;-1.558755;-4.077450;2.545108;-0.304643;0.503260;-0.887776
-0.527807;-0.895685;0.563606;-3.063952;0.137493;-0.798752;0.172064
-0.270189;-0.979990;0.012836;-3.552532;-1.111811;-0.008852;1.354260
-0.129853;-0.943722;-0.039107;-3.565429;-1.552413;0.344969;1.556013
-0.201923;-0.754131;0.136758;-3.122671;-1.302259;0.357530;1.149129
-0.861679;-0.823496;0.638235;-2.477088;0.093982;-0.864120;-0.043946
-0.691760;-0.551220;0.617686;-2.864646;-0.426989;-0.548509;0.373398
-0.755497;-0.386365;0.432986;-2.717786;0.688339;-1.471821;0.171864
-0.962331;-0.637376;0.316778;-2.724468;0.209796;-1.519228;0.288588
-1.072049;-0.488029;0.308971;-2.838592;0.193923;-1.964710;0.485607
-1.075850;-0.655351;0.563033;-2.766637;0.461316;-1.822028;0.304759
-1.056354;-0.690561;0.563421;-2.726792;0.580125;-1.796254;0.096766
-0.336143;-0.002408;0.923341;-2.889274;4.734236;-1.631915;0.731336
-0.365047;-0.182481;0.782594;-2.891267;3.317782;-0.954945;0.678290
-0.933069;-0.789542;0.339633;-2.757090;0.419811;-1.462067;-0.145128
-0.800091;-0.882495;0.519276;-3.019272;0.112187;-1.096064;0.249373
-0.981194;-0.801287;0.507736;-3.194544;0.514311;-1.947556;0.401664
-0.987021;-0.797414;0.264568;-3.072936;0.089263;-1.381270;0.391794
-0.835131;-0.917794;0.243415;-2.939892;-0.025473;-0.379167;-0.231911
-0.886141;-0.924938;0.307048;-2.729931;0.381982;-0.745210;-0.140777
-1.082150;-0.630054;0.562062;-2.842429;0.409319;-1.828568;0.079870
-0.488387;-0.839983;1.011977;-2.757483;3.039685;-0.005810;-0.853158
0.309564;-0.912907;-0.104566;-3.752476;0.441794;2.020234;0.406236
0.352668;-1.093902;-0.585414;-4.174938;-0.287093;2.781348;0.529292
4.875749;1.437004;-0.539307;-4.161537;-2.160778;3.353169;2.783664
10.163441;4.077717;-16.882304;0.193079;-3.461084;2.327292;1.920930
2.168168;1.771142;-16.504757;0.796526;1.715989;-2.350886;0.099016
-0.804024;-0.012990;0.705478;-2.468905;0.107275;-1.784348;1.046764
-0.635781;0.103451;0.443697;-2.627059;-0.162704;-1.538956;1.236636
-0.680333;-0.001856;0.466032;-2.222802;-0.278569;-1.489411;1.407194
-0.098620;-0.041858;0.619541;-2.355118;0.303016;-0.014744;0.663781
0.154734;-0.300849;0.637218;-2.571706;-1.502955;1.113077;0.506226
-0.011139;-0.388050;0.530691;-2.641049;-1.906030;0.932134;0.909362
-0.253130;-0.233851;0.322368;-2.702057;-0.878068;-0.441719;1.295995
-0.928255;-0.181680;0.435667;-2.551860;0.043989;-1.701930;0.535162
-0.920897;-0.197272;0.428291;-2.500209;0.012529;-1.608983;0.379797
-0.867408;-0.277550;0.620188;-2.628872;-0.380332;-1.114145;0.469387
-0.939816;-0.353157;0.620123;-2.583746;-0.196050;-1.350191;0.363495
-1.020928;-0.320662;0.427347;-2.419144;0.229363;-1.860175;0.357854
-0.952974;-0.205099;0.399622;-2.552592;0.064545;-1.852436;0.710773
-0.971354;-0.274084;0.415478;-2.380092;0.064756;-1.761511;0.559400
-0.740227;-0.208411;0.920997;-2.359399;1.518349;-1.199976;0.117682
-0.629442;-0.129566;0.839575;-2.555799;0.983575;-1.034019;0.202167
-0.800324;-0.355396;0.321587;-2.676363;-0.589714;-0.669399;0.588176
-0.769237;-0.454962;0.283366;-2.843848;-0.534318;-0.358276;0.301553
-0.968753;-0.381317;0.340303;-2.756745;-0.099579;-1.293827;0.285716
-1.025658;-0.365624;0.597530;-2.904089;-0.009117;-1.487652;0.274685
-0.553361;-0.315953;0.869430;-2.665234;1.784213;-0.989686;-0.193179
-0.602141;-0.239229;0.575876;-2.645626;1.202400;-0.924870;-0.028507
0.837860;-0.080918;0.739754;-2.913594;1.914977;-1.497096;0.770241
13.350563;2.191398;1.405343;-2.303981;-2.098861;5.059959;3.296838
23.173014;5.592035;-14.862192;1.668868;-5.053965;4.323123;2.819184
3.136827;1.690911;-16.825165;0.868870;1.038875;0.120780;-0.171757
-0.055887;-0.199948;0.650120;-2.263960;-0.118063;0.260162;0.714933
-0.569911;-0.195263;0.490452;-1.987155;-0.584850;-0.765298;1.030911
-0.014712;-0.068511;0.282506;-2.858992;-1.765567;0.375269;1.572947
-0.115214;-0.062000;0.302418;-2.864013;-1.617021;0.368809;1.352780
-0.461445;-0.060706;0.640337;-2.566616;-1.186095;-0.362474;1.278620
-0.801198;-0.117621;0.688755;-2.442780;-0.590681;-1.045611;0.997851
-0.819715;-0.014292;0.524994;-2.174173;0.190032;-1.884807;0.787928
-0.679646;-0.100424;0.401650;-2.567592;-0.839724;-0.666679;0.944757
-1.000803;0.030172;0.527032;-2.392274;0.455074;-2.248874;0.405777
-0.948935;-0.041689;0.720630;-2.436101;-0.240670;-1.591558;0.833879
-0.930116;-0.120678;0.716032;-2.322427;-0.221113;-1.451057;0.691208
-0.828453;-0.068563;0.487638;-2.305775;-0.100366;-1.327831;0.480586
-0.820572;-0.094254;0.474232;-2.339605;-0.182063;-1.422918;0.671158
-1.080272;-0.211566;0.560122;-2.082712;0.256977;-2.114450;0.649767
-0.957036;-0.258317;0.742595;-2.393379;-0.020640;-1.597827;0.535699
-0.721310;0.014113;0.650921;-2.590636;-0.748882;-0.923953;1.005684
-0.916532;0.073939;0.497798;-2.245998;0.058092;-1.482770;0.618497
-0.962264;0.078349;0.513999;-2.268577;0.159561;-1.788024;0.593989
-0.938452;-0.158841;0.465825;-2.334959;-0.142727;-1.283434;0.452944
-1.019892;-0.276009;0.734517;-2.371206;-0.058239;-1.542821;0.395133
-1.065631;-0.283351;0.754988;-2.409916;-0.090994;-1.235840;0.158685
-1.006809;-0.046375;0.474582;-2.362906;0.075189;-1.464159;0.327097
2.440476;1.621829;0.398234;-2.938788;0.593806;0.624899;1.719448
24.158639;5.024437;4.015858;-1.611753;-2.704004;4.395836;5.170199
30.487733;8.688112;-10.808439;3.074963;3.128368;0.279436;3.294594
1.992870;1.771169;-16.544696;0.797881;1.393202;-1.425844;-0.884115
-0.977699;-0.101848;0.681237;-2.545403;-0.090493;-0.946796;-0.294055
-0.959377;-0.298921;0.421890;-2.468551;0.006137;-0.942139;-0.302550
-0.403540;-0.184298;0.491460;-2.838895;0.596818;-1.020854;0.608560
0.474149;-0.374135;0.053891;-3.546665;-2.072335;1.506654;1.163494
0.589712;-0.360754;0.183187;-3.669113;-2.535300;1.727115;1.559741
-0.213959;-0.007924;0.541070;-2.920004;-1.771894;0.599906;0.921408
-0.609032;0.062356;0.365288;-2.725884;-0.971821;-0.011990;0.526009
-0.525820;-0.104471;0.272681;-2.821419;-1.179969;0.456638;0.414225
-0.071911;-0.355384;-0.011136;-3.328881;-1.577640;1.264639;0.443945
-0.425184;-0.592161;0.343777;-3.203611;-0.456217;0.535105;0.029237
-0.078633;-0.064571;0.331537;-3.387755;-2.014903;0.629284;1.350587
-0.450522;0.070415;0.349748;-2.737519;-1.523178;0.412180;0.658252
-0.595935;0.034915;0.331885;-2.746246;-1.583872;0.547457;0.429940
-0.694723;0.080257;0.273824;-2.975558;-0.417860;-0.293639;-0.113906
-0.862306;0.045584;0.580318;-2.988627;-0.004034;-0.546988;-0.187765
-0.763087;-0.064472;0.505135;-3.145766;-0.585479;-0.145940;0.009981
-0.520220;-0.107063;0.177776;-3.248859;-0.914391;0.048612;0.574585
0.440927;0.390069;0.099534;-3.109506;-2.525142;1.174052;1.698482
0.305992;0.379849;0.179455;-2.962240;-2.360535;1.074895;1.605530
-0.626060;0.050607;0.603106;-2.932562;-0.625382;-0.376493;0.477735
-0.947506;0.109170;0.637046;-2.963831;-0.000069;-1.473530;0.290442
-1.214267;0.160716;0.446335;-2.825135;0.674214;-2.416735;0.156383
-0.999023;-0.219875;0.460652;-2.647859;0.339858;-1.242354;-0.329244
-0.435069;0.059215;0.259761;-3.093049;-1.313926;-0.049959;0.980567
2.688574;1.399496;0.912346;-3.039881;-0.984511;1.790786;1.450981
21.738073;6.201125;4.790173;-2.663620;-1.638599;3.917111;2.819956
95.761087;9.938338;13.690115;4.850084;-12.297578;-10.871283;-9.571730
2.319574;0.792016;-16.663785;0.762861;0.793738;-0.181163;-1.292609
-0.186043;-0.717995;0.141085;-3.284714;-1.828466;1.550759;0.629260
0.184395;-0.189644;-0.946052;-4.433209;-1.182169;2.504726;1.608392
0.050088;-0.115153;-0.938436;-4.357035;-0.775550;2.240377;1.221719
-0.788653;-0.309682;0.129170;-2.976126;-0.359389;0.121729;-0.421924
-1.079341;-0.254947;0.679013;-2.607871;0.163908;-0.805213;-0.691069
-1.091360;-0.343886;0.738404;-2.470501;0.442563;-0.912031;-1.025186
-0.993122;-0.181092;0.419174;-2.508106;-0.143099;-0.182103;-0.928785
-1.263465;-0.009780;0.522264;-2.389446;0.817548;-1.743281;-0.844873
-1.148371;-0.030957;0.357602;-2.768845;0.236963;-1.014552;-0.722623
-0.749276;-0.132424;0.391451;-3.118701;0.315964;-0.320064;-0.487337
-0.825323;-0.117257;0.393137;-3.085846;-0.024968;0.149055;-0.356792
-1.238688;0.023901;0.497214;-2.464559;1.143915;-1.683723;-1.046240
-1.016555;0.066113;0.423020;-2.636810;0.216312;-0.963573;-0.457496
0.596149;-0.410135;0.088188;-2.712146;-2.312683;2.323982;0.392847
0.404489;-1.103607;0.703281;-1.743821;-1.497146;1.604030;-0.381707
-0.016656;-1.233813;0.963330;-1.389203;0.594957;1.750570;-0.196677
0.127717;-0.990692;0.634580;-1.668491;0.451633;2.205204;0.536475
-0.428611;-0.720410;0.681567;-1.815696;0.383646;-0.465630;-0.050261
-0.346380;-0.740385;0.699261;-1.835917;0.778332;-0.266520;-0.086084
-0.842440;-0.463104;0.884451;-2.103492;0.643061;-1.269906;-0.501210
-0.923888;-0.571414;0.800325;-1.946390;0.143608;-1.070934;-0.397576
0.596917;0.156400;-7.857297;-0.368859;0.726018;-0.700840;-1.065215
-0.128447;-0.926906;-0.127280;-2.497643;-0.587861;1.184604;-0.442702
-0.599412;-0.926849;0.208932;-2.781722;-0.642724;0.537366;-0.718513
-0.013608;-0.534731;-0.340833;-3.862010;-1.711072;2.065794;0.777038
0.363055;-0.187745;-1.086398;-4.984989;-0.950466;3.159211;1.742090
0.912877;-0.176316;-1.833151;-5.861241;-1.003820;4.918406;2.886565
-0.651946;-0.358391;0.097274;-3.764899;-0.144539;0.582517;0.311452
-1.027114;-0.365701;0.199072;-3.013558;-0.388204;-0.306753;-0.135512
-0.270500;-0.031452;-0.062893;-3.638137;0.079971;0.760078;0.339144
-0.032806;0.122860;-0.378402;-4.102991;-0.021922;1.268691;0.940949
-0.520881;0.105469;0.171110;-3.694260;-0.355605;0.211007;0.531330
-0.713871;0.207349;0.427836;-3.283826;-0.925802;0.074528;0.409442
-1.013528;0.365014;0.476350;-2.710097;0.332087;-1.359965;-0.191446
-0.959011;0.194502;0.444898;-2.744517;0.419387;-1.220277;-0.324518
-1.016358;0.047735;0.416939;-2.724417;0.435736;-0.895354;-0.719887
-0.907767;0.219902;0.609146;-3.033569;0.211597;-0.676269;0.095911
-0.887935;0.287606;0.627035;-2.899927;-0.401534;-0.295132;0.152475
-0.810439;0.349691;0.495824;-2.716866;0.642884;-0.705583;-0.708630
-0.764498;0.466622;0.436669;-2.982042;0.553082;-0.821066;-0.324453
-0.914125;0.376778;0.519646;-2.822644;1.214484;-1.423676;0.148767
-0.320538;-0.095905;0.622288;-2.919214;0.456866;0.540244;-0.611738
-0.198684;-0.001402;0.631764;-2.950261;0.163172;0.689183;-0.671690
4.266207;2.331461;0.143199;-3.988623;0.224537;2.840251;1.496413
32.857034;4.828275;7.136608;-4.401661;1.752957;6.247667;3.015294
90.706196;7.095181;23.711165;2.238733;-12.640296;-9.687184;-7.751141
118.455114;11.045911;9.528326;6.318279;-16.957425;-17.167767;-12.465603
2.994894;1.260918;-18.087574;-1.169904;1.253925;1.544436;0.708834
-0.140117;-0.495511;-0.750788;-4.209869;-0.473383;1.337201;1.002084
-0.712990;-0.499009;0.011067;-3.344603;-0.809555;0.279520;-0.057014
-0.168103;-0.485912;-0.359069;-4.020234;-1.176153;2.117305;0.822475
-0.487470;-0.341351;-0.058943;-3.893882;-0.396807;1.234873;0.205643
-0.461601;-0.316743;-0.304783;-3.801752;-0.103017;0.674796;0.364792
-0.352728;-0.189763;-0.459675;-4.050964;0.356925;0.676908;0.827797
-0.267068;-0.110692;-0.835592;-4.470404;-0.185042;1.330634;1.226130
-0.125934;-0.422881;-0.495623;-4.260318;-0.521199;1.829101;0.806389
-0.825704;-0.340917;0.668523;-2.904512;0.886612;-1.115579;-0.527809
-0.946936;-0.066111;0.545584;-2.814450;1.441243;-1.901012;-0.375092
-0.623953;-0.082390;-0.100401;-3.610557;-0.129657;-0.048150;0.402368
0.005041;0.062428;-0.550992;-4.483771;-0.931259;2.186881;1.167908
-0.019161;-0.041750;-0.724960;-4.570160;-1.005858;3.727335;0.810403
-0.199295;0.067308;-0.659712;-4.263248;-1.019749;2.814181;0.592391
-1.119511;0.254689;0.251799;-2.861858;0.073841;-0.445465;-0.641474
-0.738960;0.440751;0.256587;-3.150391;0.216557;0.104882;-0.282888
-0.385254;0.214134;0.261901;-3.244287;1.165183;1.112253;-0.894181
0.377275;-0.034172;-0.013829;-3.803366;-0.220025;3.511370;-0.455282
0.867176;-0.135652;-0.467615;-4.335557;-1.875824;4.969077;0.321105
-0.087143;-0.295472;-0.463476;-3.846693;-0.714229;2.446589;0.464348
0.024948;-0.084232;-0.781222;-4.233010;-1.392770;2.703060;1.185318
0.225502;-0.044007;-1.255671;-4.697885;0.209581;2.956326;1.534604
0.243336;-0.168098;-0.935733;-4.707925;0.432724;3.102846;1.528159
0.139392;-0.082748;-1.073451;-4.982251;-0.197003;2.971654;1.530869
-0.292953;0.042052;-0.763288;-4.307802;0.113250;1.353643;0.856156
-0.823903;0.097818;-0.111727;-3.621938;0.757155;-0.360222;-0.083016
-0.226833;0.055825;-0.814154;-4.458536;-0.216424;1.764697;1.035373
-0.343995;-0.159159;-0.456656;-4.269840;0.009555;1.620345;0.705466
-0.389842;-0.141341;-0.317886;-4.053819;0.173483;1.511686;0.476669
-0.683403;0.137767;-0.034515;-3.634890;0.026740;0.354740;0.114653
0.196936;0.024529;-0.475405;-4.049301;-0.136279;3.389719;1.187599
0.134624;-0.094778;-0.645086;-4.039313;1.605673;3.506290;1.037688
0.098686;0.016146;-0.719172;-4.605467;0.660140;2.745422;0.840481
-0.543975;-0.014718;0.273017;-3.511884;1.350067;0.485834;-0.428618
-0.595436;0.181371;0.485271;-3.054220;2.639109;-0.239340;-0.534134
-0.711816;0.173727;0.566663;-2.862460;2.322766;-0.063679;-0.630257
-1.278530;0.244238;0.359218;-2.866537;1.147380;-2.153867;-0.675019
-1.303774;0.194188;0.701463;-2.804785;1.112611;-2.223679;-0.551666
-0.637149;0.056433;-0.164542;-3.916907;-0.222152;0.643022;0.799761
-0.514796;0.177817;-0.576788;-4.267461;0.145671;0.774305;0.925742
-0.289909;0.109750;-0.670775;-4.345070;-0.455034;1.977791;0.776615
-0.480819;0.070659;0.175611;-3.343407;1.368968;0.364325;-0.731997
-0.252952;-0.001827;0.206128;-3.635230;1.606023;0.919560;-0.519757
-0.072869;0.248813;-0.669207;-4.546974;-0.184403;2.472445;0.763658
-0.241834;0.016700;-0.578638;-4.105248;0.012632;2.057971;0.595024
0.258595;0.000642;-1.513569;-4.847250;0.242583;3.305995;1.514670
-0.850111;0.062307;-0.067577;-3.330517;-0.098003;0.245264;-0.211064
-0.652368;-0.391524;0.629081;-2.702466;0.853972;0.344164;-0.806384
-0.139114;-0.163514;0.158215;-3.525542;0.090339;1.413977;0.130369
0.100116;0.117723;-0.680373;-4.383034;0.344798;2.506940;0.880194
0.993266;0.089609;-1.871886;-5.396704;1.135972;5.133026;1.428900
-0.022598;0.142184;-0.746170;-4.337054;-0.429919;2.593052;0.708005
-0.815735;0.285860;0.242285;-3.506865;-0.696730;0.173296;0.381187
-0.169305;0.369744;-0.514181;-4.365823;-0.757150;1.431647;1.219879
0.489938;0.081407;-1.575622;-5.147979;-0.502993;3.592582;1.966414
0.571585;-0.089722;-0.683114;-4.532837;0.339885;3.152046;1.261799
0.879843;0.011492;-1.076488;-4.852566;-0.127503;3.741104;1.905103
-0.770978;0.099637;0.411751;-3.238353;-0.342244;-0.228690;0.232579
-0.726058;0.149232;0.921524;-2.742767;2.502383;-1.352704;-0.803391
-0.702072;0.177050;0.664937;-2.647689;2.864135;-1.437125;-0.929940
-1.007686;0.165966;0.253007;-2.931652;0.359141;-0.929048;-0.442924
-0.947725;0.282917;0.287096;-3.130710;0.400321;-1.013089;-0.164199
0.011670;0.020401;-0.522846;-4.338637;-0.739904;1.810744;1.151324
-0.864856;0.020631;0.311350;-3.418441;0.406365;-0.607984;-0.352274
-0.479028;0.063418;-0.438219;-3.956698;-0.334371;1.120181;0.404596
-0.263204;0.132391;-1.067346;-4.643621;0.299192;1.623527;1.398639
-0.622603;0.083394;-0.486845;-3.965320;0.517722;0.506430;0.430787
-0.991633;-0.030057;0.247577;-3.462403;0.440527;-0.224231;-0.176147
-0.239303;0.023421;-0.465724;-4.540643;-0.032931;1.577670;1.276071
-0.592399;0.033508;-0.139474;-3.523400;0.469008;0.002714;0.170105
-0.935833;-0.023244;0.341993;-2.857138;1.096481;-1.368763;-0.829855
-0.563277;-0.020351;-0.426532;-3.743193;0.155498;0.498433;0.356400
-0.174312;0.064998;-0.752457;-4.867017;0.011717;2.063136;1.274245
-0.208433;0.066106;-1.030142;-4.860689;0.456236;1.847807;1.131397
0.340890;0.323706;-1.329990;-5.106950;0.654183;2.493585;1.768597
0.037407;0.108990;-0.842182;-4.484168;-0.075303;2.073311;1.346175
0.844897;0.831639;-8.056804;-1.894847;0.351958;0.273987;0.176465
-0.045561;-2.522392;1.604570;3.557649;0.091939;1.551006;-0.469697
-0.163325;-2.473850;1.291115;3.560725;-0.036791;1.157990;-0.578619
-0.464835;-2.531740;1.172199;3.668385;-0.737458;0.601094;-0.711116
-0.242008;-2.547175;1.272632;3.652048;-0.293056;1.095284;-1.122307
-0.156852;-2.684442;1.463317;3.314876;-1.000834;2.111707;-1.227361
-0.244162;-2.812017;1.241234;2.977862;-1.395174;1.389598;-0.355160
-0.253904;-2.666532;1.064551;3.135357;-1.015653;1.120018;-0.461844
-0.136517;-2.905286;1.072418;3.205847;-1.448138;1.537768;-0.346857
-0.610571;-2.456296;1.139045;2.937012;-0.511238;-0.129097;-0.271641
-0.020018;-3.000353;1.374958;3.226909;-0.624525;1.273534;-0.962572
-0.234279;-2.593914;1.432184;3.325363;-0.829418;1.782516;-1.235152
-0.144654;-2.641922;1.105155;3.259466;-1.113789;1.809794;-0.989788
-0.404550;-2.444834;1.179063;3.119181;0.010771;0.823277;-1.040383
-0.395787;-2.373978;1.060570;3.079973;-1.187428;2.005224;-1.299839
0.088582;-2.532859;1.426081;3.521825;-1.391681;2.266564;-0.947239
-0.154599;-2.329001;1.495989;3.693921;-0.776310;1.290835;-0.769740
-0.080853;-2.494440;1.056422;3.438054;-1.438129;2.210332;-0.964903
-0.603588;-2.252681;1.150242;3.190693;-0.556218;0.312031;-0.760529
-0.525301;-2.373505;1.204586;3.384180;-0.165255;0.047764;-0.707391
-0.330859;-2.533509;1.372814;3.209965;-1.047740;1.552411;-0.871612
-0.188164;-2.543729;1.315946;2.968756;-1.441352;1.532296;-0.432413
-0.483007;-2.561350;1.157961;3.118733;-0.243041;0.280826;-0.630050
-0.572502;-2.751396;1.100051;3.083742;-0.676720;0.718639;-1.053067
-0.235872;-2.448128;1.067248;2.844751;-1.310850;1.706122;-0.736784
-0.094173;-2.562469;1.356310;2.992186;-1.264573;1.660463;-0.713638
-0.409271;-2.352237;1.330508;2.894503;-0.866522;1.185996;-0.843187
-0.314091;-2.324553;1.088790;3.106851;-0.881366;1.009817;-0.627714
-0.275978;-2.171254;1.098667;3.140563;-1.388505;1.581459;-0.881344
-0.354044;-2.107036;1.162620;3.250813;-0.526824;0.637870;-0.963611
-0.310122;-2.123889;1.351890;2.953209;-0.846285;1.076502;-0.673413
-0.243322;-2.080905;1.273874;2.648897;-1.717176;1.461151;-0.100455
-0.395594;-2.058548;1.095842;2.902599;-1.099091;0.936791;-0.521312
-0.310757;-2.181279;1.099873;3.059445;-1.100087;1.271366;-0.877726
-0.037903;-2.368717;1.031185;2.929137;-1.552234;2.114287;-0.789346
-0.170272;-2.680678;1.367335;3.167527;-1.006464;1.499638;-0.839610
-0.381208;-2.306787;1.407561;3.097732;-0.658780;0.778973;-0.662882
-0.371703;-2.236129;1.201263;3.296539;-0.815245;0.905615;-0.511188
-0.367878;-2.291936;1.198915;3.262593;-0.853369;1.351709;-0.816224
-0.272164;-2.559504;1.013669;2.887062;-1.527149;2.336153;-1.069963
-0.476390;-2.686299;1.385278;2.989707;-0.282431;0.267555;-0.857228
-0.160976;-2.693408;1.304157;3.070744;-1.496449;2.680843;-1.370353
-0.032857;-2.138130;1.155396;3.146174;-0.787871;1.087976;-0.689767
0.275230;-2.213552;1.144525;3.080268;-1.355577;1.920366;-0.731133
1.477683;-2.221093;0.985327;1.999259;-2.583176;4.484411;-1.350088
5.445168;-0.435706;-16.707971;4.014274;-2.168797;4.008965;-1.771343
2.688987;-0.418101;-16.290837;3.571675;1.107309;0.443388;-1.946791
-0.421702;-2.268906;0.812387;0.773000;-0.411863;0.461334;-0.850313
-0.465181;-2.071640;0.903347;0.840849;-0.562878;0.551699;-0.885457
-0.504383;-2.235435;0.844746;1.028293;-0.924000;0.747976;-0.873732
-0.636604;-2.105730;1.146580;1.044160;-0.864590;0.846455;-1.085598
-0.104608;-2.179311;1.020319;0.911048;-1.657376;1.595601;-0.264330
-0.257968;-2.403480;0.785013;1.137717;-1.491980;1.705882;-0.893791
-0.338355;-2.607739;0.867337;1.392084;-1.008658;1.024748;-0.661352
-0.040288;-2.508959;0.977700;1.509033;-0.489954;0.901770;-0.310825
0.176264;-2.298832;1.134505;1.055029;-1.018218;1.240929;-0.149941
-0.189643;-1.865185;0.959777;0.466720;-1.554217;1.237712;-0.128719
-0.201519;-2.394260;0.777920;1.166640;-1.374124;1.350468;-0.430584
-0.154228;-2.497865;0.792822;1.217481;-1.230688;1.315159;-0.489710
-0.390613;-2.313730;0.818195;1.093469;-0.639236;0.353620;-0.766562
-0.487681;-2.270810;1.085436;1.046690;-1.152365;0.759132;-0.459662
-0.360626;-1.885230;0.998551;0.687080;-1.352922;0.832943;-0.070954
-0.649923;-1.852577;0.883654;1.116710;-0.385315;0.385993;-0.737435
-0.263038;-1.724229;0.782885;0.796024;-1.332046;1.006720;-0.482721
-0.584946;-1.486413;0.968009;1.004251;-0.417768;0.334293;-0.814694
-0.568902;-1.447150;1.175578;0.994148;-0.942226;0.991319;-0.853402
-0.711654;-1.393648;1.237670;1.308647;-0.211294;-0.425199;-0.572419
-0.589785;-1.631591;0.935654;1.336130;-0.834701;0.970320;-1.039271
1.024567;-0.531434;-7.815277;2.503395;-0.677787;1.499496;-1.557617
2.379208;-0.232948;-16.244847;3.403916;0.757442;0.682018;-2.112142
-0.497473;-2.287025;0.790833;0.739057;-0.765478;0.822008;-0.960557
-0.707033;-2.342237;0.860291;1.145082;-0.004395;-0.625769;-0.750342
-0.637558;-2.479108;0.853783;1.079675;0.243591;-0.502880;-1.099981
-0.782018;-2.507771;1.172227;1.041383;0.203989;-0.729232;-0.950602
-0.278379;-2.254335;1.085432;0.568667;-0.670443;0.521185;-0.607980
-0.476135;-2.115812;1.000508;0.838282;0.430593;0.180522;-1.063892
-0.600222;-2.336822;0.896751;1.069607;-0.194590;0.147353;-1.028445
-0.471197;-2.238103;0.819781;1.037428;-1.293888;1.548616;-1.216628
-0.722689;-2.142230;1.212476;1.421505;-0.117982;-0.066624;-0.989120
-0.501296;-2.067120;1.099519;1.184583;-1.000082;1.068377;-0.604772
-0.324762;-2.306931;0.831017;1.282283;-1.455429;1.757093;-0.840857
-0.474722;-2.258161;0.938916;1.313787;-0.398935;0.563179;-0.971700
-0.647693;-2.266116;0.939513;1.293911;0.166085;0.031178;-1.274339
-0.484608;-2.535258;1.039125;0.839072;-1.175874;1.736804;-1.199733
-0.437749;-2.519583;0.970682;0.471624;-1.374677;1.669375;-0.965085
-0.427663;-2.578210;0.855351;0.530557;0.034328;0.140975;-0.377339
-0.287706;-2.413016;0.793429;0.465731;-0.862461;1.474911;-0.772145
-0.475851;-2.257248;0.810587;0.661791;-0.471670;0.758637;-1.034820
-0.683398;-2.137831;1.113658;0.620180;-0.242990;-0.182077;-0.611174
-1.014223;-1.940719;1.219501;0.736657;0.495973;-1.193157;-1.013559
-0.528472;-2.106086;1.042527;1.070909;1.115572;0.036877;-1.448639
1.018043;-1.199531;-7.780241;2.313089;0.818835;0.516849;-1.795338
2.685448;-1.032039;-15.709659;5.333672;0.908022;0.858648;-1.781334
-0.058358;-3.270352;1.192780;3.319453;-0.747954;2.130308;-1.039179
-0.035172;-3.333766;1.227047;3.432033;-0.463005;1.965217;-0.936592
-0.050469;-3.289951;1.064339;3.321551;-0.956908;1.013899;-0.349601
-0.026317;-3.403371;1.267102;3.234731;-1.436739;1.601000;-0.054944
-0.136768;-3.327763;1.313313;2.995449;-1.216346;1.560552;-0.571770
-0.073961;-3.344211;1.027326;3.085697;-1.376411;1.701413;-0.722284
-0.010377;-3.242069;0.995803;3.025006;-1.693243;1.640880;-0.241695
-0.481309;-2.805105;1.076705;2.857908;-0.674314;0.209520;-0.413875
-0.230362;-3.353431;1.304105;3.069671;-1.174777;1.149409;-0.295900
-0.143987;-3.085453;1.444986;3.168745;-0.306762;1.160911;-0.831131
-0.107091;-3.214514;1.032316;3.193737;-0.835888;1.262988;-0.477442
-0.580129;-2.808613;1.114460;3.014915;-0.025186;-0.500019;-0.415102
-0.447152;-3.056629;1.078730;3.101518;-0.501986;0.308130;-0.540984
-0.465305;-2.876171;1.472499;3.097208;-0.071078;-0.157877;-0.270743
-0.281289;-2.951698;1.241094;2.573161;-1.247148;1.141342;-0.097940
-0.377861;-3.207287;1.067285;3.089230;-0.232397;0.174170;-0.478977
-0.381166;-3.319845;1.010056;3.077706;-1.445546;1.527687;-0.613986
-0.304412;-3.378759;1.172370;3.449318;-0.625097;0.503160;-0.464465
-0.104487;-3.148202;1.345765;3.251586;-1.735132;1.567669;-0.322880
-0.355703;-2.860730;1.370814;3.210015;-1.012486;0.758066;-0.394819
-0.414334;-2.906032;1.156456;3.223541;-0.775909;0.679966;-0.498702
2.009121;-1.656126;-7.218096;4.153983;2.319671;1.671946;-1.526964
1.028683;-2.492965;-7.268662;1.808070;0.156892;0.102259;-1.025036
-0.136537;-3.450783;0.913196;0.159020;-1.256140;1.021825;-0.265555
-0.334074;-3.359283;0.980240;0.259576;-0.432771;0.473798;-0.819980
-0.376909;-3.342637;0.799926;0.642155;-0.308693;0.535482;-0.851048
-0.360365;-3.285506;0.792899;0.584298;0.138142;0.643907;-1.011793
-0.276055;-3.022569;0.706637;0.228815;-0.363323;0.345429;-0.280134
-0.097094;-3.586104;0.977828;0.647771;-0.811825;1.044145;-0.654352
-0.377400;-3.252851;1.120491;0.901265;-0.436252;0.502299;-0.705065
-0.252072;-3.074467;0.804022;0.890622;-0.952979;0.998118;-0.577033
-0.535070;-3.142562;0.842995;1.164620;-0.352706;-0.063166;-0.472879
-0.669117;-3.032270;0.860634;1.129038;-0.004102;-0.894522;-0.577139
-0.736198;-3.016614;1.118687;1.105549;0.007582;-0.916325;-0.474798
-0.702716;-3.076840;1.160041;1.308978;0.008265;-0.617162;-0.631062
-0.283264;-2.728064;1.033838;1.006073;0.940960;-0.875339;-0.480211
-0.067433;-2.654960;0.899618;0.916002;-0.375722;0.150892;-0.245995
-0.283229;-2.874707;0.918294;1.216725;-0.767038;0.497390;-0.432026
-0.219199;-3.023051;1.133292;1.324180;-0.974591;0.565142;-0.232786
-0.250200;-3.171661;1.118231;1.401646;-0.548775;0.407864;-0.426819
0.184505;-3.069569;0.971353;1.119187;-0.028716;1.440364;-0.844583
5.464229;-1.534613;-8.344942;0.681686;-0.696278;1.940028;-0.253435
2.198383;-0.187439;-15.872190;3.125884;1.890288;-1.948849;-1.328063
-0.235940;-2.707500;0.770846;0.665143;-0.857276;0.584306;-0.338755
-0.096771;-2.377071;0.848274;0.647371;-0.607170;0.440538;-0.383661
-0.188044;-2.333331;0.894516;0.760865;-0.484262;0.548164;-0.767465
-0.452226;-2.402694;1.069599;0.790534;-0.987879;0.695651;-0.639175
-0.391022;-2.414948;1.037838;0.648626;-1.143199;1.214498;-0.849392
0.280657;-2.322192;0.907440;0.398346;-0.140163;2.486982;-1.418194
0.300206;-2.377653;0.957785;0.400864;0.412717;2.205025;-1.366969
-0.397916;-2.529187;0.847408;0.466015;0.445965;0.113852;-0.756288
0.890785;-2.458813;1.702441;0.555689;3.862525;2.394396;-0.965976
0.783371;-2.535105;1.558177;0.486747;2.367204;2.721628;-0.775048
-0.177049;-2.836300;0.824061;0.771231;-0.990534;1.791212;-1.257632
0.022235;-2.942524;0.770667;0.600139;-1.165893;2.267684;-0.770196
-0.202601;-2.959304;0.732938;0.315775;-0.913432;1.003413;-0.369613
-0.256637;-3.304966;1.020686;0.612218;-0.663475;0.924727;-0.706041
-0.421629;-3.229776;1.192053;0.839926;0.378747;-0.058587;-0.875211
-0.157939;-3.196401;0.739218;0.532429;-1.136830;0.738634;-0.440019
0.059110;-2.865385;0.589089;0.254198;-2.303674;2.985107;-0.869018
-0.155201;-2.575423;0.745719;0.593650;-0.922221;1.096442;-0.510142
-0.153657;-2.459368;1.039959;0.440442;-0.613028;0.712619;-0.168362
-0.439820;-2.162577;1.026600;0.367352;-0.639377;0.323403;-0.579308
-0.621255;-2.238943;0.723537;0.272888;-1.064207;0.957241;-0.976634
-0.797172;-2.292073;0.852060;0.458506;-0.098080;-0.292761;-0.931016
-0.715443;-2.151263;0.971873;0.782913;0.737130;-1.003854;-0.771670
-0.343258;-2.353235;1.286912;0.728363;0.308971;0.172850;-1.094482
-0.334480;-2.284954;1.304009;0.927121;-0.034049;0.614616;-1.062852
-0.542430;-1.937725;0.893888;0.781527;-0.549884;0.052161;-0.567519
1.413382;-1.052688;-7.819400;1.983055;0.274217;0.662475;-1.045068
2.379718;0.612853;-16.132175;1.943148;0.827491;-0.123048;-1.501581
0.070899;-1.376267;0.536923;-1.089344;-1.774005;1.405257;-0.230306
-0.413965;-1.751270;0.735069;-0.369459;-0.776395;0.639428;-0.702453
-0.232213;-1.765590;0.616547;-0.432296;-1.392129;1.250456;-0.596884
-0.174884;-1.732076;0.711703;-1.150834;-2.224125;2.813447;-0.840771
-0.465942;-1.721506;0.809943;-1.154149;-1.163612;1.421902;-0.926317
-0.110456;-1.313354;0.466737;-1.252774;-2.059627;1.873923;-0.484279
-0.409252;-0.961762;0.568749;-1.178367;-1.182448;0.889542;-0.532049
-0.467201;-0.900945;0.417535;-1.534357;-1.719649;1.817890;-0.760863
-0.785635;-1.289570;0.712221;-1.470975;-0.868594;0.501760;-0.860449
-0.602256;-1.373980;1.043224;-1.203606;0.925601;0.632173;-1.276277
-0.549571;-1.301803;0.784757;-1.176673;1.005718;0.333081;-1.100003
-0.782146;-1.434793;0.520677;-1.322110;-0.686372;0.105401;-0.613953
-0.457117;-1.531628;0.449321;-1.793469;-1.156043;1.067165;-0.779612
-0.538246;-1.547233;0.551764;-2.460903;-1.678125;1.496328;-0.733579
-1.064348;-1.462941;0.662086;-2.202514;-0.163248;-0.749504;-0.649771
-0.655566;-1.484901;0.392702;-2.292662;-0.438426;0.080912;-0.335970
-0.454489;-1.432585;0.415103;-1.940831;-1.359096;1.236170;-0.558606
-0.285002;-1.158789;0.363492;-1.773827;-1.621415;1.651423;-0.595086
-0.580620;-1.263152;1.293300;-1.848144;-1.214970;1.072951;-0.501300
-0.968795;-1.142782;1.411266;-1.902309;-0.460745;-0.329116;-0.317598
-0.947764;-1.080457;0.495947;-1.707983;-0.905364;0.359551;-0.510734
-0.989902;-1.025602;0.552125;-1.363666;-0.207041;-0.317968;-0.965330
-0.422187;-0.986950;1.038947;-1.260296;0.747265;1.042237;-0.655646
-0.207006;-0.631782;0.871549;-1.484606;-1.255549;1.322352;-0.426156
-0.513122;-0.563794;0.689327;-1.088402;-0.723733;0.389013;-0.560977
-0.363478;-0.725750;0.606265;-0.814027;-1.612824;1.692139;-0.652327
-0.139280;-0.635224;0.637985;-0.420270;-2.077623;2.362845;-0.950361
-0.068495;-0.565734;1.087618;-0.101013;-1.295981;1.626735;-0.710140
-0.256519;-0.612887;1.149447;0.073521;-1.127126;1.587976;-1.000347
-0.043068;-0.852976;0.616401;-0.254947;-2.495459;2.913459;-1.083239
-0.088722;-0.946856;0.641016;-0.513361;-1.683821;1.192478;-0.344353
-0.088281;-1.040230;0.711022;-0.241797;-1.730198;2.055858;-0.873118
-0.624401;-1.026464;1.025985;0.066750;-0.982799;0.751303;-0.909182
-0.580944;-1.242627;1.006117;0.072327;-1.020937;1.034426;-0.930853
-0.498959;-1.504220;0.705486;-0.046683;-1.282959;1.578572;-1.054332
-0.627398;-1.411392;0.763834;-0.166589;-0.336052;0.505325;-0.988915
-0.444010;-1.315220;0.696764;-0.336371;-1.096545;0.972133;-0.665726
-0.495020;-1.294488;1.043191;-0.101621;-0.982073;0.810911;-0.587737
-0.594633;-1.351147;1.067299;0.013365;-0.406618;0.469530;-1.073243
-0.453597;-1.461190;0.590139;-0.402689;-1.347352;1.813333;-0.998961
-0.640904;-1.575675;0.724203;-0.172345;-0.290117;0.416682;-1.076808
-0.471338;-1.545092;0.629521;-0.591881;-1.109414;0.920308;-0.639919
-0.507112;-1.515219;0.918259;-0.759151;-0.264274;0.410846;-0.621935
-0.348358;-1.280101;0.915484;-0.777148;-0.404111;0.394119;-0.269508
-0.358554;-1.497472;0.679539;-0.508822;-0.849489;0.903756;-0.636559
-0.917462;-1.295701;0.735982;-0.680951;0.024956;-0.048095;-1.323772
-0.233492;-1.420826;0.669821;-0.674943;-0.738777;1.691296;-0.892387
-0.261731;-1.258784;0.917363;-0.530735;-1.574373;1.706902;-0.428600
-0.608529;-1.240102;0.943218;-0.574831;-0.988521;0.821818;-0.988147
-0.406649;-1.281061;0.782968;-0.547952;-0.424214;0.403027;-0.808328
0.081703;-1.565293;0.461799;-1.192596;-2.142494;2.566176;-1.030284
1.392931;-0.730465;-8.806836;0.591736;-0.539717;1.074098;-1.325938
-0.391410;-2.659010;1.906778;8.497175;-0.053883;0.272837;-0.190774
0.019620;-2.919821;1.137092;8.479593;-0.604600;1.350934;0.062201
0.005266;-2.784516;1.112249;8.300764;-0.768011;1.692574;-0.042263
0.206998;-2.765538;1.484490;8.362986;-2.117596;3.665771;-0.340891
0.265584;-2.927428;1.719143;8.846081;-1.752122;2.915519;-0.089296
-0.315819;-2.742342;1.846258;9.130926;-1.129947;1.706961;0.020264
0.156761;-3.140955;1.535133;9.346342;-1.669860;2.742461;0.124114
0.049801;-3.133652;1.539843;9.505422;-1.602774;2.434954;0.005563
-0.077596;-3.252594;1.824708;9.549673;-1.849108;2.933589;-0.377773
0.416950;-3.444589;1.604825;8.833788;-3.030151;4.940728;-0.314510
-0.042867;-3.338846;1.428671;8.592869;-0.876019;1.577664;0.144150
-0.184068;-2.949701;1.412072;8.357504;-1.034768;1.641877;-0.071931
-0.098725;-3.331171;1.400400;8.454350;-1.665428;2.979107;-0.533138
0.001401;-3.241903;1.649200;8.247082;-2.229435;3.431273;-0.189255
0.603867;-2.927869;1.578298;8.345593;-3.688373;5.546217;-0.423628
0.031799;-2.744461;1.520660;8.959893;-1.899289;3.005477;-0.391680
0.138207;-2.835767;1.496818;8.906279;-1.858664;3.318622;-0.288746
-0.234381;-2.878821;1.664966;9.102181;-0.175174;1.517427;-0.480354
-0.278088;-2.770112;1.818083;8.765399;-0.933551;1.473172;-0.140627
-0.311526;-2.640686;1.844549;8.861710;-1.011261;1.513706;-0.013563
-0.335436;-2.685591;1.720542;9.097510;0.161896;0.747929;-0.389022
-0.368087;-2.545151;1.680252;8.951630;0.156263;0.359740;-0.288306
-0.492891;-2.479330;1.608035;8.857038;-0.761893;0.755410;-0.056568
-0.356833;-2.393031;1.855325;8.820641;-0.793523;1.064937;-0.058515
-0.339733;-2.446241;1.838280;8.800834;-0.797657;0.863421;0.199428
-0.194991;-2.690891;1.665452;9.000107;-0.540508;1.080142;0.142338
-0.054125;-2.902191;1.701484;9.221577;-0.231202;1.210949;-0.212882
-0.241727;-2.775593;1.623623;9.200201;-0.752868;1.355481;0.034216
-0.073513;-2.890326;1.819603;9.124032;-1.093904;1.624787;0.232556
-0.386332;-2.568946;1.837180;9.015870;-0.899043;1.012162;0.291631
-0.238188;-2.758445;1.518428;8.967832;-1.329326;2.143718;-0.266852
-0.149673;-2.668929;1.639695;8.899155;-0.245349;1.151005;0.007510
0.157962;-2.852070;1.793444;8.795699;0.563631;0.979875;0.000699
-0.100893;-2.815110;2.062221;8.844528;0.732922;0.384370;-0.166862
-0.215708;-2.724187;1.842700;8.779968;-0.823367;1.426339;-0.180352
-0.182428;-2.309358;1.359683;9.016925;0.358875;-0.083018;-0.075174
-0.274814;-2.329574;1.293570;8.889809;-0.236378;0.694400;-0.245912
-0.369231;-2.426236;1.602493;8.679260;-0.402182;1.167770;-0.225383
-0.409331;-2.471555;2.062284;8.958851;0.820798;0.339691;-0.532622
-0.308310;-2.710645;1.772058;8.591000;-1.654050;2.682025;-0.451368
-0.311007;-2.653064;1.449825;8.385647;-1.079314;1.727780;-0.330598
-0.320433;-2.454405;1.585484;8.394461;-0.371124;0.855193;-0.093932
-0.254448;-2.437494;1.708728;8.719905;0.450992;0.202279;-0.069402
2.638785;-2.047691;2.232494;7.937034;0.457771;2.114488;-1.172023
7.444374;0.640782;-15.033657;8.216642;-0.429196;3.028307;-1.675635
-0.779002;-0.608770;-0.346010;1.651377;0.600699;-1.155937;-0.883182
-0.959031;-0.823650;0.958803;1.437564;0.402304;-0.862988;-0.943671
-0.682689;-0.651857;0.480745;1.263351;-0.444474;0.247348;-0.683122
-0.887578;-0.561514;0.981564;1.399989;0.299575;-0.777425;-0.662549
-0.942142;-0.555841;0.976035;1.336017;0.427473;-0.807586;-1.031249
-0.923210;-0.496384;1.142237;1.160982;-0.008047;-0.635463;-0.637018
-0.910581;-0.615556;1.146825;1.213650;0.028806;-0.336316;-0.806707
-1.074296;-0.586024;0.938987;1.388614;0.289359;-1.034858;-0.879699
-1.149940;-0.466793;0.987339;1.459835;0.383104;-1.316042;-0.919855
-0.976153;-0.450164;0.880639;1.291259;-0.012871;-0.598345;-0.839141
-1.003567;-0.602298;1.144676;1.381805;0.055079;-0.363894;-1.173546
-0.986532;-0.498126;1.266854;1.446487;0.792344;-0.998941;-1.088135
-0.961125;-0.672589;1.041319;1.758884;0.550541;-0.578772;-1.182638
-1.154063;-0.643165;1.068168;1.928603;0.678610;-1.294489;-1.224777
-1.182446;-0.427971;1.090900;1.731697;0.802881;-1.610400;-1.125306
-1.028832;-0.748342;1.243572;1.582500;0.130438;-0.498435;-1.110007
-1.047244;-0.675908;1.267604;1.562980;0.353391;-0.838406;-0.859962
-0.975301;-0.674793;0.907576;1.482874;-0.012842;-0.471805;-0.929398
-1.024767;-0.637745;1.008844;1.705644;0.560902;-1.067801;-1.014646
-0.987658;-0.753735;1.043394;1.832460;0.645391;-0.773176;-1.018554
-0.820811;-0.808400;1.187280;1.535253;0.002451;0.433861;-1.226252
-1.124159;-0.807579;1.271444;1.655496;0.608522;-1.022359;-0.987020
-1.168040;-0.756670;0.989765;1.674073;0.470127;-0.975959;-0.991342
-1.127230;-0.807067;1.004169;1.754340;0.552118;-1.251947;-0.988118
1.635683;0.888680;-14.340269;3.934620;2.383024;-2.151670;-1.705776
1.397271;-0.113513;-10.304194;8.057327;1.416805;-0.624046;-1.293303
-0.539621;-1.643516;1.545401;7.014112;-0.218966;0.627118;-0.648654
-0.566875;-1.586218;1.586635;7.026538;-0.044637;0.283617;-0.479695
-0.546819;-1.595416;1.775700;6.871714;-0.373410;0.607738;-0.538506
-0.602254;-1.738141;1.847698;6.976143;-0.147117;0.638343;-0.959256
-0.591497;-1.658425;1.517309;6.875160;-0.579580;1.044705;-0.582899
-0.695544;-1.529787;1.589430;7.045889;-0.028024;0.169757;-0.715069
-0.583407;-1.495008;1.524936;6.880505;-0.066095;0.141348;-0.552612
-0.288900;-1.475553;1.661680;6.677456;-1.170413;1.873449;-0.426603
-0.616943;-1.351367;1.760849;6.786956;-0.515493;0.442842;-0.263638
-0.561714;-1.365353;1.488960;6.923673;-0.634549;0.498917;-0.075965
-0.597818;-1.297862;1.583891;7.161146;0.048578;-0.096547;-0.471596
-0.633111;-1.398451;1.598400;7.277732;0.068080;0.216489;-0.901659
-0.626218;-1.537612;1.762236;6.988450;-0.829577;1.185969;-0.646804
-0.685345;-1.276442;1.831362;6.908712;-0.211191;0.291927;-0.464795
-0.712292;-1.399759;1.577219;7.126365;-0.243512;0.546125;-0.730229
-0.521887;-1.423027;1.494838;6.774521;-0.539983;0.834927;-0.659172
-0.529151;-1.447319;1.579759;7.020266;-0.096752;0.608804;-0.800941
-0.575587;-1.645370;1.807649;7.068777;-0.331838;0.716390;-0.594378
-0.567059;-1.578974;1.500673;6.964068;-0.446249;0.999029;-0.897742
-0.506971;-1.269632;1.120317;6.763521;-0.350957;0.618417;-0.700985
-0.393882;-1.415224;1.507680;6.977372;-0.924218;2.201736;-0.940455
2.525640;0.395879;-11.938298;8.317977;1.944941;2.013596;-1.364677
1.855155;-2.015772;-11.342119;9.562500;1.115214;0.147271;-1.043749
-0.265201;-3.810068;1.564582;8.827951;-0.143301;0.435717;-0.111252
-0.235516;-3.813574;1.513029;8.772788;-0.694806;0.913193;0.096026
-0.038202;-3.754423;1.887174;8.824414;0.436221;0.349784;0.376249
-0.065227;-3.800627;1.937261;8.933094;0.566350;0.430838;0.576516
-0.271173;-3.704426;1.289506;9.034426;0.648378;-0.259248;0.066366
-0.001378;-3.983227;1.154048;9.074467;-0.589887;1.633069;-0.226420
0.101435;-3.873497;1.575293;9.155159;-0.585797;1.570782;-0.278044
0.009309;-3.652018;1.916216;9.216413;-0.213642;0.980462;0.342766
0.212800;-3.482982;2.006014;9.055454;0.668624;1.086557;0.128552
-0.072021;-3.470424;1.798397;9.186741;1.250258;0.379322;-0.232617
-0.467058;-3.558179;1.584273;9.088279;-0.493302;0.361933;0.064506
-0.415999;-3.573630;1.480441;8.929113;-1.141814;1.121168;0.131107
-0.119837;-3.864462;1.761170;9.045525;-1.209680;1.957851;-0.136643
0.135520;-3.780484;1.698725;8.506699;-1.166213;2.435587;-0.471335
-0.023782;-3.689560;1.521671;8.405349;-0.591185;1.754637;-0.360634
0.147180;-3.954913;1.663171;8.387748;0.613028;1.462777;-0.549912
0.177688;-3.732146;1.602713;8.121302;0.537209;1.403775;-0.328043
-0.036167;-3.566028;1.769784;7.848585;0.048847;0.224841;0.499776
-0.097514;-3.630801;1.737078;7.790896;-0.371484;0.316280;0.830125
0.025656;-3.989237;1.791244;8.494711;1.533662;-0.153413;-0.165186
0.262211;-4.000286;1.537589;8.200833;-0.608700;1.398681;0.432282
2.531309;-2.409834;-10.791477;8.785409;-0.653738;2.180401;-0.295873
1.347375;-2.370170;-3.750749;9.986220;2.675251;0.958990;-0.260840
0.259303;-3.159031;2.367832;9.809535;2.874803;1.039544;0.160111
-0.290026;-2.868022;1.641491;8.940436;-0.645936;1.142814;-0.189084
-0.361912;-2.748320;1.648592;8.740668;-0.523924;0.766567;-0.195866
0.204397;-2.927390;1.876367;8.746704;0.717677;2.175363;-0.842044
0.285941;-3.006145;2.097922;8.726870;0.437512;2.852407;-0.923545
-0.160833;-2.878649;1.864686;8.843953;-0.756399;2.034389;-0.492327
0.073384;-2.680263;1.873729;9.040983;0.575647;1.901715;-0.750627
0.084692;-2.669926;1.879543;8.892010;0.725002;1.687173;-0.970060
-0.068853;-2.702888;1.694005;8.573498;-0.357881;1.486891;-0.620020
0.155753;-2.932664;1.904872;8.611559;-0.570786;2.109057;-0.545742
-0.270047;-2.852710;1.889862;8.733577;-0.422807;1.090225;-0.264575
0.310904;-3.050163;1.542458;8.458255;-1.218000;2.451597;-0.197004
-0.108679;-2.776299;1.583274;8.090807;-0.931867;1.698860;-0.023219
0.238664;-3.048933;1.434229;8.267793;-1.908084;2.895035;0.301033
-0.041673;-2.695075;1.946291;8.625431;-0.542694;1.783725;-0.409431
-0.159868;-2.644262;2.065784;8.790368;0.225930;1.254279;-0.534393
-0.221498;-2.763273;1.562310;8.425360;-1.058038;1.801425;-0.557288
0.930699;-2.690236;1.648333;7.891260;-0.447862;2.056682;-0.138994
6.198319;0.084755;-8.943969;7.478651;-1.159416;2.530843;-1.145101
2.637009;-1.674051;-15.516184;10.500839;1.231189;0.452887;-1.424434
-0.001253;-3.905481;1.415175;9.003804;-1.541413;2.307904;-0.075245
0.241585;-3.822980;1.473217;8.928388;-1.112665;2.068705;0.141543
0.337714;-3.707173;1.756541;9.135779;-1.711464;3.084815;0.119505
0.089688;-3.607098;1.806016;9.443780;-1.300972;2.447769;-0.028234
0.032335;-3.584783;1.536079;9.394387;-1.244926;2.276087;0.055332
0.170950;-3.410299;1.470590;9.232426;-1.616054;2.550102;0.164413
0.143159;-3.443643;1.577506;9.500648;-1.177851;2.153981;0.096860
0.183310;-3.445228;2.050627;9.920061;0.246545;1.666131;-0.013531
0.198495;-3.390939;2.052415;9.927750;0.524803;1.558011;0.001554
-0.118767;-3.241795;1.664297;9.778848;-0.449956;1.306869;-0.244724
-0.118572;-3.365095;1.609705;9.719699;-1.375330;2.012113;-0.158081
-0.007301;-3.290158;1.587503;9.373186;-0.788901;1.421366;0.049860
0.402428;-3.190038;1.923164;9.055948;-0.422135;2.501035;-0.417041
0.200908;-3.173881;1.865779;8.958815;-1.218496;2.800321;-0.544299
0.331174;-3.311353;1.782544;9.013052;0.101939;2.605265;-0.927565
0.255535;-3.157126;1.728796;8.675892;0.151322;1.507023;-0.046251
-0.035386;-2.737488;1.671008;8.298972;0.172850;0.369274;0.757616
-0.194615;-3.150331;1.890796;8.519226;-0.177502;0.947077;0.192912
-0.314649;-3.172585;1.877062;8.555834;-0.244324;0.524372;0.229013
-0.427761;-3.048736;1.576293;8.491911;-0.477713;0.378281;0.167514
-0.396141;-2.966157;1.588521;8.478734;-0.163163;0.174935;0.067753
-0.313534;-3.118072;1.532149;8.416450;-0.569180;0.940287;-0.213598
0.297371;-3.453244;1.725856;8.050064;-1.332891;1.988973;0.163951
-0.043788;-2.967368;1.475613;7.745384;-1.218791;1.878819;0.332390
-0.084898;-2.873783;1.196286;7.964687;-0.190990;1.171096;-0.273270
-0.083955;-3.138996;1.537554;7.812243;-0.706842;1.820044;-0.460972
-0.346813;-2.963266;1.516929;7.714912;-0.349306;0.371017;-0.175325
-0.374801;-3.064890;1.677750;7.535813;-1.186706;0.984728;0.473261
-0.427294;-2.938087;1.731716;7.649328;-0.295970;0.033750;0.054816
-0.419982;-2.928148;1.578623;7.886856;0.210182;0.154163;-0.342622
-0.491199;-2.835668;1.554234;7.875426;-0.057008;0.025107;-0.156698
-0.507356;-2.966196;1.577740;8.075580;0.063337;-0.409838;-0.076533
0.903469;-3.328332;2.454481;8.262586;3.645442;2.851158;-1.732210
0.836393;-3.382006;2.373860;8.270290;3.036126;2.851241;-1.596748
-0.300841;-3.256782;1.670273;8.161668;0.595585;0.156339;-0.115231
-0.145886;-3.320216;1.503684;7.972590;-0.786491;1.881490;-0.263805
-0.382471;-3.096130;1.589861;8.208921;0.148034;0.256802;-0.034674
-0.302974;-3.112715;1.709588;7.974032;-0.756965;1.196397;-0.169071
1.290602;-3.314687;1.837218;7.599535;-0.550837;3.833905;-0.832975
4.459141;-1.359221;-15.632063;8.793708;-0.498478;3.644170;-1.756827
0.913732;-2.882914;0.421885;9.384817;-0.477250;2.208243;0.342708
0.412572;-2.695156;1.989740;9.510934;1.026560;1.145769;0.049798
-0.069431;-3.328995;1.902915;9.733019;-1.465011;2.271560;-0.107396
0.027273;-3.449827;1.822664;9.578492;-1.535228;2.502714;-0.100174
-0.015529;-3.328485;1.628075;9.726456;-0.917540;1.911297;-0.326667
0.066750;-3.325227;1.245662;9.837130;-0.663584;1.725181;-0.297863
-0.162210;-3.369813;1.264321;9.893125;-0.627846;1.023080;-0.110373
1.102661;-3.829416;2.490089;10.837056;4.942911;1.676630;0.092167
1.119432;-3.532016;2.621030;10.339665;3.787670;0.325114;-0.695012
1.146677;-3.166842;2.617713;9.746633;4.061665;1.539499;-0.820668
-0.134578;-3.153313;1.641987;9.376385;-0.919130;1.769723;-0.280009
-0.040930;-3.289645;1.562384;9.553042;-1.461590;2.433882;-0.346474
-0.045581;-3.358368;1.572647;9.547480;-1.330580;2.388594;-0.287185
-0.351701;-3.202246;1.957129;9.543413;-0.137084;0.457826;-0.235449
-0.203610;-3.263213;1.917889;9.281260;-0.471738;1.011219;-0.011476
0.446282;-3.175949;2.049750;9.481640;1.909425;1.414019;-0.686770
0.516127;-3.043840;1.992829;9.302667;1.447703;1.974563;-0.737214
0.237506;-2.745401;1.779270;8.726389;0.461046;1.190714;0.920485
0.015745;-2.689223;2.180535;8.671920;1.913201;0.410341;0.956150
-0.419906;-2.988459;1.850499;8.707654;-0.677927;0.985447;-0.032818
0.606450;-3.222191;2.242153;9.096252;3.171581;2.870160;-1.577684
0.595851;-3.218909;2.286443;9.208130;3.479738;2.569410;-1.588446
-0.303030;-3.026449;1.604309;8.667922;-0.537162;0.650069;-0.037361
0.580949;-3.290653;2.348868;9.200417;3.193297;1.972768;-0.268379
0.370146;-3.255601;2.425417;9.508864;3.497304;1.112004;-0.316686
-0.365410;-2.942884;1.647558;8.872641;-0.225774;0.430160;-0.099464
-0.174960;-3.068105;1.794393;9.125827;0.453382;1.036162;-0.548809
-0.307358;-2.930127;1.841975;9.192914;0.700125;0.228237;-0.424120
-0.554521;-2.772557;1.616537;8.803201;-0.659290;0.464687;-0.111646
-0.437308;-2.841249;1.636699;8.851092;-0.322962;0.665571;-0.373676
-0.000793;-3.183643;1.674323;9.211742;-0.149050;1.227960;0.080596
-0.016646;-3.201482;1.665284;9.202585;-0.398796;1.497096;0.034170
-0.327112;-2.734371;1.683191;9.008152;0.124061;0.390335;-0.326501
-0.377165;-2.870257;1.916522;9.032725;-0.454885;1.035522;-0.393317
-0.432675;-2.821367;1.957057;9.113180;-0.343614;0.699584;-0.284047
-0.075774;-3.188006;1.639763;9.078276;-0.618867;1.520214;-0.477340
-0.329591;-3.048534;1.608042;8.898733;-0.622287;0.896631;-0.158695
-0.427840;-2.852337;1.700459;8.908262;0.094188;0.025994;-0.298589
-0.377459;-2.919667;1.954960;8.915676;0.262438;0.393918;-0.605088
0.469184;-3.012449;2.260049;9.312513;1.989132;1.668066;-0.291860
0.289007;-2.833958;2.090160;9.580368;2.670834;0.650496;-0.173572
-0.375138;-2.752192;1.563542;8.915686;-0.658899;0.865533;-0.071275
-0.333870;-2.760185;1.578111;8.820970;-0.610446;0.839361;-0.243050
-0.384624;-2.932275;1.837970;8.902187;-0.983904;1.585870;-0.364388
-0.411617;-3.110541;1.907902;9.020823;-0.353747;0.636735;0.039296
0.208693;-3.159159;1.916359;9.286973;1.318978;1.224922;0.552235
-0.066929;-2.912485;1.934362;9.318878;1.253094;0.346556;0.736104
-0.483355;-2.836616;1.664736;9.151063;-0.567175;0.328273;0.146384
-0.125032;-3.118992;1.834712;9.150914;-1.458698;2.653915;-0.468578
-0.156396;-3.188381;1.870822;9.362127;-1.159114;1.953023;-0.102684
-0.377498;-2.820364;1.619022;9.075155;-0.774777;1.414534;-0.348715
-0.488518;-2.965660;1.695143;9.299970;-0.148161;0.576632;-0.499703
-0.306784;-2.845186;1.596404;9.106003;-0.971799;1.823888;-0.332699
-0.386870;-2.910671;1.889327;9.085756;-0.307679;0.789785;-0.467467
1.909123;-1.110810;-12.983666;10.254685;1.635243;-0.276357;-1.744093
-0.693727;-3.377924;0.011066;-3.505600;-0.708842;0.372636;0.168886
-0.956869;-3.444634;-0.018017;-3.034786;0.898723;-1.929215;0.218521
-0.980922;-3.421083;-0.089646;-3.132568;0.719494;-2.016132;0.274386
-0.830655;-3.483655;0.057678;-3.419055;-0.010817;-0.815357;0.287289
-0.913967;-3.548442;0.149654;-3.185732;0.424874;-1.412663;0.242349
-1.183261;-3.403114;0.045958;-2.770218;1.422382;-3.393285;0.439366
-1.208951;-3.490720;0.056282;-2.710065;1.088920;-2.968015;0.426101
-1.049981;-3.635218;-0.003157;-2.798830;0.702564;-2.225778;0.598450
-1.003583;-3.747902;-0.089045;-2.972218;-0.054390;-0.880853;0.333859
-1.033662;-3.872750;0.214241;-2.981818;0.483624;-1.584989;0.222800
-0.952773;-3.965059;0.171287;-3.029614;0.584356;-1.713773;0.554204
-1.058390;-3.849926;-0.030102;-2.915098;0.756985;-2.081912;0.436588
-1.128283;-3.787076;-0.097707;-2.977697;0.885415;-2.504219;0.299774
-1.207004;-3.783624;-0.009933;-2.880471;0.905972;-2.489557;0.351972
-0.950402;-3.901463;0.092101;-3.250964;0.296392;-1.265171;0.310555
-1.072828;-4.013698;0.181705;-3.064403;0.384865;-1.466494;0.143142
-1.145217;-3.946113;-0.071391;-3.021660;0.264942;-1.374347;0.141780
-1.123954;-3.787647;-0.047012;-2.990118;1.068201;-2.487444;0.149181
-1.039315;-3.848717;-0.090276;-2.987295;0.788068;-1.970258;0.340029
-0.976393;-3.840288;0.032465;-3.418001;0.066618;-1.032339;0.265459
-1.069331;-3.699966;0.138282;-3.406407;1.178662;-2.469802;0.043969
-1.078833;-3.806449;-0.082395;-3.132507;0.904525;-2.216386;0.364259
-1.015232;-3.843280;-0.135483;-3.105627;0.647985;-1.909922;0.384117
-0.818802;-3.913585;-0.194560;-3.184362;0.123021;-1.116854;0.661283
-1.019607;-4.089848;0.111462;-3.193317;0.914617;-1.820274;0.202457
-0.044818;-4.089120;-1.228706;-4.833215;-0.080761;1.171596;2.067273
0.227441;-4.216179;-1.856925;-5.226886;-0.334148;2.735978;2.421717
0.246685;-3.793786;-1.777799;-5.213111;-0.208275;1.909049;2.667528
-0.845188;-3.994908;-0.366098;-3.590750;0.336281;-0.608936;0.181092
-0.982685;-4.012123;-0.086125;-3.637513;0.535507;-1.581747;0.602536
-0.667461;-3.926792;-0.549133;-4.335610;0.759005;-0.781414;0.824895
-0.390596;-3.773176;-1.129428;-4.616475;0.938063;-0.131265;1.318625
-0.120356;-3.644605;-1.598898;-5.142640;1.476416;-0.072869;2.235618
-0.315323;-3.752264;-1.215173;-4.608821;1.451610;-0.589056;1.425041
2.126838;-1.710978;-17.625568;-0.255529;2.700245;-2.178593;-0.086104
0.766249;-1.931689;-8.520133;-1.817676;0.242597;-0.852115;0.088571
-0.884405;-3.373890;-0.024604;-3.501418;0.008622;-0.879624;0.298296
-0.899967;-3.204982;0.045312;-3.499329;0.200394;-1.298736;0.532805
-0.803946;-3.051511;-0.171233;-3.343910;-0.073190;-0.829537;0.540926
-0.998270;-3.099388;-0.001827;-2.926042;0.614936;-1.308140;-0.063302
-0.811993;-3.310144;-0.191138;-3.175611;-0.522828;-0.031312;0.011466
-0.830169;-3.431395;0.045913;-3.337795;-0.505690;-0.183800;0.278428
-0.950552;-3.435552;0.136914;-3.324393;-0.205298;-1.062338;0.640719
-0.889543;-3.248435;-0.142301;-3.351997;0.019221;-0.859454;0.354099
-1.005938;-3.090336;-0.074283;-3.297659;0.784724;-2.402123;0.583019
-0.992904;-3.270689;-0.161024;-3.398147;0.490189;-1.706398;0.333873
-1.005605;-3.471537;0.151466;-3.198334;0.704141;-1.679562;0.195216
-1.002561;-3.461305;0.087235;-3.380935;0.568564;-1.570955;0.336885
-0.815638;-3.443604;-0.240482;-3.403175;0.097333;-1.145144;0.650858
-0.848522;-3.537748;-0.060371;-3.167019;0.864374;-1.641395;0.295674
-0.973017;-3.471738;-0.004124;-3.085792;1.310826;-2.673362;0.239271
-1.037851;-3.701231;0.254559;-2.963242;1.179633;-2.376972;0.163306
-1.231160;-3.439877;0.308984;-2.862208;1.523075;-3.151011;0.266776
-1.181880;-3.254821;0.035017;-2.865608;1.236858;-2.787680;0.299354
-1.150968;-3.411280;0.008622;-2.888103;0.628157;-1.646995;-0.034903
-1.202847;-3.209132;0.074750;-2.944641;1.245023;-2.798027;0.358251
-1.066828;-3.161200;0.050283;-2.917956;1.515895;-3.031598;0.343871
2.060068;-1.079103;-17.259210;0.501923;3.082806;-3.183860;-0.491443
0.975392;-1.586711;-8.334711;-1.310422;-0.186710;-0.969057;1.326127
-0.848549;-2.928655;0.340615;-2.719042;0.249940;-2.072566;1.256074
-0.804156;-3.009699;0.327291;-2.771764;-0.154416;-1.518008;1.341118
-0.784248;-2.707829;0.101050;-2.784196;-0.121004;-1.839241;1.575081
-0.862538;-2.777688;0.119071;-2.657580;-0.212708;-1.750782;1.614209
-0.815842;-2.865743;0.131172;-2.452046;-0.035081;-1.706424;1.284440
-1.033585;-3.073148;0.422798;-2.419269;0.381358;-2.390148;1.078591
-0.862479;-3.050694;0.350275;-2.788762;0.165863;-2.049582;1.256947
-0.666118;-3.217757;0.001911;-2.724636;-1.023521;-0.456651;1.589241
-0.437202;-3.150106;-0.018065;-2.917899;-0.726037;-1.307805;2.038819
-0.958885;-3.367309;0.155214;-2.528713;0.650487;-2.926427;1.360134
-0.873295;-3.440582;0.319639;-2.720344;0.078552;-2.245767;1.400462
-0.886256;-3.531828;0.330598;-2.582003;0.326411;-2.353887;1.309758
-0.921026;-3.634350;0.129832;-2.284952;0.292782;-1.732681;0.701374
-0.828652;-3.378038;0.107987;-2.423167;-0.090192;-1.387306;0.905919
-0.881531;-3.142468;0.155692;-2.426915;0.134235;-1.829499;1.127230
-1.009025;-2.994028;0.454095;-2.533951;1.332112;-3.108231;0.890429
-1.029440;-3.091610;0.396958;-2.519270;0.576572;-2.508435;0.982862
-1.143383;-2.885127;0.169426;-2.481963;1.043075;-3.558045;1.140436
-1.056342;-3.017847;0.150947;-2.388135;0.757002;-2.768396;0.956765
-0.995545;-3.161684;0.129872;-2.319425;0.467395;-1.617539;0.354740
-1.097475;-2.940021;0.252431;-2.164856;1.190708;-3.119565;0.764870
1.958168;-0.737714;-17.063820;0.995586;2.976155;-3.817995;0.153676
1.803313;0.864306;-16.396657;0.731234;2.068806;-1.711929;-1.358010
-1.174469;-0.918347;0.242640;-2.509362;0.615003;-1.370446;-0.515542
-1.324199;-0.805189;0.332137;-2.415094;1.025331;-2.109183;-0.242110
-0.789440;-1.026962;0.128753;-2.810536;-0.493371;0.279443;-0.243217
-0.657100;-1.422899;0.276054;-2.977904;-1.335058;0.978909;0.118915
-0.814502;-1.486412;0.265038;-3.214822;-0.806473;-0.195163;0.580500
-0.999155;-1.525800;0.189018;-2.720616;0.210419;-0.873224;-0.190097
-0.943276;-1.515471;0.140292;-2.895505;0.209266;-1.108944;0.275040
-0.914371;-2.029427;0.362542;-2.439638;2.001244;-1.108343;-0.324261
-0.875292;-1.697229;0.521562;-2.771066;1.697710;-1.074494;-0.526775
-0.934777;-1.350334;0.350534;-3.061501;0.278354;-0.254836;-0.667801
-0.830597;-1.027944;0.100945;-3.075123;0.071654;-0.565145;-0.144813
-0.559162;-0.970304;0.175134;-3.017582;0.282872;0.041822;-0.560564
-0.668886;-1.050724;0.251441;-2.804886;0.538616;0.216719;-0.941007
-0.924247;-1.187785;0.383042;-2.871005;-0.230009;-0.238577;-0.264286
-1.056267;-1.254392;0.519734;-2.619648;1.305615;-2.087180;-0.242703
-0.938193;-1.084980;0.295355;-2.814127;1.300855;-1.286340;0.175338
-0.923504;-0.924612;0.388529;-2.710701;1.725351;-1.340309;-0.085086
-1.177975;-0.849152;0.180031;-2.916407;0.493147;-1.512958;-0.065433
-1.304728;-0.971303;0.271107;-2.723709;0.510308;-1.773875;-0.018731
1.895315;0.876060;-17.094775;0.479329;2.171654;-2.233664;-0.641592
2.183333;0.045421;-9.465963;-3.845308;-0.440399;3.482592;2.377345
1.159236;-0.865955;-1.849989;-5.664591;-2.438721;6.877976;2.136879
0.187443;-0.779601;-0.864564;-4.302527;-1.950181;4.136266;0.603047
0.657126;-0.944061;-1.311464;-4.615610;-2.757603;5.471598;0.572943
0.480855;-1.316458;-1.984279;-5.448418;-0.892880;4.358416;2.334091
-0.513247;-1.340402;-0.777050;-4.208496;-0.309395;1.274006;1.010881
-0.609832;-1.807431;0.201707;-3.351616;0.001225;0.644669;-0.658447
-0.874367;-2.080098;0.241596;-3.259044;1.043727;0.058613;-1.097227
-1.322708;-1.791401;0.156654;-2.789053;1.039368;-1.773684;-0.634026
-1.419115;-1.729456;0.208769;-2.656950;1.324306;-2.825391;-0.254428
-1.235661;-1.826556;0.116214;-2.814086;0.398972;-0.828306;-0.855965
-0.036874;-1.746572;0.809338;-3.143006;2.814010;1.685441;-1.372999
0.037945;-1.496136;0.683179;-3.046456;2.063625;1.476034;-0.800752
-0.443969;-1.355250;0.089614;-2.693216;-0.627460;0.856467;-0.213479
-0.165145;-1.703526;-0.031708;-2.866627;-1.876825;2.460848;-0.886676
-1.037287;-1.979373;0.130260;-2.733575;0.269859;-0.597027;-0.563619
-1.019106;-1.824049;0.379998;-2.819038;0.630183;-1.231754;-0.194458
-0.469626;-1.736711;0.295694;-2.967970;-0.639711;1.907032;-0.916192
8.859787;-2.716687;0.499291;-6.691938;4.392340;3.649564;0.802369
37.076070;-2.378109;-2.011497;-0.424557;5.293963;4.697973;3.438291
0.843905;0.101985;-7.700852;-0.666798;-0.975316;0.540765;0.807530
-0.877816;-0.591870;0.596395;-2.038669;-0.568863;-0.912891;1.383794
-0.783272;-0.295748;0.609104;-2.350434;-0.106573;-2.054133;1.907405
-0.766972;-0.711020;0.295288;-2.335461;-0.313133;-1.733374;1.809342
-0.810394;-0.955496;0.380504;-2.084429;-0.410883;-0.477037;0.565320
-0.359336;-0.631867;0.273050;-2.362129;-1.640062;1.543694;0.342756
-0.675190;-0.364195;0.577757;-2.390562;-0.647325;0.079503;0.689492
-0.819656;-0.450766;0.528883;-2.222876;-1.164731;0.253227;0.510509
-0.760304;-0.644068;0.349760;-1.981356;-0.317868;-0.597792;0.651257
-0.783322;-0.970723;0.341069;-1.985933;-0.091946;-0.560854;0.520929
-0.890181;-0.981603;0.424987;-1.792418;0.205902;-0.674269;0.145664
-0.683272;-0.639796;0.534539;-2.137520;-1.155802;0.374491;0.555878
-0.521257;-0.179998;0.520925;-2.327067;-1.134206;0.973842;0.723851
-0.604736;-0.089413;0.341960;-1.973035;-1.294561;0.964421;0.621482
-0.789692;-0.176266;0.413344;-1.887898;-0.294694;0.079267;0.213814
-0.871069;-0.227160;0.371601;-1.781047;-0.447160;-0.144133;0.265657
-1.010414;-0.270115;0.663852;-1.984340;-0.054703;-1.037834;0.541596
-0.085282;-0.492901;1.137022;-2.295650;2.618041;1.112419;0.115270
0.173456;-0.566907;0.454199;-2.675608;-0.294939;1.840931;0.708889
-0.571123;-0.683064;0.438458;-2.057996;0.145991;-1.282444;1.255632
-0.728889;-1.166039;0.694692;-1.666069;2.154958;-2.061918;0.324034
-0.982329;-1.029754;0.572472;-2.003659;0.030390;-1.713965;0.893120
-0.524987;-0.644433;0.643006;-2.212570;-0.180709;-0.199797;1.121125
26.641263;0.725312;6.801140;-4.920451;7.655446;-0.453075;1.953608
71.850728;8.006604;4.964237;3.015298;-10.496685;-8.693099;5.268612
0.962441;0.559055;-7.839922;-0.024776;0.582430;-1.944527;1.610984
0.141453;-0.787219;0.647590;-1.717003;-2.096592;0.985845;1.908301
0.064556;-1.134058;0.684984;-1.568796;-1.475556;0.685036;1.919531
-0.313220;-1.208702;0.548209;-1.508891;0.039201;-1.110018;2.292448
-0.538009;-1.207909;0.425614;-1.434927;-0.607243;-0.898873;2.061692
-0.697104;-1.025611;0.425025;-1.383105;-0.392466;-1.790168;2.397254
-0.617201;-0.962900;0.756229;-1.468345;-0.037524;-1.917091;2.222631
-0.732001;-1.197424;0.809302;-1.320626;0.213525;-1.621537;1.812407
-0.958644;-1.204368;0.480251;-1.327311;-0.088882;-2.173639;2.040183
-0.844389;-1.026619;0.488134;-1.549570;0.159888;-2.519832;2.217642
-0.815276;-0.939028;0.530285;-1.358985;0.493358;-2.846153;2.157988
-0.326714;-0.737738;0.862210;-1.710618;0.229961;-1.194545;2.273418
-0.454456;-0.922629;1.027238;-1.248867;0.700955;-0.478732;1.783712
-1.111826;-0.609578;0.668264;-0.968904;0.549479;-3.105277;1.779360
-0.991036;-0.653826;0.576656;-1.238448;-0.057693;-1.784289;1.475881
-0.769710;-0.714152;0.463233;-1.268989;-0.834494;-0.449964;1.180072
-0.449775;-0.151303;0.881767;-1.776471;0.488699;-1.559251;1.844207
-0.555716;-0.231214;1.037944;-1.504981;1.319792;-2.148429;1.489507
-0.817261;-0.418165;0.621884;-1.160209;0.284831;-1.717009;1.331956
-0.677730;-0.272174;0.434064;-1.626150;-0.501118;-1.383433;2.199675
-0.686639;-0.195212;0.492944;-1.756613;0.092796;-2.033490;2.042190
-0.327431;-0.827661;0.904690;-1.445132;0.685139;-1.411159;1.543354
-0.168042;-0.990471;1.025254;-1.336988;2.000296;-1.376200;1.154099
-0.787248;-0.951115;0.428542;-1.639170;-0.392447;-1.194384;1.421803
-0.766324;-0.662525;0.500515;-1.770429;0.065134;-1.852083;1.835032
-0.751972;-0.748224;0.585147;-1.374168;0.843676;-2.034141;1.257409
-0.736711;-0.957135;0.128519;-1.257475;0.470305;-1.758950;1.102192
-1.052446;-0.951125;0.526006;-1.391378;0.371211;-2.569390;1.434294
-0.607845;-1.032110;0.887603;-1.564784;1.328350;-2.445926;1.484372
-0.578026;-1.026505;0.575461;-1.590772;1.030837;-2.154626;1.466326
-0.948653;-1.113579;0.549419;-1.238215;0.534828;-2.231759;1.338533
-0.845030;-1.301690;0.516338;-1.441016;0.050919;-1.292922;1.361564
-0.572483;-1.209123;0.705886;-1.675843;-0.590969;-0.368924;1.348824
-0.587447;-1.066332;0.613127;-1.804071;-0.803794;-0.451544;1.641839
-0.575922;-1.169028;0.533384;-1.289816;0.463755;-1.280906;1.343355
-0.352761;-1.247765;0.637712;-1.291100;1.053821;-0.983937;1.150183
-0.036208;-0.656425;0.932254;-1.522911;3.085614;-0.948414;1.364412
-0.009930;-0.620414;1.203559;-1.538265;3.489665;-0.438745;1.629608
-0.241696;-1.280101;0.803509;-1.421817;0.479113;-1.055122;1.783883
-0.190927;-1.370136;0.510124;-1.503132;0.087246;-1.036719;1.882824
-0.422906;-1.421116;0.410450;-1.583407;-0.661929;-0.645343;1.602412
-0.563517;-1.484504;0.552596;-1.239315;-0.249289;-0.820008;1.221771
-0.521575;-1.526040;0.748327;-1.499702;-0.856596;-0.164666;1.586616
-0.066094;-1.494061;1.136582;-1.129215;2.313669;0.147304;0.821028
-0.246821;-1.470685;0.840626;-1.067620;2.081807;-0.333336;0.662568
-0.633187;-1.463770;0.523814;-1.440544;0.472356;-1.293838;1.444023
-0.841814;-1.266151;0.492419;-1.413157;0.600593;-2.582415;1.592118
-0.854302;-1.189790;0.771868;-1.522879;0.440111;-2.655949;2.011435
-0.823050;-1.162440;0.733106;-1.713327;0.078883;-2.488590;2.201347
-0.966993;-1.279618;0.520891;-1.538491;0.363001;-2.708500;1.820806
-0.832650;-1.399123;0.431422;-1.575413;-0.209476;-1.921645;2.133442
-0.964003;-1.519584;0.487525;-1.220885;0.434955;-2.229361;1.438509
1.874976;0.449654;-16.146468;1.665938;2.570919;-3.302524;0.163549
-1.056053;-1.029512;1.015706;0.452882;0.551538;-1.087906;-0.310828
-0.955685;-1.147808;0.809731;0.864531;0.589630;-0.775144;-0.841848
-0.902782;-1.175202;0.711168;0.735813;-0.129386;-0.077835;-0.852853
-1.013312;-0.962028;0.964616;0.389156;0.153143;-0.983331;-0.544714
-0.983272;-1.000131;1.103537;0.403861;0.791688;-1.129147;-0.769271
-0.957259;-1.150727;0.825520;0.584816;0.228086;-0.132384;-1.114642
-1.009562;-1.022467;0.747282;0.675574;0.294477;-0.666117;-1.015373
-1.004041;-1.070084;0.778597;0.725837;-0.230514;-0.259368;-0.606013
-0.955976;-0.944744;0.743008;0.456653;-0.328762;-0.277299;-0.382262
-0.587909;-1.219457;0.792913;-0.059020;-1.218282;1.808700;-1.104877
-0.751483;-1.265948;1.015833;0.306270;0.391980;0.808819;-0.872893
-0.770046;-1.094644;0.831449;0.656758;0.301695;0.257392;-0.909340
-0.777178;-1.075599;0.802380;0.730404;0.369925;-0.232002;-1.176101
-0.889393;-1.108949;0.746587;0.714954;0.108581;-0.158339;-0.928228
-0.185249;-1.018283;1.309140;0.150130;2.305446;0.133980;-0.584036
-0.220623;-1.094660;1.369438;0.275134;2.158502;0.489646;-0.768628
-1.022970;-0.976991;0.888529;0.913110;1.209550;-1.424822;-1.191323
-1.028032;-1.053318;0.924933;1.032302;1.034564;-1.029453;-1.331460
-0.519377;-1.020531;1.008406;0.823696;1.207029;0.361154;-1.241191
-0.367958;-1.089758;1.075979;0.666393;-0.559947;0.894314;-0.552926
-0.537506;-1.103708;0.982696;0.906542;-1.257904;1.024198;-0.456886
-0.605744;-1.163189;0.752099;1.116760;-0.945778;1.058611;-0.985715
-0.870180;-1.173955;0.815561;1.191747;-0.437565;0.551494;-1.249976
-1.095099;-0.875505;0.859170;0.936650;0.214263;-0.839694;-0.965304
-1.068594;-0.896476;1.134120;0.868994;0.590040;-1.076444;-0.918578
-1.007945;-0.684256;1.089641;0.718542;0.748735;-1.480400;-0.601086
-1.040506;-0.517083;0.787360;0.612472;0.598376;-1.771460;-0.255960
-1.162551;-0.756083;0.902077;0.937552;0.998478;-2.041956;-0.730307
-0.982816;-0.788143;0.798285;0.861356;0.683178;-1.357124;-0.751530
-0.948182;-0.879572;1.086431;0.817421;0.765026;-1.152952;-0.920635
-0.980734;-0.940105;1.014734;0.718064;0.205221;-0.894338;-0.526098
-0.982982;-0.810872;0.873182;0.912509;0.803469;-1.202643;-0.684386
-0.966985;-0.791057;0.842483;0.808292;0.780982;-1.191441;-0.695529
-1.127638;-0.777851;0.861670;0.740329;0.620033;-1.533939;-0.678126
-0.888781;-0.849868;0.999942;0.496901;-0.009351;-0.641705;-0.366669
-0.960207;-1.151875;1.138625;1.028758;0.517470;-0.470220;-1.280603
-1.003361;-1.022604;0.932640;1.161372;0.972461;-0.918314;-1.426366
-1.096670;-0.923615;0.838492;0.952590;0.796224;-1.341085;-0.822632
-1.120125;-0.778762;0.839027;0.916304;0.810515;-1.696927;-0.790445
-0.980585;-0.849503;1.023637;0.790676;0.034908;-0.492702;-0.667783
-0.882891;-0.973979;1.026520;0.959177;0.318206;-0.520456;-0.884831
-0.486005;-0.699690;0.876594;0.580016;0.425604;-0.020418;-0.824790
3.123940;0.483947;1.044223;0.437206;-0.761890;2.583448;-0.598910
19.115137;8.321274;0.818183;-1.972364;-13.916714;6.906276;3.085054
9.393617;12.465815;-15.345807;4.407335;-2.550923;2.690159;2.240534
2.054682;1.627629;-16.602273;3.196900;2.185023;-2.323304;-0.986867
-1.029085;-0.442124;0.890386;0.583305;0.375266;-1.130333;-0.682954
-0.892959;-0.445988;0.757701;0.368644;-0.095173;-0.470595;-0.613963
-0.800492;-0.608910;1.073342;0.505316;0.297483;0.662939;-1.401506
-0.687010;-0.605074;1.106071;0.465593;0.306495;0.630555;-1.482196
-0.770843;-0.484380;0.839450;0.309299;0.358103;0.136774;-1.187202
-0.864969;-0.349738;0.739333;0.226655;-0.146613;0.157509;-0.848631
-1.102724;-0.126341;0.789785;0.440362;0.722694;-1.470887;-0.912674
-1.037201;-0.356433;1.081875;0.389302;0.923656;-1.114972;-0.966457
-0.789691;-0.377521;1.111226;0.418448;0.567294;-0.195164;-0.926573
-0.392330;-0.324800;0.824062;0.262656;-0.284127;0.766216;-0.922234
-0.228548;-0.385775;0.687477;0.110725;-1.414198;1.967697;-0.995617
-0.002860;-0.463638;0.476399;-0.289681;-2.282242;3.046524;-0.901339
-0.073512;-0.516323;0.796614;-0.544019;-1.565595;1.900299;-0.431845
-0.389978;-0.428918;0.914254;-0.453949;-0.670068;1.120934;-0.604710
-0.610599;-0.356554;0.720325;-0.186368;-0.123084;0.846420;-0.846888
-0.684998;-0.231291;0.803550;-0.066626;0.267262;-0.008681;-0.857500
-0.702303;-0.317388;0.831932;-0.083406;0.529726;0.291234;-1.163202
-0.995706;-0.224872;0.940402;-0.232823;0.021038;-0.532004;-0.851552
-1.251080;-0.065424;1.068069;0.030311;0.666048;-1.741714;-0.740337
-1.287552;-0.135328;0.799296;0.107283;0.626750;-1.454953;-1.013798
-1.008797;-0.413355;0.751999;0.066589;0.416281;-0.131543;-1.427178
-0.582285;-0.337169;0.962846;-0.066771;1.669354;-0.148803;-1.291133
-0.611851;-0.307241;1.320065;-0.014200;2.768590;-0.759007;-1.267134
-1.036466;-0.393247;1.058766;0.062287;0.671764;-0.670308;-0.447512
2.121373;1.816752;-16.651633;2.782303;2.595034;-2.253770;-0.501078
2.471156;1.885141;-16.627727;3.055463;1.302820;0.168534;-1.713342
-0.665678;0.169410;0.829450;0.151868;-0.000079;0.526152;-1.000452
-1.099300;0.208636;0.821588;0.343411;-0.045788;-0.494247;-1.023002
-0.996899;0.141003;1.066301;0.166651;0.207140;-0.416581;-1.092189
-0.686505;0.038033;1.053293;0.153005;0.105643;0.496267;-0.827701
-0.683246;0.093661;0.828437;0.245492;0.432030;0.270243;-1.047118
-0.878144;0.046653;0.882466;0.385829;0.611032;0.089761;-1.288812
-0.814638;0.084811;0.842434;0.298939;0.568837;0.400942;-1.252717
-1.012363;0.119764;1.083117;0.155333;0.497333;0.037538;-0.881572
-1.122037;0.058519;1.029920;0.111190;0.135456;-0.633249;-0.923643
-0.813667;-0.201007;1.039145;0.475676;1.454192;0.392893;-1.855487
-0.875994;-0.222410;0.982403;0.416409;1.234194;0.305579;-1.827615
-1.258278;0.144681;0.873565;0.268794;0.974664;-1.757083;-1.108720
-1.181015;0.021438;1.066495;0.145000;0.773944;-1.577129;-0.662466
-1.190603;-0.037137;1.102084;0.276700;0.636279;-1.209695;-0.925367
-1.221082;0.102029;0.781311;0.238682;0.711725;-1.494916;-0.927738
-1.280560;-0.012342;0.864165;0.492286;0.689441;-1.087521;-1.257327
-1.056530;0.134927;0.805936;0.201866;0.758777;-0.804640;-1.207505
-1.022316;0.037407;0.996500;0.062476;-0.100193;0.049268;-1.204952
-1.102209;-0.015461;1.048133;0.291013;0.214576;-0.744230;-1.085220
-1.132841;-0.098298;0.799785;0.383615;0.145652;-0.458068;-1.142396
-1.137387;0.104691;0.739719;0.109269;0.237681;-0.696747;-1.030287
-1.219574;0.128444;0.887989;0.446861;0.859679;-1.011618;-1.406263
-1.158777;0.092638;1.114363;0.509820;0.602029;-0.774687;-1.340633
1.024921;-0.260267;1.830181;1.132856;3.942078;0.307220;-1.766802
4.525372;1.541586;-16.097950;3.730152;3.243694;0.466112;-2.272477
1.308919;5.631378;-16.177004;2.324860;2.361792;-1.046272;-2.415169
-1.694961;4.555965;0.678491;-1.026775;0.677178;-0.514088;-1.783836
-1.524770;4.825122;0.757298;-1.228156;1.076312;-0.801195;-1.256720
-1.495830;4.681441;0.892259;-1.494151;0.047361;0.167945;-0.998041
-1.283603;4.590205;0.894031;-1.343621;0.211094;1.566308;-1.386140
-1.355236;4.840043;0.757521;-1.080300;1.159279;0.472848;-0.969763
-1.442627;4.828419;0.587104;-1.279195;-0.375917;0.862958;-1.536797
-1.198963;4.692571;0.819610;-0.896454;1.083847;0.885123;-2.176793
-1.406510;4.601292;1.222227;-0.654463;2.061603;-0.467973;-2.119933
-1.831643;4.982003;1.041038;-0.965842;0.839444;-1.190033;-1.332399
-1.643612;5.010343;0.689740;-1.056928;0.392657;-0.230698;-1.438186
-1.640139;4.776026;0.639844;-1.200739;0.064982;0.218839;-1.288033
-1.655942;4.740111;0.642738;-1.052499;0.007911;0.236990;-1.625225
-1.555963;4.743426;0.912517;-0.998737;-0.411817;1.059705;-1.665130
-1.469940;4.675207;0.863864;-1.023137;-0.426275;1.115228;-1.672558
-1.501865;4.637134;0.577185;-1.172702;-0.411946;1.249703;-1.616319
-1.597077;4.853077;0.588169;-1.355570;-0.293981;0.319821;-1.130135
-1.678506;4.891239;0.597865;-1.335055;0.144895;-0.089736;-1.264376
-1.429764;4.872426;0.790108;-1.426345;-0.807882;1.287832;-1.588946
-1.766869;4.893859;1.011891;-0.926770;0.043200;0.490784;-1.940892
1.198517;6.293692;-16.416618;2.741806;2.788766;-1.691628;-2.582060
1.579983;5.438096;-16.123834;2.642231;2.947921;-0.533091;-2.475588
-1.453715;4.514952;0.644418;-0.858069;-0.150057;0.873884;-1.813320
-1.370687;4.546553;0.810307;-0.760790;0.011219;1.147491;-1.682001
-1.358006;4.467366;1.166107;-0.654499;0.927955;0.765992;-2.123006
-1.703162;4.499409;1.034584;-0.511011;0.545390;0.056830;-2.107298
-1.315657;4.309728;0.646983;-1.077828;-0.481372;2.133413;-2.286851
-1.570367;4.221880;0.718076;-0.893528;0.272984;0.761532;-2.360724
-1.639750;4.383694;0.662554;-1.000204;-0.370322;0.751333;-1.715712
-1.671328;4.512841;1.017650;-0.986464;0.476412;-0.289119;-1.774818
-1.705373;4.341643;1.065664;-0.743787;0.932179;-0.542823;-2.153009
-1.721330;4.557054;0.769640;-0.856942;1.038529;-1.117846;-1.628958
-1.690884;4.579448;0.666311;-1.033519;0.310227;-0.205243;-1.524607
-1.794589;4.721704;0.737425;-0.964578;0.498341;-0.691156;-1.338723
-1.670707;4.658964;0.978137;-1.127973;0.597911;-0.505142;-1.557238
-1.344771;4.491649;0.784638;-1.597287;-0.758234;1.371418;-1.467151
-1.511324;4.476787;0.587495;-1.349485;-0.942845;1.817210;-1.898518
-1.814378;4.578651;0.747147;-0.990182;0.405033;0.036629;-1.940811
-1.677572;4.739218;0.736939;-0.979948;0.276785;0.423758;-1.921248
-1.787762;4.929470;1.043078;-1.072256;1.134703;-1.199704;-1.374306
6.153298;3.698043;-0.099408;-3.703882;-0.869363;7.127648;-0.163458
13.672908;4.395784;-17.402837;-1.186096;-3.765362;8.331126;1.069774
1.772263;5.837200;-16.112731;1.690325;2.858812;0.834046;-3.188756
-1.255577;4.589508;0.866919;-1.460709;1.912869;1.242861;-2.607758
-1.252743;4.835479;0.221025;-2.183598;-0.544397;2.242574;-1.482690
-0.439113;4.683064;-0.342691;-3.285550;-1.893347;4.747973;-0.536820
-0.331926;4.627497;0.279647;-2.891856;-0.239513;3.810988;-0.906413
-0.399564;4.791175;0.337347;-2.283108;-0.180154;3.011412;-1.592469
-0.718121;4.889809;0.628961;-1.868727;0.684500;2.049436;-2.111188
-1.310065;4.929446;0.761555;-1.647804;1.075053;0.967730;-2.054776
-1.245513;5.238245;0.868711;-1.873313;-0.005379;1.571990;-1.620854
-1.416433;5.309546;0.959452;-1.685822;0.496121;0.895633;-1.725368
-1.664542;5.255699;0.566348;-1.633114;0.268355;-0.079546;-1.593871
-1.840298;4.964480;0.743917;-1.255250;1.134593;-0.931292;-2.053051
-1.821546;4.977328;0.610506;-1.588036;0.867418;-0.911792;-1.621622
-1.872952;5.001293;0.876578;-1.573375;1.024632;-1.272906;-1.547126
-1.889487;5.149663;0.925167;-1.486479;1.038253;-1.326181;-1.553663
-1.940234;5.076311;0.689397;-1.374534;0.952051;-0.938349;-1.739668
-1.786734;5.054695;0.523655;-1.792064;0.358364;-0.030843;-1.764560
-1.744447;4.786584;0.461450;-1.861269;0.230256;0.338621;-1.814997
-1.717467;4.930486;0.694152;-2.091028;0.557641;-0.272826;-1.518902
-1.754728;4.926410;0.787715;-1.918080;0.477728;-0.071337;-1.531224
1.362255;6.087146;-16.691289;1.819720;2.099038;-0.597865;-2.413809
2.230900;6.121143;-16.336230;1.559861;1.489969;1.986528;-2.471880
-0.377111;4.695108;0.658595;-1.875786;0.542145;2.961038;-2.030520
-0.718207;4.457582;0.762152;-1.624576;0.592345;1.994650;-2.141737
-0.922043;4.456010;1.000767;-1.695938;0.531261;1.780464;-2.103679
-1.327496;4.573317;0.824969;-1.841594;0.015536;1.133621;-1.764589
-1.210690;4.943073;0.537228;-1.893032;-0.551646;1.726066;-1.535825
-1.495906;5.123756;0.476529;-1.873959;-0.328652;0.766649;-1.286749
-1.518193;5.106882;0.468915;-1.831889;-0.685793;1.248437;-1.422519
-1.799516;4.859399;0.866290;-1.542826;0.350972;-0.066910;-1.782882
-1.806454;4.785144;0.883801;-1.529507;0.689398;-0.780935;-1.558159
-1.872812;4.844631;0.688542;-1.448735;0.763842;-0.707114;-1.716826
-1.733316;4.751907;0.554174;-1.630703;0.332716;-0.191325;-1.500596
-1.807928;4.797550;0.597646;-1.506772;0.680771;-0.453677;-1.712416
-1.802542;4.845219;0.856991;-1.597288;0.509737;-0.013951;-2.079767
-1.904186;4.910757;0.900544;-1.537566;1.153934;-1.136458;-2.043411
-1.797043;4.992288;0.532640;-1.594153;0.132734;0.132071;-1.639768
-1.874110;5.145056;0.560813;-1.606366;0.252034;-0.054578;-1.762187
-1.906016;5.267311;0.606327;-1.634680;0.704868;-0.501645;-1.909312
-1.710511;5.042453;0.870409;-1.537443;0.560668;0.519065;-2.290499
-1.450836;5.238515;0.901483;-1.642317;0.960580;0.976406;-1.948356
-1.161556;4.983670;0.604176;-1.594212;-0.108557;2.162323;-2.032157
-1.372160;4.830040;0.678640;-1.418277;0.558583;1.266792;-2.377652
-1.704433;4.825711;0.725721;-1.160871;1.593966;-0.483443;-2.351339
-1.636501;4.954295;0.894966;-1.524021;1.334294;-0.532731;-1.915515
-1.608037;5.207528;0.859803;-1.565133;0.081992;0.889391;-1.959958
-1.390828;5.142532;0.555999;-1.408122;-0.567292;1.108470;-1.577812
-1.628340;5.023256;0.589946;-1.313794;-0.370391;0.874381;-1.677534
-1.535018;5.121813;0.417631;-1.823325;-0.597408;0.942187;-1.235961
-1.688159;5.029097;0.750308;-1.841506;-0.242059;0.930333;-1.760279
-1.793393;5.157611;0.775099;-1.931937;0.759252;-0.948553;-1.350838
-1.914488;5.217758;0.652730;-1.688812;1.256641;-1.454971;-1.543251
-1.213358;4.644006;0.936575;-0.966886;3.980397;0.085681;-1.834796
-1.180260;4.619326;0.921237;-1.055976;4.085831;0.071768;-1.834982
-1.842776;5.279221;0.811953;-1.992322;1.116370;-1.005608;-1.847980
-1.803058;5.044888;0.777346;-1.932447;0.897726;-0.381521;-1.713213
-1.635310;5.042933;0.229152;-2.244421;0.472469;0.505629;-1.459398
-1.455029;5.182238;0.166920;-2.527518;-0.398828;1.618382;-1.260127
-1.759647;5.387804;0.531250;-1.964966;0.966521;-0.522843;-1.656072
-1.758744;5.277663;0.782450;-1.990900;0.293126;0.577678;-1.711300
-1.540289;5.240238;0.479392;-2.400425;-0.039670;1.220948;-1.420791
-1.727274;5.215466;0.273806;-2.273468;0.288239;0.224165;-1.129218
-1.839256;5.146464;0.441615;-1.985145;0.324914;0.378190;-1.573996
-1.629145;5.283854;0.395357;-2.045317;0.178363;0.247003;-1.496346
-1.650895;5.195333;0.667517;-2.070347;-0.123739;0.642787;-1.641078
-1.672712;5.145437;0.675769;-2.200981;0.479853;0.285604;-1.670401
-1.676654;5.176315;0.335527;-2.315335;-0.031229;0.760647;-1.604800
-1.749684;5.171786;0.479658;-1.883472;0.349319;0.297638;-1.777608
-1.709699;5.139865;0.592643;-1.697374;0.641509;0.295404;-1.835453
-1.531442;4.992749;0.557664;-2.202397;0.279799;1.250523;-1.746099
-1.609115;5.074671;0.534490;-2.255789;0.470882;0.742563;-1.687019
-1.257969;5.176843;0.044804;-2.561554;-1.044247;2.996925;-1.688182
-1.790038;5.481122;0.618776;-1.828046;0.606958;-0.224386;-1.704739
-0.371488;6.075119;-7.682128;-0.157264;1.889961;-1.485143;-1.901428
-0.873384;-8.100107;0.136499;-1.995458;1.308555;-3.368468;0.906541
-0.845011;-8.098525;-0.160503;-1.973677;1.197747;-3.319128;1.044345
-0.650006;-8.159027;-0.062359;-1.771814;1.562196;-3.117439;1.285522
-0.583451;-8.080819;-0.167245;-1.931316;0.877325;-2.679670;1.418429
-0.556764;-8.200488;0.040544;-2.117067;0.678706;-2.559310;1.543268
-0.491667;-8.143022;0.021764;-2.382108;0.315008;-2.447099;1.865126
-0.428055;-8.036308;-0.387729;-2.687319;0.205565;-2.257210;2.132130
-0.338496;-8.016402;-0.350872;-2.548324;-0.057515;-1.918874;2.013257
-0.656368;-7.989692;-0.150181;-2.136383;0.804324;-3.174987;1.560197
-0.505670;-8.161131;0.023912;-2.379496;0.754707;-2.677376;1.482684
-0.519587;-8.139841;0.078342;-2.331265;0.890056;-2.406077;1.241078
-0.651135;-7.928656;-0.105495;-2.171841;1.506659;-3.225694;1.147114
-0.608765;-7.906256;-0.264013;-2.276311;0.473014;-2.785015;1.705525
-0.583492;-8.049550;-0.226212;-2.106841;0.434350;-2.685033;1.736877
-0.400609;-8.284871;-0.085202;-2.392203;0.212920;-2.066827;1.771637
-0.359193;-8.397546;-0.023318;-2.222366;0.202018;-1.936101;1.560525
-0.522011;-8.217206;-0.156327;-1.944159;0.445121;-2.512463;1.633280
-0.700548;-7.969145;-0.066830;-1.837459;1.041781;-3.306118;1.689330
-0.595868;-8.143414;-0.052478;-1.652389;0.986999;-2.826995;1.368084
-0.518021;-8.272728;0.103859;-1.794748;-0.210148;-1.572298;1.604851
-0.296716;-8.398859;0.104001;-1.581975;0.009247;-1.291683;1.541684
1.101889;-7.005607;-8.756066;0.006156;1.380747;-2.327262;1.144529
2.287259;-5.987635;-16.894779;2.439675;2.955975;-3.747382;0.024560
-0.237131;-8.907430;-0.127656;-0.324431;0.118277;-1.413514;1.398378
-0.281550;-8.539683;-0.169232;-0.531625;0.244707;-1.416069;1.252891
-0.133461;-8.700326;-0.181909;-0.505293;0.482930;-1.419665;1.060706
0.173172;-8.880312;-0.285989;-0.851064;-0.413403;-1.046926;1.876179
0.034583;-8.817986;-0.160032;-0.927212;-0.324012;-1.206151;1.872656
-0.084147;-8.725661;-0.214656;-0.551166;0.233275;-1.562154;1.358313
-0.591139;-8.297910;0.036024;-0.304713;1.335911;-3.394737;1.383198
-0.421424;-8.685416;-0.067818;-0.295404;0.461860;-2.009323;1.488057
-0.267769;-8.789846;0.024652;-0.462648;0.764747;-2.353645;1.403100
-0.110540;-8.675573;-0.128984;-0.727235;-0.059124;-1.616516;1.835376
-0.518325;-8.414233;0.020308;-0.367193;1.201032;-2.870675;1.248472
-0.517272;-8.268652;-0.081519;-0.545455;0.610664;-2.704565;1.677522
-0.447117;-8.438226;-0.040007;-0.344471;0.974909;-2.862150;1.289345
-0.187355;-8.614216;0.079893;-0.493154;0.461399;-1.912958;1.583473
-0.452504;-8.466306;0.220334;-0.384070;0.831849;-2.262167;1.111105
-0.411378;-8.597881;-0.107108;-0.193406;0.488928;-1.698906;0.941561
0.023630;-8.624272;-0.462875;-0.423072;-0.226779;-0.843785;1.599407
-0.333476;-8.623177;-0.154550;-0.191491;0.520762;-2.042647;1.444919
-0.247872;-8.552696;0.101355;-0.754022;0.091833;-1.670788;1.401828
0.054618;-8.770051;-0.172574;-0.905113;-0.297704;-1.207150;1.866188
-0.258943;-8.658426;-0.337042;-0.656230;0.664101;-2.333674;1.418542
-0.116184;-8.756747;-0.588401;-0.611494;0.727790;-2.557522;1.505548
-0.065896;-8.450539;-0.723607;-0.877627;0.847081;-3.309274;2.166598
3.656823;-9.206919;-3.741186;0.424890;-2.006997;0.647045;3.259165
7.271069;-6.422137;-19.504111;3.453906;-2.465399;1.025865;3.111074
5.289005;-7.142578;-19.900553;2.428353;2.247390;-5.421542;4.489647
2.088546;-9.429223;-3.321404;-0.437578;-0.384107;-2.628967;3.980639
0.913505;-8.964841;-1.201807;-0.872704;-1.249760;-0.168945;2.113502
0.365426;-8.724965;-0.523828;-0.954891;-0.784648;0.053348;1.243998
-0.209574;-8.574674;0.042104;-0.787263;0.676412;-2.267466;1.208265
-0.187821;-8.615380;-0.010587;-0.899753;0.256077;-1.815423;1.467295
-0.222369;-8.389265;-0.312552;-0.856922;0.403865;-1.844844;1.280852
-0.259704;-8.415254;-0.339984;-0.983127;-0.033173;-1.131699;1.059186
-0.095839;-8.505043;-0.608712;-0.940907;0.075373;-1.732177;1.342211
-0.020951;-8.753243;-0.233510;-0.934495;-0.215417;-0.468768;1.007699
0.069626;-8.651410;-0.106229;-0.833807;0.264945;-1.026302;1.041795
0.109121;-8.658720;-0.567853;-0.526779;0.698077;-2.538885;1.541806
1.572776;-9.226848;-3.002008;-0.314806;0.452018;-4.366658;3.944521
3.102642;-9.786547;-4.806768;-0.266166;0.630913;-6.642326;6.474010
2.412768;-9.655411;-3.424212;-0.436941;0.733382;-6.268119;5.906058
1.625676;-9.220354;-2.424249;-0.814110;-0.837638;-2.683000;4.152517
-0.166841;-8.553351;-0.318246;-0.426435;0.489505;-1.964404;1.366577
-0.366764;-8.165322;-0.382319;-1.001128;-0.106426;-2.037860;1.894644
0.995233;-8.762596;-2.156872;-0.724099;0.477698;-4.095444;3.537504
1.684714;-9.283391;-3.006064;-0.099562;0.829526;-4.529999;4.049975
0.137677;-8.851547;-0.543984;-0.490595;0.636404;-2.710304;1.928341
1.559241;-9.343827;-2.737216;-0.230681;0.317588;-4.316872;4.246819
3.151785;-9.722564;-5.181468;0.007701;1.036550;-7.739432;6.784114
4.688520;-10.087946;-6.392381;0.089683;2.359767;-10.370158;9.897133
25.841924;-8.149898;-1.199185;-2.473934;5.480326;-1.844118;6.466212
40.895377;-4.377955;-14.596455;-0.632520;-1.468937;-1.058621;3.765727
1.156737;-6.800780;-8.547173;-0.944329;0.283891;-1.523080;1.530569
-0.137855;-8.191718;-0.405060;-2.259194;-0.913277;-0.475164;1.585487
-0.336446;-8.083508;-0.101279;-1.834902;0.254068;-1.744870;1.116371
-0.535658;-7.591024;-0.260586;-1.979930;0.462483;-2.153306;1.283375
-0.587572;-7.639197;-0.228136;-1.985239;0.573922;-2.157819;0.990164
-0.531498;-7.784396;-0.279226;-1.912617;0.303776;-2.095207;1.211132
-0.627968;-7.816625;-0.015613;-1.994213;0.377381;-2.217297;1.572049
-0.453444;-8.070647;-0.026141;-1.876333;-0.076262;-1.327600;1.347151
0.243133;-8.270280;-0.823559;-1.657618;-0.053968;-1.197857;1.511749
11.407779;-7.579413;-4.944513;-2.958184;2.024233;-1.839313;6.940406
11.613458;-7.285543;-3.935729;-2.953596;0.784179;-0.986678;6.650413
1.082166;-8.159248;0.022386;-1.368309;-0.346156;0.691743;1.318317
-0.173029;-7.973753;0.088244;-1.230062;-0.970009;-0.163742;1.280515
0.157756;-7.983770;-0.259780;-0.970686;-1.068803;-0.147346;1.624333
0.023320;-8.142694;-0.170356;-0.507654;-0.333221;-0.807605;1.284991
-0.453280;-7.754752;0.005280;-0.550136;0.413387;-2.160994;1.190747
-0.434864;-7.904024;0.253602;-0.469221;0.150601;-1.948644;1.376979
-0.492892;-8.352494;0.260596;-0.229687;-0.379049;-0.934504;0.869604
-0.238065;-8.297140;-0.077617;0.022836;-0.940812;-0.029077;0.918785
-0.269517;-8.073835;0.085072;0.162988;0.119506;-1.150334;1.313973
0.149119;-7.944930;0.189330;-0.135139;0.637827;-0.698513;1.120480
35.053741;-8.991421;1.398587;1.860149;3.639392;-2.050532;3.170639
62.755432;-4.337236;-10.933375;3.104554;-10.621468;-1.953280;0.036105
0.933023;-6.880328;-8.084474;-0.527874;1.391074;-2.841366;1.210287
-0.494270;-8.107934;0.133450;-1.968217;0.463826;-2.234048;1.312075
-0.238404;-8.301514;0.032400;-1.955352;-0.185115;-1.668553;1.843486
-0.274802;-8.169122;-0.270161;-2.032701;-0.225093;-1.596228;1.921523
-0.005052;-8.233747;-0.293082;-2.084452;-0.671639;-0.967255;2.110241
-0.379281;-8.270062;-0.187396;-1.691208;0.171170;-1.752428;1.704386
-0.335163;-8.313188;0.066410;-1.793380;0.058857;-1.496244;1.759542
-0.406292;-8.360408;0.161023;-1.408589;0.630211;-2.179285;1.324753
-0.221456;-8.276323;-0.229916;-1.657346;-0.523184;-1.096296;1.592462
-0.216429;-8.103125;-0.018947;-1.641466;0.811072;-2.265161;1.561989
-0.009966;-8.377890;-0.076313;-1.341743;0.381535;-1.329269;1.607112
-0.411081;-8.311362;0.206576;-1.180242;0.341045;-2.205995;1.438439
-0.396021;-8.219686;0.228937;-1.066389;0.389946;-2.190592;1.523574
-0.451133;-8.184574;-0.015729;-1.003708;0.407727;-2.332893;1.493574
-0.165199;-8.350212;-0.121930;-1.318561;-0.447403;-1.386219;1.919411
-0.386464;-8.387613;-0.213996;-1.540840;-0.755569;-0.786526;1.671535
-0.136831;-8.449368;0.083491;-1.573928;-0.257357;-1.342836;1.699594
-0.611850;-8.150207;0.300532;-1.094516;0.858435;-2.755864;1.316419
-0.551057;-8.083571;0.033540;-1.150735;0.839817;-2.582460;1.156605
0.245274;-8.337175;-0.027044;-1.236786;-0.140621;-0.073724;0.921226
45.627260;1.457098;5.292552;-3.038137;1.318735;-5.027803;2.711276
101.647207;11.714571;18.102970;-8.182987;-15.607543;-7.250933;-4.373329
99.443456;9.925691;0.388313;-5.768128;-9.517264;-13.967965;-12.645950
1.497109;-6.920096;-8.052973;1.161077;-0.645164;0.246370;0.850008
0.458114;-8.276630;0.162670;0.069557;-1.490352;0.895311;1.278801
0.582855;-8.443456;0.159528;0.387299;-1.403997;0.962972;1.335586
0.656831;-8.555124;-0.228036;0.771502;-1.598775;0.901354;1.376264
0.794921;-8.514636;-0.324415;0.586378;-1.812985;1.049140;1.592096
0.060776;-8.024928;0.009309;0.348951;-0.795502;-0.320387;1.281005
0.365775;-8.246813;0.129955;0.255419;-1.135717;0.028847;1.690983
-0.107630;-8.317446;0.337666;0.617226;-0.305309;-0.522255;0.999847
-0.246011;-8.234788;0.162044;0.837238;0.172790;-1.201537;0.894225
0.181950;-8.617344;0.095853;1.147147;-0.500904;-0.212345;0.962012
0.175112;-8.508419;0.025918;1.087911;-0.883852;-0.147262;1.147625
-0.193776;-8.197119;0.316761;0.644406;-0.287936;-1.153610;1.076478
0.557199;-8.660156;-0.294445;0.736180;-0.646387;-0.670595;1.802662
0.313691;-8.637229;-0.298820;0.864659;-0.627445;-0.402870;1.440989
0.439615;-8.838366;-0.282036;1.267593;-0.910432;-0.048984;1.746022
0.560455;-8.941121;-0.313995;1.401845;-0.529068;-0.721269;1.784503
2.061802;-9.219211;-2.375780;0.860476;-1.508956;-1.264900;3.877359
1.938737;-9.426555;-2.373003;0.854090;-0.938141;-2.472613;4.408249
1.695347;-8.961337;-2.662815;0.783526;-1.114887;-1.761710;3.513828
0.419875;-8.597154;-0.586752;0.969331;0.008207;-1.695546;2.054699
1.330735;-8.814931;-1.909812;1.149416;0.496132;-2.624256;2.922112
0.998562;-8.684950;-1.211492;0.846050;-0.439597;-1.490261;2.723680
0.266119;-8.693349;0.118123;1.158195;-0.651521;-0.437092;1.457776
1.742253;-8.790160;-0.914465;1.374858;-1.368353;-0.651501;3.216907
2.140730;-8.895455;-1.981205;1.563336;-0.835814;-2.127083;4.194934
2.461415;-9.475676;-2.161897;1.399160;-1.065131;-2.051180;4.472719
3.166712;-9.649134;-3.824660;1.626524;-0.986425;-3.421640;5.454867
5.084082;-6.600378;-19.602450;3.789809;0.867469;-2.976786;3.291505
1.058710;-7.273530;-7.213255;1.200601;0.410496;-1.277442;1.113080
-0.233302;-8.373119;0.338155;-0.172474;-0.489050;-0.878635;1.531376
0.008254;-8.423886;0.041546;-0.014141;-0.794121;-0.279080;1.396769
0.031019;-8.577351;0.149845;0.545991;-0.244524;-0.803214;1.458142
-0.110465;-8.322509;0.229209;0.597408;0.246795;-1.545324;1.445527
-0.147814;-8.487750;0.503683;0.683488;0.224107;-1.599906;1.449353
-0.288637;-8.509532;0.525043;0.909738;-0.253808;-1.398626;1.614875
-0.237868;-8.278890;0.186602;0.608117;-1.113183;-0.570923;1.666346
-0.263380;-8.098561;0.207991;0.519957;-0.344302;-1.453703;1.820992
-0.379485;-8.072846;0.317202;0.701767;0.638498;-2.463330;1.165853
-0.437777;-8.344139;0.602578;0.917801;0.475755;-2.045427;1.009549
-0.304871;-8.382436;0.510596;0.789836;0.035747;-1.459276;1.084321
-0.348716;-8.352869;0.363540;1.032086;0.558076;-1.908506;1.165999
-0.325864;-8.345864;0.284451;0.864604;0.298618;-1.841210;1.376524
-0.247362;-8.314323;0.259174;0.783394;0.252492;-1.833910;1.444865
0.013706;-8.298029;0.407270;0.319477;-0.469102;-0.344262;1.347945
0.119560;-8.353273;0.433701;0.239017;-0.935866;-0.182417;1.550579
0.108623;-8.496493;0.233971;0.650090;-0.650576;-0.378325;1.349848
0.280466;-8.486135;0.146117;0.680509;-1.522312;0.302414;1.744346
-0.034844;-8.507823;0.366545;1.180204;-0.119097;-1.245271;1.594213
0.113721;-8.659143;0.555548;1.163467;-0.136538;-0.962069;1.533291
0.185626;-8.750478;0.605481;1.374775;0.087349;-0.836905;1.394589
0.197275;-8.605931;0.127227;1.041460;-1.391846;0.483138;1.309787
0.101981;-8.726650;0.176480;1.120406;-0.840731;-0.290500;1.527057
0.315054;-8.788996;0.243222;1.433336;-0.355244;-0.358484;1.853238
0.357642;-8.839643;0.478031;1.197109;0.031561;-0.343528;1.739801
-0.111334;-8.421423;0.441829;0.843103;-0.066341;-1.261630;1.647337
-0.188805;-8.314510;0.287597;1.133907;0.328306;-2.019346;1.621925
-0.320053;-8.486233;0.338942;1.206779;0.403107;-1.828235;1.236441
-0.044392;-8.366133;0.190885;0.832515;-0.004958;-1.367335;1.592700
0.395054;-8.356843;0.268420;0.471479;-1.064779;-0.332792;2.269867
0.085984;-8.314026;0.469175;0.690705;-0.245169;-1.336995;1.963503
0.150247;-8.546701;0.181873;0.956409;-0.621937;-0.552255;1.605360
0.032037;-8.579776;0.201734;1.173071;-0.293513;-1.020254;1.647099
-0.027677;-8.620523;0.095357;0.879903;-1.334982;0.533715;1.288046
-0.104737;-8.549417;0.454182;0.933264;-0.279280;-0.660935;1.265654
-0.461309;-8.207747;0.590252;0.959319;0.654148;-2.470762;1.347137
-0.356231;-8.223065;0.322499;1.045913;0.859124;-2.575009;1.390758
0.018828;-8.602177;0.156140;0.807429;-0.099359;-1.179700;1.513211
-0.391541;-8.378759;0.234749;0.692224;0.360842;-1.564347;0.969572
-0.420477;-8.478990;0.467314;0.612849;0.073288;-1.164843;0.824482
-0.280007;-8.639780;0.462856;0.721692;-0.217610;-0.733959;0.880904
-0.316877;-8.549283;0.267911;0.989277;0.038288;-1.494474;1.175919
-0.265936;-8.568307;0.226518;0.974228;-0.016259;-1.497447;1.478549
-0.361766;-8.527127;0.305953;1.006254;0.332575;-1.769006;1.324824
-0.290068;-8.505553;0.559121;1.096697;0.307821;-1.802175;1.529516
-0.371169;-8.382520;0.571000;1.112012;0.344179;-1.817328;1.275191
-0.104906;-8.492247;0.265241;1.208376;-0.076339;-1.088668;1.588288
-0.010605;-8.400571;0.207296;0.997126;-0.140190;-1.060404;1.690142
0.034063;-8.536845;0.084807;0.791191;-0.978197;-0.537821;2.119425
-0.324543;-8.505041;0.516200;0.909092;-0.143698;-1.550492;1.608078
-0.180179;-8.429315;-0.064178;1.168845;0.647422;-2.182197;1.112895
