1.659425;6.019532;1.982387;-0.006222;5.053110;-1.007440;-3.410299;-0.583516
-0.491073;1.898022;0.613782;1.570115;1.227743;-0.016742;0.723713;0.849349
-4.524335;-1.760388;1.193533;0.308028;0.421328;-0.274720;0.785592;-0.678621
-4.679727;-2.671926;1.549286;-2.030155;3.103094;-0.094335;2.328790;1.361621
-4.205587;-3.211049;2.473172;-0.990680;2.004942;-0.082944;1.604693;1.911559
-0.657049;-0.170898;1.939093;2.256776;1.557913;-3.333557;3.654235;-0.351993
0.608821;5.541823;0.436301;2.101267;2.310630;-1.633113;2.162598;-2.550126
-1.411414;6.374198;-1.301472;2.724938;1.240593;-0.014485;2.225474;-2.056981
-3.346522;0.808752;-0.077940;-0.780610;3.477588;0.134797;1.057255;0.310390
-2.403025;-3.679004;2.826160;-0.686342;5.126164;-2.883431;0.065824;-0.907217
-3.954496;-3.044689;1.930784;-1.594297;2.778551;-0.832563;1.387463;-0.496467
-0.716299;-2.539356;2.147532;-0.276019;4.320423;-0.171870;2.130614;1.140808
1.164994;-0.607968;2.245169;-0.161011;3.611758;0.810668;1.065608;1.237944
0.416717;5.623430;2.572144;0.277421;3.793867;1.492606;-0.318276;-0.120548
-0.325110;5.090382;1.732208;0.772713;4.643773;-0.191458;0.449891;0.544964
-3.078210;-1.732750;0.593439;0.332652;3.250799;0.159988;1.630427;0.878463
-4.273343;-2.425856;0.118362;-0.243043;3.512095;-0.089522;1.872944;0.395837
-3.505310;-3.579016;0.181632;-1.638039;3.505766;1.006379;1.994603;0.470669
-2.856160;-3.906819;1.759793;-1.465463;3.384288;0.039044;0.466463;-1.007329
-0.953009;-1.994789;3.527138;-0.001080;3.216862;1.401876;2.040012;2.347852
0.890289;5.581716;0.844579;1.034076;3.256368;-0.010558;1.381187;-0.571219
2.477933;4.526037;-1.627556;1.959697;5.150903;-0.491675;-1.103268;-2.891554
1.360410;-2.585921;-1.034562;1.986831;5.337555;-0.602107;-0.245690;0.086537
-0.544248;-2.847998;1.034783;-0.150451;3.441713;0.574093;2.533760;1.237655
0.095229;-3.941662;2.381533;-0.587131;4.148338;0.308958;2.125535;1.052278
-0.381101;-3.938556;2.594914;-0.953059;3.979401;-0.005084;1.934491;0.771840
-1.025290;-3.176157;1.833028;-0.687000;4.231940;0.133616;2.020599;1.134537
2.604916;1.433887;-0.083388;1.209979;5.272054;0.927500;0.776925;0.433707
5.929512;4.726993;0.667388;2.552970;4.920769;4.343785;-2.849245;-1.084352
4.185103;1.065175;2.159276;1.953225;4.414353;0.813426;-0.260133;-0.064484
-1.607777;-3.407102;1.538243;-0.187068;4.438303;0.178473;1.928972;0.995655
-0.463532;-4.383845;1.571481;-0.672703;3.342521;1.731253;1.423051;1.507873
1.597275;-5.292697;1.662268;-0.195746;4.624329;1.011981;0.645113;1.049397
1.687228;-3.773190;1.951185;-0.532409;4.571948;0.092922;-1.203907;0.259348
1.886096;1.323014;0.584211;-3.283650;-1.237750;0.604921;-1.149926;0.041717
3.913751;2.095495;0.050008;-6.981583;1.369804;-1.456884;-2.082409;-2.198516
4.307530;-3.420098;-1.265050;-2.676623;2.984424;-0.176853;0.630631;0.236542
2.012881;-4.676708;-0.115073;-1.915523;3.505862;-0.882882;-0.269693;-2.505727
0.335062;-6.126994;0.401135;0.115082;2.571897;0.189604;1.851560;-0.054492
-0.457033;-4.419119;-0.164976;0.332245;3.414658;0.121550;1.149523;0.841719
-0.325678;-4.950495;0.340710;-0.029730;3.654449;1.089698;1.725454;0.504695
0.909527;-1.724137;-0.526189;-4.338261;4.675345;-0.048171;-0.114606;-0.465097
-0.857777;0.499813;-2.865236;-5.757257;2.059034;2.125834;0.637744;-0.268607
-1.164644;-1.179971;0.348642;-4.934957;2.763518;0.003279;-0.490116;-1.229178
1.193942;-4.094701;-1.240957;-1.996697;3.632495;-0.097992;1.278883;0.777238
2.132921;-4.404674;-1.924685;-1.385163;4.227366;0.057448;0.671465;0.070819
0.313403;-5.245667;-2.243747;-0.281558;3.154253;1.943390;1.382157;0.810754
-0.209902;-5.858023;-1.425097;1.017275;2.913744;0.842511;0.859373;0.606763
0.904372;-4.981266;-0.223998;0.069144;3.289813;-0.338867;0.678377;-0.460436
2.427438;-0.762832;-1.590137;-5.294656;1.904315;0.152717;0.896723;-0.897240
2.708958;1.013307;-1.076490;-7.130519;1.517280;-2.344867;-2.694622;-2.457443
1.233316;-1.271257;0.163935;-3.791427;3.109581;-2.414319;-1.851860;0.437844
-1.672409;-4.547683;0.141504;-0.120548;2.815561;-1.344959;0.726466;-0.489081
-3.075298;-2.784622;0.096729;-1.284009;3.936693;-0.426854;1.099936;-2.039940
-3.339474;-3.339878;0.943899;-1.045915;3.320912;-0.391807;2.462212;0.745825
-2.649910;-3.120846;1.061901;-1.031259;2.962016;-0.396368;1.422284;0.961943
-1.230187;-1.602745;-2.090262;-3.501358;2.672428;0.793370;2.011598;1.002311
3.309781;-0.070774;-2.740547;-5.780642;1.256837;0.695903;0.409148;-0.684361
3.526729;-2.512162;-0.841605;-3.748357;1.730009;-1.039268;-0.200884;-1.035967
-1.644624;-3.308217;-0.548209;-1.719055;1.998815;0.177780;2.473430;1.885791
-1.862097;-2.894035;0.489166;-2.341044;3.283726;-0.556901;1.627942;-1.064635
-0.847087;-4.905147;1.100165;-0.657740;4.290630;-0.463391;1.996269;0.589291
-1.089022;-3.696142;0.546653;-0.173152;3.513539;0.059863;0.883774;0.414430
-0.698830;-3.583889;-0.394579;-0.536078;3.048423;0.761224;2.874371;0.234193
2.068552;-0.946977;-1.464516;-4.379539;4.228706;-0.421376;0.296507;-1.629809
3.231972;-1.408049;0.762970;-5.468078;3.211151;1.555298;0.562254;0.401118
3.778734;-3.468567;1.282156;-3.285037;4.204477;0.380655;-0.233166;-0.646170
2.641656;-3.665611;-0.278586;-2.865645;5.110889;0.303838;0.677358;-1.065605
0.656939;-4.732792;0.794743;-0.589047;3.821558;0.768590;2.560276;0.976201
-0.736903;-4.353650;0.471919;-0.089785;2.933209;0.217177;1.767042;0.866082
-1.150619;-4.079780;1.444098;-0.948710;3.875941;0.929569;2.297616;1.196587
-1.677974;-2.901254;1.037519;-2.538310;4.168499;0.754965;1.729889;-0.540071
1.911835;-2.038416;-0.114443;-4.757262;1.997874;1.312876;0.921333;-0.383882
2.644542;-1.638490;0.287988;-5.654693;3.667862;0.781115;-0.210087;-0.275627
0.111581;-2.372500;-1.029786;-3.099627;3.031505;0.795603;1.514855;1.411446
-0.885767;-2.579557;-1.326700;-2.648080;2.847374;-0.125755;2.329225;0.062715
-0.562334;-3.709091;0.181664;-1.626836;3.742578;0.382218;2.069274;0.554246
4.229401;-6.219925;2.940767;0.685910;5.119185;0.456296;-0.466433;-0.605801
1.652902;-6.034440;2.416548;1.078769;2.941379;0.574817;-1.026496;-0.238456
0.923848;-1.254483;-1.712473;-3.269626;1.182506;3.284412;3.015816;0.669634
2.894902;1.210549;-1.060821;-8.621655;3.817511;0.909678;-1.290539;-1.741115
3.357672;-2.943356;-0.038633;-4.123343;3.016728;1.667766;1.294088;1.076616
-0.203318;-3.677026;-0.659101;-0.509578;4.042136;0.912278;2.001468;0.843482
-2.475174;-3.229323;-1.283039;-1.405009;3.824888;0.671954;2.695352;-0.383778
-3.974495;-3.769786;0.036962;-1.558821;3.742773;0.171422;1.857691;-0.986437
-1.072349;-3.364821;0.800290;-2.828596;2.618179;0.630386;0.986265;0.454853
2.262611;0.044241;0.102122;-6.673731;3.393872;0.994397;-0.264593;0.464628
0.213806;1.308441;-0.763161;-7.130262;3.118214;-0.058061;-0.053438;-0.184400
-3.280787;-2.399732;1.409727;-3.525488;3.489714;0.030287;1.320301;0.911442
-3.432148;-3.345820;1.674089;-1.699629;4.066777;-0.383930;0.658398;0.820960
-2.040868;-4.351305;2.308464;-0.487700;4.536254;-0.187078;0.114613;0.969011
-3.290674;-2.432702;1.077203;-1.236718;3.887945;-0.242266;0.565947;-1.436766
-1.525944;-1.589904;0.626072;-3.917843;1.722961;-0.548157;1.283319;-0.725094
3.078238;-0.484930;-0.644656;-5.968196;5.321693;-0.669521;-1.386123;-1.463307
1.176119;-0.897748;-3.942978;-5.001838;2.472279;0.922914;0.933769;0.573958
-1.261440;-3.903908;-1.427066;-2.600046;2.611202;0.603065;1.784797;-0.245320
-2.510483;-3.507684;0.380730;-0.949598;4.649158;0.657753;1.862343;0.940214
-1.809522;-3.783844;0.947495;-0.353710;4.866767;-0.129499;1.292455;1.250626
-2.169138;-3.142485;0.451316;-1.676416;3.988251;-0.034947;1.742938;-0.599734
1.277603;-2.380609;-1.234528;-3.507573;1.945950;0.293950;1.977587;0.161292
4.086818;-2.389864;-0.293713;-3.971975;3.043163;-0.281778;0.555258;0.811056
3.175004;-2.292529;-0.275809;-4.465357;1.227359;1.300129;1.441687;0.616300
1.974841;-1.972990;-0.975846;-4.518526;1.249677;-0.051365;0.337368;-1.550701
-1.035369;-4.068491;-0.214892;-2.006396;2.008664;1.278388;2.850321;1.135680
-3.724979;-2.401691;0.612279;-1.126085;4.057073;0.166426;1.317113;1.428020
-3.897932;-3.373958;0.040908;-0.707626;3.884904;0.457893;2.913151;1.316614
-4.351149;-2.202180;0.503241;-2.357612;3.747803;-0.293753;1.282778;-1.722439
-1.666476;-3.050126;0.490729;-2.785695;2.885038;0.303370;2.014445;1.688069
-0.021200;-1.944665;1.087077;-4.198112;4.412104;-0.897459;-0.366285;0.213126
0.665694;0.181779;-1.577180;-6.648661;3.407173;0.977209;0.701391;-0.383384
0.555905;-1.026016;-2.077937;-5.397353;4.372108;-0.610196;0.622167;-0.731488
-3.244449;-2.423827;-0.569752;-1.037750;3.836372;-1.147333;0.634694;-1.493321
-5.515426;-2.440275;0.012658;0.225538;2.388515;-0.970501;1.447676;-1.494206
-6.083799;-2.410208;-0.513893;-0.581460;1.577971;-0.201529;1.997636;-0.250994
-9.558704;-1.445847;-0.234823;0.235091;-1.001465;0.761884;1.313992;-1.800892
-14.153615;1.352473;0.623859;-0.407305;-3.342274;-0.085226;-0.537250;-4.288402
-16.118427;1.671959;-0.828772;-0.725432;-3.907506;2.855829;-0.450335;-4.841469
-17.051362;0.116541;-1.197353;-2.199691;-3.318778;0.716731;-2.030284;0.424775
-17.471236;-1.531757;-0.779886;-0.915742;-5.302328;-0.050962;-3.367200;-0.379396
-18.356335;-2.422674;-2.552084;0.692781;-7.405862;0.675346;-4.205207;-1.702847
-1.245947;0.492437;4.521246;1.308977;3.451730;-0.356694;-0.868174;0.327675
1.607476;6.257242;2.644383;2.075914;3.390807;0.923279;-0.463154;-0.709539
0.244564;6.332628;1.475738;1.664438;2.902356;1.116633;-0.542721;-0.784843
-4.504039;1.330095;2.747508;0.343625;2.969382;-0.047582;-1.896817;0.068274
-4.949953;3.269718;2.792243;0.156842;3.071737;-0.223780;-0.751652;0.136274
-1.327234;6.738170;2.787776;0.895536;3.205282;-0.791882;-1.893310;-0.659516
-0.648243;4.295557;2.669576;1.941797;-0.379730;1.438526;-1.058732;0.977408
-2.813815;2.020857;4.156338;1.036061;1.195458;0.225867;-1.215372;0.837315
-0.777464;5.096167;3.389730;0.387349;4.163688;-0.274419;-1.609361;1.402179
-0.672592;4.085086;2.417243;0.837909;4.076611;0.154789;-1.378597;0.513710
-3.388058;0.225044;2.189049;-0.064614;3.974037;-0.103389;-1.659434;1.303276
-1.026848;-1.101275;0.575996;1.395314;3.762892;1.210200;-2.000525;1.590708
-0.759517;4.695664;1.718917;1.357752;2.998124;3.383101;-3.016778;-1.776765
-0.839665;6.094240;1.814892;1.420021;0.023459;2.534573;-2.894795;-4.359769
-1.130016;0.087749;-0.197069;2.594243;1.023540;-1.374314;-0.055023;0.156044
-3.081921;0.762848;-0.713006;0.381131;2.486235;1.503162;0.898679;0.637814
-0.581594;5.897307;2.550108;1.344017;2.900342;-0.507432;-1.464688;-0.565702
-1.077462;5.173818;2.564995;1.458226;2.650477;-1.751112;0.047567;0.138510
-4.647102;-0.809524;-0.843675;1.051148;2.506624;-1.103435;-0.010921;0.108758
-2.876626;3.787545;-1.081164;0.417981;2.226684;1.573381;1.389462;-0.113745
-3.390591;7.874302;1.896331;-0.815336;6.338320;-1.086579;-2.444644;-2.179901
-5.673259;5.086250;2.208720;-0.522275;2.825965;0.139456;-1.505371;-0.144347
-6.219498;1.456071;0.807795;0.172780;2.698751;-0.411216;0.216570;0.300834
-4.437102;4.763103;2.457896;0.113289;2.568264;-0.293191;-0.303159;0.196281
-2.598268;7.093456;2.069762;-0.148272;4.948866;-0.910178;-2.713242;-4.184757
-3.064723;2.886624;-0.502867;1.048818;2.826421;0.757353;0.017247;-0.466262
-3.744015;1.142793;-0.265100;0.139711;2.935701;0.750815;0.998554;1.044372
-3.076097;3.470128;2.694893;-0.344515;3.820286;-0.321936;-0.903331;-0.703191
-3.673064;6.070561;2.358128;0.029247;4.615666;-0.065446;-3.705319;-0.742674
-5.440140;3.406151;1.627239;-0.765749;4.767272;-1.439705;-0.415956;-0.816568
-5.793502;2.403514;2.156287;0.275243;1.382701;-0.744263;1.404753;1.677126
0.026369;5.897807;1.233836;1.341167;3.244223;0.506939;-0.321587;0.358728
1.839935;3.304614;1.454845;2.929913;2.111724;-0.717188;-1.620109;-1.996022
-0.476650;-1.355414;0.746797;1.221217;3.042363;-1.445820;-2.219441;-0.819607
-3.335637;3.592655;2.042906;-0.479754;5.786020;-0.595397;-4.661585;-1.284886
-5.001651;7.918227;3.296812;-0.784618;5.778822;-1.736776;-4.282404;-3.168811
-6.902670;7.364032;2.155842;-1.360713;5.344566;-1.722784;-2.741484;-2.138054
-10.365855;1.557094;1.324976;-1.276501;-0.302674;-0.566952;0.634561;-0.400067
-8.331832;3.465291;0.643135;-0.618236;0.892748;-0.221203;0.654596;-0.441521
-6.023239;6.046362;3.119582;-0.259735;4.142558;-1.405425;-3.889915;-1.034169
-5.300193;6.889185;3.955760;0.306123;3.922287;-1.701932;-3.518193;-1.876109
-4.447648;8.490156;2.677308;-0.100699;5.246386;-1.323423;-2.892877;-2.722127
-3.907962;9.398163;3.257028;-0.392890;6.026577;-2.106190;-4.052477;-2.347623
-5.798297;7.697328;2.830218;-0.387778;2.678961;1.022616;-3.142320;-0.776955
-8.991925;3.289119;0.493995;0.631183;0.058618;1.474333;-0.274464;-2.237536
-13.364268;0.467725;-0.206248;-0.139484;-1.749142;0.083218;-0.275754;-1.888215
-15.128894;1.891534;0.054138;-1.738756;-3.167828;4.303990;-1.203922;-0.371186
-15.575169;0.597198;-0.824954;-1.550019;-2.495808;0.898380;0.941427;0.281958
-15.700901;0.953443;-0.831989;-1.122905;-3.144131;0.908951;1.243622;-0.870510
-14.883030;1.370225;-0.286388;-2.025065;-3.648902;1.184258;1.506677;-1.607897
-0.656001;-0.988570;0.525261;0.397435;0.096988;0.064405;-2.728672;3.816357
0.457828;-3.366465;-0.762799;1.307290;-0.906607;0.907461;-3.060360;4.299537
2.913047;-2.931497;-0.574614;1.220610;2.502774;-2.324169;-5.361748;3.796231
1.418585;0.038196;-0.136409;-1.333821;0.223784;-2.174116;-2.871549;4.200875
-3.678123;2.725921;0.234392;-4.836397;-1.719724;0.855010;-1.953617;2.579109
-3.979488;2.468525;1.567351;-5.083826;-1.282874;-0.513888;-2.324333;2.206784
-2.641823;1.207112;0.754476;-3.029192;-0.361242;-0.511294;-2.550379;3.259827
-1.840831;-2.988541;-0.514479;-0.294123;0.658271;-0.938215;-3.573101;3.088756
-2.116048;-1.501493;-0.821762;-0.391585;0.525244;0.084639;-2.849792;3.122057
-3.647289;-0.505960;-1.976487;-0.671579;0.059884;-0.571619;-1.303907;4.125698
-4.996440;-0.293925;-2.046575;0.049474;-0.964811;1.065369;-0.475492;2.702837
-6.331439;0.294386;-1.490245;-0.127837;-1.300734;1.042755;-0.325624;1.317959
-2.304941;4.141377;-2.588256;0.238083;0.360499;1.567317;-1.358352;2.808468
3.028173;3.484313;-2.088774;2.128592;3.720916;0.486457;-4.645936;1.403410
3.810434;0.368709;-2.610777;2.398394;2.591605;-0.578335;-5.196241;1.393494
1.530481;-0.831191;-3.455355;1.509188;1.109055;-0.820020;-2.666325;4.749609
0.459146;-2.219999;-2.670659;0.527142;1.346263;-1.422853;-1.446566;5.021704
-2.995050;-1.537852;-1.340041;-0.157711;-0.052415;-0.433039;-1.260097;3.489602
-3.090847;-1.562681;0.342683;0.288062;-2.219764;0.483295;-1.711901;3.356785
0.248484;-0.425167;0.809469;1.027161;0.189298;0.695585;-2.557312;2.754972
2.146618;-1.975033;-0.258939;3.004306;3.369585;-0.622712;-3.535230;3.619115
1.512469;-2.148218;-1.053591;2.940108;0.440992;-1.483027;-2.420140;2.624453
2.165914;1.769304;-0.172063;0.981402;0.553891;-0.388664;-1.293429;5.050665
3.568986;0.144033;2.483168;1.805204;3.071083;-2.278954;-3.610112;3.932514
1.389986;-0.445094;1.425661;1.874759;1.000447;-2.092862;-2.778071;2.189936
-1.012153;0.179056;-1.190457;1.106318;-0.268545;-1.423579;-0.970966;3.719226
-1.982402;-0.297636;-0.659854;0.353966;0.246080;-1.046268;-0.541085;5.040295
-1.081562;0.969558;0.083796;1.531629;0.726352;0.733395;-2.775348;2.868095
2.777694;1.267803;-0.423296;0.677877;5.178318;-1.454077;-6.801245;2.903066
2.940655;-1.217814;-1.117821;1.459256;0.700897;-1.004111;-3.841383;4.256569
-0.219082;-0.600695;0.359969;0.275789;-1.580328;1.638054;-1.126830;3.490821
-4.126506;0.600410;0.824367;-3.367996;-1.185482;0.646380;-1.732843;3.243902
-2.339003;-0.390351;1.342459;-2.917537;-2.104224;1.289850;-1.968125;3.504456
-1.307868;2.378896;0.365599;-3.751130;-2.967293;3.564565;-0.763867;2.759992
-4.041651;1.930392;0.572844;-4.389368;-2.629338;2.363675;-0.330350;1.082724
-4.776619;-1.147209;0.362617;-2.262823;-0.538136;0.742005;-1.684776;2.007505
-2.379337;-1.736575;0.901736;-0.765959;0.567815;-0.305103;-2.403514;4.573161
-0.038801;-0.911132;2.046243;-1.005219;0.649853;-0.549853;-2.759888;4.328802
-1.946302;-0.662774;1.690070;-1.867110;-0.789322;0.463701;-2.446380;1.464409
-5.040051;-0.890060;0.060440;-2.726271;-2.746928;1.767587;-0.587792;2.675164
-5.168839;-0.278928;-0.522704;-1.609628;0.274309;-1.384491;-1.165185;4.060608
-5.241926;-1.295431;0.532723;-0.974673;2.277671;-2.182767;-2.539061;3.755306
-4.908686;-1.600922;-0.162389;0.019155;-1.082881;0.817219;-1.143402;3.748790
-2.268938;-0.903725;0.620941;-1.780008;-3.197723;0.316570;-0.528225;4.484381
-3.134268;3.028304;0.639675;-4.453016;-1.993584;1.545287;-0.672879;3.273901
-6.157943;3.360104;-1.133693;-4.241922;-2.625681;1.703677;0.138277;3.709649
-6.752988;1.654588;0.879302;-4.016502;-2.674381;0.436633;-0.156346;2.318285
-5.400502;-0.592875;-0.658421;-1.377097;-2.269628;-0.209573;-0.792944;3.832438
-2.486900;-0.611798;-1.065081;-0.975844;-0.255843;-0.090801;-1.082511;4.075495
-3.852905;-1.053570;-0.001450;-0.290524;-0.985263;1.512379;-1.296252;3.170273
-2.992749;-2.330056;0.998293;1.004098;-0.506478;-0.035725;-2.866850;1.018433
0.407843;-1.675773;1.103190;0.552410;1.294859;-2.018926;-3.865544;1.759440
0.623978;0.252499;-0.546573;1.491230;2.345319;-2.812172;-3.146447;3.047847
2.363562;2.314135;-0.165591;0.993542;4.177077;-1.745601;-4.597674;2.901743
4.044589;1.836509;-1.329532;1.045902;3.824618;-2.569811;-4.762492;1.706191
0.415234;-0.582952;-1.672176;-0.050254;0.704333;-1.461517;-2.293803;2.631968
-1.989901;0.026858;0.088593;-0.355040;0.335452;-1.524245;-1.721814;4.728910
-1.055434;-0.892838;0.103305;0.064807;0.269390;0.491425;-2.600376;4.159282
-2.047013;-1.727578;1.332605;0.191509;1.513837;-0.260671;-3.481478;3.073041
-3.741152;-0.262371;1.092425;-0.991529;0.977259;1.229562;-2.308892;3.679476
-0.328145;1.505033;-0.507588;-0.217771;3.121290;-0.514502;-3.672305;3.316852
2.569970;0.755643;-1.517712;1.108157;4.496813;-1.846059;-5.021160;4.110990
1.312887;-0.062205;-1.341426;2.430930;3.140524;-2.700550;-4.272389;3.108117
-0.980423;-0.676434;-0.438720;2.092724;-0.824570;-0.206567;-2.467037;2.491636
-0.637888;-2.308175;0.045166;0.368241;-1.376059;0.438413;-2.423324;2.965663
0.923911;-1.397208;0.315838;0.237314;-0.147515;-0.400640;-1.669626;4.999213
-3.083776;-1.088512;0.153940;-0.342321;-0.977217;0.741392;-1.121453;3.524299
-2.129877;1.778217;-0.958168;0.002662;1.152296;-0.503318;-2.695842;3.528183
2.881273;2.918476;0.344903;-0.267512;6.278512;-2.804926;-6.632209;1.793092
3.172259;2.419295;-1.430834;0.784626;6.451697;-1.339634;-6.267083;2.402723
4.585756;2.401089;-2.662025;1.609721;5.527586;-1.835904;-6.187153;1.846447
4.100806;1.651751;-1.342046;1.089335;4.690873;-3.246229;-5.573478;2.142008
1.002325;-1.612497;-0.548357;-0.167656;-1.169465;0.291253;-2.245985;3.949423
1.361660;-0.279522;1.500549;-1.380253;-0.733166;-0.330348;-1.941713;3.687057
-3.780517;1.692718;0.744962;-2.973225;-2.355333;0.506597;-1.201928;1.700829
-5.549277;-0.247665;-0.542213;-0.572398;-2.965648;1.364222;-0.164624;3.662840
-3.537736;-1.109433;0.563395;-0.776132;-1.693395;0.568318;-1.272858;4.466398
-2.980026;-0.810334;-0.071863;-1.923551;-2.716833;0.480358;0.337629;4.027186
-3.829207;2.338267;-0.677084;-4.047285;-2.879600;2.229114;-0.291752;3.033196
-5.966559;2.999834;-1.359999;-3.999345;-2.559896;1.459868;-1.329735;3.082409
-5.601046;0.309888;-0.272226;-1.911904;-3.178839;0.852006;0.532923;3.557671
-6.016315;-0.805344;0.465042;-1.864623;-2.463890;0.384550;-0.467574;2.991621
-5.603775;-0.643060;-0.293491;-1.333366;-1.108231;-0.395337;-0.916907;4.194249
-7.109209;-0.390887;-0.309082;-1.346385;-0.631248;0.061842;-1.225368;3.120574
-6.304040;-0.302241;-0.979399;-0.048052;-1.272202;-0.110327;-0.800522;3.261056
-5.646286;0.722786;-0.807705;-0.539903;-1.290396;0.059713;-0.347749;2.540402
-3.111875;4.619758;-0.631832;-0.772094;2.664097;-0.182515;-2.488984;2.100623
-0.250417;4.136547;-2.036105;0.068713;5.877234;-2.173015;-4.437090;2.264861
-0.276904;0.166988;-2.176373;1.089050;2.878327;-4.151446;-3.826937;1.744135
-4.178904;-0.890834;-1.223649;0.433520;-0.531426;-0.835648;-1.821907;2.352459
-5.382327;-0.323557;-1.025803;-0.776411;0.144436;-0.514344;-0.567504;3.374163
-5.352069;-0.608954;-0.474057;-0.435808;1.084293;-1.162980;-1.389921;3.680150
-5.298155;-0.608899;-0.098320;0.615244;2.944499;-2.033862;-2.634069;2.384287
-3.678738;4.309992;-1.801045;-0.226633;2.748409;0.809360;-2.992693;2.175496
-3.308039;5.838262;-1.381828;-1.328131;3.174426;-1.035001;-3.622464;0.578020
-3.656037;2.112005;-1.895021;0.055999;2.300292;-1.172283;-1.306120;3.305936
-4.448656;-0.160493;-0.095073;-0.577099;2.119199;-2.431072;-2.208851;3.564866
-5.507251;-1.919274;0.587008;-0.675173;0.360000;-1.366869;-2.343762;2.583884
-7.100958;-1.567466;0.184495;-1.238264;-1.588572;0.109270;-0.540511;2.769408
-7.617516;-0.310127;-0.419760;-1.297425;-0.678936;-0.636160;-1.256446;2.400159
-4.688080;1.028477;-1.780160;-1.955064;-3.410624;-0.567858;0.483777;2.908851
-0.617187;3.202075;-0.359916;-4.722261;-1.259641;0.281886;-1.731919;1.895135
0.407980;2.881131;1.480842;-6.169750;-1.261717;-0.383482;-2.506037;1.132360
-2.686347;2.069366;-0.147694;-4.489705;-2.660947;-1.783259;0.782403;1.322200
-5.980717;0.320462;-2.537866;-0.310799;-2.130651;1.410570;-0.399237;3.664604
-3.584988;-0.841311;-1.640459;0.361860;-0.413277;0.550774;-1.425808;4.118682
-1.710285;-1.981367;-0.569007;-0.492380;0.927285;-1.709583;-3.002974;2.859234
-1.976638;-1.978103;-1.061393;-0.629541;1.182850;-2.776961;-3.392285;2.483174
-6.463814;-1.075026;-1.928565;-0.761510;-0.706940;-1.065825;-1.336897;3.062442
-5.025634;-0.058521;-0.645598;0.427359;1.243443;-1.495145;-1.999835;1.975891
0.494730;6.081423;0.776898;0.021050;4.913610;-1.680290;-4.387111;1.242098
0.433734;6.556846;-0.655451;0.247529;4.494813;-0.483012;-4.625713;1.540301
-2.923338;0.457862;-2.633905;1.301218;2.702127;-3.374773;-3.618769;1.891447
-4.895830;-1.474487;-0.592076;0.504228;0.816005;-2.636710;-3.012196;2.140320
-7.437866;-1.381375;0.081834;-1.042595;-0.810667;-2.130178;-0.741130;2.250687
-7.921043;-0.317547;-0.403990;-1.182826;0.203842;-1.034040;-0.847688;3.421675
-6.561720;-1.728137;-0.500559;-0.598114;-1.267048;-1.351441;-0.959565;2.856257
-5.074234;-0.995210;-1.351303;-0.728232;-0.790106;-1.177548;-0.369995;3.451400
-2.295321;1.911500;-0.481258;-3.592627;-1.931676;-0.938420;-0.044649;2.944981
-1.433752;3.372616;0.778435;-6.477905;-2.037840;-0.251024;-2.023621;1.904682
-6.891800;0.325097;-0.225925;-3.400314;-5.352125;1.119527;-0.264256;-3.030663
-14.778290;-1.419043;-0.529910;-2.021904;-5.896307;2.985144;-0.243618;-5.067303
-15.428653;-0.941436;-0.361135;-1.286098;-2.652129;0.550055;0.837605;-0.350808
-15.275365;-2.215515;-0.613972;-0.677511;-3.610336;-0.776957;-1.102860;0.560409
-15.801540;-2.694618;-1.071284;-0.896358;-5.395147;-1.359632;-2.968122;-1.744272
-3.164468;4.322881;-0.142337;-4.871448;-5.438894;2.265308;-2.242355;-1.914519
0.560406;5.910431;0.651763;-7.482264;-1.160068;0.448339;-4.219777;0.388193
-1.725231;2.285976;-0.399332;-3.954321;-1.949747;-0.356862;-0.423768;4.183956
-3.976664;-0.718923;-2.334432;0.408794;-2.789229;2.336648;-2.029014;1.384028
-0.487298;-0.379072;-1.360021;-0.748939;-2.386151;1.579206;-1.099846;3.737492
0.644655;6.518833;0.085966;-6.869438;-1.328764;0.778550;-1.006120;2.266573
-0.293594;5.365131;-0.704875;-6.306417;-1.716800;-0.426195;-0.636511;2.390407
-4.743903;-0.701555;-1.071476;-1.876731;-2.034082;0.613302;-1.332479;2.842313
-3.591562;-0.223538;-0.765182;-0.924913;-2.251333;0.526329;-0.830564;4.124708
3.034708;5.981896;1.113390;-6.772751;-3.224764;0.366890;-1.335206;2.693469
1.274472;5.966274;-0.170095;-7.040620;-3.666983;-1.843875;-0.915958;1.990418
-2.689422;0.322336;-2.177135;-1.558642;-1.847404;1.033218;-0.889752;3.628371
0.586108;0.709137;-2.567437;-0.152099;-0.437428;-0.705075;-1.857336;4.662324
1.177407;1.783410;-0.828405;2.757375;-1.094517;1.050052;-1.704744;2.826443
5.857943;6.689053;-1.200221;2.600834;0.739290;0.589961;-4.100665;-0.366089
7.896514;3.364207;-3.823056;3.263158;0.400312;-0.207546;-2.729943;4.001990
4.587884;-2.643988;-0.409990;1.813680;2.028154;-1.156648;-5.460673;4.016387
2.243212;-1.143723;1.043410;3.351609;-1.546019;0.132960;-2.316499;3.170764
6.684030;9.051879;-0.123290;2.216773;0.464909;-1.249796;-2.116626;3.429052
6.218048;8.723744;-1.975920;1.982637;-0.444307;0.431807;-0.993422;4.267512
0.918171;-1.333172;0.370088;0.679771;2.624616;-2.240970;-4.093893;3.018033
-0.988098;-0.002244;-0.628178;-0.883611;-1.552929;0.605754;-1.340485;4.592400
2.058023;4.165489;-1.304559;-3.361583;-2.374675;0.952037;-0.265358;2.345212
5.408223;3.141918;-0.905674;-5.802212;-1.735857;0.531769;-2.688164;1.939093
2.145454;-1.660621;-1.406725;-2.908113;-1.037568;-0.013714;-0.858802;2.347765
-2.123552;-1.978998;-1.879017;0.210442;-0.815332;1.448323;-1.895810;2.963779
0.660526;1.488534;-1.943134;-1.465136;-7.270635;4.179001;0.922990;2.428740
1.107437;5.412235;0.000902;-7.496890;-3.252209;-0.931932;-2.491572;-1.369300
-3.198040;1.973692;0.061040;-4.154789;-4.684462;2.596497;-1.530683;0.640242
-7.008919;-0.353416;-1.078555;-0.523246;-2.902328;1.114747;-0.523011;4.711218
-5.556028;1.095011;-1.717235;-0.187661;-0.247360;-0.619455;-0.818863;3.402951
1.394640;8.225658;1.499843;0.293930;0.204449;0.871517;-2.113413;0.875911
2.150589;7.576187;1.185839;1.145264;2.183574;-1.190616;-1.598659;1.963989
-1.309908;1.834796;-2.068294;1.006045;0.379028;-0.707427;-1.484796;4.215056
-1.887202;-0.172948;-2.504883;0.326169;1.129591;-0.735140;-2.371656;2.791891
3.087235;6.375278;-0.195466;1.034257;-0.043811;-0.996002;-0.430495;2.465143
4.973425;8.445208;-0.964841;1.738070;0.824376;-0.043274;-1.198957;3.046851
-0.232871;1.900419;-2.322715;1.011854;0.719377;-2.751997;-1.294013;2.967739
-2.738989;0.897817;-1.768177;-0.012694;-1.783074;1.126040;-1.704715;2.472296
4.454489;7.061689;-1.226081;1.598031;-1.357542;1.812970;-1.590933;3.018801
5.298522;7.347148;-1.932342;1.987552;1.098574;0.261517;-1.865761;2.811462
0.435491;0.360703;-0.551581;1.355789;2.585281;-3.392630;-3.376142;2.066695
-0.542279;-0.687341;-0.577710;1.013248;-0.165168;-0.313641;-2.807153;3.952134
0.777511;1.167104;0.343056;-2.811392;-3.747755;1.528911;-0.074932;4.215090
6.005698;4.865995;-1.117337;-6.829892;-5.397208;-1.532962;0.106856;-2.007198
2.919477;2.675452;-3.620436;-3.238792;-6.387846;-1.869567;2.621687;-0.608189
-6.429541;-0.880706;0.703443;-1.442252;-0.870932;0.418920;-1.217051;3.184743
-4.044019;-1.744556;0.333324;-1.160655;-2.851323;0.543530;-1.459092;3.865309
1.126211;4.738750;-0.086748;-6.025985;-3.919621;1.427724;-0.507144;1.602510
1.011610;4.260930;-0.181746;-7.048651;-3.598963;-0.407399;-0.894221;0.785805
-2.768660;-0.425714;-1.435574;-0.588945;-3.034140;1.355777;0.058641;2.916925
-0.258486;-0.211000;0.271633;-0.882837;-2.878342;1.222665;-1.476328;2.878375
4.294714;3.204182;-0.606488;-5.039628;-0.285298;-2.643483;-2.177464;2.508529
3.262511;3.318093;-1.022541;-6.138701;-1.335672;-1.175949;-0.811399;2.479476
-2.141738;-0.319509;-1.121770;-2.064458;-1.814477;-1.508612;-0.005081;3.331028
-3.873907;0.747360;-1.945139;-0.749536;-1.390411;0.020048;-0.016667;3.856186
-3.116153;4.555777;-0.302943;0.156716;1.625110;-1.694566;-1.835810;1.329120
-5.003697;5.331665;0.290088;-0.355735;0.766521;0.051899;-0.504236;2.091643
-10.629143;-0.515919;-0.162562;-1.016743;0.750800;-1.357831;-1.149876;-0.235062
-14.488909;-0.934431;-0.218322;-1.038388;-1.864932;-1.361311;-0.319948;-1.732896
-2.294320;-1.402097;-3.013802;1.818639;-0.120376;-0.576620;0.724957;-0.641098
-2.890421;-4.342596;-4.793909;1.336513;-0.925720;-1.175617;-1.082171;0.500909
-5.632579;-3.867139;-5.473020;2.662478;-2.826450;0.383275;-0.541025;-0.313369
-3.694387;-2.620920;-3.611026;0.475059;-2.030524;-1.407714;-0.365822;0.502619
1.285772;-2.869387;-4.591342;2.619065;-1.164056;-1.561400;-0.929065;1.246734
7.067018;2.692113;0.335393;4.164596;-0.521489;4.117411;-1.991413;-0.588962
4.822844;6.725555;1.911830;2.709178;5.382412;2.617811;-3.894884;-2.825427
-1.963947;1.960315;-1.973369;-0.152668;3.480261;-1.049419;-0.310571;0.728694
-2.504660;-3.870689;-5.505917;1.768439;-2.485353;-0.464715;0.223765;-1.847118
0.526674;-2.214882;-7.228830;1.319024;-0.492637;-1.042553;-0.661799;-1.806687
2.040080;-2.658173;-6.313896;2.858215;-3.725033;-0.874957;0.592400;-1.654616
1.874194;-3.865781;-7.686782;2.869005;-5.063234;0.993247;-1.554115;-3.843722
1.301359;-1.085580;-5.484958;2.915414;-0.438756;1.897049;-1.339603;-1.398624
1.563962;7.686328;-0.066254;2.048737;5.335616;0.378599;-3.421842;-1.414829
2.832826;4.164646;-0.647221;3.229416;-0.002421;0.475752;-1.854626;0.461345
0.221135;-1.957100;-1.883036;3.842524;-2.007965;1.053645;-1.163888;2.194339
2.223496;-2.072374;-6.784855;3.472794;-2.976920;-0.471772;-0.326619;1.543192
3.490519;-3.545088;-7.044318;2.908122;-3.235334;-1.526051;-1.110238;0.373767
2.177146;-4.806129;-7.596410;2.735001;-2.996547;-0.746572;-2.518268;-0.315321
2.987551;-4.257053;-7.116740;3.256248;-0.241727;-1.630458;-3.062826;-0.165629
2.745327;-2.899643;-4.571707;1.752951;-3.520758;-0.285073;-1.054273;2.421021
14.121548;1.481123;-0.950761;-8.417210;-4.370325;-0.059345;-2.733544;-1.689911
13.601471;-0.478556;-2.930441;-6.999096;-3.739041;1.007788;-0.441756;-1.842243
2.302167;-3.958169;-6.723992;4.187598;-2.708504;-1.647913;-2.164842;-1.960560
3.966671;-4.226731;-7.063120;3.737054;-3.872294;-2.082659;-1.379703;-1.027856
2.758477;-3.433438;-6.646279;1.951701;-2.873344;0.551539;-1.428189;-0.355962
1.511761;-3.866652;-7.003588;3.165027;-0.155916;0.706626;-0.677673;-0.617263
-1.920569;-2.806859;-5.096157;2.680267;-1.985192;0.193693;-0.655805;-0.119682
-0.134364;-2.837517;-4.870614;1.257875;-3.209376;-1.448954;-0.834667;2.140628
12.278123;-0.806886;-4.704721;-5.969407;-4.420762;0.501989;-3.166308;-2.218956
12.477686;-1.331382;-4.164812;-6.611327;-2.636007;2.244509;-2.115315;-2.047211
1.580139;-2.817391;-4.472682;0.926028;-0.439593;-1.188958;-0.812884;1.264996
1.290509;-4.079941;-7.780955;1.725037;-0.355655;-0.489155;-1.192580;0.341542
1.785324;-4.620803;-7.039686;2.153207;0.958996;-1.077036;0.207564;-0.473393
3.755786;-2.442159;-6.751597;2.944211;-0.243566;-0.741734;-0.164517;0.458259
6.100848;-3.327592;-7.011129;2.662555;-2.021438;-1.313525;-1.145008;0.473321
2.366231;-3.577035;-6.169349;1.659023;-4.012151;0.369579;-0.550552;-2.784953
2.343414;1.163024;-3.294627;4.354583;-1.899086;3.496052;-1.860132;-2.674179
10.826666;6.803928;1.977016;6.660788;2.255962;2.508660;-5.421869;-2.679765
12.278338;3.202102;-0.485037;6.353866;-0.443061;0.244732;-2.762859;-1.293169
6.113446;-1.404623;-5.316894;3.978274;-3.878072;1.424193;0.417650;0.566094
2.142790;-2.951117;-7.267424;2.480341;-1.778605;0.321840;0.190871;-0.978225
-2.852045;-2.967515;-4.363557;2.570631;-0.763136;-1.924913;-0.859357;1.721646
-2.993151;-4.595165;-3.197157;1.825744;-0.102251;-4.160906;-3.335932;-0.060313
-3.807631;-4.695272;-4.096965;3.458490;0.131499;-3.904211;-2.429673;-0.714343
-2.519684;-3.526629;-4.019433;2.277079;-0.577018;-1.860082;-0.659167;1.481312
5.158016;-2.804560;-5.536552;-0.136179;-1.336678;-0.572850;-1.327523;1.299054
18.848904;-0.545345;-5.257239;-7.134856;-1.648230;0.625477;-6.107963;-0.779368
20.346385;-2.066502;-6.763509;-0.305876;-4.988481;-2.193892;-1.338473;-1.643587
6.557730;-2.228873;-6.930355;5.664407;-3.626639;-1.665996;0.717085;-0.714551
3.314219;-1.590326;-4.974361;4.013762;-3.394051;-1.319577;-1.914419;-0.356703
3.218536;-2.660556;-4.392562;2.719322;-3.435671;0.305848;-2.356648;-0.568107
2.659106;-4.589332;-5.272430;3.092246;-1.823390;0.276923;-1.916501;-0.427466
5.147739;0.407914;-1.999627;5.239080;-3.358506;3.294080;-1.068345;0.119156
7.327819;4.670293;0.993969;4.771126;-0.434138;0.157214;-2.711814;-3.308832
3.769356;3.608287;-0.015787;3.658091;0.861856;2.199702;0.387215;-0.740953
3.274914;-1.666720;-5.309167;4.155083;-0.385020;-1.468011;1.299271;-0.801156
4.403410;-2.230974;-9.609188;4.373296;-1.856179;-0.254109;1.189958;-1.316286
4.523833;-3.359131;-8.050558;3.076400;-1.922193;-0.224752;0.384360;-0.763465
2.493796;-2.890197;-5.406750;1.596321;-3.379095;0.592658;-0.483547;-0.328043
10.930107;-3.418350;-5.084591;-2.396898;-3.129454;-0.288318;0.212093;-0.367605
10.685948;-0.290901;-4.150839;-4.972737;-2.536503;-0.201316;-0.265659;-1.657851
10.899903;-2.904358;-7.864931;-2.213719;-2.548844;3.149045;-3.548760;-2.051170
12.868794;-6.590579;-8.406124;0.983607;-2.554961;0.658635;-3.995791;-1.309499
4.364871;-4.730987;-7.090616;3.631577;-1.893503;2.495200;-0.241268;-1.285087
-0.589857;-2.304746;-6.498236;4.498780;-2.708706;3.587820;-1.915453;-2.793239
-1.280182;-1.929819;-5.284728;2.486285;-2.911465;0.474816;-0.230874;0.962363
1.697809;-2.674661;-4.834195;0.095544;0.423310;-0.525420;-0.931929;0.139239
6.046159;-2.230801;-3.210505;-1.970777;-1.591662;-0.897530;0.736812;-0.704899
7.509118;1.419530;-1.092317;-4.428397;-4.983316;-3.283988;-1.831791;-0.308310
7.132007;-0.922577;3.466744;-5.143682;-5.382272;-3.281801;-0.818074;-0.085502
7.716840;-3.410968;2.801708;-3.379600;-2.940888;-0.063679;-1.350043;-0.162572
6.730564;-1.717596;-4.193147;2.825438;0.304789;-1.036295;-0.137360;-1.613990
4.287053;-3.181984;-6.977132;3.972644;-0.240368;-0.432655;1.297965;-1.285929
4.819862;-3.883347;-7.659655;1.252607;-2.081412;0.109482;1.420341;-2.562694
6.272043;-4.056769;-9.162141;2.705957;-2.259684;-0.909708;0.970440;-1.603708
5.124621;-3.655219;-9.189646;4.720634;0.132308;0.056113;0.043145;-0.541873
1.591560;-2.437736;-5.368847;1.780972;-1.329495;0.296032;-0.105190;1.460529
14.671110;0.040160;-1.601869;-7.579360;-2.153486;0.891253;-1.654003;-1.801823
16.239238;-0.785290;-3.538179;-7.057386;-2.058860;0.967204;-2.176383;-0.260772
2.285108;-3.993679;-3.620084;2.944932;-0.663065;-1.612954;-3.374880;-0.160303
-0.231246;-1.469064;-3.430580;5.032995;-1.705520;-2.953954;-0.839426;1.394154
1.509119;-1.693783;-4.074651;2.419334;-3.033917;-1.634256;0.194702;0.478976
2.138825;-3.947371;-4.869273;1.992361;-0.894735;-0.261732;-1.671892;0.879857
3.249338;-2.918620;-2.332516;-0.264666;-2.220583;1.431306;0.312206;-1.117860
5.481222;-0.424439;-2.772528;-5.781867;-1.344306;1.181098;-0.454453;-2.084158
6.993113;-1.506809;-5.018099;-5.074658;-0.593034;2.278558;-1.628269;-1.266131
6.654400;-6.100670;-7.772610;0.660774;0.961211;0.344562;-2.851104;-0.874120
3.480593;-4.608519;-8.396240;3.353822;1.432648;0.907635;0.221240;-0.067219
-1.641659;-1.907430;-6.028864;1.877788;-1.749887;1.375974;0.422381;-1.539289
-1.408056;-3.402208;-6.171038;1.844636;-1.062615;0.412010;-1.755331;-1.443685
-0.675854;-2.414245;-5.662373;2.276692;0.134977;0.194841;-0.392827;0.427461
-0.547698;-0.060863;-3.804226;-1.322601;-0.629735;-1.113099;0.327142;-0.371167
8.957996;1.209689;-3.156484;-8.674416;-1.382539;0.207772;-3.508809;-2.821265
10.911169;-1.487841;-6.039338;-3.297963;-3.086275;-0.112426;-0.947646;-0.502596
0.822207;-3.226187;-6.813807;3.405156;-1.636061;-0.102855;-1.866851;-0.038403
-1.890615;-3.206080;-7.126029;2.883770;-2.395368;-0.924775;-0.978130;-0.157459
-2.226059;-3.244536;-6.262756;1.274847;-1.730428;-0.060593;-0.518525;-0.735801
-1.332957;-4.395472;-6.470621;1.262519;0.166922;-0.549336;-0.750865;-0.651328
-2.131588;-3.042432;-5.675446;2.817978;-2.010600;0.974391;-0.703401;-0.473167
-2.148667;-0.448052;-4.327588;2.109458;-2.527132;1.444794;0.918619;1.401428
5.077211;3.051231;1.293297;3.444877;0.790841;1.838167;-2.435586;-0.399306
5.865720;7.277938;4.782280;3.714277;4.522202;0.058494;-4.509991;-1.200875
5.667684;2.025299;-1.011672;3.745898;-0.447690;1.131173;0.294320;1.116096
7.223683;-1.804335;-6.259914;3.356054;-1.824554;-0.043976;-0.436356;-0.481185
3.628693;-4.406120;-6.615444;2.071695;-1.045402;-1.266132;-0.195383;-1.242957
2.185741;-3.623761;-7.452897;1.830790;-0.937074;-1.385065;0.182931;-2.040528
3.268197;-4.708655;-8.028109;3.003304;-2.545990;0.422104;0.032728;-2.791643
0.562700;-3.509174;-5.731494;1.851214;-2.097135;2.311546;-0.880457;-1.017506
3.389189;2.281063;-1.472466;2.352192;-0.232929;1.281370;0.380297;1.477736
1.556005;5.255693;1.058325;2.222313;-0.458943;0.339761;1.402546;0.706104
-7.303512;0.810749;-0.114577;1.377381;-1.688008;-2.346494;-0.175205;-3.486655
-12.824821;-1.295551;-0.550988;-1.207531;-0.497381;-3.052644;0.352024;-3.242283
-15.862178;-0.572134;-0.906639;0.347344;-2.702461;0.845672;0.508381;-6.665368
-16.278881;0.035129;-0.474633;-2.639464;-0.104325;0.504758;0.366151;-0.310962
2.304958;2.769499;1.570021;2.604781;3.124449;3.934879;-0.504366;0.479441
2.775002;5.144928;-1.983610;1.787852;4.409345;2.363288;-0.808217;-1.787367
-0.245088;1.415567;-3.436069;1.621770;3.549471;-0.718476;-1.577804;-3.541143
-1.702017;-1.844549;-3.285451;1.984462;2.120954;0.017559;0.391574;-0.345575
3.706605;4.709805;-2.779580;3.179609;2.652488;1.919772;-0.326455;-0.829238
3.108741;5.594842;-2.815745;2.535973;3.045316;0.831273;0.815232;-0.820115
-0.890469;-1.835338;-4.406460;3.175354;0.872633;-1.539264;-1.018696;-1.573947
4.605364;2.431686;-4.050734;5.959435;-1.793109;2.463487;0.016238;-2.493711
8.789501;6.403792;0.278474;5.355840;1.430490;0.961181;-1.176274;0.107026
7.468790;0.514582;-1.576012;3.206170;1.850318;-0.179842;-0.190792;0.378626
5.674416;-3.273360;-6.722807;-0.404235;0.282291;1.096629;-1.240481;-1.267377
11.760169;-0.263506;-3.502590;-7.198796;-0.875890;-0.057781;-3.008191;-1.699689
10.244442;0.039393;-2.553318;-5.685141;0.077810;-2.172209;-0.938806;-0.698592
1.792374;-2.231739;-4.833209;0.006016;-0.051176;-2.748504;-0.231369;0.621670
1.859691;-3.227431;-3.642545;-3.178423;-0.553818;-0.102965;-1.005046;0.454350
6.901283;0.368208;-1.567645;-7.223888;0.497628;-0.187812;-1.963194;-0.163095
7.857439;0.788293;-0.321997;-6.135056;0.282405;-2.245565;-0.054199;-0.071078
4.604054;-2.311462;-0.266042;-1.215937;-0.110475;-0.155990;2.196620;0.745971
0.640560;-3.352084;-2.291682;2.566845;2.015195;1.411186;-0.432694;-0.861475
4.712344;3.987304;-4.023947;4.673830;2.979569;3.104567;-2.775299;-1.795913
6.593479;5.809719;-2.845765;3.337654;5.573091;1.606990;-1.278456;-1.426386
4.175843;-1.185026;-3.534333;3.051463;2.457209;0.081951;1.534207;-1.634458
9.379839;-3.745677;-0.288707;3.662631;1.106886;0.467693;-0.605356;-0.747083
23.917758;-0.924375;-1.673478;9.519969;2.880663;6.462512;-5.773951;-2.168924
31.566718;-5.514619;-4.286119;9.662956;1.839169;5.980153;-5.025406;-2.883386
20.331996;-6.589986;-2.544151;4.832587;0.359326;2.964071;-1.123339;-3.487825
11.415720;0.868963;-2.106106;4.088553;7.423815;2.770178;-3.136185;-1.461144
13.124789;-0.080016;-3.900903;5.134366;7.220890;2.052162;-2.848582;-1.430848
5.804461;-1.300988;-7.098102;4.405376;0.239042;2.323665;0.700140;-0.120395
4.621097;2.291345;-4.508347;3.053067;0.039160;-0.728096;1.382974;0.997622
6.378590;1.815942;-2.206814;3.480563;3.266165;0.468490;-0.001545;-0.124067
3.676564;-1.402018;-3.215613;3.225782;4.423413;2.617932;-0.550607;0.091069
4.605300;4.273002;-3.798309;4.118498;2.444802;5.915522;-0.280859;-2.942787
4.933804;3.790873;-2.009817;2.891897;3.707792;2.787327;-0.354458;-1.237455
4.489095;-1.997093;-2.019095;3.476268;3.210187;0.572221;-0.550130;-2.217406
6.008386;-0.699814;-2.096036;3.600823;2.959551;3.306320;0.949760;0.092220
3.512697;4.029885;-1.159700;2.531242;4.491402;2.791590;-0.523907;-0.000637
-0.240463;2.612478;-2.202002;1.782669;3.266242;-0.490057;0.002271;-0.547636
-2.254062;-1.210190;-2.700351;1.807969;2.271729;0.745682;-0.778482;-0.006149
5.057535;3.322641;-6.589965;4.900051;2.388098;2.106470;-0.373179;-1.892405
9.254426;4.018436;-6.902584;5.141584;2.685306;2.783398;-1.636648;-1.277790
4.325279;0.056750;-4.259961;3.436442;2.792105;1.394921;-1.506297;-3.079598
-1.047879;-0.146151;-2.504189;2.001747;3.761100;-0.322722;-2.145765;-1.593975
1.745193;6.113372;-2.560747;1.905297;4.315544;2.991314;-1.490703;-1.072059
0.658012;5.731328;-2.884281;1.495278;2.897225;2.687066;-0.196331;-1.403882
-2.699656;1.928570;-2.591045;1.966463;1.460729;1.104180;-0.732453;-2.099514
1.838095;5.092480;-2.794311;1.389011;3.147579;3.348282;0.276333;-0.597718
3.357516;5.291666;-2.060298;1.786225;6.639021;1.860744;-0.981331;-0.182811
3.539138;-1.915383;-5.355364;1.631858;3.668444;0.707611;1.982950;0.141429
5.408365;0.362332;-1.286769;2.581746;1.891209;1.051036;0.683499;-1.190660
4.588924;4.511988;0.168347;3.094942;3.274890;3.167747;0.753913;-0.914716
-0.017835;3.274830;-5.043577;3.175368;1.566022;1.860853;0.947781;-1.480228
4.261781;-0.392648;-6.895661;-2.582278;-1.388914;0.327219;1.779051;-1.991038
12.866503;3.786067;-1.320319;-11.738321;-0.042808;-1.953655;-5.334851;-2.590433
10.176038;1.859750;-2.179668;-6.397016;-2.608884;-2.424647;0.929039;1.232320
4.959127;0.574361;-3.436289;2.081509;1.766012;1.901779;2.794194;1.660696
7.847081;3.445359;1.670854;2.592570;3.577606;2.826974;-0.519915;-0.143604
6.483774;2.720195;0.630231;4.165678;6.305034;0.133423;-4.379408;-2.994849
3.119782;5.006377;-0.527212;4.080200;0.789535;1.016646;-1.895415;-1.649885
-1.584372;5.790703;2.543897;3.016692;-0.678302;-0.630591;-0.589827;0.398166
-6.610294;1.244882;1.511904;0.843144;-0.149356;-0.616730;0.787578;0.581569
-11.652959;-1.516000;1.141836;-1.265989;0.868801;-4.265020;0.183383;-3.516943
-14.800196;-0.295165;-0.167954;-0.437107;-0.349059;-1.529478;-1.122221;-6.295724
5.874796;-5.006405;0.590883;1.776925;0.365525;-1.052836;-1.175116;-0.068962
5.143591;-1.810081;2.181636;2.171405;-2.358015;1.243360;-0.699616;2.073898
11.494686;2.255501;-2.906585;-4.900781;-3.496856;0.291070;2.417137;-0.179133
11.646655;1.958042;-3.646549;-7.115626;-1.572463;1.032179;0.522475;-1.026283
4.983810;-2.076304;2.227176;-0.285473;-0.144851;-1.308646;-1.343078;3.025363
3.703807;-2.908539;0.654647;1.075157;-0.259845;-0.052816;-1.688744;1.559566
0.028333;-4.816426;-2.461120;1.764970;-1.372010;1.071873;0.664462;0.325149
-2.590004;-2.196448;0.830707;0.642036;-0.843345;-0.582633;1.226270;1.100256
-2.300220;-2.897151;2.157827;1.644432;-2.983597;2.691720;-0.252305;-0.394022
10.674298;1.964429;-0.692095;-5.364005;-3.252086;-1.045119;1.051799;0.104959
9.801298;3.094408;-1.287971;-8.948550;-1.211509;-0.503941;0.982807;-1.659110
0.760442;-1.343389;0.333047;-0.699248;0.493495;-0.742236;2.042404;-0.348036
3.544064;-2.912417;1.635546;0.864342;-1.744923;-0.101160;-0.363197;-0.305701
4.771815;-5.782283;1.311294;2.381161;-0.949041;-0.328115;-0.947350;0.185385
2.448128;-3.870145;1.817875;1.402786;-0.197329;1.364148;-0.209485;0.570853
-0.567313;-3.315251;1.222816;1.641716;-0.239184;1.000916;-0.900248;-0.296181
8.714563;1.567640;-2.801429;-4.196473;-3.141140;1.276852;1.143743;-0.433386
9.980990;3.274617;-3.557052;-6.768812;-2.824534;0.304110;-0.175274;-0.775611
4.005190;-0.686006;0.672516;-1.371201;-1.062422;-3.106359;0.683145;1.534917
3.844014;-1.909874;3.015105;-0.383865;-1.050806;-1.377168;0.817797;0.633418
4.116173;-6.937333;2.761656;1.595021;0.878777;-0.899702;-1.641135;-0.656868
5.436933;-3.279020;1.413111;2.807985;-2.146961;0.114611;-0.256318;-0.102495
3.010187;-2.510032;0.162031;3.170919;-3.227707;-0.260945;-0.770706;-2.199198
11.124532;0.583848;-0.889518;-4.904217;-1.059138;-0.180786;-0.953961;-0.195710
13.127136;0.747326;0.622142;-6.762543;-0.592443;2.415286;0.090509;-0.165769
8.810204;-0.181210;1.813254;1.830165;-0.576346;-1.476122;0.430176;2.427058
8.008807;-1.812184;1.908207;2.628291;-2.781996;-0.779812;-0.019033;1.689736
5.356742;-7.353755;3.018545;1.940237;0.123332;0.759905;-1.696793;0.321181
3.856944;-1.361206;-0.506904;3.730038;-4.104639;1.777914;0.898365;-1.372958
0.139772;0.973636;-1.139843;2.473795;-3.829019;-1.806626;3.616380;-0.661168
9.344765;0.587631;0.188788;-5.427234;-1.049944;1.058356;-0.348325;0.001299
10.403892;-0.246991;1.678706;-7.430501;-1.155660;3.128324;-0.908519;0.568106
2.619642;-1.019231;4.924174;-0.662566;-1.621202;-0.764658;0.844209;2.057071
2.306899;-1.217873;2.973140;1.617218;-2.572541;2.019866;0.292535;0.784738
2.438523;-4.705766;0.959116;1.882845;-1.597343;1.582280;-0.881191;0.135347
2.175584;-4.626684;1.790201;1.698070;0.241764;1.197124;-0.343428;1.367949
-0.732317;-1.449381;2.673562;0.482702;-1.811126;-1.106365;-0.715083;0.269573
9.854928;1.920770;-0.362806;-6.347535;-3.649944;-2.332462;1.215013;-1.626610
13.119090;-0.011753;1.228968;-6.287100;-2.698618;-0.942360;0.757324;-0.813515
3.815751;-2.325555;2.737751;1.354488;0.400433;-3.050979;-0.995940;0.208841
3.374353;-2.801473;0.194594;1.388387;-0.527451;0.154176;-0.178384;0.187154
1.081243;-4.108379;-0.239526;1.177520;1.885062;2.351822;0.508333;0.142088
-3.098083;0.224678;-1.204418;0.171208;1.913125;-1.205455;1.621655;0.777924
0.582748;0.264258;0.130945;-0.404140;-1.541057;-1.569917;1.835900;1.658918
8.883857;-2.206155;-2.997976;-1.935776;-2.897558;1.875579;0.878793;0.766656
10.658885;1.694092;-3.033123;-5.287090;-2.180197;2.147895;-1.073118;-1.286242
2.798768;3.044122;1.849001;-3.636816;-3.118884;-2.076999;-0.737662;2.145535
6.676854;-3.071245;3.457478;0.807908;-1.763218;-0.438239;-2.207291;1.589451
6.072662;-3.846674;2.965303;1.816956;-0.853825;0.934508;-1.905376;0.971499
-1.407571;-1.579711;3.106912;1.495607;-3.412231;1.754821;-0.334313;-0.769337
-1.430215;-1.991021;1.917115;2.130474;-2.234104;1.799377;-0.191098;0.406540
7.451446;-1.783027;0.285637;1.012788;-4.200915;-0.949891;0.662252;0.957427
12.513983;2.330550;-0.610614;-3.675480;-5.531699;-1.080531;0.153900;0.427342
6.583296;2.385686;0.921957;-4.344208;-4.025391;-4.460373;0.223440;0.458450
2.834979;-4.001682;1.304758;0.498376;-0.426062;-0.766557;-1.834247;1.217927
3.836897;-3.492375;0.534675;2.280491;-0.430989;0.119550;-0.179377;0.348423
5.579599;-1.586452;-0.450505;2.175531;-2.545215;1.942203;1.808956;0.063594
7.539396;-2.635097;1.991220;2.832054;-2.291626;1.660687;-0.011579;1.134797
6.865266;-2.602454;0.402517;-0.819422;-2.113437;1.645755;0.694664;-1.060871
5.711082;4.469759;-0.856570;-9.354087;0.020134;-0.695935;-0.441599;-1.763072
2.311054;4.404757;2.523514;-5.185383;-3.617624;-2.523510;0.501568;0.738046
2.716802;-3.462740;1.642324;0.713449;-1.660586;0.056288;-1.840743;1.271946
2.842713;-3.780597;1.674472;1.834833;-1.039057;0.313444;-2.442871;0.286654
2.887652;-0.469884;2.477644;2.555976;-4.042729;0.510297;-0.387525;-0.330847
7.971784;-1.596071;-0.116327;3.056686;-3.968456;-1.012782;-1.322741;0.763433
13.491337;4.324914;-1.383997;5.231603;-5.034831;1.413205;2.658207;2.580302
8.178873;11.601434;0.522847;2.910815;-0.432016;1.893767;-0.282882;0.438183
4.756930;1.567043;1.325247;2.543701;-4.696945;0.482083;0.304944;0.433268
8.463035;-4.221844;1.604791;0.931895;-0.938344;1.201528;0.079628;2.519401
5.032924;-2.739036;2.099672;2.033434;-1.747572;1.935965;0.409063;0.662539
1.220301;-2.145998;0.768055;1.099927;-2.930141;1.421439;-0.174109;0.738219
-1.211356;-1.831715;2.417447;2.386765;-3.129771;0.750061;0.264866;-0.623696
1.402135;7.760003;0.370840;1.159844;-0.072291;3.002876;0.960168;0.104351
1.744739;9.505425;0.413383;0.744516;2.611524;0.640686;1.314751;0.059778
5.429784;-2.692453;-0.768304;2.872863;0.012505;1.165261;-0.504545;-0.874027
7.857086;-4.521631;1.769531;1.793052;-0.141173;0.328498;-2.205060;0.888121
0.546545;-1.192141;4.471794;1.137641;-1.168388;-0.853358;0.247723;0.545651
-1.592942;-3.055592;1.416184;0.511367;-1.002833;1.820958;-0.326659;-1.317567
2.226744;-4.521288;1.007468;1.623699;-1.070772;0.953032;-0.963139;0.604667
8.122964;4.978471;-0.962967;2.596888;-0.557556;2.604698;1.077211;-0.359284
6.796930;9.159481;-0.773261;4.054526;-0.226938;3.730643;-0.915945;-1.549858
5.044314;-0.660890;-0.064495;5.335945;-1.962254;-0.233283;-0.837353;-1.168247
3.733935;-2.365857;1.460437;1.302047;-1.134601;-0.228869;-0.805460;2.209351
4.965222;-0.846038;3.651732;1.473284;-2.365278;-1.196166;0.761890;1.955690
3.762590;-3.076846;1.819162;0.686736;-2.255785;0.011075;1.725519;0.356909
0.206557;-4.933811;2.484041;1.494562;-1.093566;-0.416986;-0.114353;0.341629
1.454746;-0.752301;3.773155;-1.776804;-3.529391;0.046569;1.252922;1.312204
14.826344;1.807535;3.021808;-5.920857;-5.257919;-0.199536;0.390261;-1.435594
18.139908;-0.552701;4.492263;-4.693775;-2.519149;-2.477192;-0.066280;-0.846188
8.103740;-6.476550;2.879077;1.494136;-0.672030;2.470460;1.275843;0.807666
4.402896;-4.120648;1.080440;1.906487;-0.386374;3.231595;0.494830;-1.344712
1.746826;-3.329747;-0.488133;1.022888;-0.980788;3.671559;1.939453;-0.362166
3.493155;-3.851360;0.633387;0.887263;-0.868640;0.142157;-0.498260;0.356300
4.409142;-2.631422;4.045993;0.784604;-2.182063;1.066317;-0.260104;1.220350
5.596636;5.872589;4.416129;2.405891;-1.354357;-0.731053;-1.020651;0.143058
4.369719;8.423749;0.550970;2.668749;3.381708;1.052152;0.233615;-1.512322
5.211290;-0.989561;0.840704;3.293186;2.247139;2.953716;0.876324;-1.921190
7.561627;-4.151033;3.037726;2.363889;-1.363989;0.618334;-1.599922;-0.299752
4.640336;-2.427219;2.219972;1.658360;-2.447891;0.865168;0.879051;0.280278
2.241498;-4.967435;2.765547;0.987028;-0.163279;0.858074;-1.504977;-0.236434
3.811590;-4.633774;3.202031;4.889988;-1.952278;0.325212;-0.443469;-1.682933
5.746262;3.979516;-1.470013;3.880206;-2.882796;2.495577;-0.668459;0.464600
10.196634;6.288475;1.060567;4.813835;0.904684;2.410580;-0.092221;0.674451
12.132700;-2.591072;4.892569;4.619694;3.084859;0.770690;-2.661144;0.218972
6.583682;-4.809823;3.444188;3.290486;-4.145109;1.108569;-1.309461;-1.814244
2.142484;-3.259217;2.388633;1.151566;-3.209548;1.327883;0.059494;-1.715960
2.276481;-4.148264;3.251158;1.171856;-1.397409;1.702667;-1.328755;0.845074
0.483946;-4.429149;4.525013;1.995062;-1.009850;0.474594;-2.156319;-0.186761
0.278739;7.526454;0.310072;0.983362;-0.210006;1.776797;2.575535;0.215806
3.198988;8.903356;-0.929354;1.481621;4.478592;1.116272;1.710095;-1.561594
5.134493;-1.413013;0.809049;2.896271;3.002311;2.353047;1.651784;-0.441091
4.228757;-3.331561;3.207531;1.430358;-1.141122;1.723728;-0.712249;1.570182
1.302158;-1.782679;1.909682;0.774870;-2.305640;1.471150;-0.550755;0.779167
-0.670667;-3.869303;1.597879;0.826911;-0.276069;0.494144;-1.503486;1.105665
-1.730776;-2.269304;3.170241;0.265087;-1.847625;0.045125;-1.714124;2.090613
-1.967435;-1.255661;5.320619;0.189704;-1.229998;0.275045;-1.528323;0.175060
-4.113658;-4.047677;5.178581;1.660700;1.875691;-3.052405;-2.388160;-1.629856
-7.982191;-3.332842;2.120120;-0.364578;3.882344;-4.933559;-3.610382;-2.409175
-10.426678;-2.184137;1.379187;-2.724606;4.036390;-3.941698;-1.987895;-2.000568
-12.682541;-0.407286;1.626289;-2.515174;3.052519;-2.036711;-0.758649;-0.103595
7.091030;3.377632;-4.566075;-7.000379;-1.536778;0.453449;0.846393;-1.168723
8.727874;4.337039;-3.335485;-7.629289;-1.442211;0.165169;-0.631759;-0.335731
3.939310;-0.424154;2.258270;-0.394941;-3.192047;-0.182533;1.277205;3.710827
0.077303;-0.665537;4.189977;1.061723;-1.384513;0.649074;0.141708;0.897515
9.456896;2.101327;0.934868;-6.576887;-1.854472;-0.644007;0.593216;-0.875340
8.328859;2.748976;1.562373;-8.383480;-2.732384;0.076796;0.415529;-1.251408
-6.501922;-0.854885;3.349479;-2.099502;-1.900440;0.398275;2.357272;2.397930
-6.712880;-1.960117;2.283262;-0.628204;-1.083789;-0.798688;-0.242500;0.592686
4.762925;-0.924960;-1.385071;-2.637350;-5.023312;-1.034062;2.809054;-0.736665
11.028593;2.653475;-2.161037;-6.911336;-2.232806;-1.047596;1.941709;-0.025480
4.309698;1.133934;-0.154122;-5.069599;-0.678725;-1.250459;2.650059;0.206236
0.231898;0.174227;3.208072;0.848685;0.303226;-2.466476;2.878639;-0.267680
-1.759856;1.849157;4.196785;0.685753;-1.956571;-0.577004;3.711447;-0.443454
3.185226;2.817276;-1.326314;-5.939410;1.226077;-0.714341;1.524098;-0.388772
4.692967;3.667182;-2.029401;-6.739483;1.321228;-0.583500;0.367755;-0.818703
1.102300;0.008991;4.112869;-1.083990;-0.465985;-2.708537;-1.843867;1.997040
1.428747;-2.313253;5.403751;-0.223648;-0.440086;-1.787440;-2.279621;0.685101
5.981714;-0.331843;1.227358;-2.665028;-3.095877;-1.343616;2.134988;-1.227434
8.853951;3.485486;-1.645307;-7.520960;-1.060602;-2.486499;1.836549;-1.724301
2.849208;1.530437;0.514028;-4.499786;-2.839734;-2.008534;2.602977;-0.456386
-2.083266;-2.796687;3.122530;-1.215157;0.484031;-0.582686;-1.942480;0.948278
-1.055218;-2.236476;3.530925;-0.564727;-1.770663;1.335260;0.122395;1.070012
7.993001;1.629965;0.074182;-6.351765;-1.889877;-0.273150;1.247526;-0.295060
7.555820;2.234874;-0.978246;-7.510529;-1.070195;-0.426273;0.123077;-1.402125
-2.602227;-0.537968;1.935150;-1.957983;-1.410551;0.179682;2.073935;2.515402
-2.697009;-2.017320;2.554691;-0.525809;0.781889;-0.706119;-2.598988;0.995183
10.508073;1.411225;0.770243;-4.880761;-5.720404;-1.831160;2.210237;-0.262016
14.381254;2.623886;0.569749;-7.134664;-3.301769;-2.581434;0.949892;-0.648771
3.124831;-1.814221;0.070819;-1.881141;0.218854;-1.891601;-0.572248;0.422134
1.664666;-3.584042;0.496344;-0.236009;0.133823;-0.225522;-2.340395;0.922447
0.085509;-2.795749;1.778963;0.766433;-0.959005;2.279172;-1.069326;0.234899
4.487565;2.931683;-2.811406;-5.847066;0.634949;-2.532437;3.202752;0.073542
4.774029;4.033400;-1.878639;-9.122916;0.427869;-2.452008;-1.266598;-2.419563
1.052412;-0.713875;1.421252;-0.886504;-1.174991;-1.656151;-0.263713;1.989027
-0.112071;-1.084886;2.465059;0.957505;-0.925438;-1.721644;-0.842487;1.904584
10.408289;1.790893;-0.042427;-4.526715;-6.909947;-2.180311;3.107019;-0.586565
15.488194;2.269015;-0.679701;-5.806540;-3.629326;-3.502802;0.893053;-1.440443
3.798940;-2.200916;0.280242;0.650016;-0.751260;-2.929813;0.068637;-0.894550
-2.596145;-1.981478;-0.379523;-0.232859;-0.251293;-0.646519;-1.252022;0.850505
3.394515;-1.697371;0.679383;-2.921784;-1.653243;0.468803;-0.242223;1.901789
6.422245;1.333561;-0.166091;-6.102621;-4.877713;-0.812201;0.717823;-2.599010
2.179157;1.640638;-2.238740;-3.004263;-6.540396;0.433902;3.222684;-1.326542
-2.278615;-3.248314;-0.456742;0.272262;-2.645949;-0.950861;0.163674;0.549652
-0.660813;-1.715937;1.841733;-1.361670;-2.273504;-0.042179;-0.472213;0.552576
10.088269;3.365515;0.310615;-7.642209;-3.095499;-2.400338;0.958171;-0.903737
11.163120;1.242026;-1.597613;-6.100766;-2.877764;-2.698562;2.010115;-0.836134
-0.899579;-3.876760;0.675173;0.369701;-0.751903;1.058601;0.256289;1.873750
-3.275137;-1.770526;3.307763;-0.337404;-0.754379;1.631501;-0.774492;0.145478
7.427644;2.025623;-0.286728;-6.451191;-1.893148;-2.574753;1.042620;-1.968886
6.609798;2.738118;-1.501785;-8.183111;-2.320337;-2.801880;0.653453;-2.057369
0.050015;-0.750652;2.415344;-0.384650;-1.848458;-2.038375;-0.231729;2.685818
0.262603;-0.437309;4.677344;0.256080;-1.986584;-2.224596;-1.499525;1.238219
9.744267;3.861418;1.428405;-5.841610;-4.467971;-1.716179;2.017173;0.566073
12.276770;2.183033;-0.311464;-7.532123;-2.860152;-1.484918;0.760775;0.324420
0.766724;-2.127523;0.432586;-1.070463;1.298856;-0.954016;-1.402939;1.747181
-2.710897;-1.914771;1.780366;-2.315752;-0.605134;-1.181657;-1.085984;1.582118
-5.537388;-0.162025;0.547341;-0.255545;-0.746575;2.250024;0.883955;-0.092745
-9.493246;1.922938;-0.871485;-0.571242;0.928528;0.793048;1.227273;-0.100774
-13.582500;-2.140867;-0.978577;-0.462144;-1.784736;0.686761;-0.242548;-3.724474
-14.483182;-1.233030;0.723151;-2.497891;1.311296;-3.933796;-1.879217;-1.255998
21.275480;-4.913711;-4.626873;3.747858;4.841296;4.457407;-1.784339;-5.752202
13.575762;-4.671827;-1.426136;2.277892;-0.975555;5.871982;-2.040357;-4.988166
-6.216405;-0.980688;1.973105;1.080687;-2.066814;-1.413786;-0.270802;1.550624
-7.795415;0.983171;1.452999;0.783273;-2.571178;0.323040;1.413018;1.941013
-6.092779;6.005852;2.166728;-0.231892;-0.535340;2.194919;-0.728929;-0.042393
-5.596345;6.419284;1.627279;-0.227238;2.129052;-0.595339;-1.044130;-1.613845
-6.828225;2.022837;1.809477;0.308178;-0.491863;-0.568155;0.427778;0.690784
-7.757398;-1.207663;2.562919;0.983757;-0.864875;-3.193920;-0.407198;0.938944
-7.761890;-1.344965;3.847039;0.091402;-1.882046;-2.309695;1.450488;0.382790
-7.196786;-2.489082;4.833761;-0.067668;-2.136559;-1.417127;1.356865;-0.263567
-6.949116;-2.571733;3.357994;0.277998;-4.477325;0.782586;1.758945;-1.230322
-5.303014;-2.326081;2.998828;-0.281273;-2.411592;0.263769;1.461948;0.870261
-2.651415;-1.238176;3.805925;-2.965651;0.011528;-0.465233;0.371685;-0.237818
-1.937072;-0.673108;3.599632;-5.129934;-0.428388;1.834624;-0.584493;0.654022
-1.789675;0.318582;3.545470;-5.277554;-1.316639;1.718888;-0.368772;0.391245
-3.246523;1.307585;1.894659;-5.118556;-1.823587;2.798234;0.318985;-1.214515
-5.662615;-0.670123;1.860356;-2.320329;-2.433678;0.654987;0.209071;-0.540039
-7.683573;-1.480969;2.938145;0.160018;-3.260821;-0.356028;0.255057;-0.201530
-9.842730;-0.587407;1.751540;0.424006;-3.921166;-0.540058;1.030456;-0.234650
-10.330579;-0.962448;1.164759;0.542699;-3.986559;-1.272078;-0.003729;0.659955
-9.764773;-1.977921;1.962447;0.714556;-3.769751;-1.742741;1.304613;0.530414
-9.239753;-1.355829;2.240275;-1.294687;-1.772833;-1.531085;1.030882;-1.506018
-8.593609;-0.617779;1.081936;-2.185003;-1.782331;-0.555019;1.391224;0.958608
-5.759602;-0.062276;2.417219;-3.841836;-0.971579;-1.234309;1.184330;0.620031
-3.524720;1.401657;1.738859;-6.014515;-1.672062;1.644067;0.452362;-0.322569
-1.526501;0.848900;1.401856;-5.683740;-0.726594;0.821720;-0.580640;-0.408539
-3.228644;-1.939967;3.511565;-3.364162;-2.060455;0.569232;0.646868;-0.401000
-7.071064;-2.688990;4.560206;-1.007049;-2.726591;-0.733732;1.221746;-2.394039
-8.917951;-0.980081;2.796319;-1.214960;-3.953752;-0.079837;1.811633;-0.376957
-8.927975;-1.801210;2.376349;-1.064636;-1.968967;-0.584684;1.475198;0.336129
-7.699527;-1.635401;3.305107;-1.016590;2.527878;-4.029710;-1.522701;0.097243
-7.572560;-0.550822;1.669288;-2.159399;-0.402521;-1.303828;0.339050;2.849199
-8.355563;-2.551314;2.023830;-0.941939;-1.263495;-2.256083;0.876930;1.491605
-7.561724;-0.587633;2.513078;-2.404354;-1.100062;-0.266754;1.191755;-0.350557
-2.564036;-0.345524;2.231120;-3.752890;-1.183465;0.773271;0.753574;-0.827485
-2.783929;-1.972542;2.826032;-3.405899;-1.663561;0.336303;0.296766;-0.544802
-5.007761;0.299644;2.302644;-4.651079;-1.462097;0.280439;0.671364;-0.001525
-1.233404;2.537006;1.711334;-7.926688;-0.823731;0.550292;-2.752478;-1.802541
-1.419991;0.776760;2.010069;-6.613898;-0.306222;0.145150;0.319965;-0.029284
-7.020016;-1.580207;0.978944;-0.498691;-0.618838;-1.649409;1.504467;-1.310068
-9.009761;0.479872;0.529996;0.873193;-3.181309;2.360190;1.697036;-0.552561
-9.551557;2.536766;1.569839;-0.162927;-1.931200;1.198739;1.230852;0.531668
-8.978583;1.943957;2.905341;-0.455311;-1.655815;-1.584374;0.655458;-0.234044
-9.580407;-0.114162;2.368479;-0.856956;-3.381837;-0.126881;-0.062460;1.039282
-9.887240;-0.617252;2.086770;-0.761770;-2.304484;-0.897577;0.708019;-0.168593
-8.942701;-0.756127;2.135178;-0.230859;-3.243430;-0.334676;1.023362;-1.202395
-6.718243;-0.518009;1.592978;-0.584469;-1.114475;-0.109412;1.585255;0.549915
-6.870601;-0.367875;1.022650;-0.316141;0.567180;-1.081465;-0.255507;0.782942
-8.235538;2.420093;1.533169;-0.324995;-1.147490;0.237953;0.769506;0.048280
-7.170540;4.686247;0.946643;-0.323095;1.075567;0.963196;1.242823;-0.524257
-6.588591;3.585613;1.261138;0.085858;2.478420;-2.261252;0.126892;-1.256619
-7.038645;0.038801;2.357744;-0.113249;-1.034390;0.121831;0.968179;-1.574587
-6.332012;-2.278434;3.672916;1.064622;-2.670489;-0.072497;0.631764;-0.754383
-5.314335;-2.508419;4.568734;1.682511;-2.949622;-2.024067;-0.067159;-0.642952
-6.213925;-0.758343;3.456936;0.850943;-3.941416;0.444706;0.903058;0.525283
-6.314346;0.544529;2.633910;0.161745;-1.984244;-0.514801;1.974241;1.256561
-5.292764;-0.457354;1.274615;1.287233;-1.048474;0.259386;0.540276;0.063914
-6.777055;1.182749;1.276881;1.634912;-2.156593;2.104415;1.600798;-1.009074
-7.480850;2.811971;1.597644;0.507965;-0.308116;-1.073346;1.256036;0.140400
-7.131712;2.100346;1.794534;0.006738;0.632324;-1.927535;1.162717;-0.500811
-7.610767;1.570996;2.633068;-0.026070;-0.030950;-2.112512;0.899754;-0.730572
-8.029182;1.443597;2.298310;0.275199;0.615615;-1.853544;1.801149;-0.628621
-6.659370;-0.888369;2.608253;0.864517;-0.818223;-2.107290;1.607236;0.253062
-6.192924;-1.521985;3.629645;-0.006920;-1.043848;-1.818200;2.237192;0.591062
-5.489411;-1.826713;3.747509;0.213017;-0.345236;-1.958440;2.571524;-0.451498
-5.741807;-1.948503;3.137089;-0.266981;-0.877987;-1.342389;3.025861;-1.469211
-3.098471;-3.336210;4.201744;0.318601;-0.203310;-2.106822;1.399160;-1.097565
-4.503634;-1.064102;3.279155;0.869823;-2.626885;0.803118;1.212870;-0.400302
-5.201458;7.149974;0.365786;0.011379;1.559748;-1.401937;-0.340421;-0.803578
-3.464854;8.419718;0.908502;0.071365;5.097857;-2.719116;-1.804399;-2.018463
-6.250668;3.795920;0.456252;-0.093990;1.382092;-0.647740;1.074648;-0.625474
-9.565764;-0.294656;2.251443;1.119927;-2.233657;-2.871841;1.523611;-0.852854
-9.292941;-2.223885;3.108099;0.365269;-1.561417;-3.771906;-0.105302;-0.349410
-8.737492;-2.325970;2.711401;-0.312329;-3.116277;-2.266683;0.272948;0.882867
-6.352807;-2.892097;3.563723;-0.411745;-2.762574;-0.735754;0.289397;0.869029
-5.202309;-3.582123;4.026966;0.607718;-1.799616;-1.953846;0.042613;0.698134
-5.925176;-1.836269;3.475049;0.231959;-0.376830;-1.975805;2.045498;-0.435693
-5.672627;3.851703;0.685221;0.118989;-0.466040;-0.306211;3.138912;-0.787129
-3.197021;8.788979;1.569356;0.335381;5.370922;-2.680314;-4.385316;-4.211588
-3.518370;7.539845;0.562937;0.382053;2.675766;0.235060;-2.346433;-3.104131
-7.306166;2.364888;-0.880398;0.212032;0.257501;1.748021;0.743418;-0.707782
-6.161292;-0.680567;2.167157;-0.272585;-1.143629;-0.842965;2.315803;0.292999
-4.471529;-2.907594;4.037676;0.496104;-3.186612;-1.245807;-0.477750;-0.878667
-4.720128;-2.922952;3.370024;0.590427;-3.699658;0.036081;0.757652;-1.166833
-3.915293;-2.910942;4.464765;-0.768943;-0.824066;-1.009730;1.063969;0.201003
-6.538241;-1.578669;3.151609;-0.150005;-3.406300;0.186620;1.258874;-0.629108
-5.956389;-2.069895;3.021886;0.021345;-3.355679;-0.764199;2.307535;-0.798224
-3.864158;0.562415;2.069777;-3.070146;-1.138179;0.558808;1.643657;-1.575789
0.128760;0.704632;2.570447;-5.461691;-2.202842;2.970120;0.163681;-0.256958
4.194215;-1.062757;4.588526;-4.812552;-1.117752;0.755822;-1.936924;0.786172
0.661342;-2.803597;4.690486;-1.835189;-2.811578;0.434439;-0.372745;-0.652259
-5.641666;-3.043963;3.677244;0.534755;-2.439743;-1.360938;2.121785;-0.339057
-5.904942;-2.509034;3.858389;0.989288;-4.546353;-1.116542;1.340784;-2.017743
-5.274967;-2.263255;3.912836;0.644086;-4.680633;-0.333444;1.079097;-0.157568
-5.049999;-2.828248;4.263595;1.656487;-3.746064;-0.733334;0.159653;0.470951
-5.500825;-2.254230;4.610626;1.102674;-4.631839;-0.662909;1.200701;-1.143221
-4.598159;-0.735211;3.096205;-1.377925;-4.408942;2.085855;1.571513;-0.531991
-0.148318;0.860460;2.586112;-4.372587;-1.247982;0.975481;0.387502;-0.004490
0.195672;-0.214202;4.041652;-4.888697;-1.159327;1.082864;1.093190;1.465647
-3.534983;-0.401772;3.477343;-3.729050;-2.099823;1.382546;0.135470;0.700461
-4.238746;-0.852156;2.477745;-2.219710;-1.446430;0.936271;1.322743;0.554769
-6.717944;-1.943011;3.531135;0.202298;-1.422551;0.143988;0.859795;-0.150646
-6.537762;-0.735739;2.657211;-1.693300;-0.905810;-0.689763;2.233121;-0.584187
-5.853676;-0.783908;2.397077;-2.261549;-1.434120;-0.008654;1.943370;0.636478
-5.524049;-1.973964;3.584135;-0.641596;-1.459092;-0.555239;2.190542;0.258378
-6.579461;-1.354486;3.011191;-1.006022;-1.660381;-1.922649;1.225428;-0.769768
-8.507252;-0.752778;1.904128;-0.929637;-3.131423;-0.811724;1.123803;-0.294882
-9.176094;1.193956;1.471465;-0.383113;-2.025488;-0.222613;1.448100;0.467485
-7.233207;5.593766;1.987947;-1.043243;2.762324;-0.887650;-0.734058;-0.453321
-6.834230;6.427610;1.583699;-0.394498;3.510473;-0.812962;-2.009096;-2.692502
-7.683869;5.583824;0.344063;-0.690870;2.741521;0.142263;-0.499050;-2.400294
-8.577172;3.534866;2.045052;-1.313556;0.120076;-0.119163;0.372169;-0.851079
-9.484151;2.628038;1.787971;-0.401973;-1.720511;-0.539395;1.325776;0.123885
-8.165286;1.473966;1.907938;0.024919;-2.020651;-1.210254;2.705476;1.233488
-8.886456;-0.771984;2.695306;-0.141195;-4.060408;-0.796013;1.702550;0.586145
-7.341702;-2.009418;3.439946;0.062203;-3.635544;-1.510118;0.644863;-1.203627
-7.065345;-0.014473;1.816072;0.634816;-2.489797;0.550237;1.506943;-0.473844
-10.508838;1.129116;0.154736;-0.044862;-1.129149;-1.897278;2.097921;-0.687827
-15.969461;-1.855512;0.126462;1.378933;-7.396252;1.579768;-0.279941;-10.134439
-16.294869;0.095744;-0.115972;-3.287727;-1.105578;0.014104;-1.697698;0.125059
-16.963317;0.559717;-0.833176;-3.211816;-3.071566;2.500685;-1.241185;1.695948
-16.744161;-0.382688;-0.323087;-2.048124;-1.588943;-0.636711;-1.595336;1.898172
-5.484649;0.395185;1.482439;-3.750573;-4.009386;-0.960475;0.959795;2.263865
-2.786984;1.950903;1.729747;-4.280156;-3.963845;0.124246;0.092500;2.212964
-1.227623;0.058663;0.780789;-1.400484;-4.284823;0.207887;-0.427386;1.637468
-0.314301;0.019926;1.194298;3.293380;-5.733550;-0.065806;-1.906743;0.411452
-1.816516;0.756000;3.285123;3.459249;-5.546913;-0.830014;-0.865005;-0.389398
-3.646111;0.342078;1.289643;1.193262;-5.090643;-2.012505;0.810405;1.893865
-4.433442;1.487442;0.221988;0.991841;-2.795193;-3.098452;0.458202;-0.118860
-4.519798;4.377541;3.773319;-0.744330;-0.524366;-0.389540;1.399485;0.485886
-3.483496;4.633458;2.938375;-0.155905;0.844046;-1.405770;1.031190;-0.358666
-6.091113;5.211787;1.247745;-0.527349;0.456721;1.237205;1.085335;0.733171
-8.645436;2.429397;2.184242;-1.291982;1.165450;-0.568056;0.132648;0.006863
-8.790412;0.476334;2.165232;-0.826483;-0.976173;-0.832168;0.646032;0.249332
-8.482674;2.487454;1.128766;0.004251;-1.680433;0.311883;1.552265;0.239879
-5.728946;7.221266;0.940820;-0.687272;3.699128;-1.099308;-1.777183;-1.426610
-5.657100;6.259315;1.190847;-0.523487;3.217664;-0.568064;-0.504805;-0.771345
-7.779913;0.676579;2.228677;-1.495229;2.500021;-0.933554;-0.563369;1.171070
-6.536203;0.982038;2.225935;0.187087;0.406826;-0.803272;0.767847;1.457158
-6.853440;3.781883;1.679354;-0.019317;-0.461966;1.091784;-0.032242;-0.897598
-6.063026;6.503580;1.320162;-1.001436;4.345679;-2.502373;-0.701571;-1.792278
-7.276168;5.730982;2.056048;-0.955508;2.345170;-0.683962;0.460749;-0.898022
-8.006925;0.402480;2.591242;-0.672718;1.840224;-0.598125;-0.541765;-1.016983
-5.719915;0.347448;2.276540;0.542003;-1.179490;-0.586109;1.792078;0.947905
-5.853450;3.083249;1.996780;0.066898;-0.169122;-1.658031;1.083053;-0.679632
-5.528481;6.692724;1.271182;-0.156590;3.648644;-2.137076;-1.167285;-2.052015
-6.218355;5.176480;1.517441;-0.211926;1.860350;-0.407722;1.637439;-0.703152
-8.486785;-0.566817;1.766712;-0.140067;-0.065449;-0.984423;0.590385;0.361506
-8.427049;1.528593;1.192085;-0.460679;-0.837454;1.075591;2.323177;-0.235895
-6.694430;6.831322;2.133898;-0.519790;3.198899;-1.098261;-1.149069;-3.424411
-6.718378;6.898435;1.820885;-0.309965;5.000697;-3.840022;-2.020378;-3.086251
-6.597852;3.528293;1.549297;-0.533816;1.586528;2.468832;0.129830;-1.481090
-7.445231;0.738732;1.357502;0.616688;-1.505248;0.421370;1.062821;-1.652550
-8.187788;1.991246;0.504620;0.750849;-2.268830;2.056297;1.253014;-0.493704
-5.218761;6.550746;1.468049;0.180417;3.656299;-2.680211;-1.045539;-1.377484
-5.660844;8.021255;2.487314;-0.019021;4.143817;-2.983777;-2.917961;-5.799828
-6.400499;5.184088;0.932363;0.000100;0.982847;0.085601;0.356380;-0.826914
-5.047962;-0.056046;1.677419;-0.812951;-3.370529;-0.337407;2.393255;0.318105
-1.594688;2.235303;0.897109;-6.278458;-1.351204;1.584682;0.474906;0.210086
0.362349;2.978326;-0.227163;-8.401209;0.373261;1.860482;-1.207692;-1.571640
-1.481498;0.919016;2.020445;-6.367195;-0.367767;1.075206;-0.150350;-0.322692
-6.318596;-0.692424;1.951833;-3.338123;-0.800084;0.264668;-0.493638;1.229757
-6.279191;0.682834;1.551246;-3.898063;-1.060387;0.101514;-1.435925;0.678483
-3.224704;0.524704;3.144188;-6.008441;-0.512577;0.837814;-0.710861;-0.298996
-1.133860;0.878955;2.512762;-6.010246;-0.343306;1.821055;1.812738;-0.154153
-2.287553;0.603128;0.373153;-4.950831;-0.473694;1.404592;1.086803;-0.570560
-4.345460;-2.232220;2.050430;-2.168102;-1.153980;-0.012065;0.906598;-0.220213
-3.906078;-0.391884;3.066013;-3.335711;-0.359806;-0.269064;0.572123;-0.322797
-1.027840;1.316591;1.324316;-5.849900;-1.060248;2.081314;0.307002;-0.361944
-1.592983;0.365171;1.190005;-5.943073;-1.137489;1.400115;-0.542051;-0.770071
-0.875333;0.625264;1.977178;-4.739069;-2.769588;-1.504338;0.969209;-1.234050
-0.239009;-0.809127;2.843562;-2.972799;-2.875798;-2.533347;1.570676;-0.243117
-6.060217;1.360742;0.921000;0.176759;-1.895712;1.678658;1.066479;-2.182032
-5.506651;7.833652;1.787839;0.762987;3.222337;-1.328309;-3.529572;-3.758681
-4.218721;7.328039;2.255946;0.721590;1.323625;-1.528391;-2.566879;-1.712010
-6.601087;4.617450;1.183012;-0.065976;-1.460436;2.079905;0.024603;0.395726
-7.063420;1.777640;1.505191;-0.597049;0.433944;-0.072180;-0.742651;1.140440
-7.644279;-0.747387;1.018103;0.288390;-1.860218;-0.429336;2.045229;1.639038
-7.190089;1.586790;1.630025;0.576081;-1.820781;-1.356020;0.924066;0.857968
-5.747285;5.822927;1.762079;-0.111664;1.801435;-0.872756;-1.397101;-0.832560
-7.109219;6.386062;2.066926;-0.514122;4.396119;-3.363109;-2.576268;-2.810302
-6.720644;2.905442;1.233965;-0.122132;1.017568;1.824919;0.653312;0.203559
-7.004609;1.615629;1.006277;0.286053;-0.489818;0.333370;0.620830;0.761462
-8.838442;2.675136;1.411637;-0.021884;-2.105961;3.537912;0.095219;0.100637
-6.593560;5.217960;1.134274;-0.011444;2.869060;-1.373511;-1.001766;-0.881486
-6.139920;6.162707;0.708916;-0.450533;2.916641;-0.756110;-0.354643;-0.988242
-6.276302;3.114613;0.280201;-0.769949;1.337260;1.512165;-0.152750;-0.825778
-0.615243;6.389394;0.944357;0.618870;1.714380;0.194788;0.428226;0.647492
-0.655398;7.739101;1.697471;0.876839;2.400591;-0.603083;-0.008313;0.153273
-5.534917;1.551390;1.716044;1.157942;-0.214333;-0.062528;0.102818;-0.038360
-9.446772;-1.131402;2.012448;-0.305109;-0.649563;-1.405359;1.011031;-0.625163
-14.003119;0.666980;2.114827;-0.652696;-0.636248;-0.760512;0.052295;-3.562201
-15.803354;-0.503560;0.913952;-2.690631;-0.781144;-0.273452;0.137347;0.098209
1.136856;-5.502737;-8.147780;0.932824;3.238858;0.952432;0.177904;-1.598987
1.309720;-5.452007;-6.390309;1.127999;3.688261;-0.634968;-1.451584;-1.627865
0.204297;-4.175331;-5.791846;1.130912;1.569716;1.712713;-0.797050;-2.451504
0.574839;-3.333740;-4.521404;1.379285;1.433972;2.182248;-0.585872;-2.148351
1.887384;1.841784;-2.807187;1.382411;3.630551;4.035134;-0.115023;0.622717
2.124800;3.610069;0.055348;1.629319;4.011969;3.698460;-1.922159;0.551551
2.687613;-2.702850;-2.017283;2.591898;2.816586;2.923708;-1.659218;-0.700245
0.047275;-4.516925;-3.902911;1.512401;2.026539;0.427922;-0.971332;-1.077664
-0.353608;-4.907927;-6.543941;1.564033;1.202088;0.092855;-0.007764;-0.008270
-0.651565;-5.237653;-7.955865;2.020123;3.802764;0.201522;-0.313058;-0.146535
-0.261328;-5.589789;-7.611456;1.503778;4.103675;0.479884;-0.770595;-0.006395
2.208640;-5.516503;-7.755859;0.972469;1.613699;1.721478;-0.308999;-0.505540
2.465194;-4.046350;-4.898897;2.202125;1.324827;1.212584;-0.116597;-2.177085
3.910660;2.488019;2.668451;2.677263;1.154986;2.595558;-3.222709;1.332878
2.711293;5.919114;7.051879;2.665728;0.459234;3.468975;-3.053476;1.396958
0.198338;2.720419;3.942016;1.656014;-0.246888;1.064427;-0.338421;1.672343
1.011806;-2.091259;-0.580711;2.853228;0.032580;0.812012;-0.621019;-0.431012
-3.653495;-2.674204;-4.035213;0.828213;2.367900;0.797990;-0.072763;0.161731
-3.896389;-4.559951;-5.633129;0.879675;3.380987;1.649606;-0.562504;0.110881
-1.783506;-5.186947;-6.064091;-0.246302;2.970731;1.847081;0.247902;1.168694
-3.687654;-4.625211;-4.960445;0.629529;2.660594;1.505426;-1.151952;-0.209341
-5.738200;-4.165560;-3.594090;0.944709;0.339054;0.527904;-1.291126;-0.510941
6.204104;-0.484570;-0.421790;-5.421531;-1.813644;0.165987;0.596548;-0.266574
8.766128;1.593431;-0.613026;-8.027155;-0.974213;1.635436;-1.358317;0.601884
4.542090;-1.658033;-4.279851;-1.339767;1.531597;-1.113686;-0.776967;0.855265
-0.099669;-5.522010;-4.822642;1.705234;3.329428;0.200110;-1.293359;-0.074682
-2.728397;-4.375971;-3.908371;0.281152;1.817276;-0.542925;-0.866412;-0.060563
-2.577207;-3.150126;-2.319815;-0.047122;0.380012;0.760159;0.208761;1.379710
-3.735084;-2.895422;-2.378016;1.151486;1.325232;0.466726;-0.536331;0.685864
-2.694189;-3.989747;-4.745006;1.769520;3.042520;1.078912;-0.615463;-0.698893
8.403771;-2.530659;-4.655650;-2.904402;-0.458132;-0.588377;1.013285;-1.215789
13.562556;0.327036;-6.463955;-4.376798;-0.117822;0.960629;-0.388493;-0.624942
7.705668;-1.158841;-6.923639;-1.059680;1.172158;-1.212888;-0.445023;-1.109919
-1.093364;-3.657956;-6.895977;-0.416666;1.978505;1.542741;0.829017;1.017631
-2.474189;-3.715253;-5.780658;1.020435;4.479828;1.522836;-1.748030;-2.287610
-2.858001;-4.513135;-4.768243;0.320567;2.201989;2.739140;-0.042895;0.037082
-4.457435;-4.098040;-3.371196;0.185506;3.397072;0.457972;0.283066;0.233613
-2.625369;-4.001105;-4.515025;0.675848;4.033588;1.594508;-1.543442;-1.116232
-1.555801;-4.490277;-5.534719;-0.032237;0.862938;1.706045;0.074714;-0.222651
-1.040991;-1.016756;-5.331489;-3.442263;2.281574;-0.074031;-0.559594;1.035721
4.966583;1.229744;-2.533684;-7.085517;2.277976;-0.979722;-2.589892;-1.332994
5.331423;-0.990303;-3.837192;-4.322170;1.701149;-0.971562;0.721509;-0.459767
1.027017;-3.000743;-5.609928;-0.964969;4.735575;-0.976072;-2.090238;-0.712749
0.443261;-5.189245;-6.236507;0.369453;1.771255;0.696042;-0.513174;0.690250
-0.297284;-5.938868;-5.517820;1.447639;3.309330;0.851235;-1.720510;1.520330
0.354444;-5.569709;-5.008392;2.449863;2.744498;0.320743;-2.746519;0.547172
-0.049466;-4.825728;-5.224208;2.222525;2.292081;1.120244;-1.243517;0.247111
-1.220044;-4.478301;-6.115496;1.218657;2.881110;1.171850;-0.833438;0.515990
3.138381;0.170703;-5.876375;-2.861318;-0.257380;-1.411713;0.028055;0.175972
7.539049;-0.576298;-6.504494;-4.404438;1.958793;0.860248;-1.407760;-0.724759
7.348531;-2.308927;-6.084191;-1.901891;0.603341;-0.865564;0.006944;-1.883057
6.689581;-2.351474;-7.123589;-0.661679;-0.861844;1.014662;2.164204;0.333065
0.637494;-3.598487;-7.054086;1.820344;2.996019;3.354319;1.122924;-1.314260
-1.616017;-3.721110;-6.154154;0.921486;1.698108;0.318051;0.046455;-2.176827
-2.261409;-3.386854;-5.786546;-1.000968;1.475013;1.197248;0.664471;-0.173878
-4.168970;-2.679668;-5.571102;0.127090;3.354849;0.737506;0.964531;0.214739
-2.427150;-3.507544;-6.407034;1.358034;0.443914;3.029115;-0.610943;-2.539593
4.862508;-3.376827;-4.640329;-1.696599;-0.934034;0.767193;1.025310;-1.734957
8.305206;0.350784;-4.036867;-6.152258;1.432898;-0.761057;0.660445;-1.223252
6.562508;0.100079;-6.051345;-6.036592;1.133337;0.788926;0.598213;-0.805478
1.638510;-2.198911;-6.762254;-1.008749;3.100057;0.830140;0.548162;0.981230
-1.532740;-3.018957;-4.224313;1.555952;2.316675;1.358841;-0.521176;-1.491273
-0.598019;-4.649214;-4.489964;0.397782;1.293809;1.898704;0.052240;-1.059131
-3.429915;-3.584198;-3.832859;1.463557;0.567233;2.616168;-0.005570;-3.206177
-4.131617;-1.945432;-5.152949;-0.491996;1.109104;1.421479;-0.086281;0.483192
3.158551;-3.815815;-9.165439;-1.599276;-0.092655;0.680115;0.912575;-1.083803
3.460359;-3.192119;-8.717888;-0.994144;-0.419425;0.647785;1.130933;-0.471932
10.083207;0.302988;-5.531527;-3.937496;-1.732391;-0.179289;1.097155;-0.826365
10.128862;-1.547207;-6.171843;-3.996602;-0.260592;1.061038;1.910648;-2.829350
1.640525;-3.849214;-8.672841;0.130405;2.955736;-0.142037;-0.903516;-2.602201
2.395161;-3.757900;-8.764483;0.791860;0.917686;2.268434;-0.085612;-0.634142
-2.845431;-3.505595;-5.853514;1.814959;1.518440;3.501517;-0.990061;-2.388834
-3.947658;-4.032069;-3.962380;0.750267;3.335952;0.842345;-0.445044;-2.245035
-2.508233;-3.894143;-4.042713;-0.713868;1.963141;1.562314;0.486689;1.303947
-2.978166;-4.295170;-3.421369;-0.061462;0.518551;1.011662;0.202120;-0.765646
7.010288;0.672948;-4.231019;-5.442151;-0.819763;-0.860548;0.044380;-0.599400
8.981757;0.484391;-5.658944;-5.749580;-0.485974;0.304195;0.844572;0.625482
-1.275610;-4.591601;-4.802337;-0.102531;2.838554;2.086432;0.246295;0.559743
-1.876464;-3.830938;-5.102566;0.653946;1.238009;1.863365;-0.341254;-2.279929
-0.897522;-4.447884;-4.458616;1.294728;2.709629;1.533883;0.369455;-0.426591
-3.874681;-4.280004;-3.873431;1.118288;2.924889;0.203777;-0.365716;-0.192444
-2.357754;-5.075475;-4.338193;1.471186;3.059723;1.564893;-0.398938;1.062952
-2.799122;-5.927233;-3.632445;1.151692;2.696763;1.408093;-0.946615;0.379936
1.168329;-4.663719;-6.163574;-1.333190;2.651880;0.429756;0.062119;0.335209
4.302485;-3.962157;-8.298961;-2.411163;4.456759;0.323876;-1.325303;-0.681250
1.190481;-3.421142;-7.653070;-0.482469;3.488420;-0.192351;-0.378020;-0.313404
2.870193;-1.955638;-7.114462;-1.495923;2.593345;-2.146520;-0.656410;-1.115332
3.808153;-1.964499;-7.906164;-1.228906;1.791445;0.656951;1.015961;-0.060411
2.015512;-3.772534;-5.372676;0.731083;2.157063;-0.723084;-0.698572;-2.864796
0.677234;-3.566922;-4.598179;-0.197591;0.736141;0.480224;0.608953;-1.519764
-2.267876;-4.047892;-5.373428;0.846004;1.538313;1.053805;-0.245867;0.666253
-2.920612;-3.471642;-5.233163;0.750687;2.642588;-1.138355;-1.894060;-1.276832
-2.908937;-5.548803;-5.159131;0.515404;1.657771;-0.285081;0.593472;-1.125533
-4.550648;-4.577471;-4.432636;-0.428178;3.660779;-0.618504;-1.023676;0.591293
3.285186;-3.727106;-8.242316;-1.528238;2.648360;0.502095;-0.255764;-0.367852
4.733709;-1.896289;-6.246244;-2.735247;1.820421;1.764705;-0.851920;-0.717992
2.697602;-1.046881;-3.824387;-3.650433;0.881476;-1.797139;-1.172056;-0.419188
3.781098;-3.096066;-6.924394;-1.673541;1.795994;-1.683102;-0.012765;-0.586039
-0.906958;-5.601676;-9.101152;1.306055;3.107147;-0.056145;-1.041311;-1.222489
0.294656;-4.974126;-8.921817;1.202335;1.727671;3.562532;-0.440916;-0.701002
-0.614157;-4.105796;-7.280484;1.558555;2.882710;3.503048;-1.394153;-0.628402
-2.232088;-4.669979;-6.660663;1.266908;2.471430;-0.158500;-0.423815;-1.180309
0.005576;-4.392856;-6.856192;-0.237005;1.589718;1.041403;-0.114135;-0.321147
0.265312;-5.823755;-6.296686;1.723538;2.283027;0.269236;0.186614;-1.203564
3.213468;-2.866034;-6.849925;-0.423628;2.126139;-1.935101;-0.731481;-2.386852
3.904700;-2.301727;-6.963846;-3.460147;3.202408;0.299068;-0.788342;-0.966716
0.654667;-3.302248;-6.793369;-2.727385;4.011488;0.561519;-1.048248;-0.051658
1.920289;-3.159739;-7.673330;-2.538730;3.663118;1.693489;-0.439513;0.569713
0.133382;-4.169015;-8.491618;0.891594;3.290743;1.472327;0.570753;0.918950
-2.772237;-2.751914;-5.241695;1.451956;2.321471;1.212577;-0.867767;0.203917
-3.362516;-3.485638;-4.190417;-0.120514;1.529343;2.953994;0.584721;1.005545
-5.270809;-3.958318;-4.780715;0.541418;1.848293;1.238701;-1.070269;-0.986680
-3.917397;-1.942374;-6.219609;-1.305666;0.359548;2.292391;0.205577;-0.011038
3.066826;-3.406880;-5.361284;-2.643477;2.818715;1.932346;-1.017226;-0.581780
8.332557;-1.809649;-4.686960;-3.308283;-1.389092;0.782219;-0.959317;-1.756798
7.430007;-2.595883;-6.480765;-2.037546;-1.705154;1.601584;-0.041620;-1.127481
-0.768896;-2.266937;-4.024159;0.749447;1.930512;0.918899;-0.911143;0.111931
-9.547709;1.603379;0.117874;0.131793;-1.110890;-0.239498;0.776471;-0.386761
-16.307437;-2.040811;-0.337581;0.392558;-10.211205;5.662326;-1.492018;-5.875892
-16.877483;-1.013638;0.634111;-0.275228;-4.620632;0.079580;-0.781827;-6.316586
-16.370137;0.521405;-0.722708;-2.394989;-0.180859;-0.015480;-1.082017;0.896345
-17.531950;-0.230616;-1.881449;-0.850804;-3.599700;1.863453;-2.320914;0.379542
-5.903494;-2.938080;-2.035519;-0.225184;3.333560;-1.384802;-1.510917;0.054987
-2.931595;-2.765208;-5.077279;0.914260;2.900374;0.006900;-0.216486;-1.600281
-0.507562;0.400849;-3.063016;0.875090;2.836144;1.423834;-1.408467;-1.288319
-2.016144;7.425179;0.760708;-0.411145;3.545672;1.598396;-1.645226;-1.495499
-3.887408;6.853041;0.201735;-0.582703;0.802109;0.781649;0.256039;-0.959236
-5.035731;0.132275;-2.328877;0.157056;1.411600;0.247661;0.686594;0.850510
-3.990674;-3.080549;-5.549186;0.243911;2.281237;0.006271;-0.512755;-0.714382
-3.795877;-1.866205;-4.280789;0.075270;1.606424;2.441996;-1.333643;-0.423738
2.685941;6.339195;0.391694;0.408116;5.626404;-1.319104;-1.763064;-0.316764
5.618626;5.000750;0.199665;1.472733;4.417231;-1.594977;-1.944720;-0.711259
-2.595434;-1.590452;-1.320763;0.942986;1.156410;2.042293;-0.368658;0.122274
-5.559897;-3.007463;-4.454612;1.150260;0.966966;-0.564215;0.070844;1.030311
-0.864416;-0.411393;-3.101647;1.229374;3.026567;0.947930;-0.759385;-0.010414
0.609979;5.145163;0.411581;-0.135454;6.702209;-0.420979;-2.389293;-1.426254
-1.986553;5.887531;1.902229;-0.076736;3.249401;1.060516;-0.246580;0.692584
-4.548881;-0.793318;0.533950;0.640199;2.832672;-2.488227;-2.284057;0.943351
-2.471263;-1.968049;-3.707080;0.347700;2.751494;-0.245159;-1.001448;1.743628
-0.201781;-1.637244;-2.935457;-0.721244;0.374845;1.367139;0.154004;-1.191400
8.975133;3.325217;1.116336;-9.443876;-1.726922;-0.139126;0.527375;-0.269781
12.011915;1.530999;-1.585025;-8.546981;-1.514399;2.265810;0.916505;-0.803537
2.063981;-6.038146;-6.839894;1.107299;5.798924;-1.802786;-1.497854;-0.682506
0.938600;-5.172987;-6.978189;0.955109;5.494711;-1.256776;-1.734019;-0.664074
0.292222;-1.869709;-5.155420;1.202248;4.926079;-1.091366;-0.804343;-0.299062
2.989037;9.589210;1.828932;1.012720;2.694882;1.667768;-2.310794;0.028340
2.839896;8.862919;1.703356;1.879688;1.924647;0.817428;-0.662928;1.007024
-4.520925;-2.298644;-2.910702;0.192863;3.264141;-0.868861;0.029503;0.739380
-4.275872;-3.615426;-5.486952;-1.285721;2.654278;1.590454;0.688054;1.741441
-1.659377;0.626084;-3.610651;0.589990;2.258172;-0.910657;-0.154338;1.837876
2.703800;9.322904;1.289502;0.931565;2.201524;-0.285928;-2.609340;-0.920039
0.900003;9.480010;1.214990;1.518631;1.730721;0.352440;-0.837965;-0.090228
-8.724027;-1.040835;-0.058622;0.399658;-0.822656;-4.355274;0.473894;-0.360856
-4.910945;-3.096173;-2.645520;-0.762005;1.686149;-1.616119;0.561450;-0.748532
-0.131065;3.035429;-2.823260;2.365372;1.865055;-1.285988;0.552560;0.152295
0.557854;10.089027;0.691092;1.068967;1.334491;-0.538796;-1.478767;-1.121449
-2.913548;6.513949;0.531274;1.863629;-0.595857;0.978527;0.856932;0.082871
-5.936720;-1.686484;-2.335613;-0.300250;2.437861;-0.537398;-0.334455;0.304535
-3.927615;-3.202255;-5.888852;0.361818;3.490256;0.433667;0.237473;1.604635
-2.278995;-4.029094;-5.779212;-0.637498;4.014212;-1.476252;-0.838175;-0.059535
3.958113;3.066588;-1.433599;-7.444490;-1.009399;-0.149641;0.330985;0.068401
2.154239;4.999559;-0.326102;-8.430869;-1.938436;-1.262394;0.055460;1.257666
-3.707453;-1.786519;-5.687869;-0.925428;0.553533;-0.067533;-0.313687;0.911739
0.129429;-5.856398;-9.184542;0.608606;5.067737;-0.616359;-1.403358;-1.160606
-1.670102;-4.184690;-6.675767;0.906668;3.310428;2.112460;0.169634;-0.212999
-1.895843;4.629017;-0.863969;1.229643;1.730175;-0.977304;0.815783;-0.190400
-0.801170;10.475596;0.954066;-0.179030;4.932510;-1.157848;-3.111718;-1.117672
-4.309470;5.865677;-0.730516;0.332368;1.233084;-0.461769;-0.265220;-0.020706
-6.586285;-3.055407;-2.887511;0.225044;1.219453;-0.013512;0.791451;-0.478094
-5.554338;-3.765188;-4.528915;0.246664;1.763320;0.144317;0.359717;-0.375215
2.003119;-0.317498;-3.810137;-3.566132;0.462734;-3.310545;0.989599;-1.119248
6.308008;6.317192;-2.262920;-8.830216;-1.586008;-0.795270;0.850791;-0.732962
-0.782623;4.896255;-1.620816;-5.536902;-3.788582;-1.092104;3.584235;0.062945
-6.542567;-2.642477;-2.812883;0.093782;3.529058;-0.691763;-1.087594;0.325126
-0.609212;0.453517;-3.931156;0.957887;4.199698;-3.485368;-1.038626;-1.147689
4.119315;7.505605;-2.159740;1.342600;1.821253;0.855384;-0.184839;-0.667348
2.411624;5.704628;-2.650936;1.322793;2.487502;0.743146;0.239959;1.372782
-3.436515;-3.421715;-3.774217;-0.201359;4.719796;-2.799000;-2.044192;-0.972907
-5.598124;-1.817309;-2.506851;-0.993132;2.304083;-0.887011;-1.597809;-0.284735
-7.721921;-1.541569;-1.678372;0.188008;3.753263;-3.851110;-1.720202;-0.491035
-9.936363;-0.203987;-0.284137;0.014314;1.052866;-1.295383;-0.054900;-1.882533
-14.816613;-0.153030;1.006488;1.305225;-3.979677;2.145138;0.089351;-6.338583
-16.424922;-1.119509;-0.095966;-1.520336;-3.167348;-0.671422;-0.530274;-1.609624
-16.110943;-0.134487;0.895106;-2.402710;-1.144327;-2.398419;-3.430650;-0.853922
-16.564914;-0.217430;0.141269;-1.816374;-2.236135;0.642131;-1.616891;1.346771
3.132414;-3.733797;5.228284;0.029584;2.938372;1.075105;0.373608;0.866094
3.413550;-4.890657;3.983822;0.960940;0.346531;1.815355;0.316873;-0.128905
5.198850;-6.130154;3.227285;2.620162;-0.492697;4.533057;1.322320;0.084541
4.391023;-1.439005;1.960867;2.310767;-0.331377;3.434171;-1.016309;-0.380277
1.567010;7.876566;1.864881;1.857255;0.475629;1.682514;-1.707935;-3.283226
0.279338;7.859147;1.091299;0.964618;1.110947;2.028958;0.470155;-1.868837
-1.132725;-0.983977;0.932438;0.415879;0.530056;1.354610;2.950540;-0.914766
1.611222;-2.359604;3.186113;-0.237666;1.275529;1.560069;1.884946;-0.527210
3.327151;-4.146504;4.637276;0.972711;2.087663;2.912171;2.761050;1.187109
3.982147;-2.769948;4.285678;-0.293450;2.535434;2.382439;1.257217;0.215579
3.609623;-3.093219;3.063507;-0.147193;1.825641;1.722140;2.314668;-0.800034
2.711220;-4.011063;2.608849;0.041686;0.474015;2.281331;2.832892;0.092564
2.307878;-2.200024;1.752977;-1.572991;1.735089;0.352295;2.819687;-0.587616
5.603090;-0.834895;1.447714;-2.575721;2.746279;0.111164;2.218899;-1.457755
6.728007;-3.517044;3.314418;-1.283821;1.220262;2.399746;4.322080;1.809146
7.812481;-1.928920;2.273687;-1.492810;0.653572;2.921226;4.012422;-0.641234
10.151973;-1.186453;1.948721;-2.171933;0.308276;3.197422;1.820249;-2.243095
8.953238;-4.493184;6.308021;-0.176527;1.757848;2.528126;0.886748;0.169220
6.243759;-2.657317;5.440500;0.413297;2.143652;2.770573;1.542916;-0.259085
10.435783;-2.248212;3.825917;-1.048852;4.441741;1.744172;1.089491;0.192566
8.923514;-3.753281;3.908857;-0.783967;3.804801;2.123646;1.448515;0.571726
7.111297;-2.685468;1.908311;-0.434703;2.288412;2.993794;1.581453;-0.706754
10.475900;-2.087137;1.056800;-1.004716;4.404650;1.502376;1.420593;-0.583925
7.155848;-2.847869;3.401276;-0.007200;3.141266;1.560415;1.212443;0.865420
5.135587;-1.485636;1.415810;-0.778550;2.039160;2.627983;1.891862;-0.579009
9.034927;-1.231543;1.023809;-4.069019;2.523455;1.610198;0.615289;-0.919153
10.566502;-3.228432;4.135435;-4.003053;3.702176;0.977863;0.498675;0.411570
6.059886;-3.313620;5.220671;-1.008381;1.920723;0.875426;1.394285;0.540158
7.983842;-1.429584;4.281325;0.086822;3.436371;1.368990;2.081571;1.019527
6.459707;-1.362923;6.429205;0.584569;1.997211;1.961635;1.052922;0.484940
2.151548;-1.374331;3.643589;0.419925;0.630841;1.344463;3.652379;0.982153
6.797878;-1.870877;5.184110;-0.699252;3.237652;0.592359;2.001071;-0.054639
11.751603;-5.049147;7.376760;-0.042496;2.609227;2.855208;2.875837;2.149788
12.079349;-4.490278;6.202201;0.401751;2.715951;2.604377;2.219792;-0.300894
10.495165;-2.080854;2.225842;-0.976601;3.484002;2.010081;1.829113;-0.439145
5.397931;-2.455318;3.859163;-1.399935;2.439482;-0.213662;1.176506;-0.977619
3.856973;-1.753226;0.567597;-1.722601;0.554891;0.708176;2.354827;-1.736580
8.937668;-1.940461;0.084086;-2.558718;2.384040;1.005654;2.210016;-1.167195
5.449024;-2.790949;2.432373;-1.505910;3.079448;0.684238;0.861284;-0.833192
-0.829032;-1.240797;0.829877;-1.081699;0.916810;1.389769;1.525671;-1.229845
3.335667;-1.900417;0.484390;-0.741078;1.599700;2.134888;2.343557;0.231428
4.016263;-2.360368;3.270998;-0.075189;3.853730;0.878568;1.221898;0.419362
3.807139;-2.203941;4.157949;1.185739;3.127819;1.433189;1.838744;0.314934
6.267550;-2.013548;4.741582;0.318342;2.400242;1.385705;2.040588;0.324538
4.477245;-2.035561;4.607925;-0.144364;1.796779;2.128399;1.756323;-0.147831
3.884840;-1.728609;4.029807;0.279562;2.095655;2.068807;1.688934;-0.834130
12.023505;-2.402157;-0.194563;-0.784928;2.688960;1.135247;1.372988;-1.469787
10.436939;-4.759319;0.250474;-1.275565;0.760821;1.544086;1.242943;-1.684383
5.462350;-1.621206;0.229648;-4.451319;0.038995;0.718208;0.177456;-2.003517
7.355824;-1.847212;0.791827;-2.884921;2.366258;0.432783;0.750533;-1.358716
4.302336;-3.221510;4.896536;0.002747;1.795362;1.384001;1.751836;0.133005
3.191113;-1.614726;3.993271;-0.596967;1.605786;0.637834;2.085242;-0.210109
4.821489;-3.315344;3.518790;0.427786;0.791690;2.996737;3.571853;2.260259
5.404336;-2.392986;3.073424;0.356859;-0.352226;1.902064;1.496932;-0.302010
4.477150;-1.973295;0.136750;0.568637;-1.154478;3.053383;1.604928;-0.961278
5.175470;-2.413251;-0.084713;0.745280;1.112177;3.166800;2.551229;0.051252
3.571039;-2.038482;1.722948;-0.044316;3.168978;0.973726;1.980888;0.034128
4.138618;-1.660218;-0.060788;-1.841181;2.073669;1.422058;2.099920;-1.166065
3.926289;-2.025550;0.408950;-1.864626;2.610279;1.471728;2.837824;-0.264900
1.541035;-1.803786;0.722699;-1.363976;0.396908;2.812605;2.346090;-1.597579
7.197162;-0.238124;-1.263128;-4.095380;2.250339;1.812938;1.124846;-1.356189
7.236055;-2.142011;0.336210;-2.350814;3.567530;-0.106545;1.617134;-0.811010
1.846864;-2.813492;0.876460;0.242668;1.133331;2.327573;1.064484;-1.203907
6.680295;-2.010268;0.359862;-0.062204;2.647690;2.004948;1.648080;-0.535265
8.064447;-3.292306;2.580541;1.916331;0.063719;2.675876;3.604639;2.194394
7.011659;-1.936265;4.573493;3.100609;-2.652041;1.861925;1.343883;-1.205038
9.346346;-2.125977;4.008945;1.758822;-1.402949;2.393862;1.976018;-0.303170
8.110822;-4.194378;3.689918;2.537683;-1.224512;2.346555;1.233774;0.124587
4.572501;-1.523896;1.033049;1.970683;-2.231514;2.555966;0.980506;-1.573174
7.728864;-0.666380;-1.939681;-1.800214;-0.521144;0.747680;1.727491;-0.477597
7.252998;-1.331957;0.441280;-5.557195;1.957935;-1.669333;0.327306;-1.009320
2.402146;-0.721087;3.903256;-3.159861;1.963204;1.670299;-0.305555;0.151469
5.315191;-2.652416;3.579062;-0.357089;3.242244;1.465819;2.387467;0.755118
4.582296;-2.268956;4.577275;0.012494;2.639303;1.886578;0.559579;0.298488
3.990476;-2.739487;4.854330;1.322128;1.514909;0.009037;3.077532;1.173058
7.020171;-2.026108;4.473181;0.734508;2.717727;0.232444;2.390801;0.261734
7.908032;-3.777904;5.293342;1.623820;1.110068;3.184754;4.481585;2.737766
6.892869;-3.171649;4.179261;1.112133;1.723801;2.606007;2.223952;0.800992
7.295517;-1.711457;-0.592867;-0.647614;1.050713;1.381999;2.197130;-0.503172
7.569051;-4.601822;-1.194130;-2.200957;-0.024883;1.926103;1.503396;1.352988
7.822322;-2.032285;0.908862;-3.886104;-0.147413;0.967255;1.830751;-0.437997
10.808215;-1.691159;5.024096;-2.733902;0.548846;0.915951;0.476628;-0.088288
7.908711;-5.011621;8.220335;0.063513;0.598175;2.681206;-0.275905;-0.472964
3.707230;-3.063935;5.679949;0.117887;1.240707;1.829340;0.974751;0.321304
5.143134;-1.711456;3.209290;0.004576;3.538759;1.953656;1.098957;0.669133
3.944285;-2.676629;3.923059;0.676153;1.616898;2.275468;1.853347;1.193656
2.355470;-2.540843;3.367018;-0.119064;2.642454;1.156302;1.697472;0.912887
4.203240;-2.313270;0.688207;-0.955045;3.484843;-0.301989;2.359784;0.453619
2.735258;-2.458854;-0.213813;-0.022421;2.944571;0.663786;2.882087;0.471545
3.215020;-0.441757;-0.694878;-0.882815;2.339732;0.728358;2.191423;0.299928
7.117047;0.202628;-1.071758;-4.709231;1.295342;1.284674;1.669313;-1.258032
7.115845;-2.046498;1.844278;-4.984739;2.974515;-0.289526;1.171113;-0.162936
2.292663;-1.466310;3.435903;-2.511409;0.187182;1.481204;0.926768;-1.181334
6.032906;-2.431314;0.916496;-0.186349;1.309724;0.843801;2.702401;-0.076318
3.602325;-2.849592;1.830272;1.035757;0.869016;1.312375;1.190322;-1.262916
0.180360;-2.603833;1.746388;1.026567;2.326774;0.767117;2.169453;-0.405635
5.875370;-2.082672;4.431932;0.022067;3.366016;1.642719;1.707531;-0.557995
7.127517;-3.345613;5.836123;0.662731;1.898787;3.120137;2.548295;2.202168
3.362580;-4.199835;4.531727;1.196022;0.196521;2.729815;1.549932;-0.140725
4.631984;-1.368105;2.936081;-0.994096;3.184715;1.731226;1.182129;-0.696909
2.642049;-2.273010;2.535134;-2.306527;2.838969;0.380838;2.093708;1.145918
1.875417;-0.613222;-0.195820;-3.566310;3.647786;-1.000341;1.276284;-0.402761
3.805111;-0.157212;-0.514081;-4.819555;3.230472;0.038185;1.256880;-1.241810
3.531462;-2.633021;2.691675;-1.951942;3.810427;-0.800833;0.727149;-0.221800
1.670889;-2.631119;2.136327;0.134035;-0.007519;-0.780875;2.500931;-1.343631
5.378714;-1.810124;2.525635;0.853078;-0.057613;0.805400;1.417409;-0.378937
4.718114;-3.252711;5.093244;2.102675;-1.476301;0.408721;-0.070871;-1.462746
1.929554;-1.699899;2.782875;0.742725;-0.673639;1.858638;1.627139;0.131834
5.538624;-2.009519;3.592304;-1.066567;3.007689;0.049347;1.104241;-0.121853
2.729159;-3.182183;4.619656;-0.393928;2.649183;1.484486;2.292572;1.786005
0.760360;-1.786947;1.324552;-0.337048;-0.821417;1.042292;2.152863;-1.072355
5.473691;-1.161904;-0.207918;-0.636751;2.130008;0.982240;1.791391;-0.461123
2.216072;-2.737796;2.822933;-0.064502;1.139872;0.672784;0.856903;-1.530582
2.537468;-0.521327;-0.605557;-4.859205;1.251408;-1.416056;0.828897;-0.437987
5.290387;-0.892545;1.337225;-4.917144;1.339685;-0.939513;1.662655;0.178382
3.088145;-3.928222;5.970462;-0.360919;3.388158;-1.458686;-1.406400;-0.264015
-1.440085;-3.303857;3.533259;-0.321038;2.051289;-0.092257;-1.742365;-0.767474
-11.544565;-0.853219;1.795944;0.287900;-1.690500;3.259550;-2.194618;-3.107516
-15.836002;-0.659925;0.610702;-1.195618;-1.038869;-0.066677;-1.101879;-1.314468
-16.259510;-0.118953;-0.034233;-2.617425;-0.160727;0.461798;0.877343;-0.003285
-16.444731;0.023114;-0.706024;-2.603280;-0.117912;0.011938;-0.566107;0.367268
-16.740104;-1.324968;-0.868233;-1.614506;-2.170535;-1.730193;-0.336163;-1.715878
3.462208;-2.878002;2.219546;-4.170327;4.483284;0.021177;0.660220;0.000251
8.536408;-2.347207;-0.119615;-3.966423;3.581761;1.694845;0.683580;-1.225042
9.623360;-3.716167;1.841894;-2.590074;3.985506;1.258847;0.638062;-1.012890
6.114599;-2.642654;0.329219;-1.181564;1.872496;-1.095583;2.763735;-0.796124
11.823294;-4.610058;-2.912313;-0.921191;1.643102;0.961851;3.840246;-2.000924
11.652738;-3.199520;-1.446073;-3.215197;2.000139;0.849871;2.507013;-1.821276
6.399460;1.668628;0.773420;-6.132499;-0.488396;3.958569;-0.900695;-0.397880
8.831588;-3.671860;1.071122;-1.915230;1.167885;1.420633;0.849655;1.101233
6.578129;-4.085626;0.618160;1.968041;-0.792128;1.528242;1.628434;-3.060381
5.731817;-0.496486;0.800506;2.922064;0.946951;0.996233;1.928233;-1.797527
2.410091;6.349708;2.702466;1.482904;3.859617;0.953149;-0.029555;-0.744441
0.333957;4.978426;1.903526;0.370494;3.495441;0.075152;2.041741;0.161733
2.800895;-2.039392;4.151898;0.923450;3.197386;1.116000;0.935627;-0.916525
4.224376;-2.133061;2.743254;1.566470;2.843338;3.176737;0.789057;-0.595691
2.788749;0.938676;1.943060;2.850780;0.576211;4.520651;-1.315216;-0.831238
4.340991;3.665864;1.164449;3.555803;4.017082;2.384239;-2.825855;-2.631876
-0.958067;4.769668;-1.266722;1.379791;2.934598;3.016338;0.136666;-0.047514
-2.339886;-1.395957;0.079671;2.119022;0.278846;3.457004;0.585789;-2.309954
2.318098;-2.079311;2.717219;2.228881;0.167447;1.546965;2.377697;-1.319532
3.278998;2.700879;3.531710;2.001182;1.488522;1.694983;0.442975;0.051695
0.947187;6.254274;4.161416;1.649328;4.455511;0.914325;-2.060022;-2.903812
-4.102202;5.220735;1.071396;0.343492;1.469406;2.599199;0.200610;0.563893
-5.224941;0.192379;-0.596109;0.068799;0.754502;0.281917;2.190559;0.459271
0.250357;-0.958030;-1.808366;-2.521275;2.295729;1.169306;1.122653;-0.121152
2.427404;-0.470806;0.063195;-3.747099;1.975234;0.808639;0.589922;-0.667835
4.092765;2.757302;1.338168;-6.731898;0.093549;0.657935;-1.694057;-1.223751
10.330747;-2.176522;1.969779;-3.635942;0.747962;1.073033;-0.141646;0.844899
5.660247;-4.463070;2.862416;1.500126;0.573986;3.138139;0.736919;0.380499
2.916705;-1.192078;0.242584;-0.684452;1.170311;1.773979;1.141990;-0.556761
6.102851;-1.804788;1.791978;-3.845254;0.900579;2.977694;1.501813;1.216873
6.309610;-1.840221;2.133503;-4.917476;2.982499;-0.135406;1.244949;0.500789
4.204780;-1.038555;1.667751;-3.070244;1.768707;1.344303;2.016502;0.258870
2.219134;-3.225988;1.194664;-1.198102;3.000201;1.613788;1.369505;0.370755
1.823681;-1.500628;-2.337779;-2.815035;2.499028;1.344088;2.856692;0.768468
4.310832;-0.196364;-1.917379;-5.772612;2.512046;1.516990;1.093515;-0.576705
7.938295;-3.601028;1.638998;-3.657662;2.761202;-0.114856;1.434009;-0.234700
6.321444;-3.846260;3.288896;0.161003;-1.286470;0.953018;-0.312647;-2.310608
5.910934;-2.801172;1.243456;-0.114926;0.957250;0.448062;-0.099581;-2.429383
4.204936;-3.335747;1.426331;-2.787905;4.265010;-1.248633;0.567452;0.188791
3.768404;-0.120096;0.530524;-5.832445;1.031021;0.978533;0.385880;-0.902368
5.783137;-2.153340;0.766682;-4.406914;1.581392;0.642788;0.435315;-1.040517
4.111033;-5.477516;3.349084;-0.276482;1.693603;0.504071;1.656183;0.266451
4.662888;-0.941891;-1.279612;-3.301456;1.513598;0.827316;2.384947;-0.560386
5.239339;-2.073861;-0.344257;-4.360997;1.939332;1.645060;1.971936;-0.576886
4.933144;-3.767348;2.113331;-2.264644;1.708356;1.130942;2.089092;0.331920
7.358698;-2.341520;0.669240;-2.294136;2.096271;1.273047;0.382917;-0.627385
5.233813;-4.136436;3.371074;-1.567515;2.407478;1.636631;-0.247889;-0.051234
4.261936;-1.886581;-0.155758;-3.007481;1.345268;1.166372;1.495130;-1.298281
7.827677;-1.297441;-1.256046;-4.989876;2.698238;1.217040;0.312508;-1.187854
7.948124;-4.135481;1.855557;-2.477335;3.262004;-0.077090;-0.168933;-0.079205
2.687078;-2.744829;2.540627;-1.586633;0.913501;0.011762;1.065895;-1.083754
4.710216;-4.295812;0.444279;-1.828405;1.444345;0.439653;-0.058606;-3.138824
7.507406;-3.905901;-1.386011;-2.359259;0.396668;0.431407;1.070804;-0.432470
4.895760;-1.523619;0.634595;-3.789575;0.447215;-0.495188;0.875773;-0.471095
4.162622;-1.175147;2.291916;-5.385984;1.942063;1.207724;-0.007606;0.941141
6.419231;1.643598;1.939872;-7.982408;0.015050;1.793057;-1.394389;-0.614287
8.715463;-0.557826;2.111776;-6.397012;0.705263;0.499251;-0.859701;0.091954
-0.602657;-3.914861;1.668088;-0.725249;0.760627;0.399845;0.945082;0.134657
-9.724315;-1.491971;1.548934;1.181270;-1.854658;0.385285;0.290453;-1.918847
-14.620131;-1.076182;1.119864;2.986066;-8.267428;7.719882;-1.797886;-11.627151
-16.543365;-1.439994;-0.542802;-1.537114;-2.030651;-1.875591;-2.151695;-1.168805
-16.112560;-0.657518;0.973716;-2.742801;-0.379112;-1.161264;-0.779203;-0.608481
-6.422340;1.468093;-1.352772;0.284591;-2.004628;-3.745151;3.210930;1.025798
-9.394201;-0.037543;0.420643;-0.837695;-1.216288;-2.640981;0.522003;2.341182
-8.191403;1.297301;0.389198;-1.273176;1.062577;-1.748314;2.871660;1.945171
-3.757513;7.345569;-0.473786;-0.650797;1.850373;-2.430801;1.359704;0.817750
-3.531829;7.613974;-1.346991;-0.336074;-1.344968;0.869211;1.969074;0.923200
-6.448116;2.149536;-0.141297;0.119153;-1.781645;0.054866;1.455441;1.344014
-4.350887;1.201539;1.227669;1.438666;-2.814474;-3.098653;1.386411;-0.035446
-5.625660;0.922164;1.347556;1.319292;-4.206871;-2.236124;2.116193;-0.133578
-8.722217;-0.387728;-0.198568;-0.537216;-2.792831;-1.984361;1.754755;1.777597
-5.448068;-1.141566;-0.534915;-0.924928;0.452812;-1.677760;0.279969;0.492489
-0.643139;0.360642;0.490791;0.504264;3.149944;-0.106883;-0.674090;1.586648
-1.574366;2.537156;0.953897;-0.257351;3.181153;1.569119;-0.236066;0.748731
1.099163;3.847671;2.448186;1.636169;3.447816;0.204116;-0.044680;0.364717
2.227406;2.665590;0.760203;1.655957;2.619383;-0.266191;0.731932;0.309899
-3.732264;-1.329765;-0.701541;-1.456677;3.808008;-4.138806;0.686430;-0.590746
-3.474817;-2.938307;-0.003202;0.530104;2.230826;-1.072007;1.374689;-0.471146
-1.386177;-3.274764;-0.129781;-1.773196;4.583463;-2.509840;-0.365998;-0.384622
-0.041021;-0.983142;-3.306935;-0.789074;3.946560;-3.360026;2.517585;-0.795875
1.867121;-1.045789;-1.200735;0.128387;4.420869;-3.407164;1.831262;-0.547904
0.019309;-3.261122;0.245548;0.305129;0.259270;-1.462992;0.462476;1.213271
0.467453;1.517091;-1.293895;1.730630;1.303188;0.736270;1.933830;1.806456
-0.707515;4.436604;0.849135;-0.467809;5.039603;0.568451;0.671782;0.237423
-2.526534;2.660838;-0.061053;-0.443223;5.456142;-1.621510;1.270910;-2.905693
-2.890848;3.079490;-1.295355;0.264242;3.654769;-0.769049;2.195397;-0.818978
-5.270368;-0.342270;-1.094514;0.585128;2.243499;-2.918984;1.692362;-2.696320
-2.577836;-1.902366;0.950740;0.636715;1.771863;-1.840824;2.101472;-1.748018
-1.130255;-2.436933;1.261752;1.117284;0.030386;-1.075518;2.239599;0.809706
-2.173419;-1.718373;-1.423442;-0.307098;-0.806110;0.655343;0.856704;2.269227
-1.701348;-0.803368;-1.066048;0.112859;0.607017;-0.605750;1.856805;1.468825
-3.573906;-0.765571;1.218564;0.951904;0.395437;-0.897036;1.014029;0.739313
-3.971472;2.409663;-0.210529;1.383653;1.377693;0.367613;1.305929;-0.621701
-4.552092;5.950886;-0.591150;-0.646748;4.237212;-1.564695;0.411754;-1.221120
-4.157695;5.276409;0.359863;-1.037613;4.966063;-2.023796;0.580782;-0.588206
-4.251224;1.929652;-0.233508;-0.313315;2.989206;-0.889578;2.392502;0.643707
-5.632680;-1.227377;0.753673;-0.496294;1.447619;-2.351927;1.699410;-0.456252
-3.496834;-2.609704;3.083749;-0.720425;0.910028;-3.403804;0.619262;-1.451897
-2.660768;-4.332192;2.976569;-0.229784;2.572542;-3.326921;0.781169;-1.081201
-5.194486;-3.724419;1.553151;-0.948051;2.172031;-2.901995;-1.322528;-0.551802
-5.228698;-1.841770;1.232318;0.135231;2.122899;-0.985432;1.749323;-0.168758
-5.599459;-0.056682;0.596060;-0.748748;5.434942;-3.093861;0.520935;-1.972364
-3.184160;3.894714;-0.383982;0.206971;4.096487;-1.561457;1.521582;-1.043629
-0.955691;2.568543;-0.438702;0.998420;1.605553;0.604174;1.436547;1.126725
-0.532460;0.173854;1.641705;0.622579;3.426235;-1.373609;0.224161;1.480663
-3.005292;1.817835;1.062659;0.123330;1.753700;0.475467;0.955215;0.563622
-6.418393;0.404186;0.107783;-1.487951;0.474587;-1.745338;0.881331;2.083749
-4.351955;-0.859905;-0.166274;-1.047211;2.782342;-2.888745;0.631027;0.931532
-6.356759;-3.520247;-0.719198;-0.287341;1.397947;-2.126381;1.809599;-1.424291
-6.809137;-1.187030;0.956896;-0.742724;2.160063;-0.720497;2.335150;0.023224
-5.932611;-0.125721;1.308609;-1.328420;2.400698;-0.645193;1.753566;1.250384
-5.753858;0.607731;2.347388;-0.445455;1.116902;-1.174448;1.144500;1.222324
-3.909404;3.504815;1.134560;0.132856;3.219469;-1.499931;0.744791;-0.630357
-4.862215;3.242791;0.155309;-0.764936;4.227698;-1.603298;0.973854;-0.186715
-7.200487;0.040640;1.070880;-0.145156;2.297079;-1.545302;2.593733;-0.220472
-5.792159;-0.651680;1.349657;-0.205617;0.731372;-1.648849;1.702591;1.103314
-5.458466;0.383611;2.022983;-0.589091;-0.504821;-1.972808;0.821585;1.578225
-4.125732;-0.334809;0.564553;0.588512;0.370592;-0.710816;2.156171;2.111015
-4.200723;-2.175589;0.103690;-0.348906;0.084096;-1.520221;1.216393;1.549809
-5.954538;0.540324;-0.703953;-0.326179;0.795348;-1.909048;1.126019;1.707648
-6.046489;1.261867;-0.680673;0.229542;0.115486;-1.169184;0.278029;2.377275
-7.066083;2.753436;-0.564230;0.998731;-0.829944;-0.604978;1.594637;0.330140
-5.752362;3.470537;-0.871917;0.225745;1.384031;-0.450555;2.084606;0.125336
-5.093088;1.448238;0.687385;0.113884;4.845320;-3.275569;0.534910;-1.489574
-4.898838;0.785065;0.912470;1.120073;2.835995;-3.008496;1.120302;-0.692777
-4.506000;-0.484417;0.526405;1.110897;1.785105;-1.913262;2.243494;-1.371610
-3.834161;0.273514;0.558795;0.416326;4.164352;-3.124384;1.916615;-0.907587
-3.333465;0.916293;0.286138;-0.733037;3.659516;-2.820642;2.351910;0.177488
-6.840464;-1.776068;1.063270;-1.196356;1.799303;-2.949797;1.990520;-0.997623
-6.359654;-1.820636;1.881101;-0.959668;2.497190;-2.268733;1.597226;0.024357
-5.205912;-1.195373;1.839575;-1.690531;2.465176;-2.102614;1.895433;0.778633
-3.931342;0.880325;0.062705;0.354702;3.008683;-3.148339;2.290487;-0.536297
-3.440590;2.032981;0.170202;0.455230;2.328940;-1.905971;1.418339;-0.434294
-4.977002;-0.719005;0.564126;0.785135;1.478578;-1.932971;1.153741;-0.043271
-4.539993;0.873235;0.763763;0.543520;4.344540;-2.351635;-0.149561;-1.574565
-6.387451;0.558727;0.287509;-0.620557;4.555918;-2.914880;1.316355;-1.111356
-7.193352;-1.725612;1.600392;-0.228353;1.948079;-2.387901;0.917108;0.220506
-5.120361;-2.114334;1.811712;-0.558244;1.706075;-2.762256;-0.867603;1.615689
-3.591383;-1.101256;1.018790;1.170762;1.396902;-3.527402;0.777632;-0.238979
-2.937002;-0.949544;0.911583;0.819268;2.775964;-2.586284;1.158022;-1.614653
-4.547720;-2.514943;0.719792;-0.798111;0.570229;-2.196739;1.677456;-0.674188
-3.574490;-3.159013;2.285181;0.120186;2.494658;-3.956247;1.718926;-0.506536
-4.365038;-1.651370;2.288905;-0.329309;2.099917;-2.702098;0.606113;0.730070
-3.405899;1.381642;0.574670;0.776647;2.792022;-2.909985;1.821296;0.471448
-3.921146;1.901897;-0.076173;0.494985;3.789680;-2.100741;2.004329;-0.651469
-5.657740;2.369344;-1.036382;-0.615210;4.586505;-2.810110;1.639297;0.217857
-3.994256;3.298800;0.686105;-0.883439;3.861843;-1.341191;1.562212;-0.376924
-5.417599;0.000958;1.380717;-0.573521;3.605362;-3.059203;1.674749;-0.626097
-6.816443;-1.264451;0.217830;-0.064875;2.076673;-1.423740;1.993306;0.098733
-6.049794;-2.132144;-0.552870;-0.962042;2.572821;-2.494609;2.254343;0.403325
-5.715268;-1.327832;1.109817;-0.216355;-0.063514;-3.280007;1.896423;-1.576988
-4.942512;-0.258619;1.138683;-0.105545;2.289503;-3.033201;1.679634;-0.568689
-7.076588;-0.825666;1.138296;0.181347;2.337794;-2.968852;2.117237;-0.550179
-3.971992;2.211913;0.148595;-0.134658;3.566803;-1.273697;2.480577;0.458281
-3.728251;3.203552;0.695801;-0.268411;2.500734;-0.157344;1.721442;0.874520
-5.642070;1.598549;0.857820;0.211425;2.321676;-0.227497;1.212398;1.799921
-4.664416;1.270223;-0.120760;-0.698405;3.052543;-1.005737;1.144654;1.811407
-5.552502;0.387654;-0.204761;-2.212881;3.480346;-2.337389;0.280853;0.692779
-5.901663;-2.533648;-2.101851;-0.200356;2.317408;-1.798672;2.360854;0.340562
-5.840521;-1.614452;-0.643417;0.470572;2.133535;-0.582409;0.026965;-0.731678
-4.246280;-1.918781;1.482048;0.095730;2.426229;-1.757623;0.573953;0.174278
-4.700884;-1.844343;0.963522;-1.100569;2.131353;-1.500452;2.053561;0.697486
-5.321937;0.624290;0.709346;-0.528719;1.450814;-0.890207;1.637763;1.384739
-1.494941;2.100976;-0.313441;1.250193;0.693465;-0.839025;1.833239;1.444097
-1.773014;3.464541;-0.751058;0.852923;1.600217;0.007131;1.781107;1.367938
-3.784478;3.942720;0.638802;0.082360;2.979700;-1.476201;2.856794;0.215348
-4.701840;0.754501;1.601775;1.102198;-0.915193;0.396896;2.861941;-0.778537
-3.333763;-2.487748;2.726248;0.500983;0.530202;-0.426865;0.164941;0.708336
-3.961318;-3.539957;1.789610;0.622152;0.960082;-0.605548;1.657276;0.324230
-6.091706;-1.312982;0.346300;-0.294113;2.473238;-1.850800;1.727718;-1.468712
-0.960820;-1.072334;-1.172838;0.275314;3.138299;-1.995334;1.945531;-0.324642
-0.005275;-2.924571;-0.981799;1.343652;3.321959;-3.685919;1.002985;-2.458575
-1.324878;-2.002991;0.682987;1.830441;2.752155;-1.657946;1.471496;-1.405470
-1.395161;1.667665;3.216566;-0.082382;2.717820;-1.269028;0.983880;0.950804
-0.715393;1.404236;2.262469;1.955242;0.168090;-1.978748;2.032155;0.186882
-2.321381;2.277810;0.230131;2.773598;-0.546106;-0.277479;2.038296;0.671432
-6.651255;0.899847;0.571418;0.471767;0.067075;0.158120;0.295080;1.620228
-4.939042;-0.913386;2.623678;0.762973;0.582745;0.211816;0.706977;0.853384
-2.581712;-1.011390;1.001247;0.881834;-0.929655;0.242790;0.814107;0.585227
-6.139635;-0.667825;0.985660;0.613273;-3.329364;2.291996;0.344732;-1.863659
-13.418926;-0.513899;1.056618;0.242166;-1.811491;0.743432;-1.137010;-4.194836
-17.354337;-0.142300;-0.200813;0.022948;-5.157886;3.333679;-2.376804;-3.658527
-17.541989;-2.130689;-1.053895;-0.896014;-4.883352;-0.004236;-1.103158;0.351963
-16.910095;-0.345879;-0.199578;-1.276731;-2.338208;-0.818830;-1.713043;-0.009536
3.578411;-2.516216;0.129559;0.799709;-0.378894;-2.106912;2.047281;-0.291516
2.806544;-1.133008;-1.141407;1.602521;1.760467;-1.211747;1.657852;-0.388813
1.505409;4.413581;-2.965776;1.884493;2.860684;-1.529122;2.356333;-0.065052
2.803851;6.175019;-2.046972;1.669234;2.870404;0.931704;2.357693;-0.124150
-1.596709;2.357752;-2.063441;1.991919;1.910610;1.512277;1.522671;-1.386961
-4.214698;2.398355;-2.305148;0.612360;0.683848;0.840419;2.052443;-0.620033
4.675386;3.546196;-2.642949;1.231568;2.279607;1.207925;1.747682;0.592657
9.109340;5.525969;-4.120106;3.269515;-0.120157;0.517871;3.513411;0.917085
1.441217;2.030155;-3.110663;2.240541;-0.593946;-2.716252;4.316404;-0.707586
-3.281291;-0.325135;-2.212899;1.998716;1.164759;-2.775591;1.335442;-1.306708
0.599076;6.615154;-2.794547;1.493778;1.092385;0.720562;3.459390;2.232085
1.854039;6.450576;-3.691293;0.711898;-1.152950;2.189108;2.512051;-0.814126
1.300639;1.125117;-6.443891;1.045509;0.736571;-0.706838;2.009489;-0.426869
2.454100;2.241032;-7.766383;1.027839;-1.485071;-1.537502;5.386893;1.404485
0.894362;4.200257;-3.976999;0.129994;-0.763468;-1.844294;4.642246;1.069258
-1.660721;6.638811;-1.506146;0.230489;4.814999;-0.050441;0.575297;1.149487
-0.759319;4.278510;-2.485072;0.548586;2.002403;-0.027144;3.342495;1.826626
0.863395;3.856248;-2.110245;0.163288;2.594450;-0.230728;1.846314;1.526794
2.602643;1.649014;-1.658581;0.620364;3.044183;0.965920;2.013978;1.352124
-0.359699;-2.015188;0.195193;-0.037330;3.071171;-2.458369;1.774683;-1.413458
-2.168578;0.606836;-0.529167;1.438485;1.301089;-2.546745;3.793392;0.282631
1.009825;9.501081;-1.354840;0.729526;2.962987;-1.417580;1.514515;0.877980
1.966313;8.583291;-3.600609;0.912039;-0.012033;0.727254;2.809016;0.884350
1.681790;0.669493;-1.896686;0.414944;1.349854;-1.582545;2.756219;1.296652
-0.969691;-1.865441;1.556844;0.810996;1.857292;-0.589125;2.083725;0.066712
2.385802;1.977546;-2.097222;-2.789688;-1.835920;-0.033919;2.371205;-1.240216
5.717541;6.660087;-1.058157;-8.741372;-1.254811;-0.835527;1.329089;-1.206277
0.262940;3.310827;0.079481;-5.619187;-1.243913;-2.453008;2.743042;0.616547
0.738379;0.167655;-4.599961;-0.317542;3.567141;-0.245758;1.252899;-0.188629
1.362072;-1.591316;-3.319741;1.801536;2.368546;-1.820957;1.638517;-0.343004
0.130163;6.442881;-0.210741;0.923729;1.851284;1.415326;1.235239;1.417226
-1.346504;7.411067;-1.581901;0.388294;1.497343;1.042134;2.546178;0.532341
-5.991867;2.103179;-1.054789;-0.923300;2.539991;-1.317292;1.734434;-0.961120
-5.580986;0.709125;-0.492189;-1.044284;0.433213;-1.791064;2.607439;-0.925382
-4.811696;1.849899;-2.342458;0.202906;0.702165;-2.120518;2.276165;-0.684519
-2.470876;5.216962;-0.751926;0.265236;1.605066;-0.885576;2.138049;1.236722
-0.479356;5.561606;-3.080400;0.594024;1.357553;-0.894426;2.426298;0.313411
-1.231383;4.004037;-4.090385;1.211608;0.198006;-0.726529;2.638172;0.748356
-2.264739;1.577737;-0.542073;0.502950;-0.227727;-2.480841;1.684756;1.346286
0.850707;1.167710;-0.326244;2.173649;0.088742;-2.131875;2.169553;0.964404
2.278521;3.467864;-1.604813;2.358325;0.531893;0.807026;3.884257;1.705012
0.681853;7.761590;-1.122359;0.736349;2.308091;1.646702;2.541077;0.853890
3.455550;3.872316;-1.779666;0.554477;2.902696;-0.803102;1.013311;1.462161
1.327658;-1.768557;-1.973990;-0.246641;1.498031;-3.524751;1.289440;-1.306064
3.852713;1.365305;-1.032458;2.318145;-0.524313;-2.298603;3.765111;-0.865134
1.974356;3.669343;1.804185;2.466499;-0.564711;0.312948;3.188909;-1.143258
-1.895111;4.238030;0.621207;1.481926;2.743864;0.157446;2.402738;-1.282397
-0.934007;5.882657;-1.811631;0.960217;0.997974;-0.262755;2.745309;2.211244
-1.446987;3.690606;-0.806333;0.116607;-0.072032;-2.463973;1.730530;2.333957
2.386916;4.211310;-0.378788;2.806576;-3.441446;-4.203726;2.790612;1.439686
4.134434;5.656877;0.409574;3.033591;-4.966080;-2.358150;4.217526;2.798969
5.320563;5.022064;-1.864930;1.297972;0.454183;-0.413002;3.938538;-0.062660
7.013389;3.505188;-3.156523;1.926296;1.403149;-0.841804;3.743297;0.269384
5.494187;-1.871195;-3.473267;0.486046;2.816019;-3.410250;2.236581;-3.805857
1.382056;-0.864145;-3.518966;0.369295;3.647956;-1.185630;1.863386;-3.060792
0.662952;-0.935222;-2.900219;-0.118981;1.848707;-1.669956;3.066751;-0.743474
-0.232551;-1.524683;-0.060579;-1.042963;-0.061267;-1.599278;-0.031727;-0.855418
-6.050253;-1.666047;0.520971;1.224938;0.330511;0.182092;-1.144926;-2.097583
-14.062767;-0.161624;-1.003777;-0.170404;-1.620502;1.546648;-1.363135;-3.958900
-15.362806;0.946609;0.003828;-3.041911;0.581953;0.638965;0.154297;0.321135
-16.135042;-1.200192;-0.318256;-2.524304;-0.987069;-1.131454;0.337139;-1.133229
-9.224266;-0.171178;-0.075591;1.444414;-6.042282;6.017391;0.195234;-1.439387
-5.217748;-2.824472;1.296755;2.261131;-2.794053;0.743457;-1.637239;-2.577928
-1.704473;-3.615793;2.182911;2.959105;-1.876862;-1.934581;-2.786044;-1.524675
-2.785589;-2.550688;1.547645;2.363785;-4.076527;-1.555107;-1.626470;-1.065541
-0.178002;-0.951491;1.861624;2.809199;-2.743236;-0.932381;-1.222355;0.178942
1.510401;6.717524;2.672034;1.322865;2.241691;2.282558;-1.703384;-2.457005
-1.756434;7.694927;2.425584;0.068354;5.141221;-0.810617;-2.584009;-1.980176
0.954227;3.365797;1.156108;3.101439;-4.609910;-0.468885;2.318937;0.032222
-0.291877;1.899740;1.617758;1.478808;-5.380625;-1.574121;0.241325;-1.473915
-6.717915;-0.979173;1.851633;-1.372710;-3.121397;-1.856255;0.329946;1.282116
-1.024339;-2.533116;5.198702;1.423828;-0.047181;-0.422552;-2.996814;0.793077
1.512666;1.087605;3.315770;2.630277;0.102598;0.719517;-2.066652;1.547124
-0.746571;8.095659;4.719020;2.710214;-1.602124;6.045052;-3.857384;-4.015574
-1.710390;6.129798;2.412129;1.799881;0.642419;1.924479;-0.435395;-1.740819
-5.197999;-1.321636;-0.644312;1.440157;-0.810126;2.063758;1.049698;2.310564
-4.120666;-3.296990;-2.021363;1.033212;-0.454752;0.230757;-1.057939;2.024476
-2.216437;-4.270436;-1.699583;0.594213;0.138454;-2.971239;-2.920834;0.176909
-2.380258;-3.762218;0.325133;1.882562;-1.803430;-1.002181;-3.364389;-0.637946
0.350929;3.888360;-0.104423;1.875132;-0.684038;3.146551;-1.596524;2.106878
3.325734;9.713356;3.073782;4.178240;0.786935;-2.335638;-1.818558;-4.180886
4.391198;3.841465;3.711053;5.563261;-3.711633;-0.178641;0.821452;-0.156825
5.506925;-3.114833;5.523265;2.921600;-0.994850;-4.281360;-2.752164;1.009827
6.952026;-5.067887;6.367863;2.501828;0.219730;-3.869690;-4.906239;-1.430302
3.310509;-3.040874;3.177190;3.565955;-4.395086;1.363853;-2.342031;-1.609118
2.095123;-1.046723;4.998430;3.097666;-4.868753;-0.987535;-1.657357;1.277501
9.995622;0.859364;2.167290;-1.794254;-3.200161;0.313862;-2.527045;0.083760
12.944593;0.441760;0.398058;-6.010418;-1.478074;2.208881;-2.996369;-0.334936
6.214905;-0.243716;1.282362;-1.215781;-4.202948;-0.927292;-0.834062;1.520843
-1.591744;-2.364917;1.016686;1.518108;-4.059145;-0.690818;-0.555272;1.043358
0.681423;-2.562709;3.889851;2.160117;-3.021608;-1.450851;-2.396287;-0.605911
1.970224;-3.000803;5.316907;2.953715;-2.480807;-1.426519;-1.700620;-0.559609
-1.176954;-2.675416;4.332944;2.918046;-3.997975;-0.364465;-2.835415;-0.893281
2.360970;2.024522;3.142584;-1.986939;-5.991964;1.455854;-0.964888;-2.194443
5.863600;2.624058;0.554882;-8.266126;-1.335565;-0.409591;-4.353778;-1.802470
6.466335;-1.623964;0.314400;-2.209605;-2.774732;0.293418;-2.219372;0.975225
6.272795;-1.066656;2.814323;5.704891;-5.577923;-4.288277;0.389066;-2.295192
2.249110;0.874184;1.213819;5.154738;-7.260943;-1.677066;1.076018;-2.149244
-1.834610;-1.423988;1.299034;4.091825;-5.606842;1.591923;-0.440492;0.829983
-2.639579;-2.501069;2.519260;2.361271;-2.956592;-1.349540;-1.293753;-1.235061
5.294923;0.163288;2.097539;-6.567774;-0.232472;-0.924841;-3.011905;0.530727
7.295859;1.785784;1.124218;-8.953583;0.907147;-1.097770;-3.526244;-0.652280
3.158261;-1.287924;-2.408676;1.340549;-3.853216;0.448463;-0.830596;-1.064135
2.100049;-3.392707;0.498702;3.140338;-2.047969;-0.920090;-3.199999;0.084224
1.404658;-4.632821;3.595047;2.121124;-0.805535;-0.449493;-4.325684;0.987260
-1.729705;-3.454480;2.538514;1.875053;-3.549165;2.041277;-3.056482;-0.023513
0.591085;-1.924130;2.301730;0.820536;-4.369976;1.060555;-0.248667;-0.108868
8.018059;-0.146662;-0.747221;-2.196684;-4.467960;1.157457;-2.900251;-1.970818
10.190976;-1.136165;-2.760095;-3.877627;-1.941354;0.513571;-5.180488;-0.436393
5.333420;-3.520908;0.172155;0.258874;-1.238225;-1.064246;-3.293070;0.612237
0.566480;-2.812957;2.193398;2.111959;-2.396989;-0.682487;-2.144463;0.792335
2.048795;-2.299472;5.301452;3.657877;-4.618093;2.178610;-1.001150;0.983059
3.564625;-3.175456;4.311348;2.832843;-3.009299;0.646336;-3.005826;0.803096
7.501359;-2.922714;0.109249;2.221600;-2.967397;-1.244337;-1.587667;-0.235567
8.472475;1.073397;0.357582;-2.709274;-4.330264;-1.548906;-1.059508;-1.963716
5.813801;1.760255;-0.320278;-4.705047;-3.625736;0.901521;-1.082523;-1.589235
2.750356;-2.591537;-3.264274;-0.633114;-1.093567;-0.159292;-0.447640;-0.144873
2.253694;-3.986792;1.067884;4.656569;-0.807616;-2.184948;-2.509206;-1.608137
-0.322767;-1.205761;2.816043;3.065280;-4.238065;0.720178;-2.254757;-1.115969
-1.626233;-1.647745;1.803460;1.700269;-2.723680;-0.588891;-3.403702;1.289382
2.278601;-1.914782;2.385291;0.235101;-1.301204;-4.469358;-4.357269;1.858711
7.354133;-0.529626;0.000382;-4.888542;-2.546157;-0.194710;-4.478726;-0.826684
8.746100;-1.542013;0.237891;-4.307174;-1.791814;-2.291691;-4.925753;-0.731542
3.306451;-2.975997;-0.938576;3.984654;-6.147726;-2.886178;-0.788808;-0.697592
2.196498;-1.492775;-0.385798;5.172035;-4.303135;-1.740479;-0.611535;-0.628358
0.408048;-3.180298;0.673579;3.621375;-2.657233;-3.230640;-3.830844;-0.386759
-0.090999;-3.258854;1.795571;1.952948;-4.608076;-1.175671;-3.735739;1.827442
3.101163;-1.725550;3.074025;-0.018666;-5.302787;-0.089914;-3.003975;2.931999
11.390333;1.501055;-1.084021;-1.676189;-9.559353;0.559113;-2.335001;-2.924710
16.190232;-0.457230;-0.034457;1.259958;-8.238960;-1.009881;-2.347316;0.790203
11.693373;-4.510098;4.643309;3.424795;-6.671553;-1.530359;-4.023712;0.862148
5.442921;-1.795543;2.770567;4.488417;-8.163652;1.279433;-2.129158;0.318657
1.484593;-0.907573;2.397263;3.759866;-7.033194;0.507051;-0.807522;-0.124650
1.389062;-2.593880;5.304207;1.587111;-2.340963;1.209227;-1.603463;2.006678
3.740373;-0.812829;2.975310;-2.536100;-1.723500;1.922359;-2.989052;-1.294259
7.457873;0.089446;0.711102;-5.369853;-1.355518;-1.400644;-4.765946;-1.355713
5.849546;-1.374829;-0.596184;0.033001;-4.592581;-1.428692;-1.746059;-0.151116
1.224595;-3.449339;1.117033;3.087865;-4.174763;-0.567252;-1.475410;0.670230
3.255636;-3.590966;3.959686;3.079840;-3.906321;-2.239848;-3.610448;0.252910
1.514963;-3.091428;3.517609;3.049393;-5.377514;-0.049533;-3.166433;-0.884592
-1.933349;-3.084072;2.611793;2.281433;-4.406448;0.915765;-1.920666;0.207198
2.840012;-2.304440;-0.281739;0.072660;-5.657562;2.446166;-2.019103;-0.726316
10.087434;-0.311216;-1.544397;-3.376013;-3.845034;0.965152;-4.878833;-0.245763
12.229844;-3.582348;2.254599;-0.972152;-2.932671;-1.189610;-5.601019;0.173726
2.257414;-4.357026;3.621773;2.006745;-3.674625;0.788921;-3.490999;0.085112
-1.454294;-2.198759;1.036437;2.087238;-6.549353;3.630709;-1.258101;0.722061
1.505118;-2.266266;3.492279;1.240487;-3.671677;0.805584;-3.978499;0.552928
1.342438;-4.106820;3.610806;1.425930;-0.422250;-2.474558;-5.004864;0.629758
4.383942;-2.226982;1.931530;-2.713500;-2.102070;1.604068;-2.768602;1.889702
8.907626;0.244862;-0.157749;-6.142258;-3.354942;1.774561;-3.614041;-0.801193
8.603890;-1.152437;-3.470861;0.598398;-5.838500;1.120176;-2.834873;-0.206270
3.388398;-3.364812;2.718899;2.493987;-2.488372;-1.727555;-3.328038;-1.632893
-5.219666;-3.470115;2.008710;1.262218;-3.010097;0.664937;-1.445397;-0.698877
-1.712568;-2.296521;0.448154;2.225441;-5.050014;2.705621;-2.886457;-1.030996
0.649063;-3.058170;2.015737;1.728279;-2.457549;0.344697;-1.955792;0.405407
5.480097;-3.294315;1.136478;-1.976038;-2.468153;-0.441362;-2.028946;-1.232490
8.388768;0.793105;0.227460;-5.140885;-2.959491;-1.588465;-3.548780;-0.805682
3.688825;-0.330240;-0.819722;-1.009802;-5.115001;-0.457362;-1.362977;-0.688490
-2.395447;-1.480989;0.416035;0.503559;-1.797914;1.433131;-2.827204;0.754955
-4.025968;-3.017185;0.278566;0.525661;0.795467;-2.172121;-2.780885;0.521208
-4.784686;-3.976740;-0.227453;1.067206;0.952817;-2.441187;-2.128232;0.332716
-2.513624;-4.226335;0.849364;0.648247;-0.862782;-2.494766;-2.757359;-0.172346
0.782617;-1.730581;-0.699981;-2.400140;-0.756039;0.047322;-3.081252;0.003569
3.406842;-1.188545;-1.127389;-6.007405;1.708035;-0.485766;-4.072291;-0.992887
4.197407;-1.429236;-0.447544;-3.651994;0.812870;-2.697981;-3.313988;0.409323
1.776929;-0.879376;-0.426746;1.659708;-3.780209;-0.694293;-2.358247;0.402027
0.788658;-1.837864;1.130724;2.576865;-3.436960;-0.269932;-3.390079;0.559135
0.890705;-4.729402;2.244668;2.149754;-2.381914;-1.017116;-3.211642;-0.774018
-2.321257;-3.141436;1.049381;1.560490;-4.428575;2.116374;-1.894237;-2.045418
-1.801503;0.151694;-0.963450;-2.501328;-3.975709;2.321829;-0.381557;-0.023678
3.226446;2.071948;-1.200726;-6.644857;-1.499048;0.859850;-3.641480;-0.336882
3.359146;-0.974059;0.199780;-4.251088;-1.451322;0.492589;-2.093919;0.409179
-3.308929;-3.344636;2.193351;0.086792;-2.056643;-0.112197;-1.478952;-0.162397
-2.811376;-1.509494;2.141899;1.453337;-5.024077;3.311014;-3.088127;-2.909785
-0.722585;-3.972460;3.316774;1.455945;-2.939509;0.997179;-1.325699;-1.256136
4.098106;-2.771391;2.008272;-3.050108;-1.057696;2.903860;-2.185999;0.879174
6.436278;1.051948;1.039795;-7.646060;0.159780;0.257781;-4.110478;-2.474050
1.550681;1.320481;-1.916842;-3.924782;-3.462029;1.836480;-1.162477;-0.098847
1.730808;-3.441712;0.174671;1.194285;-2.963141;0.940318;-2.633276;-1.089866
-0.431095;-3.644661;3.104480;1.112536;-0.630220;0.303612;-4.140427;-2.553521
-10.628686;-2.428462;1.309721;-1.482711;-2.599678;-0.947631;-0.016430;-4.421206
-14.975584;-1.972932;1.387041;-1.237135;-0.181766;-2.658229;-0.719711;-1.297908
-15.958145;-1.151520;0.382963;-1.584697;-1.727405;-1.296360;-0.184744;-1.508647
-15.562526;-0.947749;0.462019;-1.845353;1.081290;-2.906878;-0.109279;-1.386552
-15.646254;0.015862;0.338477;-2.948062;0.774451;0.047896;0.829296;0.122181
-16.306354;0.797938;0.381094;-2.697571;-1.331148;0.234100;-2.413346;-0.957107
6.134561;11.071813;5.490822;3.528505;-1.282139;-1.652151;-0.004286;-0.327214
6.348881;12.385924;3.974714;4.269738;-5.407849;-0.869145;1.404888;-0.579806
-0.398227;-0.083820;2.991855;4.039705;-5.930046;-1.205112;0.338869;-0.840865
4.982668;-2.555259;0.615061;-2.641826;-1.986936;2.238464;-0.472985;-0.727786
8.100656;4.234334;-1.799959;-9.468440;0.189916;-0.461334;-2.436725;-2.723493
2.339087;3.143442;-1.952077;-3.466644;-4.905242;-0.078466;1.051261;0.905286
-1.858817;1.752911;-1.262914;2.556029;-2.566582;0.305132;0.073161;0.182214
2.111748;9.445278;2.265828;1.822025;1.253267;1.816652;-2.649643;-0.108742
-0.754659;7.476299;2.675262;1.959507;0.315271;-1.556780;-1.177571;0.666052
0.734354;-0.395574;4.882823;2.266844;-4.957804;0.022127;-0.478170;0.235720
6.054920;5.751620;5.187195;2.170912;-3.349992;0.625199;-0.749207;0.447157
3.727479;8.243220;1.437494;2.346465;1.720099;0.821774;-1.903401;-2.442049
0.820909;0.528110;0.579717;2.408941;0.568831;-0.648333;0.497910;1.505900
0.730688;4.328997;2.243738;2.244651;-1.804140;0.273138;1.877013;2.966253
1.438904;9.990300;2.556629;1.590823;3.846575;-1.672541;-3.725853;-2.135659
0.353440;4.597331;1.620678;2.748492;-1.574870;1.803015;-0.957542;-0.577619
-2.189168;-1.982156;2.506484;1.812451;-2.402745;1.342399;-0.999134;0.727151
3.221766;6.646433;3.227181;3.385878;-1.214765;-3.067317;1.936626;-0.001473
3.599783;10.510785;3.381319;3.700624;0.411738;-2.467761;-0.706656;-1.272179
1.105654;0.898097;2.972523;3.406110;-2.066714;-1.849719;0.986459;-0.168947
1.016094;0.695073;0.987753;0.611804;-0.936054;-0.243149;0.360927;1.160736
3.553597;8.749138;3.144128;2.098051;0.657696;-1.463296;-0.167936;-2.103518
4.192492;9.086114;4.117828;3.189375;-1.627608;0.005851;-0.122461;-1.550642
0.990931;-0.663230;-0.289581;1.674698;-1.257684;-2.478802;-0.963256;1.146071
1.685954;2.094945;-0.794335;2.639858;-1.756776;1.512570;1.277090;1.925822
3.144002;10.435744;2.612148;2.500612;3.528101;-4.430875;-2.657671;-1.727226
1.604412;5.750841;1.230574;3.114193;-1.854500;2.570392;0.398542;0.351959
2.363004;-2.427389;4.241164;3.654740;-0.358445;-1.394577;-4.001726;0.091399
5.101805;6.360582;3.115336;4.769126;-4.131596;1.490585;-0.778223;-0.887700
1.233671;10.293147;1.500441;2.443536;0.358860;-2.813116;-0.297864;-0.835513
-1.419249;1.800520;1.981306;1.535352;-1.516989;1.039129;-1.868542;1.222912
0.917247;-1.275929;4.354432;3.631950;-2.837302;-1.787167;-2.089360;0.425262
6.241639;9.856374;2.683992;3.305568;-0.802496;-0.303943;0.765856;-1.514036
4.443592;12.009453;0.308928;2.497397;-0.288767;-0.311625;1.000740;0.400953
-4.292320;2.237072;-1.674587;2.911891;-3.894095;-0.602734;2.240703;-0.901856
-2.547360;3.135399;1.370382;2.196736;-2.933218;-1.490868;0.744761;-0.476211
1.430658;10.310044;2.658611;1.355631;2.389732;-0.224403;-1.878350;0.023272
-1.166886;6.898602;1.133382;1.551651;0.475463;0.098012;1.717860;1.755190
-4.217658;-3.118968;1.139028;1.388784;-1.238892;-3.142504;-3.093306;-2.295766
2.817702;6.288716;1.873855;2.505267;-2.579253;1.897312;0.463287;1.403562
2.541478;10.679797;2.810627;1.452994;2.374192;-0.507961;-1.950001;-1.725696
0.113321;0.764613;0.814989;2.746633;-0.412137;0.952439;0.385137;-1.158358
-2.078446;-2.592814;-0.031931;2.395782;-3.235332;1.234713;-2.106172;-1.864919
1.304772;6.614061;3.002956;2.200514;-3.789371;5.275840;-0.494199;-1.151566
0.079905;11.156602;3.591870;1.021624;3.245578;-2.111201;-4.205237;-0.820321
-4.289808;2.225228;-0.676642;2.859758;-4.596317;1.911093;0.662643;-2.043019
-1.694971;-2.275419;2.304647;1.751682;-1.348493;-0.565090;-1.788958;-0.337520
5.416931;8.086707;1.388563;3.082086;-0.207468;-0.688489;0.599558;-1.675552
4.308178;8.603972;0.663235;3.557048;-2.654026;1.150249;1.290395;-1.692561
1.592554;-3.367957;0.743766;3.277661;-2.757191;0.792732;-3.013348;-1.829099
7.618148;2.647357;0.899265;4.692441;-2.863128;1.107189;-0.297344;0.666906
4.071864;12.262045;3.530252;1.797202;1.486711;0.088079;-3.970621;-4.157103
0.916007;6.727691;1.287316;1.812423;-1.099609;0.438793;2.003454;1.362836
2.914241;1.081118;-2.291293;-1.673784;-4.687640;-5.466541;0.053100;-2.174761
1.088761;2.294470;-2.364375;-1.149604;-6.303320;-3.058992;1.955562;-1.306154
-10.128134;4.434347;2.010698;-1.826703;0.727817;1.503873;-2.025848;-2.211731
-12.255157;3.185512;1.483720;-1.609867;1.482650;-0.574010;-1.240186;-1.205735
-15.814197;-0.355130;-0.444311;-1.578800;-1.479617;0.653935;-0.497145;0.273200
-15.803448;-1.126333;0.400945;-1.595508;-1.102920;-0.050876;0.439891;0.394075
-16.103210;-1.303826;0.680804;-1.723015;-2.733893;0.001211;-0.523928;-1.436222
-2.208351;-3.409957;1.259521;1.486561;-0.611238;-2.400479;-0.936983;-0.846957
1.288344;-5.906499;3.732894;2.131520;0.234319;-0.432220;-2.298403;-3.019107
2.750024;-3.144146;3.146922;3.371091;-3.050495;0.382480;-1.401554;-1.337062
3.813154;3.491404;0.588931;2.541604;-1.722224;0.785174;1.183919;-3.470384
1.681229;6.229619;0.633003;1.276862;1.486371;0.386470;0.802864;0.749974
-2.662173;-0.573535;0.347676;3.129556;-2.818128;-2.791542;0.489549;1.070365
0.217371;-5.023526;2.812917;3.007740;-1.522045;-3.088928;-1.960263;-1.887657
1.149429;-4.700164;4.320358;2.012492;-1.234594;-2.119213;-1.021414;-1.833046
1.511463;-3.765010;3.004222;1.304534;-2.880846;-0.140571;1.292959;-1.062382
5.998411;-0.382588;2.252810;4.795334;-3.491931;0.386778;1.392216;-1.054581
4.986616;6.602876;0.218085;3.414279;-2.076482;7.024576;-0.393468;-2.399117
-0.314068;3.982234;-1.030133;1.217156;0.758455;3.017871;2.441129;0.484520
-1.592848;-2.892847;1.491905;1.033025;-1.712519;-1.275924;0.661470;0.400173
2.231920;-4.422691;3.078253;1.425684;-1.805962;-1.004865;1.102422;-0.334696
3.279473;-5.055114;4.384862;3.962348;-3.055617;0.812208;-1.225339;-1.606751
2.470872;-2.339252;4.711939;3.811251;-2.892400;2.883705;-1.285435;-1.229333
0.517333;5.400408;0.578078;0.693672;1.775187;2.406604;-0.183236;-0.411563
0.121363;6.405724;-1.440563;0.508964;3.532090;-0.204290;-0.512059;-0.246402
2.220092;-1.881452;1.558807;3.423461;-3.627683;1.995052;1.615881;-0.893996
5.114347;-4.968584;4.290059;3.789792;-4.293660;1.865525;0.822951;-0.645945
4.963497;-5.490272;5.127798;3.623878;-3.219732;-0.197455;-1.437017;-2.542069
4.640221;-6.272204;5.858520;3.633395;-0.551130;-1.273163;-2.814840;-2.767184
2.850805;4.218643;2.650828;2.128147;-1.057858;6.186933;-0.560200;-0.629926
0.017058;7.966107;-0.882542;0.399160;3.413794;-0.196879;-2.746204;-0.795870
0.934836;0.935892;1.527131;2.081414;-1.263425;0.020940;2.407066;1.618361
3.222470;-3.948519;4.336973;2.399158;-4.421916;2.131048;-1.397586;-0.761534
5.646046;-6.198432;5.807940;3.138797;-4.245892;2.408529;-1.303497;0.309562
5.438854;-4.467825;5.910656;2.220032;-1.921995;-0.816897;-1.603299;-1.152741
5.347216;-2.600341;1.438434;0.003206;-3.624918;1.198348;-0.042025;0.240846
4.751000;1.541594;-0.716018;-6.729375;-0.842532;2.123573;-0.512976;-0.677764
3.056170;2.355672;0.645638;-3.942193;-0.507110;-1.400703;-0.457662;0.176342
0.156725;-3.353709;1.247952;1.227942;-2.649762;-1.772373;0.993147;2.113741
4.627037;-3.561308;3.642144;1.868586;-0.249595;-1.606965;-0.481621;0.193946
8.826068;-5.659832;7.328839;3.183592;-0.664036;-1.220862;-3.133196;-0.564988
5.635233;-5.598570;6.549201;3.109860;-2.435831;0.853125;-2.491237;-2.228681
3.697387;3.838629;2.067498;2.285709;-2.089939;1.693051;0.822282;-1.518917
0.450784;7.564531;0.504206;2.070619;-0.188256;7.254609;0.133828;-4.440094
-0.874105;0.015931;0.659703;2.107005;-0.135658;-0.349244;1.965337;-1.143882
5.737560;-4.649635;6.344331;1.976567;0.138490;-1.512524;-1.695808;-0.854377
3.982700;-5.579059;7.504349;2.012725;-1.298478;0.143903;-1.860951;-0.690003
-1.051981;-4.419213;5.008545;1.182727;-1.764787;-1.111497;0.333138;-1.014771
3.275088;-1.422763;4.430304;-0.850119;-4.027479;2.342013;1.107527;1.790128
8.085084;2.035921;2.515698;-4.741062;-1.041056;2.850371;-2.286564;-0.418742
7.306997;0.129741;1.805923;-3.516970;-0.416048;2.957062;0.023023;1.987495
6.359037;-5.246429;5.672040;1.914713;-1.300228;-3.422493;-2.677828;-0.541494
7.463819;-5.761400;7.749394;2.699028;-1.130129;-2.691812;-1.153717;-1.879110
7.152533;-6.288168;9.138328;1.743776;0.190822;-2.754578;-1.599163;-1.893937
6.832878;-4.882113;8.128108;3.076970;0.676596;0.349693;-2.347091;-0.948448
5.284984;4.833644;3.281309;4.190868;-3.823591;8.253565;1.521447;-1.716443
0.959691;7.938780;0.966969;0.809624;0.948008;4.157207;1.846709;0.445840
2.641534;-1.386683;3.053723;1.192143;2.149321;-2.785775;1.033636;0.079875
6.551382;-5.201469;6.941303;1.483125;2.146992;-2.471160;-1.616501;-0.839861
5.067485;-5.738223;7.180953;1.562070;1.906957;-1.198802;-1.609990;-0.270099
0.673139;-3.680241;4.761763;1.114990;-0.753840;0.345956;0.671380;0.119271
1.124205;-1.057672;3.220715;-0.096116;-4.592521;3.183811;1.233394;2.246450
7.390865;3.014856;1.321589;-5.731821;0.985531;-0.113746;-2.649798;-0.907733
8.672964;0.745305;0.921717;-4.433028;1.891722;-0.049988;1.152138;0.738285
6.560534;-5.745372;5.347019;0.719052;0.781029;-1.192283;-0.248497;-0.851845
10.226979;-7.924117;10.241209;2.302124;2.565574;-1.087024;-2.999041;-2.579737
9.819729;-8.044762;9.693645;2.575021;1.475316;-0.293736;-2.470085;-2.032889
11.275447;-8.737674;9.752828;3.368791;0.932397;0.629796;-1.559178;-1.514877
12.451702;-2.164337;2.238743;-0.777495;-1.170962;3.952562;-0.758515;-0.552762
6.808898;1.738036;0.054006;-5.711120;0.043020;4.238689;-2.526442;-1.886932
5.979427;-2.877999;4.480248;-0.430515;0.522905;-1.333177;-2.270332;2.272848
5.510647;-7.302713;6.361249;3.382244;-0.446173;-3.035556;-1.740995;-1.426064
3.265569;-5.327875;4.980366;1.895101;-1.342438;0.620499;0.353283;-2.379157
3.400641;-5.204766;4.270063;3.057302;-3.847021;1.920238;0.022721;-1.236843
7.580101;-0.636621;1.200759;-1.072247;-3.541962;2.164712;1.068898;-0.459263
9.604980;0.239159;1.398561;-4.913137;-1.669693;1.067148;-1.671255;0.519510
9.710616;-2.978109;5.780010;-0.025517;-0.781436;-3.406455;-4.471793;1.690411
6.429956;-6.228963;7.455419;2.885608;-0.831149;-3.320446;-1.971899;-1.797473
4.086886;-5.184466;6.243015;1.534303;0.643704;-2.876735;-1.743724;-2.466134
-0.884412;-4.090097;4.340053;1.803952;-2.188519;2.283232;0.660373;-0.078429
-2.887075;1.869968;1.131093;1.914976;-2.186549;2.067455;2.803889;0.509694
-1.433771;7.903954;-0.154435;-0.451713;4.387521;-0.014284;-0.513391;-1.278184
1.186440;4.099557;2.313622;0.302836;1.352663;4.023363;1.772891;-0.107326
3.907280;-2.736921;5.848887;-0.327438;3.335562;0.161472;-0.214537;1.852457
8.384563;-6.248181;7.779518;1.221539;4.382361;-2.155861;-1.713726;-1.255049
9.351554;-5.673180;7.110945;3.012866;-0.453110;-1.985914;-0.796315;-0.892601
7.389663;-4.682903;6.154758;3.072796;-2.229399;-1.256098;-0.351085;-0.681085
12.317664;-2.015912;2.990098;-1.092429;-2.847508;1.907680;2.037063;1.654491
8.590789;-0.108237;0.922931;-5.824567;-1.362124;2.058017;-0.269923;-0.310038
8.339431;-3.902533;5.625125;0.464227;-0.262764;-1.326445;-3.814517;1.482007
11.007722;-6.103228;8.751668;2.570520;-2.054106;-2.838237;-2.864614;-1.199939
10.001843;-5.250604;9.265846;3.439320;-0.992266;-1.704594;-1.128019;-1.626301
6.118169;-4.014362;6.826286;3.557051;-4.546164;1.273523;-2.187547;-0.960762
5.087678;-3.190621;6.041820;4.642312;-4.016254;0.500822;-0.869305;-1.322443
4.195085;6.686825;1.828747;1.878458;-0.406068;4.250726;0.644656;-1.222078
2.225267;7.558863;0.168873;0.404003;2.891287;0.044818;0.329818;0.359334
1.601377;-2.826687;5.043987;1.952119;0.222980;-1.698604;-0.012976;-2.275935
2.151273;-5.129636;6.181220;2.086021;-2.051386;1.014468;-0.304292;-1.866106
2.369291;-5.389158;6.501801;2.855750;-3.499917;1.488450;-0.942884;-2.305585
2.649639;-4.603747;5.410326;2.244903;-3.725787;0.101140;-1.576082;-1.183135
5.453120;-1.546662;2.228175;-2.659419;-2.529703;0.858746;-0.800131;1.476455
3.823476;1.901542;0.826119;-6.917969;0.066880;2.251918;-0.509514;-0.115968
2.072103;-0.027532;0.293481;-1.618549;-1.166846;1.136256;2.409873;2.861768
1.141911;-3.949302;1.690582;1.564333;-3.321631;0.794827;2.033634;1.500697
3.246724;-5.156504;3.545809;1.793954;-1.965619;0.339556;0.906851;-0.265492
6.073858;-5.120258;5.166584;2.380144;-0.366268;-1.651728;-2.497420;-1.482811
2.962485;-2.441133;4.730619;2.585908;-3.060903;0.863422;-0.737684;-1.204251
1.982908;6.402518;2.405516;0.849738;2.713672;-0.075509;-1.332548;-0.456202
0.133200;6.345128;0.457859;0.298525;3.195353;-0.622186;0.609437;-0.620291
-2.818746;-1.468166;2.692222;0.951200;-0.813530;-0.411998;1.437267;0.457513
1.378881;-4.258508;5.602382;1.182987;-1.658955;-0.366502;0.821047;-1.383543
3.907032;-4.498014;5.586415;1.644445;0.764344;-1.773368;-0.429967;-1.171495
2.797998;-4.844207;4.496511;1.587431;0.671976;-1.519991;-2.049469;-0.724333
6.450452;-1.038781;3.270359;-2.227786;-4.355068;0.994352;-1.738472;2.989839
6.976018;1.986005;0.739667;-6.458489;-1.692187;1.417693;-0.746760;1.028013
2.360367;-1.172103;-0.282297;-1.637582;-1.912231;1.700651;2.560857;1.689357
1.300662;-4.473534;3.683766;2.805700;-4.776897;0.438659;-1.075041;-0.443315
4.635314;-4.866970;4.288407;3.130980;-3.798257;-0.103961;-1.595383;-0.733840
4.507967;-5.113443;4.905885;2.561756;-3.157927;-1.177478;-3.112397;-1.484432
2.265344;-0.634534;4.053547;3.138279;-3.799097;2.440102;-1.006449;-0.960532
2.023880;9.587382;1.059286;0.482876;2.477530;-3.895230;-0.490613;-1.729476
2.739661;6.656029;1.898783;1.361786;-0.966409;0.979213;3.034419;-0.289813
-0.256946;-4.794291;4.949270;2.172105;-1.286090;-1.227723;-2.465344;-2.494878
-2.624640;-5.621206;5.002228;3.022698;-3.280862;0.909456;-1.129437;-4.594028
-11.025891;-0.854811;3.037454;-0.212359;0.392904;0.507754;-1.932412;-2.487029
-14.294327;0.036968;1.802683;-2.255873;1.667465;-0.299766;-0.856082;-1.597142
-16.253438;0.312893;0.683943;-1.817817;-2.008030;5.274258;-0.145548;-2.433354
-15.814513;0.026061;0.263368;-3.681732;0.542431;0.542389;1.329455;0.602263
-15.764684;0.066141;0.433624;-2.727887;1.045696;-2.658844;-1.640248;-1.624748
2.444693;10.024383;-0.180379;0.688504;2.465412;-0.354918;2.485800;1.870032
0.997531;2.806676;2.186946;1.133806;1.522102;-4.504868;-0.131091;-1.555021
-2.000403;-3.011437;1.818580;0.433961;-4.053684;0.240629;0.498779;2.061727
4.704863;1.813364;-1.477351;-4.966824;-0.557143;0.738495;1.525911;0.458129
2.354276;3.318469;-2.490544;-5.946489;-0.376977;1.996768;0.206655;-0.501514
-2.168027;-1.910083;2.299857;-0.997554;0.390189;-1.826895;-0.069040;1.606795
2.895452;4.863602;-0.085633;2.473208;-0.122533;-0.092350;3.185872;2.587148
1.379188;8.224504;-0.306777;1.282788;0.905625;-0.892426;1.620562;0.274369
-1.337796;0.333993;1.670267;0.656724;1.796547;-0.565816;0.769121;0.614543
3.645247;-2.549836;-1.010356;-1.243691;-0.048191;-0.043479;2.232947;0.193525
7.653594;1.023393;-0.756698;-5.168336;-0.090618;2.399933;0.327743;-0.306239
4.041962;1.691678;2.297580;-4.663587;0.051568;-1.186828;-3.240785;0.231642
-0.815656;-3.111304;2.654863;-0.423676;1.586355;-1.495588;-1.915089;1.868177
4.360189;4.955307;0.743199;2.213905;-1.559183;2.056856;2.495777;2.944052
6.028334;7.997346;3.550045;1.409998;1.168190;-0.265552;-1.225827;1.321033
1.982278;-1.087970;4.265117;1.302293;0.881161;-1.301022;-0.076069;-0.064244
3.868980;-3.396991;-0.709101;-0.832138;-0.849677;1.385949;2.314547;0.582548
6.239206;0.513364;-0.990099;-5.310986;-0.372137;2.216681;0.586981;-0.027705
0.071996;2.903779;0.023733;-6.246248;-0.039481;1.136196;-1.212465;0.527345
-2.984377;-2.701757;2.308736;-1.272483;1.037883;-2.387624;-1.105762;0.668318
1.321038;2.155037;0.728787;1.696409;-0.144310;-1.181095;1.912128;1.779265
2.339840;8.619882;1.656991;0.153975;2.181066;-3.409427;-2.249747;-1.422566
-1.150049;5.583081;-0.313402;0.807426;-0.318552;0.416203;1.182270;1.269938
-0.992839;-1.802067;1.557770;1.136641;-1.373757;2.927699;1.587890;-0.210942
2.254552;-1.408241;3.723984;-1.813157;-1.953689;1.118270;-0.188820;0.535208
4.440844;2.068922;0.590241;-6.591457;0.715129;2.446808;0.452638;-0.607105
1.409470;0.726122;-1.775734;-3.401550;0.576319;0.801575;1.846828;0.432788
-2.661825;-3.956701;2.817556;0.698721;-0.516989;-1.884084;-0.222192;1.576831
2.880719;5.567989;1.412403;1.297523;0.414078;1.434951;2.099999;1.751104
0.927148;8.760683;1.430270;0.284036;2.697775;-0.645602;-0.918294;-0.947259
-5.315083;0.958511;0.067987;0.784585;-1.466444;2.699944;2.108499;0.232479
0.127148;-2.535959;-1.489834;-0.423002;-1.926228;1.709362;2.746138;0.080062
2.605602;2.888014;-1.914038;-6.247874;-0.317737;1.684949;1.039669;-1.221485
0.441957;4.105108;1.363503;-6.346762;-0.580701;-1.415913;-1.390651;-2.052228
-1.894339;-2.151673;3.632625;-0.817481;-1.708411;-3.125165;0.543855;0.328596
-0.812623;2.253421;1.118369;0.948445;0.424906;-0.310433;1.733504;1.484963
-1.631817;9.256300;-0.033676;-0.054185;3.371770;0.642045;-2.416167;-1.320312
-2.016375;6.375749;-0.046043;0.255589;0.241136;0.301180;2.594857;0.766370
0.065370;-3.640537;2.338977;1.364714;-2.102369;-0.223650;-0.200273;-1.109611
5.948507;-1.788114;0.598424;-2.161240;-1.530974;1.187032;-0.031197;-0.368392
4.597024;1.944731;-0.181879;-7.029308;0.764652;1.429852;-0.028255;0.482723
0.407884;1.125601;1.321644;-2.686512;-1.738952;1.558898;2.238073;0.988203
-1.640283;-0.986131;1.914022;2.177423;-2.384947;-3.742070;1.148560;0.079172
6.391498;7.609261;0.795965;2.871335;-2.013956;0.955766;1.478703;1.256640
8.446890;7.703351;3.848316;2.039811;1.796637;-2.488506;-1.119388;0.025817
2.746710;-2.479598;5.103680;2.387964;-0.067076;-0.332390;-1.406167;-0.493321
5.698804;-0.208971;1.124495;-0.615425;-3.899987;0.977520;1.048334;1.524616
10.216422;3.784368;-0.727809;-7.135680;-1.555583;-2.514251;0.026357;-0.062646
3.748724;2.721914;-0.525832;-4.472199;-5.446549;-2.180051;2.909341;0.409779
-5.244656;-2.465146;0.629246;1.830784;-2.431083;-1.859964;-0.093482;1.610047
1.083509;5.544220;-1.209936;1.221607;0.862580;0.459156;1.504103;1.287826
1.421994;7.613951;0.220054;0.831553;3.079784;1.578093;-0.202690;0.550810
-2.034583;-0.744459;1.267647;0.926863;0.123989;-0.265443;0.923389;0.419472
-0.146944;-2.960192;1.141584;0.128645;-0.315471;-1.872291;0.444192;1.133861
2.787720;2.430271;-0.217956;-4.858750;-1.014406;0.415028;2.109987;-0.541495
4.855781;2.371805;0.454712;-5.511193;0.835557;0.503186;0.488190;-1.253445
2.220630;-2.725562;1.627054;0.574148;0.387701;-0.637919;1.193907;0.745364
-2.201126;-0.032630;0.774662;2.509685;-2.321258;-1.909426;2.841794;0.305533
3.226050;7.288473;-0.451302;1.161550;0.081913;0.003900;2.479232;1.434584
3.456035;7.151409;0.703722;1.086423;1.262818;-0.881163;0.283374;0.477371
-1.290365;-2.071696;2.970607;2.190962;1.668997;-0.081624;-1.136261;-0.486006
-7.091733;-2.737776;2.118403;0.968196;-1.935010;4.791004;-1.659339;-3.239502
-14.667837;0.006142;0.912288;-1.104724;-0.864479;0.812434;-0.369454;-0.536590
-15.493933;-1.477319;0.883481;-2.044718;0.758396;-2.074745;0.331777;-0.874104
-16.575006;-0.651246;-0.540156;-1.667597;-1.149108;-0.919443;-1.587521;-0.449046
-7.370201;-1.973517;-1.228754;-0.521771;-0.863913;-2.394812;0.374535;0.496288
-8.435280;-1.712173;-2.600746;-1.114314;-1.697245;-0.908031;0.945827;1.370677
-5.360884;-1.952412;-1.878555;0.667568;0.958226;-1.589656;0.123717;0.159557
-5.086890;-3.120403;-0.533314;1.511829;-0.217851;-2.349297;0.457378;-0.927389
-3.425875;-2.429733;-1.496666;1.866233;-2.974467;-2.932140;0.635996;0.015324
-0.242860;3.599288;0.128706;2.024063;-3.080395;-0.215859;0.863160;1.018460
-1.262154;8.950825;2.111685;0.611677;2.195816;0.093571;-0.728952;0.561268
-3.288511;3.372290;-1.481658;0.869786;1.566521;-0.033424;2.187018;0.515989
-4.945904;-3.168910;0.150070;0.763705;2.112488;-1.988171;1.703957;0.334797
-5.401853;-2.778421;-1.369779;1.856722;-1.563203;-0.459522;1.054798;-0.217075
-6.461662;-3.832480;-1.036507;1.503576;-3.203955;-0.498132;0.150938;-1.561543
-4.245335;-4.655800;-0.119750;1.545607;-1.479331;-2.951584;-1.432050;-1.646212
-3.643918;-3.065872;0.415281;1.324919;-1.199612;-1.663831;-0.623871;-0.213707
-5.253946;-3.361555;0.379339;1.086989;0.218594;-2.603570;0.477495;0.203067
-3.804088;-1.850247;-0.989312;2.574413;-1.666053;-0.638144;1.461479;1.056098
1.088130;5.719466;2.255587;1.535843;-0.089817;0.806947;-0.049301;0.146425
0.348865;9.054717;3.099781;0.610999;1.588559;0.399971;-0.543753;-0.627904
-2.109368;2.946052;2.357894;0.131519;0.149027;-2.341384;2.416751;1.388573
-3.003411;-2.529144;0.226979;0.065467;0.300848;-1.568066;2.130109;0.354372
-4.497590;-3.712641;-0.901329;0.088217;-0.192174;-1.120321;1.652448;-1.019934
-1.909512;-4.837285;-0.457211;1.276500;0.638977;-2.602536;1.522243;-1.300334
1.210627;-3.867873;0.238598;1.616298;1.583375;-2.489362;0.867486;-0.068476
0.752414;-3.521318;-0.792341;1.820017;1.482100;-2.837069;0.822826;-0.176673
-1.847558;-2.697510;-2.204779;1.672198;0.820911;-0.934991;1.775319;-0.013316
1.160771;4.014759;-0.199203;3.198487;-1.458736;-0.585161;2.144515;0.824409
1.609523;7.871763;1.210590;2.250533;-0.286323;1.093064;1.769443;1.427487
0.018327;1.391871;0.255463;1.618002;1.486888;-2.308443;1.040786;0.468352
-3.012689;-2.840934;0.089522;1.981851;1.714905;-3.204479;0.465233;-0.787529
-4.357197;-2.436577;-1.256986;1.017686;1.355257;-0.945451;3.073248;0.695007
-6.395377;-2.723038;-1.174075;0.210061;-1.117287;-0.172317;2.209295;-0.716451
-4.858064;-3.594644;-1.416967;-0.440043;0.294313;-0.438468;1.059288;1.114082
-2.161886;-3.100086;-1.368895;0.860392;0.398411;-1.630531;0.053629;1.302395
0.447611;-3.060298;-1.477301;1.844563;1.323161;-1.460572;0.611494;0.851991
5.089399;1.774566;-1.571161;1.962881;4.392053;-1.791253;1.906324;0.052635
4.804804;4.752940;1.391516;2.087209;4.637672;1.222698;1.104920;0.152457
3.417562;0.334323;0.723142;2.407538;2.774999;-0.787262;-0.086982;0.986351
1.684327;-2.725148;-1.116371;0.540085;2.967807;-0.650821;2.086718;0.868691
2.470974;-3.691054;-1.774344;1.484378;5.116542;-2.549788;-0.195031;-1.062242
2.663551;-3.003388;-3.439850;1.826247;4.252267;-2.018357;1.325460;-1.622573
2.728457;-3.274310;-3.259945;1.551441;3.640836;-2.293480;1.987313;-2.431752
0.845133;-3.409841;-3.325616;0.364031;2.994606;-0.580886;1.325974;-1.364395
-1.345941;-2.041312;-1.965111;0.772422;2.798334;1.238604;0.992945;-0.800436
1.992181;1.225329;0.301789;2.069507;1.965667;1.146882;2.322005;1.049286
1.543103;6.320199;0.678762;1.387363;4.310581;0.512305;-0.332058;1.038743
-0.034176;1.687090;-0.036316;1.463162;2.576734;0.215829;1.668488;1.540500
-0.642993;-4.046860;1.637529;1.632774;3.887205;-3.666686;0.520452;-1.433765
-2.814319;-4.010902;-0.484842;0.259241;1.917874;-1.021504;0.158029;-0.828821
-0.814541;-4.367830;-1.243212;1.008679;0.991683;-0.763014;1.538404;-1.548510
2.899199;-4.075215;-0.617718;0.956962;4.512913;-3.328324;0.125460;-1.381631
1.011753;-3.970757;-1.554516;1.565042;3.388630;-2.447843;0.808168;-1.257648
0.553238;-2.087432;-2.784588;1.868184;1.949819;-1.049781;3.086959;-0.419413
6.036801;4.277967;0.262768;2.062407;2.766563;-1.260343;1.571470;0.377302
4.098960;5.160921;2.821423;1.571575;4.067885;-1.534803;1.160239;0.238479
1.959498;-3.280092;0.727312;2.198288;3.270348;-2.915606;0.827271;0.131118
2.873473;-3.799190;-1.898994;2.335664;2.658606;-1.992251;0.469121;-0.903488
2.084470;-3.540637;-3.669474;2.464600;1.935920;-1.878777;0.846727;-1.732523
0.879961;-3.936173;-3.750738;1.306561;2.252401;-1.941449;1.573279;-1.308211
-0.300087;-3.959168;-3.863056;-0.038768;3.300278;-0.286073;1.703487;-1.454962
-0.465177;-2.197184;-1.973138;0.880714;0.816714;-1.302578;1.353057;-1.129898
0.300842;-1.120837;0.240477;2.594672;-1.326791;-1.941180;1.619439;-0.028282
2.942526;6.946578;1.371623;3.197038;0.194543;-0.861022;3.043241;-0.052942
1.925503;6.519557;0.395967;2.939359;0.488719;-0.871552;3.986134;-1.388717
-2.465835;-2.169456;-0.274692;1.077543;4.010974;-2.175859;1.456804;-0.644276
-2.919700;-4.851892;0.329895;0.158125;2.535566;-2.065604;-0.192400;-1.948168
-0.114229;-4.777393;0.074143;0.991628;3.692161;-3.023863;0.060675;-1.926364
-0.175442;-4.170902;-0.207842;1.660587;3.181887;-1.868683;0.876252;-0.335904
0.786504;-4.090183;-0.056163;0.773449;3.379670;-0.853413;1.114151;0.333588
2.388331;-4.199501;-0.028941;1.197121;4.449701;-2.373903;0.204987;-1.217218
2.833158;-1.840196;0.230732;2.618937;3.546873;-2.070307;2.741522;-1.534670
3.778434;5.894186;2.868820;1.874187;3.857354;-1.070752;-0.515878;-0.409877
4.204638;5.233014;2.718026;1.924030;2.225237;1.841740;1.530214;2.347104
1.511117;-0.834227;2.123536;0.815588;2.928704;-3.828115;0.418959;-0.298316
0.256998;-4.151668;1.910141;0.717181;1.427451;-2.635869;0.971585;-0.470438
3.964053;-3.892489;0.979608;0.925626;3.885448;-4.253274;1.019604;-2.314375
2.966917;-3.614026;-0.821602;0.613302;3.386565;-2.955719;2.107791;-1.655730
0.191203;-3.497753;-1.403964;0.060580;2.882655;-2.468371;1.159573;-1.837205
2.835829;-4.734018;-0.581699;0.680480;3.625572;-2.775825;0.489342;-2.254171
5.276600;-2.399391;1.242413;2.174454;4.496696;-1.883872;-1.397153;0.039729
5.233170;5.645443;0.839906;2.622477;2.029819;1.536169;0.152239;0.571212
2.336481;5.414262;-0.108844;1.762571;1.442334;0.576938;2.580450;0.838948
-2.173410;-2.734552;-0.657889;1.838417;1.850062;-1.093832;1.337908;-0.158956
-3.172326;-3.710589;-1.641498;0.149059;1.124433;-0.653896;1.643149;-2.114812
-0.524621;-5.259798;0.130714;-0.480707;4.966261;-1.889184;0.089689;-1.476331
3.153312;-5.197807;1.762581;2.325352;3.877297;-3.408183;-0.716608;-1.785572
3.251267;-4.774809;0.717239;2.579667;2.284141;-2.473162;-0.301771;-0.637303
2.379087;-4.043353;-1.332128;1.637714;4.433422;-1.626653;0.589806;-1.103491
5.535468;-0.397220;1.645852;1.600310;5.318709;-1.197126;1.582190;0.481834
3.719476;5.665343;4.237496;1.141224;5.387023;-0.231888;-0.317771;-0.824041
1.033643;3.449033;4.722114;2.019243;1.215812;-0.622799;0.636290;1.715745
-1.297700;-2.357835;3.466740;1.507581;0.553519;-3.106249;0.248772;0.401773
-1.652689;-3.878595;1.133226;1.439160;0.963280;-4.043265;0.402254;-0.838237
1.292566;-4.173724;0.263810;0.799138;2.247815;-4.662571;0.058987;-1.794969
3.412634;-5.404639;1.015393;1.002049;2.508254;-3.620703;-0.619736;-3.048247
1.142461;-5.400342;1.156749;1.771523;2.168477;-1.070821;-0.140338;-2.029610
3.376587;-6.161269;1.072723;2.844152;3.165743;-2.984105;-1.681096;-3.111108
11.252450;0.136243;2.431014;3.828943;2.496278;-1.413798;-0.670754;0.471556
10.178233;5.387363;6.761468;2.028021;1.772550;0.072623;-0.777681;2.451889
2.912942;-0.445107;3.553270;1.195733;1.395154;-0.482055;-1.268254;0.916947
-0.955061;-4.038923;-0.161258;3.386392;1.006050;-0.287580;-0.764099;-1.848168
-1.231758;-3.751892;-1.840957;2.146758;1.226971;1.798908;1.561859;-0.996411
-2.648540;-4.303700;-2.184943;0.763294;0.867189;-0.977081;0.855415;-2.090767
-1.716108;-4.316625;-1.102576;0.038580;3.640250;-2.211215;0.005784;-1.979101
-1.060157;-3.311070;-0.884081;0.667093;2.938437;-2.399156;1.645019;-0.531037
2.595111;-3.380079;1.089081;2.795085;2.674746;-4.544473;-0.989369;-1.126832
4.550742;1.879810;1.070611;3.302974;1.312319;-1.263900;1.922140;-1.357830
3.375918;7.970286;2.946006;2.104544;1.108431;0.395863;1.967354;-0.499688
0.315302;4.934593;2.099450;1.328083;0.199172;0.631081;1.220381;1.153114
-3.515765;-3.766543;-0.108885;0.153724;0.350774;-2.854425;0.987747;-2.865794
-0.708052;-4.369423;-0.174864;-0.055240;3.153670;-3.402854;0.732907;-1.696100
-0.269002;-3.804819;-0.918307;1.155504;3.284060;-2.900642;-0.433177;-1.240946
0.202560;-4.264983;-1.450073;1.830472;3.196566;-1.640370;-0.636777;-1.423366
-0.519786;-4.070325;-1.518552;1.669349;2.431085;-0.285677;-0.259413;-1.779209
1.012487;-4.133369;-0.293826;2.087595;2.430175;-0.872892;0.778185;-1.686857
5.557114;2.125756;2.230568;2.447036;1.096398;-0.819701;1.250175;1.170568
4.147335;5.067896;3.504358;1.731518;3.265328;0.420522;1.566816;0.863225
2.768204;-2.314258;1.120779;1.481991;3.618587;-1.279708;2.188773;1.076892
5.273561;-4.334308;0.656302;1.956981;4.484132;-3.865497;-2.605242;-0.910061
-1.045307;-3.239290;0.000132;1.688258;0.112268;-0.832853;-1.641817;-2.219254
-13.069526;-2.116145;0.417601;-1.131856;-3.769492;-1.338358;0.379432;-4.571097
-15.627898;-2.328694;0.073454;-0.281478;0.082996;-3.162585;-1.775577;-1.748601
-15.834726;-1.761936;-0.042473;-1.718958;-0.889219;-1.161573;0.079216;-1.243682
-16.138895;-2.036383;-0.143673;-1.455845;-1.540960;-0.795279;0.185851;-0.026096
-16.322112;-0.864893;0.781996;-1.643503;-2.219791;1.095920;0.056879;-1.423679
-15.633052;1.349894;0.412269;-1.754498;-2.341338;3.514582;-0.018043;-4.260973
-15.002331;0.309967;0.337807;-1.603415;-1.562625;1.156691;-0.021431;-0.067550
-16.529038;-1.950665;-0.042680;-0.392468;-5.277419;0.742455;-2.137618;-2.510076
-16.830753;-2.013817;-0.168125;-0.527522;-5.542664;1.104426;-1.801021;-0.999418
-16.742953;-2.165691;0.202355;-0.593830;-5.069186;-0.158725;-1.310784;-3.956601
-17.597913;-1.697423;-0.911503;-0.129942;-5.197297;0.333604;-1.242425;0.990922
-18.471710;-1.795801;-1.419818;0.868964;-7.861697;2.377836;-7.484739;0.151924
-1.115038;-0.494972;-1.490580;1.906321;1.854525;-2.856200;3.406496;-3.439998
2.086908;-0.232537;0.716844;2.155971;1.673513;-2.539880;3.557564;-0.633592
3.107896;2.487838;1.708274;2.374277;1.473638;0.229889;1.384450;0.659950
3.600760;4.863325;1.361893;2.478059;1.091952;0.674196;0.899841;0.660675
0.467824;4.004794;1.668273;3.200930;0.611059;-1.805481;1.694082;-1.793342
-5.619616;-0.930718;1.206815;1.250887;0.045221;-1.052954;1.262281;0.468158
-2.586085;0.146616;1.985158;1.226836;1.147246;-0.819767;1.843242;-0.204051
0.817850;2.960085;2.330613;0.810806;1.697284;0.700734;1.497262;1.967183
-0.303898;4.831055;2.709506;0.599051;1.512498;-0.255380;0.329840;1.024407
-1.495279;2.232259;2.967256;1.735645;2.158097;-1.119026;0.927266;0.375123
1.940096;0.866349;3.497179;1.595065;-0.933556;-3.818299;3.382665;-0.007223
10.327154;5.781462;2.370870;4.559315;-5.574822;-5.678123;8.026588;-0.669932
11.839550;6.577656;3.944060;5.526156;-3.138207;-4.709873;7.314077;-2.230430
2.475006;2.002266;5.051771;1.632998;1.670971;-1.436113;2.039769;-0.917915
-0.271027;-2.307993;4.536934;2.838485;1.008328;-1.818044;2.146533;-1.236597
0.708032;-1.032481;3.636983;0.843810;1.586462;-1.202806;1.472410;0.417374
6.058821;4.674133;3.108158;2.680931;-0.267431;-1.298937;4.445098;-1.240579
9.118748;6.238890;6.603961;3.714515;-0.992634;-1.728241;3.139187;-0.148479
3.245458;0.715361;7.605142;3.623968;-0.598802;-1.983235;-0.606252;1.659933
4.086354;-1.442056;7.968300;2.399328;-0.205966;-3.924136;1.024582;0.359507
5.328155;1.618286;0.840830;2.872632;-1.372740;-1.550513;3.487930;0.971133
4.955221;3.176698;1.706416;2.571888;0.629692;-0.910849;2.236634;-0.846700
2.686100;1.978571;3.557186;2.180122;0.865879;-1.908592;0.929117;1.896890
1.143553;1.577983;-1.225140;3.933366;-1.663792;-1.583133;1.061309;0.333019
0.027544;-1.256580;-0.508580;2.813476;1.464208;-3.084714;1.761593;-0.230970
1.163831;1.674788;3.876043;0.604529;2.097130;-0.169437;0.763831;1.172774
3.548579;4.096492;2.527679;1.788593;1.198052;0.265148;1.517075;1.326132
0.741983;0.919768;1.677083;2.988956;0.927454;-0.809423;2.872847;-0.794961
-2.121601;-2.340043;3.716928;1.807191;1.459470;-1.205497;0.573023;-0.179440
0.938580;0.212308;5.075347;0.913842;2.802606;-1.806894;0.409184;0.962340
1.781240;4.636504;2.040603;0.830739;1.879347;-0.195893;1.582133;1.088444
1.738687;4.414205;3.412156;1.397733;2.027447;-0.430377;0.871708;0.714277
-1.351969;0.258398;3.869007;1.709483;1.183189;-1.722644;0.674476;0.022684
-2.099696;-0.059508;2.428066;0.946080;1.744566;-0.879586;2.205146;-0.631294
10.505709;1.980562;5.857533;3.863836;2.622756;-2.619171;1.927726;-1.277080
12.106132;1.802660;4.396569;3.559727;1.595591;-1.420275;1.007189;-0.237674
3.560105;-1.845545;3.050863;1.207411;3.323437;1.567412;0.913644;0.471869
1.649451;1.126603;2.930950;2.030067;2.749930;0.194305;2.103643;-0.045907
-0.565086;4.231820;3.486418;1.653145;2.900994;-0.316235;-0.578471;-2.764841
0.737317;0.653698;2.674269;1.697674;1.542802;1.264942;-1.100701;1.019172
0.837576;-1.589338;0.758638;3.094439;-1.263238;-0.079232;0.016753;-0.829386
0.681111;2.133639;-1.350848;3.457966;-1.452277;-0.293069;2.436213;-0.598014
0.045755;5.660439;2.021150;2.468684;2.770436;-1.153069;0.023680;-2.812717
-0.526192;1.946798;1.159385;1.211627;3.363328;0.876790;0.980655;0.808030
0.933824;-1.296528;2.781370;1.253726;3.253155;-2.172102;-0.802310;0.793627
1.556736;0.683442;-0.709368;2.491177;0.694250;-0.288637;1.003889;0.499301
2.397399;3.184808;0.064977;1.596050;3.533363;-0.596851;0.728733;-1.516558
-0.378362;2.822374;2.863230;0.876843;4.899672;-1.586985;0.878185;-0.433570
-2.272423;-1.678548;2.222653;1.721645;1.066457;-1.735735;0.785818;-0.190867
-1.766801;-0.696782;2.237850;0.586564;1.194829;-0.611230;0.214939;-0.473244
-0.137813;6.783271;-0.560289;2.117019;1.335920;0.456536;3.427201;-0.655325
-2.079352;8.633508;-1.096994;1.165798;2.409867;-1.949425;3.023300;-2.115259
-7.484450;1.125286;0.470417;-0.132895;1.369927;0.139968;-0.810957;0.442679
-1.346496;0.432878;2.512984;1.203345;1.244531;-0.487740;0.505971;0.313411
2.892039;5.491206;4.132445;0.678422;3.343399;-0.035568;-0.432335;-0.144530
-1.479411;5.871397;0.355042;0.619013;2.364413;-0.525357;0.811837;-1.325494
-6.771233;0.201087;-0.355701;1.494302;-0.777213;1.022821;0.972169;1.014376
-8.766318;-3.046498;-0.399488;0.258539;-1.042718;-1.475422;0.041369;1.327222
-9.345302;-2.603105;-0.140664;-0.846412;-0.276862;-0.852384;-1.207807;1.060348
-11.878405;-2.082764;-0.033814;-0.320558;-1.361090;0.523667;-0.574012;-2.418878
-15.162467;-0.569914;0.216235;-1.530550;-0.941694;0.014094;0.420607;-2.505126
-16.212389;0.129238;-0.101672;-2.543799;-0.799393;-0.076568;-0.162149;0.404336
-17.130692;-0.892559;-1.100569;-1.751841;-3.767535;-0.395878;-1.328124;-1.458283
-5.268824;-2.411695;0.549381;-1.702460;1.862181;0.819558;-0.244489;1.152768
-4.672161;-1.567167;0.357599;-1.781726;0.742827;3.472657;0.440121;2.231533
-5.016183;-1.583205;1.551261;-0.419116;1.116431;2.121573;-0.258234;1.549982
-4.835495;-1.620142;0.109063;0.332291;0.131706;3.023864;1.697847;3.452334
-4.172213;1.163140;-0.431257;0.803718;0.155399;2.771691;1.491262;2.560953
-2.930414;2.546250;1.221043;0.868240;2.103824;3.297845;-0.669957;-0.224983
-1.921877;-0.145624;0.330069;1.082442;2.049366;3.300686;0.236559;1.646656
-2.862810;0.386029;-0.931187;0.708233;0.688627;4.415586;0.578369;1.306994
-2.838017;0.130956;0.830445;0.770154;0.247782;5.382025;-1.433215;0.019275
-0.796399;-1.911513;0.829959;0.495539;2.199876;4.402293;-1.622612;2.088482
-2.378088;-1.686802;0.741113;1.220897;-0.202691;4.947538;-1.119909;1.143828
-3.049346;-0.308052;0.738558;1.275002;-1.022237;4.755152;-0.770764;1.306509
0.969021;0.054324;-1.419648;1.356342;1.798759;4.706873;0.950453;1.744841
-0.035258;1.068738;-0.638076;1.589273;1.063129;5.239294;-0.044622;1.019534
-3.613366;1.750028;0.501689;1.103151;0.095244;4.546331;0.497157;1.008386
-1.611082;0.292309;0.751071;2.127336;0.724925;4.149507;0.946733;1.808009
-4.103678;1.350524;-0.367480;2.081149;-1.709355;5.785051;0.718364;-0.563821
-4.824267;-0.881577;-0.670053;0.480844;-1.167432;3.959458;-0.743099;2.184385
0.795067;-2.944775;-1.938943;-1.207490;1.068942;4.362537;0.256720;2.286612
0.799743;-0.189240;-1.595046;0.392286;-0.204240;6.010695;0.864335;0.538448
-0.631715;0.727900;0.201346;1.433554;0.982713;4.701094;-0.887166;-0.015594
-0.122398;0.069042;0.670826;1.660852;3.067458;4.984319;-0.220946;1.986799
-5.054666;3.042189;1.232974;0.050250;2.571151;2.348694;-1.257991;-0.224208
-8.804028;1.124533;0.183119;-0.539350;-0.093868;2.010555;-0.224677;0.790319
-9.069705;-0.411079;-0.772470;-0.650126;-0.263915;1.685411;0.352422;2.966398
-10.316650;0.462331;-0.811809;-0.754822;-0.742288;1.337825;0.486285;0.573208
-8.814636;-0.825129;-0.004328;0.324593;-1.385505;2.067171;-1.080984;2.022443
-5.559018;-1.540086;-0.270551;-0.561235;0.882451;2.070824;-0.132490;2.226833
-4.813598;2.046374;-0.973709;0.883748;-0.015542;3.410938;1.223029;0.819462
-6.219922;3.655221;0.624287;0.548393;0.322734;1.332897;-0.571148;0.256585
-6.507079;1.224932;1.478673;0.546598;1.037601;0.659923;0.232150;0.826535
-7.021751;3.297810;-0.363030;-0.208697;1.860009;2.354403;1.294106;-0.353000
-8.087257;2.022183;0.327840;-0.375695;1.324316;1.402566;-0.649662;0.402799
-6.534005;-0.908034;0.242875;-0.341955;0.386594;1.390373;-0.033715;2.365518
-5.027834;-0.528640;0.568226;-0.251372;0.171116;2.159179;2.250565;2.619423
-4.582683;-0.073025;1.660973;0.127515;-0.211260;2.754316;1.569044;1.826157
-2.259621;-1.981682;0.289651;1.524718;0.339101;2.762808;0.662519;2.846823
1.109693;-1.740360;1.262121;2.183808;1.782671;2.780458;-0.473123;1.762020
-1.302454;2.085981;0.840176;1.538859;-0.285261;6.702869;-0.105758;-0.280936
-2.541540;0.718936;-0.035291;1.901992;0.179682;6.525350;0.031805;1.292410
-1.675013;-2.752354;0.647096;2.113779;2.140259;3.558958;-0.012708;0.866588
-5.142933;-0.563006;0.955666;0.439273;0.236123;4.314484;-0.325749;0.215207
-4.669514;-1.314983;0.421579;0.397592;-0.670662;4.601478;-0.126804;1.966924
-0.600810;-2.056771;0.325969;0.783033;2.128768;4.340131;-1.180815;1.957682
-1.305991;0.856064;0.052924;1.537589;-1.025222;6.897740;-0.149272;0.016030
-1.863399;1.290218;0.568710;1.558656;0.431489;4.282451;0.210833;1.297178
-2.065818;-0.185928;-0.708812;1.201603;2.783510;3.584294;0.033190;0.900064
-3.633594;2.128390;-0.698463;0.342316;1.062172;2.776566;1.082896;1.583073
-3.553229;1.742148;0.307584;1.391345;0.518763;4.263764;-0.254094;0.732456
-3.337117;-0.630877;0.078782;1.089225;2.163796;3.466064;0.039104;0.243926
-5.769608;0.025463;0.247845;-0.277051;0.240691;3.656678;-0.367030;0.969135
-3.629458;-1.004322;-0.756485;-0.381072;-1.359822;4.606728;-0.249286;1.114321
0.624334;-0.916805;-0.728730;0.115212;2.231369;4.465851;0.271877;2.856285
-2.620965;1.285949;-0.177086;1.357438;-0.385623;7.265349;0.388137;-1.005082
-4.482661;2.425633;0.174989;1.540237;-0.870594;7.060611;-0.369925;-1.879361
-4.223770;1.098074;1.666529;0.865867;1.384316;5.791890;0.282917;0.082057
-7.838769;2.365924;1.649808;-1.007013;1.800065;2.596906;1.128829;-0.009486
-7.300635;-0.681312;0.820192;0.003586;0.815806;3.088308;-0.448377;0.799621
-3.213770;-2.646108;0.307509;0.259603;2.049635;3.125211;0.465709;2.520070
-3.782295;-1.774317;0.815434;0.149934;1.477650;3.535905;0.517215;0.481976
-6.358660;-0.437996;-0.789531;0.863899;-0.308368;4.919075;0.070520;0.689855
-1.687580;-0.756613;0.550103;0.925972;1.838598;4.051888;0.045384;1.101096
-1.962852;1.475370;0.528693;1.263311;0.492563;5.523897;0.122309;-1.381436
-4.028739;1.808005;-0.060743;2.046407;-1.282977;6.966066;-0.447439;-1.768409
-1.250936;-0.818511;0.319620;2.135001;1.883154;3.985205;-1.311727;1.058877
-4.057013;1.153010;-0.813003;1.715109;-0.180522;7.180853;-0.955016;-1.857255
-6.028132;0.214441;-0.052184;0.684399;0.363259;4.747854;-0.536758;0.659166
-2.748544;-2.638495;0.873639;-0.801226;1.926529;2.472973;0.509098;2.057437
-3.618173;-0.413509;1.278464;-0.003331;0.403363;3.014282;0.862793;1.631360
-3.017258;0.230981;0.437974;1.426854;-0.446980;5.074725;-0.776986;1.016090
-1.336919;-0.618686;-0.232859;1.658120;1.656258;4.611165;0.431334;2.014033
-4.532925;2.614856;-0.306276;1.241479;-0.240979;5.157517;0.552083;-0.739075
-2.819669;1.873690;2.036875;1.498251;-0.327260;4.955264;-0.238670;-1.091816
-0.137571;-2.700707;1.497539;1.698007;1.819108;3.728622;0.982918;1.137509
-4.392777;-0.336420;-0.950508;0.743289;-1.116848;5.362787;-0.075220;0.026362
-4.606600;-0.335676;-0.126318;1.527435;-2.961728;4.662719;-0.482266;1.519393
0.247870;-1.194121;-0.144641;1.582792;1.430452;3.480277;0.269152;2.817680
0.500356;1.955910;0.074460;1.103266;1.715240;4.740787;0.221573;0.415875
-1.117178;0.906582;0.457469;1.651322;0.312103;5.481011;-0.634865;-0.412259
-0.641808;-1.000650;0.230497;2.600180;2.129158;3.487412;-1.049492;-0.046626
-4.211652;1.756030;-0.886030;1.953514;0.085826;6.491702;-0.704185;-2.171939
-5.573182;-0.849904;-0.408908;1.454146;-1.102418;7.014067;-1.145735;-2.168833
-3.619190;-2.315124;-0.114790;0.087957;0.752153;4.305218;-1.512373;0.867138
-4.876501;-0.540152;-0.912693;1.100496;-0.660872;4.701781;1.419076;1.796990
-4.677887;2.468245;-0.586878;0.669455;0.794116;4.285818;0.327873;0.238736
-2.225563;1.576784;-0.644061;1.545722;1.757935;4.173305;0.066166;0.070687
-0.998504;0.901367;0.075391;1.280295;3.049198;2.399567;-1.092606;0.942670
-3.255320;0.974951;0.199299;0.904266;0.723328;5.594218;-0.118926;0.152870
-3.593752;-0.962685;0.806405;1.043660;0.522156;4.015281;0.576137;1.223239
-1.505754;-1.601637;1.747669;0.646077;1.393369;2.436704;1.118597;2.820493
-1.593972;0.387029;1.999185;0.449226;0.946586;4.373911;1.241402;1.377237
-2.407826;-0.088642;1.760742;1.039809;0.302490;3.868693;0.122957;0.666788
-0.364104;-0.545440;0.134455;1.508405;2.147493;3.576828;0.217914;1.767916
-2.909749;3.356448;-1.018147;1.543546;0.211937;5.839340;-0.596286;0.180871
-5.355687;2.879856;-0.481760;1.446067;-1.307264;5.417758;-0.691243;-0.593325
-4.727408;-0.735350;-0.666938;0.809781;0.726335;3.675829;-0.229139;1.777501
-5.692005;-0.884384;-0.855655;0.216657;0.138056;2.845856;0.824490;1.788785
-4.519864;-0.555639;-0.523334;0.454452;0.439846;2.956636;0.079662;0.962438
-2.137434;0.509720;-1.505569;1.692044;2.137695;2.540710;0.385240;0.259459
-3.083403;2.198185;-1.605089;1.928689;0.112515;4.633271;0.978247;-0.027327
-3.860662;2.884019;0.297051;1.393288;-0.361599;5.847179;0.638090;-1.108119
-2.498604;-0.029658;0.624162;1.152486;1.168904;2.771239;1.330814;1.724093
-5.006727;-0.961843;-0.291705;1.316377;-1.061109;3.930722;1.628533;1.359998
-7.460603;0.273717;-0.289222;0.009622;0.093697;3.665668;-0.966888;1.057526
-6.510639;-0.792025;-0.433834;0.302666;0.906759;1.939223;0.868307;2.183263
-5.303296;-0.144205;-1.388962;1.655150;-0.571463;3.957031;2.553235;1.639260
-3.675595;2.608903;-1.056512;1.586532;-0.578492;5.501818;-0.289656;-0.015094
-3.239228;1.877078;-0.730741;1.419969;1.057625;3.944070;0.481477;0.688846
-5.147339;1.752714;-1.100460;1.122041;-0.120135;3.441840;0.240443;1.644503
-5.360313;1.605320;0.608894;0.983836;0.002334;3.907233;-0.591448;0.697035
-5.824874;-1.500157;1.595991;0.324652;0.432369;2.169824;-0.605493;1.952867
-5.267174;-1.311075;0.463546;0.085401;0.352702;0.752096;1.353282;2.719005
-6.098362;0.914067;-0.482497;0.631301;-1.266223;2.353655;2.486959;1.891628
-4.257426;1.471625;0.043085;0.978416;-0.099339;3.113804;1.564502;0.920778
-4.056523;1.519752;-0.577979;0.792768;0.443277;4.188792;1.487852;2.258699
-4.667063;3.830186;-0.413264;1.092527;-0.600668;3.700948;0.327539;0.920979
-1.419447;2.986675;0.967203;0.903532;2.414429;1.526185;1.735694;1.730348
-5.786856;0.177034;0.930211;1.043507;2.124472;-0.446155;1.083590;-1.907872
-14.368703;-0.424812;0.160212;-1.693679;-1.619977;-0.148159;-0.064127;-3.523680
-16.563650;-1.536581;-0.080091;-1.054017;-3.399559;-0.065919;-0.711916;-0.969244
-16.909724;-0.828985;0.250494;-1.542596;-2.728098;0.082236;-1.514075;0.184832
-16.769087;-0.036774;-0.262604;-2.472340;-1.583904;1.182109;-1.131259;0.626218
-6.669359;-1.982395;1.877038;-3.420369;-0.181666;0.693006;0.416925;0.891297
-1.242555;-0.161453;0.352245;-5.117885;0.736679;1.414903;-1.878461;1.393546
1.796366;2.036558;-0.281641;-7.860859;1.140426;2.359651;-2.136592;-0.867804
-0.831157;0.869488;-0.185803;-4.319344;-0.365483;-0.140960;-1.489358;-0.514021
-1.861559;-2.169053;-0.881647;-1.342193;-0.593048;2.196448;-0.444346;2.002340
-0.650107;-1.478909;-1.328850;-3.935174;1.906196;1.254912;-1.676366;0.884538
-1.064349;0.875530;-0.570117;-5.912101;0.850523;1.839878;-0.342413;1.688079
-0.667214;1.058184;-1.008278;-6.584290;2.214409;1.051594;-1.235155;-0.030515
-3.903706;-0.714511;-0.152158;-2.767361;1.160510;2.430950;-0.583625;-0.543237
-2.329968;-0.761573;-0.508268;-3.255700;-0.993447;0.871396;0.543713;-0.240088
0.210363;1.218264;-1.027730;-6.566128;1.090089;0.829866;-0.486725;-1.036493
-1.747702;0.653072;-0.527886;-6.201307;1.082318;1.702368;-1.309287;-0.170500
-3.108044;-0.981982;-0.374949;-4.123321;3.326417;-1.792478;-1.959940;-0.606179
-4.848695;-2.989994;-0.134206;-1.442018;1.629349;1.154341;-0.911636;2.079998
-0.582990;0.257614;-1.363522;-4.305516;-0.191826;2.043085;-0.792890;0.593928
-0.430606;1.572934;-0.910563;-7.358624;1.114987;0.891718;-1.699951;1.467065
-2.163693;-0.210289;-0.953341;-4.035160;-0.621207;2.112997;-0.046360;0.825477
0.085101;-1.125450;-1.683284;-3.330178;0.469739;2.843284;0.969265;1.761562
-2.636684;-1.671477;-0.584103;-3.131218;1.789557;1.692772;-0.676045;0.549787
-1.840773;1.390423;0.783424;-6.723358;1.301591;1.088664;-0.853860;0.542217
-1.190635;1.604826;0.719656;-6.896320;1.260125;2.508840;-0.035714;0.451141
-2.495537;-2.445407;-0.018384;-2.867025;1.284370;1.902127;-0.552572;2.739256
-1.845741;-1.859919;-1.234268;-2.780023;0.880160;1.527272;0.647276;2.563842
-2.913489;-0.691763;0.419864;-4.140773;2.072937;-0.570298;-0.235227;0.344597
-2.730000;1.158514;0.587300;-6.970015;2.043471;1.006596;-0.775622;1.193972
-3.669942;1.941335;-0.290891;-7.287164;2.275809;0.999034;-0.073014;-0.006440
-7.401903;-0.721039;-0.003738;-3.382922;1.219031;0.800066;-0.294010;1.319567
-5.381082;0.259213;0.368252;-4.077017;1.322705;0.225326;-0.163277;0.756448
-3.971461;0.704781;0.575852;-5.436886;3.386553;-0.856721;-0.277884;0.998970
-3.180462;1.502817;0.578930;-6.860321;1.475352;0.410161;-0.039154;-0.357670
-3.299800;2.390174;0.901154;-7.961514;2.198124;-0.117977;-0.499716;-1.637621
-6.762940;0.743729;1.077967;-4.279435;0.875379;0.890385;0.013815;-0.355946
-4.664342;0.513194;0.961425;-4.496479;1.246375;0.425951;-0.863288;-0.368853
-4.014428;1.654430;1.948653;-6.593262;2.461450;-0.281756;-0.988232;-2.086495
-4.776210;2.617510;2.243630;-7.765795;2.124865;-0.113338;-1.640534;-2.416474
-4.958057;2.086248;0.351797;-6.451678;0.179245;0.452803;0.588242;-2.070343
-7.170438;-0.386924;0.210785;-4.375343;-0.457763;-0.339760;1.189090;-1.328236
-3.770011;0.755217;0.671986;-5.944104;0.432195;-0.020394;-1.267110;-0.688595
-3.279007;1.193908;1.264516;-6.244847;2.578791;0.086473;-2.178744;-1.422918
-1.201729;0.776313;0.303744;-6.772129;0.577437;0.742844;-0.537718;-1.097605
-0.886449;0.240306;-1.259921;-5.394940;0.121577;0.709377;1.459358;-0.122402
-5.949070;-1.296057;-1.514200;-2.487614;0.788913;1.733311;2.354711;1.821266
-3.643932;0.275792;-0.464489;-4.697212;0.458991;1.932560;0.365240;0.783184
-3.145592;0.672455;0.512477;-5.781699;2.196377;0.639756;-0.946114;0.035797
-4.208134;1.108808;1.043660;-6.762378;3.495535;-1.386627;-2.072253;-0.742517
-6.218011;1.328874;-0.359527;-4.860202;1.050340;-0.262995;0.268692;-0.798570
-7.460546;-0.420580;-1.049756;-3.774144;0.250389;0.801984;0.954420;-0.287231
-4.737453;1.326173;-0.687012;-6.586597;1.752598;0.264764;-0.904507;-0.027488
-4.047653;0.448504;0.239893;-6.086547;2.350419;0.265282;-0.453239;-0.350357
-2.702165;1.081845;1.002596;-6.551526;4.075341;-1.678311;-2.046705;-0.490595
-2.902362;0.374991;0.165002;-5.367969;3.217782;-0.825180;-0.133581;0.627279
-3.749514;-2.548062;0.203900;-2.839046;1.664675;0.707122;0.623455;0.483589
-0.354022;-1.231784;0.198322;-4.943754;1.261251;1.273025;0.209862;1.345989
0.498051;1.183518;0.742433;-6.973040;1.348937;-0.687679;-0.896454;0.305301
-2.755381;2.316601;1.422472;-7.201522;0.393323;0.047060;-0.104202;1.419035
-4.338500;0.169947;1.969824;-4.947653;2.395471;0.722104;-0.317293;0.019612
-0.916679;0.941080;1.354665;-5.903825;2.272118;-0.044905;-1.637630;0.325135
-1.447902;2.186838;0.813010;-8.190547;1.659416;0.804097;-1.519885;1.622250
-2.492053;1.683216;-0.125444;-6.077272;1.170636;0.452901;-0.743360;0.271174
-3.620915;1.201200;-1.394086;-4.527375;-0.116856;1.845245;-0.269603;-0.585515
-3.851408;0.167743;-0.984443;-4.510086;0.375029;1.175910;-0.404301;0.120150
-2.746451;1.491298;-0.781630;-3.423228;0.022566;1.727531;1.372806;1.319675
-8.823202;0.668491;-0.436323;-0.282925;-0.020740;2.289172;1.525214;0.174646
-14.378816;-0.216787;0.687239;-1.593775;-2.656174;2.902485;-0.136332;-2.216546
-15.511526;0.797639;-0.181715;-3.022330;0.202128;0.114796;-1.718239;0.338258
-15.819827;-0.394263;0.179548;-3.295421;-1.038260;-1.280320;-0.582555;-0.467272
-8.599137;-1.095699;-2.056790;0.645822;-1.660502;-0.195801;1.031231;0.947072
-6.958438;-2.327621;-1.064222;0.535339;-0.300737;-3.019795;0.287306;0.162000
-7.933036;-2.157263;-0.894964;0.194103;-1.330595;-1.541940;1.259548;0.159178
-9.009204;-2.066273;0.110089;-0.320602;-0.331152;-2.156571;1.118950;1.218231
12.315069;-3.524537;13.089319;-4.092851;-5.389391;-1.584652;-2.380329;0.560150
26.681942;1.367692;10.774232;-10.401328;-8.763888;-4.683678;-3.218959;-1.198607
21.599153;1.191415;0.326310;-1.469841;-9.746889;-2.648270;2.426414;-1.213997
9.542923;-1.349288;3.009284;4.126775;-4.078347;-0.896510;-0.133720;0.392075
7.756821;-0.457206;1.633941;3.796986;-1.521933;0.919999;-0.033439;0.611001
6.524069;-3.631322;-0.894867;3.283514;0.285246;1.085318;-0.990222;-0.210248
6.474257;-4.285549;1.499755;2.996272;0.615606;2.673322;-0.886417;-0.184061
16.003584;1.297405;-2.961965;-2.690994;-5.032315;-0.144053;2.708285;-0.523807
16.302360;5.117865;-5.112311;-8.080999;-3.100618;-2.531595;1.346288;-1.225208
8.210045;-2.759849;-2.037370;-0.542708;0.028555;-4.228793;0.143989;-1.161615
3.930027;-3.331207;0.215959;1.000374;3.280995;-0.027315;-0.598831;1.225665
6.319860;-5.048758;1.850873;2.277575;2.725749;-0.679335;-0.460458;1.174562
13.477739;0.395313;2.506200;4.271226;-5.149244;-4.166679;1.819872;0.733526
10.129807;0.607867;1.715639;3.442989;-4.575169;-5.806695;1.607289;-1.541476
6.556851;1.825299;-2.829414;-4.962795;-1.074724;0.231399;1.098043;-0.247258
8.893846;3.066437;0.649093;-8.060629;-1.349581;1.033737;-0.670296;-0.515176
5.750156;-3.119104;4.199016;-1.760929;2.571004;-2.043015;-0.796532;0.425532
2.452369;-3.201444;0.214023;0.670273;1.773321;-1.070188;1.022109;0.330653
5.296028;-3.277012;0.514928;2.410071;-1.058716;-0.936818;0.837243;0.288820
7.729693;-3.340123;2.374617;2.297054;0.412552;-1.639355;-0.142167;1.767573
5.251911;-4.314258;1.969628;-0.000354;-0.259965;-0.167952;-0.468354;1.408345
13.474964;1.377932;-0.819787;-6.957395;-3.330285;-0.682983;0.954710;-1.971327
13.640301;1.619745;-3.134858;-5.693443;-3.505327;-1.484597;2.335888;-1.572648
6.036213;-3.375585;-0.228245;1.815167;1.910077;-0.775167;-0.237941;1.486861
9.565402;-5.245885;0.750163;3.395881;2.217028;-1.434739;-0.934273;0.648512
10.738075;-6.708022;1.151518;2.121667;3.879371;-0.558969;-1.845391;0.423696
5.299620;-3.225688;0.006068;0.969270;-0.503391;0.213215;-0.456025;0.621893
8.284956;1.720530;3.286366;-4.788132;-2.432527;-0.826507;-0.935732;0.613149
11.878697;1.016491;1.358391;-5.968032;-1.204842;-0.044935;-2.129269;-0.603629
9.981326;-3.372308;0.200777;0.228754;2.009329;-4.196083;-1.244285;-0.457814
4.287649;-2.167978;0.998690;0.641686;1.601911;-2.116733;-0.486999;-0.118554
10.861904;-5.288263;1.430963;1.943442;2.292562;-1.854312;-3.492986;-1.005437
9.889964;-4.837062;-1.101078;3.412158;1.440043;-0.478655;-3.130076;-0.763838
4.089945;5.490465;-2.928233;3.921558;-1.675866;1.809123;1.190428;0.316840
0.656630;11.704429;-0.709157;1.514043;-0.997641;0.218109;1.503359;-0.722471
-0.421399;2.518127;-0.401533;3.947722;-0.168941;-3.680099;0.727869;-2.206379
0.739066;-2.863304;-0.271935;1.203667;3.029671;-3.334417;-1.952288;0.701545
3.147638;-4.269371;-0.599255;1.643380;1.458767;-1.737666;0.173743;0.967666
6.671149;-5.628967;-0.321644;1.668105;3.898385;-2.039038;-0.822686;0.153108
6.799298;-2.233978;-0.655682;3.664976;1.758512;-0.745145;-0.198523;0.267317
7.393360;10.122004;0.391684;4.251261;-4.500020;1.506813;1.399216;-0.785308
5.260014;9.135499;2.254118;2.189256;-1.699647;-4.869482;1.905414;-0.362693
-1.083467;-4.151742;2.828912;0.489232;2.237137;-1.757875;0.523266;0.270680
-0.745588;-3.467068;0.967811;-0.370629;2.016831;-0.290594;1.261087;0.308939
3.055386;-4.268916;0.594844;0.874529;3.039652;-1.928304;1.548575;0.339556
1.665883;-2.762756;-0.447800;0.936412;3.237257;-2.357294;-0.975726;-0.341050
0.454059;4.807995;-0.241293;2.255886;-0.528593;0.281076;0.222778;0.605552
0.246406;12.672229;2.990349;0.985651;-2.087216;4.362906;-1.198910;-1.139195
0.491528;6.151783;2.172875;0.336001;-0.746776;-2.346274;1.792905;0.831136
1.818394;-4.620710;4.132940;1.234676;1.792452;-3.497376;-1.882023;-0.727523
0.680208;-5.040395;1.161154;0.861776;1.182880;-1.668884;-1.153031;-0.514678
-0.554671;-3.266648;-1.022707;1.529042;1.134341;0.275094;0.771054;2.237332
-3.382823;-1.707088;0.230832;0.071318;-0.074470;-1.157668;-0.086188;1.056879
3.061205;3.368972;-0.947195;-5.887625;-0.700605;-0.242079;1.817609;-0.192640
5.921168;3.653133;0.586190;-6.185250;-0.403204;-0.808999;1.243740;0.122315
-0.420693;-2.151160;1.582916;0.089822;0.116993;-1.202469;1.521200;0.441568
-0.768829;-2.984098;-0.022138;-0.372417;3.462953;-2.884602;1.535122;-0.653601
-3.518481;-3.410553;0.038505;0.028777;0.178345;-1.659214;2.042124;-1.604096
-2.948313;-3.498474;-0.000530;-0.763957;2.362134;-1.131866;1.394900;0.168954
2.865476;-4.940457;-0.724602;-1.740037;-1.197454;-1.938998;2.001579;-3.366562
10.913825;2.693246;-3.085924;-7.021873;-3.609627;0.133109;2.730147;-3.681644
12.694525;1.573005;-2.968911;-2.924646;-4.287214;-0.558142;4.899747;-1.263967
3.075622;-2.413638;1.047442;0.712704;-0.040061;0.856354;1.366652;2.264109
3.903456;-3.701577;3.518543;1.260575;1.206357;-1.049970;0.222121;1.226445
7.751284;-4.781754;4.699858;2.168398;2.354748;-1.317829;-0.260297;1.477633
2.970471;-3.637641;2.766691;1.481869;-0.169375;0.229796;-0.750473;0.879156
8.053972;-2.723451;0.866911;-2.715267;-3.158160;0.021839;0.237834;-1.455165
13.737359;1.242110;-2.791060;-5.636072;-0.876132;-0.107207;1.084206;-2.805448
9.476228;0.107783;-0.482179;-2.664321;-1.918994;-1.899038;0.346077;-0.668321
4.402341;-4.220429;1.585058;1.544927;-0.834318;0.222342;-0.486725;1.321574
2.059807;-4.045671;3.295585;1.592165;1.415979;-2.865955;-2.358462;-1.187020
-1.335141;-4.531133;1.445120;0.553025;0.333060;-0.192828;0.809814;0.479379
-0.150197;-3.030246;3.100940;0.170605;1.501972;-1.101320;0.734970;0.699541
2.724991;-1.828436;1.487300;-1.658856;-0.222669;-2.280051;2.485718;-0.043197
9.570143;2.312612;-0.382521;-6.982776;0.242633;-0.942868;1.445813;-1.445590
8.412604;2.216443;1.780055;-5.533298;0.351365;-2.204412;-0.374823;-1.460951
0.120019;-4.149657;-0.100328;-0.077675;2.311336;-3.545823;0.339877;-0.584616
-0.459859;-4.203521;-2.633465;1.630848;1.185704;-0.622272;1.917138;1.122199
0.176137;-3.812825;-0.437291;0.838082;1.302945;-0.613637;3.136309;0.151511
-1.525920;-2.788834;0.794245;0.098945;0.715015;-1.680042;2.283419;-2.124893
-2.466148;-0.461269;-0.428277;1.800353;-0.168578;-0.548641;2.818607;0.576956
3.061852;8.167814;-2.109130;0.680072;0.551313;-0.011539;1.885818;0.156805
4.501028;7.477906;-2.743624;1.094117;1.306537;0.968669;2.892941;-0.069385
1.107330;-1.626321;-0.328802;1.527203;3.836996;-1.700839;1.767370;-0.284862
-0.452377;-4.437135;3.135888;0.829307;2.421799;-1.929668;1.267434;0.615857
-1.357173;-3.825003;2.156600;0.748200;1.280849;-1.253875;0.909038;1.329573
-0.089295;-3.086037;1.042320;1.011034;1.244647;-0.975359;2.450881;0.372551
4.046995;1.789794;-2.522615;-2.280499;-1.696208;-2.537132;4.043724;-0.935678
6.939480;4.475238;-1.098458;-6.095525;1.153594;-1.591892;1.012453;-1.045969
2.803528;1.144447;1.072599;-2.210177;2.524322;-2.597680;0.086928;-0.873029
3.899460;-4.523562;1.761466;0.461630;2.230384;-1.699667;-1.222070;0.485088
4.081525;-4.331276;1.250794;1.219147;1.996645;-0.133747;-0.893439;1.975858
1.819836;-3.683425;0.152658;0.884551;2.537946;-0.809490;0.525151;1.335765
3.807485;-2.798539;-1.993226;3.215999;0.963716;-0.850545;-0.612834;0.392054
7.842465;8.870243;-2.953015;2.750673;-0.504519;2.089687;-0.684355;-1.909407
3.901159;11.449146;-0.441816;1.194975;0.792608;0.261648;0.617589;-0.546250
0.123829;-1.173696;-1.087132;1.136807;0.011148;0.238097;-0.161356;1.006052
-0.104926;-3.788626;-1.798993;1.043661;0.234780;-0.471735;0.654698;1.292655
-2.448405;-2.980195;1.048097;0.464974;-0.064760;-1.969443;1.396857;-0.376225
2.645713;-5.619422;4.168114;0.864298;1.755512;-2.375734;0.403279;-0.217455
2.680464;-2.879770;3.719377;-0.895860;1.411997;-1.181407;0.740626;-0.723390
3.713769;2.517883;1.643484;-6.301992;-0.593437;-0.617330;0.295205;1.147432
6.018224;2.511773;1.438892;-5.374538;-1.803492;0.868095;-0.303328;0.155579
3.090828;-1.862659;3.883883;-0.542916;-0.532053;-2.980582;-1.639768;0.687645
4.888991;-3.560098;0.430833;1.645958;0.022396;-0.864441;-0.827124;-0.329931
3.222229;-3.454086;0.905556;2.788339;-0.046182;-2.171960;-2.835475;-2.326959
-9.610845;-0.144200;0.265525;0.424564;-2.085173;-0.477231;0.215687;-3.734244
-15.368933;-1.106095;0.380934;-1.151755;-4.123350;-0.956671;0.677030;-4.018076
-16.728631;-0.872000;-0.275042;-1.259029;-3.218587;1.386437;-0.530739;-0.223361
-17.237995;-0.720822;-1.486958;-0.976345;-3.317683;0.406492;-1.939597;0.126731
-17.102695;-0.951045;-0.541217;-0.920498;-3.125288;-0.739694;-0.947193;-1.909916
-17.358778;-0.735962;-0.971383;-1.354349;-3.738721;0.945368;-0.829935;-0.845371
-17.510406;-0.601076;-1.548569;-1.779476;-4.099985;2.256517;0.169951;0.463297
2.738300;4.915741;-3.658744;-7.388931;-1.577280;0.435856;1.609765;-0.105615
-0.891195;4.580119;-3.171304;-4.629078;-2.232475;-0.604617;1.842590;-0.456298
-3.482113;-2.320260;-3.214799;0.397325;-1.998739;-1.250634;0.403479;0.098061
-2.574671;2.152509;-1.928316;0.947374;-0.046188;0.554290;0.455180;-0.356990
-5.791109;4.828690;-0.750180;0.288975;0.704637;-0.876101;0.354493;-1.154573
-6.534314;1.433755;-2.157214;0.981792;0.136189;-0.649834;0.939921;-0.869253
3.689067;8.074772;-3.339365;1.449020;2.005116;0.970714;2.567464;0.422026
4.738879;6.431108;-4.277459;2.263479;2.205001;-0.803894;2.852234;0.719690
-3.749397;-1.039219;-4.201147;1.108734;0.715350;-2.065552;1.769243;-0.809303
-1.961826;6.782012;-0.501135;1.489510;-1.766893;1.182158;-0.896355;-1.616347
-1.555769;9.737166;0.169390;1.000018;0.008422;1.540749;-1.013392;-2.122334
-5.217682;4.345037;-1.866856;0.060103;1.851997;-1.112059;-0.387206;-1.301258
-3.533842;7.190789;-1.427004;-0.223010;0.583516;1.190365;0.350577;-0.266358
-3.851963;10.587978;0.863426;-1.451896;2.782262;-0.361062;-0.791959;-2.341752
-2.403585;3.949032;-1.866393;-1.092867;-0.574403;-0.406492;1.937906;0.445269
0.907458;-1.988184;-3.157407;-1.310804;0.561681;0.621677;0.499090;0.016717
-0.246780;-0.730928;-1.756176;-0.858108;-1.965421;-0.070748;0.385950;-1.956281
-3.673447;2.657785;-0.544675;-1.557880;-3.444063;-0.528778;2.633080;0.759427
2.395027;7.628271;-1.316140;3.588548;-3.907290;-2.813632;3.315452;-1.410999
6.354992;10.030513;-1.081707;4.590331;-1.435927;-3.330402;1.828073;-0.690304
-0.234447;4.699832;-0.354651;2.505599;1.371644;-1.294562;0.933154;-2.058179
-6.375839;-1.902563;-1.613364;1.450705;0.938355;-1.870823;2.678242;-0.924367
-6.866540;-0.861470;-1.138038;0.384319;0.053210;-1.302833;1.328007;0.382199
-2.564059;7.051867;-0.652964;1.522624;-1.827325;-1.319188;3.272167;1.362939
0.932526;11.892228;2.252280;1.120385;0.504381;-1.014256;0.469425;-0.145368
-3.113744;5.713123;0.886671;1.949219;-1.478448;0.084232;1.030910;-0.830554
-7.774472;-1.460098;-1.694902;-0.164573;-0.233103;-1.123939;2.036720;0.067861
-4.678962;3.265395;-1.580002;0.965187;-0.574295;-2.523938;2.112403;0.728891
1.179129;11.151874;-1.832925;1.612190;0.176192;-1.294217;0.369442;0.069055
0.136187;7.371607;-2.468656;2.490499;0.368718;-2.184734;1.458171;0.161502
-7.593008;-0.839511;-0.318639;0.144285;-0.275733;-0.795351;1.712323;1.468174
-6.789516;1.571407;-1.462983;0.815198;0.430693;-2.312533;0.801464;0.552088
-1.414894;10.044593;-2.943458;1.478649;-0.674069;0.151199;-0.175073;0.207394
0.801284;8.255020;-1.598184;1.549926;0.237576;-0.780540;0.687563;-0.526909
-1.835672;-0.005434;-0.554297;-0.092792;1.124510;-1.636066;1.367211;-0.941445
-1.338169;0.252257;-3.269718;3.156173;-2.093694;-0.806956;2.642777;0.967210
6.791147;11.047813;-4.474948;3.634298;-2.316053;-0.262620;2.275603;1.538300
4.516435;11.275821;-4.489545;3.437088;-2.071088;-1.158876;4.785254;0.248369
-6.289754;-1.490199;-1.686167;0.149947;-0.851224;-1.274438;2.622678;-1.611252
-7.214951;-2.111332;-1.263539;0.367258;-0.255042;-2.372187;0.617186;-0.464511
-2.153338;5.837231;-1.392905;0.430648;0.822229;-0.338959;1.107302;2.179631
-0.409562;9.236655;-0.657354;0.497369;2.107469;0.462837;-1.324298;-0.125794
8.321792;5.975909;-0.652067;-2.535142;-5.815037;-2.125962;5.912281;3.409863
4.938975;5.630313;-0.013749;-8.294284;-3.726908;-1.408693;1.613251;-0.507128
-7.728624;-0.775453;-1.475125;-0.211901;-3.281660;-1.716097;2.096053;1.545538
-12.647797;0.374098;-0.391276;-0.052827;-3.612104;0.850093;-0.027303;0.746900
-15.636177;-0.022782;-1.488668;-0.104791;-4.414374;2.645379;1.242381;-2.531284
-16.573009;-1.957328;0.367036;-0.333117;-4.928536;0.978361;-0.307129;-5.499100
-14.477810;1.644632;1.327276;-5.339202;1.138517;-0.246249;-0.785456;-1.781182
-14.349500;1.206009;0.734138;-4.828414;1.099496;-0.385249;1.104897;0.539676
-15.838969;-0.441186;0.229003;-2.043917;-0.734894;-0.447897;-0.149194;0.713519
-17.451857;-1.348436;-0.459702;-0.304228;-5.535321;1.884126;-1.435990;-0.258956
-17.985066;-1.344003;-1.092178;-0.016876;-6.756975;3.672310;-2.298318;-4.625077
-0.082336;-3.468808;2.575681;1.220131;-3.316113;-0.554540;0.523346;-0.333441
1.787667;-1.718480;4.151261;1.707184;-2.167218;-0.978804;0.421802;0.887944
-3.420310;5.262283;2.610359;1.558161;-1.977447;1.429535;0.034829;1.186068
-1.414126;5.482594;3.023224;1.290032;1.121642;-0.016274;-0.672325;0.160440
-1.487820;1.761296;2.743907;0.700431;2.234531;-0.184981;0.202819;1.787754
-3.869074;-2.382370;1.098489;0.786131;-1.787662;-0.954488;0.528435;0.068290
-0.493478;-2.671884;1.897018;1.909134;-4.699422;-2.807229;-0.429932;0.237685
4.390967;-5.618475;2.902793;3.035831;-3.542717;-2.348251;-1.044665;-0.207999
3.944239;-6.125672;1.952365;1.804388;-0.401298;0.165790;1.209717;0.054628
0.263577;-3.451377;1.599223;0.729494;-1.428547;-1.369141;1.816450;-0.515368
0.465166;-1.296371;2.961919;2.733466;-1.361588;-1.629071;1.701891;0.705936
2.117347;2.071265;1.282338;3.055321;-0.754736;2.214414;0.595992;-0.072027
0.562178;5.061804;-0.037254;2.991528;3.911925;0.613013;-3.377028;-3.126800
-1.564571;2.788508;-0.512032;2.344731;-0.507380;0.085211;-0.185628;0.860075
-4.562067;-0.426582;1.916187;1.885674;-2.603369;-0.882729;0.884945;-0.510088
-2.910915;-3.184465;1.731059;-0.100484;-0.912548;-1.458692;1.984884;-0.549604
-0.505850;-2.179676;1.619109;-0.127650;-2.596460;-0.243194;-0.298464;-0.102933
1.245795;-2.824203;2.672194;1.122740;-2.626670;0.276127;0.924565;1.391056
3.720599;-4.049900;2.698769;1.692586;-0.221613;-1.092984;1.702261;1.407668
6.193282;-5.281623;0.775660;2.694677;-1.436978;-0.372214;1.544766;-1.532960
3.571348;-3.264400;2.621759;3.084309;-2.533709;-0.338693;0.337130;-3.054396
2.607030;4.943510;1.952937;2.043728;1.176362;0.926903;0.617149;0.024803
-0.195164;5.331267;-0.216580;1.535559;1.158729;0.979499;1.633435;0.364263
0.117206;-2.625425;0.534290;2.635004;-2.298618;1.033820;-0.266123;-0.067470
1.729878;-3.488730;1.289100;2.485613;-1.875217;1.377755;0.304084;0.309338
1.869305;-2.206462;2.504613;2.026851;-1.241030;-0.665817;4.004159;0.208963
5.095377;-3.762754;1.746124;1.367928;-0.263211;-2.022688;2.548650;-2.208838
7.587202;-5.525603;0.944075;2.744892;-0.478432;0.425165;3.029435;-0.054132
6.902584;-3.465874;2.298807;2.364468;-1.003724;1.162782;2.022506;0.219718
3.500816;-0.605472;4.189827;2.834623;-0.942850;-0.149294;1.136160;-0.263771
-0.180369;6.169306;1.653957;3.256588;0.721038;2.824160;-1.408117;-3.226657
-3.918982;5.959085;-0.195693;0.570165;-0.643557;0.933753;2.334992;0.070552
-3.849012;-1.297221;1.738796;-0.688658;-1.201210;-0.337323;0.659694;0.424629
6.436093;-6.233659;3.144989;2.248608;-1.362131;2.442798;0.149981;0.813869
6.343421;-4.803977;2.501705;2.696183;-2.196554;3.478803;-0.061709;-0.956109
2.389028;-3.043182;-0.282914;1.945988;-1.653652;-0.786699;2.451723;-0.067168
5.767784;-3.163095;1.333174;1.322533;-2.268887;0.383377;1.076568;1.031878
4.640677;-3.587720;4.206546;1.976072;-1.572489;2.282956;0.800893;0.695621
1.797311;-0.532251;2.261287;2.678143;-1.772486;2.743651;-0.149287;1.662806
2.994028;6.841775;-2.010872;4.120904;-1.830837;5.003599;1.520031;-2.706566
2.458937;6.776674;-0.621951;1.706447;-0.998628;1.871526;4.609524;-1.258537
4.693412;-3.863557;2.393489;1.832542;-0.049486;-0.958830;0.642293;-2.267297
9.492909;-6.601723;2.318865;3.333772;-0.773071;3.401459;2.164457;2.147035
7.523208;-2.668437;3.718877;1.833088;-0.343991;3.689822;1.879295;1.149313
3.214544;-2.900793;1.275412;1.493893;-3.035224;2.384981;1.674166;0.026979
8.192660;-7.633175;0.810183;3.569839;-1.594152;2.591767;-0.279460;0.996088
7.030457;-4.420491;2.201501;2.749647;-2.835925;3.062543;-1.286940;-0.025801
3.529735;-2.005685;0.862445;0.360010;-3.095198;0.736530;-3.039349;1.575325
7.879012;-3.750538;-2.098484;-1.523317;0.515897;1.057432;-3.849917;1.204887
5.992348;-1.332467;-3.607628;-5.148205;-0.316623;1.869964;-1.775991;0.075111
3.716554;-2.254388;-5.235498;-1.544960;1.260503;-0.004143;-0.986476;0.366247
1.330542;-4.541185;-2.283088;1.268770;1.173029;0.502554;0.334528;0.656993
-2.242170;-3.101352;-1.089502;0.153877;-0.424974;0.058209;0.768175;-0.774758
1.146595;-3.390202;0.210896;0.369419;-0.660103;2.150247;0.260034;0.933226
2.199067;-2.660566;2.524557;1.462966;-0.902904;1.942180;0.090372;0.079447
-0.411746;-2.019743;0.675304;-0.241013;-0.372048;-0.337092;1.021847;0.400523
5.867916;-5.284205;0.128016;1.326473;0.154719;2.668619;0.214407;0.528353
7.066067;-4.731839;1.257011;1.662981;-1.948714;2.114076;-0.233818;0.381621
1.734932;-1.293538;-2.332243;-2.374756;-1.646809;0.788904;-0.752845;0.076775
1.447749;-1.275646;-4.441883;-4.164736;-0.437886;3.027942;-1.242410;2.060149
0.387406;-1.688645;-3.341090;-1.904942;-1.556405;-0.768251;-1.343291;1.961830
2.054867;-3.896105;1.375593;0.389785;-0.798785;-1.109439;-1.471809;0.906044
2.731011;-3.677174;4.230216;1.515227;-0.336069;-1.366274;-0.762653;0.764329
1.524809;-2.752098;2.279338;1.684027;-1.704445;2.479137;-0.669687;-0.427586
1.786800;-4.369142;1.301518;0.764923;0.511596;2.353813;-0.264086;0.087777
0.502745;-3.288762;3.151175;1.254289;0.046300;1.229318;-0.463813;0.721162
-2.179884;-1.619895;1.438802;1.222957;-2.939847;1.092563;-0.964370;-0.189259
2.893272;-2.930078;-2.940976;0.028956;-3.059872;0.866264;0.804985;0.086764
3.827939;-2.445575;-3.846195;-1.050703;-2.850313;1.390826;1.200250;2.104641
2.548553;0.237356;-0.766691;-3.693467;-2.376854;-0.356436;-0.549101;0.494776
5.157513;-3.072525;1.140255;-1.970023;-2.128115;1.313026;1.246356;1.148525
4.679623;-3.761086;2.922140;0.922657;-3.958434;-2.285152;-0.335089;0.824891
7.952426;-4.002721;1.951566;1.209563;-2.169440;-1.658125;-0.516011;0.977237
5.357036;-5.066717;2.908491;2.420334;-0.098666;0.703519;0.989378;-0.570889
1.437461;-2.974005;1.044378;1.720735;-0.645448;0.964393;3.316471;0.945858
2.862626;-2.994473;0.060497;0.889284;-0.144561;1.256568;1.375171;-0.557457
2.703192;-4.294372;1.979351;1.733779;0.656091;2.457843;1.935334;0.397594
-0.757108;-2.182326;0.762492;0.352869;0.109669;2.105358;0.227498;-1.021853
2.936273;-1.664626;-1.339880;-2.775901;-0.705345;2.037697;0.678022;-0.996298
4.253720;-0.155809;-1.087947;-5.698013;0.342708;-0.782589;-0.425882;-0.489606
-0.528769;-0.608142;-1.870682;-3.914433;-0.990325;0.458365;-0.275841;-0.014840
-2.056483;-3.408151;0.544966;-1.185587;-0.981112;0.624002;1.886253;0.265657
-1.638694;-3.607802;2.826064;0.527551;-0.829797;-0.261128;2.542710;0.193658
1.436429;-3.273732;1.781189;-0.562995;1.244418;0.132631;1.439075;-0.549032
4.222305;-4.950261;3.010190;1.189917;1.974394;1.080689;1.559001;0.713710
4.361885;-3.778132;1.394384;1.256718;1.015935;4.513685;0.607811;0.565464
3.797074;-3.385918;-0.032511;0.481115;0.954341;3.349824;0.819565;0.683198
1.369182;-5.150572;0.563230;0.731092;-0.004678;0.908864;-0.402075;-0.286599
2.952454;-2.805516;-0.548732;-1.846713;-1.161002;2.303531;0.741490;0.807534
7.736087;-1.210517;-1.681995;-5.011839;-0.632919;3.367877;-0.253574;0.522316
9.342816;-4.851508;0.583287;-2.181358;1.040235;0.969100;0.874055;0.584598
2.634945;-5.340194;3.086294;1.090607;-0.379312;0.222914;1.381459;0.027402
1.753559;-3.237264;2.270765;0.337107;0.943939;0.662651;0.777805;-1.227339
1.839128;-4.441800;3.219949;1.441473;0.833766;0.658575;2.659423;1.108616
1.030321;-2.919955;2.706439;1.062006;-0.072125;0.207282;2.673479;0.476712
2.938539;-2.841898;1.664862;0.356364;0.250815;0.450528;2.005731;-1.197545
4.893680;-4.615699;3.704149;1.793372;-0.535204;1.823202;2.589840;1.114571
3.599702;-3.414591;2.610365;0.485289;-1.028378;1.745464;2.024893;0.256445
3.850486;-1.183986;-2.742067;-3.835839;-0.868975;3.018799;-0.502448;-0.983674
5.650698;-3.174230;-2.568801;-3.165357;0.101353;1.484944;-0.552882;-0.729239
4.135507;-3.447365;-1.173784;-1.550198;-2.114044;0.767601;1.973413;0.258629
3.817469;-2.875903;1.061459;-0.098727;-2.288831;-0.138323;1.110557;-0.801688
2.063390;-3.550763;3.849656;2.567098;-2.084071;-0.919401;2.107004;-1.139656
1.511483;-2.984221;2.621721;1.339140;0.061853;0.898937;2.764664;1.002361
2.587366;-4.588837;3.348708;0.588523;1.286474;-0.816746;0.752431;-1.915734
2.414373;-5.737037;4.689490;2.876517;-0.764683;0.022544;1.539764;-1.231485
0.122945;-3.615801;1.984232;1.544567;-0.752876;0.577564;0.853301;-0.912249
-0.804318;-1.669752;-2.242585;-1.680100;-2.647458;0.871952;0.675074;-1.049807
0.051345;-3.206661;-2.026200;-1.265162;-1.762682;1.673783;0.497227;0.633529
1.987781;-4.739179;-1.418668;0.149993;-1.296383;-0.652809;-0.679080;0.518560
3.361880;-2.863969;-4.251851;-0.406335;-0.242102;-1.604462;-0.540843;0.433578
1.503952;-3.383634;-4.151129;-0.510760;-1.216107;1.136708;1.130257;1.512925
0.003479;-3.677325;-5.560561;-0.790622;-0.204195;-0.283915;-0.805004;-0.235499
2.570801;-2.366396;-5.475309;-2.830166;-1.220730;0.302891;-1.020493;0.097783
3.783151;-1.858945;-0.791699;-0.793429;-2.078170;1.238414;0.071240;0.658853
-0.964004;0.294764;4.675201;1.637585;-2.708469;-1.682175;-0.106829;0.383839
-5.570638;4.002806;2.582962;2.030443;-1.093241;0.489601;-1.888000;0.195278
-10.693710;0.584164;0.125127;2.652961;-3.592859;1.426357;0.442269;-7.004748
-14.528447;-0.278365;0.351154;-3.338377;-0.485209;1.819736;0.178288;-1.851249
-16.861391;-0.962466;-0.136093;-0.874884;-2.590369;-0.357408;-0.188274;-1.198572
-16.340254;-0.831590;0.770701;-1.828959;-1.264107;-2.072607;-2.524621;-0.072668
-16.315661;-2.287346;-0.175143;-0.863674;-0.600902;-2.302068;-0.402456;0.666228
-16.452295;-1.653748;-0.369922;-1.225395;-1.353215;-1.627368;-0.323534;0.460114
-16.115226;0.712498;0.143114;-3.120954;0.326024;-0.475897;-1.595771;-0.976926
-16.101880;1.255089;0.560696;-4.046661;0.299266;0.635017;-0.904294;-0.601536
-2.645028;-2.197728;2.974838;-0.512316;-0.806108;-1.600075;1.222355;-0.369313
-1.678692;-1.342932;3.367970;2.193723;-2.446820;-0.357479;2.144475;0.812669
2.739563;8.398882;4.419630;1.960291;0.616554;-1.161978;0.116236;1.479819
4.648163;7.130393;-0.149327;3.040668;1.249241;1.678016;1.848767;-0.596354
7.810879;-3.265863;-0.987745;3.368660;2.988845;0.785053;0.934843;-0.431047
7.756145;-5.336036;1.872474;1.556734;0.499876;2.440727;1.333348;0.865973
6.666938;-2.297596;-0.509321;-1.015346;0.566857;2.716154;0.444758;1.123523
6.253571;0.512546;-4.135064;-3.487510;-0.231285;3.035587;-1.978786;-1.681352
2.850167;1.926182;-1.864841;-5.848007;-0.933635;1.748417;-2.587566;-0.732366
6.171491;-4.591528;0.315683;0.446196;1.216420;-0.224951;-0.132018;1.312088
7.233293;-2.754739;0.040924;2.303164;-0.400135;2.347842;0.806925;1.876296
5.424049;3.035563;1.722743;2.674437;-0.766190;2.807714;0.476900;0.229128
4.113922;7.404520;2.456697;1.564610;1.928568;0.508934;-0.785917;0.784517
6.940198;0.498299;-0.042461;1.276664;0.890694;1.589541;3.052896;1.392312
7.011433;-5.205977;1.417175;0.761916;1.012276;0.192110;0.867378;-1.491643
7.552976;-4.709436;-0.112049;0.795154;2.614845;1.989052;2.165127;-0.230285
11.282709;0.213918;0.871424;-2.177469;-0.407883;-0.951662;2.945985;1.030831
8.302830;4.919275;1.083852;-7.677482;-2.070875;-1.904181;0.688464;0.416985
9.676403;-2.672127;1.585078;-1.304444;-0.568018;-1.090001;3.197274;0.000873
7.846205;-2.009024;1.145040;0.986598;1.351076;0.156394;2.047773;-0.101387
3.542409;-1.358522;-0.950651;3.362250;-1.349026;-0.364223;2.941569;0.317413
6.609732;7.312271;0.504730;3.880497;-0.506510;-0.091934;1.659310;1.121039
6.025766;6.644352;-0.135473;2.630591;2.041652;-0.534910;2.535730;0.867598
6.503531;-2.853754;0.059102;1.846511;2.869423;-0.480340;2.699798;-0.183351
7.708974;-2.037428;0.878221;1.415314;2.643886;0.614052;2.383132;-0.396232
1.236545;-2.444021;2.202023;-0.016403;2.927952;-0.506493;1.030354;-1.581556
13.609066;-2.010650;-0.342738;-3.152281;-8.461923;-3.263285;3.338315;-6.449876
17.393773;-1.743098;-1.984625;-4.720915;-6.255500;-3.745848;1.282294;-5.888048
3.543121;-2.411288;0.575176;-2.400838;-1.099369;-0.589904;0.286695;-0.440481
1.436460;-4.482055;-2.359441;-0.498661;2.823997;0.366000;1.896292;-1.256605
3.342628;-0.915005;-2.234639;0.741549;1.703376;0.247391;0.880738;0.181908
-0.144624;-0.877062;0.142600;2.351664;-0.422425;-2.761433;2.517278;-0.719093
1.068797;6.356265;-0.624637;2.611746;2.098806;0.089579;3.946659;-0.552273
1.344279;6.422303;-0.287564;2.635900;2.555258;0.388220;1.927253;-1.613607
0.403376;-0.829878;-0.021477;0.586955;1.905541;-1.092583;1.461982;-0.213442
4.363026;-0.756646;-1.781679;1.174090;2.256715;-3.046539;3.215842;-1.713210
3.780888;-1.024980;-0.875931;1.320824;1.855785;-1.475701;2.774719;-2.150370
8.184018;-3.503823;-2.365798;-2.307219;-0.331174;-1.547186;3.409847;-2.442446
11.358102;0.794221;-3.181420;-5.041189;-1.828302;-0.249819;1.470069;-1.525503
6.430657;1.473904;-0.414951;-4.577069;-2.626308;0.219157;1.743741;-0.244795
4.095149;-3.750209;1.967409;-0.361897;1.200771;0.599686;1.933873;0.825261
5.938260;-2.766124;3.130564;1.541080;0.298493;0.323967;-0.619984;-0.977947
4.211490;-1.719186;0.453548;1.864474;-0.760556;1.690679;0.553506;-0.518147
5.848431;7.319276;-3.337601;2.840124;-0.678343;0.192611;3.933722;1.238730
4.120033;9.836685;-0.934107;1.569683;2.815724;-0.826986;1.970052;-1.490424
3.130964;0.908495;2.102531;1.132347;2.325604;0.079332;1.224165;0.332130
5.078234;-0.867784;0.099622;0.351543;1.680716;0.810516;3.586632;0.796336
4.919945;-1.236413;0.846865;0.044126;0.728771;-0.784804;1.665221;0.629028
5.184092;-3.325192;3.505988;1.011431;0.456634;-0.490342;-0.296921;1.381814
21.829638;-0.190797;-0.930178;-4.627382;-6.512344;-0.755105;3.865007;-1.819095
23.889156;0.127086;-1.651704;-5.629794;-5.309289;-1.767334;0.245889;-3.977654
9.106697;-4.779268;-1.534129;2.300386;1.694256;1.355618;2.856937;-0.028868
7.878127;-3.536457;-1.755695;0.451293;2.618174;0.137990;2.307380;-1.213534
4.806996;-4.053998;1.124164;0.850934;2.420464;1.523611;1.308026;0.413985
5.639498;3.173450;-0.869524;1.933002;1.461259;-0.483986;1.950512;0.890807
5.189068;5.078816;-0.034307;2.333496;3.510258;-2.239025;1.900453;0.162778
2.620433;1.165571;2.624436;2.821040;2.962173;-0.083358;0.484468;1.439551
0.966747;-4.385453;-1.381473;0.827611;2.885722;0.352627;2.456956;-0.257338
3.009409;-4.259656;0.164729;-0.793464;5.709763;-2.143758;-0.213046;-2.041028
4.357971;-3.348051;1.887074;-0.618067;3.627146;-2.084426;-0.298736;0.072018
-0.248891;-1.830201;-0.023148;-3.812746;1.992128;-0.397440;-0.889292;-0.329695
-8.678172;-1.780330;-1.993085;-3.170610;-0.662394;0.903348;1.785862;-2.210676
-14.853383;-0.829360;-0.410865;-0.444597;-0.985110;-0.634520;1.189482;-4.507819
-16.965957;-1.614173;-0.882973;-1.120844;-3.537118;-0.404143;-0.402932;-1.017158
-16.665524;-0.537900;-0.532870;-1.906970;-1.602383;0.370760;-0.455585;0.888681
-16.499521;-0.138755;0.345464;-2.233351;-0.789851;-0.297917;-1.017808;-0.604663
-2.562906;-1.202782;-1.694546;0.359109;-3.545605;-1.451604;0.795887;1.489187
-4.044176;3.514234;-1.598277;0.835626;-0.622101;1.638850;-1.131603;1.133598
-5.494198;5.552774;0.094977;0.063888;0.796734;-1.070236;-2.893065;0.677796
-4.104597;1.126002;-1.571245;1.436414;0.420815;-1.555742;-1.002969;0.777040
-2.009014;1.962395;-0.534875;2.793403;-1.742271;-0.552484;-0.187257;1.423318
-4.493585;0.620404;-1.764950;3.350297;-4.096310;0.330031;-0.878563;-0.090395
-4.288625;0.219438;-0.872188;1.404769;-3.245986;-1.899125;0.508652;1.068004
-4.253394;0.967616;-0.928966;2.197245;-3.652611;-1.278589;0.584652;1.048609
-6.050107;-0.796914;-1.048158;1.624041;-3.824105;-2.220276;-0.354097;1.048412
-5.140019;-0.414497;-2.290216;-0.038160;-1.631210;-1.255640;-0.865523;0.831714
-5.160835;0.912550;-1.112252;2.628715;-3.722080;-1.638053;-1.124410;0.421445
-4.662209;4.738775;-0.075837;2.256032;-7.199532;-1.002456;0.620504;1.696666
-3.309950;4.647939;-1.938005;2.648639;-6.690777;-0.751514;1.458695;2.987689
-3.260101;4.109766;-1.668401;2.104351;-2.562156;-1.635756;-0.307710;2.305783
-2.558486;1.919783;-2.539512;2.081642;-2.799530;-1.024672;0.217946;2.126452
-2.528782;1.080282;-2.045345;-0.414582;-3.172986;-2.062175;0.447356;2.190489
2.976639;2.377891;-1.779704;2.459977;-6.267072;-4.382197;3.409251;1.338828
2.935808;2.311979;-3.839394;3.856328;-6.804932;-2.033376;2.972120;-0.774991
-3.042538;-0.597293;-5.191312;2.060413;-3.089552;-0.849909;0.706790;2.088247
-3.454805;-0.693387;-3.914862;1.582334;-3.163692;-0.060891;0.349196;2.045889
-3.686870;2.483554;-1.824943;1.578228;0.444991;0.178582;-2.031230;1.737586
-2.650671;5.274981;0.097148;1.541300;2.167702;-1.032398;-2.515619;0.069550
-2.101620;2.725775;-2.509266;2.383829;-3.088656;-1.589897;0.086316;0.746724
-2.273947;-0.423203;-2.563200;1.683038;-2.420532;-2.937376;-1.456519;2.910289
-2.283802;-0.696185;-2.579286;2.781803;-2.435352;-2.683309;-0.523491;2.750718
-2.003864;0.960292;-4.052823;2.798719;-3.659820;-0.677460;-0.542517;2.421396
-0.898598;0.788112;-5.773878;2.729208;-4.511831;-3.425584;0.039028;2.977079
-2.174032;-0.032324;-4.342652;1.616701;-4.107344;-3.532459;0.256126;1.362564
-1.479315;-0.527163;-3.947985;2.793497;-1.802010;-2.357885;0.986852;1.727436
1.760995;5.892718;-2.631126;3.047929;-0.745357;-0.655323;0.260835;-0.660451
-0.536690;6.127883;-2.040246;2.110919;-0.744488;-0.720563;1.299711;0.624472
-7.137766;0.333080;-1.600577;0.704722;-0.816069;-1.081939;0.204405;0.211878
-6.323520;-2.159019;-4.789403;1.800783;-1.314509;-0.652830;1.269539;0.343945
-2.128876;-1.527047;-6.221899;2.074987;1.226699;-0.127565;0.153181;1.718510
-2.061935;-0.246626;-5.781444;2.434730;-0.059713;-0.277353;0.719704;1.032042
-5.106314;0.080828;-4.240343;1.907107;-0.383335;-2.184945;-0.296973;0.057426
-3.653620;1.362439;-2.094608;2.089209;-2.533173;-1.040313;0.400295;-1.129473
-1.570463;4.207759;-0.907310;2.133519;-1.254977;-0.703430;-0.661175;-1.417865
-2.697992;3.521187;-1.717409;2.015910;0.541313;0.607368;-1.583613;1.164072
-0.626274;-0.752096;-2.968386;2.362430;-4.228374;-2.371083;-0.212993;0.862266
1.800302;0.018623;-2.273726;1.727909;-2.812085;-2.561413;-0.935134;3.260586
-2.011189;-0.681424;-3.882403;2.173540;-0.936471;-1.232850;0.071637;0.801885
-3.354764;0.513652;-3.501851;3.034371;-2.489398;-1.541781;2.022511;1.494083
-1.139502;2.145232;-3.696106;2.805375;-3.929593;-2.408426;2.292251;1.887404
0.576714;3.302111;-3.244480;2.851311;-2.510280;-2.322067;0.660797;2.167367
-0.989537;4.702694;-0.762111;2.553800;0.242333;-0.429697;-1.025744;2.080189
-4.263417;2.401886;-1.769007;1.827836;-1.169507;-0.187541;0.022784;0.441365
-6.176612;-2.048342;-5.247505;2.136219;-2.924829;-0.000340;-0.494370;1.602869
-6.972023;-1.119228;-4.677115;0.824021;-1.927076;1.134062;0.057244;0.009932
-3.827660;-1.157199;-4.641540;-0.005602;-2.490099;-0.300457;-0.299368;1.591917
-1.311018;0.549117;-3.524779;2.670206;-2.461599;-0.219293;-0.752405;1.506678
-2.442427;4.378384;-1.113864;1.034659;1.549908;1.771347;-1.435343;0.421247
-4.560546;3.181698;-0.357106;0.999817;-0.100500;0.736117;-0.760827;0.595379
-1.397423;1.571177;-0.106542;2.536779;-2.691077;-1.603201;0.771915;2.125276
-0.035247;0.252791;-2.488558;3.479304;-2.646677;-1.383465;-0.337694;3.193776
-1.525277;-0.255670;-4.659693;2.965638;-1.605467;-2.064662;-0.365051;3.386739
-2.810364;-0.824078;-5.826299;2.242848;-2.900974;-1.525043;-0.979010;2.246674
-2.727181;-0.974471;-5.769098;2.589399;-2.726648;-1.203231;-1.028672;1.878750
-2.912470;3.458659;-1.818513;1.608484;-0.987321;1.288108;-2.853013;-1.823170
-3.584817;5.821775;0.003604;1.569527;-0.321438;-0.307271;-1.386871;-1.369697
-4.148328;3.176231;-2.339699;2.594695;-1.563310;-0.601444;-1.156312;0.797856
-6.178183;-0.253360;-3.667847;1.575707;-1.696723;0.122330;-1.376234;1.628722
-4.124144;-0.370064;-3.996878;1.416725;-0.221244;-2.313256;-0.820673;2.140247
-3.425181;0.487965;-4.625998;1.716317;0.124955;-0.895838;0.689865;1.715151
-3.117288;0.984560;-4.328216;2.729507;-0.529919;0.096092;-0.656861;-0.619041
-0.053328;3.420142;-3.704912;2.747052;0.580379;-1.164385;0.471389;-0.461640
-1.171385;2.397245;-2.609452;3.810872;-1.400251;0.466414;0.910739;-1.016044
-3.182152;-0.809433;-2.119221;3.375933;0.078124;-1.303024;-1.909910;-2.377381
-1.501262;-1.586143;-5.218976;3.114132;-0.235195;-3.252626;0.674414;-0.059044
-1.597540;-0.580640;-6.187177;3.380998;-1.591937;-2.135168;-1.009569;-0.403888
-1.987719;0.695880;-5.088042;2.803521;-1.451181;-1.610812;-0.914281;1.840106
-1.435437;1.685935;-5.251378;2.978891;-0.980027;-2.527583;0.103884;2.036641
-1.601551;1.865255;-4.287444;2.675081;-2.388735;-1.146405;0.410551;1.380470
-1.063303;2.008739;-1.736354;2.231421;-1.533933;-0.657103;-0.865821;1.670958
-1.396114;1.754836;-1.532900;2.255498;1.246687;-2.413927;-1.627001;0.706237
-3.345551;-1.701630;-3.528142;2.484927;0.177034;-2.617140;-1.464060;0.445367
-1.533315;-1.837517;-5.583640;2.793198;-0.241280;-1.467325;-0.828211;2.479536
1.664181;-0.497356;-5.863536;4.112688;-2.253846;-1.481519;-0.572136;1.223671
2.141118;-1.074917;-5.962641;4.313162;-2.085960;-0.401384;-1.419723;-1.059695
1.180448;0.279138;-3.916899;3.192184;1.566013;-0.400812;-2.640641;-2.366242
-1.402761;2.374571;-2.062596;2.797096;2.074707;-1.461162;-1.527379;-0.557688
-1.917881;1.037898;-4.263993;3.702399;-0.776915;-0.855865;-1.256539;0.231637
0.158462;0.363480;-7.782606;3.677740;-2.658920;-1.253870;0.205273;1.280215
-0.623234;-0.551423;-7.716404;3.530711;-3.039052;-1.243131;-0.355143;1.093681
-5.796220;-1.182098;-4.263249;3.105879;-5.565071;1.329717;-1.540602;-0.506937
-3.082065;2.617631;-4.586702;3.212656;-3.812293;-0.793520;-0.845679;0.629847
0.799327;5.797880;-2.626599;3.075698;-0.760605;-2.207538;-1.451262;0.569283
-1.932368;5.640254;-0.316577;2.522859;-0.989355;-1.394438;-0.654887;-0.582427
-2.557079;1.879407;-3.398919;2.811880;-1.924796;-1.376790;0.571858;1.685459
-1.229801;-0.056690;-4.475818;2.030853;-0.662792;-2.900078;0.350405;2.214344
-1.548111;-0.878106;-4.935383;2.070589;-1.331656;-2.063579;0.357423;1.671466
-1.709967;-0.092130;-4.576236;2.764249;-0.661679;-2.752936;-1.689244;-0.923544
-1.572626;3.916676;-2.368837;2.584800;-1.169405;-2.035076;-1.879555;0.018252
-2.672628;4.712991;-0.684796;2.189042;-0.235619;-0.379329;-0.658262;-0.019156
-4.401921;3.030920;-0.203552;1.183077;1.922528;-0.952368;-1.085173;-0.759952
-3.840106;0.322672;-2.971148;1.776957;-1.316180;-0.917539;0.037841;1.113093
-4.241494;-0.797084;-5.384159;2.343528;-3.423764;-0.486484;1.211138;3.394725
-3.994579;-0.777344;-4.275975;2.447346;-0.485721;-2.041333;0.100110;0.081773
-1.318661;4.449153;-2.737932;4.557312;-1.843523;0.832380;0.090708;-3.754093
1.562180;5.093586;-2.465457;4.976065;-2.678184;-1.156050;1.552677;0.239404
-0.595217;1.772226;-3.136375;4.562967;-0.632182;-4.713170;-0.113531;-1.668732
-1.436470;-0.468348;-6.558096;3.475257;-2.150757;-2.758591;0.821089;-0.643766
-0.940562;-1.130912;-5.850214;2.884223;-1.822554;-4.494639;-0.075776;0.504049
0.860877;-1.373106;-7.768052;4.431631;-2.008745;-2.353446;-1.301500;-0.740754
2.786688;0.959927;-7.446448;4.863668;-2.682082;-1.528407;-0.000764;0.681479
5.123955;3.477020;-3.141515;5.609319;0.667025;-1.851153;-2.094715;0.720824
4.905789;4.148992;-0.995193;5.080979;0.006776;0.175783;-2.159670;1.192796
1.200073;0.333259;-4.646811;3.586160;-1.158597;0.070660;-0.761313;1.520287
2.639208;-0.054160;-7.750328;3.390581;-2.066273;-3.232962;0.708579;1.644923
1.002768;-0.081084;-6.898409;4.245706;-3.693870;-2.763508;0.223920;0.689267
-1.687720;2.922977;-3.197636;2.133515;0.250357;-0.332398;-0.674266;0.897682
1.404808;6.951538;-2.195134;3.223833;-0.381379;-2.771455;1.202038;-1.286135
2.726210;4.711871;-3.930536;4.456838;-1.265537;-2.620085;0.018185;0.197003
-0.427548;0.419135;-6.488403;3.870427;-1.319175;-2.774717;-1.008544;1.402733
-1.103515;-0.657399;-5.070930;1.986102;-2.677225;-2.828621;0.150111;0.035897
-0.515233;2.504396;-2.719249;2.014773;-2.717610;-3.053700;1.856408;1.736826
-3.749198;2.070054;-2.355420;3.431889;-4.230977;-1.423794;1.034483;-0.480673
-10.305418;-1.342072;-2.046621;-0.102049;-4.511099;1.188352;0.312048;-2.198553
-16.253505;-1.259453;-1.003867;-0.357810;-9.156148;4.283836;0.466694;-10.727531
-17.074887;-0.081702;-0.898012;-1.337363;-3.962314;1.013996;-0.818100;-3.229347
-16.048535;0.899434;0.248657;-2.705845;-0.364199;-1.060979;-2.257697;-0.791993
-15.734757;0.206165;0.398234;-3.439109;-0.424385;-0.731431;0.120689;0.473619
-16.796592;-0.106790;-1.207221;-0.855034;-1.407304;-1.420470;-1.124584;-2.241301
-1.692574;4.381057;-0.873376;3.618034;1.527826;-0.880363;-1.797767;-0.939477
3.546670;10.967102;-0.125113;4.187544;0.692680;0.215333;-3.911066;-2.195417
0.993658;8.103928;-0.230690;3.462079;-2.946400;-1.081883;2.288838;0.048711
-4.691826;3.654450;-1.003426;2.212891;-4.257121;-0.398117;0.955256;1.692094
-2.062353;8.149998;1.979163;1.645942;1.481089;-1.321737;-2.189039;-0.876898
-2.735958;5.900924;-0.188848;2.523371;2.407633;-2.604073;-3.028565;-1.356163
-3.376010;5.461610;-2.106849;1.533220;1.919744;-0.820763;-2.288185;0.230352
2.590370;9.142273;-1.804752;3.406816;0.295245;-0.021745;-1.656882;-0.392978
2.256237;5.620297;-3.613653;3.841600;-1.670088;1.445018;1.285228;0.647408
5.769616;8.260053;-0.732533;3.371730;-1.508574;0.023081;0.653907;1.251589
8.445426;8.503139;-1.829687;4.361376;-2.235648;-0.287914;-0.091452;2.053491
10.429977;0.375055;-4.806299;1.985163;-4.764886;-5.424286;1.565460;0.348814
11.031101;5.084367;-2.518377;-4.269207;-5.338086;-3.974504;-2.128739;-2.293462
5.510253;1.687580;-3.417809;-4.021550;-2.494637;-2.403322;-2.185369;1.387363
7.540487;-0.723751;-2.949099;-2.408726;-3.280542;-2.141658;-2.058853;1.577972
17.613337;1.877511;-1.382488;-4.084746;-6.478358;-3.263294;-2.504464;1.555163
16.571836;0.446031;-1.934244;-3.297068;-5.830134;-3.681143;-2.014323;1.131316
11.256954;0.934961;-4.091023;-4.885590;-2.058974;-1.958811;-3.326245;0.974066
10.625265;-0.564180;-5.742257;-2.511807;-2.286855;-1.687374;-3.413101;2.155487
10.494024;-0.773588;-5.775997;-1.671092;-4.909592;-2.505428;-2.216545;-0.213572
21.714208;6.138163;-1.292872;-5.882502;-10.799663;-5.269589;-0.095446;0.801040
20.711937;2.683143;-3.453056;-1.626077;-9.458484;-6.563182;0.408091;-0.413900
11.344366;4.634324;-5.553754;7.435092;0.017316;-1.632426;-3.090298;0.171904
13.776858;11.020988;-3.723388;8.100193;-2.865792;-0.965588;-2.947974;1.681625
8.800395;4.128335;-7.260651;7.985624;-6.553352;-0.324926;0.959529;-0.212709
13.645778;8.943683;-7.347505;7.769432;-6.161403;-3.666461;2.068827;1.133753
11.015661;11.661672;-3.887347;6.992967;-4.034944;-2.128692;1.466264;-0.473575
4.227747;-0.236503;-1.580811;0.014119;-5.001212;-3.992575;0.920703;0.959211
11.980287;2.853857;-0.650714;-7.499411;-5.170622;-2.201966;-5.106644;2.254378
10.551999;0.685501;-2.542444;-4.611853;-6.516377;-1.961698;-3.193997;2.600805
8.353684;1.289929;-3.272053;-4.038531;-3.836563;-3.180847;-2.462181;1.685387
11.624431;4.392548;-0.057368;-8.888417;-3.579848;-2.409800;-4.380835;1.338742
10.249603;3.380782;-0.745678;-0.280580;-4.866425;-1.795721;-2.587664;2.680038
6.857802;8.870958;-0.480123;4.982729;0.870368;-1.565543;-4.198283;-0.490347
7.183906;8.567919;-2.579460;5.170225;-0.417596;-0.414720;-2.396853;0.494340
3.595641;3.538616;-3.441613;3.284962;0.398118;-2.317872;-1.096044;0.173331
4.943942;6.935706;-1.388512;5.248280;-3.621938;-2.195687;-0.848815;-0.098068
2.622058;10.014926;0.618329;4.786344;-3.960002;0.723537;-1.514009;-1.722184
-5.689960;4.657128;-1.157005;1.857593;-3.730861;1.821504;-0.936096;2.198915
-3.778090;5.464294;-0.206268;2.088878;-2.451388;0.397183;-1.063695;0.361823
0.081599;8.461891;1.688252;3.364999;-0.109661;-1.115447;-2.801173;-1.432743
-1.381670;4.462737;0.423523;4.482231;-3.387819;-0.417921;-1.228128;0.123040
-1.278838;5.069155;1.819242;1.622352;-0.261373;0.987189;-2.707495;1.186318
-0.647249;8.481880;1.916556;1.668150;2.285167;0.390176;-4.915853;0.022743
-1.988771;4.789654;-2.187493;2.306594;0.962316;-0.263347;-1.204416;0.702156
1.657483;6.882436;-1.238542;2.456471;1.043380;1.027871;-1.521791;1.047894
1.143086;8.380927;0.496648;1.765462;2.501245;1.160932;-3.043087;-0.133052
-1.115859;3.421342;0.067675;1.999166;3.469068;-1.780789;-4.216112;-0.330757
1.939139;8.314074;3.106592;2.581449;0.855873;-0.098529;-2.787805;1.096318
1.340757;8.495720;1.586295;3.211680;-1.855888;3.483975;-3.842788;0.424752
3.149431;3.963099;-1.622321;5.307472;-4.242782;1.160845;-0.977920;-0.404204
9.473445;8.937431;3.343994;6.119687;-3.861565;-1.612469;-1.365064;1.926428
5.572074;9.278551;2.448116;6.109890;-5.931814;-1.920798;-1.763418;0.102153
1.814377;8.234817;-2.735972;5.519467;-6.472031;-1.840669;0.107209;-0.758513
8.188537;10.404291;-5.274622;7.373096;-5.231020;0.850271;-0.325268;-0.589255
8.888474;4.449702;-6.130575;8.604059;-1.732852;-2.885567;-2.811189;-1.573341
8.765028;7.232514;-2.412056;4.933206;2.425970;-0.949916;-5.702854;0.414760
7.998891;6.688117;-2.455052;4.438580;-6.890399;-2.023733;2.981175;0.134970
13.489177;11.575332;-4.835229;-2.393907;-16.183901;-3.853335;5.119026;0.709656
10.284398;10.198955;-3.606972;-2.342931;-16.134049;-3.444805;5.552079;-1.762779
-2.863314;6.524558;-1.040856;2.781071;-5.923219;1.090292;1.690953;-2.295894
7.205127;13.244839;-3.319856;5.723554;-9.253571;-3.299287;3.580800;-0.268108
4.181954;7.486291;-4.308426;6.738451;-8.266345;-4.631404;3.510910;-0.271261
-5.552011;-1.623842;-3.708505;3.299566;-3.434062;-5.058613;-0.924607;-0.786738
-10.788624;-0.212878;-1.809602;3.154523;-5.200248;-0.163703;-0.603572;-5.401672
-15.426765;-0.513433;-0.953939;0.354023;-2.934820;2.258182;-1.269179;-4.075087
-16.662533;-0.417835;-2.391930;-1.620286;-1.772108;-0.158938;-1.191068;-0.529833
-17.174565;-0.826482;-1.937850;-1.179867;-2.845731;0.838849;-1.226127;1.757995
