Left Wrist_Ax_Mean;Left Wrist_Ax_Median;Left Wrist_Ax_Std;Left Wrist_Ax_Var;Left Wrist_Ax_RMS;Left Wrist_Ax_AvgDeriv;Left Wrist_Ax_Skew;Left Wrist_Ax_Kurt;Left Wrist_Ax_IQR;Left Wrist_Ax_ZCR;Left Wrist_Ax_MCR;Left Wrist_Ax_DomFreq;Left Wrist_Ax_Energy;Left Wrist_Ax_SpecEnt;Left Wrist_Ay_Mean;Left Wrist_Ay_Median;Left Wrist_Ay_Std;Left Wrist_Ay_Var;Left Wrist_Ay_RMS;Left Wrist_Ay_AvgDeriv;Left Wrist_Ay_Skew;Left Wrist_Ay_Kurt;Left Wrist_Ay_IQR;Left Wrist_Ay_ZCR;Left Wrist_Ay_MCR;Left Wrist_Ay_DomFreq;Left Wrist_Ay_Energy;Left Wrist_Ay_SpecEnt;Left Wrist_Az_Mean;Left Wrist_Az_Median;Left Wrist_Az_Std;Left Wrist_Az_Var;Left Wrist_Az_RMS;Left Wrist_Az_AvgDeriv;Left Wrist_Az_Skew;Left Wrist_Az_Kurt;Left Wrist_Az_IQR;Left Wrist_Az_ZCR;Left Wrist_Az_MCR;Left Wrist_Az_DomFreq;Left Wrist_Az_Energy;Left Wrist_Az_SpecEnt;Left Wrist_Gx_Mean;Left Wrist_Gx_Median;Left Wrist_Gx_Std;Left Wrist_Gx_Var;Left Wrist_Gx_RMS;Left Wrist_Gx_AvgDeriv;Left Wrist_Gx_Skew;Left Wrist_Gx_Kurt;Left Wrist_Gx_IQR;Left Wrist_Gx_ZCR;Left Wrist_Gx_MCR;Left Wrist_Gx_DomFreq;Left Wrist_Gx_Energy;Left Wrist_Gx_SpecEnt;Left Wrist_Gy_Mean;Left Wrist_Gy_Median;Left Wrist_Gy_Std;Left Wrist_Gy_Var;Left Wrist_Gy_RMS;Left Wrist_Gy_AvgDeriv;Left Wrist_Gy_Skew;Left Wrist_Gy_Kurt;Left Wrist_Gy_IQR;Left Wrist_Gy_ZCR;Left Wrist_Gy_MCR;Left Wrist_Gy_DomFreq;Left Wrist_Gy_Energy;Left Wrist_Gy_SpecEnt;Left Wrist_Gz_Mean;Left Wrist_Gz_Median;Left Wrist_Gz_Std;Left Wrist_Gz_Var;Left Wrist_Gz_RMS;Left Wrist_Gz_AvgDeriv;Left Wrist_Gz_Skew;Left Wrist_Gz_Kurt;Left Wrist_Gz_IQR;Left Wrist_Gz_ZCR;Left Wrist_Gz_MCR;Left Wrist_Gz_DomFreq;Left Wrist_Gz_Energy;Left Wrist_Gz_SpecEnt;Left Wrist_Corr_AxAy;Left Wrist_Corr_AxAz;Left Wrist_Corr_AyAz;Left Wrist_Corr_GxGy;Left Wrist_Corr_GxGz;Left Wrist_Corr_GyGz;Left Wrist_Corr_AxGx;Left Wrist_Corr_AyGy;Left Wrist_Corr_AzGz;Left Wrist_Corr_AxGy;Left Wrist_Corr_AxGz;Left Wrist_Corr_AyGx;Left Wrist_Corr_AyGz;Left Wrist_Corr_AzGx;Left Wrist_Corr_AzGy;Left Wrist_AI;Left Wrist_VI;Left Wrist_SMA;Left Wrist_EVA1;Left Wrist_EVA2;Left Wrist_CAGH;Left Wrist_AVH;Left Wrist_AVG;Left Wrist_ARATG;Left Wrist_AAE;Left Wrist_ARE
1.000000;1.000000;0.000000;0.000000;1.000000;0.000000;0.000000;0.000000;0.000000;0.000000;0.000000;0.000000;102.000000;-0.000000;-2.398282;-2.350100;0.603515;0.364230;2.473052;0.254945;-0.693987;0.857368;0.747425;0.176471;0.176471;0.000000;605.255500;0.215651;9.693790;9.468600;1.729680;2.991794;9.846896;0.509175;0.838857;0.299581;1.696400;0.137255;0.137255;0.000000;9737.478070;0.116016;2.459898;2.265200;0.795816;0.633323;2.585425;0.207556;0.524021;-0.293657;1.124275;0.078431;0.078431;0.000000;649.511500;0.271194;-10.938238;-11.350000;35.809472;1282.318304;37.442801;5.815319;0.179728;-0.906188;62.589750;0.058824;0.058824;1.505882;77605.375095;1.135045;20.855715;19.195000;45.287206;2050.931020;49.858719;7.841592;-0.135754;-0.106809;45.472650;0.049020;0.049020;1.003922;148977.493393;1.668650;0.000000;0.000000;-0.543627;0.713852;-0.394221;-0.053319;0.000000;-0.396801;-0.387338;0.000000;0.000000;-0.564976;0.195549;0.551101;0.569563;10.049947;3.075913;13.092072;3.139901;0.249351;0.000000;10.060133;1.005859;2.508100;104.077350;3894.539667
1.000000;1.000000;0.000000;0.000000;1.000000;0.000000;0.000000;0.000000;0.000000;0.000000;0.000000;0.000000;102.000000;-0.000000;-2.092890;-2.108450;0.861384;0.741982;2.263221;0.370830;0.651791;2.427156;0.985725;0.147059;0.147059;0.000000;484.635473;0.474676;9.610838;9.203100;1.770961;3.136303;9.772641;0.505862;0.834899;0.033483;1.992825;0.137255;0.137255;0.000000;9581.515829;0.113782;2.375824;2.296100;0.797581;0.636135;2.506127;0.272289;0.537955;-0.046633;1.152000;0.098039;0.098039;0.000000;608.186308;0.314536;-6.700453;-2.626250;32.951516;1085.802387;33.625860;6.089403;-0.084747;-0.467281;48.311750;0.078431;0.078431;1.505882;59955.465142;1.486470;33.111471;35.282500;53.271762;2837.880583;62.723601;12.804440;-0.190315;-0.498923;79.027500;0.039216;0.039216;0.000000;256566.117201;1.768921;0.000000;0.000000;-0.182633;0.705022;-0.157700;-0.125599;0.000000;-0.178240;-0.377530;0.000000;0.000000;-0.090815;0.120370;0.470708;0.604348;9.926230;3.096653;12.745519;3.199663;0.717021;0.000000;9.744280;1.005859;2.347318;101.626686;5071.229209
1.000000;1.000000;0.000000;0.000000;1.000000;0.000000;0.000000;0.000000;0.000000;0.000000;0.000000;0.000000;102.000000;-0.000000;-2.033974;-2.176350;0.941217;0.885889;2.241192;0.380803;0.926610;1.039090;1.139225;0.186275;0.186275;0.000000;467.165629;0.566555;9.542183;9.182750;1.653817;2.735110;9.684440;0.478216;0.832483;-0.020330;1.986275;0.137255;0.137255;0.000000;9426.927924;0.105037;1.849357;2.008850;1.015090;1.030409;2.109628;0.320853;-0.481847;-0.269049;1.349175;0.137255;0.137255;0.000000;401.403847;0.646030;-13.356795;-12.161000;24.273435;589.199660;27.705661;5.227770;0.000294;-0.916099;35.792775;0.098039;0.098039;0.000000;48246.937761;1.826290;70.158057;55.061500;71.270711;5079.514198;100.008336;13.675202;0.232635;-0.930308;110.024250;0.068627;0.068627;0.000000;761172.058613;1.321180;0.000000;0.000000;-0.156729;0.634926;-0.502431;-0.554825;0.000000;0.121060;0.029109;0.000000;0.000000;0.436052;-0.370860;-0.010171;0.282594;9.855513;2.680183;12.622981;2.794148;0.862702;0.000000;9.896941;1.005859;2.145232;99.811314;10773.721361
1.000000;1.000000;0.000000;0.000000;1.000000;0.000000;0.000000;0.000000;0.000000;0.000000;0.000000;0.000000;102.000000;-0.000000;-2.149688;-2.257400;0.855518;0.731912;2.313670;0.303593;1.224346;3.009778;1.096625;0.147059;0.147059;0.000000;508.735653;0.484112;9.156810;9.142900;1.564931;2.449008;9.289573;0.413942;0.290976;0.099824;2.087100;0.127451;0.127451;0.000000;8677.336058;0.106634;1.940200;2.106100;1.046184;1.094502;2.204286;0.275064;-0.539288;-0.181432;1.189575;0.098039;0.098039;0.000000;439.788477;0.622623;-22.388338;-26.163000;36.115460;1304.326425;42.491930;5.980435;0.025142;-0.796277;57.226875;0.078431;0.078431;0.000000;117652.698523;1.490545;66.278216;43.778000;71.093286;5054.255356;97.195974;11.337986;0.420735;-0.881820;113.814000;0.029412;0.029412;0.000000;705833.922615;1.134254;0.000000;0.000000;-0.331740;0.535955;-0.694729;-0.324596;0.000000;-0.178791;0.191613;0.000000;0.000000;0.271795;-0.368908;-0.090978;0.322517;9.491810;2.554783;12.343395;2.582405;0.630010;0.000000;9.546314;1.005859;1.768370;92.649244;11257.480313
1.000000;1.000000;0.000000;0.000000;1.000000;0.000000;0.000000;0.000000;0.000000;0.000000;0.000000;0.000000;102.000000;-0.000000;-2.228637;-2.180850;0.901126;0.812028;2.403924;0.393543;-0.636846;8.157537;1.019550;0.127451;0.127451;0.000000;548.296352;0.534213;9.338996;9.143350;2.366612;5.600854;9.634194;0.529272;0.570290;-0.278586;3.052875;0.078431;0.078431;0.000000;9181.762032;0.189268;2.538569;2.371050;0.957146;0.916128;2.713017;0.282321;1.041513;2.144253;1.492475;0.098039;0.098039;0.000000;704.053814;0.396042;-11.971924;-11.819000;46.699518;2180.845019;48.209667;6.437762;-0.052711;-1.184382;79.653250;0.039216;0.039216;1.003922;125842.497342;0.880478;15.034532;18.542000;45.352492;2056.848540;47.779553;12.211669;0.415228;0.711403;58.027250;0.117647;0.117647;0.000000;127956.310956;2.412290;0.000000;0.000000;-0.373610;0.649695;-0.117611;-0.234207;0.000000;-0.316549;-0.144354;0.000000;0.000000;-0.495971;-0.108978;0.139259;0.095415;9.689319;5.713656;12.599498;5.786672;0.689703;0.000000;9.760755;1.005859;2.687203;99.596555;4614.418110
1.000000;1.000000;0.000000;0.000000;1.000000;0.000000;0.000000;0.000000;0.000000;0.000000;0.000000;0.000000;102.000000;-0.000000;-2.274790;-2.224650;0.785026;0.616266;2.406437;0.268674;-1.922280;10.058971;0.927175;0.156863;0.156863;0.000000;559.361302;0.378293;9.776591;9.037550;2.645503;6.998687;10.128199;0.598305;0.330181;-1.223562;4.972275;0.058824;0.058824;0.000000;10106.325322;0.194424;2.594229;2.517650;1.022011;1.044507;2.788285;0.242930;0.696690;1.019294;1.689050;0.088235;0.088235;0.000000;739.789426;0.435795;-5.418523;-10.845900;39.318815;1545.969182;39.690422;5.282177;0.195258;-0.949527;64.442750;0.029412;0.029412;1.003922;81843.322771;0.820615;9.513386;12.547000;38.164553;1456.533128;39.332399;9.388820;-0.137566;-0.001891;46.316250;0.098039;0.098039;1.003922;83523.778122;2.297787;0.000000;0.000000;-0.509075;0.561622;-0.221763;-0.232109;0.000000;-0.341402;0.180750;0.000000;0.000000;-0.449419;-0.276477;-0.034057;-0.019856;10.114623;7.065769;13.051382;7.240241;0.450107;0.000000;10.134144;1.005859;2.781671;109.371359;3130.141743
1.000000;1.000000;0.000000;0.000000;1.000000;0.000000;0.000000;0.000000;0.000000;0.000000;0.000000;0.000000;102.000000;-0.000000;-2.182260;-2.244750;0.920998;0.848238;2.368649;0.262386;-0.160822;0.305433;1.293725;0.127451;0.127451;0.000000;529.010900;0.445326;9.668075;9.412050;1.724778;2.974861;9.820720;0.398658;0.661770;-0.250413;2.078800;0.078431;0.078431;0.000000;9685.858061;0.109480;2.272210;2.272300;0.781169;0.610224;2.402740;0.197962;0.157816;-0.222908;0.755500;0.127451;0.127451;0.000000;557.743098;0.305651;-9.563520;-13.644000;27.989616;783.418602;29.578362;4.475219;0.343671;-0.698375;43.267500;0.039216;0.039216;1.003922;49284.335594;1.485463;72.319409;70.894000;60.114344;3613.734401;94.041647;8.971721;0.401552;-0.806571;92.772000;0.029412;0.029412;0.000000;717775.251464;0.838703;0.000000;0.000000;-0.312397;0.352831;-0.659503;-0.397288;0.000000;-0.429543;0.013537;0.000000;0.000000;0.119407;-0.057223;-0.159026;0.229363;10.000465;3.047751;12.850336;3.115504;0.745447;0.000000;10.149682;1.005859;2.494796;103.057041;9724.483976
1.000000;1.000000;0.000000;0.000000;1.000000;0.000000;0.000000;0.000000;0.000000;0.000000;0.000000;0.000000;102.000000;-0.000000;-2.197708;-2.293650;1.021662;1.043792;2.423575;0.264183;0.033011;-0.339310;1.661625;0.088235;0.088235;0.000000;545.885489;0.505554;9.707263;9.443700;1.686218;2.843331;9.852628;0.443414;1.358280;2.386986;1.387250;0.107843;0.107843;0.000000;9756.581884;0.113164;2.001765;2.059800;0.498471;0.248473;2.062895;0.158788;-1.078216;0.890828;0.542425;0.156863;0.156863;0.000000;421.395648;0.201408;-10.626536;-11.087000;21.336184;455.232758;23.836024;3.797706;-0.192855;-0.659086;30.423400;0.068627;0.068627;0.000000;34735.634086;1.937353;70.986058;75.304500;61.717854;3809.093516;94.064414;9.226986;0.361619;-0.890894;99.806250;0.029412;0.029412;0.000000;708246.559174;0.860425;0.000000;0.000000;-0.347004;0.370272;-0.292529;-0.344156;0.000000;-0.586589;-0.277589;0.000000;0.000000;-0.150284;-0.016801;0.178784;0.456152;10.048660;2.972433;12.904971;3.053754;0.871856;0.000000;10.006827;1.005859;1.977455;103.947995;9420.525571
1.000000;1.000000;0.000000;0.000000;1.000000;0.000000;0.000000;0.000000;0.000000;0.000000;0.000000;0.000000;102.000000;-0.000000;-2.234198;-2.282900;0.669360;0.448043;2.332313;0.207677;0.451229;0.402733;0.811675;0.117647;0.117647;0.000000;531.999728;0.274836;9.722877;9.421950;2.081027;4.330675;9.943089;0.583492;0.783368;0.009494;2.377250;0.088235;0.088235;0.000000;9863.369626;0.148748;2.138125;2.066450;0.719335;0.517443;2.255886;0.161227;0.581615;-0.224626;0.924425;0.117647;0.117647;0.000000;492.690492;0.286613;-6.378020;-9.210650;25.408154;645.574265;26.196439;4.476147;0.194029;-0.688745;37.534750;0.058824;0.058824;1.505882;37075.661814;1.293981;5.522348;5.323200;36.772025;1352.181841;37.184381;6.660519;0.051639;0.162095;38.925250;0.107843;0.107843;1.003922;72099.771039;1.930485;0.000000;0.000000;-0.524103;0.773548;0.039731;0.052133;0.000000;-0.519108;-0.110052;0.000000;0.000000;-0.280410;0.017616;0.420621;0.685922;10.045419;4.394259;12.957076;4.507601;0.318430;0.000000;10.208427;1.005859;2.251042;105.304705;2074.020590
1.000000;1.000000;0.000000;0.000000;1.000000;0.000000;0.000000;0.000000;0.000000;0.000000;0.000000;0.000000;102.000000;-0.000000;-1.934753;-1.901350;0.646295;0.417698;2.039844;0.204352;0.449781;0.671820;0.770375;0.137255;0.137255;0.000000;403.118727;0.328258;9.503956;9.128650;1.913414;3.661155;9.694655;0.516444;0.798053;0.052328;2.102650;0.098039;0.098039;0.000000;9399.922475;0.128430;2.340365;2.279800;0.798377;0.637405;2.472795;0.203535;0.120502;-1.070357;1.314525;0.098039;0.098039;0.000000;591.193532;0.321367;-4.940256;-7.325150;30.355897;921.480461;30.755269;5.476693;0.091937;-0.928525;47.939000;0.058824;0.058824;1.505882;49486.224446;0.929630;12.508874;18.593000;38.904060;1513.525897;40.865607;6.835709;-0.317460;-0.060561;52.259175;0.039216;0.039216;0.501961;93158.610945;1.713724;0.000000;0.000000;-0.432022;0.711209;0.084132;-0.234187;0.000000;-0.483622;-0.214181;0.000000;0.000000;-0.111059;0.514493;0.399918;0.759155;9.770545;3.683742;12.441258;3.783987;0.335250;0.000000;9.688199;1.005859;2.358543;99.147297;2621.999120
1.000000;1.000000;0.000000;0.000000;1.000000;0.000000;0.000000;0.000000;0.000000;0.000000;0.000000;0.000000;102.000000;-0.000000;-2.005805;-1.937200;0.739564;0.546955;2.137805;0.220112;0.144248;0.081680;0.947925;0.117647;0.117647;0.000000;438.268022;0.378413;9.303337;9.082350;1.629843;2.656389;9.445024;0.408714;1.044532;1.598436;1.334800;0.107843;0.107843;0.000000;8963.802767;0.109578;2.090537;2.200800;0.721698;0.520848;2.211604;0.202169;-0.113421;-0.359320;0.957775;0.117647;0.117647;0.000000;472.338564;0.317413;-15.901909;-20.348000;26.506618;702.600796;30.910702;4.285828;0.588281;-0.012863;29.365925;0.058824;0.058824;0.000000;61628.232263;1.350212;73.765986;57.685000;51.889100;2692.478661;90.188133;6.429543;0.509186;-0.665034;70.440500;0.029412;0.029412;0.000000;692371.767345;0.845981;0.000000;0.000000;-0.395371;0.722736;-0.569702;-0.568394;0.000000;-0.293911;-0.185686;0.000000;0.000000;-0.006710;-0.282339;0.236065;0.668281;9.593694;2.739714;12.311692;2.786378;0.448684;0.000000;9.630013;1.005859;2.308201;94.778685;9094.262080
1.000000;1.000000;0.000000;0.000000;1.000000;0.000000;0.000000;0.000000;0.000000;0.000000;0.000000;0.000000;102.000000;-0.000000;-2.252441;-2.300400;0.633872;0.401793;2.339932;0.244015;0.042304;-0.476356;1.092075;0.137255;0.137255;0.000000;537.989022;0.261872;8.917969;8.917200;1.144374;1.309592;8.991093;0.331329;0.165353;-0.590154;1.769950;0.117647;0.117647;0.000000;8178.867770;0.067052;2.258845;2.288250;0.845473;0.714825;2.411889;0.213014;0.323290;0.358318;0.957525;0.107843;0.107843;0.000000;556.920020;0.363998;-21.779019;-23.583500;16.851778;283.982436;27.537395;2.895798;0.099475;-0.768505;26.065075;0.068627;0.068627;0.000000;62868.061889;0.942812;72.886313;65.777500;55.803634;3114.045602;91.795753;6.587253;0.233592;-0.862090;81.279750;0.029412;0.029412;0.000000;700687.948742;0.706806;0.000000;0.000000;-0.732675;0.665553;-0.462292;-0.090689;0.000000;-0.466331;0.270225;0.000000;0.000000;0.037062;-0.267965;0.112288;0.404771;9.264385;1.486210;12.170409;1.570004;0.158326;0.000000;9.367823;1.005859;2.017578;87.315039;9190.585513
1.000000;1.000000;0.000000;0.000000;1.000000;0.000000;0.000000;0.000000;0.000000;0.000000;0.000000;0.000000;102.000000;-0.000000;-2.104035;-2.173450;0.618409;0.382430;2.193033;0.275024;0.263362;-0.563231;0.987675;0.127451;0.127451;0.000000;471.065492;0.289320;9.343779;8.937300;1.870127;3.497374;9.529092;0.475658;0.925177;0.219169;2.667900;0.098039;0.098039;0.000000;9083.609556;0.135934;3.032513;3.018300;0.673857;0.454084;3.106480;0.257949;0.374593;-0.641646;1.013025;0.117647;0.117647;0.000000;961.168706;0.163713;-9.946822;-11.010500;29.355373;861.737931;30.994793;4.337847;0.014256;-0.549607;41.400100;0.049020;0.049020;1.003922;54041.124876;1.528123;9.377174;7.016300;45.493716;2069.678181;46.450076;8.650087;0.171477;-0.420975;64.297250;0.107843;0.107843;1.003922;114539.172218;2.248783;0.000000;0.000000;-0.316224;0.695592;-0.079016;-0.019540;0.000000;-0.273575;0.059509;0.000000;0.000000;-0.118887;-0.147128;0.080301;-0.037227;9.651626;3.459105;12.447815;3.574782;0.343436;0.000000;9.538990;1.005859;3.061822;96.612981;3127.936978
1.000000;1.000000;0.000000;0.000000;1.000000;0.000000;0.000000;0.000000;0.000000;0.000000;0.000000;0.000000;102.000000;-0.000000;-2.008445;-2.056900;0.586166;0.343590;2.092233;0.228937;0.193870;-0.574574;0.807325;0.147059;0.147059;0.000000;428.975882;0.267887;9.617655;8.807950;2.529582;6.398785;9.944751;0.529921;0.434762;-1.099624;4.141125;0.058824;0.058824;0.000000;9761.276463;0.186886;3.102599;3.200300;0.650256;0.422833;3.170008;0.239893;-0.244368;-0.516663;0.887975;0.107843;0.107843;0.000000;1003.428788;0.154558;-3.556936;0.584150;40.427021;1634.344026;40.583196;5.734340;-0.204278;-0.783572;58.067500;0.039216;0.039216;1.003922;84650.474037;1.300122;7.604211;12.923500;39.313863;1545.579807;40.042525;9.344065;-0.419105;-0.643863;51.678250;0.098039;0.098039;2.509804;84722.966323;1.764070;0.000000;0.000000;-0.339469;0.663266;-0.238298;-0.165579;0.000000;-0.367763;0.016589;0.000000;0.000000;-0.423551;0.150154;0.070319;0.091037;9.901027;6.245180;12.626100;6.504107;0.305024;0.000000;9.948626;1.005859;3.220678;104.275511;3260.448608
1.000000;1.000000;0.000000;0.000000;1.000000;0.000000;0.000000;0.000000;0.000000;0.000000;0.000000;0.000000;102.000000;-0.000000;-2.630124;-2.609400;0.959468;0.920578;2.799666;0.188892;-0.515082;0.321961;1.138150;0.068627;0.068627;0.000000;752.557861;0.334415;9.408607;9.027850;2.222133;4.937877;9.667459;0.432584;0.491060;-0.675043;3.074950;0.078431;0.078431;0.000000;9281.064510;0.158946;2.358211;2.625450;1.071846;1.148853;2.590369;0.220207;-0.535933;-0.864659;1.600375;0.068627;0.068627;0.000000;625.832898;0.435601;-19.641160;-13.051500;43.433453;1886.464856;47.668019;4.588434;0.155320;-0.872924;71.374150;0.029412;0.029412;0.501961;135561.355689;1.455353;73.350703;72.010000;48.359399;2338.631482;87.857596;8.136478;0.051994;-1.159335;80.849000;0.029412;0.029412;0.000000;668082.827929;0.729588;0.000000;0.000000;-0.164600;0.282832;-0.531802;-0.388637;0.000000;0.185366;-0.094311;0.000000;0.000000;0.501654;-0.621608;0.048789;0.229995;9.872809;4.825525;13.038731;5.017494;0.898965;0.000000;9.663275;1.005859;2.695050;102.297889;9997.907118
1.000000;1.000000;0.000000;0.000000;1.000000;0.000000;0.000000;0.000000;0.000000;0.000000;0.000000;0.000000;102.000000;-0.000000;-2.952520;-2.907000;0.803936;0.646313;3.060014;0.210255;-0.262351;1.363655;0.603275;0.137255;0.137255;0.000000;922.137832;0.232014;9.736273;9.349400;1.717436;2.949588;9.886586;0.512935;1.209942;2.035564;1.812325;0.127451;0.127451;0.000000;9819.536604;0.117524;2.228024;2.404250;1.001297;1.002596;2.442680;0.185974;-0.384509;-0.646271;1.177125;0.068627;0.068627;0.000000;557.476009;0.436190;-18.742053;-9.632000;38.299125;1466.822965;42.639037;4.759461;-0.079235;-0.988288;56.822575;0.039216;0.039216;0.000000;110641.899671;1.643652;63.272670;73.780000;58.457982;3417.335609;86.143871;7.608430;-0.031136;-1.372658;100.194225;0.019608;0.019608;0.000000;582634.267405;0.888954;0.000000;0.000000;-0.071376;0.188226;-0.333989;-0.327189;0.000000;0.214957;-0.329339;0.000000;0.000000;0.379366;-0.407254;0.048882;0.356170;10.262415;2.791122;13.688792;2.983043;0.648462;0.000000;10.171076;1.005859;2.119878;108.108276;9244.820639
1.000000;1.000000;0.000000;0.000000;1.000000;0.000000;0.000000;0.000000;0.000000;0.000000;0.000000;0.000000;102.000000;-0.000000;-2.314148;-2.371800;0.672046;0.451646;2.409757;0.226150;0.111679;-1.080123;1.159900;0.117647;0.117647;0.000000;569.273515;0.262004;9.529297;9.052100;1.816424;3.299396;9.700871;0.531272;1.229364;1.861185;1.977575;0.098039;0.098039;0.000000;9430.637088;0.127228;2.534797;2.415900;0.793832;0.630169;2.656194;0.174068;0.423919;-0.434309;1.153100;0.107843;0.107843;0.000000;687.509826;0.275569;-7.007053;-12.524000;31.089029;966.527743;31.868896;5.344238;0.400330;-0.865682;47.357000;0.049020;0.049020;1.505882;54302.322667;1.000646;7.268067;5.578150;36.543765;1335.446788;37.259517;7.574940;-0.007624;-0.742135;55.807250;0.088235;0.088235;1.003922;73509.200470;1.922047;0.000000;0.000000;-0.514765;0.630163;0.262940;0.143373;0.000000;-0.316310;-0.264509;0.000000;0.000000;-0.299252;0.254824;0.379645;0.603408;9.875237;3.393518;12.843445;3.465870;0.322311;0.000000;10.076279;1.005859;2.763031;100.913827;2410.953484
1.000000;1.000000;0.000000;0.000000;1.000000;0.000000;0.000000;0.000000;0.000000;0.000000;0.000000;0.000000;102.000000;-0.000000;-1.985365;-1.961650;0.634695;0.402837;2.084349;0.216150;-0.013710;-0.262027;0.795525;0.156863;0.156863;0.000000;422.599709;0.303971;9.416275;9.263150;1.783270;3.180051;9.583647;0.449796;0.767085;0.308827;2.103850;0.068627;0.068627;0.000000;9206.150285;0.116952;2.505971;2.525150;0.745302;0.555476;2.614453;0.193682;0.236755;-0.251220;1.078950;0.098039;0.098039;0.000000;668.879120;0.251276;-2.109953;-6.479200;31.222849;974.866274;31.294060;5.574941;0.305275;-0.866072;50.829000;0.058824;0.058824;1.505882;50172.330393;0.734693;16.576223;25.548000;38.718495;1499.121861;42.117609;7.082418;-0.365795;-0.661621;58.559250;0.039216;0.039216;0.501961;104481.888645;1.651085;0.000000;0.000000;-0.462589;0.668134;0.142954;-0.117980;0.000000;-0.315433;-0.303233;0.000000;0.000000;-0.070865;0.437720;0.486075;0.791850;9.693303;3.230678;12.401640;3.307909;0.310454;0.000000;9.497844;1.005859;2.469478;97.190805;2760.046570
1.000000;1.000000;0.000000;0.000000;1.000000;0.000000;0.000000;0.000000;0.000000;0.000000;0.000000;0.000000;102.000000;-0.000000;-2.029499;-2.074450;0.882009;0.777940;2.212873;0.286108;0.506012;0.038929;1.075775;0.127451;0.127451;0.000000;459.817134;0.510944;9.434659;9.024900;1.667220;2.779624;9.580836;0.421617;0.990760;0.725597;1.915750;0.058824;0.058824;0.000000;9221.065332;0.110451;2.172435;2.212350;0.889420;0.791069;2.347455;0.235971;-0.564143;-0.196490;1.053825;0.088235;0.088235;0.000000;521.751337;0.428527;-6.298592;-7.675450;35.409888;1253.860139;35.965711;6.674931;0.219387;-1.040572;60.745500;0.078431;0.078431;1.505882;67993.656278;1.001565;64.655352;47.199000;75.972322;5771.793751;99.760254;10.871674;0.549514;0.542171;63.156000;0.049020;0.049020;0.000000;720758.454376;1.349733;0.000000;0.000000;-0.357461;0.691532;-0.496904;-0.391050;0.000000;-0.216394;-0.078935;0.000000;0.000000;0.204048;-0.372951;0.326772;0.737263;9.739593;2.829535;12.476319;2.938069;0.654718;0.000000;9.851639;1.005859;2.415923;97.689217;11251.151228
1.000000;1.000000;0.000000;0.000000;1.000000;0.000000;0.000000;0.000000;0.000000;0.000000;0.000000;0.000000;102.000000;-0.000000;-2.216758;-2.316500;0.905293;0.819555;2.394488;0.331668;0.723935;1.139328;0.927825;0.127451;0.127451;0.000000;543.048095;0.481220;8.990725;8.715300;1.145929;1.313153;9.063459;0.292759;1.195572;1.356872;1.113325;0.088235;0.088235;0.000000;8311.953467;0.065001;2.146321;2.159200;0.896019;0.802849;2.325843;0.233570;-0.241760;0.312930;0.940550;0.147059;0.147059;0.000000;510.831105;0.447090;-16.473598;-17.891000;26.341633;693.881629;31.068651;4.931575;0.563172;0.464968;26.746300;0.068627;0.068627;0.000000;63069.320786;1.665012;72.243151;59.620000;76.169443;5801.784057;104.980269;12.448228;0.339603;0.317635;75.560500;0.058824;0.058824;0.000000;828236.498230;1.247083;0.000000;0.000000;-0.325239;0.609882;-0.302958;-0.165404;0.000000;-0.215472;0.290646;0.000000;0.000000;0.132085;-0.341169;0.204611;0.482895;9.352770;1.405554;12.226841;1.499083;0.654741;0.000000;9.355426;1.005859;2.011726;88.879869;11991.527518
1.000000;1.000000;0.000000;0.000000;1.000000;0.000000;0.000000;0.000000;0.000000;0.000000;0.000000;0.000000;102.000000;-0.000000;-2.249649;-2.215750;0.664227;0.441197;2.345659;0.250834;-0.053670;2.814283;0.640725;0.156863;0.156863;0.000000;538.718861;0.287401;9.222259;8.800900;1.721075;2.962099;9.381479;0.426304;0.507591;-0.244240;2.483550;0.088235;0.088235;0.000000;8826.209493;0.120671;2.678459;2.590950;0.774840;0.600377;2.788283;0.212121;0.218222;-0.356871;1.046250;0.088235;0.088235;0.000000;762.382345;0.242286;-6.447194;-6.313150;17.234507;297.028248;18.400939;3.479560;0.721378;-0.074959;23.844425;0.049020;0.049020;1.003922;19389.557990;2.192009;19.526481;22.711000;45.135868;2037.246556;49.178553;8.259822;0.819317;0.641907;54.247500;0.088235;0.088235;0.000000;142799.652424;2.063584;0.000000;0.000000;-0.444129;0.426137;0.068971;-0.215589;0.000000;-0.212513;0.178127;0.000000;0.000000;0.172611;-0.241787;-0.208530;0.020695;9.564068;3.042872;12.479104;3.090816;0.346176;0.000000;9.469696;1.005859;2.785296;94.514274;2764.899113
1.000000;1.000000;0.000000;0.000000;1.000000;0.000000;0.000000;0.000000;0.000000;0.000000;0.000000;0.000000;102.000000;-0.000000;-1.824497;-1.883600;0.808686;0.653973;1.995686;0.281859;0.236443;-0.038948;0.881875;0.166667;0.166667;0.000000;372.889840;0.513357;9.211775;8.210500;2.072477;4.295162;9.442031;0.593717;0.422207;-1.020314;3.372850;0.088235;0.088235;0.000000;8874.524131;0.164242;2.869473;2.977300;0.964075;0.929441;3.027097;0.283425;-0.297159;-0.586917;1.508650;0.078431;0.078431;0.000000;887.261036;0.297916;-2.793654;-0.622000;19.674075;387.069238;19.871430;4.410587;0.103455;-0.750652;33.042500;0.088235;0.088235;1.505882;20536.609026;1.436604;9.753226;-2.286150;40.545219;1643.914815;41.701801;9.068909;0.651472;-0.517385;57.340250;0.078431;0.078431;1.003922;93546.092056;2.247267;0.000000;0.000000;-0.521406;0.443247;-0.402445;-0.530323;0.000000;-0.145928;0.271584;0.000000;0.000000;0.036640;0.028333;-0.153620;-0.183563;9.471964;4.416604;12.036272;4.538520;0.459616;0.000000;9.670115;1.005859;2.925583;94.134715;2143.077297
1.000000;1.000000;0.000000;0.000000;1.000000;0.000000;0.000000;0.000000;0.000000;0.000000;0.000000;0.000000;102.000000;-0.000000;-2.227166;-2.078850;1.160332;1.346371;2.511302;0.254401;-0.015477;-0.872953;1.708300;0.088235;0.088235;0.000000;574.617806;0.551867;9.354758;8.902250;1.788443;3.198527;9.524181;0.471016;0.559374;-0.667678;2.902550;0.098039;0.098039;0.000000;9089.300811;0.125927;2.501278;2.334950;0.923293;0.852470;2.666245;0.242539;0.409634;-0.280301;1.240725;0.137255;0.137255;0.000000;681.628307;0.341982;-17.297956;-22.471500;19.398235;376.291518;25.990591;4.022481;0.638168;-0.486250;27.435800;0.058824;0.058824;0.000000;49716.663879;1.462465;66.027331;84.994500;51.842202;2687.613916;83.947736;7.540909;-0.557552;-1.062673;88.736250;0.029412;0.029412;0.000000;581762.763160;0.907542;0.000000;0.000000;-0.278104;0.656521;-0.699539;-0.835707;0.000000;0.318706;0.247553;0.000000;0.000000;0.207943;-0.596581;-0.161302;-0.337154;9.733088;3.283656;12.581924;3.396938;1.192959;0.000000;9.558058;1.005859;2.766556;98.016660;7729.842080
1.000000;1.000000;0.000000;0.000000;1.000000;0.000000;0.000000;0.000000;0.000000;0.000000;0.000000;0.000000;102.000000;-0.000000;-2.714170;-2.585600;0.747585;0.558883;2.815244;0.198787;-0.430775;-0.582982;1.104175;0.088235;0.088235;0.000000;779.909083;0.219300;9.860416;9.327250;1.659976;2.755520;9.999166;0.432024;1.213517;1.132152;2.027375;0.078431;0.078431;0.000000;10057.779012;0.103189;2.281518;2.257350;0.577430;0.333425;2.353455;0.171574;0.229082;0.599311;0.658125;0.137255;0.137255;0.000000;547.949632;0.205586;-15.277859;-23.188000;21.227381;450.601724;26.153675;3.382438;0.555162;-0.886716;36.248300;0.068627;0.068627;0.000000;46794.181533;1.767731;66.230436;82.133500;50.458595;2546.069781;83.261879;5.604723;-0.519670;-1.059952;92.975000;0.029412;0.029412;0.000000;577284.829668;0.810601;0.000000;0.000000;-0.069681;0.645890;-0.266462;-0.359427;0.000000;0.012557;-0.210374;0.000000;0.000000;-0.086954;-0.365421;-0.218666;0.253412;10.309237;2.628556;13.574585;2.786235;0.560984;0.000000;10.330477;1.005859;2.171880;108.908917;7622.093901
1.000000;1.000000;0.000000;0.000000;1.000000;0.000000;0.000000;0.000000;0.000000;0.000000;0.000000;0.000000;102.000000;-0.000000;-2.098856;-2.252400;0.769394;0.591967;2.235433;0.249933;1.330578;2.236240;0.771975;0.156863;0.156863;0.000000;479.525999;0.380762;9.635287;9.249350;1.878429;3.528494;9.816682;0.540334;1.200656;1.575528;1.754250;0.078431;0.078431;0.000000;9649.509751;0.133408;2.363386;2.335900;0.764156;0.583934;2.483853;0.214263;0.056634;-0.370830;1.034900;0.107843;0.107843;0.000000;599.512871;0.303824;-3.669194;-1.571200;25.380356;644.162484;25.644209;4.535426;0.233401;-0.531336;40.150000;0.058824;0.058824;1.505882;34228.667364;1.379122;23.301712;20.987500;43.665032;1906.634981;49.493482;7.031926;-0.125587;-1.229083;71.245250;0.029412;0.029412;0.000000;152628.596544;1.560655;0.000000;0.000000;-0.552444;0.722316;-0.027331;0.081735;0.000000;-0.445860;-0.262117;0.000000;0.000000;-0.529339;0.269353;0.344441;0.588379;9.936208;3.636196;12.758811;3.768485;0.392773;0.000000;9.924802;1.005859;2.472270;102.364417;3113.399743
1.000000;1.000000;0.000000;0.000000;1.000000;0.000000;0.000000;0.000000;0.000000;0.000000;0.000000;0.000000;102.000000;-0.000000;-1.839968;-1.986300;0.886565;0.785998;2.042420;0.253088;0.689862;-0.098380;0.925000;0.137255;0.137255;0.000000;385.410462;0.546713;9.351849;8.779200;2.221752;4.936181;9.612141;0.541804;1.176731;0.683329;2.707625;0.078431;0.078431;0.000000;9172.409042;0.175719;2.154280;2.240750;0.826397;0.682933;2.307348;0.221682;0.028740;-0.792240;1.369000;0.039216;0.039216;0.000000;508.212010;0.370390;-6.397361;-11.377500;25.041287;627.066055;25.845547;4.878554;0.496319;-0.242786;36.087000;0.058824;0.058824;1.505882;36154.933122;1.267417;14.690282;23.597000;43.687119;1908.564390;46.090875;6.457580;-0.327769;-1.216026;74.649750;0.029412;0.029412;0.501961;119354.411138;1.605985;0.000000;0.000000;-0.552913;0.564324;0.182495;-0.046782;0.000000;-0.379568;-0.206364;0.000000;0.000000;-0.028744;0.347867;0.173480;0.679744;9.617546;5.067555;12.216485;5.256147;0.522687;0.000000;9.626141;1.005859;2.056888;97.564741;2797.684922
1.000000;1.000000;0.000000;0.000000;1.000000;0.000000;0.000000;0.000000;0.000000;0.000000;0.000000;0.000000;102.000000;-0.000000;-2.020854;-2.074750;0.851526;0.725097;2.192931;0.239449;0.453765;-0.360919;0.676750;0.156863;0.156863;0.000000;453.532984;0.474174;9.371239;9.025550;2.105478;4.433037;9.604851;0.456012;1.148147;0.775468;2.241675;0.098039;0.098039;0.000000;9183.755577;0.163299;2.132164;2.151300;0.876029;0.767427;2.305114;0.236638;0.691595;0.721798;1.127850;0.039216;0.039216;0.000000;502.844957;0.430039;-12.835201;-16.230000;28.959545;838.655270;31.676453;5.140596;0.419545;0.126078;37.665150;0.058824;0.058824;1.505882;59576.081616;1.609118;38.195852;30.082500;57.274221;3280.336433;68.842280;8.224619;0.682653;0.482216;54.448700;0.049020;0.049020;0.000000;316141.098989;1.733760;0.000000;0.000000;-0.430729;0.622003;-0.041744;-0.390080;0.000000;-0.157078;-0.038909;0.000000;0.000000;0.257288;-0.125308;0.209465;0.616181;9.672696;4.501060;12.392093;4.632859;0.576345;0.000000;9.733950;1.005859;2.128083;98.062109;5747.970741
1.000000;1.000000;0.000000;0.000000;1.000000;0.000000;0.000000;0.000000;0.000000;0.000000;0.000000;0.000000;102.000000;-0.000000;-2.218773;-2.285200;0.677254;0.458673;2.319833;0.227399;0.527321;0.540567;0.807150;0.147059;0.147059;0.000000;525.533587;0.296954;9.273878;9.071800;1.382592;1.911560;9.376374;0.343754;0.961639;2.370165;1.164700;0.107843;0.107843;0.000000;8870.011799;0.087640;2.425139;2.406600;0.890115;0.792304;2.583331;0.239560;0.540157;0.028101;1.165950;0.098039;0.098039;0.000000;640.301604;0.356815;-17.303411;-23.289000;28.499502;812.221613;33.341110;4.357745;0.695238;0.507907;36.611800;0.049020;0.049020;0.000000;71970.013538;1.639296;71.504904;57.951000;52.927204;2801.288892;88.962015;7.855242;0.546534;-0.928940;94.072250;0.039216;0.039216;0.000000;664386.766206;0.818693;0.000000;0.000000;-0.364000;0.758761;-0.321646;-0.234987;0.000000;-0.283084;0.077326;0.000000;0.000000;-0.068424;-0.361393;0.510802;0.549428;9.608822;1.968540;12.492651;2.007223;0.386478;0.000000;9.731395;1.005859;2.363882;94.298008;9032.543413
1.000000;1.000000;0.000000;0.000000;1.000000;0.000000;0.000000;0.000000;0.000000;0.000000;0.000000;0.000000;102.000000;-0.000000;-2.166532;-2.226900;0.566801;0.321264;2.239448;0.204744;-0.078822;-0.847385;0.849850;0.137255;0.137255;0.000000;495.158916;0.222697;9.115439;9.028050;1.393560;1.942009;9.221347;0.415863;0.107276;-0.098979;1.491850;0.137255;0.137255;0.000000;8574.349827;0.088910;2.924631;2.826100;0.679570;0.461815;3.002546;0.251818;0.193501;-0.385454;0.906400;0.117647;0.117647;0.000000;896.007229;0.177099;-10.682013;-13.509500;20.191020;407.677301;22.842564;3.053469;0.019979;-1.255836;36.665375;0.058824;0.058824;1.003922;32430.719522;1.403938;44.097943;35.737000;52.737106;2781.202323;68.744679;5.185931;0.512573;-0.486645;73.312375;0.029412;0.029412;0.000000;340233.881610;1.341910;0.000000;0.000000;-0.662990;0.625880;-0.370852;-0.118270;0.000000;-0.328002;0.160497;0.000000;0.000000;0.130412;-0.400034;-0.054810;0.042748;9.432861;2.069507;12.281972;2.117247;0.168435;0.000000;9.463767;1.005859;2.829304;91.048368;5256.628860
1.000000;1.000000;0.000000;0.000000;1.000000;0.000000;0.000000;0.000000;0.000000;0.000000;0.000000;0.000000;102.000000;-0.000000;-2.242755;-2.153950;0.874141;0.764122;2.407088;0.326911;-0.804057;1.038928;0.996050;0.176471;0.176471;0.000000;552.027219;0.418413;9.050274;8.683250;2.105001;4.431029;9.291850;0.636488;0.326534;-0.891043;3.515400;0.078431;0.078431;0.000000;8580.542924;0.160633;3.151875;3.117100;0.609039;0.370929;3.210178;0.348210;0.353168;-0.490698;0.940800;0.235294;0.235294;0.000000;1032.219158;0.143725;-0.978668;1.772700;18.662938;348.305268;18.688581;4.086481;-0.549916;-0.426694;27.858750;0.078431;0.078431;1.003922;17861.974686;1.829474;11.746506;8.812800;30.496649;930.045593;32.680667;7.673154;0.361411;-0.391483;40.971950;0.098039;0.098039;0.501961;61506.662919;1.958012;0.000000;0.000000;-0.299538;0.493945;-0.311686;-0.313997;0.000000;-0.005470;0.141504;0.000000;0.000000;0.056541;-0.023419;-0.044762;0.005174;9.420156;4.393205;12.293029;4.556757;0.689831;0.000000;9.387799;1.005859;3.158978;93.132552;1427.594299
1.000000;1.000000;0.000000;0.000000;1.000000;0.000000;0.000000;0.000000;0.000000;0.000000;0.000000;0.000000;102.000000;-0.000000;-2.331482;-2.366300;0.966685;0.934480;2.523943;0.356152;-0.271398;0.082598;1.295100;0.166667;0.166667;0.000000;602.119207;0.464799;9.397303;8.813200;2.098358;4.403107;9.628728;0.622817;0.285726;-0.812214;3.248450;0.088235;0.088235;0.000000;9232.108503;0.162164;2.578679;2.427100;0.769290;0.591807;2.690984;0.289023;0.487589;-0.321158;1.069000;0.127451;0.127451;0.000000;708.440528;0.259522;-11.826749;-15.085000;20.615061;424.980727;23.766630;4.245364;0.283743;-0.985909;32.334375;0.058824;0.058824;0.000000;35941.045769;1.578523;54.151495;47.915000;51.862437;2689.712415;74.980643;8.071509;0.229290;-1.070443;79.887825;0.029412;0.029412;0.000000;436299.792718;1.097365;0.000000;0.000000;-0.220128;0.763434;-0.783389;-0.780020;0.000000;-0.008674;0.114510;0.000000;0.000000;-0.069117;0.087361;-0.075339;-0.047817;9.787767;4.282314;12.728785;4.503821;0.886614;0.000000;9.633294;1.005859;2.912190;100.082698;6194.190911
1.000000;1.000000;0.000000;0.000000;1.000000;0.000000;0.000000;0.000000;0.000000;0.000000;0.000000;0.000000;102.000000;-0.000000;-2.344586;-2.513750;0.760275;0.578018;2.464772;0.233156;0.569135;-0.357294;0.989475;0.098039;0.098039;0.000000;590.181934;0.293296;9.984797;9.375200;1.843331;3.397868;10.153524;0.517692;1.139862;0.594585;2.471800;0.127451;0.127451;0.000000;10342.300860;0.120397;2.121825;2.058700;0.423693;0.179516;2.163713;0.192295;0.158589;-0.295339;0.546800;0.176471;0.176471;0.000000;468.377527;0.149895;-13.460240;-16.950000;18.697127;349.582543;23.038242;3.728531;0.441824;-0.938121;30.003525;0.068627;0.068627;0.000000;36308.902942;1.417295;69.908024;76.368500;50.798223;2580.459462;86.415226;6.217491;-0.390416;-0.724677;81.525500;0.039216;0.039216;0.000000;630092.983455;0.685540;0.000000;0.000000;-0.321551;0.627877;-0.362597;-0.605757;0.000000;-0.381344;-0.458825;0.000000;0.000000;-0.129003;0.256984;0.080978;0.301345;10.333614;3.385553;13.329383;3.502469;0.512781;0.000000;10.028693;1.005859;2.088498;110.169140;8003.033485
1.000000;1.000000;0.000000;0.000000;1.000000;0.000000;0.000000;0.000000;0.000000;0.000000;0.000000;0.000000;102.000000;-0.000000;-2.123147;-2.288100;0.858187;0.736485;2.290030;0.246090;0.562309;-0.271327;1.156700;0.107843;0.107843;0.000000;497.355436;0.426785;9.576189;8.982400;2.140982;4.583805;9.812604;0.570354;1.050065;0.615127;1.759625;0.078431;0.078431;0.000000;9587.521289;0.165867;2.345078;2.240050;0.693671;0.481179;2.445521;0.229947;1.197241;2.665855;0.795025;0.127451;0.127451;0.000000;585.478494;0.265704;-5.660899;-3.623900;33.796985;1142.236182;34.267798;5.171125;0.182517;-0.385382;44.184750;0.058824;0.058824;1.505882;61522.883424;1.181723;29.438081;27.492000;44.790885;2006.223339;53.598731;6.663603;0.555447;-0.484949;68.139475;0.068627;0.068627;0.000000;190726.996885;1.709960;0.000000;0.000000;-0.532494;0.701228;-0.187599;-0.073744;0.000000;-0.630979;-0.277640;0.000000;0.000000;-0.468451;0.272034;0.330439;0.639298;9.889555;4.728144;12.700631;4.866022;0.506943;0.000000;9.907316;1.005859;2.269150;102.531441;4053.086461
1.000000;1.000000;0.000000;0.000000;1.000000;0.000000;0.000000;0.000000;0.000000;0.000000;0.000000;0.000000;102.000000;-0.000000;-1.884597;-1.929850;0.816978;0.667452;2.054059;0.249494;0.189399;-0.360517;1.151675;0.127451;0.127451;0.000000;396.316197;0.466061;9.191203;8.694200;2.164320;4.684283;9.442589;0.510015;0.872311;-0.004536;2.535650;0.068627;0.068627;0.000000;8855.677930;0.168696;2.385430;2.293100;0.794856;0.631796;2.514373;0.230425;0.665146;0.755198;0.932650;0.098039;0.098039;0.000000;612.631919;0.314717;-8.095142;-13.839500;34.543700;1193.267182;35.479551;5.126218;0.354266;-0.492588;49.432500;0.049020;0.049020;1.505882;67543.294208;1.213794;15.824322;26.001000;33.369835;1113.545888;36.931762;6.774863;0.017730;-0.753546;54.710000;0.049020;0.049020;0.501961;82337.040109;1.841923;0.000000;0.000000;-0.624133;0.647698;0.149567;0.013678;0.000000;-0.536563;-0.155685;0.000000;0.000000;-0.209020;0.350571;0.237781;0.703425;9.461319;4.865091;12.077096;5.016698;0.388025;0.000000;9.281263;1.005859;2.294307;94.381653;2629.075630
1.000000;1.000000;0.000000;0.000000;1.000000;0.000000;0.000000;0.000000;0.000000;0.000000;0.000000;0.000000;102.000000;-0.000000;-1.841776;-2.077550;0.982318;0.964949;2.087364;0.231062;0.931602;0.369245;1.207425;0.088235;0.088235;0.000000;395.211061;0.639790;9.442376;9.232400;1.835524;3.369150;9.619128;0.392121;0.733763;0.109306;2.040250;0.078431;0.078431;0.000000;9266.000058;0.127860;2.163388;2.133000;0.793344;0.629395;2.304266;0.182357;0.060678;0.089830;0.954875;0.137255;0.137255;0.000000;509.484713;0.363040;-10.357848;-16.864500;19.912309;396.500068;22.445157;3.394440;0.642728;-0.810650;30.111375;0.058824;0.058824;0.000000;31164.677609;1.584892;40.721626;41.135000;41.080843;1687.635654;57.843639;6.135396;-0.209828;-0.357886;48.372250;0.088235;0.088235;0.000000;255227.679975;1.365347;0.000000;0.000000;-0.394322;0.633070;-0.006381;-0.305862;0.000000;-0.273680;-0.164350;0.000000;0.000000;-0.272158;0.164472;0.207118;0.650377;9.716881;3.466934;12.365859;3.598955;0.778055;0.000000;9.782089;1.005859;2.199139;97.884710;3854.981244
1.000000;1.000000;0.000000;0.000000;1.000000;0.000000;0.000000;0.000000;0.000000;0.000000;0.000000;0.000000;102.000000;-0.000000;-1.834010;-2.106950;1.027310;1.055365;2.102131;0.239255;0.830405;0.070991;1.209875;0.068627;0.068627;0.000000;396.914997;0.673360;9.290796;9.129850;1.157683;1.340229;9.362645;0.317808;1.222124;1.983884;1.028200;0.127451;0.127451;0.000000;8872.883288;0.064756;2.148928;2.144900;0.849207;0.721153;2.310638;0.177549;0.040192;-0.340495;1.045200;0.088235;0.088235;0.000000;507.816792;0.427470;-15.694535;-20.733500;18.831690;354.632552;24.514302;3.057536;0.784053;-0.159608;22.765450;0.058824;0.058824;0.000000;43211.518826;1.444635;72.659680;70.344000;40.142486;1611.419212;83.011134;6.807440;0.188358;-0.933162;67.453250;0.098039;0.098039;0.000000;620685.311739;0.550955;0.000000;0.000000;-0.371387;0.678431;-0.233288;-0.623744;0.000000;-0.436049;-0.116535;0.000000;0.000000;-0.692100;0.040518;0.543923;0.502255;9.572165;1.451736;12.206547;1.678339;0.740974;0.000000;9.653323;1.005859;2.100955;93.078078;7497.138403
1.000000;1.000000;0.000000;0.000000;1.000000;0.000000;0.000000;0.000000;0.000000;0.000000;0.000000;0.000000;102.000000;-0.000000;-1.726215;-1.698450;0.809878;0.655902;1.906757;0.242352;0.182686;-0.509017;1.194375;0.078431;0.078431;0.000000;337.396639;0.543653;9.048722;8.782900;1.381799;1.909369;9.153618;0.359711;0.960408;0.298456;1.461575;0.098039;0.098039;0.000000;8449.080839;0.087076;2.513996;2.591150;0.825284;0.681094;2.645991;0.187592;-0.172829;-0.810391;1.148925;0.098039;0.098039;0.000000;679.394042;0.268525;-10.447205;-10.091800;16.112119;259.600374;19.202721;3.099058;-0.270286;-0.788241;23.548025;0.078431;0.078431;0.000000;24373.181375;1.730120;44.535489;31.227500;51.711458;2674.074858;68.245767;7.226030;0.547214;-0.702060;56.230000;0.049020;0.049020;0.000000;338707.693824;1.291886;0.000000;0.000000;-0.483081;0.554430;-0.441031;-0.597399;0.000000;-0.364072;-0.035776;0.000000;0.000000;-0.268559;-0.228140;0.404635;0.390525;9.294611;2.034652;11.779324;2.131210;0.459460;0.000000;9.434332;1.005859;2.386340;88.424452;5033.230404
1.000000;1.000000;0.000000;0.000000;1.000000;0.000000;0.000000;0.000000;0.000000;0.000000;0.000000;0.000000;102.000000;-0.000000;-1.505241;-1.545350;0.834889;0.697039;1.721276;0.296353;0.502525;0.033139;1.062400;0.098039;0.098039;0.000000;266.664381;0.674496;9.462779;8.513700;2.147318;4.610975;9.703359;0.510426;0.657095;-1.032230;3.892575;0.078431;0.078431;0.000000;9368.667564;0.148534;2.568371;2.474900;0.697584;0.486624;2.661419;0.236769;0.283275;-0.752579;1.078150;0.117647;0.117647;0.000000;697.663792;0.227596;-1.859786;-4.205600;11.897750;141.556444;12.042228;3.472941;0.486637;-0.703405;18.451800;0.137255;0.137255;1.505882;7572.373415;2.120544;13.160600;14.550500;23.974301;574.767106;27.349013;7.010789;0.001671;-0.678132;35.537300;0.127451;0.127451;0.000000;46983.655399;2.070916;0.000000;0.000000;-0.175805;0.358499;-0.552136;-0.423352;0.000000;-0.091903;-0.187690;0.000000;0.000000;0.346742;-0.239278;0.300030;0.544181;9.672199;4.566524;12.016296;4.682096;0.678473;0.000000;9.553906;1.005859;2.567607;98.117959;900.066890
1.000000;1.000000;0.000000;0.000000;1.000000;0.000000;0.000000;0.000000;0.000000;0.000000;0.000000;0.000000;102.000000;-0.000000;-1.635126;-1.858200;1.038423;1.078322;1.936998;0.317794;0.584894;0.028896;1.409125;0.088235;0.088235;0.000000;327.705679;0.737698;9.840346;8.892150;2.252578;5.074108;10.094876;0.535557;0.558821;-1.111569;3.754425;0.058824;0.058824;0.000000;10135.706260;0.147001;2.044052;2.018800;0.757369;0.573608;2.179852;0.248979;-0.274228;0.411035;0.871825;0.166667;0.166667;0.000000;455.427402;0.369132;-10.256733;-10.556000;18.346075;336.578477;21.018541;3.640895;0.138742;-1.079589;31.104375;0.049020;0.049020;0.000000;27895.966950;1.691469;54.686285;36.646500;49.287627;2429.270184;73.619698;7.662268;0.288373;-1.463572;91.846250;0.009804;0.009804;0.000000;428940.187801;1.039249;0.000000;0.000000;-0.100365;0.772452;-0.676331;-0.912322;0.000000;0.255448;0.002511;0.000000;0.000000;0.360331;-0.349550;-0.115432;0.026546;10.087850;4.893769;12.569890;5.138229;1.075117;0.000000;10.086497;1.005859;2.204979;106.658479;5866.390747
1.000000;1.000000;0.000000;0.000000;1.000000;0.000000;0.000000;0.000000;0.000000;0.000000;0.000000;0.000000;102.000000;-0.000000;-1.914278;-2.014300;0.953063;0.908329;2.138408;0.301514;0.718267;0.804913;1.234525;0.088235;0.088235;0.000000;420.099825;0.596674;9.680866;9.076100;1.890765;3.574991;9.863780;0.470015;1.037202;0.106849;2.435325;0.078431;0.078431;0.000000;9741.680922;0.131932;2.144526;1.946000;0.975553;0.951703;2.355992;0.230778;0.458980;-0.051094;0.957650;0.107843;0.107843;0.000000;517.634299;0.465148;-16.871163;-22.917000;20.909836;437.221224;26.867404;3.464550;0.323044;-1.017919;34.647600;0.049020;0.049020;0.000000;51333.569226;1.535747;70.734704;97.353000;55.948600;3130.245791;90.186718;8.695768;-0.695148;-0.837987;96.528250;0.039216;0.039216;0.000000;669991.841791;0.838124;0.000000;0.000000;-0.187773;0.819367;-0.313132;-0.091773;0.000000;0.096170;0.219814;0.000000;0.000000;-0.073955;-0.047945;0.009382;0.141076;9.970211;3.461827;12.645638;3.653071;0.874638;0.000000;9.897060;1.005859;1.938862;102.866942;8861.052207
1.000000;1.000000;0.000000;0.000000;1.000000;0.000000;0.000000;0.000000;0.000000;0.000000;0.000000;0.000000;102.000000;-0.000000;-2.353550;-2.176300;0.921301;0.848796;2.527448;0.247860;-0.742514;-0.009845;1.254000;0.107843;0.107843;0.000000;608.286830;0.401123;9.496301;9.172650;1.897068;3.598865;9.683935;0.484855;1.031956;0.856513;2.374400;0.117647;0.117647;0.000000;9381.881937;0.137517;2.519750;2.393200;0.789932;0.623993;2.640669;0.205116;0.572174;-0.474798;0.997800;0.068627;0.068627;0.000000;679.438384;0.278117;-0.665006;-0.934870;31.866505;1015.474128;31.873443;4.641937;0.719463;0.549390;32.410750;0.049020;0.049020;1.003922;51837.935468;1.741574;37.105226;29.589000;50.808079;2581.460845;62.914694;8.268722;0.265800;-0.896008;84.855250;0.068627;0.068627;0.000000;272111.735919;1.527125;0.000000;0.000000;-0.273526;0.532763;-0.043482;0.026834;0.000000;-0.390556;-0.040488;0.000000;0.000000;-0.306726;0.463437;0.532867;0.665313;9.877414;3.603286;12.849851;3.716031;0.775667;0.000000;9.844687;1.005859;2.608388;101.166590;4981.148170
1.000000;1.000000;0.000000;0.000000;1.000000;0.000000;0.000000;0.000000;0.000000;0.000000;0.000000;0.000000;102.000000;-0.000000;-2.349243;-2.227950;0.971978;0.944741;2.542378;0.235428;-0.375565;-0.061651;1.207975;0.107843;0.107843;0.000000;611.114107;0.439390;9.574252;9.124750;2.150448;4.624428;9.812784;0.578012;1.064963;0.507105;2.473275;0.098039;0.098039;0.000000;9585.810050;0.161126;1.970519;1.998950;0.775700;0.601710;2.117701;0.192495;0.037793;-1.061262;1.318525;0.088235;0.088235;0.000000;426.751531;0.398796;3.263356;4.142750;33.359332;1112.845030;33.518570;5.982526;0.405916;-0.104883;40.505500;0.058824;0.058824;1.505882;57841.350774;1.464961;8.583908;16.924500;55.381452;3067.105256;56.042740;9.257653;-0.239810;-0.288945;66.950000;0.049020;0.049020;1.003922;163965.035624;2.038200;0.000000;0.000000;-0.332150;0.491414;0.006192;-0.052618;0.000000;-0.477104;-0.046193;0.000000;0.000000;-0.578050;0.398282;0.392149;0.731537;9.955337;4.645673;12.923495;4.798098;0.826212;0.000000;9.769118;1.005859;2.256980;103.754413;4268.767906
1.000000;1.000000;0.000000;0.000000;1.000000;0.000000;0.000000;0.000000;0.000000;0.000000;0.000000;0.000000;102.000000;-0.000000;-1.902087;-2.042300;0.722703;0.522300;2.034757;0.212294;0.301737;-0.622395;0.960450;0.098039;0.098039;0.000000;395.675509;0.399911;9.491668;9.306450;1.663445;2.767050;9.636327;0.444985;1.650768;3.083913;1.010000;0.127451;0.127451;0.000000;9330.507799;0.113690;1.662532;1.539250;0.854382;0.729969;1.869220;0.181237;0.105550;-0.765905;1.447650;0.058824;0.058824;0.000000;319.157863;0.557633;-8.670531;-5.214650;29.450049;867.305412;30.699895;4.730308;0.032808;-1.352803;55.081750;0.049020;0.049020;1.003922;51905.174867;1.693987;41.336745;66.853500;70.588963;4982.801761;81.801762;7.855653;-0.683540;-0.647392;105.170750;0.009804;0.009804;0.501961;428419.879837;1.247492;0.000000;0.000000;-0.429967;0.365261;-0.069409;-0.222901;0.000000;-0.544759;-0.059672;0.000000;0.000000;-0.380029;0.534376;0.437005;0.636440;9.756356;2.812555;12.393755;2.908874;0.413044;0.000000;9.785304;1.005859;1.528561;97.999041;7637.505762
1.000000;1.000000;0.000000;0.000000;1.000000;0.000000;0.000000;0.000000;0.000000;0.000000;0.000000;0.000000;102.000000;-0.000000;-2.011712;-2.102750;0.565718;0.320037;2.089742;0.180714;0.838580;0.543725;0.675775;0.196078;0.196078;0.000000;429.114640;0.256757;9.001059;9.089150;0.801978;0.643169;9.036716;0.228512;0.188566;0.041163;1.170650;0.137255;0.137255;0.000000;8296.747845;0.033699;2.273768;2.390100;0.952140;0.906571;2.465075;0.177986;-0.537937;0.164436;1.087250;0.107843;0.107843;0.000000;573.617093;0.435839;-13.951973;-29.373500;27.347981;747.912061;30.701296;3.070147;0.473488;-1.339683;51.951000;0.029412;0.029412;0.000000;58001.658766;1.528598;78.653271;81.157500;33.892156;1148.678216;85.644703;5.383792;-0.376798;0.138592;42.494000;0.049020;0.049020;0.000000;689619.346611;0.483124;0.000000;0.000000;-0.122606;0.405853;-0.788939;-0.442643;0.000000;-0.428754;0.112507;0.000000;0.000000;-0.475902;0.266390;-0.020580;-0.100697;9.295349;0.625746;12.012771;0.658936;0.313806;0.000000;9.341380;1.005859;1.896967;87.029250;8283.661384
1.000000;1.000000;0.000000;0.000000;1.000000;0.000000;0.000000;0.000000;0.000000;0.000000;0.000000;0.000000;102.000000;-0.000000;-1.897964;-1.929650;0.598636;0.358365;1.990134;0.201713;0.653285;0.547529;0.675300;0.166667;0.166667;0.000000;385.711978;0.298797;9.395026;8.915900;1.709193;2.921342;9.549234;0.359673;1.450203;1.164884;1.639350;0.049020;0.049020;0.000000;9152.175499;0.115793;2.399913;2.327350;0.806681;0.650734;2.531860;0.218870;-0.164801;0.178755;0.968900;0.068627;0.068627;0.000000;620.671406;0.323286;-11.865315;-8.912100;21.796274;475.077576;24.816593;3.233034;0.395749;-0.680968;32.442440;0.049020;0.049020;0.000000;38589.922185;1.681920;40.000498;29.603000;38.907708;1513.809751;55.801878;5.107057;0.590205;-0.558721;53.000050;0.029412;0.029412;0.000000;240411.809697;1.071089;0.000000;0.000000;0.421522;0.469106;-0.182960;-0.512139;0.000000;-0.209296;-0.014865;0.000000;0.000000;-0.266545;-0.545594;-0.433038;-0.359211;9.668036;2.677571;12.292990;3.021597;0.290583;0.000000;9.478581;1.005859;2.460007;96.148496;3736.123167
1.000000;1.000000;0.000000;0.000000;1.000000;0.000000;0.000000;0.000000;0.000000;0.000000;0.000000;0.000000;102.000000;-0.000000;-1.455114;-1.403500;0.585687;0.343030;1.568562;0.248425;-0.198070;0.355446;0.758725;0.117647;0.117647;0.000000;233.464916;0.469580;9.531917;8.335800;2.262719;5.119898;9.796802;0.549034;0.938835;-0.598426;3.305750;0.058824;0.058824;0.000000;9528.576303;0.169165;2.127679;2.097800;0.713442;0.508999;2.244107;0.218098;-0.189070;-0.175230;0.940175;0.098039;0.098039;0.000000;487.716736;0.318250;-8.249393;-6.563000;14.159689;200.496796;16.387473;3.385798;-0.564915;-0.130273;17.557750;0.098039;0.098039;0.000000;17167.880493;1.850120;19.877725;15.543000;31.135677;969.430363;36.939875;5.998932;1.524086;2.747938;30.535175;0.068627;0.068627;0.000000;89754.668995;1.926443;0.000000;0.000000;-0.049129;0.437903;-0.468665;-0.598459;0.000000;0.103179;0.165563;0.000000;0.000000;0.249971;-0.458535;-0.402650;-0.351489;9.719386;4.971250;11.987031;5.171486;0.345530;0.000000;9.919865;1.005859;2.093625;99.437720;1638.139625
1.000000;1.000000;0.000000;0.000000;1.000000;0.000000;0.000000;0.000000;0.000000;0.000000;0.000000;0.000000;102.000000;-0.000000;-1.476214;-1.280600;0.976487;0.953528;1.769953;0.270097;0.050747;-0.422408;1.198985;0.088235;0.088235;0.000000;270.915115;0.815393;9.488083;9.125850;1.956427;3.827607;9.687690;0.555323;0.884078;-0.228163;2.678875;0.127451;0.127451;0.000000;9377.670547;0.146539;2.321349;2.196600;0.666721;0.444517;2.415198;0.229488;0.288284;0.008606;0.867650;0.088235;0.088235;0.000000;572.319758;0.259365;-7.616648;-7.234850;12.069953;145.683764;14.272249;3.347258;-0.221068;-0.134815;16.389075;0.127451;0.127451;0.000000;13347.993716;1.603697;59.488135;63.330500;46.720358;2182.791819;75.641457;6.483935;-0.172140;-1.326529;84.142500;0.029412;0.029412;0.000000;472290.659323;0.860524;0.000000;0.000000;-0.153134;0.401549;-0.196549;-0.456068;0.000000;0.280342;0.132395;0.000000;0.000000;0.345936;-0.287885;-0.119091;-0.003849;9.705226;3.792663;12.028213;3.895273;0.933200;0.000000;9.497220;1.005859;2.353016;97.984067;5931.160337
1.000000;1.000000;0.000000;0.000000;1.000000;0.000000;0.000000;0.000000;0.000000;0.000000;0.000000;0.000000;102.000000;-0.000000;-1.547723;-1.608300;1.241588;1.541540;1.984184;0.245043;0.406234;-1.009655;2.122690;0.058824;0.058824;0.000000;322.968657;0.950719;9.811476;9.399650;1.894975;3.590931;9.992797;0.525078;0.992870;0.773893;1.996625;0.107843;0.107843;0.000000;10002.193827;0.132083;2.124898;2.133250;0.763846;0.583461;2.258020;0.214477;0.093571;-0.042628;0.900375;0.107843;0.107843;0.000000;490.306083;0.371636;-8.236962;-9.084550;15.365231;236.090338;17.433814;3.287901;-0.036721;-0.053114;15.442882;0.107843;0.107843;0.000000;18963.908275;2.056407;72.953264;68.607000;32.000304;1024.019433;79.663029;6.019735;-0.361554;-0.274243;46.136500;0.068627;0.068627;0.000000;595087.276310;0.437820;0.000000;0.000000;-0.328892;0.656654;-0.051763;-0.409152;0.000000;-0.453214;-0.488977;0.000000;0.000000;-0.173009;0.110613;0.445692;0.699374;10.057896;3.631720;12.511270;3.888407;1.294881;0.000000;10.159673;1.005859;2.327952;104.792988;6655.234698
1.000000;1.000000;0.000000;0.000000;1.000000;0.000000;0.000000;0.000000;0.000000;0.000000;0.000000;0.000000;102.000000;-0.000000;-1.843678;-2.097700;1.092330;1.193185;2.142973;0.250098;0.807947;-0.093730;1.604800;0.029412;0.029412;0.000000;407.569382;0.692336;9.775764;9.056450;2.299445;5.287449;10.042560;0.573731;0.816055;-0.317889;3.395375;0.058824;0.058824;0.000000;10017.346665;0.167350;1.893011;1.840200;0.774494;0.599841;2.045319;0.200636;0.530802;-0.208394;1.047400;0.127451;0.127451;0.000000;396.110659;0.400923;-7.849680;-8.853800;18.935424;358.550287;20.497994;3.574766;0.221834;-0.876518;32.281575;0.078431;0.078431;1.505882;24571.095005;1.558172;24.642642;40.783000;43.942439;1930.937947;50.380530;7.150972;-0.383821;-1.115154;71.341625;0.039216;0.039216;0.000000;160418.357596;1.518919;0.000000;0.000000;-0.468661;0.777558;-0.034803;0.007319;0.000000;-0.498915;-0.186929;0.000000;0.000000;-0.467454;0.463618;0.463838;0.718060;10.053036;5.381807;12.707596;5.657232;0.887567;0.000000;10.085493;1.005859;1.924685;106.445339;2962.548869
1.000000;1.000000;0.000000;0.000000;1.000000;0.000000;0.000000;0.000000;0.000000;0.000000;0.000000;0.000000;102.000000;-0.000000;-1.895742;-2.102450;0.873868;0.763645;2.087459;0.253878;0.774457;0.118647;1.072650;0.107843;0.107843;0.000000;405.518301;0.525632;9.546598;9.006800;1.991620;3.966550;9.752132;0.537968;0.851881;-0.213734;2.782875;0.068627;0.068627;0.000000;9498.326035;0.142301;1.799039;1.768100;1.007459;1.014974;2.061921;0.230337;-0.018416;-0.285586;1.430850;0.107843;0.107843;0.000000;381.893575;0.664728;-6.084849;-8.656900;16.404765;269.116329;17.496906;3.191670;0.494035;-0.652696;24.297950;0.068627;0.068627;1.505882;17503.353413;1.978143;32.656614;51.869500;47.167387;2224.762356;57.369127;6.182921;-0.587961;-1.058828;76.527125;0.019608;0.019608;0.000000;222241.910512;1.300174;0.000000;0.000000;-0.345797;0.712992;-0.088705;0.198132;0.000000;-0.129212;-0.076389;0.000000;0.000000;-0.344597;0.357529;0.422023;0.688403;9.821979;3.990296;12.466236;4.116256;0.660772;0.000000;10.040208;1.005859;2.042893;100.461568;3601.610009
1.000000;1.000000;0.000000;0.000000;1.000000;0.000000;0.000000;0.000000;0.000000;0.000000;0.000000;0.000000;102.000000;-0.000000;-1.882387;-2.062900;0.831390;0.691209;2.057812;0.233901;0.866227;0.591614;0.888550;0.098039;0.098039;0.000000;396.678636;0.486186;9.321266;9.289300;1.148184;1.318327;9.391716;0.331725;1.161794;2.516391;1.035625;0.147059;0.147059;0.000000;8929.606826;0.060843;1.889121;1.886400;1.159482;1.344397;2.216569;0.214377;0.216958;-0.138728;1.684775;0.058824;0.058824;0.000000;432.584463;0.676587;-12.755256;-15.185500;15.517722;240.799691;20.087216;2.774259;0.496834;-0.346535;22.819575;0.068627;0.068627;0.000000;28876.266519;1.310301;77.656004;79.261000;36.461808;1329.463430;85.789967;6.266149;-1.001544;1.103808;43.341500;0.058824;0.058824;0.000000;682911.621320;0.512885;0.000000;0.000000;-0.167092;0.415470;-0.190865;-0.656604;0.000000;0.002541;0.042053;0.000000;0.000000;-0.376740;-0.048719;0.258387;0.306490;9.597382;1.329179;12.227548;1.369996;0.659436;0.000000;9.573613;1.005859;1.733904;93.438912;7768.327793
1.000000;1.000000;0.000000;0.000000;1.000000;0.000000;0.000000;0.000000;0.000000;0.000000;0.000000;0.000000;102.000000;-0.000000;-2.076079;-2.132750;0.785954;0.617724;2.219871;0.305664;0.526653;0.483448;0.902800;0.147059;0.147059;0.000000;471.134718;0.414769;9.236401;9.052450;1.204127;1.449922;9.314560;0.307917;1.067351;1.097360;1.403125;0.088235;0.088235;0.000000;8775.678869;0.067939;2.375923;2.271900;0.954405;0.910890;2.560449;0.207294;0.223314;-0.067184;1.200825;0.068627;0.068627;0.000000;622.271698;0.386867;-13.225315;-16.208500;17.561892;308.420055;21.984745;3.589182;0.314054;-1.018244;30.638065;0.068627;0.068627;0.000000;33574.923819;1.660339;49.286841;43.429000;54.539423;2974.548635;73.510144;9.202861;0.023325;-1.460371;103.159025;0.049020;0.049020;0.000000;399506.385952;1.325024;0.000000;0.000000;-0.197197;0.400041;-0.372134;-0.798506;0.000000;0.083657;0.056017;0.000000;0.000000;-0.003766;-0.070288;0.077940;-0.104504;9.551210;1.463240;12.321050;1.504609;0.583509;0.000000;9.620800;1.005859;2.078384;92.688853;5893.626227
1.000000;1.000000;0.000000;0.000000;1.000000;0.000000;0.000000;0.000000;0.000000;0.000000;0.000000;0.000000;102.000000;-0.000000;-2.058964;-2.019000;0.822490;0.676489;2.217165;0.356101;0.285157;0.074489;1.106625;0.137255;0.137255;0.000000;466.917565;0.472429;9.017279;8.205900;1.872470;3.506144;9.209640;0.415395;1.287688;0.452855;1.979075;0.049020;0.049020;0.000000;8472.579157;0.140703;2.654113;2.589750;0.732253;0.536195;2.753273;0.211510;-0.047166;-0.426720;1.153125;0.107843;0.107843;0.000000;745.866171;0.237407;-4.023625;0.202635;18.496208;342.109714;18.928795;4.242748;-0.564084;-0.222802;24.777500;0.107843;0.107843;1.505882;19104.385781;2.405998;9.630463;2.821100;39.966455;1597.317507;41.110380;10.415038;1.350166;2.418371;43.033750;0.117647;0.117647;2.007843;90937.181596;2.305529;0.000000;0.000000;-0.326564;0.110272;0.037750;-0.822330;0.000000;0.271641;-0.021799;0.000000;0.000000;0.373331;-0.354968;-0.222125;-0.114529;9.338151;3.532223;12.084813;3.628450;0.595596;0.000000;9.374607;1.005859;2.532900;90.733294;2055.943117
1.000000;1.000000;0.000000;0.000000;1.000000;0.000000;0.000000;0.000000;0.000000;0.000000;0.000000;0.000000;102.000000;-0.000000;-2.247748;-2.117150;1.125382;1.266486;2.513734;0.352314;-0.101999;-0.657126;1.737175;0.068627;0.068627;0.000000;579.934758;0.544959;9.315015;8.052350;2.401568;5.767528;9.619617;0.589524;1.036295;-0.274263;3.312975;0.058824;0.058824;0.000000;9144.650531;0.184737;2.511212;2.503800;0.641944;0.412091;2.591964;0.223440;0.294000;0.752860;0.674775;0.166667;0.166667;0.000000;664.256104;0.212239;5.812067;6.606550;20.810186;433.063859;21.606573;4.156724;-0.289706;0.544924;21.493700;0.088235;0.088235;1.505882;25532.351445;1.907039;-22.216824;-25.444500;56.086334;3145.676836;60.326314;10.530800;0.379227;1.679550;52.582325;0.098039;0.098039;0.000000;210775.670014;1.947639;0.000000;0.000000;-0.621455;-0.107478;0.279401;-0.880468;0.000000;0.331117;0.200542;0.000000;0.000000;0.212765;-0.348772;-0.441043;-0.268113;9.677925;6.193652;12.572416;6.387815;0.715842;0.000000;9.532061;1.005859;2.605037;99.855884;4112.826366
1.000000;1.000000;0.000000;0.000000;1.000000;0.000000;0.000000;0.000000;0.000000;0.000000;0.000000;0.000000;102.000000;-0.000000;-2.400885;-2.435200;1.067811;1.140221;2.627636;0.356877;0.152116;-0.285203;1.359200;0.147059;0.147059;0.000000;646.106274;0.515967;9.596554;9.086450;2.130345;4.538370;9.830169;0.656345;0.795115;-0.097558;3.171925;0.117647;0.117647;0.000000;9625.031019;0.164892;2.218825;2.165300;0.483537;0.233808;2.270901;0.245557;0.090545;0.037553;0.595350;0.205882;0.205882;0.000000;514.089379;0.178884;9.968904;7.842900;18.682521;349.036583;21.175827;3.574187;0.124467;-0.334947;25.521775;0.049020;0.049020;0.000000;27943.798904;1.748293;-46.410419;-39.186500;39.567835;1565.613571;60.988036;9.633927;-0.569675;0.689017;40.542500;0.049020;0.049020;0.000000;299616.787935;1.220074;0.000000;0.000000;-0.628302;0.223232;0.100435;-0.743456;0.000000;0.328715;0.527839;0.000000;0.000000;-0.094193;-0.539272;0.081210;-0.246111;9.980094;4.934402;13.007092;5.109673;0.625142;0.000000;10.095565;1.005859;2.267665;104.536687;4173.113202
1.000000;1.000000;0.000000;0.000000;1.000000;0.000000;0.000000;0.000000;0.000000;0.000000;0.000000;0.000000;102.000000;-0.000000;-2.055933;-2.123300;0.713803;0.509515;2.176322;0.313421;0.042407;-0.104729;0.896800;0.166667;0.166667;0.000000;457.125232;0.367713;9.243593;9.099050;1.812696;3.285868;9.419654;0.520588;0.419283;-0.700437;2.913775;0.117647;0.117647;0.000000;8882.872684;0.130548;2.116882;2.094050;0.906510;0.821761;2.302814;0.234632;-0.108084;-0.614876;1.229975;0.127451;0.127451;0.000000;498.992578;0.445862;2.116075;1.032500;16.735645;280.081806;16.868894;3.445955;0.064608;-0.459077;22.622025;0.068627;0.068627;1.003922;14740.995959;1.461161;-15.456575;-17.404000;39.340192;1547.650683;42.267675;7.636316;-0.245021;-0.616601;58.331250;0.068627;0.068627;0.501961;103301.553333;1.622917;0.000000;0.000000;-0.542199;0.412448;0.275220;-0.436613;0.000000;-0.283730;-0.016396;0.000000;0.000000;-0.195628;0.124193;0.199085;0.494002;9.542087;3.414836;12.299527;3.487263;0.345698;0.000000;9.771102;1.005859;1.979346;94.466260;2076.418915
1.000000;1.000000;0.000000;0.000000;1.000000;0.000000;0.000000;0.000000;0.000000;0.000000;0.000000;0.000000;102.000000;-0.000000;-2.267992;-2.192650;0.863357;0.745385;2.426762;0.246948;-0.198147;-0.410777;1.127775;0.147059;0.147059;0.000000;562.681259;0.380807;9.343752;8.980950;2.356231;5.551823;9.636261;0.573255;0.663180;-0.698108;3.333775;0.107843;0.107843;0.000000;9188.331864;0.186726;2.269177;2.358900;0.903102;0.815593;2.442286;0.225226;-0.388525;-0.189283;0.916450;0.147059;0.147059;0.000000;566.816291;0.411168;-4.425826;-4.406750;19.672502;387.007326;20.164208;4.100239;-0.218597;-0.301322;21.564050;0.098039;0.098039;1.003922;21735.611585;1.903087;5.859046;4.569550;27.398101;750.655935;28.017572;5.614782;-0.616667;1.334211;36.143300;0.068627;0.068627;0.501961;41815.774062;2.786228;0.000000;0.000000;-0.635357;0.334203;0.286972;-0.114264;0.000000;-0.043646;-0.202166;0.000000;0.000000;-0.204969;0.175639;0.058336;0.501124;9.693064;5.791213;12.611744;5.935529;0.424028;0.000000;9.556548;1.005859;2.027517;99.746698;1197.544378
1.000000;1.000000;0.000000;0.000000;1.000000;0.000000;0.000000;0.000000;0.000000;0.000000;0.000000;0.000000;102.000000;-0.000000;-2.713486;-2.609750;0.598618;0.358343;2.778732;0.205363;-0.510153;-0.387173;0.930075;0.137255;0.137255;0.000000;769.312121;0.169355;9.593775;9.157050;2.112868;4.464212;9.823682;0.617345;0.719162;-0.311006;2.440100;0.107843;0.107843;0.000000;9615.821119;0.172774;2.432937;2.294950;0.714061;0.509883;2.535560;0.241729;0.464581;-0.605912;0.997175;0.117647;0.117647;0.000000;629.762553;0.264071;-5.815936;-6.949500;27.971932;782.428956;28.570161;4.601271;0.310830;-0.551598;45.295500;0.068627;0.068627;1.003922;43358.963761;2.003004;-10.896225;-8.838000;25.336022;641.914000;27.579734;5.542595;0.030520;0.414664;29.740378;0.088235;0.088235;0.000000;44847.851297;1.853783;0.000000;0.000000;-0.687879;0.611222;0.164597;0.169481;0.000000;-0.056304;-0.116048;0.000000;0.000000;-0.114184;0.125882;0.001819;0.337336;10.032862;4.567745;13.307261;4.686912;0.183391;0.000000;10.159369;1.005859;2.510895;105.226072;1583.324848
1.000000;1.000000;0.000000;0.000000;1.000000;0.000000;0.000000;0.000000;0.000000;0.000000;0.000000;0.000000;102.000000;-0.000000;-3.089591;-2.737850;1.074065;1.153615;3.270961;0.236830;-1.314982;0.950518;0.983300;0.127451;0.127451;0.000000;1032.484535;0.329808;9.465890;9.289000;1.337494;1.788891;9.559915;0.514657;0.731342;0.660244;1.473875;0.117647;0.117647;0.000000;9230.749996;0.079134;2.033406;2.211350;1.335845;1.784481;2.432945;0.246794;-0.869042;-0.083153;1.406975;0.068627;0.068627;0.000000;512.789299;0.780184;2.382796;9.807300;29.501047;870.311786;29.597120;4.077713;-0.025726;-1.073890;51.584000;0.029412;0.029412;1.003922;44965.358690;1.588560;-41.345057;-33.287500;46.619606;2173.387630;62.312128;6.393695;-0.505586;-0.749049;68.033050;0.088235;0.088235;0.000000;285239.122447;1.360133;0.000000;0.000000;-0.234569;0.647072;0.694968;0.353486;0.000000;0.296814;-0.175227;0.000000;0.000000;0.737492;0.737067;0.061671;0.186249;10.055987;1.968291;13.555481;1.953486;1.018154;0.000000;9.857590;1.005859;2.511939;103.091157;4764.710057
1.000000;1.000000;0.000000;0.000000;1.000000;0.000000;0.000000;0.000000;0.000000;0.000000;0.000000;0.000000;102.000000;-0.000000;-0.166449;-0.522145;0.967407;0.935876;0.981622;0.187811;0.629119;-0.565796;1.541950;0.039216;0.039216;1.505882;50.572633;1.839439;9.605010;9.125450;1.992294;3.969234;9.809457;0.411048;1.294698;1.268316;1.960400;0.117647;0.117647;0.000000;9612.565405;0.141409;1.498938;1.267700;0.788821;0.622239;1.693828;0.138271;0.727481;-0.760434;1.150970;0.049020;0.049020;0.000000;260.909929;0.561882;-0.366737;-2.485150;9.222472;85.053993;9.229761;1.716030;0.796751;-0.415294;14.379700;0.078431;0.078431;0.501961;4351.620120;1.742834;27.388787;22.976500;32.666014;1067.068498;42.628795;3.903933;0.401401;-0.841803;47.683625;0.058824;0.058824;0.000000;130935.379155;1.106685;0.000000;0.000000;0.019958;0.812496;0.421710;0.179535;0.000000;0.052522;0.013210;0.000000;0.000000;0.295217;0.283284;0.141509;0.248523;9.710750;3.890359;11.472576;4.009026;0.944650;0.000000;9.903424;1.005859;1.473268;98.189029;1905.271681
1.000000;1.000000;0.000000;0.000000;1.000000;0.000000;0.000000;0.000000;0.000000;0.000000;0.000000;0.000000;102.000000;-0.000000;-0.520213;-0.591560;0.931169;0.867076;1.066629;0.174573;0.426621;-0.657229;1.309705;0.068627;0.068627;0.000000;71.832956;1.689553;9.837629;9.496650;1.591276;2.532160;9.965496;0.389455;0.470055;-0.234898;1.721425;0.107843;0.107843;0.000000;10000.601085;0.091230;1.667905;1.550250;0.793713;0.629980;1.847129;0.129890;0.128041;-1.320536;1.559997;0.049020;0.049020;0.000000;315.887102;0.496096;0.594511;0.338185;13.579426;184.400801;13.592433;2.168878;-0.488962;-0.314162;20.785475;0.068627;0.068627;1.505882;9440.600433;1.753774;44.308971;50.140500;44.927470;2018.477606;63.101209;4.890616;0.176444;-0.945409;72.427075;0.029412;0.029412;0.000000;303209.629138;1.114011;0.000000;0.000000;-0.140291;0.755537;0.148591;-0.341225;0.000000;0.163143;0.128724;0.000000;0.000000;0.101872;-0.024363;0.649276;0.533037;9.946176;2.522394;11.749462;2.583044;0.849849;0.000000;9.662382;1.005859;1.632228;101.448811;4169.928689
1.000000;1.000000;0.000000;0.000000;1.000000;0.000000;0.000000;0.000000;0.000000;0.000000;0.000000;0.000000;102.000000;-0.000000;-0.416595;-0.344835;0.816091;0.666004;0.916273;0.144081;-0.062025;-0.445062;0.950873;0.078431;0.078431;0.000000;51.668743;1.731614;9.888387;9.465300;1.683214;2.833211;10.030624;0.411399;0.819505;0.311595;1.790500;0.088235;0.088235;0.000000;10118.076100;0.096050;1.649270;1.537550;0.650821;0.423568;1.773037;0.147893;0.103574;-1.303969;1.241775;0.078431;0.078431;0.000000;299.052299;0.373222;-1.865295;0.001555;13.139331;172.642029;13.271072;2.346370;-0.545761;-0.397209;17.724500;0.068627;0.068627;1.003922;9159.645908;1.858319;41.506459;50.258000;49.253063;2425.864252;64.410018;4.752881;-0.069576;-0.923003;76.928100;0.029412;0.029412;0.000000;299447.674187;1.055104;0.000000;0.000000;-0.014864;0.463121;0.235178;-0.534793;0.000000;0.151340;0.024793;0.000000;0.000000;0.252452;0.045039;0.236850;0.021495;9.982085;2.810951;11.605806;2.861457;0.672404;0.000000;10.216945;1.005859;1.673265;102.452969;4327.915424
1.000000;1.000000;0.000000;0.000000;1.000000;0.000000;0.000000;0.000000;0.000000;0.000000;0.000000;0.000000;102.000000;-0.000000;-0.471450;-0.394520;0.690624;0.476962;0.836198;0.139765;-0.730575;0.348251;0.599292;0.098039;0.098039;0.000000;46.997870;1.544649;9.551912;9.242500;1.710973;2.927428;9.703940;0.444210;1.029715;0.792538;1.979400;0.098039;0.098039;0.000000;9455.695005;0.110575;1.585003;1.401200;0.599992;0.359991;1.694764;0.149937;1.193447;1.031297;0.773725;0.088235;0.088235;0.000000;274.609019;0.384718;-0.263940;-0.059442;8.632587;74.521550;8.636621;1.613069;-0.676583;0.415155;12.185575;0.049020;0.049020;1.003922;3808.050882;1.973428;13.651375;15.554000;41.099104;1689.136360;43.307002;4.241842;-0.001465;-1.506637;79.291500;0.029412;0.029412;0.501961;105159.944549;1.562352;0.000000;0.000000;-0.032177;0.195877;0.388497;-0.503263;0.000000;-0.367995;0.193650;0.000000;0.000000;-0.479538;-0.219951;0.146606;-0.190274;9.640097;2.934203;11.176411;2.957009;0.481088;0.000000;9.594024;1.005859;1.590955;95.865674;1952.959827
1.000000;1.000000;0.000000;0.000000;1.000000;0.000000;0.000000;0.000000;0.000000;0.000000;0.000000;0.000000;102.000000;-0.000000;-0.549086;-0.494000;0.940894;0.885281;1.089393;0.156389;0.102606;-1.045017;1.628532;0.058824;0.058824;0.000000;75.906303;1.429995;9.728450;9.324800;1.513533;2.290782;9.845482;0.470764;1.105778;0.983365;1.828975;0.107843;0.107843;0.000000;9770.389307;0.092651;1.642329;1.487950;0.689280;0.475106;1.781110;0.150350;0.582353;-0.140435;1.046100;0.068627;0.068627;0.000000;299.355102;0.445062;0.555998;-0.146715;6.250626;39.070323;6.275305;1.442969;0.158096;-0.973632;10.511975;0.098039;0.098039;1.505882;2024.198273;2.011508;55.609787;50.925500;57.297169;3282.965588;79.846190;4.730733;-0.197125;-0.999450;91.188750;0.029412;0.029412;0.000000;482862.260677;0.838390;0.000000;0.000000;-0.049016;0.668680;-0.084564;-0.254208;0.000000;-0.266893;-0.025565;0.000000;0.000000;-0.128317;0.064474;0.132101;0.146142;9.839122;2.311977;11.647840;2.316955;0.890554;0.000000;9.863935;1.005859;1.738896;99.120298;6417.965844
1.000000;1.000000;0.000000;0.000000;1.000000;0.000000;0.000000;0.000000;0.000000;0.000000;0.000000;0.000000;102.000000;-0.000000;-0.249632;-0.466420;1.041789;1.085324;1.071280;0.141784;0.218213;-1.199359;1.812475;0.049020;0.049020;1.003922;61.712921;1.526132;9.629142;9.403700;1.168947;1.366437;9.699836;0.354023;2.103719;5.015280;0.920700;0.127451;0.127451;0.000000;9527.181481;0.063161;1.739950;1.698750;0.663498;0.440230;1.862164;0.120412;-0.115627;-1.090359;1.196175;0.049020;0.049020;0.000000;331.250708;0.357714;-1.126385;-2.525550;5.714425;32.654648;5.824379;1.247781;0.375631;-1.082811;9.237775;0.098039;0.098039;2.007843;1794.822952;1.979037;78.625000;69.089500;33.913317;1150.113074;85.627120;3.845455;0.483134;-0.951532;55.758750;0.039216;0.039216;0.000000;689211.213601;0.380677;0.000000;0.000000;0.069369;0.579934;-0.570715;-0.129519;0.000000;-0.091566;-0.332851;0.000000;0.000000;0.238385;-0.008089;0.011985;0.178048;9.741262;1.342263;11.585057;1.403631;1.072405;0.000000;9.769248;1.005859;1.676431;96.234456;7369.394747
1.000000;1.000000;0.000000;0.000000;1.000000;0.000000;0.000000;0.000000;0.000000;0.000000;0.000000;0.000000;102.000000;-0.000000;-0.477659;-0.703760;0.919364;0.845230;1.036044;0.129116;0.708993;-0.023950;1.053552;0.049020;0.049020;0.000000;66.391224;1.708275;9.377478;9.299200;1.605260;2.576861;9.513883;0.438967;1.453265;3.505261;1.205725;0.107843;0.107843;0.000000;9101.004451;0.105860;1.677209;1.803300;0.676348;0.457446;1.808446;0.107257;-0.703995;-0.114089;0.897675;0.049020;0.049020;0.000000;310.262340;0.398589;-0.576980;-2.016300;6.198410;38.420283;6.225206;1.332209;0.661913;-0.587971;9.082800;0.078431;0.078431;1.505882;1993.458666;1.715222;30.762671;25.796500;31.783003;1010.159250;44.232354;3.517105;-0.086166;-0.903471;46.437650;0.009804;0.009804;0.000000;148046.163868;0.827685;0.000000;0.000000;0.293315;0.349052;-0.081676;-0.410940;0.000000;-0.095956;-0.148831;0.000000;0.000000;0.137465;0.178466;0.277489;0.507682;9.491972;2.489827;11.278814;2.705569;0.750404;0.000000;9.519750;1.005859;1.839066;92.587351;1998.524818
1.000000;1.000000;0.000000;0.000000;1.000000;0.000000;0.000000;0.000000;0.000000;0.000000;0.000000;0.000000;102.000000;-0.000000;-0.791668;-0.815140;0.583545;0.340524;0.983495;0.136422;0.163239;-0.504577;0.848013;0.068627;0.068627;0.000000;81.296174;0.917500;9.738771;8.791150;2.472641;6.113952;10.047766;0.663782;0.828124;-0.574246;3.679875;0.058824;0.058824;0.000000;9985.906350;0.181567;1.663120;1.666450;0.690172;0.476338;1.800640;0.146463;-0.163795;0.648545;0.627175;0.127451;0.127451;0.000000;306.422437;0.407669;0.773341;0.395220;7.042597;49.598174;7.084930;1.903433;0.177093;-1.017137;11.620675;0.078431;0.078431;1.505882;2590.550217;1.483073;5.691188;9.117150;15.503395;240.355248;16.514989;3.984642;-0.511203;0.336787;17.742875;0.117647;0.117647;1.003922;15563.142360;2.157456;0.000000;0.000000;0.553252;0.334067;-0.241068;-0.430014;0.000000;0.082738;-0.374218;0.000000;0.000000;0.154829;-0.303238;0.426704;0.509369;9.848997;5.922129;11.580563;6.283903;0.234478;0.000000;9.597703;1.005859;1.713533;102.924867;326.183407
1.000000;1.000000;0.000000;0.000000;1.000000;0.000000;0.000000;0.000000;0.000000;0.000000;0.000000;0.000000;102.000000;-0.000000;-0.773223;-0.856970;0.524525;0.275126;0.934345;0.155975;0.408652;-0.649159;0.847028;0.078431;0.078431;0.000000;75.014623;0.880252;9.931221;9.134350;2.443927;5.972781;10.227508;0.630832;0.847816;-0.474836;3.403900;0.068627;0.068627;0.000000;10364.792548;0.180857;1.657466;1.537750;0.915793;0.838677;1.893640;0.206362;0.055009;-0.235467;0.996550;0.137255;0.137255;0.000000;322.986489;0.636964;-4.199103;-4.015950;9.077565;82.402188;10.001733;1.888799;0.050959;-1.018294;14.930000;0.039216;0.039216;0.501961;6001.032812;1.733246;43.874116;29.291000;44.543010;1984.079738;62.522138;5.973111;0.710277;-0.299624;70.911875;0.029412;0.029412;0.000000;297544.768527;1.147976;0.000000;0.000000;0.638427;0.268663;-0.267551;-0.292559;0.000000;-0.276294;-0.266101;0.000000;0.000000;0.361605;-0.074219;0.558693;0.128377;10.034474;5.784253;11.739635;6.148281;0.161486;0.000000;10.151949;1.005859;1.717057;106.474923;4012.638293
1.000000;1.000000;0.000000;0.000000;1.000000;0.000000;0.000000;0.000000;0.000000;0.000000;0.000000;0.000000;102.000000;-0.000000;-0.900631;-0.888715;0.533104;0.284200;1.046583;0.137475;0.283414;0.073951;0.642905;0.098039;0.098039;0.000000;97.231406;0.763056;10.073825;9.530950;2.086924;4.355253;10.287721;0.546116;1.197091;0.930530;1.818475;0.098039;0.098039;0.000000;10573.278629;0.139303;1.210244;1.070100;0.887626;0.787880;1.500857;0.181805;0.809127;0.280656;1.093352;0.107843;0.107843;0.000000;189.581293;0.912246;-5.784647;-10.264000;11.790477;139.015339;13.133068;1.621604;0.396935;-0.910129;16.782000;0.019608;0.019608;0.501961;10503.197324;1.223258;68.344382;57.757500;32.203882;1037.089995;75.551602;5.853970;0.813895;0.343987;42.445000;0.039216;0.039216;0.000000;529329.751625;0.485727;0.000000;0.000000;0.246382;0.118322;-0.044507;0.375771;0.000000;-0.440841;-0.348420;0.000000;0.000000;0.414935;-0.343756;0.421812;-0.212192;10.181611;4.267352;12.006565;4.416930;0.268458;0.000000;9.830608;1.005859;1.287213;107.932550;5882.774640
1.000000;1.000000;0.000000;0.000000;1.000000;0.000000;0.000000;0.000000;0.000000;0.000000;0.000000;0.000000;102.000000;-0.000000;-0.639117;-0.798680;0.865779;0.749572;1.076124;0.132474;1.220066;1.411519;0.939257;0.068627;0.068627;0.000000;79.894265;1.413820;9.944964;9.749250;1.703724;2.902674;10.089845;0.414441;1.349973;2.087019;1.788250;0.117647;0.117647;0.000000;10236.077607;0.104706;1.430094;1.327650;0.678576;0.460466;1.582920;0.126839;0.221455;-0.759512;0.860225;0.039216;0.039216;0.000000;232.091108;0.477445;-1.355575;-2.074050;12.608086;158.963845;12.680750;1.586537;-0.104633;-1.266544;24.571250;0.039216;0.039216;0.501961;8294.606051;1.159349;41.925763;44.073000;36.363744;1322.321843;55.498571;4.330970;-0.247787;-0.412396;42.547000;0.068627;0.068627;0.000000;246759.172905;1.166260;0.000000;0.000000;-0.414519;0.177254;-0.213788;-0.203546;0.000000;-0.051313;-0.111474;0.000000;0.000000;0.370926;-0.154693;-0.068611;-0.027885;10.054525;2.869557;11.880629;3.094531;0.593877;0.000000;10.169744;1.005859;1.235908;103.963020;3243.398490
1.000000;1.000000;0.000000;0.000000;1.000000;0.000000;0.000000;0.000000;0.000000;0.000000;0.000000;0.000000;102.000000;-0.000000;-0.131570;-0.271450;0.799489;0.639183;0.810243;0.150588;0.762003;0.102765;0.727483;0.078431;0.078431;1.505882;34.364032;1.725730;9.355717;8.896350;1.813883;3.290173;9.529932;0.385379;1.473476;2.206602;1.867075;0.058824;0.058824;0.000000;9095.805417;0.125431;2.029175;2.104650;0.507040;0.257089;2.091564;0.116470;-0.112242;-1.220524;0.853025;0.088235;0.088235;0.000000;433.105712;0.201222;-1.749146;-2.611900;9.110735;83.005485;9.277122;1.451125;0.197505;-0.822098;11.915850;0.088235;0.088235;1.003922;4545.878159;1.700081;20.027348;21.599000;40.295936;1623.762471;44.998413;4.611178;-0.140349;-1.194663;72.366000;0.029412;0.029412;0.501961;123725.786331;1.290028;0.000000;0.000000;-0.152132;-0.248151;0.433565;-0.632930;0.000000;-0.054304;-0.376888;0.000000;0.000000;0.090469;0.281128;0.113756;0.015330;9.446343;3.242710;11.006045;3.341164;0.627096;0.000000;9.411854;1.005859;1.949783;92.476101;2115.296775
1.000000;1.000000;0.000000;0.000000;1.000000;0.000000;0.000000;0.000000;0.000000;0.000000;0.000000;0.000000;102.000000;-0.000000;0.182212;-0.174065;0.939333;0.882347;0.956843;0.152644;0.171865;-1.172331;1.526733;0.039216;0.039216;1.003922;48.386794;1.452255;9.480925;9.330200;1.859064;3.456119;9.661473;0.399961;1.093902;1.484386;2.482125;0.068627;0.068627;0.000000;9344.841857;0.129634;1.897729;2.125000;0.976814;0.954166;2.134372;0.109510;-0.605609;-0.690302;1.387400;0.039216;0.039216;0.000000;416.004026;0.488436;3.201897;1.758900;11.090955;123.009275;11.543891;1.531576;0.641401;-0.131556;13.365650;0.049020;0.049020;0.501961;7320.003330;1.768234;44.523683;42.884500;50.441968;2544.392088;67.281130;4.171545;-0.094303;-0.663912;54.717000;0.068627;0.068627;0.000000;331987.260278;1.308142;0.000000;0.000000;-0.051749;0.341147;-0.457715;-0.019169;0.000000;0.431759;-0.176378;0.000000;0.000000;0.355551;0.054137;0.048718;0.035968;9.586540;3.357872;11.293783;3.493538;0.887883;0.000000;9.603127;1.005859;2.128531;95.259615;4664.567425
1.000000;1.000000;0.000000;0.000000;1.000000;0.000000;0.000000;0.000000;0.000000;0.000000;0.000000;0.000000;102.000000;-0.000000;-0.119266;-0.221060;1.440845;2.076035;1.445773;0.215842;0.003166;-1.081459;2.623750;0.039216;0.039216;1.003922;107.332568;1.403332;9.519051;9.552800;1.231593;1.516820;9.598393;0.360965;-0.001022;-0.017796;1.484550;0.127451;0.127451;0.000000;9319.819775;0.064308;1.494696;1.376900;1.107867;1.227369;1.860507;0.137829;0.055872;-1.352251;2.070695;0.039216;0.039216;0.000000;290.478249;0.766703;0.636148;1.083895;15.465571;239.183891;15.478649;2.042116;-0.312342;-0.244058;18.369875;0.049020;0.049020;0.501961;12239.656210;1.321387;74.210156;88.421500;49.616230;2461.770284;89.268794;5.498545;-0.590551;-0.692373;81.743000;0.019608;0.019608;0.000000;687279.338929;0.674417;0.000000;0.000000;0.095484;0.515568;-0.662298;-0.232334;0.000000;0.567147;0.185787;0.000000;0.000000;0.380832;0.242665;-0.028864;0.365953;9.685349;1.413431;11.791421;2.144392;1.484037;0.000000;9.798369;1.005859;1.661224;95.219412;8211.967608
1.000000;1.000000;0.000000;0.000000;1.000000;0.000000;0.000000;0.000000;0.000000;0.000000;0.000000;0.000000;102.000000;-0.000000;-0.152151;-0.217560;1.372681;1.884254;1.381088;0.227321;0.057241;-0.729190;2.015395;0.049020;0.049020;1.003922;98.459312;1.683270;9.855769;9.309400;1.811244;3.280606;10.020817;0.536365;1.362763;1.700953;1.881100;0.068627;0.068627;0.000000;10075.202224;0.123061;1.647870;1.674250;0.947270;0.897320;1.900735;0.152867;0.262774;0.018432;1.266807;0.068627;0.068627;0.000000;322.761872;0.726902;-4.051877;-2.815250;11.413615;130.270615;12.111495;2.237338;-0.905897;0.726740;10.977150;0.068627;0.068627;1.003922;8318.420152;1.927736;40.272810;20.854000;54.733382;2995.743135;67.953237;6.130688;0.414120;-1.099393;95.207727;0.049020;0.049020;0.000000;318228.272360;1.417098;0.000000;0.000000;0.463887;0.344379;-0.626530;-0.332506;0.000000;0.527579;-0.172603;0.000000;0.000000;0.422801;0.000612;0.296658;0.377885;10.004488;3.234414;12.008703;3.969550;1.246446;0.000000;9.770992;1.005859;1.373702;103.324185;4767.943466
1.000000;1.000000;0.000000;0.000000;1.000000;0.000000;0.000000;0.000000;0.000000;0.000000;0.000000;0.000000;102.000000;-0.000000;-0.044320;-0.060697;0.907989;0.824445;0.909070;0.171939;0.569859;-0.499043;1.239912;0.068627;0.068627;1.505882;42.248479;1.510992;9.783545;8.879500;2.344729;5.497752;10.060592;0.615452;1.183034;0.631024;3.477900;0.058824;0.058824;0.000000;10043.596745;0.173758;1.828176;1.783600;0.776176;0.602449;1.986121;0.150860;0.706821;1.144530;0.721200;0.088235;0.088235;0.000000;371.635709;0.426891;-0.470541;-1.680550;8.431471;71.089696;8.444590;2.085966;-0.008362;-0.652507;11.019325;0.098039;0.098039;1.003922;3648.395310;1.917413;19.132369;16.146000;29.826505;889.620428;35.435405;4.643488;0.375876;-0.106327;42.249925;0.049020;0.049020;0.000000;82714.271883;1.779179;0.000000;0.000000;0.589957;0.427106;-0.667230;-0.490135;0.000000;0.490029;-0.300526;0.000000;0.000000;0.487971;-0.525624;0.439436;0.354288;9.878430;5.458533;11.538153;5.871495;0.513299;0.000000;9.968467;1.005859;1.924950;103.041916;1330.923737
1.000000;1.000000;0.000000;0.000000;1.000000;0.000000;0.000000;0.000000;0.000000;0.000000;0.000000;0.000000;102.000000;-0.000000;-0.802015;-0.912290;0.600159;0.360191;1.001709;0.142096;0.625950;-0.414242;0.693600;0.088235;0.088235;0.000000;83.992959;0.984939;9.578480;8.704100;2.458658;6.044997;9.888998;0.619636;1.561197;1.712570;2.081000;0.068627;0.068627;0.000000;9666.529548;0.206656;1.472376;1.740350;0.949532;0.901611;1.751999;0.170810;-0.761327;-0.269922;1.295833;0.068627;0.068627;0.000000;267.125825;0.806776;-5.128659;-5.959350;11.570430;133.874849;12.656144;2.207541;0.256771;-1.071864;18.807525;0.078431;0.078431;1.003922;9510.721871;1.637829;54.859244;61.956000;35.573001;1265.438373;65.383293;4.318416;-0.428648;-0.698607;54.414750;0.029412;0.029412;0.000000;371516.842545;0.739948;0.000000;0.000000;0.252133;0.381665;-0.432125;-0.468114;0.000000;0.346198;0.039135;0.000000;0.000000;0.367931;-0.544062;0.282105;0.486737;9.688688;5.925037;11.470247;6.129334;0.339272;0.000000;9.439862;1.005859;1.576517;99.795704;4438.222527
1.000000;1.000000;0.000000;0.000000;1.000000;0.000000;0.000000;0.000000;0.000000;0.000000;0.000000;0.000000;102.000000;-0.000000;-1.049866;-1.089350;0.718716;0.516553;1.272309;0.177503;3.001521;13.558923;0.669183;0.078431;0.078431;0.000000;138.797134;1.018772;10.157958;9.581050;2.282957;5.211893;10.411340;0.692094;1.384818;1.415079;2.101875;0.098039;0.098039;0.000000;10790.586477;0.167648;1.241443;1.235000;0.896807;0.804262;1.531484;0.162764;-0.296168;-0.616062;1.233395;0.068627;0.068627;0.000000;198.224975;0.941411;-7.457072;-9.867100;12.618567;159.228236;14.657290;2.097238;0.258979;-1.122580;20.292175;0.049020;0.049020;0.000000;13792.840510;1.481211;64.422699;64.091500;25.139514;631.995189;69.154026;4.769343;-0.255110;0.322508;35.114750;0.088235;0.088235;0.000000;455560.770603;0.376545;0.000000;0.000000;-0.138354;0.171410;-0.269084;0.242003;0.000000;0.002183;-0.267231;0.000000;0.000000;0.297155;-0.196630;0.172766;0.243362;10.291829;5.093026;12.340906;5.274554;0.510609;0.000000;10.134443;1.005859;1.144570;111.014772;4999.460938
1.000000;1.000000;0.000000;0.000000;1.000000;0.000000;0.000000;0.000000;0.000000;0.000000;0.000000;0.000000;102.000000;-0.000000;-0.773185;-0.859570;1.343073;1.803845;1.549729;0.254405;1.479173;2.379682;0.809803;0.176471;0.176471;0.000000;152.973799;1.820892;9.944886;9.490750;1.927913;3.716847;10.130035;0.534159;1.286198;1.688939;1.360275;0.107843;0.107843;0.000000;10277.451064;0.134079;1.414247;1.264800;0.950840;0.904096;1.704168;0.191454;0.672118;0.179956;1.008455;0.068627;0.068627;0.000000;250.122964;0.806683;-1.904555;-3.715250;16.637844;276.817869;16.746498;2.077062;0.821532;0.455099;22.975800;0.058824;0.058824;0.501961;14489.982665;1.496780;38.158081;49.660500;49.373845;2437.776535;62.400446;6.166194;-0.780230;-0.542599;70.990375;0.049020;0.049020;0.000000;272881.986588;1.535971;0.000000;0.000000;-0.548833;-0.136522;0.328089;-0.373858;0.000000;-0.078586;0.024607;0.000000;0.000000;0.131976;0.252964;0.065726;-0.149617;10.121095;3.582711;12.288047;4.517658;1.057694;0.000000;10.186892;1.005859;1.389176;106.019270;4177.165098
1.000000;1.000000;0.000000;0.000000;1.000000;0.000000;0.000000;0.000000;0.000000;0.000000;0.000000;0.000000;102.000000;-0.000000;-0.681156;-0.849285;1.234973;1.525159;1.410366;0.213909;1.322271;2.736024;0.740132;0.147059;0.147059;0.000000;125.113124;1.906595;9.663268;9.227300;1.782716;3.178076;9.826333;0.380361;0.921435;0.217082;1.994525;0.068627;0.068627;0.000000;9686.780217;0.120195;1.802305;1.816250;1.072279;1.149781;2.097161;0.210355;-0.139110;-0.934799;1.867355;0.058824;0.058824;0.000000;389.965777;0.637933;0.976773;-1.692200;18.748813;351.517996;18.774240;2.578661;0.570220;-0.427510;22.790750;0.068627;0.068627;1.003922;18025.544018;1.452087;33.118377;54.863000;61.271293;3754.171385;69.649108;7.214040;-0.450146;-1.285254;115.487500;0.039216;0.039216;0.501961;303340.646511;1.374120;0.000000;0.000000;-0.386258;0.081138;0.177023;-0.739575;0.000000;-0.087629;-0.153324;0.000000;0.000000;0.114416;0.210254;0.511610;0.280149;9.822536;3.063732;11.836570;3.572472;1.177330;0.000000;9.598198;1.005859;1.834407;99.545949;5207.868474
1.000000;1.000000;0.000000;0.000000;1.000000;0.000000;0.000000;0.000000;0.000000;0.000000;0.000000;0.000000;102.000000;-0.000000;-0.258549;-0.624565;1.109061;1.230016;1.138799;0.209284;0.722340;-0.295688;1.490848;0.068627;0.068627;1.003922;69.551181;1.701686;9.707534;9.313550;1.605568;2.577847;9.839414;0.421946;0.945057;0.200531;2.026625;0.117647;0.117647;0.000000;9743.564920;0.099114;1.836845;1.800500;1.096635;1.202609;2.139301;0.197276;0.172327;-1.316470;1.990208;0.058824;0.058824;0.000000;405.482168;0.629835;0.491350;-1.387550;16.471906;271.323677;16.479232;2.732525;0.218853;-0.700813;24.404750;0.068627;0.068627;1.003922;13866.033477;2.051272;61.628466;63.807500;55.958379;3131.340216;83.243066;8.886782;-0.664333;0.137656;71.435500;0.068627;0.068627;0.000000;547150.516628;1.283674;0.000000;0.000000;-0.200658;0.489431;-0.511418;-0.535482;0.000000;0.012151;-0.143005;0.000000;0.000000;0.385345;-0.094720;0.334541;0.421743;9.830622;2.469803;11.680874;2.693113;1.152453;0.000000;9.874544;1.005859;2.116134;99.110933;7205.549711
1.000000;1.000000;0.000000;0.000000;1.000000;0.000000;0.000000;0.000000;0.000000;0.000000;0.000000;0.000000;102.000000;-0.000000;-0.270579;-0.216535;1.568468;2.460091;1.591636;0.246139;-0.206083;-0.733743;2.362050;0.068627;0.068627;0.501961;132.945095;1.726075;9.733673;9.417650;1.654470;2.737270;9.873280;0.477604;1.324868;1.186048;1.775550;0.098039;0.098039;0.000000;9803.544877;0.105053;1.637974;1.404300;0.968738;0.938453;1.903001;0.174198;0.691754;-0.299160;1.263782;0.039216;0.039216;0.000000;321.527985;0.630822;-1.879442;-4.954000;11.811000;139.499726;11.959600;2.316115;0.533633;-0.724555;17.064825;0.049020;0.049020;0.501961;7475.779966;2.089776;62.442955;66.650000;57.675997;3326.520585;85.003784;8.124487;-0.101919;-1.272021;113.507700;0.049020;0.049020;0.000000;567381.158691;1.043474;0.000000;0.000000;0.221896;0.472226;-0.589408;-0.228754;0.000000;0.260600;-0.125759;0.000000;0.000000;0.332826;-0.123506;0.131971;0.372485;9.921622;2.576368;12.020246;3.222534;2.026286;0.000000;9.578957;1.005859;1.742382;101.014955;7372.296714
1.000000;1.000000;0.000000;0.000000;1.000000;0.000000;0.000000;0.000000;0.000000;0.000000;0.000000;0.000000;102.000000;-0.000000;-0.531178;-0.348120;1.276034;1.628263;1.382177;0.200383;-0.362123;0.223508;1.131417;0.058824;0.058824;1.003922;111.821050;1.596754;9.696008;9.124900;2.030446;4.122712;9.906325;0.581670;1.227737;0.727236;2.068500;0.098039;0.098039;0.000000;9799.542390;0.142612;1.703239;1.535650;0.899909;0.809836;1.926359;0.169129;1.309410;1.786029;0.889775;0.049020;0.049020;0.000000;337.208984;0.587534;-3.927140;-3.929350;9.948412;98.970895;10.695482;2.346637;0.150700;-0.285805;11.879165;0.127451;0.127451;0.501961;6620.871733;2.049601;23.767852;8.521500;48.751718;2376.730053;54.236895;5.796651;1.127084;0.205461;45.743000;0.068627;0.068627;0.000000;178857.276309;1.891712;0.000000;0.000000;0.604316;0.347903;-0.551222;-0.449645;0.000000;0.492353;-0.208369;0.000000;0.000000;0.299670;-0.238506;0.602328;0.528429;9.851215;3.999265;11.715484;4.925549;0.882367;0.000000;9.712768;1.005859;1.534536;101.045694;3059.745009
1.000000;1.000000;0.000000;0.000000;1.000000;0.000000;0.000000;0.000000;0.000000;0.000000;0.000000;0.000000;102.000000;-0.000000;-0.188066;-0.315985;0.637072;0.405861;0.664251;0.163586;1.080595;0.890114;0.576626;0.107843;0.107843;1.505882;24.310031;2.143124;9.408627;8.633700;2.196406;4.824199;9.661598;0.619816;1.395599;1.003451;2.381275;0.078431;0.078431;0.000000;9275.305780;0.178311;1.509513;1.620200;1.088110;1.183983;1.860810;0.172898;0.627617;0.513826;1.324155;0.049020;0.049020;0.000000;292.804800;0.851662;-0.974100;-1.403350;9.193855;84.526966;9.245314;2.135239;-0.266262;0.113697;10.649750;0.098039;0.098039;1.003922;4407.731289;1.961408;26.552785;23.225500;36.591270;1338.921052;45.210302;5.193572;0.667895;-0.429647;41.241875;0.088235;0.088235;0.000000;140211.809169;1.539306;0.000000;0.000000;0.812796;0.367117;-0.733526;-0.254605;0.000000;0.415286;-0.150068;0.000000;0.000000;0.481407;-0.223118;0.513617;0.374841;9.486329;4.797257;10.958930;5.150262;0.131582;0.000000;9.413637;1.005859;1.722842;94.787700;2132.909883
1.000000;1.000000;0.000000;0.000000;1.000000;0.000000;0.000000;0.000000;0.000000;0.000000;0.000000;0.000000;102.000000;-0.000000;-0.596001;-0.724940;0.763988;0.583678;0.968966;0.144808;0.927582;1.542281;0.693540;0.039216;0.039216;0.000000;65.999906;1.419187;9.822230;9.055900;2.077132;4.314479;10.039457;0.574017;1.221938;0.854368;2.202175;0.068627;0.068627;0.000000;10060.622314;0.147911;1.595842;1.850450;0.881029;0.776213;1.822889;0.163825;-0.724884;-0.438879;0.974250;0.058824;0.058824;0.000000;299.351596;0.617638;-0.972224;-1.935000;9.743430;94.934430;9.791815;1.770673;0.082849;-1.113278;15.149100;0.078431;0.078431;0.501961;4938.503105;1.609033;58.682036;63.128500;31.651611;1001.824451;66.673876;4.465002;-0.667257;-0.439132;47.797750;0.058824;0.058824;0.000000;402343.324879;0.572791;0.000000;0.000000;0.320932;0.212062;-0.536991;-0.467269;0.000000;0.184477;0.007323;0.000000;0.000000;-0.096317;-0.425685;0.290534;0.225272;9.920769;4.307931;11.648626;4.426146;0.520508;0.000000;9.736877;1.005859;1.566252;102.729585;4544.608339
1.000000;1.000000;0.000000;0.000000;1.000000;0.000000;0.000000;0.000000;0.000000;0.000000;0.000000;0.000000;102.000000;-0.000000;-0.563330;-0.946290;1.774731;3.149669;1.861991;0.232245;2.270489;4.562408;1.064110;0.058824;0.058824;1.505882;193.005538;2.005208;10.124203;9.456250;1.919663;3.685108;10.304591;0.518159;1.285601;1.236779;1.719325;0.107843;0.107843;0.000000;10642.909696;0.130722;1.904668;1.873300;0.860404;0.740296;2.089990;0.204942;0.378348;-0.178994;1.137900;0.088235;0.088235;0.000000;407.796160;0.507791;-4.504107;-6.396550;11.042113;121.928267;11.925403;2.076257;0.382588;-1.071315;18.946275;0.098039;0.098039;1.003922;8287.623055;1.364407;59.591366;61.406500;23.779221;565.451330;64.160597;5.471891;-1.265406;2.382263;24.990000;0.117647;0.117647;0.000000;391053.672300;0.405990;0.000000;0.000000;-0.388260;0.391409;-0.287722;-0.256521;0.000000;0.271987;-0.207320;0.000000;0.000000;0.684936;-0.177545;-0.171350;0.236489;10.360746;3.306537;12.575954;4.814163;2.088284;0.000000;10.427388;1.005859;1.923492;110.651602;4263.165500
1.000000;1.000000;0.000000;0.000000;1.000000;0.000000;0.000000;0.000000;0.000000;0.000000;0.000000;0.000000;102.000000;-0.000000;-0.240205;-0.397960;1.809954;3.275935;1.825824;0.275555;1.670641;2.692015;1.820420;0.088235;0.088235;1.003922;172.957945;1.648683;9.784882;9.456250;1.794803;3.221317;9.948127;0.416666;1.224675;1.373322;1.483925;0.117647;0.117647;0.000000;9930.173006;0.113983;1.586846;1.325700;0.986393;0.972971;1.868435;0.194529;0.714384;-0.356354;1.483872;0.049020;0.049020;0.000000;306.469910;0.673098;-1.933328;0.323185;11.447926;131.055000;11.610028;1.868259;-0.195557;-1.268550;19.921750;0.058824;0.058824;0.501961;7065.218830;1.750894;25.525812;45.282500;56.692692;3214.061359;62.174178;6.065723;-0.365625;-1.109767;100.781250;0.029412;0.029412;1.003922;230390.311858;1.619439;0.000000;0.000000;-0.566792;0.401592;0.092023;-0.713541;0.000000;0.168783;-0.078283;0.000000;0.000000;0.530804;-0.010843;0.075772;0.212661;10.015398;2.990684;12.080443;5.140455;1.421127;0.000000;9.961653;1.005859;1.706375;103.298873;4003.912231
1.000000;1.000000;0.000000;0.000000;1.000000;0.000000;0.000000;0.000000;0.000000;0.000000;0.000000;0.000000;102.000000;-0.000000;-0.305600;-0.242975;1.017079;1.034449;1.061998;0.190897;0.321078;-0.371399;1.430655;0.058824;0.058824;1.505882;62.290549;1.732356;9.797676;9.465800;1.736377;3.015004;9.950350;0.375073;0.831601;-0.058526;2.104400;0.068627;0.068627;0.000000;9945.268809;0.113334;1.736750;1.674250;0.872656;0.761529;1.943664;0.157225;0.127056;-1.063693;1.462350;0.058824;0.058824;0.000000;346.501202;0.519563;1.807822;4.665550;11.620781;135.042559;11.760560;1.911457;-0.322910;-0.552479;14.818200;0.068627;0.068627;2.007843;7222.578634;2.048288;23.944263;33.049000;63.297728;4006.602420;67.675181;5.660198;-0.029202;-1.400929;120.953250;0.019608;0.019608;0.501961;262821.997598;1.192139;0.000000;0.000000;-0.431822;0.410389;0.148217;-0.635712;0.000000;-0.092048;-0.274717;0.000000;0.000000;0.137592;-0.049953;0.436047;0.571093;9.907511;2.978533;11.641750;3.307039;0.782508;0.000000;9.784766;1.005859;1.596415;101.137309;4722.018765
1.000000;1.000000;0.000000;0.000000;1.000000;0.000000;0.000000;0.000000;0.000000;0.000000;0.000000;0.000000;102.000000;-0.000000;0.129481;-0.209335;1.293165;1.672274;1.299631;0.176735;0.353023;-1.204689;2.263525;0.039216;0.039216;1.003922;86.996071;0.828656;9.691697;9.486000;1.638049;2.683203;9.829150;0.374293;0.692322;0.178885;2.144025;0.058824;0.058824;0.000000;9717.600611;0.100171;1.764600;1.751950;1.012142;1.024432;2.034268;0.143900;0.198614;-1.281899;1.894980;0.039216;0.039216;0.000000;369.856857;0.580902;-0.114906;-0.882080;12.880015;165.894790;12.880528;1.994499;0.519904;-0.238505;15.358000;0.068627;0.068627;1.505882;8462.310638;1.705218;67.000184;77.872000;49.250947;2425.655798;83.154558;5.760572;-0.552862;-0.602121;67.553000;0.029412;0.029412;0.000000;581614.502027;0.816706;0.000000;0.000000;-0.371031;0.701580;-0.619035;-0.494351;0.000000;0.276802;-0.360554;0.000000;0.000000;0.535692;-0.210652;0.045117;0.410581;9.841014;2.455677;11.814206;3.143005;1.255597;0.000000;9.842513;1.005859;2.114662;99.301235;7084.726694
1.000000;1.000000;0.000000;0.000000;1.000000;0.000000;0.000000;0.000000;0.000000;0.000000;0.000000;0.000000;102.000000;-0.000000;-0.186589;-0.366655;1.554079;2.415160;1.565240;0.192325;0.076673;-1.140735;2.593350;0.039216;0.039216;1.003922;126.724687;1.131322;9.387087;9.423350;1.358295;1.844966;9.484850;0.366871;0.929925;1.809470;1.632650;0.078431;0.078431;0.000000;9082.074394;0.081518;1.670843;1.709950;0.930450;0.865737;1.912447;0.142920;0.231075;-1.069305;1.702080;0.039216;0.039216;0.000000;328.908621;0.565839;-1.524837;-0.821610;12.304310;151.396054;12.398435;1.859194;0.437194;0.122854;12.921600;0.058824;0.058824;0.501961;7959.054346;1.439315;68.322490;85.609500;48.706097;2372.283880;83.906176;5.796662;-0.555932;-0.890592;81.347250;0.019608;0.019608;0.000000;597121.165379;0.716044;0.000000;0.000000;0.113313;0.623990;-0.680190;-0.534788;0.000000;0.265542;0.190819;0.000000;0.000000;0.359211;0.108072;0.005165;0.213776;9.582588;1.586355;11.750222;2.526984;1.775322;0.000000;9.405233;1.005859;1.649726;93.412349;7197.625087
1.000000;1.000000;0.000000;0.000000;1.000000;0.000000;0.000000;0.000000;0.000000;0.000000;0.000000;0.000000;102.000000;-0.000000;-0.629586;-0.690480;1.155937;1.336191;1.316271;0.200206;-0.008513;-0.734307;1.370223;0.068627;0.068627;0.000000;108.580047;1.678072;9.659172;8.919100;2.024871;4.100101;9.869128;0.561269;1.374909;1.200588;1.839375;0.049020;0.049020;0.000000;9725.704898;0.148871;2.087461;2.020700;1.071454;1.148013;2.346382;0.219431;1.279055;2.081094;1.084300;0.117647;0.117647;0.000000;503.014738;0.560097;-2.833285;-1.014860;11.930731;142.342349;12.262538;2.530602;-0.093490;-0.819643;18.342500;0.058824;0.058824;1.003922;8078.273586;2.038595;28.991836;15.398500;46.088997;2124.195621;54.449262;7.244737;0.311076;-1.303927;85.733675;0.049020;0.049020;0.000000;194074.496524;1.601849;0.000000;0.000000;0.647605;0.402555;-0.433145;-0.528788;0.000000;0.301664;-0.259748;0.000000;0.000000;0.360504;0.080297;0.497796;0.611849;9.810983;3.876886;11.750969;4.816574;0.673543;0.000000;9.621206;1.005859;1.934338;100.132266;3120.597545
1.000000;1.000000;0.000000;0.000000;1.000000;0.000000;0.000000;0.000000;0.000000;0.000000;0.000000;0.000000;102.000000;-0.000000;-0.599521;-0.673320;0.690310;0.476528;0.914305;0.162707;0.618789;0.180013;0.866502;0.088235;0.088235;0.000000;60.969602;1.506801;9.673924;8.569450;2.424261;5.877042;9.973056;0.676133;1.331192;0.692188;2.771675;0.049020;0.049020;0.000000;9845.396518;0.202150;1.874943;1.768000;1.208634;1.460797;2.230742;0.222467;0.950755;1.519838;1.193450;0.107843;0.107843;0.000000;433.095061;0.766150;-2.369631;-2.340400;12.819473;164.338882;13.036642;2.807638;-0.015330;-1.092832;21.722850;0.088235;0.088235;1.505882;8955.506866;2.070376;22.377832;14.400500;44.696184;1997.748868;49.985160;7.351400;0.537631;-0.790730;69.928500;0.049020;0.049020;0.000000;152973.374425;1.907970;0.000000;0.000000;0.719147;0.552379;-0.613647;-0.599079;0.000000;0.528168;-0.215337;0.000000;0.000000;0.533976;-0.319318;0.411296;0.420843;9.776948;5.709082;11.456907;6.193818;0.222658;0.000000;9.870535;1.005859;2.067775;101.297791;2673.446488
1.000000;1.000000;0.000000;0.000000;1.000000;0.000000;0.000000;0.000000;0.000000;0.000000;0.000000;0.000000;102.000000;-0.000000;-0.840829;-0.936605;0.547208;0.299436;1.003210;0.125246;0.238386;-1.085642;0.956387;0.078431;0.078431;0.000000;87.385070;0.727788;9.664225;8.673150;2.309209;5.332445;9.936281;0.638756;1.346750;1.041307;2.101275;0.068627;0.068627;0.000000;9798.498044;0.180470;1.667743;1.725150;1.211671;1.468147;2.061435;0.205395;0.332214;0.085003;1.561982;0.078431;0.078431;0.000000;358.575576;0.801348;-4.398075;-6.303150;11.303861;127.777265;12.129317;2.293372;0.208422;-0.644861;14.438500;0.107843;0.107843;1.003922;8490.126450;1.753356;56.960756;61.843000;46.950102;2204.312087;73.816257;5.589033;-0.475178;-0.916667;61.906750;0.029412;0.029412;0.000000;443370.261718;0.937231;0.000000;0.000000;0.602119;0.559758;-0.371843;-0.646292;0.000000;0.440366;-0.107205;0.000000;0.000000;0.690828;-0.325353;0.466463;0.151623;9.775932;5.167262;11.528421;5.498860;0.188784;0.000000;9.613943;1.005859;1.718705;100.736111;5600.209644
1.000000;1.000000;0.000000;0.000000;1.000000;0.000000;0.000000;0.000000;0.000000;0.000000;0.000000;0.000000;102.000000;-0.000000;-1.194241;-1.067100;0.830982;0.690531;1.454903;0.162642;-0.662059;0.008159;1.075258;0.049020;0.049020;0.000000;180.696621;0.861276;10.207472;9.722450;1.986852;3.947582;10.399041;0.554376;0.886641;0.253622;2.228775;0.098039;0.098039;0.000000;10828.965137;0.132210;1.521549;1.499200;1.212048;1.469061;1.945295;0.204833;0.646060;0.228452;1.807077;0.049020;0.049020;0.000000;311.071735;0.984554;-4.555229;-7.866100;13.512308;182.582461;14.259473;2.091391;1.013069;0.179646;14.782702;0.058824;0.058824;0.501961;11429.094072;1.753171;55.684672;43.874500;34.107142;1163.297126;65.299922;5.490535;0.273429;-0.672420;58.173500;0.049020;0.049020;0.000000;375612.123731;0.694884;0.000000;0.000000;-0.047520;0.388231;-0.153388;-0.353963;0.000000;0.128010;-0.400817;0.000000;0.000000;0.677952;0.019603;0.355508;0.156390;10.359154;3.944727;12.418054;3.988575;0.695460;0.000000;10.145617;1.005859;1.756231;111.256800;4471.196558
1.000000;1.000000;0.000000;0.000000;1.000000;0.000000;0.000000;0.000000;0.000000;0.000000;0.000000;0.000000;102.000000;-0.000000;-0.860988;-1.003510;1.422489;2.023474;1.662761;0.205975;1.121132;1.475324;1.242925;0.049020;0.049020;0.000000;178.810438;1.495904;9.966386;9.664400;1.667372;2.780130;10.104899;0.418686;0.986985;0.576788;1.546875;0.107843;0.107843;0.000000;10273.364179;0.101116;1.663415;1.591150;0.901274;0.812294;1.891889;0.178011;0.100290;-0.341556;1.202875;0.058824;0.058824;0.000000;323.656268;0.586884;-2.188117;-7.479750;19.346125;374.272565;19.469474;2.010450;0.200095;-1.249977;34.779000;0.019608;0.019608;0.501961;19576.418227;1.010511;32.504093;34.255500;32.229003;1038.708665;45.773624;4.902505;-0.336742;-0.066708;21.075250;0.107843;0.107843;0.000000;160759.419839;1.290929;0.000000;0.000000;-0.508281;0.366613;-0.273498;-0.808375;0.000000;-0.124479;-0.252478;0.000000;0.000000;0.576253;0.158720;-0.085173;0.249103;10.153223;2.785819;12.381816;3.701612;1.149553;0.000000;10.164840;1.005859;1.524221;105.873760;2477.864360
1.000000;1.000000;0.000000;0.000000;1.000000;0.000000;0.000000;0.000000;0.000000;0.000000;0.000000;0.000000;102.000000;-0.000000;-0.137501;-0.631295;1.364534;1.861953;1.371444;0.187842;1.061231;-0.070139;1.538480;0.029412;0.029412;0.501961;96.893774;1.752938;9.460303;9.154000;1.623225;2.634859;9.598551;0.360071;1.154740;0.862010;1.918225;0.088235;0.088235;0.000000;9263.106651;0.103253;1.983558;1.866400;0.752871;0.566815;2.121630;0.161050;0.451659;-0.884866;1.190875;0.049020;0.049020;0.000000;430.227760;0.376611;-2.670129;-3.208500;18.073652;326.656904;18.269825;1.771979;-0.081502;-1.041017;27.239175;0.039216;0.039216;0.501961;17387.219053;1.151225;19.284867;31.984000;52.420156;2747.872742;55.854980;4.233109;-0.050882;-1.488324;96.352750;0.019608;0.019608;0.501961;178076.181975;1.015477;0.000000;0.000000;-0.348543;0.080884;0.247373;-0.811509;0.000000;-0.218725;-0.379695;0.000000;0.000000;0.515301;0.361391;0.242517;0.301673;9.616760;2.530984;11.617034;3.142542;1.398792;0.000000;9.450708;1.005859;2.008186;95.013050;3458.066634
1.000000;1.000000;0.000000;0.000000;1.000000;0.000000;0.000000;0.000000;0.000000;0.000000;0.000000;0.000000;102.000000;-0.000000;0.083877;-0.217155;1.205678;1.453659;1.208592;0.187486;0.296923;-1.181482;2.050553;0.039216;0.039216;1.003922;74.854255;1.141720;9.500548;9.205050;1.686715;2.845009;9.649115;0.354402;0.806205;0.589473;1.770075;0.058824;0.058824;0.000000;9351.660233;0.106300;2.058078;1.981700;1.033761;1.068662;2.303117;0.143707;0.039039;-0.925292;1.654125;0.058824;0.058824;0.000000;486.541701;0.502340;0.418083;-0.684270;17.821935;317.621355;17.826838;2.281605;0.310758;-0.584327;23.307000;0.049020;0.049020;1.003922;16217.018317;1.358876;31.239000;38.369500;54.378672;2957.040005;62.712958;4.324287;-0.229049;-1.115686;102.617000;0.029412;0.029412;0.000000;250393.541787;1.596075;0.000000;0.000000;-0.016837;0.523085;-0.002328;-0.508474;0.000000;0.135512;-0.319068;0.000000;0.000000;0.445629;0.433921;0.226607;0.405762;9.632429;2.782422;11.562297;2.874028;1.467201;0.000000;9.611496;1.005859;1.993504;95.566116;4256.015623
1.000000;1.000000;0.000000;0.000000;1.000000;0.000000;0.000000;0.000000;0.000000;0.000000;0.000000;0.000000;102.000000;-0.000000;-0.604208;-1.091350;1.447963;2.096596;1.568969;0.192221;0.119512;-1.254597;2.517200;0.039216;0.039216;1.003922;144.166391;1.638648;9.513426;9.318600;1.276346;1.629060;9.598664;0.336517;0.341493;1.638561;1.169425;0.098039;0.098039;0.000000;9314.621918;0.067335;1.722463;1.491650;1.103151;1.216942;2.045439;0.138865;0.490683;-0.763763;1.494825;0.068627;0.068627;0.000000;364.686153;0.659779;-2.850874;-5.240300;16.366124;267.850008;16.612570;2.157821;1.096780;0.540647;15.021873;0.068627;0.068627;0.501961;14489.705080;1.699366;75.098691;80.826000;38.137256;1454.450325;84.227452;4.974317;-0.164129;-1.301527;68.372750;0.019608;0.019608;0.000000;649440.945455;0.482490;0.000000;0.000000;0.182221;0.744675;-0.746457;-0.508175;0.000000;0.345400;-0.168432;0.000000;0.000000;0.399299;0.094381;0.209028;0.525233;9.697283;1.558716;11.908672;2.295278;1.467266;0.000000;9.686169;1.005859;2.000328;95.596006;7374.425055
1.000000;1.000000;0.000000;0.000000;1.000000;0.000000;0.000000;0.000000;0.000000;0.000000;0.000000;0.000000;102.000000;-0.000000;-1.070583;-0.935620;0.978673;0.957802;1.450500;0.159388;-0.091570;-0.396271;1.182937;0.039216;0.039216;0.000000;165.755178;1.025972;9.449452;9.150400;1.312515;1.722695;9.540170;0.472387;1.113979;1.010489;1.392250;0.137255;0.137255;0.000000;9195.656253;0.076189;1.512835;1.487950;0.650527;0.423186;1.646771;0.142711;-0.173881;-0.914195;1.034575;0.078431;0.078431;0.000000;255.027498;0.407603;-4.257615;-3.228500;6.910933;47.761002;8.117160;1.623877;-0.110118;-0.138952;7.107977;0.117647;0.117647;0.000000;4284.803377;1.654228;50.773483;37.149500;51.420515;2644.069367;72.263517;5.141378;0.028251;-1.129350;84.500750;0.009804;0.009804;0.000000;397811.046876;0.939325;0.000000;0.000000;0.113792;0.424837;-0.724147;-0.450247;0.000000;0.118411;-0.102721;0.000000;0.000000;0.197989;-0.057789;0.228197;0.046040;9.616668;1.638492;11.650065;1.766999;0.940037;0.000000;9.728922;1.005859;1.369876;94.118788;5290.616036
1.000000;1.000000;0.000000;0.000000;1.000000;0.000000;0.000000;0.000000;0.000000;0.000000;0.000000;0.000000;102.000000;-0.000000;-0.739653;-0.812885;0.593951;0.352778;0.948612;0.128829;0.352716;-0.266702;0.740355;0.088235;0.088235;0.000000;73.804226;1.131855;9.701952;8.786950;2.022269;4.089570;9.910471;0.616342;0.983213;-0.333799;2.814725;0.107843;0.107843;0.000000;9809.693579;0.153069;1.982041;2.026900;0.769197;0.591663;2.126065;0.180987;0.826444;0.766646;0.946825;0.107843;0.107843;0.000000;430.880992;0.375913;1.297018;-0.383325;7.741161;59.925573;7.849066;2.083824;0.038405;-0.752458;11.562025;0.078431;0.078431;1.505882;3228.055032;1.957346;11.446428;11.617500;24.775066;613.803880;27.291475;5.020140;-0.532496;-0.416023;35.559050;0.088235;0.088235;0.000000;44669.057169;1.879417;0.000000;0.000000;0.450248;0.333672;-0.500951;-0.242603;0.000000;0.056600;-0.298002;0.000000;0.000000;0.345984;-0.143169;0.370683;0.363927;9.805612;3.967284;11.527283;4.207515;0.278818;0.000000;9.729065;1.005859;2.034775;100.117307;810.952576
1.000000;1.000000;0.000000;0.000000;1.000000;0.000000;0.000000;0.000000;0.000000;0.000000;0.000000;0.000000;102.000000;-0.000000;-0.789035;-0.912760;0.669184;0.447807;1.034593;0.151539;0.676107;-0.452235;0.816500;0.107843;0.107843;0.000000;86.343016;1.076685;10.016344;9.029950;2.098143;4.402204;10.233736;0.538504;0.822072;-0.513168;3.551900;0.049020;0.049020;0.000000;10457.885658;0.137997;1.619618;1.566800;1.215366;1.477115;2.024914;0.201313;0.142735;-0.554105;1.220560;0.088235;0.088235;0.000000;342.897836;0.862308;-2.606994;-3.442950;10.645042;113.316913;10.959623;2.287984;-0.013559;-0.873215;17.002850;0.098039;0.098039;1.003922;6472.814866;1.869998;35.838358;40.260500;37.189425;1383.053324;51.647277;6.824109;0.192031;-0.304559;52.368500;0.049020;0.049020;0.000000;201550.886878;1.196737;0.000000;0.000000;0.656574;0.658415;-0.716842;-0.767689;0.000000;0.300394;-0.319183;0.000000;0.000000;0.621358;-0.206416;0.460781;0.430426;10.128101;4.221309;11.942949;4.652160;0.245871;0.000000;10.058348;1.005859;1.872579;106.799736;2791.654851
1.000000;1.000000;0.000000;0.000000;1.000000;0.000000;0.000000;0.000000;0.000000;0.000000;0.000000;0.000000;102.000000;-0.000000;-0.755761;-0.773985;0.619105;0.383291;0.976968;0.139354;0.267021;-0.697463;0.995185;0.078431;0.078431;0.000000;77.807982;0.949307;9.902426;9.608400;1.473432;2.171001;10.011446;0.404163;1.191126;1.781108;1.582475;0.088235;0.088235;0.000000;10112.757603;0.087199;1.304990;1.390700;1.028584;1.057985;1.661620;0.169133;0.163035;-0.433494;1.497950;0.058824;0.058824;0.000000;227.662967;0.870913;-2.348033;-7.297400;14.404491;207.489354;14.594609;2.160431;0.804449;-0.316739;19.089175;0.049020;0.049020;1.003922;11144.322295;1.449556;62.898707;65.715500;32.202056;1036.972416;70.662718;6.910168;-0.578808;0.642745;38.576000;0.078431;0.078431;0.000000;456423.387222;0.537595;0.000000;0.000000;0.305986;0.424947;-0.616092;-0.543195;0.000000;-0.099317;-0.509512;0.000000;0.000000;0.667684;-0.086847;0.482215;0.450748;10.004518;2.093136;11.729760;2.235484;0.344097;0.000000;9.918584;1.005859;1.145915;102.183517;5208.983336
1.000000;1.000000;0.000000;0.000000;1.000000;0.000000;0.000000;0.000000;0.000000;0.000000;0.000000;0.000000;102.000000;-0.000000;-0.480105;-0.653490;1.178627;1.389162;1.272660;0.175803;1.074745;1.476943;1.151112;0.049020;0.049020;1.505882;94.367212;1.765802;9.702854;9.457800;1.661929;2.762008;9.844155;0.388673;2.033386;5.321572;1.017925;0.117647;0.117647;0.000000;9743.691942;0.109239;1.519871;1.436050;0.668443;0.446816;1.660369;0.153137;0.350489;-0.227978;0.929375;0.058824;0.058824;0.000000;258.409549;0.460024;-6.529439;-12.394000;16.355014;267.486470;17.610225;1.986971;0.855817;-0.240397;18.476565;0.039216;0.039216;0.501961;17990.462321;1.548202;55.920592;58.730500;29.435671;866.458711;63.194710;5.784808;-0.113095;-0.878494;44.687750;0.068627;0.068627;0.000000;363157.797326;0.583175;0.000000;0.000000;-0.521520;0.207776;-0.198885;0.002361;0.000000;0.013113;-0.344612;0.000000;0.000000;0.766524;0.016848;-0.436542;-0.024981;9.840261;2.696303;11.716803;3.339070;0.853201;0.000000;9.843038;1.005859;1.479276;99.527045;4306.448204
1.000000;1.000000;0.000000;0.000000;1.000000;0.000000;0.000000;0.000000;0.000000;0.000000;0.000000;0.000000;102.000000;-0.000000;-0.509217;-0.611845;1.173862;1.377951;1.279552;0.172892;1.138134;1.680351;0.908375;0.098039;0.098039;1.003922;96.724488;1.603756;9.692504;9.492400;1.861303;3.464448;9.869604;0.428193;1.771314;3.321723;1.068400;0.147059;0.147059;0.000000;9759.040495;0.130816;1.669157;1.464200;0.773650;0.598534;1.839733;0.145677;0.658771;-0.526509;1.081125;0.058824;0.058824;0.000000;314.705960;0.448173;-2.774782;-4.064100;16.436392;270.154969;16.668965;1.636142;0.075655;-1.305327;30.812500;0.029412;0.029412;0.501961;14563.264109;1.106623;14.081077;21.580000;41.303413;1705.971936;43.637698;5.455749;-0.049480;-1.227558;69.138000;0.049020;0.049020;0.501961;107232.369061;1.453259;0.000000;0.000000;-0.409073;0.249969;0.162780;-0.706472;0.000000;0.200571;-0.120852;0.000000;0.000000;0.470633;0.025285;0.020042;-0.168926;9.832198;3.374211;11.726334;3.832537;1.057806;0.000000;9.866331;1.005859;1.632665;100.046333;2185.487680
1.000000;1.000000;0.000000;0.000000;1.000000;0.000000;0.000000;0.000000;0.000000;0.000000;0.000000;0.000000;102.000000;-0.000000;-0.444293;-0.479875;0.615299;0.378593;0.758939;0.140396;0.597249;0.870340;0.607897;0.107843;0.107843;0.000000;39.449409;1.822104;9.826840;9.669700;1.875063;3.515860;10.004132;0.454977;0.755375;0.556704;1.529475;0.107843;0.107843;0.000000;10029.161440;0.127447;2.114242;2.123650;0.763501;0.582933;2.247877;0.160498;0.061887;-0.870619;1.154775;0.107843;0.107843;0.000000;485.675864;0.340447;2.115494;0.212601;14.376305;206.678157;14.531121;2.122424;-0.131556;-1.172833;24.902875;0.029412;0.029412;0.501961;10999.113440;1.528018;11.506888;23.727000;41.077713;1687.378497;42.658961;5.360871;-0.109945;-1.481519;75.562000;0.019608;0.019608;0.501961;99561.968383;1.130931;0.000000;0.000000;-0.068476;-0.082653;0.561817;-0.552457;0.000000;-0.098558;-0.199106;0.000000;0.000000;0.116672;0.082379;0.362532;0.205335;9.909257;3.465263;11.463069;3.552678;0.380333;0.000000;9.931720;1.005859;2.020921;101.658637;2035.993398
1.000000;1.000000;0.000000;0.000000;1.000000;0.000000;0.000000;0.000000;0.000000;0.000000;0.000000;0.000000;102.000000;-0.000000;0.243777;-0.166495;1.059273;1.122060;1.086962;0.183970;0.998659;0.189676;1.627003;0.068627;0.068627;1.003922;63.289792;1.641771;9.557005;9.449750;1.863157;3.471353;9.736924;0.427602;0.615236;0.686714;1.611075;0.117647;0.117647;0.000000;9493.347296;0.127597;2.437534;2.192950;0.933561;0.871536;2.610194;0.192596;0.509118;-0.740148;1.388400;0.068627;0.068627;0.000000;650.497861;0.383587;-2.586927;-4.296450;12.793917;163.684323;13.052835;2.637566;0.354049;-0.703044;19.532200;0.078431;0.078431;2.007843;9031.159157;2.109539;54.115854;54.944000;33.426655;1117.341254;63.607129;6.035059;-0.630605;0.519425;42.652250;0.068627;0.068627;0.000000;355701.656144;0.736602;0.000000;0.000000;-0.336032;0.500698;-0.429757;-0.005199;0.000000;0.000906;-0.536945;0.000000;0.000000;0.359622;-0.016196;0.163912;0.429259;9.679342;3.299517;11.394957;3.681733;0.957159;0.000000;9.749182;1.005859;2.453903;96.989183;4223.056525
1.000000;1.000000;0.000000;0.000000;1.000000;0.000000;0.000000;0.000000;0.000000;0.000000;0.000000;0.000000;102.000000;-0.000000;-0.224715;-0.462310;1.445471;2.089387;1.462834;0.166863;0.452439;-0.587346;2.216318;0.039216;0.039216;0.501961;111.709555;1.218981;9.386693;9.473650;1.119034;1.252238;9.453161;0.328327;-0.331361;1.835000;1.131400;0.156863;0.156863;0.000000;9051.124932;0.057710;2.373311;2.128250;0.951335;0.905039;2.556882;0.156547;0.708703;-0.551314;1.245275;0.068627;0.068627;0.000000;620.684503;0.372539;2.891110;5.296300;11.954512;142.910361;12.299141;2.143004;-0.191212;-1.164363;19.544775;0.058824;0.058824;2.007843;8141.163594;1.525007;68.930262;76.300000;41.282437;1704.239586;80.346877;5.818212;-0.137235;-0.651260;63.262750;0.039216;0.039216;0.000000;571560.987339;0.660928;0.000000;0.000000;-0.328078;0.390896;-0.217738;-0.537845;0.000000;-0.073801;-0.334183;0.000000;0.000000;0.441247;0.042161;0.124562;0.584323;9.558303;1.140966;11.617423;2.369933;1.004777;0.000000;9.272152;1.005859;2.525992;92.502130;6613.427092
1.000000;1.000000;0.000000;0.000000;1.000000;0.000000;0.000000;0.000000;0.000000;0.000000;0.000000;0.000000;102.000000;-0.000000;-0.741432;-0.835810;1.021368;1.043193;1.262107;0.153546;0.272563;-0.890564;1.490970;0.039216;0.039216;0.000000;109.284148;1.250818;9.672856;9.452550;1.099449;1.208789;9.735139;0.395710;0.617365;0.053498;1.381250;0.127451;0.127451;0.000000;9605.202905;0.052775;1.998438;2.034850;0.797534;0.636061;2.151701;0.130588;0.187166;-0.260736;1.014550;0.078431;0.078431;0.000000;439.805829;0.374301;-0.200502;-3.196750;10.598171;112.321233;10.600068;1.701171;0.335551;-1.005960;17.934300;0.029412;0.029412;1.003922;5733.415075;1.742359;36.959582;20.705500;48.858766;2387.179000;61.263282;5.037370;0.899251;-0.333298;56.939650;0.009804;0.009804;0.000000;261083.245800;1.323229;0.000000;0.000000;0.338114;0.416656;0.285919;-0.094837;0.000000;0.104142;-0.404259;0.000000;0.000000;0.415889;-0.071065;0.423536;0.250254;9.808353;1.162065;11.739830;1.529593;0.744686;0.000000;9.561312;1.005859;2.135022;97.365844;3870.180976
1.000000;1.000000;0.000000;0.000000;1.000000;0.000000;0.000000;0.000000;0.000000;0.000000;0.000000;0.000000;102.000000;-0.000000;-0.436274;-0.465355;0.678658;0.460577;0.806791;0.152378;0.364915;-0.599136;1.017557;0.098039;0.098039;0.000000;42.903744;1.607685;9.546828;9.232200;1.748309;3.056585;9.705592;0.529608;1.018656;0.604511;1.979825;0.127451;0.127451;0.000000;9452.369711;0.115062;1.791601;1.896100;0.689029;0.474761;1.919530;0.151073;0.036470;-0.871965;1.111825;0.107843;0.107843;0.000000;351.617511;0.372016;-2.764295;-4.338850;6.472927;41.898787;7.038474;1.838882;0.965040;0.043430;7.495202;0.117647;0.117647;0.000000;2916.254235;2.056385;-0.659207;2.026550;20.016208;400.648564;20.027060;5.100272;-0.578082;-0.092798;30.779500;0.107843;0.107843;0.501961;20479.056153;2.152309;0.000000;0.000000;0.420771;0.393423;-0.544694;-0.009795;0.000000;0.348410;-0.192412;0.000000;0.000000;0.384138;0.058388;0.529731;0.388596;9.637520;2.967648;11.227879;3.180468;0.371518;0.000000;9.567655;1.005859;1.723398;95.849430;454.307828
1.000000;1.000000;0.000000;0.000000;1.000000;0.000000;0.000000;0.000000;0.000000;0.000000;0.000000;0.000000;102.000000;-0.000000;-0.359136;-0.433220;0.474020;0.224695;0.594705;0.137964;0.417730;0.591241;0.534571;0.117647;0.117647;0.000000;24.615259;1.570386;9.307208;8.516800;1.992855;3.971472;9.518172;0.546831;1.304182;0.630384;1.915850;0.078431;0.078431;0.000000;9038.208812;0.152009;2.001212;1.942550;0.672401;0.452124;2.111154;0.174105;0.923311;0.936551;0.595750;0.107843;0.107843;0.000000;431.557981;0.305643;0.732277;-0.464755;5.872306;34.483978;5.917787;1.843738;0.355809;-0.614442;8.829875;0.107843;0.107843;1.505882;1813.380906;2.290633;11.909180;9.523900;31.891288;1017.054230;34.042368;5.506049;0.292999;-0.353634;43.623250;0.068627;0.068627;0.501961;66346.650924;2.018263;0.000000;0.000000;0.505724;0.468960;-0.248965;0.083067;0.000000;0.190696;-0.330157;0.000000;0.000000;0.345682;0.159172;0.550491;0.551742;9.383677;3.895863;10.804667;4.071341;0.166372;0.000000;9.372750;1.005859;1.974641;91.949263;1198.359989
1.000000;1.000000;0.000000;0.000000;1.000000;0.000000;0.000000;0.000000;0.000000;0.000000;0.000000;0.000000;102.000000;-0.000000;-0.501043;-0.482480;0.658776;0.433985;0.827665;0.150952;-0.675499;0.937488;0.501965;0.176471;0.176471;0.000000;47.740661;1.431818;9.866842;9.158900;1.941708;3.770230;10.056083;0.544559;0.980583;-0.054285;2.553225;0.088235;0.088235;0.000000;10122.455002;0.133405;1.651873;1.625750;0.877712;0.770378;1.870578;0.169718;0.510007;0.393138;0.913175;0.127451;0.127451;0.000000;317.622819;0.568083;-2.695178;-2.518900;7.750818;60.075185;8.206045;1.648802;-0.393677;-0.453779;11.359050;0.088235;0.088235;0.501961;3804.932194;1.622462;55.247012;58.676000;33.769673;1140.390830;64.750468;5.432554;-0.507017;-0.551304;53.909000;0.058824;0.058824;0.000000;369487.702671;0.625876;0.000000;0.000000;0.359277;0.737937;-0.607836;-0.600422;0.000000;0.459491;-0.137098;0.000000;0.000000;0.689493;-0.370631;0.261937;0.078792;9.954444;3.718883;11.496435;3.870323;0.375519;0.000000;9.801475;1.005859;1.925724;102.809834;4263.461369
1.000000;1.000000;0.000000;0.000000;1.000000;0.000000;0.000000;0.000000;0.000000;0.000000;0.000000;0.000000;102.000000;-0.000000;-0.756011;-0.825250;0.968467;0.937929;1.228609;0.164306;0.580119;-0.090388;1.363345;0.029412;0.029412;0.000000;106.133907;1.200960;10.227179;9.792700;1.490774;2.222406;10.335260;0.445542;1.295895;1.039335;1.377200;0.098039;0.098039;0.000000;10782.056299;0.082621;1.613660;1.664250;0.856198;0.733075;1.826739;0.164288;-0.075321;-1.039654;1.490542;0.117647;0.117647;0.000000;302.987770;0.572108;-5.604261;-6.338750;11.290199;127.468603;12.604616;1.826966;0.231649;-0.611727;17.358425;0.098039;0.098039;0.000000;9704.508894;1.551907;78.100796;83.311500;33.037848;1091.499400;84.801142;6.304743;-0.696038;1.356654;42.064000;0.068627;0.068627;0.000000;677866.088781;0.461004;0.000000;0.000000;0.082805;0.533418;-0.319669;-0.697521;0.000000;-0.246144;-0.330601;0.000000;0.000000;0.282859;0.238614;0.295086;0.344484;10.352585;2.151063;12.263713;2.255551;0.936074;0.000000;10.403977;1.005859;1.437836;109.327086;7353.447065
1.000000;1.000000;0.000000;0.000000;1.000000;0.000000;0.000000;0.000000;0.000000;0.000000;0.000000;0.000000;102.000000;-0.000000;-0.279937;-0.654670;1.186203;1.407077;1.218787;0.162274;0.451147;-0.815690;1.909578;0.019608;0.019608;0.501961;79.754187;1.197629;9.783108;9.452350;1.534245;2.353908;9.902682;0.324532;0.995428;1.130815;1.268750;0.107843;0.107843;0.000000;9882.396110;0.089078;1.788772;2.033250;0.812437;0.660054;1.964627;0.139555;-0.277888;-1.197121;1.391750;0.049020;0.049020;0.000000;360.032880;0.457957;1.568375;3.759150;12.979370;168.464044;13.073785;1.566301;-0.561574;-0.720852;19.464550;0.039216;0.039216;0.501961;8842.580674;0.994431;30.053969;45.423000;71.893145;5168.624327;77.922175;6.518356;-0.156157;-1.446529;147.761250;0.019608;0.019608;0.501961;355744.244096;0.924334;0.000000;0.000000;-0.260929;-0.054124;0.347975;-0.816403;0.000000;-0.346114;-0.206801;0.000000;0.000000;0.259724;0.185215;0.398342;0.244982;9.913807;2.264976;11.853472;2.576291;1.221931;0.000000;9.930190;1.005859;1.841026;100.548549;6246.648980
1.000000;1.000000;0.000000;0.000000;1.000000;0.000000;0.000000;0.000000;0.000000;0.000000;0.000000;0.000000;102.000000;-0.000000;-0.094336;-0.370335;0.939028;0.881773;0.943755;0.165576;0.617310;-0.257169;1.216005;0.049020;0.049020;1.003922;45.880082;1.498950;9.592386;9.390050;1.694422;2.871067;9.740890;0.356171;1.113221;0.998838;1.581950;0.078431;0.078431;0.000000;9531.841571;0.105347;1.749065;1.839900;0.728436;0.530619;1.894689;0.104164;-0.148680;-1.050503;1.129525;0.039216;0.039216;0.000000;339.103178;0.365042;5.665009;8.100550;11.115798;123.560964;12.476109;1.600510;-0.255317;-1.100294;18.814450;0.029412;0.029412;1.003922;9575.174093;1.418184;4.762961;-2.312685;61.969440;3840.211549;62.152211;5.444846;0.286608;-1.359757;114.537750;0.049020;0.049020;0.501961;198167.490114;0.757491;0.000000;0.000000;-0.145223;0.187279;0.329878;-0.506861;0.000000;-0.450579;-0.124051;0.000000;0.000000;0.270206;0.255631;0.379698;0.396695;9.694908;2.784379;11.390233;2.926243;0.863755;0.000000;9.668809;1.005859;1.557656;96.775614;4022.140477
1.000000;1.000000;0.000000;0.000000;1.000000;0.000000;0.000000;0.000000;0.000000;0.000000;0.000000;0.000000;102.000000;-0.000000;0.228611;-0.100103;1.404582;1.972851;1.423065;0.181272;0.990739;0.303657;1.611275;0.058824;0.058824;1.003922;105.952603;1.341663;9.652036;9.378500;1.828897;3.344865;9.823781;0.388676;1.318729;1.428084;1.808325;0.078431;0.078431;0.000000;9673.103563;0.118440;1.854160;1.484200;0.841191;0.707602;2.036053;0.135504;1.003445;0.233283;1.369775;0.039216;0.039216;0.000000;386.756743;0.470430;2.548366;-0.696440;11.593888;134.418235;11.870653;1.821199;0.433545;-0.969919;19.278325;0.039216;0.039216;1.003922;7517.735939;1.829584;44.305082;40.927000;51.079450;2609.110173;67.616939;4.890360;0.132782;-0.035146;66.233750;0.019608;0.019608;0.000000;333287.371549;0.999845;0.000000;0.000000;-0.200451;0.740167;0.055487;-0.193953;0.000000;0.134325;-0.117995;0.000000;0.000000;0.492736;0.355210;-0.116199;0.136824;9.818771;3.123511;11.733788;3.551437;1.818929;0.000000;9.819536;1.005859;1.835884;99.531783;4717.108378
1.000000;1.000000;0.000000;0.000000;1.000000;0.000000;0.000000;0.000000;0.000000;0.000000;0.000000;0.000000;102.000000;-0.000000;0.254998;-0.137663;1.583625;2.507869;1.604024;0.195392;0.533804;-0.687452;2.644625;0.029412;0.029412;1.003922;134.534330;1.199068;9.690203;9.348000;1.589276;2.525799;9.819666;0.386679;1.627796;3.151314;1.034700;0.107843;0.107843;0.000000;9706.619752;0.100774;1.784835;1.412600;0.822425;0.676383;1.965201;0.140234;1.200613;0.839013;1.226850;0.058824;0.058824;0.000000;359.430776;0.445562;3.228359;0.014673;12.586346;158.416101;12.993783;1.743482;0.425627;-0.887182;17.843825;0.039216;0.039216;1.003922;9142.299039;1.685984;65.697758;47.474000;44.860944;2012.504312;79.553125;4.585034;0.804333;-0.388540;70.175000;0.019608;0.019608;0.000000;542889.691085;0.637518;0.000000;0.000000;-0.188713;0.689686;-0.089908;-0.506612;0.000000;-0.015935;-0.373886;0.000000;0.000000;0.531441;0.333976;-0.260435;-0.035134;9.885105;2.283428;12.047310;3.021496;2.062010;0.000000;9.784050;1.005859;1.623879;99.998724;6501.400120
1.000000;1.000000;0.000000;0.000000;1.000000;0.000000;0.000000;0.000000;0.000000;0.000000;0.000000;0.000000;102.000000;-0.000000;-0.405441;-0.697160;1.449464;2.100946;1.505101;0.250517;0.427140;-0.601038;2.353772;0.049020;0.049020;1.003922;123.929582;1.661076;9.592915;9.307450;1.536721;2.361511;9.715221;0.488603;1.448078;2.539616;0.990725;0.156863;0.156863;0.000000;9506.887653;0.097706;1.757786;1.611500;1.012677;1.025514;2.028627;0.173871;0.440118;-0.030488;1.208425;0.068627;0.068627;0.000000;367.466027;0.582567;-0.385240;-2.092100;13.477618;181.646196;13.483123;1.767431;0.458863;-0.757871;20.703425;0.049020;0.049020;1.003922;9279.468387;1.023485;45.339835;40.332500;52.348057;2740.319027;69.253301;6.465836;0.054938;-0.079063;68.561000;0.049020;0.049020;0.000000;349476.349642;1.439147;0.000000;0.000000;0.419951;0.620686;-0.660972;-0.448818;0.000000;0.085204;-0.368609;0.000000;0.000000;0.617916;-0.250941;0.439482;0.405497;9.762398;2.346435;11.900896;3.207108;1.299532;0.000000;9.708415;1.005859;1.632979;97.650853;4981.929623
1.000000;1.000000;0.000000;0.000000;1.000000;0.000000;0.000000;0.000000;0.000000;0.000000;0.000000;0.000000;102.000000;-0.000000;-0.432680;-0.574205;1.179842;1.392028;1.256678;0.232090;0.524853;1.308675;1.183055;0.068627;0.068627;1.505882;90.093291;2.003444;9.610272;9.024550;2.048458;4.196179;9.826164;0.654937;1.376182;1.135930;1.549200;0.117647;0.117647;0.000000;9634.463124;0.152408;1.539427;1.589150;1.040594;1.082837;1.858137;0.193028;0.665573;0.216389;1.334775;0.058824;0.058824;0.000000;296.948535;0.767011;-2.385297;-2.027000;9.665106;93.414267;9.955095;1.797327;-0.069515;-0.841309;14.741800;0.068627;0.068627;1.505882;5344.471301;1.574745;10.628350;1.406100;36.729149;1349.030414;38.236007;6.585020;0.375925;-0.008040;40.542250;0.068627;0.068627;0.501961;80323.204080;1.958248;0.000000;0.000000;0.539247;0.523969;-0.639426;-0.648809;0.000000;0.353617;-0.268977;0.000000;0.000000;0.660759;-0.487818;0.308275;0.478518;9.746172;4.144875;11.591965;4.754973;0.888563;0.000000;9.642093;1.005859;1.594413;99.132739;1564.548818
1.000000;1.000000;0.000000;0.000000;1.000000;0.000000;0.000000;0.000000;0.000000;0.000000;0.000000;0.000000;102.000000;-0.000000;-0.116780;-0.555160;1.317423;1.735602;1.322588;0.229541;1.962222;3.497053;1.129862;0.058824;0.058824;1.003922;89.907224;1.832823;9.560911;9.026500;1.937499;3.753904;9.755251;0.616914;1.238913;1.146815;1.828300;0.078431;0.078431;0.000000;9515.372726;0.142088;1.811473;1.910250;0.864010;0.746513;2.006975;0.180748;0.074405;-0.585293;1.266450;0.117647;0.117647;0.000000;372.778827;0.508166;-1.314799;0.299750;11.630106;135.259359;11.704190;2.116163;-0.282143;-0.922550;18.634425;0.068627;0.068627;0.501961;7075.223350;1.423560;-6.111087;-1.521100;36.406836;1325.457679;36.916163;6.790341;-1.881653;4.257586;31.291250;0.098039;0.098039;1.505882;71407.862274;2.087296;0.000000;0.000000;0.431273;-0.005937;-0.283728;0.573652;0.000000;-0.378007;-0.287570;0.000000;0.000000;0.368522;0.053652;0.157978;-0.131260;9.696649;3.889148;11.532667;4.280103;1.263755;0.000000;9.857412;1.005859;1.635814;97.914159;1503.819070
1.000000;1.000000;0.000000;0.000000;1.000000;0.000000;0.000000;0.000000;0.000000;0.000000;0.000000;0.000000;102.000000;-0.000000;0.670318;0.506330;0.669510;0.448243;0.947401;0.167131;0.373290;-0.521772;0.970695;0.088235;0.088235;0.000000;68.692289;1.311492;10.074454;9.650000;2.976908;8.861978;10.505075;0.670638;0.352111;-0.849773;4.656500;0.058824;0.058824;0.000000;10804.414586;0.227172;2.079106;1.900550;1.161137;1.348239;2.381370;0.213269;0.349170;-0.226691;0.941450;0.088235;0.088235;0.000000;509.674154;0.620868;1.123196;-0.465730;56.874567;3234.716402;56.885657;7.883307;-0.215710;-1.000534;93.136250;0.049020;0.049020;1.505882;165115.345452;1.392655;21.576985;6.414550;63.772521;4066.934433;67.323849;8.734309;0.863501;-0.246504;75.037750;0.049020;0.049020;0.501961;254904.170057;1.661334;0.000000;0.000000;0.516288;0.257803;-0.029425;0.417289;0.000000;-0.046306;0.103352;0.000000;0.000000;0.062018;-0.209929;-0.349773;0.332757;10.168618;8.853382;11.812431;9.074967;0.327435;0.000000;9.922994;1.005859;1.899284;112.254170;7774.149604
1.000000;1.000000;0.000000;0.000000;1.000000;0.000000;0.000000;0.000000;0.000000;0.000000;0.000000;0.000000;102.000000;-0.000000;0.770379;0.794330;0.696706;0.485399;1.038693;0.168429;-0.082553;-0.793860;1.111035;0.078431;0.078431;0.000000;85.291062;1.066003;9.830800;9.461100;2.491497;6.207558;10.141607;0.592054;0.791655;-0.143790;3.043125;0.058824;0.058824;0.000000;10174.338604;0.181334;2.507013;2.228900;0.993978;0.987993;2.696870;0.193748;0.433494;-0.861646;1.303975;0.049020;0.049020;0.000000;691.471538;0.384054;4.505731;2.774150;48.103159;2313.913909;48.313720;7.062356;0.019876;-1.064644;83.875250;0.049020;0.049020;1.505882;120083.108841;1.352408;16.540395;9.638800;50.901994;2591.013032;53.521937;7.481685;1.036941;0.860394;58.279000;0.049020;0.049020;0.501961;160052.361232;1.706157;0.000000;0.000000;0.541745;0.277591;-0.039678;0.347494;0.000000;0.222022;-0.097610;0.000000;0.000000;0.208130;-0.292959;-0.129418;0.448658;9.934549;6.235809;11.687368;6.421090;0.338134;0.000000;10.111268;1.005859;2.645168;104.931070;5206.086340
1.000000;1.000000;0.000000;0.000000;1.000000;0.000000;0.000000;0.000000;0.000000;0.000000;0.000000;0.000000;102.000000;-0.000000;0.745754;0.865965;0.838957;0.703849;1.122497;0.195926;0.342066;0.440253;1.102843;0.068627;0.068627;0.000000;92.624067;1.393182;9.300312;8.524000;2.586145;6.688147;9.653183;0.543767;1.451741;1.738251;2.553550;0.058824;0.058824;0.000000;9163.667947;0.221297;1.970172;1.834950;1.174595;1.379673;2.293742;0.201488;0.044607;-0.490020;1.680050;0.058824;0.058824;0.000000;466.285523;0.664744;18.682544;24.076000;35.143791;1235.086030;39.801049;5.595475;-0.416826;-0.531485;50.578825;0.058824;0.058824;0.000000;98598.312272;1.687136;68.533610;73.337500;60.629407;3675.925015;91.502900;9.346931;-0.030114;-0.959553;96.747000;0.049020;0.049020;0.000000;666551.474687;0.932272;0.000000;0.000000;0.143839;-0.115666;-0.389040;0.351146;0.000000;0.073155;-0.137391;0.000000;0.000000;-0.173119;0.060123;-0.133616;0.418091;9.424344;6.625682;11.223927;6.770758;0.694426;0.000000;9.379615;1.005859;2.112836;95.443945;9962.165497
1.000000;1.000000;0.000000;0.000000;1.000000;0.000000;0.000000;0.000000;0.000000;0.000000;0.000000;0.000000;102.000000;-0.000000;0.724803;0.819385;1.109802;1.231661;1.325519;0.225993;0.487246;0.389482;1.091008;0.068627;0.068627;0.000000;116.399842;1.628216;9.626872;8.548850;2.780687;7.732219;10.020423;0.598786;1.325614;0.885644;3.022200;0.078431;0.078431;0.000000;9847.363371;0.245324;1.938113;1.686650;1.310083;1.716317;2.339359;0.244498;1.010067;1.934711;1.428725;0.058824;0.058824;0.000000;470.675928;0.777124;18.881706;22.561500;33.830167;1144.480213;38.742729;5.344802;-0.073857;-0.976234;57.512250;0.058824;0.058824;0.000000;94733.693008;1.778991;72.850217;78.592000;56.504120;3192.715602;92.194738;10.487752;-0.900607;1.949097;60.512000;0.058824;0.058824;0.000000;704175.981422;0.986410;0.000000;0.000000;0.104236;0.127319;-0.594802;0.231576;0.000000;-0.120136;-0.279336;0.000000;0.000000;0.279709;-0.266877;0.208312;0.532775;9.772770;7.658834;11.675857;7.824812;1.227819;0.000000;9.656025;1.005859;1.578471;103.165876;10006.341299
1.000000;1.000000;0.000000;0.000000;1.000000;0.000000;0.000000;0.000000;0.000000;0.000000;0.000000;0.000000;102.000000;-0.000000;0.543716;0.705440;1.032057;1.065141;1.166520;0.215774;0.402896;1.183920;0.994681;0.088235;0.088235;0.000000;84.481098;1.951018;9.502325;8.754500;2.387362;5.699497;9.797636;0.534796;1.122519;0.560485;2.870325;0.098039;0.098039;0.000000;9500.691208;0.187108;2.407520;2.067600;1.107810;1.227243;2.650169;0.245386;1.460326;2.412364;1.366975;0.049020;0.049020;0.000000;653.807628;0.532790;-6.184691;-13.775500;39.409036;1553.072105;39.891384;5.764204;0.508218;-0.464821;54.200750;0.039216;0.039216;1.003922;83108.256229;1.371000;38.509647;39.120500;64.052607;4102.736443;74.737737;10.799143;-0.050765;-0.051366;74.635600;0.058824;0.058824;0.000000;360509.982080;1.751719;0.000000;0.000000;0.366568;0.253210;-0.539309;0.270261;0.000000;-0.049892;-0.194403;0.000000;0.000000;0.467978;-0.622686;0.134169;0.273878;9.623907;5.734844;11.431558;5.927409;0.904206;0.000000;9.644746;1.005859;2.431969;98.354436;7184.075232
1.000000;1.000000;0.000000;0.000000;1.000000;0.000000;0.000000;0.000000;0.000000;0.000000;0.000000;0.000000;102.000000;-0.000000;0.580376;0.579970;0.850051;0.722587;1.029283;0.231269;0.234745;1.229341;0.847915;0.127451;0.127451;0.000000;71.210543;1.770589;9.624155;8.796350;2.503924;6.269633;9.944546;0.557697;0.625587;-0.939990;3.739600;0.088235;0.088235;0.000000;9767.488370;0.196170;2.670614;2.441100;1.085523;1.178359;2.882800;0.264474;0.431712;-0.723103;1.669575;0.088235;0.088235;0.000000;787.586976;0.448895;-5.315335;-3.124450;40.888913;1671.903229;41.232948;5.955073;0.072113;-1.243642;76.648750;0.049020;0.049020;1.505882;88152.477790;1.560346;38.276936;22.677500;66.039105;4361.163381;76.330120;13.926968;0.249966;-0.522159;86.050512;0.078431;0.078431;0.000000;371867.480411;1.873474;0.000000;0.000000;0.018095;0.291697;-0.482524;0.205070;0.000000;-0.037605;0.175774;0.000000;0.000000;0.027747;-0.357024;-0.351161;-0.207950;9.736973;6.144765;11.454052;6.331979;0.729472;0.000000;9.471294;1.005859;2.740727;100.953414;7534.753786
1.000000;1.000000;0.000000;0.000000;1.000000;0.000000;0.000000;0.000000;0.000000;0.000000;0.000000;0.000000;102.000000;-0.000000;0.860844;0.636610;1.526484;2.330154;1.752486;0.364869;0.617113;-0.142591;1.949387;0.088235;0.088235;0.000000;194.476212;2.191656;10.142486;9.236000;2.524072;6.370940;10.451840;0.584437;0.305899;-1.315572;4.610875;0.068627;0.068627;0.000000;10817.697723;0.195028;3.073452;2.940900;2.195208;4.818936;3.776910;0.430822;0.709269;1.046739;3.151025;0.058824;0.058824;0.000000;1209.268958;0.873567;12.890445;21.322500;42.662823;1820.116492;44.567702;7.434416;-0.661878;0.056854;57.021000;0.049020;0.049020;1.505882;109798.074801;2.053457;69.473813;61.922000;86.470816;7477.201991;110.922553;16.972727;0.216075;-0.473406;100.912250;0.088235;0.088235;0.000000;873679.614359;1.535577;0.000000;0.000000;-0.120617;0.432408;-0.706589;0.028049;0.000000;0.024013;0.191226;0.000000;0.000000;0.587014;-0.641015;-0.258491;-0.240148;10.351951;6.149293;12.481857;6.487302;2.299942;0.000000;10.258875;1.005859;2.806851;113.312174;14304.357822
1.000000;1.000000;0.000000;0.000000;1.000000;0.000000;0.000000;0.000000;0.000000;0.000000;0.000000;0.000000;102.000000;-0.000000;0.653377;0.619130;1.853145;3.434146;1.964955;0.425359;0.270231;-0.813712;3.003700;0.058824;0.058824;1.003922;218.685526;2.152897;10.153586;9.620900;2.598922;6.754397;10.480921;0.579435;0.235972;-1.116239;4.518700;0.068627;0.068627;0.000000;10860.224759;0.195897;2.428284;1.836700;2.352541;5.534450;3.380978;0.423486;1.053876;1.205376;3.164798;0.058824;0.058824;0.000000;883.708306;1.226280;20.870621;17.998500;67.263331;4524.355671;70.426831;9.481040;-0.056015;-0.027130;71.360250;0.058824;0.058824;1.003922;275174.670539;1.520204;64.528832;69.584000;119.043357;14171.320793;135.407869;20.768673;-0.172266;-1.063206;195.552750;0.058824;0.058824;0.000000;1147462.509801;1.761851;0.000000;0.000000;0.186758;0.378423;-0.484132;-0.190742;0.000000;0.407115;0.068484;0.000000;0.000000;0.602676;-0.516759;-0.146320;0.200667;10.390562;6.746985;12.781552;7.051536;3.237884;0.000000;10.396162;1.005859;2.541699;114.710759;23306.660486
1.000000;1.000000;0.000000;0.000000;1.000000;0.000000;0.000000;0.000000;0.000000;0.000000;0.000000;0.000000;102.000000;-0.000000;0.439453;0.540395;1.329075;1.766440;1.399842;0.280731;-0.205455;-0.185396;1.804248;0.058824;0.058824;1.505882;109.815521;1.799944;10.279777;10.090000;2.842354;8.078978;10.665496;0.650417;0.261329;-0.892926;4.617975;0.078431;0.078431;0.000000;11190.758200;0.196679;1.845400;1.749100;1.288877;1.661203;2.250935;0.287662;0.395235;0.033208;1.565850;0.078431;0.078431;0.000000;432.083590;0.819564;16.237020;17.560000;75.070881;5635.637224;76.806758;9.661158;-0.008700;-0.815630;111.667500;0.049020;0.049020;1.505882;314355.911758;1.616327;22.831017;0.448755;96.003988;9216.765745;98.681412;16.601113;0.403043;-0.122086;130.871500;0.039216;0.039216;1.003922;523240.388291;2.012692;0.000000;0.000000;0.491799;0.409046;-0.382017;-0.184239;0.000000;0.530592;0.035606;0.000000;0.000000;0.308388;-0.348098;-0.152882;0.412482;10.419577;8.144782;12.421545;8.670185;1.272713;0.000000;10.245862;1.005859;1.874172;116.712361;15642.365835
1.000000;1.000000;0.000000;0.000000;1.000000;0.000000;0.000000;0.000000;0.000000;0.000000;0.000000;0.000000;102.000000;-0.000000;0.442694;0.453595;0.717981;0.515497;0.843490;0.178798;0.155900;-0.499165;1.039024;0.098039;0.098039;0.000000;46.280144;1.433433;9.719940;9.299850;2.412180;5.818613;10.014782;0.602765;0.877699;0.309639;3.106650;0.107843;0.107843;0.000000;9933.450905;0.184843;1.960787;1.884400;1.059435;1.122402;2.228697;0.228644;0.779368;0.821000;1.347525;0.049020;0.049020;0.000000;449.404847;0.637302;3.302857;0.533323;48.249880;2328.050891;48.362793;6.618786;-0.109929;-0.456171;71.519750;0.049020;0.049020;1.505882;119844.657707;1.055355;56.787597;62.293500;60.965833;3716.832825;83.316649;7.932578;-0.126087;-1.430278;112.750125;0.039216;0.039216;0.000000;518491.318476;1.128844;0.000000;0.000000;0.587554;0.327325;-0.158929;-0.102802;0.000000;0.279272;-0.261315;0.000000;0.000000;0.172737;-0.266761;-0.257305;0.429526;9.807376;5.822704;11.401215;6.066644;0.330180;0.000000;9.956614;1.005859;2.191649;102.007325;9285.590813
1.000000;1.000000;0.000000;0.000000;1.000000;0.000000;0.000000;0.000000;0.000000;0.000000;0.000000;0.000000;102.000000;-0.000000;0.127413;0.300120;0.880476;0.775238;0.889647;0.203963;-0.103153;-0.439140;1.062665;0.058824;0.058824;0.501961;41.194663;1.934589;9.533354;9.060850;2.326652;5.413308;9.813162;0.532472;1.648011;2.734972;2.379125;0.088235;0.088235;0.000000;9546.363135;0.198246;2.081413;2.153200;1.310046;1.716220;2.459369;0.247517;0.432733;0.046048;1.944665;0.058824;0.058824;0.000000;529.419585;0.705297;-2.888318;2.278350;37.516748;1407.506384;37.627766;4.698388;-0.563075;-0.045867;50.916000;0.049020;0.049020;1.003922;72661.611819;1.592665;77.021626;101.247000;69.252782;4795.947786;103.577404;10.033974;-1.019056;0.516386;85.071250;0.029412;0.029412;0.000000;849695.925177;1.025409;0.000000;0.000000;0.160330;0.312882;-0.689193;0.151457;0.000000;-0.402277;0.007528;0.000000;0.000000;0.258098;-0.563894;-0.524889;-0.402091;9.627320;5.404333;11.264978;5.490278;0.759541;0.000000;9.116531;1.005859;1.917353;98.089617;12150.175917
1.000000;1.000000;0.000000;0.000000;1.000000;0.000000;0.000000;0.000000;0.000000;0.000000;0.000000;0.000000;102.000000;-0.000000;0.131448;0.141885;1.027720;1.056207;1.036092;0.269709;0.239278;-0.321297;1.484535;0.088235;0.088235;1.003922;55.629119;2.298467;9.721493;8.692550;2.877881;8.282198;10.138522;0.615144;1.066682;0.285039;3.056675;0.068627;0.068627;0.000000;10062.150135;0.242941;2.522457;2.446400;1.352639;1.829633;2.862241;0.254732;-0.082601;-0.433199;1.917250;0.049020;0.049020;0.000000;742.321747;0.567969;1.218647;6.970900;49.883093;2488.322982;49.897977;5.962386;-0.388270;-0.923693;75.833250;0.039216;0.039216;1.003922;127059.487092;0.881274;30.268205;26.334000;76.543202;5858.861779;82.310546;13.815103;-0.002601;-0.721327;107.722000;0.088235;0.088235;1.003922;392302.349398;2.171611;0.000000;0.000000;-0.010312;0.027630;-0.742980;0.370713;0.000000;-0.532178;0.195657;0.000000;0.000000;0.345200;-0.656482;-0.478689;-0.148254;9.830702;8.220416;11.558346;8.364330;1.066535;0.000000;9.852613;1.005859;2.241090;104.863113;9273.026541
1.000000;1.000000;0.000000;0.000000;1.000000;0.000000;0.000000;0.000000;0.000000;0.000000;0.000000;0.000000;102.000000;-0.000000;0.222751;0.414240;0.968454;0.937903;0.993741;0.269407;-0.384257;0.777326;1.016295;0.098039;0.098039;1.505882;52.894133;2.298606;9.891330;8.778500;2.913514;8.488562;10.311497;0.715360;0.652245;-0.891187;4.808100;0.078431;0.078431;0.000000;10412.494535;0.229879;2.331555;2.193450;1.196907;1.432586;2.620827;0.290910;0.313528;0.949271;1.226025;0.088235;0.088235;0.000000;627.557652;0.641068;4.174462;-0.903250;51.037244;2604.800268;51.207679;7.505842;-0.094898;-1.093809;75.668000;0.049020;0.049020;1.003922;134645.505182;1.938673;39.397122;34.683000;77.370691;5986.223764;86.823712;13.734069;0.085773;-0.641934;112.444000;0.078431;0.078431;0.000000;463668.108143;1.882984;0.000000;0.000000;-0.063544;0.094101;-0.667126;0.400211;0.000000;-0.288308;0.082045;0.000000;0.000000;0.392311;-0.578142;-0.133238;0.235193;9.997862;8.357248;11.679067;8.576904;0.942892;0.000000;9.544609;1.005859;2.453392;108.314500;10167.452086
1.000000;1.000000;0.000000;0.000000;1.000000;0.000000;0.000000;0.000000;0.000000;0.000000;0.000000;0.000000;102.000000;-0.000000;0.570704;0.522145;1.514128;2.292582;1.618112;0.320285;1.406396;3.990677;1.208355;0.127451;0.127451;1.505882;150.153483;2.039814;9.877993;9.427450;2.117968;4.485789;10.102502;0.594259;1.057709;0.524617;1.741450;0.127451;0.127451;0.000000;10181.399563;0.152898;2.344707;2.334650;1.307534;1.709645;2.684641;0.337310;0.606293;1.066863;1.162975;0.068627;0.068627;0.000000;647.955711;0.679103;7.825529;3.445850;40.379799;1630.528206;41.131097;7.265248;-0.076016;-0.444482;55.421500;0.078431;0.078431;1.003922;89410.600089;2.045165;66.447839;78.335000;82.954665;6881.476407;106.286367;15.301782;-0.366084;-0.668863;128.226200;0.049020;0.049020;0.000000;801362.584120;1.640415;0.000000;0.000000;-0.266617;0.351088;-0.307864;0.080270;0.000000;-0.075507;-0.030849;0.000000;0.000000;0.388627;-0.376352;-0.145144;0.172182;10.083157;4.008772;11.997845;4.827040;2.018443;0.000000;10.041388;1.005859;2.215830;105.678822;12995.766150
1.000000;1.000000;0.000000;0.000000;1.000000;0.000000;0.000000;0.000000;0.000000;0.000000;0.000000;0.000000;102.000000;-0.000000;0.997866;0.739705;1.471238;2.164540;1.777717;0.307775;1.349983;2.652347;1.376861;0.088235;0.088235;0.000000;211.958607;1.803002;9.620410;9.444700;2.549636;6.500644;9.952534;0.569439;0.820365;1.022438;2.109150;0.137255;0.137255;0.000000;9771.869763;0.210136;2.735268;2.702300;0.964479;0.930221;2.900330;0.281547;0.614862;1.233556;0.959325;0.127451;0.127451;0.000000;810.594497;0.368499;7.830347;8.181050;59.419199;3530.641205;59.932925;8.845697;0.280586;0.286184;56.263750;0.088235;0.088235;1.003922;186320.866009;1.664768;42.483268;39.697500;74.054967;5484.138085;85.375442;13.512891;0.009440;-0.621657;118.378500;0.058824;0.058824;0.000000;463801.109845;1.847300;0.000000;0.000000;-0.131633;0.178394;-0.088981;-0.372260;0.000000;-0.176553;-0.241707;0.000000;0.000000;0.185122;-0.235074;-0.244633;0.551767;9.855078;6.090644;11.859360;6.621074;2.129904;0.000000;9.556499;1.005859;2.814342;103.213205;10889.333561
1.000000;1.000000;0.000000;0.000000;1.000000;0.000000;0.000000;0.000000;0.000000;0.000000;0.000000;0.000000;102.000000;-0.000000;0.873170;0.394550;1.092308;1.193138;1.398415;0.208592;1.129120;0.287733;1.395954;0.058824;0.058824;0.000000;138.617505;1.379779;9.531703;8.955000;2.695296;7.264623;9.905452;0.542628;0.782343;0.395064;3.398100;0.088235;0.088235;0.000000;9637.554399;0.221200;2.557803;2.740750;0.796389;0.634235;2.678916;0.217133;-0.343457;-0.665814;1.125850;0.088235;0.088235;0.000000;699.667356;0.282675;-7.789658;8.270300;66.023366;4359.084820;66.481303;8.443145;0.514479;-0.200969;92.983000;0.039216;0.039216;1.003922;228503.441333;1.103651;17.728400;5.309850;52.144370;2719.035366;55.075689;7.772028;0.296905;-1.354336;106.842000;0.039216;0.039216;0.501961;170730.473402;1.628418;0.000000;0.000000;0.078222;0.470702;0.160393;-0.127870;0.000000;0.020253;-0.447360;0.000000;0.000000;0.272622;-0.070139;-0.334669;0.422612;9.691635;7.145757;11.471714;7.345358;1.196142;0.000000;9.939772;1.005859;2.556797;101.073547;7460.271726
1.000000;1.000000;0.000000;0.000000;1.000000;0.000000;0.000000;0.000000;0.000000;0.000000;0.000000;0.000000;102.000000;-0.000000;0.592894;0.338175;1.109717;1.231473;1.258172;0.187514;0.899150;0.962088;1.060826;0.039216;0.039216;0.000000;98.662406;1.861554;9.537225;8.984150;1.922431;3.695740;9.729050;0.416255;1.177435;1.438424;2.213000;0.078431;0.078431;0.000000;9466.270042;0.132953;2.298587;2.535750;0.935126;0.874460;2.481525;0.163183;-0.476151;-0.670496;1.466150;0.039216;0.039216;0.000000;583.515102;0.382815;-8.969021;-11.856000;41.108328;1689.894639;42.075384;4.371400;-0.303808;-0.744853;50.843250;0.029412;0.029412;0.501961;94394.556316;1.598984;59.228057;79.614000;65.443375;4282.835305;88.265498;7.055850;0.188951;-0.385326;88.736750;0.029412;0.029412;0.000000;576253.767637;1.337369;0.000000;0.000000;0.116442;0.594132;-0.118375;0.428438;0.000000;0.307810;0.062353;0.000000;0.000000;0.589474;-0.258210;-0.247308;0.126311;9.672892;3.672569;11.405427;3.757369;1.218628;0.000000;9.557518;1.005859;2.412953;97.237406;9567.293993
1.000000;1.000000;0.000000;0.000000;1.000000;0.000000;0.000000;0.000000;0.000000;0.000000;0.000000;0.000000;102.000000;-0.000000;0.307144;0.249345;1.092858;1.194340;1.135199;0.254930;0.431136;-0.073262;1.470852;0.088235;0.088235;0.501961;70.534008;2.204641;9.672025;9.148650;2.016329;4.065582;9.879962;0.514451;0.951268;1.062762;1.861225;0.078431;0.078431;0.000000;9749.263059;0.143191;2.541924;2.509150;1.129490;1.275747;2.781569;0.196074;0.519063;0.926043;1.012275;0.049020;0.049020;0.000000;724.123854;0.459091;-2.879446;-11.856000;52.851719;2793.304155;52.930099;5.424386;-0.460901;-0.671674;81.811500;0.029412;0.029412;1.003922;143308.431006;1.231545;80.728757;80.982000;63.246990;4000.181788;102.553956;12.646911;-0.544932;1.835130;63.065250;0.078431;0.078431;0.000000;868758.670173;1.014586;0.000000;0.000000;0.140871;0.236256;-0.467021;0.371954;0.000000;-0.316464;0.084141;0.000000;0.000000;0.011179;-0.325005;0.107018;0.131709;9.787744;4.102395;11.566501;4.139341;1.172659;0.000000;9.955178;1.005859;2.479832;99.902336;13326.646463
1.000000;1.000000;0.000000;0.000000;1.000000;0.000000;0.000000;0.000000;0.000000;0.000000;0.000000;0.000000;102.000000;-0.000000;0.023813;-0.107740;1.427324;2.037255;1.427523;0.447955;0.791556;0.885208;1.883885;0.107843;0.107843;3.011765;103.969991;2.410973;9.952559;9.054300;3.169312;10.044540;10.444997;0.692990;1.186483;1.109556;2.655675;0.068627;0.068627;0.000000;10615.729149;0.285474;2.801189;2.420300;1.434411;2.057536;3.147093;0.291280;0.565482;-0.419647;1.886250;0.058824;0.058824;0.000000;905.298726;0.536540;-0.122115;8.135100;73.219300;5361.065830;73.219401;9.991455;0.173750;-0.733540;120.329000;0.029412;0.029412;1.003922;273432.753416;0.699529;28.459224;42.122500;81.988986;6722.193834;86.787794;19.608174;-0.339259;-0.419807;102.467750;0.068627;0.068627;0.000000;425523.769708;2.501574;0.000000;0.000000;-0.212853;0.074474;-0.112732;0.388244;0.000000;-0.356662;-0.314454;0.000000;0.000000;0.162152;-0.237759;-0.139191;0.294376;10.107450;9.975240;12.057166;10.259278;1.942138;0.000000;9.637906;1.005859;2.888425;112.135789;12903.106174
1.000000;1.000000;0.000000;0.000000;1.000000;0.000000;0.000000;0.000000;0.000000;0.000000;0.000000;0.000000;102.000000;-0.000000;0.228058;0.083154;1.584425;2.510402;1.600754;0.506452;0.422751;-0.028379;2.172612;0.127451;0.127451;1.505882;133.362309;2.254862;9.939654;8.666750;3.785755;14.331941;10.636196;0.788975;0.979772;-0.198190;5.309675;0.058824;0.058824;0.000000;10808.212373;0.339405;2.894442;2.702300;1.553904;2.414617;3.285181;0.390637;0.323925;-0.470213;2.049200;0.098039;0.098039;0.000000;977.688295;0.601769;3.992090;-11.991500;73.670699;5427.371925;73.778782;11.139644;0.550299;-0.620909;107.422500;0.039216;0.039216;1.003922;278426.825140;1.428826;-15.114764;-11.204500;78.880431;6222.122355;80.315493;22.877673;-0.345142;0.211037;98.618750;0.127451;0.127451;3.011765;340636.176215;2.317417;0.000000;0.000000;-0.158413;-0.013791;0.014289;0.279480;0.000000;-0.163074;-0.311122;0.000000;0.000000;0.312414;-0.349772;-0.230437;0.521005;10.129191;14.090569;12.192739;14.550481;2.458618;0.000000;10.049248;1.005859;2.742101;116.691074;11904.679557
1.000000;1.000000;0.000000;0.000000;1.000000;0.000000;0.000000;0.000000;0.000000;0.000000;0.000000;0.000000;102.000000;-0.000000;0.247367;0.178000;1.355926;1.838536;1.378306;0.357442;0.261385;-0.258564;2.006495;0.098039;0.098039;2.007843;100.007587;2.223656;10.150047;10.041500;3.253277;10.583809;10.658671;0.801810;0.675231;-0.374249;4.353000;0.058824;0.058824;0.000000;11048.166755;0.291033;2.056635;1.980200;1.688884;2.852329;2.661217;0.427608;0.149318;0.118616;2.242868;0.127451;0.127451;0.000000;576.905242;1.092732;-8.235941;-17.176000;69.744528;4864.299206;70.229125;9.195501;0.344011;-0.884901;123.578750;0.039216;0.039216;1.003922;254998.490081;0.831046;-61.719547;-58.929500;71.696168;5140.340482;94.602552;17.409190;0.079333;-0.417056;111.770100;0.088235;0.088235;0.000000;650716.836619;1.490317;0.000000;0.000000;0.084718;0.227384;0.261766;-0.076240;0.000000;-0.137288;-0.193934;0.000000;0.000000;0.303739;-0.001162;-0.291666;0.253155;10.305564;10.302344;12.262516;10.704697;1.840641;0.000000;9.773631;1.005859;2.354691;116.506991;13888.854926
1.000000;1.000000;0.000000;0.000000;1.000000;0.000000;0.000000;0.000000;0.000000;0.000000;0.000000;0.000000;102.000000;-0.000000;-0.160617;-0.290195;0.969465;0.939862;0.982680;0.216577;0.545807;0.426071;1.206640;0.058824;0.058824;1.505882;50.568463;2.037157;10.275961;10.330000;2.934517;8.611391;10.686756;0.797786;0.469553;-0.144934;3.777175;0.088235;0.088235;0.000000;11209.941459;0.241285;1.247716;1.293900;1.195444;1.429085;1.727970;0.333018;-0.184964;-0.042988;1.420510;0.107843;0.107843;0.000000;231.678878;1.287130;-9.651678;-8.221750;71.909161;5170.927453;72.553996;10.949382;0.203150;-1.217220;134.370250;0.049020;0.049020;1.505882;273252.657294;1.614550;-89.138721;-91.156000;50.596217;2559.977148;102.497262;12.240430;-0.367775;0.050053;65.958000;0.117647;0.117647;0.000000;941024.346329;0.679249;0.000000;0.000000;0.334476;0.326109;-0.032087;-0.393704;0.000000;-0.297343;0.032832;0.000000;0.000000;0.136989;0.036684;-0.441182;0.079308;10.378158;8.466256;12.077383;8.814069;0.831750;0.000000;10.588950;1.005859;1.115347;116.172420;15772.756974
1.000000;1.000000;0.000000;0.000000;1.000000;0.000000;0.000000;0.000000;0.000000;0.000000;0.000000;0.000000;102.000000;-0.000000;0.444752;0.344315;0.981556;0.963453;1.077616;0.200397;0.453004;0.078213;1.157738;0.088235;0.088235;1.505882;69.312267;1.745208;9.700025;9.087800;2.969741;8.819364;10.144449;0.672518;0.835503;-0.077250;3.719925;0.088235;0.088235;0.000000;10047.029527;0.258504;1.999402;2.052850;1.127739;1.271796;2.295518;0.300307;-0.317591;-0.679883;1.897525;0.078431;0.078431;0.000000;472.618272;0.651788;4.402000;-2.771050;75.170060;5650.537847;75.298841;12.624416;0.151053;-1.279354;141.661750;0.058824;0.058824;1.505882;290164.210610;0.985096;-23.195933;-34.530500;79.348114;6296.123161;82.669066;11.575403;-0.169331;-0.067927;115.851000;0.039216;0.039216;0.501961;375991.644781;1.513885;0.000000;0.000000;0.245646;0.168315;0.445245;-0.206180;0.000000;0.020345;-0.166190;0.000000;0.000000;0.171374;0.406898;-0.353740;0.571620;9.814434;8.747985;11.528853;8.972059;0.907618;0.000000;9.675475;1.005859;1.799766;105.071097;12509.359343
1.000000;1.000000;0.000000;0.000000;1.000000;0.000000;0.000000;0.000000;0.000000;0.000000;0.000000;0.000000;102.000000;-0.000000;0.788496;0.578790;0.860876;0.741107;1.167405;0.192021;0.650545;-0.406935;1.409232;0.098039;0.098039;0.000000;101.215118;1.166308;9.384365;8.715600;2.569878;6.604274;9.729881;0.485038;1.326485;0.944176;1.966075;0.088235;0.088235;0.000000;9319.641435;0.215197;2.338990;2.390900;0.767534;0.589109;2.461704;0.257960;-0.184544;-0.294272;1.098175;0.107843;0.107843;0.000000;588.080904;0.323875;6.908882;8.566900;57.929469;3355.823360;58.340004;8.175899;0.138280;-0.404668;75.094750;0.058824;0.058824;1.505882;176017.787892;1.186560;59.226893;54.233500;52.523474;2758.715305;79.161482;7.998792;-0.328489;-0.094912;63.184750;0.088235;0.088235;0.000000;498510.434755;1.166299;0.000000;0.000000;0.350920;0.176266;-0.068459;-0.306455;0.000000;0.244810;-0.430727;0.000000;0.000000;-0.014195;-0.347945;-0.140842;0.668175;9.509219;6.608163;11.262193;6.771721;0.646387;0.000000;9.778131;1.005859;2.408816;97.033408;9676.156176
1.000000;1.000000;0.000000;0.000000;1.000000;0.000000;0.000000;0.000000;0.000000;0.000000;0.000000;0.000000;102.000000;-0.000000;0.523031;0.236220;0.832002;0.692227;0.982746;0.187729;0.565985;-0.836209;1.310188;0.049020;0.049020;0.000000;63.207586;1.588174;9.412819;8.909950;1.776159;3.154739;9.578930;0.498793;1.439862;2.186972;1.660650;0.098039;0.098039;0.000000;9198.213941;0.125142;2.225246;2.063900;0.741735;0.550171;2.345611;0.232984;0.006636;-0.507509;1.024175;0.117647;0.117647;0.000000;533.134474;0.328324;9.344044;10.662700;33.430449;1117.594904;34.711757;5.025410;-0.173106;-1.088713;55.401000;0.049020;0.049020;1.003922;65908.272831;1.706186;93.118539;95.536500;36.884193;1360.443721;100.157406;7.836901;0.004092;-1.164291;66.208250;0.049020;0.049020;0.000000;953832.452583;0.408223;0.000000;0.000000;0.334902;0.446812;-0.153399;0.163757;0.000000;0.265034;-0.292198;0.000000;0.000000;0.315618;-0.347152;-0.151245;0.208923;9.515444;3.178016;11.134044;3.282665;0.602391;0.000000;9.446774;1.005859;2.184688;93.721683;11241.914023
1.000000;1.000000;0.000000;0.000000;1.000000;0.000000;0.000000;0.000000;0.000000;0.000000;0.000000;0.000000;102.000000;-0.000000;0.426305;0.568465;1.546885;2.392853;1.604552;0.374277;-0.565844;2.358365;1.558920;0.058824;0.058824;1.505882;140.594788;2.442422;9.889839;9.155500;3.450113;11.903278;10.474359;0.838481;1.047239;0.963207;3.265325;0.107843;0.107843;0.000000;10583.756833;0.335472;2.612070;2.533600;1.402780;1.967790;2.964912;0.334344;1.059541;1.760183;1.734450;0.137255;0.137255;0.000000;796.301018;0.636304;-0.131722;2.481000;77.331817;5980.209886;77.331929;9.238402;0.458937;1.447748;86.349500;0.039216;0.039216;1.003922;305024.053201;1.545118;51.885967;73.804000;75.019653;5627.948342;91.214592;13.333501;-0.819491;0.246158;120.123125;0.049020;0.049020;0.000000;561740.748736;1.749001;0.000000;0.000000;0.319755;0.563582;-0.507708;0.032866;0.000000;-0.383096;-0.441820;0.000000;0.000000;-0.024923;-0.289906;0.347463;0.211318;10.053827;12.207340;12.080256;12.321010;2.116666;0.000000;9.897210;1.005859;2.508083;113.286786;14309.119818
1.000000;1.000000;0.000000;0.000000;1.000000;0.000000;0.000000;0.000000;0.000000;0.000000;0.000000;0.000000;102.000000;-0.000000;0.495212;0.501555;1.869710;3.495815;1.934179;0.461761;0.027058;1.552381;1.876985;0.098039;0.098039;1.003922;203.301215;2.542619;10.061207;9.247900;4.048253;16.388351;10.845102;1.006640;0.636011;-0.593581;6.856150;0.068627;0.068627;0.000000;11161.053501;0.395850;2.807047;2.553700;2.033918;4.136823;3.466459;0.443261;0.191437;-0.116682;2.570050;0.088235;0.088235;0.000000;1014.691303;0.919420;-8.316794;-16.151000;99.417357;9883.810869;99.764623;12.983574;0.489058;-0.424199;152.797000;0.039216;0.039216;1.003922;511130.609143;0.688615;35.240687;33.175000;100.873872;10175.538015;106.852440;19.470422;0.914527;3.038464;110.360000;0.058824;0.058824;2.509804;645693.619922;2.156489;0.000000;0.000000;0.339404;0.347754;-0.541186;0.068157;0.000000;-0.222697;-0.235871;0.000000;0.000000;0.111052;-0.548855;0.024260;0.122450;10.265721;16.972247;12.478422;17.048533;3.032506;0.000000;9.972966;1.005859;3.180322;122.357285;21382.440311
1.000000;1.000000;0.000000;0.000000;1.000000;0.000000;0.000000;0.000000;0.000000;0.000000;0.000000;0.000000;102.000000;-0.000000;0.617199;0.488490;1.830115;3.349322;1.931387;0.427043;0.417476;1.077153;1.659188;0.088235;0.088235;1.505882;209.820062;2.455316;10.120717;9.682550;2.880192;8.295503;10.522567;0.920439;0.570408;-0.374824;4.095300;0.107843;0.107843;0.000000;10870.935603;0.253268;2.451907;2.332500;2.246340;5.046042;3.325341;0.520808;-0.158426;-0.294023;2.783450;0.068627;0.068627;0.000000;870.579067;1.212532;1.094417;-1.082035;72.196771;5212.373785;72.205066;11.179376;0.090385;0.072878;84.847250;0.078431;0.078431;1.003922;265997.197490;1.637722;70.279414;69.774000;104.029837;10822.206964;125.544426;24.784483;0.334063;2.074165;95.958500;0.107843;0.107843;0.000000;1055907.922003;1.969106;0.000000;0.000000;0.033677;0.187597;-0.490134;0.080488;0.000000;0.089893;0.052618;0.000000;0.000000;0.381127;-0.628107;-0.322541;-0.048179;10.353646;8.256678;12.502024;8.384063;3.376058;0.000000;10.317199;1.005859;2.817721;115.454666;20986.032354
1.000000;1.000000;0.000000;0.000000;1.000000;0.000000;0.000000;0.000000;0.000000;0.000000;0.000000;0.000000;102.000000;-0.000000;0.833132;0.902775;1.836073;3.371163;2.016252;0.426676;0.440005;1.008317;1.465780;0.098039;0.098039;1.003922;242.754395;1.954291;9.827246;9.166250;2.574698;6.629068;10.158929;0.707935;0.805615;-0.148334;3.668525;0.098039;0.098039;0.000000;10188.772322;0.224337;2.388178;2.196900;1.900531;3.612017;3.052116;0.474685;-0.259978;0.195972;2.443950;0.098039;0.098039;0.000000;765.959022;1.058992;8.063133;7.597050;36.158585;1307.443235;37.046691;7.840198;0.070665;-0.477071;56.965250;0.058824;0.058824;1.003922;73312.982586;1.999081;57.706772;73.319000;84.051983;7064.735766;101.954928;23.287931;-0.333313;0.838724;100.926050;0.107843;0.107843;0.000000;700213.247379;2.045426;0.000000;0.000000;-0.292128;0.351146;-0.469616;-0.326331;0.000000;-0.252955;0.021764;0.000000;0.000000;0.165868;-0.283542;-0.216780;0.221844;10.113715;5.981884;12.333556;7.206325;2.892919;0.000000;10.241535;1.005859;2.137797;108.269106;11776.580004
1.000000;1.000000;0.000000;0.000000;1.000000;0.000000;0.000000;0.000000;0.000000;0.000000;0.000000;0.000000;102.000000;-0.000000;0.825286;0.670150;1.446532;2.092454;1.665398;0.350479;1.380756;2.820729;1.472421;0.117647;0.117647;0.000000;176.192473;2.030867;9.925048;9.379450;2.518367;6.342171;10.239568;0.560166;0.584424;-0.597571;3.853300;0.078431;0.078431;0.000000;10371.121918;0.193673;2.322773;2.047800;1.358576;1.845730;2.690911;0.344017;0.711180;0.166649;1.499025;0.107843;0.107843;0.000000;644.455574;0.718874;11.423954;15.220000;69.659280;4852.415277;70.589815;10.039455;-0.163593;-0.746038;93.635750;0.039216;0.039216;1.003922;260785.770460;1.526285;3.135700;-11.268500;83.514330;6974.643391;83.573178;18.793871;0.198801;-1.130926;143.588500;0.049020;0.049020;0.501961;356727.922082;1.646499;0.000000;0.000000;-0.187765;0.251410;-0.011028;0.116863;0.000000;-0.065835;-0.212212;0.000000;0.000000;-0.180503;0.089210;-0.350261;0.299297;10.134434;5.915558;12.074497;6.513408;2.004728;0.000000;10.102490;1.005859;2.228372;108.622300;11974.639009
1.000000;1.000000;0.000000;0.000000;1.000000;0.000000;0.000000;0.000000;0.000000;0.000000;0.000000;0.000000;102.000000;-0.000000;0.097297;0.225780;1.359690;1.848757;1.363167;0.276862;-0.051423;0.246727;1.275303;0.098039;0.098039;1.003922;95.252265;2.034337;10.383320;10.038400;2.620257;6.865747;10.708832;0.619445;0.136705;-0.309600;3.435800;0.088235;0.088235;0.000000;11347.198700;0.186908;1.713632;1.717450;1.622194;2.631513;2.359671;0.277534;0.325668;-0.631932;2.008610;0.078431;0.078431;0.000000;433.744615;1.120885;-13.150054;-6.511100;86.444509;7472.653114;87.438990;12.020868;0.080976;-1.214993;159.897250;0.039216;0.039216;1.003922;398755.050248;1.149522;-68.931084;-79.862000;66.929344;4479.537060;96.078257;13.143087;1.143578;2.360773;62.642500;0.068627;0.068627;0.000000;713110.349128;1.270890;0.000000;0.000000;0.351703;0.350826;0.423222;0.188270;0.000000;0.237737;-0.247560;0.000000;0.000000;0.462331;0.050868;-0.146374;-0.011860;10.546366;6.311466;12.421222;7.232191;1.568595;0.000000;10.563119;1.005859;1.930591;117.537297;16882.176524
1.000000;1.000000;0.000000;0.000000;1.000000;0.000000;0.000000;0.000000;0.000000;0.000000;0.000000;0.000000;102.000000;-0.000000;-0.341039;-0.219670;1.300547;1.691422;1.344518;0.241663;0.011669;-0.859918;2.045245;0.058824;0.058824;1.003922;98.134346;1.653351;9.902909;9.526600;2.504966;6.274854;10.214816;0.530447;0.421536;-0.040570;3.278000;0.078431;0.078431;0.000000;10322.914018;0.181611;1.441239;1.170150;1.596062;2.547413;2.150484;0.268991;0.591509;-0.420094;1.941043;0.078431;0.078431;0.000000;341.792106;1.169917;-18.486567;-3.296100;59.303731;3516.932528;62.118320;7.735395;-0.577437;0.119496;50.782750;0.058824;0.058824;1.505882;214222.944780;1.655063;-95.690039;-89.843500;45.592339;2078.661352;105.996438;9.197446;-0.320514;-0.494719;52.126000;0.078431;0.078431;0.000000;1039985.586264;0.505441;0.000000;0.000000;0.589040;0.267675;0.078394;-0.350416;0.000000;-0.070535;-0.246387;0.000000;0.000000;0.559704;-0.119856;-0.097628;-0.303276;10.068551;5.774461;12.010247;7.041230;1.003919;0.000000;10.317729;1.005859;1.612486;107.150186;15098.555226
1.000000;1.000000;0.000000;0.000000;1.000000;0.000000;0.000000;0.000000;0.000000;0.000000;0.000000;0.000000;102.000000;-0.000000;0.038789;-0.070705;1.095384;1.199866;1.096070;0.274761;0.073751;-0.732651;1.723083;0.088235;0.088235;0.501961;61.346700;2.396375;9.671394;8.673450;2.692289;7.248422;10.039138;0.622677;1.265322;1.050804;3.167175;0.078431;0.078431;0.000000;9910.329119;0.229621;2.120244;2.136300;1.273799;1.622565;2.473459;0.320344;-0.114920;-0.780500;1.976650;0.078431;0.078431;0.000000;541.292114;0.751927;-6.048475;-3.296100;29.207724;853.091164;29.827424;5.080637;-0.408514;-0.089372;37.323000;0.058824;0.058824;1.505882;47242.037073;1.494371;-46.737315;-43.297000;67.313230;4531.070902;81.947834;10.227614;0.060929;-0.655603;88.421975;0.049020;0.049020;0.000000;453916.545428;1.646613;0.000000;0.000000;0.484253;0.340401;0.079025;-0.511280;0.000000;-0.459134;0.233753;0.000000;0.000000;0.226124;0.308069;-0.486990;-0.622069;9.789607;7.149242;11.578623;7.643591;0.888343;0.000000;9.457589;1.005859;1.981452;102.985657;7611.240700
1.000000;1.000000;0.000000;0.000000;1.000000;0.000000;0.000000;0.000000;0.000000;0.000000;0.000000;0.000000;102.000000;-0.000000;0.312975;0.526700;1.364357;1.861469;1.399794;0.405681;0.231711;0.385500;2.124180;0.088235;0.088235;2.509804;104.971383;2.447025;9.650996;8.545950;3.406661;11.605339;10.234601;0.858269;1.026615;-0.075185;4.264450;0.068627;0.068627;0.000000;10092.346135;0.335225;2.541756;2.663650;1.536920;2.362122;2.970294;0.461900;-0.076491;0.060150;1.787075;0.137255;0.137255;0.000000;779.480387;0.788711;-3.287198;-9.418050;48.952476;2396.344927;49.062721;8.620612;1.364266;2.662368;46.811250;0.078431;0.078431;1.003922;123325.144340;1.776067;17.102663;4.438050;88.021432;7747.772553;89.667573;22.920743;0.007044;-0.086290;122.758500;0.088235;0.088235;4.015686;424979.383213;2.419107;0.000000;0.000000;0.060957;0.267023;-0.293473;0.188265;0.000000;-0.575843;0.235630;0.000000;0.000000;-0.191544;-0.363429;-0.524783;0.145948;9.811727;11.436499;11.826798;11.728557;1.871586;0.000000;9.683306;1.005859;2.630818;107.706487;10456.246877
1.000000;1.000000;0.000000;0.000000;1.000000;0.000000;0.000000;0.000000;0.000000;0.000000;0.000000;0.000000;102.000000;-0.000000;-0.431420;-0.426750;1.646525;2.711046;1.702107;0.445968;0.261844;0.605805;1.998040;0.127451;0.127451;2.509804;157.251997;2.344062;10.119712;9.203900;3.207630;10.288889;10.615906;0.723661;0.647055;-0.620085;4.939575;0.068627;0.068627;0.000000;10970.439523;0.276921;1.106447;1.195000;2.331667;5.436671;2.580871;0.480926;-0.289627;0.448151;2.648852;0.098039;0.098039;0.000000;402.159490;1.801717;9.629458;-5.671800;66.064424;4364.508128;66.762524;10.388228;0.939114;-0.004669;70.030750;0.068627;0.068627;1.505882;232095.389221;2.046619;93.188465;78.581500;133.088998;17712.681315;162.470832;30.364901;0.482945;0.670952;147.750000;0.078431;0.078431;0.000000;1789123.989269;1.730084;0.000000;0.000000;-0.164748;0.232393;-0.674987;-0.050554;0.000000;-0.226365;0.444909;0.000000;0.000000;0.383934;-0.630667;-0.384647;0.141424;10.320694;10.077907;12.462286;10.490360;2.638287;0.000000;9.819052;1.005859;1.682042;116.594624;30860.666792
1.000000;1.000000;0.000000;0.000000;1.000000;0.000000;0.000000;0.000000;0.000000;0.000000;0.000000;0.000000;102.000000;-0.000000;-0.122190;-0.107840;1.523652;2.321515;1.528544;0.341536;-0.391423;0.664265;1.203325;0.156863;0.156863;0.501961;119.920189;1.950028;11.121705;10.674000;2.516748;6.334020;11.402909;0.645787;0.407091;-0.555845;3.539700;0.088235;0.088235;0.000000;12939.720164;0.174055;1.010039;1.178600;2.197177;4.827588;2.418215;0.337208;-0.385987;0.808622;1.955206;0.078431;0.078431;0.000000;350.266793;1.677233;11.539870;0.614850;79.751499;6360.301515;80.582071;11.059366;0.265906;-1.035264;118.832500;0.049020;0.049020;1.003922;337971.969852;1.400342;74.010933;33.160000;122.834361;15088.280171;143.408153;20.108527;1.462860;1.706847;105.512625;0.058824;0.058824;0.000000;1328225.122742;1.614361;0.000000;0.000000;0.066922;0.337165;-0.715947;-0.194591;0.000000;0.130399;0.262783;0.000000;0.000000;0.623613;-0.673946;0.007342;-0.004135;11.277671;6.176921;13.205051;6.413241;2.327993;0.000000;11.272885;1.005859;0.590201;133.362785;27065.216252
1.000000;1.000000;0.000000;0.000000;1.000000;0.000000;0.000000;0.000000;0.000000;0.000000;0.000000;0.000000;102.000000;-0.000000;0.454314;0.347995;1.307187;1.708738;1.383886;0.359554;0.048131;-0.123158;1.546110;0.107843;0.107843;2.509804;108.203099;1.884097;10.225402;9.957300;2.363240;5.584901;10.494939;0.547191;0.661349;-0.045406;3.417950;0.068627;0.068627;0.000000;10949.832252;0.164495;2.203430;2.020100;1.323227;1.750929;2.570220;0.246977;0.548321;0.061208;1.798750;0.078431;0.078431;0.000000;584.521528;0.690953;-14.773601;-28.215000;81.785490;6688.866394;83.109119;13.028962;0.357546;-1.029515;131.767500;0.058824;0.058824;1.505882;363412.896744;1.367932;-8.938844;0.025985;92.389181;8535.760765;92.820600;19.626865;-0.166081;1.122545;67.709750;0.088235;0.088235;1.003922;443473.955276;1.994465;0.000000;0.000000;0.164164;0.405647;0.226856;-0.117630;0.000000;0.115867;-0.442274;0.000000;0.000000;-0.130087;-0.172646;0.057915;0.513002;10.373158;5.456475;12.296473;5.706095;1.659758;0.000000;10.742593;1.005859;2.423077;113.058886;15529.395405
1.000000;1.000000;0.000000;0.000000;1.000000;0.000000;0.000000;0.000000;0.000000;0.000000;0.000000;0.000000;102.000000;-0.000000;0.504551;0.199030;1.474983;2.175576;1.558893;0.372924;0.146220;-0.731659;2.185795;0.088235;0.088235;1.505882;136.931907;2.052416;9.585297;9.170150;2.265638;5.133118;9.849418;0.535675;0.727665;0.025139;2.959550;0.098039;0.098039;0.000000;9633.340476;0.168071;2.346028;2.457500;0.884794;0.782860;2.507331;0.254307;-0.838722;0.372943;0.980850;0.107843;0.107843;0.000000;601.327025;0.396435;-1.938256;5.087600;69.476839;4827.031121;69.503870;11.172311;-0.187459;-0.836400;103.373000;0.049020;0.049020;1.505882;246567.258003;1.616225;31.459141;31.935500;108.620895;11798.498900;113.084820;18.089608;-0.589925;0.133273;135.217250;0.078431;0.078431;0.501961;702675.363730;1.830376;0.000000;0.000000;0.287357;0.456973;0.221405;0.009641;0.000000;0.083375;-0.556038;0.000000;0.000000;-0.305248;-0.072193;-0.055997;0.514952;9.760198;5.179728;11.824838;5.471195;1.909862;0.000000;9.383792;1.005859;2.376568;100.441186;17625.251132
1.000000;1.000000;0.000000;0.000000;1.000000;0.000000;0.000000;0.000000;0.000000;0.000000;0.000000;0.000000;102.000000;-0.000000;0.324275;0.005821;1.265139;1.600578;1.306037;0.250304;0.781946;-0.114986;1.394215;0.088235;0.088235;1.505882;92.370413;2.256392;9.793034;9.520500;2.142819;4.591674;10.024729;0.599405;0.695037;0.369497;2.328600;0.107843;0.107843;0.000000;10016.343423;0.148883;2.138163;2.255000;1.309027;1.713553;2.507049;0.262211;-0.218795;-0.217791;1.956585;0.098039;0.098039;0.000000;553.708713;0.679033;28.634758;40.362500;43.081907;1856.050724;51.730069;6.873038;-0.097046;-0.492207;58.754450;0.058824;0.058824;0.000000;178295.305376;1.492615;89.941612;100.268000;65.806731;4330.525842;111.445141;12.041263;-0.361580;-0.792341;103.566750;0.078431;0.078431;0.000000;1045990.489080;0.873829;0.000000;0.000000;0.202189;0.399913;-0.494257;-0.232748;0.000000;0.078456;-0.424781;0.000000;0.000000;0.286135;-0.429194;-0.054599;0.332798;9.924946;4.696368;11.730066;4.735381;1.518180;0.000000;9.907070;1.005859;2.159010;103.200927;15102.304744
1.000000;1.000000;0.000000;0.000000;1.000000;0.000000;0.000000;0.000000;0.000000;0.000000;0.000000;0.000000;102.000000;-0.000000;0.116516;-0.012790;1.346537;1.813163;1.351569;0.333317;1.274808;2.604181;1.052793;0.078431;0.078431;2.509804;93.856983;2.227241;9.473646;8.855750;2.879119;8.289325;9.901479;0.740769;1.884159;4.607264;2.549275;0.117647;0.117647;0.000000;9577.252499;0.274379;2.196050;1.776400;1.806168;3.262243;2.843392;0.397930;1.055836;1.432954;2.315215;0.078431;0.078431;0.000000;658.286384;1.039398;8.197737;3.573950;60.721798;3687.136741;61.272666;9.399707;0.783517;1.021872;98.086250;0.039216;0.039216;1.003922;194898.834810;1.652913;63.399142;87.469500;93.596599;8760.323382;113.047665;20.776871;-1.628708;3.486880;87.262500;0.088235;0.088235;0.000000;856803.040806;1.865137;0.000000;0.000000;-0.170867;0.485333;-0.403890;0.087041;0.000000;-0.170418;0.012846;0.000000;0.000000;-0.007170;-0.543968;0.279148;0.590147;9.631181;8.106383;11.387583;8.439124;1.763389;0.000000;9.488746;1.005859;1.713180;100.866033;16542.199117
1.000000;1.000000;0.000000;0.000000;1.000000;0.000000;0.000000;0.000000;0.000000;0.000000;0.000000;0.000000;102.000000;-0.000000;0.605346;0.370590;1.720569;2.960358;1.823952;0.494579;0.821765;0.304323;2.063155;0.098039;0.098039;2.509804;188.362113;2.175204;9.940834;8.721750;4.008153;16.065288;10.718464;1.033035;0.982306;0.352041;4.978900;0.088235;0.088235;0.000000;10899.014325;0.407634;2.372888;1.844600;1.712157;2.931483;2.926104;0.500254;1.380195;1.906507;1.744825;0.078431;0.078431;0.000000;723.829630;0.936809;-13.653489;-37.262000;79.020568;6244.250128;80.191445;12.967257;0.843617;0.177070;98.644750;0.039216;0.039216;1.003922;337471.630514;1.164682;-25.220796;-3.641300;112.256535;12601.529718;115.054849;27.351392;-1.050231;0.880808;146.224000;0.078431;0.078431;2.509804;707560.859213;2.111944;0.000000;0.000000;0.107003;0.657542;-0.179955;-0.031929;0.000000;-0.227293;-0.152426;0.000000;0.000000;-0.181287;-0.469527;0.385549;0.336389;10.172590;15.730695;12.293732;16.266181;2.947837;0.000000;9.711960;1.005859;2.235007;119.212276;19676.848237
1.000000;1.000000;0.000000;0.000000;1.000000;0.000000;0.000000;0.000000;0.000000;0.000000;0.000000;0.000000;102.000000;-0.000000;-0.243464;-0.620800;1.823675;3.325790;1.839855;0.423067;0.767732;0.641483;2.357200;0.078431;0.078431;1.505882;175.676411;1.854480;10.545396;9.648200;4.110678;16.897674;11.318262;0.959114;0.613912;-0.410886;5.771825;0.068627;0.068627;0.000000;12204.760310;0.386428;1.371318;1.232150;1.859686;3.458433;2.310616;0.424613;0.234461;-0.068768;2.194905;0.078431;0.078431;0.000000;368.192709;1.522421;-26.309651;-45.766500;68.244467;4657.307213;73.140310;9.401307;0.663310;-0.152868;96.652000;0.029412;0.029412;1.003922;308133.701463;1.791455;-90.654738;-87.902000;76.266537;5816.584610;118.468841;17.850937;-1.019493;2.696707;66.052000;0.098039;0.098039;0.000000;1134914.922092;1.121419;0.000000;0.000000;0.282080;0.561511;-0.049224;-0.050012;0.000000;-0.271845;-0.175779;0.000000;0.000000;0.135939;-0.265593;0.045497;0.094136;10.766741;16.565404;13.032531;17.390009;3.033687;0.000000;10.422606;1.005859;1.615184;132.488117;19389.710068
1.000000;1.000000;0.000000;0.000000;1.000000;0.000000;0.000000;0.000000;0.000000;0.000000;0.000000;0.000000;102.000000;-0.000000;-0.375287;-0.429725;1.511823;2.285609;1.557706;0.332193;0.152820;-0.372899;1.847215;0.068627;0.068627;1.505882;130.932256;1.933832;9.963827;9.288850;3.313685;10.980508;10.500398;0.672135;1.125874;1.031422;3.271550;0.058824;0.058824;0.000000;10686.347387;0.312312;1.321861;1.546300;1.608749;2.588072;2.082160;0.344468;-0.387255;-0.190517;2.083888;0.068627;0.068627;0.000000;310.250599;1.524197;-16.971540;-26.573500;49.720365;2472.114687;52.537109;7.345713;0.360946;-0.900450;80.118750;0.039216;0.039216;0.501961;155458.406723;1.714759;-60.626555;-79.028500;67.638007;4574.900014;90.832148;12.541055;0.545947;0.078136;96.150175;0.029412;0.029412;0.000000;608247.556555;1.318017;0.000000;0.000000;0.268349;0.588488;0.365234;0.087585;0.000000;-0.068784;-0.275775;0.000000;0.000000;0.095187;0.404922;-0.147477;0.203722;10.139299;10.879422;12.208068;11.294347;2.103117;0.000000;10.154483;1.005859;0.962990;113.684814;11014.962378
1.000000;1.000000;0.000000;0.000000;1.000000;0.000000;0.000000;0.000000;0.000000;0.000000;0.000000;0.000000;102.000000;-0.000000;0.516507;0.135075;1.219093;1.486188;1.323997;0.311403;0.336861;-0.830108;1.839350;0.078431;0.078431;0.000000;103.010658;2.120197;9.551735;9.321600;2.576003;6.635792;9.893000;0.572889;0.392050;-0.846814;3.986250;0.098039;0.098039;0.000000;9644.467516;0.190295;2.138307;1.890000;1.259581;1.586545;2.481714;0.351951;1.352221;2.850233;1.177700;0.127451;0.127451;0.000000;547.294421;0.753263;2.222291;-6.074300;47.956236;2299.800564;48.007699;9.151723;0.140432;-1.245991;86.327500;0.058824;0.058824;1.505882;117797.456793;0.685352;-22.426696;-9.817450;73.101362;5343.809194;76.464148;17.584058;-0.206870;-0.116598;81.463750;0.088235;0.088235;1.505882;323861.628377;2.053676;0.000000;0.000000;0.283217;0.139976;-0.253515;-0.372822;0.000000;0.033500;-0.147206;0.000000;0.000000;0.158366;-0.135277;-0.086499;0.724301;9.693904;6.652641;11.553671;6.852258;1.350138;0.000000;9.510869;1.005859;2.024507;100.624407;8157.663920
1.000000;1.000000;0.000000;0.000000;1.000000;0.000000;0.000000;0.000000;0.000000;0.000000;0.000000;0.000000;102.000000;-0.000000;-0.011287;0.004803;1.542793;2.380212;1.542835;0.318378;-0.412729;0.817860;1.987370;0.058824;0.058824;1.003922;121.450825;2.233348;9.558194;9.423450;2.130116;4.537394;9.792674;0.482122;0.456690;-0.218638;2.258425;0.117647;0.117647;0.000000;9550.033020;0.150698;1.781682;1.683100;1.806274;3.262626;2.537127;0.395498;0.411921;-0.042711;2.633767;0.107843;0.107843;0.000000;490.187325;1.242307;0.924747;7.734650;42.693179;1822.707509;42.703193;7.924222;-0.081656;-0.863795;63.245250;0.049020;0.049020;1.505882;93051.628650;1.692694;-51.245328;-66.052000;77.608959;6023.150496;93.001259;16.815491;0.276295;-0.671602;115.855725;0.068627;0.068627;0.000000;575071.010234;1.824356;0.000000;0.000000;0.105635;0.330864;0.257532;-0.053721;0.000000;0.153415;-0.184451;0.000000;0.000000;0.341253;-0.088504;-0.275502;0.645659;9.739797;4.413167;11.737580;4.637348;2.348749;0.000000;9.796791;1.005859;1.636601;99.276808;10479.233864
1.000000;1.000000;0.000000;0.000000;1.000000;0.000000;0.000000;0.000000;0.000000;0.000000;0.000000;0.000000;102.000000;-0.000000;-0.807644;-0.631600;1.848668;3.417572;2.017389;0.376097;-0.857015;1.375993;2.312102;0.049020;0.049020;1.003922;240.839473;2.016627;9.770736;9.447200;2.082613;4.337276;9.990223;0.527650;0.701834;-0.325859;2.542625;0.127451;0.127451;0.000000;9958.881135;0.151316;1.074562;1.174200;1.962312;3.850670;2.237265;0.356067;-0.415511;-0.208588;2.791545;0.049020;0.049020;0.000000;314.166154;1.640413;1.436306;-4.026300;31.958139;1021.322630;31.990399;5.396525;-0.002851;-0.646935;50.829750;0.039216;0.039216;1.003922;52299.353820;1.421403;-67.611763;-81.886000;75.866680;5755.753081;101.622358;16.566065;0.469522;-0.256470;118.005975;0.058824;0.058824;0.000000;759821.653446;1.289473;0.000000;0.000000;0.056535;0.623270;0.605377;0.336685;0.000000;0.184251;0.082240;0.000000;0.000000;0.320811;0.243334;-0.411181;-0.360137;10.033627;4.200752;12.285273;4.429615;3.402013;0.000000;9.744422;1.005859;0.787497;104.874423;11355.494581
1.000000;1.000000;0.000000;0.000000;1.000000;0.000000;0.000000;0.000000;0.000000;0.000000;0.000000;0.000000;102.000000;-0.000000;-0.519719;0.070303;1.757206;3.087775;1.832452;0.364942;-1.376624;2.252497;2.454307;0.039216;0.039216;0.501961;185.030467;1.939837;9.508490;8.381200;2.875943;8.271049;9.933903;0.684630;0.703179;-0.811829;4.541650;0.088235;0.088235;0.000000;9643.886123;0.247473;1.552646;1.797300;1.715205;2.941929;2.313577;0.313142;-1.456975;2.001156;1.733625;0.098039;0.098039;0.000000;395.933489;1.358356;-0.343150;-7.840250;29.897925;893.885899;29.899894;6.054790;0.735574;-0.248510;43.989250;0.058824;0.058824;1.505882;45602.779890;1.760187;-18.723573;-5.936350;89.077577;7934.814721;91.024101;14.778830;0.087773;-0.161846;94.076750;0.058824;0.058824;1.003922;440483.237122;2.014915;0.000000;0.000000;-0.027659;0.259482;0.424815;0.011590;0.000000;-0.204822;0.060389;0.000000;0.000000;0.324956;0.183799;-0.475008;-0.168318;9.731064;8.346716;11.793442;8.356745;3.114543;0.000000;9.881370;1.005859;1.057684;103.040317;9184.743189
1.000000;1.000000;0.000000;0.000000;1.000000;0.000000;0.000000;0.000000;0.000000;0.000000;0.000000;0.000000;102.000000;-0.000000;-0.722324;-0.252740;1.714852;2.940718;1.860771;0.367610;-1.124647;1.278343;2.265215;0.049020;0.049020;0.000000;203.199374;2.016897;9.541300;8.111150;3.365964;11.329715;10.117614;0.777908;1.049466;-0.226665;4.104550;0.068627;0.068627;0.000000;9863.541067;0.323088;2.183374;2.303450;1.229159;1.510831;2.505585;0.323145;0.118089;0.379961;1.827300;0.068627;0.068627;0.000000;563.304054;0.695052;-13.476137;-16.451500;33.221473;1103.666270;35.850698;7.527789;0.993843;1.105266;40.651925;0.088235;0.088235;0.000000;74814.662909;2.080213;-42.692140;-33.635500;112.494040;12654.909002;120.322599;17.900811;0.064382;-0.222329;119.457425;0.049020;0.049020;0.501961;831338.193985;2.068459;0.000000;0.000000;-0.145383;0.500011;0.021521;0.374453;0.000000;-0.666659;0.209491;0.000000;0.000000;-0.428582;-0.090818;-0.186869;0.166051;9.746934;11.825872;11.878729;11.525833;2.885891;0.000000;9.286010;1.005859;2.485275;106.828590;15769.078343
1.000000;1.000000;0.000000;0.000000;1.000000;0.000000;0.000000;0.000000;0.000000;0.000000;0.000000;0.000000;102.000000;-0.000000;-0.687832;-0.396995;1.610175;2.592663;1.750936;0.294066;-1.262479;2.310305;1.835037;0.058824;0.058824;0.000000;180.527338;2.290257;10.351243;9.616750;2.870828;8.241651;10.741968;0.601467;0.836923;-0.153602;4.069825;0.078431;0.078431;0.000000;11349.457995;0.227719;1.999704;2.234550;1.378412;1.900019;2.428752;0.282434;-0.104966;0.176475;1.859250;0.049020;0.049020;0.000000;504.815013;0.989265;-11.071755;-13.463500;39.548359;1564.072701;41.068923;7.142880;0.153354;-0.369934;58.497250;0.068627;0.068627;1.505882;92315.550654;2.652758;-97.427399;-97.511000;82.291695;6771.923112;127.530471;18.593380;0.785636;3.054786;89.572000;0.098039;0.098039;0.000000;1313645.718757;1.232291;0.000000;0.000000;-0.042854;0.636740;-0.013036;0.139011;0.000000;-0.452399;0.464239;0.000000;0.000000;-0.439515;-0.155903;-0.161092;0.043973;10.530498;8.564267;12.592892;8.330259;2.611326;0.000000;10.411862;1.005859;2.279617;119.455662;17956.576381
1.000000;1.000000;0.000000;0.000000;1.000000;0.000000;0.000000;0.000000;0.000000;0.000000;0.000000;0.000000;102.000000;-0.000000;0.190982;0.096702;1.047127;1.096475;1.064401;0.210815;0.340430;-0.571199;1.535757;0.098039;0.098039;1.003922;59.655288;1.946566;9.850864;9.364550;2.195500;4.820222;10.092559;0.423041;0.584399;-0.437042;3.145300;0.068627;0.068627;0.000000;10143.873535;0.148080;1.910353;2.078400;1.206328;1.455227;2.259353;0.232901;-0.461759;-0.566234;1.879150;0.068627;0.068627;0.000000;446.469888;0.779673;2.236547;10.894000;47.569517;2262.858909;47.622065;6.926693;-0.091738;-0.059418;59.223000;0.058824;0.058824;1.505882;115916.065546;1.373375;-44.154015;-59.542000;76.456336;5845.571291;88.290137;10.860216;0.825888;-0.211684;99.203550;0.049020;0.049020;0.000000;497013.539325;1.710555;0.000000;0.000000;0.282423;0.568528;0.302407;-0.025323;0.000000;0.455190;-0.444212;0.000000;0.000000;0.256593;0.310155;-0.404978;0.163952;9.960427;4.782583;11.692473;4.978999;0.996280;0.000000;10.220295;1.005859;1.854143;103.992688;10068.114036
1.000000;1.000000;0.000000;0.000000;1.000000;0.000000;0.000000;0.000000;0.000000;0.000000;0.000000;0.000000;102.000000;-0.000000;0.549403;0.495250;1.003372;1.006756;1.143940;0.210560;0.091976;-0.288528;1.217885;0.088235;0.088235;0.000000;82.133745;1.770240;9.828454;9.282750;2.924433;8.552310;10.254307;0.645699;0.695774;-0.308293;3.777100;0.068627;0.068627;0.000000;10289.245540;0.231855;1.752388;1.676350;1.082822;1.172502;2.059943;0.232969;0.083486;-0.931719;1.752710;0.098039;0.098039;0.000000;373.029952;0.624624;6.288842;7.595100;42.245380;1784.672119;42.710908;6.528331;0.067623;0.442794;51.404750;0.068627;0.068627;1.505882;95063.437287;1.694364;15.716882;-4.034200;75.849470;5753.142023;77.460715;10.388297;0.250382;-0.934980;114.248750;0.049020;0.049020;1.003922;318666.966594;1.486017;0.000000;0.000000;0.398790;0.213129;0.089914;0.171238;0.000000;0.595917;-0.026177;0.000000;0.000000;0.262169;0.301482;-0.301365;0.487105;9.947027;8.516076;11.736274;8.816046;0.837665;0.000000;9.754613;1.005859;1.793436;107.459417;7828.627417
1.000000;1.000000;0.000000;0.000000;1.000000;0.000000;0.000000;0.000000;0.000000;0.000000;0.000000;0.000000;102.000000;-0.000000;0.525049;0.426110;0.727034;0.528579;0.896803;0.193094;0.892105;0.487788;0.813752;0.098039;0.098039;0.000000;55.077548;1.589963;9.963539;9.540100;2.834407;8.033862;10.358860;0.750818;0.464740;-0.217652;3.546925;0.088235;0.088235;0.000000;10535.511492;0.233887;1.701758;1.647500;1.083475;1.173918;2.017398;0.299046;0.050464;-0.020014;1.405150;0.107843;0.107843;0.000000;355.307164;0.864141;5.635534;10.477000;37.823094;1430.586446;38.240629;6.440802;-0.107234;-0.606411;52.979000;0.068627;0.068627;1.505882;76206.407420;1.842986;76.055034;87.190500;66.433173;4413.366415;100.983833;9.689756;-0.344357;-1.137450;115.362250;0.049020;0.049020;0.000000;815134.636180;1.029966;0.000000;0.000000;0.433304;0.265984;-0.515884;0.004633;0.000000;0.126105;0.035629;0.000000;0.000000;0.019702;-0.223504;-0.348299;0.135993;10.054152;8.024249;11.621585;8.219211;0.428006;0.000000;10.141710;1.005859;1.852188;109.110231;11664.150143
1.000000;1.000000;0.000000;0.000000;1.000000;0.000000;0.000000;0.000000;0.000000;0.000000;0.000000;0.000000;102.000000;-0.000000;0.032306;-0.021410;1.109610;1.231235;1.110081;0.225981;-0.260736;0.010940;1.360173;0.088235;0.088235;1.003922;62.900234;1.875198;9.624221;9.028850;2.758142;7.607346;10.011642;0.688341;0.751415;0.766218;2.987525;0.117647;0.117647;0.000000;9835.788950;0.241644;2.035469;1.704950;1.467494;2.153540;2.509318;0.336804;0.368689;0.355356;1.760250;0.088235;0.088235;0.000000;532.430681;0.888970;-5.953284;-3.155050;57.687245;3327.818249;57.993619;8.269081;-0.305202;-0.906548;98.613250;0.049020;0.049020;1.003922;173333.972589;1.187285;79.770749;83.382000;78.709165;6195.132582;112.064735;11.707921;-0.091361;-0.144630;114.627000;0.068627;0.068627;0.000000;965067.510294;1.214481;0.000000;0.000000;0.448823;0.257459;-0.717735;0.127980;0.000000;-0.397007;0.023513;0.000000;0.000000;0.108741;-0.364812;-0.361149;-0.467294;9.740384;7.590173;11.473154;7.968797;0.957295;0.000000;9.407048;1.005859;1.916749;102.465246;15928.061452
1.000000;1.000000;0.000000;0.000000;1.000000;0.000000;0.000000;0.000000;0.000000;0.000000;0.000000;0.000000;102.000000;-0.000000;-0.042477;-0.164880;1.362152;1.855458;1.362814;0.334284;0.705914;1.104062;1.437178;0.088235;0.088235;1.003922;94.818205;2.171929;9.838051;8.749050;3.435747;11.804355;10.420729;0.747271;0.956839;0.013442;3.516050;0.098039;0.098039;0.000000;10474.335517;0.301036;2.410375;2.259550;1.435266;2.059988;2.805334;0.277074;0.039146;0.014478;2.233025;0.078431;0.078431;0.000000;697.680027;0.646986;-11.962072;-26.492000;66.774196;4458.793261;67.837191;8.672101;0.337131;-0.820615;110.903750;0.039216;0.039216;1.003922;241994.115433;0.786962;10.715304;6.445850;91.439919;8361.258797;92.065610;16.813550;0.630661;0.506865;127.918000;0.088235;0.088235;1.003922;438185.943419;2.175516;0.000000;0.000000;0.251371;0.187606;-0.514997;0.264960;0.000000;-0.468487;-0.013000;0.000000;0.000000;0.176989;-0.555954;-0.211509;-0.050483;9.983600;11.776589;11.871129;12.059803;1.735256;0.000000;9.730375;1.005859;2.329339;111.448865;13085.830843
1.000000;1.000000;0.000000;0.000000;1.000000;0.000000;0.000000;0.000000;0.000000;0.000000;0.000000;0.000000;102.000000;-0.000000;0.377561;0.106725;1.446396;2.092060;1.494862;0.378690;1.040810;0.548906;1.525115;0.117647;0.117647;2.509804;121.236136;2.043948;9.698358;8.274650;3.536542;12.507129;10.323046;0.773995;1.009806;-0.225570;5.324350;0.058824;0.058824;0.000000;10231.803991;0.331650;2.777320;2.983750;1.039342;1.080232;2.965423;0.256507;-0.452224;-0.723693;1.484025;0.078431;0.078431;0.000000;841.869400;0.361295;-0.147719;-4.141850;54.766794;2999.401720;54.766993;7.884921;0.484185;-0.410994;86.322750;0.039216;0.039216;1.003922;152971.713750;1.269467;-38.824508;-41.512000;76.845855;5905.285392;86.096619;18.955467;0.109520;-0.909930;125.756750;0.088235;0.088235;0.000000;454954.850058;1.949422;0.000000;0.000000;0.163416;0.239966;-0.107017;0.271267;0.000000;-0.187876;0.001831;0.000000;0.000000;0.102532;-0.242980;-0.088213;0.299984;9.863037;12.520380;11.771621;12.698285;2.045450;0.000000;9.851467;1.005859;2.642747;109.799886;10420.845077
1.000000;1.000000;0.000000;0.000000;1.000000;0.000000;0.000000;0.000000;0.000000;0.000000;0.000000;0.000000;102.000000;-0.000000;0.583291;0.286065;1.280755;1.640334;1.407325;0.338022;0.820536;0.053131;1.630208;0.117647;0.117647;2.509804;118.364668;1.955764;10.036740;8.751100;3.491488;12.190486;10.626695;0.835852;0.582076;-1.028102;6.330200;0.068627;0.068627;0.000000;10896.880445;0.297506;2.419711;2.739500;1.323283;1.751078;2.757912;0.307976;-0.633063;-0.244524;1.872950;0.068627;0.068627;0.000000;686.521625;0.639854;1.611380;-3.093650;59.682939;3562.053181;59.704688;8.664634;-0.014754;-0.250905;76.833250;0.039216;0.039216;0.501961;181931.244355;1.484321;-39.415071;-31.453000;70.585075;4982.252765;80.844298;15.959856;-0.113906;-0.799741;116.035250;0.078431;0.078431;0.000000;412569.683598;1.781840;0.000000;0.000000;0.416685;0.665809;0.145981;0.185323;0.000000;0.095339;0.127089;0.000000;0.000000;0.063526;0.131866;-0.276752;-0.063893;10.181567;12.242886;12.060833;12.633764;1.333996;0.000000;9.880386;1.005859;2.518027;115.907203;10108.056361
1.000000;1.000000;0.000000;0.000000;1.000000;0.000000;0.000000;0.000000;0.000000;0.000000;0.000000;0.000000;102.000000;-0.000000;-2.569361;-2.516950;0.811432;0.658421;2.694446;0.184694;0.341768;0.489335;0.797475;0.107843;0.107843;0.000000;706.954087;0.286535;9.050447;8.569750;1.670745;2.791389;9.203368;0.389124;0.641668;-0.117183;2.250825;0.078431;0.078431;0.000000;8497.241694;0.110721;2.309165;2.481750;1.025035;1.050697;2.526448;0.131302;-0.178404;-1.345575;1.995175;0.029412;0.029412;0.000000;597.474645;0.396552;-21.934252;-16.796500;28.626896;819.499193;36.063979;3.302848;-0.076669;-0.838183;46.478650;0.049020;0.049020;0.000000;90870.455582;1.257217;68.412931;67.450500;61.422482;3772.721348;91.940472;8.647281;0.003482;-1.088404;101.006500;0.049020;0.049020;0.000000;669808.229857;0.916686;0.000000;0.000000;-0.060280;0.854177;-0.631726;-0.786335;0.000000;0.183258;-0.026598;0.000000;0.000000;-0.008656;-0.363383;0.172013;0.256002;9.501961;2.674760;12.619808;2.822184;0.661783;0.000000;9.465484;1.005859;2.590169;92.962021;9760.043969
1.000000;1.000000;0.000000;0.000000;1.000000;0.000000;0.000000;0.000000;0.000000;0.000000;0.000000;0.000000;102.000000;-0.000000;-2.525917;-2.695850;1.084076;1.175220;2.748723;0.252810;0.572819;-0.460243;1.527550;0.098039;0.098039;0.000000;710.726508;0.416107;8.963701;8.372550;2.007712;4.030908;9.185796;0.529740;1.686796;3.660624;2.130475;0.068627;0.068627;0.000000;8401.084320;0.176710;2.135595;2.086100;1.377514;1.897544;2.541321;0.242812;0.376434;-0.793179;2.076225;0.058824;0.058824;0.000000;561.973674;0.741168;-18.968229;-15.867500;30.854482;951.999081;36.218680;3.599643;-0.105779;-1.099149;54.039275;0.049020;0.049020;0.000000;85252.087655;1.341439;68.248709;62.774000;61.588920;3793.195018;91.929763;9.953616;0.078404;-1.254613;102.370000;0.049020;0.049020;0.000000;668557.345364;0.866274;0.000000;0.000000;-0.006612;0.769858;-0.464097;-0.709006;0.000000;-0.024863;-0.036469;0.000000;0.000000;-0.412771;-0.434400;0.080070;-0.076703;9.439919;3.822252;12.496892;4.070891;1.186783;0.000000;9.597825;1.005859;2.005356;92.934322;9769.332385
1.000000;1.000000;0.000000;0.000000;1.000000;0.000000;0.000000;0.000000;0.000000;0.000000;0.000000;0.000000;102.000000;-0.000000;-2.559140;-2.586600;1.178759;1.389472;2.817565;0.310344;0.117368;-0.415217;1.542550;0.098039;0.098039;0.000000;738.885004;0.522321;9.115177;8.009500;2.882750;8.310247;9.560163;0.746538;1.029516;0.107408;3.723075;0.058824;0.058824;0.000000;8898.664138;0.280508;3.059696;3.229700;1.354716;1.835254;3.346191;0.309781;-0.565711;0.250189;1.570500;0.088235;0.088235;0.000000;1048.495931;0.452206;-2.643264;-4.864450;22.095503;488.211250;22.253047;4.549171;-0.014411;-1.023606;38.620750;0.068627;0.068627;0.501961;25613.047171;1.920745;10.630346;14.000000;51.870936;2690.593996;52.949016;13.790497;-0.149365;-0.417820;65.739750;0.107843;0.107843;3.011765;148805.496852;2.376286;0.000000;0.000000;-0.399032;0.649634;-0.246739;-0.421216;0.000000;-0.480349;0.146389;0.000000;0.000000;-0.600884;-0.184081;0.116611;-0.217039;9.589892;8.369348;12.681591;8.651240;1.144516;0.000000;9.436405;1.005859;3.054797;100.335379;3309.993345
1.000000;1.000000;0.000000;0.000000;1.000000;0.000000;0.000000;0.000000;0.000000;0.000000;0.000000;0.000000;102.000000;-0.000000;-3.114344;-3.198850;1.049729;1.101931;3.286498;0.315132;0.276802;0.109289;1.395700;0.088235;0.088235;0.000000;1045.510779;0.335362;9.305125;8.207900;2.982072;8.892755;9.771290;0.778988;0.775049;-0.569912;4.219425;0.068627;0.068627;0.000000;9285.249273;0.281526;2.977809;3.221400;1.442602;2.081100;3.308844;0.337509;-0.665245;0.589222;1.510925;0.117647;0.117647;0.000000;1010.618726;0.548889;9.170551;1.614500;30.628167;938.084627;31.971607;5.179834;0.524426;-0.681935;44.645250;0.058824;0.058824;1.505882;56421.280617;1.797454;-59.399836;-49.074000;93.746019;8788.315991;110.980433;13.573871;-0.292133;-0.776758;149.787750;0.068627;0.068627;0.000000;808143.635995;1.716112;0.000000;0.000000;-0.620576;-0.108543;0.519239;-0.803315;0.000000;-0.308844;0.159894;0.000000;0.000000;-0.050455;0.146106;0.096458;-0.113963;9.907193;9.126714;13.419470;9.442855;0.650787;0.000000;9.796594;1.005859;3.449723;107.279186;13349.788580
1.000000;1.000000;0.000000;0.000000;1.000000;0.000000;0.000000;0.000000;0.000000;0.000000;0.000000;0.000000;102.000000;-0.000000;-3.096492;-2.923750;0.770874;0.594246;3.191005;0.257344;-0.414551;0.396245;0.991175;0.078431;0.078431;0.000000;1008.311299;0.197678;9.404767;8.641650;2.329639;5.427216;9.689007;0.540142;0.882989;0.134785;2.761100;0.058824;0.058824;0.000000;9298.687100;0.200190;1.676324;1.790550;1.817090;3.301815;2.472221;0.298039;0.019568;-1.002000;3.170852;0.068627;0.068627;0.000000;455.022923;1.089929;7.325622;7.356950;32.275034;1041.677798;33.095960;4.164257;0.361697;-0.660451;42.617250;0.049020;0.049020;0.501961;58603.369435;1.649823;-76.239777;-76.865500;85.138844;7248.622757;114.285285;9.766386;-0.214391;-0.788851;139.375800;0.049020;0.049020;0.000000;962561.820990;1.018601;0.000000;0.000000;-0.489499;0.028837;0.376019;-0.762075;0.000000;-0.426302;-0.030778;0.000000;0.000000;0.012161;0.484339;-0.083802;0.113430;9.981627;5.426476;13.501259;5.637412;0.443668;0.000000;9.882468;1.005859;2.095245;105.059361;14162.580706
1.000000;1.000000;0.000000;0.000000;1.000000;0.000000;0.000000;0.000000;0.000000;0.000000;0.000000;0.000000;102.000000;-0.000000;-2.916075;-2.814300;0.609385;0.371350;2.979068;0.177792;-0.276428;0.653955;0.589900;0.127451;0.127451;0.000000;886.309835;0.154306;9.566423;9.316200;1.640275;2.690502;9.706026;0.335088;0.625357;-0.424075;2.204425;0.068627;0.068627;0.000000;9471.918244;0.099167;1.722090;1.986450;1.486590;2.209950;2.274982;0.187849;-0.615338;-0.661353;1.856428;0.068627;0.068627;0.000000;415.221750;1.116385;-2.647857;-0.512910;22.191389;492.457726;22.348800;3.744792;-0.153844;-0.749673;36.187750;0.058824;0.058824;1.505882;25830.496857;1.198432;-26.910191;-15.266000;50.037233;2503.724653;56.814462;7.995097;-0.334571;-0.433534;70.722725;0.049020;0.049020;0.000000;201590.088346;1.704890;0.000000;0.000000;-0.419349;0.061654;0.634867;-0.416069;0.000000;-0.639005;-0.252609;0.000000;0.000000;0.114230;0.482542;-0.073906;0.696857;10.068004;2.717081;13.482498;2.791302;0.300865;0.000000;10.186471;1.005859;1.087965;104.081789;3732.527457
1.000000;1.000000;0.000000;0.000000;1.000000;0.000000;0.000000;0.000000;0.000000;0.000000;0.000000;0.000000;102.000000;-0.000000;-3.232845;-2.955650;0.921173;0.848559;3.361524;0.220105;-1.083169;1.155898;1.043800;0.088235;0.088235;0.000000;1109.309535;0.250606;9.054990;8.763050;1.538105;2.365768;9.184695;0.319656;0.797224;0.088233;2.040350;0.058824;0.058824;0.000000;8483.924613;0.098638;2.608570;2.817750;1.663550;2.767399;3.093871;0.232222;-0.971685;1.258034;1.827900;0.039216;0.039216;0.000000;835.230116;0.764082;2.464355;-1.610900;29.921243;895.280790;30.022555;5.223675;0.846012;0.519195;39.745500;0.058824;0.058824;1.505882;46278.853044;1.667085;-40.015386;-19.609000;73.925142;5464.926688;84.060441;12.019232;-1.628438;2.775728;62.989725;0.029412;0.029412;0.000000;442066.063104;1.861985;0.000000;0.000000;-0.502118;0.630771;0.123468;-0.463362;0.000000;-0.676067;-0.290874;0.000000;0.000000;-0.202580;0.418580;0.339183;0.723346;9.696499;2.636378;13.287835;2.673380;0.572772;0.000000;9.731575;1.005859;2.757022;96.658462;7977.083658
1.000000;1.000000;0.000000;0.000000;1.000000;0.000000;0.000000;0.000000;0.000000;0.000000;0.000000;0.000000;102.000000;-0.000000;-2.733223;-2.858900;1.532985;2.350044;3.133776;0.318084;0.397687;0.235237;1.829225;0.078431;0.078431;0.000000;881.843977;0.664837;8.959509;8.765900;1.509599;2.278888;9.085796;0.298777;0.402904;-0.753298;2.371475;0.058824;0.058824;0.000000;8304.048783;0.097336;1.760936;2.678800;2.414670;5.830631;2.988566;0.285888;-0.458862;-1.036825;3.983093;0.019608;0.019608;0.000000;613.657028;1.232007;7.435059;4.572700;31.688359;1004.152110;32.548920;5.036968;0.570684;-0.144378;35.876250;0.078431;0.078431;1.003922;56850.654739;1.639136;-90.593282;-95.365500;80.677589;6508.873293;121.309588;13.264838;-0.052068;-0.258233;118.590750;0.078431;0.078431;0.000000;1169082.879149;1.098551;0.000000;0.000000;-0.015799;0.476058;0.316698;-0.506446;0.000000;-0.269393;-0.403845;0.000000;0.000000;-0.085579;0.178039;-0.182540;0.471481;9.535404;2.448314;12.789201;2.388903;2.285861;0.000000;9.423376;1.005859;2.072380;93.372238;15784.379840
1.000000;1.000000;0.000000;0.000000;1.000000;0.000000;0.000000;0.000000;0.000000;0.000000;0.000000;0.000000;102.000000;-0.000000;-2.276027;-2.201800;1.484114;2.202594;2.717148;0.381145;-0.260418;0.568340;1.383350;0.127451;0.127451;0.000000;640.725499;0.893199;9.531829;9.267100;2.711076;7.349935;9.909879;0.597837;1.022126;0.964770;3.351050;0.098039;0.098039;0.000000;9642.140350;0.245017;1.779684;2.034850;2.127520;4.526342;2.773737;0.336244;-0.366332;-0.031894;2.064130;0.068627;0.068627;0.000000;553.959093;1.487630;2.553859;4.572700;29.234826;854.675049;29.346162;5.407657;-0.108199;-0.631616;37.163750;0.098039;0.098039;1.505882;44254.719743;1.770600;-54.553178;-66.133000;85.607730;7328.683398;101.512229;12.675479;0.329223;-0.787097;133.352325;0.029412;0.029412;0.000000;677388.648775;1.534459;0.000000;0.000000;-0.382175;0.319361;0.278192;-0.602544;0.000000;-0.168478;0.106765;0.000000;0.000000;-0.092189;0.009788;-0.025620;0.127404;9.937805;7.828628;12.904326;7.851286;1.795822;0.000000;9.865677;1.005859;0.899085;106.588600;11173.623483
1.000000;1.000000;0.000000;0.000000;1.000000;0.000000;0.000000;0.000000;0.000000;0.000000;0.000000;0.000000;102.000000;-0.000000;-2.671981;-2.517400;1.057361;1.118011;2.873585;0.303840;-1.131900;2.449579;1.173725;0.107843;0.107843;0.000000;785.246552;0.429208;8.989446;8.023250;3.436940;11.812553;9.624068;0.806050;1.095242;0.210248;3.770175;0.068627;0.068627;0.000000;8845.080895;0.365873;2.896964;2.868150;1.147944;1.317776;3.116115;0.279259;0.736438;1.576270;1.277075;0.088235;0.088235;0.000000;923.231695;0.424149;-5.451989;-6.616700;25.458714;648.146105;26.035942;5.148469;0.041605;-0.827038;36.464000;0.088235;0.088235;1.505882;36091.139661;1.930247;0.933144;0.974600;58.492826;3421.410693;58.500269;14.534273;0.010210;0.122472;66.224750;0.117647;0.117647;2.509804;174586.440441;1.782777;0.000000;0.000000;-0.515072;0.491217;-0.449016;-0.673240;0.000000;-0.358641;0.118855;0.000000;0.000000;-0.511007;0.027720;0.079215;0.070952;9.486030;11.895415;12.661427;12.250809;0.807781;0.000000;9.750424;1.005859;2.650843;101.880187;4109.861912
1.000000;1.000000;0.000000;0.000000;1.000000;0.000000;0.000000;0.000000;0.000000;0.000000;0.000000;0.000000;102.000000;-0.000000;-3.370662;-3.259900;1.070854;1.146727;3.536678;0.336464;-0.746100;0.920434;1.083925;0.117647;0.117647;0.000000;1217.346989;0.306244;9.100945;8.608400;3.116182;9.710591;9.619657;0.715654;1.016704;0.385722;3.382675;0.088235;0.088235;0.000000;8943.622754;0.305263;1.950074;2.458800;1.785108;3.186611;2.643747;0.324695;-0.590550;-0.744640;3.198365;0.029412;0.029412;0.000000;550.406264;1.027701;12.688923;7.215000;29.327447;860.099140;31.954779;4.494223;0.865141;0.151247;35.976200;0.058824;0.058824;0.501961;60289.407328;1.769182;-78.056247;-73.736500;88.154105;7771.146231;117.745165;15.464624;-0.218709;-0.688612;126.114250;0.088235;0.088235;0.000000;1017807.885447;1.221140;0.000000;0.000000;-0.472147;-0.283272;0.618189;-0.743883;0.000000;-0.457540;-0.130187;0.000000;0.000000;0.252450;0.470384;-0.026457;-0.029529;9.815330;9.705179;13.471607;10.090177;0.874639;0.000000;9.366057;1.005859;2.748323;106.045880;14892.021244
1.000000;1.000000;0.000000;0.000000;1.000000;0.000000;0.000000;0.000000;0.000000;0.000000;0.000000;0.000000;102.000000;-0.000000;-3.136225;-2.959100;1.271202;1.615955;3.384060;0.342464;-0.428678;0.131683;1.527700;0.078431;0.078431;0.000000;1085.680037;0.410199;9.891813;9.467550;2.206299;4.867753;10.134876;0.560442;0.952292;1.219988;2.283975;0.088235;0.088235;0.000000;10228.747809;0.165485;1.469744;1.789650;1.558710;2.429578;2.142365;0.345614;-0.238524;-0.270078;2.324065;0.058824;0.058824;0.000000;344.243748;1.133741;15.678746;13.293000;27.550248;759.016147;31.699199;3.984211;0.819408;0.429450;31.060925;0.068627;0.068627;0.000000;63784.453762;1.672988;-77.834395;-59.517000;83.479638;6968.849908;114.136072;11.121248;-0.562148;-0.745044;130.201825;0.078431;0.078431;0.000000;973347.211014;0.980042;0.000000;0.000000;-0.476507;-0.056806;0.557866;-0.686017;0.000000;-0.566382;-0.004948;0.000000;0.000000;0.140734;0.608362;0.335358;0.000979;10.488395;5.161140;14.028038;5.399453;1.148450;0.000000;10.767838;1.005859;1.245848;115.167577;14036.471941
1.000000;1.000000;0.000000;0.000000;1.000000;0.000000;0.000000;0.000000;0.000000;0.000000;0.000000;0.000000;102.000000;-0.000000;-2.631071;-2.722300;0.710592;0.504941;2.725340;0.185233;0.756058;0.379003;0.619025;0.127451;0.127451;0.000000;731.854568;0.229531;9.213191;8.961500;1.621382;2.628880;9.354773;0.392359;0.445103;-0.868990;2.430100;0.088235;0.088235;0.000000;8792.135074;0.105771;2.468434;2.543950;0.792245;0.627652;2.592454;0.205646;-0.179427;-0.290219;0.987650;0.088235;0.088235;0.000000;653.521227;0.301282;0.293259;6.223000;18.836875;354.827866;18.839158;3.210612;-0.491853;-0.876079;29.631500;0.058824;0.058824;1.505882;18105.310926;1.250080;-16.762691;-14.515000;29.892094;893.537271;34.271345;5.803547;-0.072397;-0.966236;47.814175;0.078431;0.078431;0.000000;74232.134411;1.683447;0.000000;0.000000;-0.467545;0.401826;-0.095982;-0.636983;0.000000;-0.595288;-0.095746;0.000000;0.000000;-0.398997;0.480269;0.010883;0.513604;9.656872;2.684070;12.844263;2.784992;0.379856;0.000000;9.986777;1.005859;2.205953;95.939249;1536.159776
1.000000;1.000000;0.000000;0.000000;1.000000;0.000000;0.000000;0.000000;0.000000;0.000000;0.000000;0.000000;102.000000;-0.000000;-3.044987;-3.061450;0.784117;0.614839;3.144326;0.223633;0.063241;1.321973;0.970825;0.107843;0.107843;0.000000;977.096389;0.223374;9.046254;8.538550;1.726912;2.982223;9.209611;0.358896;0.998267;0.597061;2.129525;0.049020;0.049020;0.000000;8499.252175;0.119875;1.882250;2.561000;1.748724;3.058035;2.569222;0.204680;-0.648566;-0.972458;2.959268;0.029412;0.029412;0.000000;517.342825;1.017782;9.208355;12.314500;24.097481;580.688605;25.796946;4.224081;-0.031692;-0.303565;33.328900;0.068627;0.068627;1.505882;38267.531074;1.755184;-74.195071;-57.496500;63.793201;4069.572486;97.849277;9.975834;-0.411461;-0.950972;102.904250;0.039216;0.039216;0.000000;769048.963772;0.922327;0.000000;0.000000;-0.431848;0.286653;0.345081;-0.674788;0.000000;-0.625698;-0.333614;0.000000;0.000000;-0.087857;0.361493;0.222706;0.550018;9.625157;3.060074;13.091241;3.149667;0.483010;0.000000;9.444797;1.005859;2.490296;95.703720;10246.564296
1.000000;1.000000;0.000000;0.000000;1.000000;0.000000;0.000000;0.000000;0.000000;0.000000;0.000000;0.000000;102.000000;-0.000000;-2.663744;-2.682800;1.029596;1.060067;2.855801;0.230283;-0.181007;-0.530659;1.552750;0.088235;0.088235;0.000000;777.819880;0.377811;9.369426;8.793600;2.338115;5.466784;9.656756;0.504629;1.364413;1.697782;2.373400;0.058824;0.058824;0.000000;9232.994565;0.196678;1.686544;2.568800;1.686832;2.845403;2.385337;0.252207;-0.539181;-1.135391;2.689717;0.058824;0.058824;0.000000;435.247821;1.084729;10.323343;12.060000;22.209949;493.281844;24.491902;3.930223;0.179705;-0.234511;31.759300;0.068627;0.068627;0.000000;36027.994850;1.874503;-76.236384;-68.343500;69.053544;4768.391963;102.860966;10.857960;0.285632;-0.129090;82.602250;0.058824;0.058824;0.000000;836012.223696;1.098991;0.000000;0.000000;-0.270724;0.382638;0.221316;-0.718151;0.000000;-0.531290;0.061599;0.000000;0.000000;0.005430;0.357476;0.140430;-0.009037;9.846188;5.461116;13.033170;5.616208;0.975266;0.000000;9.867930;1.005859;1.511203;102.408534;11185.921340
1.000000;1.000000;0.000000;0.000000;1.000000;0.000000;0.000000;0.000000;0.000000;0.000000;0.000000;0.000000;102.000000;-0.000000;-2.359972;-2.356800;0.765445;0.585907;2.481003;0.205140;-0.420259;0.123743;0.913425;0.107843;0.107843;0.000000;597.992061;0.315774;9.046685;7.837050;2.955437;8.734611;9.517202;0.699349;1.130288;0.366087;3.127675;0.058824;0.058824;0.000000;8793.405439;0.284896;2.735228;2.827750;1.004569;1.009159;2.913868;0.263622;0.191072;1.035548;0.866400;0.156863;0.156863;0.000000;814.578851;0.355118;-2.176533;-2.123850;15.010136;225.304197;15.167119;3.351531;0.009131;-0.896730;24.678000;0.078431;0.078431;2.509804;11973.775675;1.706910;-12.299670;-16.513500;47.435939;2250.168321;49.004594;9.294186;0.198072;-1.159148;86.216000;0.049020;0.049020;0.501961;130198.620678;1.670477;0.000000;0.000000;-0.422774;0.550390;-0.137901;-0.695116;0.000000;-0.038398;0.192438;0.000000;0.000000;-0.480409;-0.486979;-0.003638;-0.105577;9.442142;8.578464;12.406657;8.932937;0.479863;0.000000;9.326175;1.005859;2.468349;97.732500;2639.982317
1.000000;1.000000;0.000000;0.000000;1.000000;0.000000;0.000000;0.000000;0.000000;0.000000;0.000000;0.000000;102.000000;-0.000000;-2.827903;-2.784500;0.848558;0.720050;2.952471;0.267212;-0.438323;0.008198;1.188675;0.107843;0.107843;0.000000;852.421683;0.271149;9.128125;7.793850;3.160156;9.986584;9.659671;0.789774;1.058102;-0.138745;3.920275;0.058824;0.058824;0.000000;9008.235232;0.308352;2.880096;2.758000;1.009387;1.018863;3.051854;0.315443;0.477005;0.477741;1.228375;0.127451;0.127451;0.000000;898.051708;0.345828;2.907068;1.616300;16.152801;260.912979;16.412313;4.087897;0.462538;-0.383538;19.575500;0.088235;0.088235;1.505882;14172.252537;2.312196;-27.859131;-20.707000;62.015030;3845.863887;67.985256;11.407093;-0.789675;0.303445;91.227250;0.068627;0.068627;0.000000;275329.815938;1.969332;0.000000;0.000000;-0.632954;0.314969;-0.034155;-0.647438;0.000000;-0.291863;0.029777;0.000000;0.000000;-0.489575;-0.048372;0.342957;0.093346;9.643114;10.036684;12.956027;10.389548;0.423092;0.000000;9.322781;1.005859;2.927726;103.026326;4900.672932
1.000000;1.000000;0.000000;0.000000;1.000000;0.000000;0.000000;0.000000;0.000000;0.000000;0.000000;0.000000;102.000000;-0.000000;-3.251327;-3.221950;0.902950;0.815319;3.374381;0.232384;-0.135703;-0.553350;1.174100;0.078431;0.078431;0.000000;1119.838210;0.238363;9.727725;9.395800;2.423383;5.872783;10.025039;0.591321;1.017807;0.806816;3.200950;0.098039;0.098039;0.000000;9951.654310;0.195048;1.433601;1.648050;1.688683;2.851651;2.215144;0.320903;-0.417145;-0.316738;2.156647;0.049020;0.049020;0.000000;355.065831;1.173100;11.221985;10.244000;21.561335;464.891154;24.306874;4.248941;0.413489;0.323540;25.635150;0.107843;0.107843;0.000000;36557.176866;1.930605;-91.306133;-71.794000;79.559669;6329.740981;121.105536;12.537710;-0.657620;0.298110;92.894750;0.039216;0.039216;0.000000;1173173.290515;0.928198;0.000000;0.000000;-0.432045;0.418631;0.307184;-0.400675;0.000000;-0.073309;0.114508;0.000000;0.000000;0.083197;0.389683;-0.028808;-0.323588;10.345173;5.865261;13.979052;6.103569;0.650752;0.000000;10.111879;1.005859;1.982874;112.887856;15262.281938
1.000000;1.000000;0.000000;0.000000;1.000000;0.000000;0.000000;0.000000;0.000000;0.000000;0.000000;0.000000;102.000000;-0.000000;-3.041974;-3.116300;1.119208;1.252626;3.241332;0.252390;0.285856;-0.562459;1.538925;0.058824;0.058824;0.000000;1007.759078;0.357952;9.669551;9.672300;1.654320;2.736776;9.810045;0.457298;0.269190;-0.126747;2.131425;0.137255;0.137255;0.000000;9676.598482;0.103082;1.484376;1.768850;1.718976;2.954878;2.271178;0.299869;-0.369300;-0.175253;2.171197;0.058824;0.058824;0.000000;375.452776;1.138658;2.551119;4.732600;31.371558;984.174676;31.475115;4.655921;0.152888;-0.634553;46.356750;0.049020;0.049020;2.007843;50870.376897;2.138061;-58.475254;-52.168500;95.573677;9134.327828;112.043220;13.975653;-0.631851;-0.120588;129.893500;0.049020;0.049020;0.000000;814655.155807;1.577989;0.000000;0.000000;-0.447892;0.151132;0.454599;-0.521019;0.000000;-0.479496;-0.127795;0.000000;0.000000;0.222792;0.612423;-0.273296;0.304871;10.236421;2.958911;13.711525;3.138298;0.890603;0.000000;10.424911;1.005859;0.739070;107.743226;13549.524306
1.000000;1.000000;0.000000;0.000000;1.000000;0.000000;0.000000;0.000000;0.000000;0.000000;0.000000;0.000000;102.000000;-0.000000;-2.739084;-2.689000;1.000849;1.001699;2.916210;0.272214;0.067444;-0.474363;1.354125;0.098039;0.098039;0.000000;816.350310;0.345018;9.195704;8.908700;1.995558;3.982253;9.409741;0.464523;0.454162;-0.713622;2.904200;0.098039;0.098039;0.000000;8828.318582;0.134465;2.833204;3.021150;0.987468;0.975092;3.000356;0.244709;-0.027561;-0.426174;1.228925;0.088235;0.088235;0.000000;868.496599;0.342271;-4.484133;-10.134800;30.370208;922.349534;30.699462;5.213782;0.283581;-0.862310;49.131000;0.058824;0.058824;1.505882;49091.382887;0.990469;6.425355;6.635650;51.303390;2632.037814;51.704187;12.897709;-0.453053;0.179474;64.569750;0.088235;0.088235;1.505882;138447.406218;1.954878;0.000000;0.000000;-0.612893;0.470054;-0.292806;-0.562516;0.000000;-0.624642;-0.287650;0.000000;0.000000;-0.394919;0.307612;0.108722;0.719538;9.681683;4.312510;12.934788;4.464306;0.568993;0.000000;9.668489;1.005859;2.631059;98.047505;3624.782120
1.000000;1.000000;0.000000;0.000000;1.000000;0.000000;0.000000;0.000000;0.000000;0.000000;0.000000;0.000000;102.000000;-0.000000;-3.000087;-2.954650;0.626486;0.392485;3.064802;0.159212;-0.137383;-0.453885;0.944700;0.088235;0.088235;0.000000;938.070603;0.149992;9.003603;8.902550;1.623455;2.635606;9.148796;0.379987;0.318083;-0.771521;2.134400;0.098039;0.098039;0.000000;8403.033913;0.103401;2.400014;2.588850;1.154484;1.332834;2.663250;0.195670;-0.079966;-1.336446;2.050300;0.058824;0.058824;0.000000;655.501622;0.470260;5.858518;2.230600;24.745230;612.326418;25.429287;3.593881;0.007208;-0.687479;32.756350;0.049020;0.049020;1.505882;34742.730549;2.078559;-47.174404;-64.877500;63.566484;4040.697898;79.158842;7.600246;0.427914;-0.604868;92.765500;0.029412;0.029412;0.000000;433099.035064;1.374262;0.000000;0.000000;-0.534573;0.366965;0.410081;-0.492265;0.000000;-0.411744;-0.075264;0.000000;0.000000;-0.034971;0.243092;0.093330;0.539345;9.560311;2.693928;13.003690;2.787774;0.270298;0.000000;9.492389;1.005859;2.574408;94.093481;6919.863837
1.000000;1.000000;0.000000;0.000000;1.000000;0.000000;0.000000;0.000000;0.000000;0.000000;0.000000;0.000000;102.000000;-0.000000;-2.872446;-2.904800;0.548200;0.300523;2.924290;0.122612;-0.036284;-0.870412;0.868600;0.088235;0.088235;0.000000;856.929280;0.123503;8.846651;8.725700;1.378975;1.901571;8.953480;0.361380;0.711070;0.577473;1.874900;0.107843;0.107843;0.000000;8079.829985;0.092168;1.522433;1.356850;0.882261;0.778385;1.759599;0.185694;1.111806;1.286681;1.048882;0.039216;0.039216;0.000000;276.114257;0.653346;9.177526;7.386750;23.813328;567.074610;25.520611;2.324102;0.054794;-1.050908;36.817500;0.029412;0.029412;0.501961;37514.461841;1.694584;-81.972401;-91.725500;51.327614;2634.523978;96.716072;5.187319;0.800317;-0.332476;43.647500;0.058824;0.058824;0.000000;819752.017228;0.642832;0.000000;0.000000;-0.555992;0.428548;0.007404;-0.766712;0.000000;-0.344212;-0.353326;0.000000;0.000000;-0.208660;0.498576;-0.034525;0.354194;9.367197;1.971901;12.719097;2.025055;0.198843;0.000000;9.534950;1.005859;1.744813;89.716275;10008.396277
1.000000;1.000000;0.000000;0.000000;1.000000;0.000000;0.000000;0.000000;0.000000;0.000000;0.000000;0.000000;102.000000;-0.000000;-2.748115;-2.630400;0.925998;0.857473;2.899933;0.244183;-0.796142;1.803237;0.970175;0.117647;0.117647;0.000000;814.049943;0.323369;9.197450;8.414650;2.536418;6.433415;9.540781;0.546693;1.074123;0.028197;2.809300;0.058824;0.058824;0.000000;8956.609854;0.210798;2.241772;1.904150;1.403192;1.968946;2.644709;0.246904;1.077716;1.423608;1.883925;0.049020;0.049020;0.000000;613.021613;0.697507;5.199972;-1.477290;26.792796;717.853923;27.292740;4.122558;0.460818;-0.858993;46.530000;0.039216;0.039216;1.003922;39370.023304;1.856821;-37.143919;-27.244000;64.786361;4197.272519;74.678934;10.923826;-0.075818;-0.917055;105.282750;0.058824;0.058824;0.000000;354799.147018;1.760874;0.000000;0.000000;-0.679730;0.267151;0.161221;-0.769560;0.000000;-0.581207;-0.106092;0.000000;0.000000;-0.333676;0.194912;0.173805;0.397917;9.677407;6.783898;12.945565;6.926068;0.437007;0.000000;9.620283;1.005859;1.795203;100.436111;6328.831330
1.000000;1.000000;0.000000;0.000000;1.000000;0.000000;0.000000;0.000000;0.000000;0.000000;0.000000;0.000000;102.000000;-0.000000;-2.781380;-2.732300;0.996961;0.993931;2.954658;0.294587;-0.363865;0.885251;1.009250;0.117647;0.117647;0.000000;839.770361;0.352113;8.977802;7.692750;2.957719;8.748103;9.452462;0.643913;1.048034;-0.385408;3.659550;0.049020;0.049020;0.000000;8667.449252;0.268149;3.554819;3.382300;1.146098;1.313541;3.735007;0.304175;1.144254;1.360570;1.172550;0.098039;0.098039;0.000000;1355.938236;0.302868;1.326589;-2.491950;25.267730;638.458165;25.302530;5.430035;0.383711;0.091513;34.733750;0.068627;0.068627;2.509804;32741.925079;2.028538;-13.951051;-14.481500;58.077893;3373.041688;59.730005;15.549616;0.084945;-0.436060;75.039000;0.127451;0.127451;2.509804;191892.738155;2.110430;0.000000;0.000000;-0.555128;0.539036;-0.412804;-0.779570;0.000000;-0.478884;0.033042;0.000000;0.000000;-0.323606;0.026571;0.236638;0.352495;9.498828;8.851312;12.759182;9.169394;0.669097;0.000000;9.922431;1.005859;3.505382;99.079037;4221.841803
1.000000;1.000000;0.000000;0.000000;1.000000;0.000000;0.000000;0.000000;0.000000;0.000000;0.000000;0.000000;102.000000;-0.000000;-2.933593;-3.034500;0.896328;0.803403;3.067470;0.245362;-0.062511;-0.191786;1.082675;0.117647;0.117647;0.000000;918.784014;0.274058;9.151311;8.266350;2.612528;6.825300;9.516921;0.600884;0.969946;0.295777;3.162125;0.058824;0.058824;0.000000;8890.232646;0.234155;2.911875;2.571650;1.211955;1.468835;3.154021;0.273861;1.039253;0.952448;1.568775;0.049020;0.049020;0.000000;939.771628;0.395989;5.872210;12.982000;23.387676;546.983393;24.113611;3.993748;-0.598896;-0.650345;37.612000;0.049020;0.049020;0.501961;31414.285184;1.589321;-57.999995;-64.371000;64.775018;4195.802974;86.947124;12.043911;0.630771;-0.187451;96.365500;0.058824;0.058824;0.000000;557113.971185;1.197112;0.000000;0.000000;-0.349635;0.024768;0.295020;-0.833337;0.000000;-0.458175;-0.112149;0.000000;0.000000;0.073385;0.325853;0.010503;0.161063;9.711165;6.674437;13.084904;7.003290;0.700945;0.000000;9.326701;1.005859;3.313885;100.981162;8151.216431
1.000000;1.000000;0.000000;0.000000;1.000000;0.000000;0.000000;0.000000;0.000000;0.000000;0.000000;0.000000;102.000000;-0.000000;-2.858578;-2.716600;0.885715;0.784492;2.992651;0.219030;-0.720778;-0.352959;1.191850;0.088235;0.088235;0.000000;873.501700;0.271140;9.697833;9.669650;2.075259;4.306700;9.917392;0.542940;1.060482;1.336493;2.351900;0.117647;0.117647;0.000000;9812.535598;0.154128;2.344082;2.401950;0.539448;0.291004;2.405354;0.251719;-0.231466;0.383715;0.741125;0.166667;0.166667;0.000000;575.303779;0.183071;15.418079;21.428000;25.034959;626.749163;29.401808;4.104717;-0.569068;-0.452357;34.613155;0.068627;0.068627;0.000000;56215.519018;1.696633;-80.707918;-91.063000;48.508238;2353.049111;94.163778;9.460634;0.424692;-0.936008;73.525500;0.078431;0.078431;0.000000;784410.922870;0.701423;0.000000;0.000000;-0.362069;0.115135;0.123158;-0.560038;0.000000;-0.343907;0.204678;0.000000;0.000000;0.073145;0.343472;-0.000459;0.009989;10.195531;4.361785;13.556412;4.472097;0.669502;0.000000;10.360388;1.005859;2.223905;108.310633;9737.069137
1.000000;1.000000;0.000000;0.000000;1.000000;0.000000;0.000000;0.000000;0.000000;0.000000;0.000000;0.000000;102.000000;-0.000000;-2.606144;-2.375400;0.717277;0.514486;2.703049;0.185523;-1.349173;1.361663;0.741400;0.107843;0.107843;0.000000;719.022396;0.231673;9.443179;9.092350;1.730873;2.995921;9.600498;0.435047;0.588522;-0.336224;2.519050;0.098039;0.098039;0.000000;9248.503143;0.109668;2.769283;2.793500;0.930136;0.865152;2.921315;0.215443;0.120509;0.973256;0.995275;0.127451;0.127451;0.000000;826.357800;0.331442;9.488238;9.789200;30.377985;922.821960;31.825283;5.067599;-0.173645;-1.176799;53.590750;0.068627;0.068627;1.505882;56247.961751;1.809936;-23.701495;-16.839500;63.976142;4092.946750;68.225418;10.445257;-0.300569;-1.102654;112.329250;0.078431;0.078431;1.505882;266050.224577;1.804579;0.000000;0.000000;-0.634369;0.351831;-0.024632;-0.507239;0.000000;-0.430290;0.159338;0.000000;0.000000;-0.322928;0.017345;-0.146207;0.187341;9.862942;3.198410;13.049324;3.256710;0.288453;0.000000;9.720047;1.005859;2.574026;100.476031;5676.090322
1.000000;1.000000;0.000000;0.000000;1.000000;0.000000;0.000000;0.000000;0.000000;0.000000;0.000000;0.000000;102.000000;-0.000000;-2.604561;-2.585550;0.781215;0.610297;2.719198;0.225401;-0.095065;0.576872;1.036350;0.107843;0.107843;0.000000;723.066767;0.270499;9.178249;8.730150;1.947695;3.793517;9.382631;0.441364;0.861161;0.114351;2.755600;0.078431;0.078431;0.000000;8785.975376;0.141056;2.941939;2.829700;1.272967;1.620444;3.205534;0.262628;0.505033;0.339473;1.574775;0.058824;0.058824;0.000000;965.452971;0.433309;0.358648;-5.788400;37.311151;1392.121956;37.312874;5.915307;0.221846;-1.170485;68.264000;0.058824;0.058824;1.505882;71011.484382;1.141156;-20.733117;-14.862000;63.906973;4084.101225;67.186035;10.564592;-0.386071;-0.997858;106.756000;0.068627;0.068627;0.501961;252137.516978;1.867508;0.000000;0.000000;-0.518527;0.602236;-0.375758;-0.462047;0.000000;-0.582558;-0.170077;0.000000;0.000000;-0.342251;0.051607;0.278479;0.533552;9.618044;3.921037;12.782810;4.017726;0.429690;0.000000;9.623474;1.005859;2.738017;96.427809;5916.489383
1.000000;1.000000;0.000000;0.000000;1.000000;0.000000;0.000000;0.000000;0.000000;0.000000;0.000000;0.000000;102.000000;-0.000000;-2.778710;-2.898700;0.685733;0.470230;2.862073;0.209488;1.119193;1.279294;0.728275;0.137255;0.137255;0.000000;811.548378;0.201714;9.013372;8.741900;1.664966;2.772111;9.165859;0.412493;1.312490;2.378100;1.617500;0.098039;0.098039;0.000000;8427.953279;0.120540;1.890733;1.492400;1.468166;2.155511;2.393822;0.219805;1.151856;1.130422;2.031848;0.029412;0.029412;0.000000;474.571888;0.876365;10.853656;17.502500;35.302686;1246.279622;36.933473;4.656795;-0.411639;-0.797997;50.995900;0.049020;0.049020;1.003922;75577.138260;1.584225;-86.462020;-102.510000;58.750634;3451.637053;104.533812;10.450463;0.382112;-0.835113;86.692750;0.049020;0.049020;0.000000;938577.066732;0.854830;0.000000;0.000000;-0.265953;0.066735;0.190402;-0.743432;0.000000;-0.554174;-0.496060;0.000000;0.000000;0.134535;0.217741;0.305374;0.675995;9.513522;2.697346;12.792082;2.839328;0.435116;0.000000;9.282973;1.005859;2.353993;93.204439;12297.129733
1.000000;1.000000;0.000000;0.000000;1.000000;0.000000;0.000000;0.000000;0.000000;0.000000;0.000000;0.000000;102.000000;-0.000000;-2.720945;-2.639900;0.700627;0.490878;2.809701;0.183721;0.563629;2.137806;0.666400;0.088235;0.088235;0.000000;780.198501;0.219632;8.850812;8.618200;2.108769;4.446906;9.098559;0.455915;1.505026;2.921987;2.043650;0.098039;0.098039;0.000000;8217.163539;0.186203;1.983813;1.836900;1.386100;1.921272;2.420080;0.191439;0.693549;0.401999;2.331923;0.009804;0.009804;0.000000;499.407273;0.729768;10.956229;10.626000;21.534493;463.734367;24.161402;3.006527;0.054174;-0.862234;32.077075;0.049020;0.049020;0.501961;35896.578141;1.528395;-60.229042;-49.080500;68.765154;4728.646441;91.412165;10.316255;-0.135048;-1.102213;119.885500;0.019608;0.019608;0.000000;611169.833217;1.014857;0.000000;0.000000;-0.545554;-0.487019;0.778419;-0.805466;0.000000;-0.455132;-0.043130;0.000000;0.000000;0.267111;0.283414;-0.009399;0.250494;9.337249;4.493977;12.571757;4.650422;0.336251;0.000000;9.513245;1.005859;1.345126;91.678195;8945.814069
1.000000;1.000000;0.000000;0.000000;1.000000;0.000000;0.000000;0.000000;0.000000;0.000000;0.000000;0.000000;102.000000;-0.000000;-2.531307;-2.453100;0.913974;0.835349;2.691257;0.261481;-0.322702;1.061896;0.606600;0.137255;0.137255;0.000000;696.169637;0.360850;9.060287;7.878250;2.961443;8.770144;9.531996;0.699841;1.132566;-0.017201;3.456725;0.058824;0.058824;0.000000;8820.335791;0.270799;3.161745;2.950600;1.142100;1.304392;3.361700;0.292449;1.424437;1.673810;0.801150;0.107843;0.107843;0.000000;1086.196663;0.376924;-1.331684;-3.565700;22.249371;495.034509;22.289188;4.463838;-0.267417;-0.406407;26.715000;0.078431;0.078431;2.007843;25428.032686;1.845848;-6.323476;-5.932100;45.203644;2043.369402;45.643792;11.113731;-0.561703;0.376079;63.421250;0.078431;0.078431;2.509804;108291.011195;2.047834;0.000000;0.000000;-0.734619;0.551085;-0.523430;-0.690466;0.000000;-0.367654;0.114644;0.000000;0.000000;-0.342878;-0.208552;0.382746;0.323173;9.486548;9.107224;12.591594;9.332017;0.368579;0.000000;9.276169;1.005859;3.054579;99.101812;2591.464674
1.000000;1.000000;0.000000;0.000000;1.000000;0.000000;0.000000;0.000000;0.000000;0.000000;0.000000;0.000000;102.000000;-0.000000;-2.995175;-2.906950;0.946179;0.895255;3.141072;0.277892;-0.097633;0.311654;1.026725;0.137255;0.137255;0.000000;960.707767;0.301180;9.523015;8.092500;3.104219;9.636175;10.016186;0.712291;0.953505;-0.199612;4.219575;0.068627;0.068627;0.000000;9741.602519;0.288377;2.277981;2.254350;1.734228;3.007548;2.862996;0.287241;0.193829;-0.234763;2.218125;0.068627;0.068627;0.000000;682.684613;0.850352;9.942734;13.252000;27.151537;737.205955;28.914770;5.348776;-0.449418;-0.444800;33.330250;0.088235;0.088235;2.007843;47682.600080;1.800363;-68.962091;-61.017500;80.587375;6494.325062;106.066465;11.903901;-0.033328;-1.165846;135.713400;0.049020;0.049020;0.000000;816304.344058;1.242202;0.000000;0.000000;-0.575244;0.111863;0.154079;-0.736258;0.000000;-0.435880;-0.055280;0.000000;0.000000;0.213150;0.312959;-0.013956;0.028001;10.072807;9.728882;13.518190;10.049922;0.585779;0.000000;9.861937;1.005859;2.820347;111.190315;12094.355745
1.000000;1.000000;0.000000;0.000000;1.000000;0.000000;0.000000;0.000000;0.000000;0.000000;0.000000;0.000000;102.000000;-0.000000;-2.877523;-2.892700;0.874221;0.764262;3.007391;0.223673;0.025043;0.625484;0.754775;0.156863;0.156863;0.000000;883.559966;0.262671;9.342202;8.782100;2.469169;6.096797;9.662998;0.501575;1.366339;1.976364;2.732675;0.088235;0.088235;0.000000;9213.180641;0.220645;1.653710;1.652850;1.426954;2.036198;2.184251;0.273515;0.153479;-0.856203;2.289973;0.058824;0.058824;0.000000;382.794405;0.996265;7.062495;2.714400;26.988363;728.371715;27.897142;4.704928;0.292106;-1.333908;52.296500;0.068627;0.068627;1.505882;42234.689777;1.596714;-80.448479;-68.088000;66.854170;4469.480000;104.601328;10.294964;-0.261858;-0.900473;105.606000;0.058824;0.058824;0.000000;888083.393064;0.948085;0.000000;0.000000;-0.457791;0.044144;0.106491;-0.749759;0.000000;-0.567725;-0.176884;0.000000;0.000000;0.285684;0.574339;-0.311987;0.007675;9.863979;6.119852;13.219725;6.336149;0.592841;0.000000;9.897042;1.005859;1.632306;103.417936;11724.459347
1.000000;1.000000;0.000000;0.000000;1.000000;0.000000;0.000000;0.000000;0.000000;0.000000;0.000000;0.000000;102.000000;-0.000000;-2.470645;-2.585550;0.822102;0.675851;2.603831;0.236326;-0.081337;-0.009587;1.057500;0.088235;0.088235;0.000000;657.104272;0.325119;9.349228;9.087200;1.823729;3.325989;9.525443;0.476412;0.713641;-0.353449;2.292400;0.107843;0.107843;0.000000;9085.287149;0.129360;2.494785;2.379450;1.209540;1.462987;2.772533;0.308668;0.003379;-0.336549;1.704575;0.088235;0.088235;0.000000;709.461194;0.548710;-4.614517;-13.549000;24.142593;582.864809;24.579637;4.119951;1.074237;0.058274;30.950750;0.058824;0.058824;1.505882;31898.579457;1.567775;-19.288997;-11.596000;39.698717;1575.988096;44.136759;9.383159;-0.365572;-0.546082;50.845000;0.068627;0.068627;0.000000;118354.112279;2.144495;0.000000;0.000000;-0.579928;0.352685;0.120267;-0.365243;0.000000;-0.630843;0.002703;0.000000;0.000000;-0.193957;0.171576;-0.139808;0.592065;9.746152;3.526512;12.819873;3.621290;0.420173;0.000000;9.876216;1.005859;2.146947;98.513998;2559.899001
1.000000;1.000000;0.000000;0.000000;1.000000;0.000000;0.000000;0.000000;0.000000;0.000000;0.000000;0.000000;102.000000;-0.000000;-2.743596;-2.806550;0.782974;0.613048;2.853133;0.194486;-0.170337;-0.033715;1.045100;0.098039;0.098039;0.000000;799.054949;0.245576;9.026866;8.523850;1.826686;3.336783;9.209836;0.409690;0.680498;-0.242306;2.546800;0.078431;0.078431;0.000000;8481.575262;0.125228;3.161999;3.300900;1.087999;1.183742;3.343947;0.230056;-0.030449;-0.640717;1.506450;0.068627;0.068627;0.000000;1080.196637;0.324546;-1.245865;-5.187350;24.229727;587.079654;24.261736;3.904835;0.663316;-0.556158;38.661000;0.058824;0.058824;1.505882;30099.583789;1.241652;-13.683564;-8.120550;38.261230;1463.921721;40.634488;7.547931;-0.336244;-0.669902;54.836750;0.049020;0.049020;0.501961;93760.019771;1.802273;0.000000;0.000000;-0.520656;0.598765;0.102187;-0.306697;0.000000;-0.695298;0.117432;0.000000;0.000000;-0.278393;0.243534;-0.018708;0.541542;9.511800;3.487115;12.770462;3.562001;0.426937;0.000000;9.742020;1.005859;3.275145;93.961455;2250.975468
1.000000;1.000000;0.000000;0.000000;1.000000;0.000000;0.000000;0.000000;0.000000;0.000000;0.000000;0.000000;102.000000;-0.000000;-3.282979;-3.151450;0.765709;0.586310;3.371092;0.188627;-0.267132;-0.585127;1.212850;0.068627;0.068627;0.000000;1129.255063;0.184119;8.865339;8.667350;1.490444;2.221424;8.989753;0.422155;0.304017;-0.648704;2.077500;0.088235;0.088235;0.000000;8129.925347;0.103726;2.564347;2.687200;1.514251;2.292956;2.978059;0.234361;-0.275215;-0.684043;2.238775;0.049020;0.049020;0.000000;787.697083;0.631552;19.100150;15.447500;30.908309;955.323587;36.333722;3.509497;0.173612;-0.958153;50.566050;0.039216;0.039216;0.000000;85934.018542;1.354778;-77.529879;-53.707500;81.511365;6644.102637;112.494377;8.692552;-0.437200;-1.128730;153.982500;0.009804;0.009804;0.000000;951982.992993;1.110755;0.000000;0.000000;-0.301398;0.105007;0.493114;-0.715435;0.000000;-0.467974;-0.113095;0.000000;0.000000;0.326868;0.464920;-0.081744;0.179649;9.537246;2.220870;13.148319;2.313518;0.522016;0.000000;9.207002;1.005859;3.186831;93.179928;13983.993003
1.000000;1.000000;0.000000;0.000000;1.000000;0.000000;0.000000;0.000000;0.000000;0.000000;0.000000;0.000000;102.000000;-0.000000;-3.112798;-3.085500;1.020889;1.042215;3.275931;0.255937;0.412615;0.307980;1.474250;0.068627;0.068627;0.000000;1041.484146;0.314701;9.042532;8.702500;1.953156;3.814817;9.251065;0.528448;1.203919;1.055398;2.258550;0.107843;0.107843;0.000000;8534.842272;0.156107;2.086570;2.194850;1.553643;2.413806;2.601457;0.300009;0.178280;-0.385312;2.206258;0.068627;0.068627;0.000000;567.192538;0.851834;14.976080;7.733950;32.794756;1075.495996;36.052447;3.912894;0.289438;-0.963868;52.106875;0.039216;0.039216;0.501961;77728.929332;1.534492;-74.300515;-53.551500;87.706952;7692.509415;114.948144;11.730424;-0.239809;-1.201426;156.927450;0.039216;0.039216;0.000000;955431.076590;1.170322;0.000000;0.000000;-0.431826;0.191445;0.209370;-0.829786;0.000000;-0.505495;-0.047577;0.000000;0.000000;0.147142;0.443581;0.058875;0.107250;9.663320;3.934183;13.155330;4.100658;0.804464;0.000000;9.690820;1.005859;1.969755;97.313935;14519.622442
1.000000;1.000000;0.000000;0.000000;1.000000;0.000000;0.000000;0.000000;0.000000;0.000000;0.000000;0.000000;102.000000;-0.000000;-2.676567;-2.556250;0.802550;0.644087;2.794297;0.238691;0.208568;1.817509;0.782875;0.117647;0.117647;0.000000;763.578901;0.269730;8.866829;7.740000;2.600701;6.763648;9.240363;0.564340;1.436858;0.808873;2.143250;0.078431;0.078431;0.000000;8364.263638;0.241258;2.341164;2.418700;1.176289;1.383657;2.620058;0.278238;0.168776;1.476296;0.939550;0.127451;0.127451;0.000000;629.659603;0.582581;-3.965738;-3.593050;21.013690;441.575165;21.384626;4.186134;0.088080;-0.924639;36.623750;0.068627;0.068627;2.509804;24124.522114;1.922254;-1.829314;-3.572100;43.754791;1914.481747;43.793015;9.720949;-0.550703;0.269141;47.403500;0.088235;0.088235;2.509804;97993.654841;2.080510;0.000000;0.000000;-0.720767;0.251934;0.009675;-0.621683;0.000000;-0.418649;-0.083644;0.000000;0.000000;-0.152994;0.037879;0.173532;0.449393;9.338454;6.985682;12.543396;7.183904;0.297175;0.000000;9.313407;1.005859;2.178242;94.192407;2381.995085
1.000000;1.000000;0.000000;0.000000;1.000000;0.000000;0.000000;0.000000;0.000000;0.000000;0.000000;0.000000;102.000000;-0.000000;-2.839712;-2.609700;0.945584;0.894129;2.993007;0.296868;-0.942974;0.447157;0.972875;0.137255;0.137255;0.000000;868.131804;0.313328;9.134200;7.555100;3.109886;9.671392;9.649093;0.724488;1.091232;-0.308428;3.824300;0.068627;0.068627;0.000000;9003.513445;0.284136;2.721430;2.535700;0.998887;0.997776;2.898958;0.324813;1.188251;1.873805;1.161625;0.147059;0.147059;0.000000;806.320009;0.377704;7.123537;11.618000;24.042601;578.046678;25.075714;4.426135;0.118490;-0.239674;33.298000;0.058824;0.058824;1.505882;34657.083395;1.874869;-29.937906;-19.427000;58.240895;3392.001833;65.484960;11.631879;-0.895579;1.131030;67.619725;0.049020;0.049020;0.000000;264431.915157;1.758847;0.000000;0.000000;-0.812561;0.016340;-0.178961;-0.653476;0.000000;-0.476896;-0.059987;0.000000;0.000000;-0.323143;0.059788;0.263094;0.523991;9.637846;10.175027;12.973912;10.381502;0.288628;0.000000;9.463531;1.005859;2.736263;103.063094;4925.475447
1.000000;1.000000;0.000000;0.000000;1.000000;0.000000;0.000000;0.000000;0.000000;0.000000;0.000000;0.000000;102.000000;-0.000000;-2.912040;-2.635700;0.964933;0.931097;3.067747;0.257261;-0.761447;0.017737;1.133075;0.107843;0.107843;0.000000;912.444381;0.322056;9.504098;9.112750;2.410548;5.810743;9.805030;0.558947;1.018547;0.753565;2.642525;0.098039;0.098039;0.000000;9509.798656;0.207860;2.442758;2.115950;1.093939;1.196703;2.676522;0.285055;1.352081;1.820824;1.229550;0.088235;0.088235;0.000000;669.676485;0.501485;11.382384;11.673000;20.111941;404.490162;23.109497;3.776317;0.391753;0.480486;22.651885;0.068627;0.068627;0.000000;33845.211442;1.598965;-82.342437;-87.066000;49.661851;2466.299490;96.159121;12.071129;-0.004176;-0.072580;67.069500;0.098039;0.098039;0.000000;817369.526319;0.744137;0.000000;0.000000;-0.807541;0.012802;0.224026;-0.426108;0.000000;-0.356004;0.029871;0.000000;0.000000;-0.255321;0.066225;0.254278;0.498416;10.008056;6.388517;13.416138;6.513897;0.294693;0.000000;10.065813;1.005859;2.875495;106.549697;9787.789063
1.000000;1.000000;0.000000;0.000000;1.000000;0.000000;0.000000;0.000000;0.000000;0.000000;0.000000;0.000000;102.000000;-0.000000;-2.821750;-2.626250;0.734146;0.538970;2.915689;0.188650;-0.658322;-0.662457;1.153625;0.068627;0.068627;0.000000;839.651414;0.218325;9.477025;9.485000;1.476666;2.180543;9.591379;0.423321;0.112772;-0.450679;1.778525;0.107843;0.107843;0.000000;9272.284454;0.092576;2.300659;2.071750;0.789688;0.623607;2.432414;0.210400;0.557523;-0.286709;1.103725;0.078431;0.078431;0.000000;571.694257;0.328166;5.529184;7.263150;26.110957;681.782092;26.689960;4.070165;-0.346303;-0.372638;32.093150;0.078431;0.078431;1.003922;37889.293332;1.795878;-58.496187;-73.696500;64.661038;4181.049784;87.194344;10.311339;0.109438;-1.228960;112.405857;0.029412;0.029412;0.000000;562283.816935;1.372190;0.000000;0.000000;-0.558942;0.294350;0.275959;-0.144405;0.000000;-0.389836;-0.157463;0.000000;0.000000;-0.078796;0.250589;-0.190984;0.219287;9.956330;2.367296;13.298775;2.403546;0.342894;0.000000;10.176345;1.005859;2.051293;101.495799;8321.124232
1.000000;1.000000;0.000000;0.000000;1.000000;0.000000;0.000000;0.000000;0.000000;0.000000;0.000000;0.000000;102.000000;-0.000000;-2.663709;-2.486300;0.675452;0.456235;2.748014;0.178378;-1.056619;0.299409;0.761800;0.117647;0.117647;0.000000;746.995742;0.195702;9.251816;9.420300;1.785900;3.189439;9.422608;0.465152;0.133264;-1.056074;2.932275;0.098039;0.098039;0.000000;8893.466343;0.121879;2.768168;2.892400;0.822980;0.677296;2.887914;0.189794;-0.195895;-1.061919;1.428725;0.078431;0.078431;0.000000;816.142818;0.257641;-1.086449;1.367100;29.304435;858.749908;29.324568;4.499073;-0.013604;-0.912318;46.607500;0.058824;0.058824;1.505882;43916.684681;1.065920;-6.813171;1.415850;52.458409;2751.884659;52.898998;9.161093;-1.357064;2.192019;52.722250;0.107843;0.107843;0.501961;145082.123420;1.709969;0.000000;0.000000;-0.584948;0.531573;0.087410;-0.059589;0.000000;-0.669736;-0.221091;0.000000;0.000000;-0.233867;0.221153;0.030867;0.444247;9.695778;3.328994;12.915525;3.394129;0.287641;0.000000;9.886556;1.005859;2.860910;97.337112;3666.574284
1.000000;1.000000;0.000000;0.000000;1.000000;0.000000;0.000000;0.000000;0.000000;0.000000;0.000000;0.000000;102.000000;-0.000000;-2.763883;-2.765400;0.608546;0.370329;2.830085;0.155426;0.391906;-0.427755;0.943825;0.049020;0.049020;0.000000;798.070189;0.162058;9.148651;9.175500;1.653261;2.733271;9.296832;0.365295;0.136857;-0.836010;2.425175;0.088235;0.088235;0.000000;8676.588657;0.113404;2.346119;2.602000;1.313759;1.725963;2.688910;0.212537;-0.204325;-0.253910;1.890100;0.049020;0.049020;0.000000;649.475747;0.639157;9.328031;8.815950;23.901720;571.292219;25.657443;3.498407;-0.648625;-0.055952;31.707900;0.058824;0.058824;1.505882;38011.358845;1.401447;-58.231588;-49.969000;78.351945;6139.027247;97.621438;7.740170;-0.164699;-1.298684;142.798375;0.049020;0.049020;0.000000;659011.114809;1.397479;0.000000;0.000000;-0.460379;0.037088;0.555179;-0.542334;0.000000;-0.643609;0.002896;0.000000;0.000000;0.185666;0.341851;0.012293;0.465134;9.628067;2.740782;12.912534;2.848748;0.285580;0.000000;9.555944;1.005859;2.865536;95.440465;10195.479743
1.000000;1.000000;0.000000;0.000000;1.000000;0.000000;0.000000;0.000000;0.000000;0.000000;0.000000;0.000000;102.000000;-0.000000;-2.853874;-3.087750;1.269603;1.611893;3.123538;0.278227;0.650722;2.415855;1.128675;0.068627;0.068627;0.000000;912.959728;0.505810;9.185150;8.868400;1.734710;3.009218;9.347524;0.367762;0.568972;-0.314751;2.295075;0.088235;0.088235;0.000000;8758.931251;0.125750;1.785739;1.794350;1.808805;3.271775;2.541778;0.346633;0.999046;1.146042;1.933553;0.039216;0.039216;0.000000;492.124676;1.181632;11.866854;19.763500;37.392133;1398.171618;39.230012;5.796883;-0.427064;0.284772;38.478350;0.068627;0.068627;1.003922;85670.806835;2.008316;-94.018090;-112.475000;85.500580;7310.349263;127.081669;16.051610;0.324101;-0.158898;112.865500;0.058824;0.058824;0.000000;1274451.751896;1.194163;0.000000;0.000000;-0.615717;0.348917;0.098516;-0.740412;0.000000;-0.405117;0.219473;0.000000;0.000000;-0.155096;0.093678;0.072331;0.181959;9.729953;3.460695;13.114871;3.873987;0.792877;0.000000;9.723335;1.005859;1.862837;98.132686;17695.205030
1.000000;1.000000;0.000000;0.000000;1.000000;0.000000;0.000000;0.000000;0.000000;0.000000;0.000000;0.000000;102.000000;-0.000000;-2.770757;-2.635450;1.261770;1.592065;3.044529;0.334035;0.358091;2.407244;1.198800;0.098039;0.098039;0.000000;864.261722;0.509207;9.000484;8.430950;2.507928;6.289703;9.343362;0.552368;1.175021;0.687381;2.577600;0.098039;0.098039;0.000000;8583.703892;0.220376;2.031553;1.942000;1.683063;2.832700;2.638163;0.397037;0.961267;1.658903;1.528075;0.107843;0.107843;0.000000;565.456374;1.148753;-2.349388;-1.315015;36.322470;1319.321805;36.398371;5.943621;0.402508;0.658838;45.023000;0.078431;0.078431;1.003922;67848.500035;1.671315;-22.719017;3.428900;88.387238;7812.303826;91.260383;16.826059;-1.077956;0.893925;101.515750;0.049020;0.049020;2.509804;451086.538501;2.217682;0.000000;0.000000;-0.449104;0.345033;0.059832;-0.658160;0.000000;-0.304472;0.169762;0.000000;0.000000;-0.309074;-0.032772;-0.001675;-0.158412;9.543427;6.490584;12.847088;6.752378;1.207428;0.000000;9.578754;1.005859;1.743365;97.567580;9660.258879
1.000000;1.000000;0.000000;0.000000;1.000000;0.000000;0.000000;0.000000;0.000000;0.000000;0.000000;0.000000;102.000000;-0.000000;-3.004826;-2.833650;0.729084;0.531564;3.092013;0.264205;-0.568579;-0.623879;1.018700;0.107843;0.107843;0.000000;948.071965;0.204930;9.227557;7.677150;3.141629;9.869830;9.747699;0.706403;1.024658;-0.395919;4.600475;0.078431;0.078431;0.000000;9188.441171;0.282652;2.553811;2.334500;1.190259;1.416717;2.817564;0.374656;0.798485;0.158259;1.369275;0.107843;0.107843;0.000000;737.491615;0.488636;2.661585;5.298650;20.806001;432.889660;20.975550;3.757204;-0.403807;-0.454504;27.460550;0.058824;0.058824;1.003922;22800.670963;1.561621;-26.094077;-23.509000;57.967848;3360.271371;63.570215;9.681301;0.253042;-1.010518;94.925000;0.049020;0.049020;0.501961;240845.393753;1.790814;0.000000;0.000000;-0.582738;-0.048468;-0.011749;-0.568885;0.000000;-0.311685;-0.057437;0.000000;0.000000;-0.440934;0.096161;0.084297;0.019073;9.792181;9.691383;13.232383;10.156442;0.347936;0.000000;9.602788;1.005859;2.706817;105.578182;4489.084615
1.000000;1.000000;0.000000;0.000000;1.000000;0.000000;0.000000;0.000000;0.000000;0.000000;0.000000;0.000000;102.000000;-0.000000;-3.100405;-2.960400;0.846473;0.716517;3.213880;0.236426;-0.749870;-0.443569;1.176450;0.098039;0.098039;0.000000;1017.023922;0.233885;9.776168;9.309500;2.513886;6.319625;10.094210;0.560844;0.987118;0.271070;2.858200;0.117647;0.117647;0.000000;10070.794629;0.201559;2.262584;2.106350;1.162340;1.351033;2.543683;0.354618;0.504943;0.983283;1.162450;0.117647;0.117647;0.000000;591.072327;0.601938;15.222845;17.532500;24.253786;588.246149;28.635313;4.378632;-0.163176;-0.821378;36.059022;0.088235;0.088235;0.000000;53637.543154;1.422973;-86.482700;-90.814500;44.357017;1967.544997;97.194662;9.130147;-0.067946;0.030834;51.741250;0.078431;0.078431;0.000000;863229.077143;0.558758;0.000000;0.000000;-0.601096;-0.020071;0.260834;-0.514419;0.000000;-0.148742;0.069481;0.000000;0.000000;-0.366346;0.078223;0.222691;0.185866;10.330772;6.497266;13.876573;6.663134;0.442672;0.000000;10.296711;1.005859;2.599341;113.222106;10273.253874
1.000000;1.000000;0.000000;0.000000;1.000000;0.000000;0.000000;0.000000;0.000000;0.000000;0.000000;0.000000;102.000000;-0.000000;-2.787111;-2.477500;0.837952;0.702164;2.910352;0.199888;-1.674208;2.006715;0.742325;0.078431;0.078431;0.000000;828.145896;0.271741;9.487896;9.421450;1.699266;2.887505;9.638863;0.491638;1.106780;2.701026;1.817875;0.117647;0.117647;0.000000;9329.320620;0.114502;2.095180;2.167050;0.926678;0.858731;2.290963;0.309172;-0.267798;1.037393;1.306725;0.117647;0.117647;0.000000;491.556175;0.489814;6.928083;6.690300;27.709722;767.828681;28.562686;4.119404;0.012579;-0.706777;43.211500;0.078431;0.078431;1.003922;44055.291215;1.635917;-51.614912;-59.209000;71.668553;5136.381459;88.320330;8.531426;-0.022610;-1.122760;130.013000;0.029412;0.029412;0.000000;533720.630790;1.455127;0.000000;0.000000;-0.518813;0.304490;0.306346;-0.297268;0.000000;-0.198363;-0.101515;0.000000;0.000000;-0.344354;0.291789;0.014142;-0.004190;9.962835;3.119740;13.275007;3.144628;0.480582;0.000000;10.246728;1.005859;1.908417;102.377827;8621.556134
1.000000;1.000000;0.000000;0.000000;1.000000;0.000000;0.000000;0.000000;0.000000;0.000000;0.000000;0.000000;102.000000;-0.000000;-2.774799;-2.697100;0.704421;0.496209;2.862816;0.166936;-1.073777;1.873158;0.988725;0.088235;0.088235;0.000000;810.679907;0.219443;9.294451;9.111900;1.899813;3.609291;9.486628;0.512935;0.390271;-0.415530;2.557300;0.107843;0.107843;0.000000;8995.653588;0.148640;2.751722;2.709800;1.159518;1.344483;2.986043;0.254990;0.537081;-0.253792;1.632175;0.078431;0.078431;0.000000;840.911191;0.428442;-1.074268;3.318400;32.665188;1067.014514;32.682848;4.453812;0.096868;-0.425329;44.824250;0.039216;0.039216;1.003922;54536.080472;1.048184;-13.424858;-16.367500;53.258837;2836.503731;54.924772;7.503119;-0.654646;-0.217573;69.546000;0.039216;0.039216;0.501961;163065.229924;1.558990;0.000000;0.000000;-0.602669;0.729170;-0.185908;-0.166794;0.000000;-0.599690;-0.109731;0.000000;0.000000;-0.568295;0.213951;0.363417;0.498322;9.769312;3.752374;13.069250;3.843519;0.302629;0.000000;9.730823;1.005859;2.517965;99.191828;4093.815565
1.000000;1.000000;0.000000;0.000000;1.000000;0.000000;0.000000;0.000000;0.000000;0.000000;0.000000;0.000000;102.000000;-0.000000;-3.035941;-2.988800;0.612755;0.375469;3.097161;0.173004;0.315274;-0.207890;0.878925;0.117647;0.117647;0.000000;959.276830;0.141540;9.236016;9.029550;1.733013;3.003333;9.397197;0.393089;0.415319;-0.625771;2.529075;0.088235;0.088235;0.000000;8854.179583;0.121835;1.932190;1.964500;1.789399;3.201950;2.633497;0.253288;0.132933;-1.000880;3.086218;0.029412;0.029412;0.000000;544.115529;1.073913;14.104078;15.776000;33.893140;1148.744962;36.710625;4.938609;-0.441263;-0.216688;38.604375;0.068627;0.068627;1.505882;78876.564632;1.591248;-80.450211;-86.979000;72.471068;5252.055766;108.278771;8.950614;-0.036945;-0.887528;108.523250;0.039216;0.039216;0.000000;928039.428862;0.952246;0.000000;0.000000;-0.510631;0.053609;0.399386;-0.607072;0.000000;-0.720869;0.061652;0.000000;0.000000;0.059734;0.246972;0.222570;0.441608;9.791854;3.019323;13.271957;3.141625;0.270629;0.000000;9.833513;1.005859;2.703193;98.899726;13078.897454
1.000000;1.000000;0.000000;0.000000;1.000000;0.000000;0.000000;0.000000;0.000000;0.000000;0.000000;0.000000;102.000000;-0.000000;-2.861947;-2.801400;0.577269;0.333239;2.919586;0.155589;-0.234552;-0.525315;0.815375;0.098039;0.098039;0.000000;852.450823;0.139271;8.767532;8.291450;2.046260;4.187181;9.003155;0.373694;1.468538;2.357386;2.038550;0.078431;0.078431;0.000000;8054.248190;0.172978;1.446572;1.459150;1.337132;1.787923;1.969897;0.225602;-0.096395;-1.025063;2.203843;0.019608;0.019608;0.000000;304.626158;0.911544;9.858694;4.682750;23.593330;556.645244;25.570277;3.362366;0.795143;-0.270773;32.385200;0.058824;0.058824;0.501961;38302.688635;1.529400;-78.637516;-57.595500;65.551827;4297.041963;102.376271;7.751790;-0.552056;-0.802622;100.091250;0.029412;0.029412;0.000000;849909.839131;0.821146;0.000000;0.000000;-0.574178;-0.406902;0.492514;-0.824853;0.000000;-0.588955;-0.155396;0.000000;0.000000;0.418883;0.494292;-0.005765;0.084504;9.294463;4.193749;12.629479;4.345663;0.219514;0.000000;9.363746;1.005859;1.191189;90.580785;11138.620465
1.000000;1.000000;0.000000;0.000000;1.000000;0.000000;0.000000;0.000000;0.000000;0.000000;0.000000;0.000000;102.000000;-0.000000;-2.831571;-2.721150;0.629967;0.396859;2.900802;0.172931;-0.973702;1.423123;0.612650;0.098039;0.098039;0.000000;838.061157;0.169012;9.233433;7.838300;3.041422;9.250246;9.721447;0.663119;1.216096;0.141179;3.495500;0.049020;0.049020;0.000000;9167.905038;0.273530;2.404964;2.303500;0.922474;0.850959;2.575812;0.250376;0.885689;1.142929;0.890775;0.127451;0.127451;0.000000;633.361315;0.414825;-0.171632;-3.010150;16.052961;257.697548;16.053878;3.229036;0.550625;-0.816973;26.285750;0.078431;0.078431;2.007843;13145.675123;1.573524;-17.578480;-17.966000;34.350177;1179.934627;38.586754;7.196533;-0.743845;2.281136;40.733425;0.098039;0.098039;0.000000;91699.540479;1.951312;0.000000;0.000000;-0.752198;0.479769;-0.447414;-0.560808;0.000000;-0.270655;0.002873;0.000000;0.000000;-0.420713;-0.078901;0.439877;0.143004;9.729817;9.251849;13.065004;9.572798;0.169823;0.000000;9.418607;1.005859;2.156437;103.921188;1753.299390
1.000000;1.000000;0.000000;0.000000;1.000000;0.000000;0.000000;0.000000;0.000000;0.000000;0.000000;0.000000;102.000000;-0.000000;-2.881525;-2.836550;0.740018;0.547626;2.975032;0.226969;-0.052217;0.967032;0.762625;0.147059;0.147059;0.000000;874.854966;0.209572;9.367947;7.671700;3.468829;12.032773;9.989555;0.799730;1.431753;0.924074;3.287500;0.068627;0.068627;0.000000;9565.038521;0.335692;2.428140;2.333400;0.818903;0.670602;2.562512;0.276866;1.138700;2.778861;0.737625;0.147059;0.147059;0.000000;635.579395;0.336212;3.513521;3.156800;17.159580;294.451203;17.515594;4.015772;0.004862;-0.936102;25.181800;0.098039;0.098039;2.509804;16276.837906;1.875970;-29.708452;-23.619000;48.299181;2332.810868;56.704524;11.050723;-0.445625;-0.635464;66.695725;0.078431;0.078431;0.000000;208997.753397;1.672969;0.000000;0.000000;-0.667286;0.331045;-0.282334;-0.674063;0.000000;-0.222543;0.069320;0.000000;0.000000;-0.254129;-0.152019;0.086437;0.035907;9.884417;11.940317;13.249472;12.404410;0.300547;0.000000;9.984947;1.005859;2.503895;109.642018;3528.765515
1.000000;1.000000;0.000000;0.000000;1.000000;0.000000;0.000000;0.000000;0.000000;0.000000;0.000000;0.000000;102.000000;-0.000000;-2.561555;-2.633900;0.735110;0.540386;2.664948;0.236138;0.219796;0.252108;0.800400;0.127451;0.127451;0.000000;696.845184;0.266975;8.860892;7.690650;3.048379;9.292614;9.370594;0.694705;1.910238;3.310128;2.702875;0.088235;0.088235;0.000000;8482.546830;0.343991;2.553831;2.520300;0.695348;0.483509;2.646802;0.235136;0.832509;4.731758;0.563800;0.137255;0.137255;0.000000;689.908790;0.242597;6.132521;9.365600;19.080707;364.073395;20.041986;3.649026;-0.610274;-0.630806;29.393400;0.078431;0.078431;1.505882;22403.899189;1.449148;-38.237369;-42.466500;43.712095;1910.747211;58.076188;12.077944;0.278933;-0.122037;53.549025;0.107843;0.107843;0.000000;246607.990620;1.508575;0.000000;0.000000;-0.485476;0.168284;0.169665;-0.707798;0.000000;-0.118376;0.136763;0.000000;0.000000;-0.035547;-0.194781;-0.251381;-0.062077;9.315153;9.137892;12.422447;9.519138;0.411219;0.000000;9.259727;1.005859;2.471633;95.909973;3781.530380
1.000000;1.000000;0.000000;0.000000;1.000000;0.000000;0.000000;0.000000;0.000000;0.000000;0.000000;0.000000;102.000000;-0.000000;-1.544558;-1.606650;0.626241;0.392178;1.666685;0.143393;0.378924;-0.262167;0.594375;0.127451;0.127451;0.000000;263.338872;0.414136;9.775520;9.386100;2.150208;4.623395;10.009205;0.460203;1.143402;0.546038;2.371275;0.068627;0.068627;0.000000;9982.997586;0.153161;2.259580;2.375350;1.021638;1.043743;2.479807;0.161820;-0.081804;-0.921712;1.617750;0.049020;0.049020;0.000000;574.025422;0.504736;-1.833182;0.925985;33.508531;1122.821618;33.558638;5.007792;-0.048138;-1.058924;50.831750;0.049020;0.049020;1.003922;57607.586530;1.183333;17.930397;7.381350;41.411826;1714.939316;45.126915;5.706645;1.336966;1.250793;29.568850;0.039216;0.039216;0.501961;120254.869491;1.638097;0.000000;0.000000;-0.405919;0.496569;0.113356;-0.461916;0.000000;-0.408480;-0.096313;0.000000;0.000000;-0.014238;0.618406;0.567650;0.498355;9.966000;4.640867;12.320078;4.739327;0.325905;0.000000;9.867136;1.005859;2.253730;103.962016;3168.770055
1.000000;1.000000;0.000000;0.000000;1.000000;0.000000;0.000000;0.000000;0.000000;0.000000;0.000000;0.000000;102.000000;-0.000000;-1.659152;-1.686000;0.501744;0.251747;1.733359;0.129158;0.641336;1.841379;0.404350;0.098039;0.098039;0.000000;293.624076;0.271162;9.760261;9.566450;1.764997;3.115214;9.918564;0.376464;0.761388;0.711867;1.625400;0.098039;0.098039;0.000000;9875.670370;0.109670;2.412225;2.477550;1.151235;1.325341;2.672858;0.163548;-0.290377;-1.127056;1.995350;0.058824;0.058824;0.000000;661.117556;0.461424;-1.732126;0.396215;26.383136;696.069889;26.439935;3.550634;0.086682;-0.882027;42.047000;0.049020;0.049020;1.505882;35809.039688;1.200540;6.118726;7.798700;23.421583;548.570569;24.207631;4.956688;-0.025849;-0.375646;32.051750;0.058824;0.058824;0.501961;31796.106371;2.016273;0.000000;0.000000;-0.263063;0.707906;0.163362;-0.084605;0.000000;-0.231125;-0.222467;0.000000;0.000000;-0.005831;0.279956;0.465936;0.586259;9.965521;3.070823;12.420972;3.165073;0.235224;0.000000;10.139928;1.005859;2.446121;102.382437;1292.223696
1.000000;1.000000;0.000000;0.000000;1.000000;0.000000;0.000000;0.000000;0.000000;0.000000;0.000000;0.000000;102.000000;-0.000000;-1.489479;-1.556850;0.417048;0.173929;1.546763;0.130179;1.268288;2.137071;0.461825;0.147059;0.147059;0.000000;235.166057;0.245960;9.175705;9.148550;1.357800;1.843621;9.275623;0.274816;0.515603;0.133607;1.695100;0.078431;0.078431;0.000000;8681.768020;0.079581;2.311962;2.277300;0.937086;0.878130;2.494654;0.132622;-0.019192;-0.835225;1.290450;0.078431;0.078431;0.000000;589.992031;0.352126;-10.524757;-12.949500;19.485553;379.686767;22.146270;2.597036;0.118365;-0.929248;24.276025;0.049020;0.049020;0.000000;30663.130344;1.504682;47.962380;32.167000;45.811912;2098.731272;66.325871;5.916500;0.528794;-0.617401;74.595250;0.029412;0.029412;0.000000;341681.711673;0.933996;0.000000;0.000000;0.045086;0.703525;-0.097027;-0.531014;0.000000;-0.368640;0.009761;0.000000;0.000000;-0.207734;-0.178819;0.244367;0.151273;9.362734;1.768876;11.666743;1.862269;0.175257;0.000000;9.299565;1.005859;2.475486;89.429658;4895.801787
1.000000;1.000000;0.000000;0.000000;1.000000;0.000000;0.000000;0.000000;0.000000;0.000000;0.000000;0.000000;102.000000;-0.000000;-1.732846;-1.692600;0.410926;0.168860;1.780903;0.100626;-0.141527;-0.479607;0.605275;0.068627;0.068627;0.000000;314.893160;0.182621;9.417727;9.393050;1.169983;1.368860;9.490124;0.254661;0.409741;-0.423305;1.945150;0.088235;0.088235;0.000000;9116.571686;0.061435;2.188483;2.068700;0.725371;0.526163;2.305563;0.118542;0.136207;-0.884338;1.221050;0.049020;0.049020;0.000000;515.367783;0.305194;-13.135778;-12.431500;19.955024;398.202967;23.890409;2.788286;-0.144733;-1.058372;28.760810;0.049020;0.049020;0.000000;37909.264265;1.257129;67.260082;67.888500;35.520077;1261.675887;76.063096;5.355574;0.273329;-0.260358;48.532750;0.039216;0.039216;0.000000;525790.166087;0.561917;0.000000;0.000000;-0.207271;0.562693;0.118647;-0.284228;0.000000;-0.538231;0.096171;0.000000;0.000000;-0.665351;-0.047706;0.289454;-0.011424;9.637321;1.356100;12.150573;1.390713;0.162232;0.000000;9.427440;1.005859;2.105587;94.234065;6361.661803
1.000000;1.000000;0.000000;0.000000;1.000000;0.000000;0.000000;0.000000;0.000000;0.000000;0.000000;0.000000;102.000000;-0.000000;-1.829120;-1.828700;0.433423;0.187855;1.879770;0.117822;-0.112456;-0.703455;0.642200;0.107843;0.107843;0.000000;350.839870;0.169421;9.483279;9.403350;1.582882;2.505516;9.614474;0.316193;0.736392;0.334768;2.380825;0.078431;0.078431;0.000000;9300.905864;0.100122;2.725802;2.869850;0.790690;0.625191;2.838166;0.136276;-0.169290;-0.495288;0.964325;0.068627;0.068627;0.000000;789.747802;0.227443;-7.143230;-3.573700;19.001178;361.044756;20.299519;2.602823;-0.528178;-0.601418;27.888225;0.058824;0.058824;1.003922;23617.940623;1.558867;41.626079;47.401500;40.872645;1670.573139;58.337840;5.608176;0.013272;-1.106148;73.497015;0.049020;0.049020;0.000000;261941.961545;1.100788;0.000000;0.000000;-0.267931;0.483262;-0.514799;-0.288215;0.000000;-0.218582;0.034974;0.000000;0.000000;0.060256;-0.582967;-0.136319;0.245635;9.721221;2.469507;12.312399;2.544954;0.175084;0.000000;9.786201;1.005859;2.588412;96.971638;3823.429304
1.000000;1.000000;0.000000;0.000000;1.000000;0.000000;0.000000;0.000000;0.000000;0.000000;0.000000;0.000000;102.000000;-0.000000;-1.749426;-1.806750;0.557393;0.310687;1.836077;0.178208;0.660966;0.247314;0.805775;0.166667;0.166667;0.000000;328.015187;0.295496;9.066241;8.607000;1.956345;3.827285;9.274913;0.400205;1.189410;0.665782;2.203175;0.049020;0.049020;0.000000;8579.285613;0.151408;2.952178;2.925000;0.665825;0.443323;3.026331;0.151717;0.172937;-0.926701;1.065425;0.127451;0.127451;0.000000;911.576106;0.157361;-3.616204;-5.010300;11.664034;136.049679;12.211741;2.013780;-0.012827;0.152642;9.504497;0.088235;0.088235;0.501961;8272.460117;1.892785;12.548138;-0.663450;41.307297;1706.292764;43.171154;7.311622;1.254426;0.966518;32.824750;0.088235;0.088235;1.003922;103089.916739;2.083406;0.000000;0.000000;0.035734;0.172345;-0.487462;-0.547248;0.000000;-0.081134;-0.001672;0.000000;0.000000;0.576030;-0.485832;0.003195;0.258126;9.313605;3.651963;11.815667;3.865615;0.313328;0.000000;9.241367;1.005859;2.973621;90.395193;2022.033830
1.000000;1.000000;0.000000;0.000000;1.000000;0.000000;0.000000;0.000000;0.000000;0.000000;0.000000;0.000000;102.000000;-0.000000;-1.839977;-1.947400;0.550803;0.303384;1.920651;0.182841;1.049860;0.853194;0.718950;0.088235;0.088235;0.000000;360.795125;0.273343;9.378034;8.676150;2.389543;5.709916;9.677678;0.513565;1.097906;0.106175;2.545700;0.078431;0.078431;0.000000;9261.884877;0.186222;2.673005;2.654500;0.612282;0.374889;2.742233;0.145222;0.607086;0.048862;0.735625;0.068627;0.068627;0.000000;747.911177;0.176640;-0.172801;-2.181950;9.976262;99.525803;9.977758;1.914919;0.867059;-0.184250;10.614500;0.088235;0.088235;1.505882;5079.024604;2.104160;5.792812;8.877200;21.126518;446.329758;21.906310;6.732000;-0.783577;0.479079;25.714650;0.117647;0.117647;0.501961;26185.990813;2.267844;0.000000;0.000000;0.345131;-0.020956;-0.436671;0.028552;0.000000;-0.355493;0.153213;0.000000;0.000000;0.628594;-0.393244;0.409576;-0.112666;9.644638;5.327304;12.218011;5.804725;0.268113;0.000000;9.340102;1.005859;2.691821;98.346343;586.961934
1.000000;1.000000;0.000000;0.000000;1.000000;0.000000;0.000000;0.000000;0.000000;0.000000;0.000000;0.000000;102.000000;-0.000000;-1.686750;-1.731200;0.597011;0.356423;1.789288;0.191155;0.636678;0.883782;0.755950;0.156863;0.156863;0.000000;308.380531;0.352044;9.739465;9.182850;2.084781;4.346312;9.960095;0.516508;0.975609;0.349672;2.960900;0.078431;0.078431;0.000000;9897.095564;0.146750;2.753942;2.819500;0.699411;0.489176;2.841368;0.128163;0.838236;1.270844;0.845875;0.058824;0.058824;0.000000;798.536405;0.200619;-7.054852;-2.180450;20.388949;415.709241;21.574990;2.712133;-0.998145;0.384411;17.015975;0.068627;0.068627;1.003922;26279.612135;1.834370;21.633190;19.185500;26.962294;726.965317;34.568196;8.035239;0.078013;0.182056;31.670300;0.117647;0.117647;0.000000;84811.021194;1.631618;0.000000;0.000000;0.120486;0.326831;-0.253739;-0.360083;0.000000;-0.375720;0.216056;0.000000;0.000000;0.264739;-0.250650;0.272742;-0.085054;9.963634;4.131037;12.434608;4.395029;0.354267;0.000000;9.849490;1.005859;2.764406;103.405034;1668.513768
1.000000;1.000000;0.000000;0.000000;1.000000;0.000000;0.000000;0.000000;0.000000;0.000000;0.000000;0.000000;102.000000;-0.000000;-1.656454;-1.664800;0.608220;0.369932;1.764589;0.175298;0.355567;0.777503;0.729075;0.107843;0.107843;0.000000;298.738453;0.366850;9.363784;9.197000;1.720699;2.960806;9.520571;0.424820;0.806256;1.163338;1.958550;0.078431;0.078431;0.000000;9094.448138;0.115927;2.821586;2.887500;0.946067;0.895042;2.975969;0.129014;0.296902;-0.635094;1.198725;0.039216;0.039216;0.000000;857.705140;0.278303;-7.636274;-3.583300;24.755689;612.844139;25.906694;3.558399;-0.266574;-0.823471;38.878250;0.058824;0.058824;1.505882;37203.493228;1.137845;61.957142;58.073500;48.476193;2349.941305;78.667838;9.050199;0.293405;-0.191755;54.726750;0.088235;0.088235;0.000000;511394.916689;0.879770;0.000000;0.000000;-0.209983;0.708148;-0.477759;-0.044168;0.000000;-0.173260;0.161091;0.000000;0.000000;0.147870;-0.645332;0.156083;-0.031143;9.583789;2.906018;12.028631;3.008813;0.354903;0.000000;9.618886;1.005859;2.894872;94.755036;6868.642015
1.000000;1.000000;0.000000;0.000000;1.000000;0.000000;0.000000;0.000000;0.000000;0.000000;0.000000;0.000000;102.000000;-0.000000;-2.072580;-1.883300;0.828800;0.686910;2.232151;0.129548;-1.224586;1.149249;0.845750;0.088235;0.088235;0.000000;473.196877;0.414622;9.353776;9.444250;1.617244;2.615478;9.492556;0.328476;0.783149;1.905960;1.933575;0.049020;0.049020;0.000000;9057.718718;0.107983;2.574365;2.530150;1.122558;1.260137;2.808468;0.149618;0.023600;-1.159816;1.826400;0.068627;0.068627;0.000000;740.260282;0.401997;-2.482925;3.126150;28.191512;794.761374;28.300641;3.694545;-0.413169;-0.959481;48.538500;0.049020;0.049020;1.003922;41166.130550;1.347298;57.298576;46.379500;48.725176;2374.142813;75.214824;5.933166;0.651541;-0.388870;54.774500;0.039216;0.039216;0.000000;455960.305813;0.856446;0.000000;0.000000;-0.174693;0.682598;-0.106488;0.022850;0.000000;-0.509147;0.071262;0.000000;0.000000;-0.240299;-0.084987;0.300715;-0.021932;9.666953;2.641123;12.426357;2.669673;0.665411;0.000000;9.489206;1.005859;2.606102;96.091112;6466.083459
1.000000;1.000000;0.000000;0.000000;1.000000;0.000000;0.000000;0.000000;0.000000;0.000000;0.000000;0.000000;102.000000;-0.000000;-2.004857;-1.769200;0.955618;0.913206;2.220959;0.128949;-0.921726;0.131217;1.055925;0.049020;0.049020;0.000000;456.557950;0.449513;9.719604;9.577450;1.529844;2.340422;9.839264;0.280192;0.440466;-0.509484;2.334475;0.078431;0.078431;0.000000;9755.374031;0.084734;2.651540;2.739150;0.962973;0.927317;2.820990;0.129313;-0.472813;-0.759753;1.447200;0.039216;0.039216;0.000000;764.421817;0.305652;-5.434109;-0.103415;32.307721;1043.788845;32.761538;3.922386;-0.264083;-1.278119;58.142750;0.039216;0.039216;1.003922;56245.425657;0.636014;18.591636;19.212000;20.408965;416.525860;27.607513;4.152935;0.000932;-0.688338;30.843950;0.068627;0.068627;0.000000;56505.361839;1.490772;0.000000;0.000000;-0.435510;0.640882;-0.119241;-0.117607;0.000000;-0.628785;0.060188;0.000000;0.000000;-0.435629;-0.316841;0.509925;0.173065;10.010827;2.527131;12.724461;2.608745;0.677098;0.000000;10.092408;1.005859;2.581858;102.743782;1843.451145
1.000000;1.000000;0.000000;0.000000;1.000000;0.000000;0.000000;0.000000;0.000000;0.000000;0.000000;0.000000;102.000000;-0.000000;-2.001035;-1.816150;0.856321;0.733286;2.176563;0.144971;-1.020170;1.036712;0.919475;0.068627;0.068627;0.000000;445.824024;0.458494;9.733057;9.483200;1.788013;3.196990;9.895928;0.329248;0.462862;-0.824561;2.720475;0.088235;0.088235;0.000000;9825.753117;0.114186;2.533431;2.563550;1.010751;1.021617;2.727616;0.164899;-0.216286;-0.804121;1.543025;0.068627;0.068627;0.000000;706.769925;0.371243;-5.052043;-5.622250;30.824846;950.171119;31.236105;4.227297;-0.030549;-1.269655;54.450000;0.049020;0.049020;1.003922;51067.662523;1.813563;5.694527;3.016250;21.504653;462.450086;22.245847;4.868879;0.375662;-0.050666;26.579675;0.078431;0.078431;0.501961;26892.729482;2.070391;0.000000;0.000000;-0.684996;0.456882;-0.150581;-0.390310;0.000000;-0.485988;-0.005168;0.000000;0.000000;-0.416101;0.114586;0.694247;0.203677;10.008227;3.502210;12.734092;3.618468;0.350722;0.000000;9.965768;1.005859;2.595823;103.666812;1478.011872
1.000000;1.000000;0.000000;0.000000;1.000000;0.000000;0.000000;0.000000;0.000000;0.000000;0.000000;0.000000;102.000000;-0.000000;-1.904028;-1.742200;0.717646;0.515015;2.034782;0.118382;-2.081183;4.498876;0.486700;0.068627;0.068627;0.000000;396.049255;0.370546;9.468125;9.433350;1.680336;2.823528;9.616077;0.306147;0.365028;-0.515962;2.316125;0.049020;0.049020;0.000000;9287.858050;0.102939;2.487769;2.444500;1.065657;1.135624;2.706403;0.159341;-0.054079;-1.080087;1.734425;0.049020;0.049020;0.000000;689.200150;0.439020;-7.396657;-8.459350;29.633136;878.122730;30.542319;3.898406;0.114275;-1.370237;53.861500;0.049020;0.049020;1.003922;50368.559769;1.313484;8.236502;9.224250;20.342126;413.802109;21.946345;5.038974;-0.330560;-0.594392;30.821375;0.088235;0.088235;0.000000;28023.934375;2.124111;0.000000;0.000000;-0.514218;0.506469;-0.045958;-0.261472;0.000000;-0.434342;-0.060476;0.000000;0.000000;-0.336838;0.337766;0.631972;0.186688;9.727169;2.991457;12.372154;3.009046;0.362552;0.000000;9.671905;1.005859;2.334858;97.609268;1421.799950
1.000000;1.000000;0.000000;0.000000;1.000000;0.000000;0.000000;0.000000;0.000000;0.000000;0.000000;0.000000;102.000000;-0.000000;-1.559356;-1.527050;0.280335;0.078588;1.584355;0.090270;-0.280947;-0.395333;0.385650;0.117647;0.117647;0.000000;252.030744;0.116928;9.077578;9.215450;1.675830;2.808406;9.230972;0.296093;0.238355;-0.863400;2.467450;0.049020;0.049020;0.000000;8548.276686;0.109345;2.640287;2.581550;0.794328;0.630957;2.757186;0.113984;0.166887;-1.239575;1.413725;0.049020;0.049020;0.000000;743.236903;0.256494;-12.193894;-15.448500;28.235522;797.244707;30.756068;3.693318;0.169336;-1.354069;52.200750;0.049020;0.049020;1.003922;55828.852056;1.479716;44.482887;29.031500;39.259546;1541.311927;59.329918;4.586630;1.121353;0.100007;46.592000;0.009804;0.009804;0.000000;280440.790778;0.913257;0.000000;0.000000;-0.402844;0.718465;-0.139748;-0.477473;0.000000;-0.463268;0.169918;0.000000;0.000000;-0.188765;0.010668;0.379692;0.326899;9.271561;2.759171;11.636935;2.849400;0.066178;0.000000;9.200644;1.005859;2.676075;88.721016;4473.577006
1.000000;1.000000;0.000000;0.000000;1.000000;0.000000;0.000000;0.000000;0.000000;0.000000;0.000000;0.000000;102.000000;-0.000000;-1.795144;-1.697500;0.538677;0.290173;1.874224;0.114903;-0.622390;-0.020806;0.668250;0.058824;0.058824;0.000000;343.499095;0.254074;9.209152;9.413950;1.326629;1.759945;9.304215;0.243863;-0.203100;-0.294652;1.511950;0.088235;0.088235;0.000000;8740.225966;0.073671;2.668075;2.765100;0.817959;0.669057;2.790641;0.120796;-0.089107;-1.373989;1.577250;0.039216;0.039216;0.000000;760.221560;0.248329;-8.591373;-4.331400;23.658165;559.708788;25.169833;3.297044;-0.279508;-1.139395;40.941250;0.049020;0.049020;1.003922;36076.493634;1.462058;52.746907;45.357000;41.273231;1703.479624;66.975487;4.970426;0.222296;-0.373391;53.759250;0.019608;0.019608;0.000000;370665.554522;0.812019;0.000000;0.000000;-0.222696;0.446473;0.007551;-0.350322;0.000000;-0.660525;0.053963;0.000000;0.000000;-0.408572;-0.042434;0.288203;0.252076;9.450775;1.763991;12.004296;1.794573;0.275843;0.000000;9.275060;1.005859;2.664349;91.081142;5127.023960
1.000000;1.000000;0.000000;0.000000;1.000000;0.000000;0.000000;0.000000;0.000000;0.000000;0.000000;0.000000;102.000000;-0.000000;-1.805618;-1.717800;0.536360;0.287682;1.883597;0.125731;-0.538487;0.062778;0.592950;0.088235;0.088235;0.000000;347.218173;0.253366;9.529164;9.556900;1.629193;2.654271;9.667432;0.313568;1.021136;2.220611;1.504825;0.098039;0.098039;0.000000;9397.476091;0.102516;2.780486;2.929100;0.773713;0.598632;2.886128;0.121022;-0.157453;-1.103261;1.254825;0.029412;0.029412;0.000000;819.104849;0.223014;-4.020829;-2.559950;14.363146;206.299950;14.915328;2.158971;-0.716178;0.037521;20.769750;0.058824;0.058824;1.003922;12170.516821;1.606639;40.480168;34.130000;33.590151;1128.298254;52.601733;5.195873;-0.118255;-0.895789;54.589750;0.049020;0.049020;0.000000;224690.528461;0.953726;0.000000;0.000000;0.193860;0.431409;-0.032018;0.338596;0.000000;-0.716134;-0.256192;0.000000;0.000000;-0.464341;-0.321090;-0.206955;-0.233625;9.772228;2.510733;12.334782;2.692735;0.278346;0.000000;9.697833;1.005859;2.903435;98.007172;2997.739024
1.000000;1.000000;0.000000;0.000000;1.000000;0.000000;0.000000;0.000000;0.000000;0.000000;0.000000;0.000000;102.000000;-0.000000;-1.615155;-1.743500;0.535746;0.287023;1.701690;0.156563;0.892856;0.776151;0.606075;0.098039;0.098039;0.000000;280.728338;0.322697;9.185064;8.583600;2.189403;4.793486;9.442398;0.427313;0.984406;0.151676;2.817125;0.049020;0.049020;0.000000;8849.751884;0.164721;2.826479;2.636800;0.747134;0.558209;2.923559;0.135274;0.877598;0.131693;0.929800;0.049020;0.049020;0.000000;843.346585;0.189991;-5.872794;-4.797400;9.903180;98.072970;11.513587;1.979200;-0.941785;0.944410;12.901925;0.078431;0.078431;0.000000;8519.744833;1.547316;17.913448;11.392500;38.065513;1448.983303;42.069881;5.900933;0.491924;-0.329124;35.925675;0.088235;0.088235;0.501961;106629.560215;1.707902;0.000000;0.000000;0.128315;-0.084406;-0.385168;0.053299;0.000000;-0.495127;-0.140452;0.000000;0.000000;0.219887;-0.245583;0.169494;-0.198325;9.407155;4.560061;11.800831;4.846017;0.284794;0.000000;9.488295;1.005859;2.736589;93.054631;1910.984792
1.000000;1.000000;0.000000;0.000000;1.000000;0.000000;0.000000;0.000000;0.000000;0.000000;0.000000;0.000000;102.000000;-0.000000;-1.831725;-1.929700;0.713753;0.509443;1.965873;0.175376;0.480690;-0.115655;0.970450;0.147059;0.147059;0.000000;368.213746;0.401827;9.415936;8.238100;2.672008;7.139627;9.787721;0.532660;1.171809;0.387860;3.568450;0.049020;0.049020;0.000000;9407.494289;0.222390;2.799652;2.624750;0.903937;0.817103;2.941964;0.154784;1.223909;1.507443;0.895200;0.088235;0.088235;0.000000;841.161748;0.306967;-1.375153;-0.682355;12.644762;159.889996;12.719318;2.144425;-0.462562;0.496667;13.665325;0.078431;0.078431;1.003922;8347.426905;1.672500;9.391989;9.372150;27.024733;730.336185;28.610237;5.922674;-0.349112;-0.356765;35.905825;0.098039;0.098039;0.501961;46244.560007;1.879722;0.000000;0.000000;0.076120;-0.029652;-0.597263;0.136568;0.000000;-0.191714;-0.243762;0.000000;0.000000;0.494518;-0.536980;0.666256;0.267002;9.686859;6.828896;12.248273;7.213525;0.511278;0.000000;9.243230;1.005859;2.778966;100.664141;988.981829
1.000000;1.000000;0.000000;0.000000;1.000000;0.000000;0.000000;0.000000;0.000000;0.000000;0.000000;0.000000;102.000000;-0.000000;-1.796724;-1.822450;0.701233;0.491727;1.928716;0.183712;0.136225;-0.534892;1.136075;0.117647;0.117647;0.000000;354.356505;0.387530;9.699627;8.895450;2.341811;5.484077;9.978319;0.502234;1.253169;1.274422;2.844150;0.058824;0.058824;0.000000;9876.147395;0.176615;2.775585;2.693500;0.849469;0.721597;2.902666;0.148326;1.373479;2.809105;0.871175;0.088235;0.088235;0.000000;822.596580;0.269189;-5.345601;-0.721745;22.213870;493.456025;22.848008;3.002790;-0.474628;-0.844580;29.796750;0.068627;0.068627;1.505882;28082.606281;1.422062;31.625557;33.084500;24.797361;614.909124;40.188120;6.801673;0.040468;0.037316;36.519000;0.107843;0.107843;0.000000;133380.370214;1.074500;0.000000;0.000000;-0.007255;0.130215;-0.640080;-0.290104;0.000000;-0.291893;-0.295431;0.000000;0.000000;0.432989;-0.290119;0.491174;0.293887;9.950058;5.283132;12.496351;5.538403;0.496567;0.000000;9.927000;1.005859;2.817281;104.286793;2145.541944
1.000000;1.000000;0.000000;0.000000;1.000000;0.000000;0.000000;0.000000;0.000000;0.000000;0.000000;0.000000;102.000000;-0.000000;-1.655010;-1.763800;0.497770;0.247775;1.728246;0.152077;0.673814;0.886734;0.559825;0.127451;0.127451;0.000000;292.022209;0.278474;9.294637;8.980850;1.233858;1.522406;9.376177;0.291459;0.536778;-0.641072;2.083050;0.058824;0.058824;0.000000;8889.455540;0.065939;2.683405;2.747900;0.841372;0.707907;2.812218;0.131887;0.034370;0.532676;1.078475;0.078431;0.078431;0.000000;770.578706;0.269831;-13.688679;-12.952500;23.198579;538.174048;26.936109;3.505584;0.087159;-1.260985;41.039725;0.058824;0.058824;1.505882;46560.104841;1.140704;64.928824;62.308500;38.770377;1503.142113;75.623371;6.389508;-0.073066;-0.577446;51.682000;0.049020;0.049020;0.000000;506672.545828;0.659418;0.000000;0.000000;-0.453498;0.528993;-0.595679;-0.252803;0.000000;-0.384371;0.030787;0.000000;0.000000;0.153653;-0.373613;0.030830;0.209790;9.504840;1.557537;11.949648;1.596261;0.191447;0.000000;9.473109;1.005859;2.832198;91.899522;6452.356827
1.000000;1.000000;0.000000;0.000000;1.000000;0.000000;0.000000;0.000000;0.000000;0.000000;0.000000;0.000000;102.000000;-0.000000;-1.941506;-1.873150;0.423110;0.179022;1.987075;0.118940;-1.016854;1.006255;0.458500;0.127451;0.127451;0.000000;393.614112;0.163671;9.730487;9.439850;1.532261;2.347824;9.850391;0.332931;1.101625;0.991728;1.906275;0.078431;0.078431;0.000000;9777.342406;0.089940;2.428625;2.579400;0.855060;0.731128;2.574752;0.130998;-0.327328;-1.084885;1.364525;0.049020;0.049020;0.000000;638.906471;0.283894;-6.040742;-2.347800;22.083348;487.674244;22.894646;3.285455;-0.195845;-1.030147;35.957500;0.058824;0.058824;1.003922;28593.601364;1.604667;59.167514;61.671500;43.425317;1885.758134;73.393139;5.257129;-0.027915;-1.041381;72.869000;0.058824;0.058824;0.000000;453255.572585;0.653351;0.000000;0.000000;-0.205510;0.625915;-0.016618;-0.461116;0.000000;-0.463069;-0.149182;0.000000;0.000000;-0.330638;0.169643;0.241518;0.132534;9.983553;2.307342;12.671993;2.379305;0.172560;0.000000;9.642197;1.005859;2.465906;101.978674;5917.347029
1.000000;1.000000;0.000000;0.000000;1.000000;0.000000;0.000000;0.000000;0.000000;0.000000;0.000000;0.000000;102.000000;-0.000000;-1.879773;-1.878950;0.568540;0.323238;1.963870;0.116988;0.096933;0.081049;0.655875;0.117647;0.117647;0.000000;376.906910;0.261321;9.835819;9.565050;1.922210;3.694893;10.021887;0.387490;0.665514;0.033292;2.456575;0.068627;0.068627;0.000000;10056.260743;0.126941;2.527512;2.668400;0.692773;0.479934;2.620735;0.114486;-0.543062;-0.293027;0.919950;0.049020;0.049020;0.000000;676.088732;0.225474;-2.650793;-1.543900;30.312220;918.830658;30.427904;4.169406;0.147631;-1.086113;50.175000;0.049020;0.049020;1.003922;47580.354583;1.512921;17.405940;16.341000;32.501457;1056.344727;36.868842;4.535872;0.107412;-0.889942;50.388150;0.049020;0.049020;0.000000;84782.758507;1.832539;0.000000;0.000000;-0.509589;0.512457;-0.040456;-0.371449;0.000000;-0.518491;-0.192361;0.000000;0.000000;-0.308156;0.086595;0.375888;0.412816;10.077479;3.739416;12.715591;3.821968;0.235946;0.000000;10.059773;1.005859;2.451547;105.295004;2292.037103
1.000000;1.000000;0.000000;0.000000;1.000000;0.000000;0.000000;0.000000;0.000000;0.000000;0.000000;0.000000;102.000000;-0.000000;-1.643085;-1.703050;0.455519;0.207497;1.705058;0.094011;0.291192;-0.293054;0.562000;0.068627;0.068627;0.000000;285.955308;0.224564;9.257658;8.648300;2.019069;4.076641;9.475277;0.341252;1.148096;0.642486;2.257475;0.058824;0.058824;0.000000;8949.740074;0.150818;2.369587;2.550400;1.068207;1.141065;2.599232;0.143251;-0.307666;-0.063983;1.058425;0.049020;0.049020;0.000000;630.918591;0.426851;-7.239565;-17.522500;32.152771;1033.800678;32.957730;4.084683;0.490559;-1.135782;58.261000;0.039216;0.039216;1.003922;58069.842658;1.291222;4.116173;2.388950;30.478783;928.956232;30.755473;3.731919;0.342468;-0.923972;41.905250;0.029412;0.029412;0.501961;49110.256420;1.267608;0.000000;0.000000;-0.477541;0.418907;0.123200;-0.552928;0.000000;-0.351561;-0.496976;0.000000;0.000000;0.187847;0.516260;0.502973;0.618860;9.466279;4.077664;11.900742;4.166722;0.159834;0.000000;9.402594;1.005859;2.422108;93.688095;2038.867104
1.000000;1.000000;0.000000;0.000000;1.000000;0.000000;0.000000;0.000000;0.000000;0.000000;0.000000;0.000000;102.000000;-0.000000;-1.543401;-1.527750;0.335244;0.112388;1.579390;0.086161;0.026645;-0.576563;0.416800;0.058824;0.058824;0.000000;248.704544;0.157990;9.215305;8.658450;1.832709;3.358822;9.395779;0.318789;1.018816;0.542673;2.377875;0.049020;0.049020;0.000000;8833.328651;0.123868;2.165905;2.172750;1.155024;1.334080;2.454633;0.145339;0.132143;-0.780699;1.869025;0.039216;0.039216;0.000000;546.535417;0.537563;-5.636709;-8.970100;28.132661;791.446643;28.691795;3.541297;0.134813;-1.469019;58.291750;0.049020;0.049020;1.003922;43607.706764;1.580118;4.346628;5.926500;21.460568;460.555964;21.896327;3.915798;-0.024123;-0.731352;34.150500;0.068627;0.068627;1.003922;25417.212691;1.783301;0.000000;0.000000;0.152372;0.600072;0.089426;-0.524114;0.000000;0.000817;-0.271857;0.000000;0.000000;0.429854;0.163809;0.593433;0.585835;9.410417;3.219199;11.758705;3.394801;0.110777;0.000000;9.474729;1.005859;2.095841;91.775140;1308.693491
1.000000;1.000000;0.000000;0.000000;1.000000;0.000000;0.000000;0.000000;0.000000;0.000000;0.000000;0.000000;102.000000;-0.000000;-1.744100;-1.668050;0.542478;0.294283;1.826517;0.119985;-0.148530;-1.034054;0.894875;0.068627;0.068627;0.000000;325.281575;0.288904;9.365653;9.085850;1.383929;1.915259;9.467350;0.243341;0.405352;-0.239052;1.872050;0.039216;0.039216;0.000000;9044.662392;0.074825;2.448357;2.570000;0.845633;0.715095;2.590280;0.106711;-0.183895;-1.445428;1.748650;0.049020;0.049020;0.000000;647.908099;0.289616;-10.388794;-10.975000;25.544864;652.540054;27.576568;3.006054;0.204007;-1.186119;41.935025;0.039216;0.039216;1.003922;44288.473206;1.465045;52.490381;39.535500;48.331294;2335.913994;71.352324;5.170362;0.347065;-1.231272;86.753325;0.009804;0.009804;0.000000;400173.996585;0.923756;0.000000;0.000000;-0.184437;0.735001;-0.105678;-0.524492;0.000000;-0.134924;0.054220;0.000000;0.000000;-0.067214;-0.458553;0.272920;0.329916;9.595228;1.898478;12.109752;1.946081;0.285337;0.000000;9.717347;1.005859;2.436659;93.966880;5858.330764
1.000000;1.000000;0.000000;0.000000;1.000000;0.000000;0.000000;0.000000;0.000000;0.000000;0.000000;0.000000;102.000000;-0.000000;-2.138161;-2.260500;0.584026;0.341086;2.216488;0.132011;0.350431;-0.293295;0.818950;0.078431;0.078431;0.000000;483.713880;0.215405;9.260113;9.051700;0.967278;0.935627;9.310495;0.214046;0.846200;0.506652;1.013850;0.078431;0.078431;0.000000;8794.190342;0.043641;2.580896;2.620100;0.872751;0.761694;2.724467;0.111450;-0.062106;-1.176582;1.514600;0.078431;0.078431;0.000000;718.271012;0.282988;-12.183861;-8.627750;17.542269;307.731192;21.358316;2.296877;-0.399391;-1.060245;29.819950;0.049020;0.049020;0.000000;30836.814226;1.289295;73.105367;66.042500;33.271690;1107.005348;80.320607;5.879834;0.341999;-0.612064;46.732250;0.058824;0.058824;0.000000;601585.534126;0.452698;0.000000;0.000000;0.023127;0.525683;-0.186192;-0.550922;0.000000;-0.628214;0.239624;0.000000;0.000000;-0.238221;0.086669;-0.157112;-0.111388;9.577003;0.879139;12.398273;0.945181;0.344174;0.000000;9.773312;1.005859;2.622004;92.598133;6915.000367
1.000000;1.000000;0.000000;0.000000;1.000000;0.000000;0.000000;0.000000;0.000000;0.000000;0.000000;0.000000;102.000000;-0.000000;-2.069069;-2.216800;0.749808;0.562212;2.200741;0.229860;0.444026;-0.377100;1.003975;0.127451;0.127451;0.000000;465.345546;0.380126;9.129113;8.908600;2.412927;5.822219;9.442612;0.557652;0.678439;0.568079;2.368150;0.088235;0.088235;0.000000;8797.693132;0.214340;2.609875;2.408850;0.976575;0.953698;2.786601;0.157078;0.148311;-1.036209;1.650025;0.068627;0.068627;0.000000;743.408179;0.332113;-7.211387;-4.262450;13.890284;192.939998;15.650690;2.942673;-0.411542;-1.102885;24.834025;0.068627;0.068627;1.505882;15145.189579;1.638382;30.323650;38.676000;45.973669;2113.578257;55.073605;10.333715;-0.353520;0.066141;49.963125;0.049020;0.049020;0.000000;201589.632047;1.842443;0.000000;0.000000;0.208072;0.572873;-0.276950;-0.237120;0.000000;-0.402085;0.270019;0.000000;0.000000;-0.148634;-0.271146;-0.039916;-0.281808;9.463458;5.449145;12.198182;5.906935;0.540707;0.000000;9.493105;1.005859;2.741358;95.006178;3285.811251
1.000000;1.000000;0.000000;0.000000;1.000000;0.000000;0.000000;0.000000;0.000000;0.000000;0.000000;0.000000;102.000000;-0.000000;-1.790221;-1.883600;0.761093;0.579262;1.945290;0.319813;0.107035;-0.692057;1.080200;0.176471;0.176471;0.000000;356.441646;0.472791;9.549733;8.741400;3.342026;11.169136;10.117635;0.984852;0.360675;-0.567439;4.512250;0.088235;0.088235;0.000000;9871.847619;0.311789;2.622429;2.258900;1.170429;1.369903;2.871766;0.291093;0.635353;-0.358914;1.662625;0.039216;0.039216;0.000000;771.332932;0.439890;-10.216369;-15.822500;17.228879;296.834260;20.030189;3.839962;0.419711;-0.889188;30.361200;0.058824;0.058824;0.000000;25784.947539;1.835826;31.489829;37.886500;52.320712;2737.456904;61.066081;12.917297;0.052905;-0.303319;63.774925;0.078431;0.078431;0.000000;240765.741655;1.844478;0.000000;0.000000;-0.162746;0.736977;-0.448257;-0.528443;0.000000;-0.217722;0.296121;0.000000;0.000000;-0.111710;-0.128220;0.063372;-0.120741;9.814926;10.817927;12.339954;11.296039;0.568680;0.000000;9.537520;1.005859;2.797288;107.150697;4138.521761
1.000000;1.000000;0.000000;0.000000;1.000000;0.000000;0.000000;0.000000;0.000000;0.000000;0.000000;0.000000;102.000000;-0.000000;-1.692322;-1.727950;0.529994;0.280893;1.773371;0.227505;0.065486;0.229023;0.721225;0.176471;0.176471;0.000000;306.449258;0.310604;9.676580;9.213550;2.449270;5.998924;9.981740;0.712703;0.598867;2.250445;1.887100;0.117647;0.117647;0.000000;9857.130892;0.214996;2.522162;2.127300;1.073133;1.151614;2.740970;0.265641;1.005019;0.546728;1.206900;0.049020;0.049020;0.000000;707.585299;0.459485;-14.870487;-17.173000;16.330489;266.684869;22.086563;2.793408;0.894362;0.165786;21.247225;0.058824;0.058824;0.000000;36157.128265;1.177404;69.524860;72.361000;36.358737;1321.957750;78.458039;8.332297;-0.352364;0.183281;44.625250;0.068627;0.068627;0.000000;560461.680236;0.596619;0.000000;0.000000;-0.498120;0.768119;-0.517675;-0.431505;0.000000;-0.311172;0.062899;0.000000;0.000000;-0.253582;-0.275504;0.165590;0.057651;9.890424;5.959487;12.368902;6.131243;0.210751;0.000000;10.007218;1.005859;2.648931;103.779978;6650.993046
1.000000;1.000000;0.000000;0.000000;1.000000;0.000000;0.000000;0.000000;0.000000;0.000000;0.000000;0.000000;102.000000;-0.000000;-1.720205;-1.771150;1.311162;1.719147;2.162926;0.237250;1.947415;5.870010;0.988650;0.147059;0.147059;0.000000;389.542054;1.050983;9.704212;9.268350;2.419857;5.855707;10.001372;0.488928;0.652558;3.152932;1.285075;0.117647;0.117647;0.000000;9904.236997;0.202910;2.703659;2.733250;1.034537;1.070267;2.894829;0.175382;0.024477;-0.420675;1.545100;0.039216;0.039216;0.000000;800.182824;0.343849;-10.731102;-12.400000;16.136968;260.401722;19.379326;2.628250;0.418999;-0.664850;24.793823;0.058824;0.058824;0.000000;25026.738185;1.417872;58.026481;72.845000;46.487334;2161.072200;74.351494;7.500673;-0.891006;0.214509;57.259500;0.049020;0.049020;0.000000;453671.920891;0.938253;0.000000;0.000000;-0.412345;0.665677;0.003147;-0.054173;0.000000;-0.342308;-0.340687;0.000000;0.000000;-0.586264;0.033266;-0.094405;-0.296352;10.027113;5.162679;12.716682;6.296488;1.353364;0.000000;9.766733;1.005859;2.690762;105.705683;5912.083031
1.000000;1.000000;0.000000;0.000000;1.000000;0.000000;0.000000;0.000000;0.000000;0.000000;0.000000;0.000000;102.000000;-0.000000;-1.628833;-1.939250;2.025661;4.103301;2.599307;0.396768;0.981272;0.231649;2.313240;0.068627;0.068627;0.000000;479.891930;1.352992;9.838282;9.551850;3.604332;12.991206;10.477739;0.894569;-0.118010;-0.395448;3.657825;0.088235;0.088235;0.000000;10535.327923;0.329630;2.656108;2.980550;1.491866;2.225664;3.046403;0.308413;-0.122194;-0.985596;2.338500;0.039216;0.039216;0.000000;833.110601;0.589669;-8.794058;-11.196500;26.970685;727.417835;28.368174;5.597150;0.291044;-0.738424;41.300500;0.107843;0.107843;1.003922;44990.321746;2.053545;15.847355;26.602500;54.138580;2930.985864;56.410323;12.918881;-0.589991;-0.524077;73.519000;0.088235;0.088235;1.003922;175099.550904;2.163582;0.000000;0.000000;-0.381631;0.830648;0.088177;0.079299;0.000000;-0.580672;0.061257;0.000000;0.000000;-0.742024;0.106578;-0.034752;-0.152430;10.332309;10.782799;13.175652;13.929044;3.334716;0.000000;10.134870;1.005859;2.993891;117.539405;3996.158385
1.000000;1.000000;0.000000;0.000000;1.000000;0.000000;0.000000;0.000000;0.000000;0.000000;0.000000;0.000000;102.000000;-0.000000;-1.593184;-1.857300;1.644972;2.705932;2.290015;0.353838;0.923789;1.038014;1.509508;0.107843;0.107843;0.000000;396.917658;1.462475;9.437937;8.904400;2.984040;8.904497;9.898442;0.826798;-0.029819;-0.016417;3.116125;0.098039;0.098039;0.000000;9539.829583;0.295977;2.454530;2.214000;1.260759;1.589513;2.759389;0.258889;0.163590;-0.117246;1.545950;0.039216;0.039216;0.000000;695.590924;0.545138;-11.168042;-14.793500;31.517840;993.374269;33.437994;5.201056;0.251064;-1.225892;55.699000;0.068627;0.068627;1.003922;63385.274092;1.608754;26.806997;44.018000;54.217595;2939.547619;60.482747;13.832149;-1.018974;0.009266;66.239700;0.078431;0.078431;0.000000;223215.824119;1.870955;0.000000;0.000000;-0.290557;0.834612;-0.118437;-0.088901;0.000000;-0.495958;0.194216;0.000000;0.000000;-0.730070;0.054790;0.047170;-0.073966;9.834007;7.515626;12.458404;9.308177;2.417206;0.000000;9.767779;1.005859;2.551150;104.223324;4783.876375
1.000000;1.000000;0.000000;0.000000;1.000000;0.000000;0.000000;0.000000;0.000000;0.000000;0.000000;0.000000;102.000000;-0.000000;-2.507821;-2.279800;1.288120;1.659254;2.819294;0.232492;-0.641421;0.292808;0.984950;0.088235;0.088235;0.000000;726.129384;0.571732;8.817349;8.899750;2.078094;4.318477;9.058925;0.416486;-0.490089;1.703286;1.456950;0.127451;0.127451;0.000000;8150.315638;0.182974;3.046451;2.926700;1.265856;1.602391;3.298978;0.148026;0.430758;-0.923476;2.151375;0.039216;0.039216;0.000000;1028.370352;0.357412;-17.608438;-13.416000;26.155470;684.108631;31.530394;2.764119;0.080812;-0.831968;33.368525;0.039216;0.039216;0.000000;66515.995494;1.187783;64.488437;69.050000;40.790375;1663.854672;76.306050;7.716723;-0.464907;0.932689;47.942750;0.078431;0.078431;0.000000;509054.477417;0.753535;0.000000;0.000000;0.471352;-0.226153;-0.384343;0.031302;0.000000;0.489693;0.368768;0.000000;0.000000;-0.629386;0.097817;-0.322095;0.166927;9.391817;2.806310;12.336182;4.869592;1.167324;0.000000;9.568852;1.005859;2.731570;91.012540;6827.662191
1.000000;1.000000;0.000000;0.000000;1.000000;0.000000;0.000000;0.000000;0.000000;0.000000;0.000000;0.000000;102.000000;-0.000000;-3.378794;-2.986000;1.184635;1.403361;3.580448;0.229075;-0.814700;-0.566749;1.708175;0.039216;0.039216;0.000000;1236.028882;0.315942;8.749422;9.003000;2.230310;4.974282;9.029211;0.390776;-0.468764;0.422277;2.394350;0.098039;0.098039;0.000000;8062.036194;0.191048;2.932643;2.693200;1.457368;2.123922;3.274801;0.176339;0.327262;-1.291198;2.640550;0.029412;0.029412;0.000000;985.567165;0.504578;-10.261048;-5.580700;21.738577;472.565725;24.038611;2.206928;-0.899588;0.124370;21.936950;0.039216;0.039216;0.501961;34840.441416;1.456239;62.446899;67.776000;44.998981;2024.908283;76.970926;7.336832;-0.293827;-0.368998;63.398000;0.029412;0.029412;0.000000;501055.704659;0.911877;0.000000;0.000000;0.573933;-0.633752;-0.454700;-0.048143;0.000000;0.234761;0.282823;0.000000;0.000000;-0.512347;0.560324;-0.278781;0.342550;9.607047;3.050923;13.128216;5.586088;0.854700;0.000000;9.422151;1.005859;3.081242;95.346271;6513.102625
1.000000;1.000000;0.000000;0.000000;1.000000;0.000000;0.000000;0.000000;0.000000;0.000000;0.000000;0.000000;102.000000;-0.000000;-2.757003;-2.802500;1.391780;1.937052;3.088385;0.245972;-0.011416;0.874389;1.170350;0.098039;0.098039;0.000000;874.103179;0.532746;8.962985;8.237300;2.225640;4.953474;9.235182;0.503851;0.850406;-0.026281;3.258525;0.078431;0.078431;0.000000;8446.821678;0.189115;2.649438;2.737700;0.955934;0.913810;2.816617;0.180974;0.490791;0.577778;1.027950;0.117647;0.117647;0.000000;762.596727;0.334393;0.333054;0.738400;11.932285;142.379431;11.936932;2.131297;-0.356704;-0.089567;14.013375;0.098039;0.098039;1.505882;7272.990011;1.836542;14.784819;10.805700;50.001590;2500.159007;52.141633;9.005337;0.302873;-0.905162;84.612750;0.078431;0.078431;0.501961;149806.228882;1.774608;0.000000;0.000000;0.215084;-0.079825;-0.629720;0.095678;0.000000;-0.432695;0.016477;0.000000;0.000000;0.013046;-0.162137;0.049911;0.131720;9.570084;4.240197;12.770931;5.144512;1.814237;0.000000;9.505656;1.005859;2.546710;95.826699;2869.173571
1.000000;1.000000;0.000000;0.000000;1.000000;0.000000;0.000000;0.000000;0.000000;0.000000;0.000000;0.000000;102.000000;-0.000000;-3.598982;-3.113600;2.716610;7.379972;4.509173;0.397088;-1.131050;1.078060;2.725975;0.029412;0.029412;0.000000;1697.613242;0.885595;7.503717;7.515800;3.419194;11.690885;8.246008;0.536352;0.066553;-0.669044;4.764475;0.068627;0.068627;0.000000;6339.507411;0.497121;4.067289;3.370100;1.419744;2.015674;4.307960;0.228247;0.425753;-1.391679;2.564325;0.019608;0.019608;0.000000;1790.169448;0.280231;-22.261622;-16.570500;27.973503;782.516885;35.750478;3.694249;-0.898221;-0.096192;34.541207;0.049020;0.049020;0.000000;90463.888818;1.342539;-5.952395;-2.994450;30.431937;926.102777;31.008608;9.469620;-0.245366;-0.394327;45.038500;0.088235;0.088235;0.501961;50860.538453;2.559947;0.000000;0.000000;0.630029;-0.503677;0.418163;-0.437162;0.000000;0.291381;-0.403826;0.000000;0.000000;-0.604423;-0.381708;-0.457869;0.544449;9.144033;5.715943;12.153641;15.928014;3.331664;0.000000;9.100468;1.005859;3.490399;89.329291;2258.189012
1.000000;1.000000;0.000000;0.000000;1.000000;0.000000;0.000000;0.000000;0.000000;0.000000;0.000000;0.000000;102.000000;-0.000000;-3.807329;-3.206550;2.640269;6.971018;4.633225;0.431811;-1.130895;0.976493;2.979025;0.039216;0.039216;0.000000;1834.130926;0.760480;8.062031;8.810500;4.043577;16.350514;9.019250;0.608255;-0.155349;-1.251085;7.555750;0.039216;0.039216;0.000000;7463.508524;0.498553;3.804076;3.459550;1.715671;2.943529;4.173071;0.242268;-0.004124;-1.042661;3.049675;0.019608;0.019608;0.000000;1626.161980;0.414813;-15.490688;-17.358000;43.318035;1876.452154;46.004495;5.112554;0.161977;-0.937009;63.851750;0.078431;0.078431;0.501961;120178.695035;1.519569;36.818897;26.688000;47.927208;2297.017248;60.437145;11.148980;0.685715;0.450208;53.373525;0.088235;0.088235;0.000000;255428.464975;1.633656;0.000000;0.000000;0.767523;-0.630583;-0.399046;0.431802;0.000000;0.300216;0.077124;0.000000;0.000000;-0.641968;0.138734;-0.631220;0.575960;9.838071;7.026000;12.875096;21.311006;2.241432;0.000000;8.600430;1.005859;4.365910;103.813634;5786.476542
1.000000;1.000000;0.000000;0.000000;1.000000;0.000000;0.000000;0.000000;0.000000;0.000000;0.000000;0.000000;102.000000;-0.000000;-2.195776;-2.221550;1.175906;1.382755;2.490821;0.277149;-0.574125;0.653399;1.442450;0.107843;0.107843;0.000000;562.331265;0.673682;9.686444;9.533400;2.958993;8.755637;10.128319;0.640261;-0.182146;0.247551;3.385225;0.088235;0.088235;0.000000;10017.004291;0.279313;2.063365;1.951700;1.273819;1.622614;2.424889;0.205840;0.438842;-0.349737;1.703825;0.078431;0.078431;0.000000;517.016571;0.674890;3.005758;7.577950;43.593310;1900.376637;43.696810;5.005992;-0.537860;-0.704988;58.772500;0.049020;0.049020;1.003922;97854.128926;1.751328;69.577036;67.421000;54.677656;2989.646064;88.490734;10.564360;-0.210676;0.432705;54.992500;0.078431;0.078431;0.000000;646263.198626;0.931702;0.000000;0.000000;0.598755;0.036134;-0.569820;-0.049664;0.000000;-0.100087;-0.149231;0.000000;0.000000;-0.406729;-0.128966;-0.249411;0.323649;10.169668;6.364869;12.891853;9.395725;0.843046;0.000000;9.969029;1.005859;2.137808;109.787025;9745.901348
1.000000;1.000000;0.000000;0.000000;1.000000;0.000000;0.000000;0.000000;0.000000;0.000000;0.000000;0.000000;102.000000;-0.000000;-1.567677;-1.643600;0.977096;0.954717;1.847249;0.289466;0.954108;1.582745;1.192925;0.117647;0.117647;0.000000;299.370434;0.797035;10.272898;9.901300;3.303195;10.911098;10.790900;0.672653;0.177412;-0.981308;5.147550;0.058824;0.058824;0.000000;11320.782292;0.265482;1.774724;1.470600;1.708325;2.918375;2.463336;0.268290;0.549423;-0.501910;1.988960;0.058824;0.058824;0.000000;470.105843;0.986547;-9.520459;1.272050;74.566621;5560.180916;75.171937;8.261022;-0.278688;-0.402863;102.175250;0.029412;0.029412;1.003922;292842.155389;1.513049;33.867196;48.679500;81.124261;6581.145721;87.909799;14.636376;-0.067662;-0.881171;117.558500;0.058824;0.058824;0.000000;452641.258732;1.945938;0.000000;0.000000;0.208982;0.497206;-0.550802;-0.055768;0.000000;-0.056473;-0.183165;0.000000;0.000000;-0.196274;-0.018110;0.345498;-0.006904;10.508509;10.427092;12.951558;11.065065;0.918233;0.000000;10.155901;1.005859;1.701493;120.855862;13385.020761
1.000000;1.000000;0.000000;0.000000;1.000000;0.000000;0.000000;0.000000;0.000000;0.000000;0.000000;0.000000;102.000000;-0.000000;-1.806464;-1.434350;1.392972;1.940370;2.281158;0.345538;-0.534507;0.801573;1.447575;0.058824;0.058824;0.000000;431.824845;1.029353;11.064971;11.881000;4.099236;16.803736;11.799886;0.722141;-0.037392;-1.189182;6.907450;0.049020;0.049020;0.000000;13345.256087;0.296159;1.495126;1.394850;1.893752;3.586296;2.412820;0.308756;0.264520;-0.952941;3.026014;0.068627;0.068627;0.000000;410.929287;1.307861;-32.138423;-21.236500;91.013590;8283.473510;96.521250;11.402321;-0.098906;-1.076203;154.595500;0.039216;0.039216;0.501961;527811.391507;1.523616;-4.498486;-11.701000;104.501867;10920.640219;104.598645;18.455365;0.538291;-0.181253;114.726750;0.088235;0.088235;1.505882;559025.116694;1.553026;0.000000;0.000000;0.193069;0.539959;-0.438460;0.115979;0.000000;-0.225746;-0.242914;0.000000;0.000000;-0.274426;-0.033370;0.449659;-0.251860;11.384932;15.824314;13.978520;17.052241;1.877450;0.000000;11.527691;1.005859;1.884749;145.440992;20263.050025
1.000000;1.000000;0.000000;0.000000;1.000000;0.000000;0.000000;0.000000;0.000000;0.000000;0.000000;0.000000;102.000000;-0.000000;-2.191831;-1.969300;1.692393;2.864194;2.769172;0.418892;0.609809;1.401964;2.255825;0.058824;0.058824;0.000000;636.094315;1.039591;11.421354;10.699000;4.596322;21.126179;12.311519;0.814477;0.215647;-1.216053;8.029125;0.058824;0.058824;0.000000;14383.079936;0.331882;1.910456;1.884400;1.824019;3.327044;2.641380;0.369536;0.140199;-0.483884;2.403620;0.068627;0.068627;0.000000;541.963935;1.105469;-1.018009;24.360500;99.573204;9914.822888;99.578407;11.215668;-0.186254;-0.585372;126.015750;0.029412;0.029412;1.003922;505839.670818;1.519487;8.512102;-5.818900;115.506102;13341.659609;115.819323;18.391204;0.546886;-0.355216;137.042500;0.068627;0.068627;1.505882;687897.897661;1.856536;0.000000;0.000000;0.350891;0.411357;-0.380051;0.291414;0.000000;-0.153221;-0.361687;0.000000;0.000000;-0.228860;-0.238033;0.441886;-0.176788;11.876089;19.200321;14.845230;21.738537;2.489365;0.000000;11.475201;1.005859;1.615365;160.241820;23336.951614
1.000000;1.000000;0.000000;0.000000;1.000000;0.000000;0.000000;0.000000;0.000000;0.000000;0.000000;0.000000;102.000000;-0.000000;-1.704009;-1.610850;1.831888;3.355815;2.501892;0.504919;0.068595;0.881575;2.166157;0.088235;0.088235;0.000000;467.356184;1.510362;11.539458;10.963500;5.680551;32.268657;12.861872;1.090889;0.197803;-0.973405;9.416900;0.058824;0.058824;0.000000;15227.988081;0.453444;1.435764;1.603450;2.163086;4.678939;2.596220;0.471282;-0.541628;1.035145;1.744375;0.098039;0.098039;0.000000;448.902300;1.565084;-1.564339;20.298500;103.248739;10660.302048;103.260589;11.465851;-0.066142;-0.871687;154.998000;0.029412;0.029412;0.501961;543927.354728;1.292710;64.740475;32.882500;127.338352;16215.055808;142.850919;20.423035;0.683009;-0.533197;190.247750;0.049020;0.049020;0.000000;1254563.556329;1.808986;0.000000;0.000000;0.148079;0.381340;-0.656485;0.101878;0.000000;-0.015855;0.092114;0.000000;0.000000;0.188665;-0.288575;0.122869;0.029067;11.914826;30.724117;14.568122;32.670852;3.306337;0.000000;11.723255;1.005859;2.173727;172.687207;31075.874510
1.000000;1.000000;0.000000;0.000000;1.000000;0.000000;0.000000;0.000000;0.000000;0.000000;0.000000;0.000000;102.000000;-0.000000;-1.736745;-1.331400;1.819482;3.310514;2.515313;0.527101;-0.778808;0.910968;1.972538;0.078431;0.078431;0.000000;476.497218;1.449519;10.518594;9.987600;5.141402;26.434016;11.707896;0.906254;0.486614;-0.171318;7.279625;0.068627;0.068627;0.000000;12633.907765;0.531657;1.123742;0.944265;3.041045;9.247953;3.242028;0.524734;0.686311;0.831040;2.806132;0.078431;0.078431;1.003922;600.451016;1.823186;-29.701756;-35.654000;87.459646;7649.189730;92.365492;11.799901;0.108030;-0.871179;120.287750;0.049020;0.049020;1.505882;480133.343150;1.541807;64.443157;46.460000;136.917810;18746.486796;151.325501;26.781226;0.174465;-0.339226;180.044750;0.058824;0.058824;0.000000;1379669.027203;1.866810;0.000000;0.000000;0.048428;0.314401;-0.596543;-0.052945;0.000000;-0.207650;0.236394;0.000000;0.000000;0.449798;-0.149634;0.111780;0.045007;10.890342;25.802091;13.433968;26.704699;3.334332;0.000000;11.266572;1.005859;0.845769;144.401636;31441.302047
1.000000;1.000000;0.000000;0.000000;1.000000;0.000000;0.000000;0.000000;0.000000;0.000000;0.000000;0.000000;102.000000;-0.000000;-1.959349;-2.022250;1.687805;2.848687;2.586066;0.557445;-0.089559;0.598477;1.705950;0.117647;0.117647;0.000000;536.871353;1.207642;10.128057;9.610200;4.411667;19.462806;11.047187;0.982105;0.676293;0.088471;6.926000;0.078431;0.078431;0.000000;11455.513328;0.451058;2.470294;1.919650;2.968187;8.810134;3.861669;0.519726;0.532295;0.439625;2.813750;0.068627;0.068627;0.000000;1071.807417;1.416595;-4.492630;-16.906000;66.579035;4432.767907;66.730440;9.602416;0.145855;-0.464273;85.218000;0.049020;0.049020;1.003922;228134.936365;0.919893;8.551333;9.430350;102.683630;10543.927864;103.039086;26.803010;0.004326;0.166098;141.558000;0.117647;0.117647;1.505882;545232.680189;2.324552;0.000000;0.000000;0.155920;0.335149;-0.477983;-0.245744;0.000000;-0.367577;-0.158939;0.000000;0.000000;0.263746;-0.031110;0.351202;0.187134;10.544025;18.551611;13.323974;19.737043;2.795356;0.000000;10.390119;1.005859;2.385216;129.728077;15084.917283
1.000000;1.000000;0.000000;0.000000;1.000000;0.000000;0.000000;0.000000;0.000000;0.000000;0.000000;0.000000;102.000000;-0.000000;-1.749401;-1.774100;1.191486;1.419638;2.116611;0.378968;0.470749;0.944781;1.307175;0.078431;0.078431;0.000000;384.564568;0.902692;9.583079;8.143750;4.537749;20.591163;10.603140;1.081243;0.998102;0.376806;5.416600;0.068627;0.068627;0.000000;10417.372338;0.500458;2.831011;2.325650;1.660411;2.756964;3.282010;0.364000;2.128367;5.126503;1.323375;0.058824;0.058824;0.000000;958.097004;0.753294;1.957325;-4.332800;43.479940;1890.505139;43.523973;5.894198;0.475563;-0.663434;73.116250;0.039216;0.039216;1.003922;96807.237173;0.731282;-2.227426;1.466100;54.821404;3005.386359;54.866636;14.886526;-0.351268;0.518391;56.946000;0.098039;0.098039;2.509804;153780.791159;1.891596;0.000000;0.000000;-0.001728;0.239786;-0.156570;-0.016615;0.000000;-0.417186;0.041290;0.000000;0.000000;-0.238364;-0.040204;0.325882;0.129515;9.904135;19.814722;12.483029;20.795040;1.433689;0.000000;10.118944;1.005859;2.932954;117.906615;4915.455639
1.000000;1.000000;0.000000;0.000000;1.000000;0.000000;0.000000;0.000000;0.000000;0.000000;0.000000;0.000000;102.000000;-0.000000;-1.581769;-1.576850;1.061748;1.127308;1.905072;0.275687;0.074022;-0.397956;1.463280;0.078431;0.078431;0.000000;312.695988;0.831905;9.590960;8.944600;3.288178;10.812117;10.138966;0.806422;1.064525;1.525598;2.868925;0.098039;0.098039;0.000000;9934.049329;0.321653;2.651628;2.441750;1.297578;1.683709;2.952091;0.295970;0.744933;0.526368;1.375450;0.078431;0.078431;0.000000;803.044837;0.539497;-6.312882;-3.461200;38.485986;1481.171147;39.000303;4.862657;-0.144577;-0.928651;60.879500;0.068627;0.068627;1.003922;79618.795577;1.713181;48.928186;17.212500;87.992880;7742.746867;100.681251;14.877636;1.187249;0.527620;107.318925;0.049020;0.049020;0.000000;639096.670341;1.827840;0.000000;0.000000;-0.150935;0.152025;-0.415293;-0.547817;0.000000;-0.348158;0.048696;0.000000;0.000000;0.269015;-0.194771;0.373843;0.135664;9.847337;10.457885;12.243068;10.948038;1.109600;0.000000;9.535103;1.005859;2.723442;107.427928;11666.452694
1.000000;1.000000;0.000000;0.000000;1.000000;0.000000;0.000000;0.000000;0.000000;0.000000;0.000000;0.000000;102.000000;-0.000000;-1.848220;-1.975100;1.089836;1.187742;2.145613;0.241002;0.555083;-0.223866;1.328100;0.078431;0.078431;0.000000;408.998212;0.699035;10.031519;9.570000;2.477861;6.139798;10.333013;0.611762;1.766819;4.283700;2.757175;0.107843;0.107843;0.000000;10577.539409;0.203236;2.255275;1.996200;1.308433;1.711997;2.607347;0.259523;0.775981;0.172891;1.674850;0.049020;0.049020;0.000000;606.110771;0.589241;-11.818416;-9.507900;40.885280;1671.606093;42.559148;5.758756;0.068167;-1.096439;64.394500;0.058824;0.058824;1.505882;99499.093173;1.377708;80.454221;71.142500;77.142352;5950.942487;111.462210;13.870467;0.868965;0.303976;95.979500;0.039216;0.039216;0.000000;963732.532259;1.191536;0.000000;0.000000;-0.009164;0.423128;-0.487546;-0.384357;0.000000;-0.364318;-0.322175;0.000000;0.000000;0.287804;-0.184832;0.344696;0.409350;10.318566;5.902013;12.950077;6.200713;1.199377;0.000000;10.669156;1.005859;2.381878;112.374821;14241.903486
1.000000;1.000000;0.000000;0.000000;1.000000;0.000000;0.000000;0.000000;0.000000;0.000000;0.000000;0.000000;102.000000;-0.000000;-1.920390;-1.937600;0.684132;0.468037;2.038611;0.173905;-0.090760;0.506064;0.759600;0.107843;0.107843;0.000000;400.035652;0.348518;9.884194;9.678450;2.359349;5.566527;10.161881;0.541794;0.961555;1.506163;3.070400;0.088235;0.088235;0.000000;10249.030328;0.178626;2.229894;2.127000;1.009646;1.019385;2.447817;0.188614;0.207610;-0.967689;1.652050;0.058824;0.058824;0.000000;559.176113;0.399278;-1.098102;1.629000;34.051540;1159.507398;34.069242;5.430703;-0.271433;-0.999169;58.408500;0.058824;0.058824;1.505882;59259.022569;0.961070;40.738035;48.192500;62.192805;3867.945047;74.347378;8.872475;-0.269983;-0.503732;70.855875;0.049020;0.049020;0.000000;366627.972363;1.781424;0.000000;0.000000;-0.243464;0.666324;-0.509122;-0.186185;0.000000;-0.382296;-0.297857;0.000000;0.000000;-0.397175;-0.032937;0.503304;0.343547;10.145824;5.482003;12.804584;5.652051;0.442261;0.000000;10.111425;1.005859;2.076914;108.419755;6694.237604
1.000000;1.000000;0.000000;0.000000;1.000000;0.000000;0.000000;0.000000;0.000000;0.000000;0.000000;0.000000;102.000000;-0.000000;-1.417700;-1.512500;0.643690;0.414336;1.556987;0.177369;0.834935;0.448324;0.877900;0.098039;0.098039;0.000000;226.138663;0.511743;9.669669;9.482350;2.321396;5.388879;9.944414;0.515494;1.282462;2.217383;2.561775;0.098039;0.098039;0.000000;9812.087464;0.170337;2.329342;2.450750;1.075147;1.155940;2.565497;0.187521;-0.206835;-1.043702;1.795950;0.078431;0.078431;0.000000;612.387887;0.448235;-2.344789;-2.717150;23.552440;554.717418;23.668871;3.540732;-0.262367;-0.785165;31.648500;0.058824;0.058824;1.505882;28851.766906;1.075493;14.309952;14.647500;58.271584;3395.577560;60.002936;8.923998;0.281424;-0.330976;83.257500;0.058824;0.058824;0.501961;194069.582757;1.779633;0.000000;0.000000;-0.155589;0.682755;-0.091241;-0.139391;0.000000;-0.095612;-0.293045;0.000000;0.000000;0.240910;0.293399;0.356036;0.463360;9.851495;5.263630;12.111294;5.453183;0.407489;0.000000;10.245474;1.005859;2.244061;102.315579;4167.149508
1.000000;1.000000;0.000000;0.000000;1.000000;0.000000;0.000000;0.000000;0.000000;0.000000;0.000000;0.000000;102.000000;-0.000000;-1.563421;-1.623600;0.664464;0.441512;1.698763;0.162682;0.747940;1.002669;0.796225;0.107843;0.107843;0.000000;271.834201;0.457067;9.355130;9.289000;1.823413;3.324836;9.531175;0.391640;0.411535;-0.110167;2.564300;0.078431;0.078431;0.000000;9096.451510;0.119132;2.425464;2.439200;1.071897;1.148964;2.651762;0.169369;-0.241626;-1.007962;1.931675;0.068627;0.068627;0.000000;658.658259;0.430006;-6.267702;-4.849500;22.817865;520.654952;23.663031;3.537202;-0.281289;-0.832787;32.304250;0.058824;0.058824;1.505882;30562.079606;1.176177;11.618456;2.292000;37.269594;1389.022618;39.038585;7.117543;0.232650;-0.350144;55.647750;0.049020;0.049020;1.003922;84643.578509;2.390398;0.000000;0.000000;-0.014644;0.594030;0.500436;0.176330;0.000000;-0.108478;-0.067896;0.000000;0.000000;0.254675;0.044432;0.537701;0.427969;9.566936;3.202833;11.942477;3.357865;0.445773;0.000000;9.545951;1.005859;2.215597;94.729097;2090.982012
1.000000;1.000000;0.000000;0.000000;1.000000;0.000000;0.000000;0.000000;0.000000;0.000000;0.000000;0.000000;102.000000;-0.000000;-1.877692;-1.879650;0.435114;0.189324;1.927447;0.152929;-0.233186;-0.256362;0.526800;0.156863;0.156863;0.000000;369.279738;0.188299;9.426097;9.194200;1.700280;2.890953;9.578218;0.417817;0.343661;0.225597;2.088150;0.098039;0.098039;0.000000;9210.272201;0.114016;2.643387;2.619100;0.828813;0.686931;2.770276;0.163552;0.115666;-1.124430;1.471175;0.058824;0.058824;0.000000;747.758464;0.248523;-9.021023;-8.090550;24.153250;583.379466;25.782908;3.865698;0.070407;-1.361492;45.836250;0.049020;0.049020;1.505882;38054.654177;1.259615;38.189729;41.008500;37.601234;1413.852806;53.593920;6.507614;0.037997;-1.083207;69.268483;0.058824;0.058824;0.000000;220873.828900;1.193083;0.000000;0.000000;-0.148745;0.655775;0.015193;-0.343663;0.000000;-0.366075;0.045753;0.000000;0.000000;-0.158993;-0.035441;0.604230;0.297233;9.678089;2.791904;12.303789;2.924096;0.186680;0.000000;9.700970;1.005859;2.703875;96.457311;3544.740969
1.000000;1.000000;0.000000;0.000000;1.000000;0.000000;0.000000;0.000000;0.000000;0.000000;0.000000;0.000000;102.000000;-0.000000;-1.855811;-1.817750;0.353659;0.125075;1.889208;0.130285;-0.145496;-0.019405;0.461125;0.137255;0.137255;0.000000;357.670290;0.127685;9.226323;8.922750;1.121415;1.257571;9.294224;0.292103;1.031159;0.767686;1.173350;0.088235;0.088235;0.000000;8746.891999;0.058625;2.581907;2.477350;0.807567;0.652165;2.705256;0.152656;0.307693;-1.125529;1.411925;0.098039;0.098039;0.000000;713.218192;0.251180;-12.586587;-15.260000;19.941445;397.661222;23.581420;2.843906;0.102307;-1.329259;38.978250;0.049020;0.049020;0.000000;36440.116364;1.199893;69.248020;67.145000;25.095698;629.794083;73.655158;5.858228;0.533677;-0.603447;37.184000;0.098039;0.098039;0.000000;521239.325716;0.344845;0.000000;0.000000;0.031481;0.832849;-0.546319;-0.537619;0.000000;-0.123096;-0.075148;0.000000;0.000000;0.020070;-0.035571;-0.035848;-0.145361;9.473802;1.198789;12.082133;1.270161;0.126174;0.000000;9.469266;1.005859;2.578859;90.951707;5988.484094
1.000000;1.000000;0.000000;0.000000;1.000000;0.000000;0.000000;0.000000;0.000000;0.000000;0.000000;0.000000;102.000000;-0.000000;-1.882980;-1.828950;0.414764;0.172029;1.928119;0.123253;-0.402213;0.014718;0.521825;0.107843;0.107843;0.000000;370.426878;0.168765;9.126476;8.942250;1.215057;1.476364;9.207005;0.229960;0.246769;0.536884;1.080425;0.039216;0.039216;0.000000;8571.137881;0.064340;2.384661;2.334100;0.945141;0.893292;2.565132;0.126740;0.076177;-1.088292;1.675500;0.049020;0.049020;0.000000;625.594247;0.351040;-7.406032;-4.799150;18.847522;355.229069;20.250392;2.484773;-0.413467;-1.123312;33.154750;0.049020;0.049020;1.003922;23713.759976;1.490115;40.446369;43.146000;44.911222;2017.017863;60.439446;6.181990;-0.128751;-0.621855;57.839750;0.029412;0.029412;0.000000;269730.631187;1.004751;0.000000;0.000000;-0.222594;0.689493;0.069355;-0.028347;0.000000;-0.330720;-0.058537;0.000000;0.000000;-0.428477;-0.196255;0.114749;-0.364736;9.382569;1.453979;12.009457;1.500654;0.164060;0.000000;9.579218;1.005859;2.467243;89.486580;4069.584883
1.000000;1.000000;0.000000;0.000000;1.000000;0.000000;0.000000;0.000000;0.000000;0.000000;0.000000;0.000000;102.000000;-0.000000;-1.851699;-1.814800;0.563079;0.317058;1.935419;0.161074;-0.580233;-0.146537;0.758525;0.117647;0.117647;0.000000;365.906626;0.264151;9.506720;9.013300;2.399233;5.756317;9.804797;0.445419;1.023687;0.414358;3.047275;0.068627;0.068627;0.000000;9512.123332;0.195569;2.746585;2.946500;0.942887;0.889036;2.903922;0.159832;-0.498448;0.077548;1.008275;0.068627;0.068627;0.000000;814.803669;0.296570;-3.273359;1.319850;17.971470;322.973746;18.267146;2.450966;-0.815402;-0.330064;24.326725;0.039216;0.039216;1.003922;17564.670247;1.159125;1.314675;6.202500;28.138489;791.774543;28.169184;6.573792;-0.247667;-0.857644;42.643000;0.078431;0.078431;1.003922;40560.860918;2.122763;0.000000;0.000000;-0.480011;0.398346;0.106598;0.179326;0.000000;-0.317277;0.087675;0.000000;0.000000;-0.377482;-0.555836;0.238506;0.104205;9.753196;5.755047;12.358419;5.890308;0.243199;0.000000;9.723483;1.005859;2.614315;100.879883;1135.624304
1.000000;1.000000;0.000000;0.000000;1.000000;0.000000;0.000000;0.000000;0.000000;0.000000;0.000000;0.000000;102.000000;-0.000000;-1.897457;-1.959500;0.765940;0.586664;2.046218;0.203949;0.784310;0.689394;1.082900;0.147059;0.147059;0.000000;397.162703;0.431761;9.521041;8.077650;2.762956;7.633928;9.913836;0.593850;0.980929;-0.444340;3.811925;0.058824;0.058824;0.000000;9635.653343;0.228523;3.049701;3.015250;0.554712;0.307706;3.099739;0.169390;0.945479;2.543867;0.528025;0.147059;0.147059;0.000000;964.361971;0.118627;-1.443010;-0.196930;14.278160;203.865867;14.350893;2.500754;-0.022390;-0.788187;21.067575;0.078431;0.078431;1.003922;10609.554446;1.559609;-14.839649;-13.133000;33.087857;1094.806313;36.263225;7.154750;-0.525777;-0.323284;46.967750;0.107843;0.107843;1.003922;78304.491461;1.950294;0.000000;0.000000;-0.176735;0.074921;-0.126108;0.025191;0.000000;-0.182953;-0.037636;0.000000;0.000000;0.266336;-0.459128;0.355255;0.246672;9.801238;7.406892;12.438049;7.729502;0.572482;0.000000;9.943355;1.005859;3.160597;103.471161;1530.578013
1.000000;1.000000;0.000000;0.000000;1.000000;0.000000;0.000000;0.000000;0.000000;0.000000;0.000000;0.000000;102.000000;-0.000000;-1.980061;-2.055250;0.779062;0.606938;2.127811;0.174550;0.797355;0.987622;1.046175;0.098039;0.098039;0.000000;430.871273;0.398567;9.407888;8.637000;2.376714;5.648768;9.703460;0.533036;1.074006;0.136623;2.962975;0.078431;0.078431;0.000000;9315.942072;0.194389;2.776838;2.885250;0.661991;0.438232;2.854656;0.134702;0.296044;-0.308697;0.980000;0.039216;0.039216;0.000000;808.855628;0.169441;4.589530;8.139950;13.381836;179.073528;14.146990;1.963168;-0.301049;-1.089809;21.940975;0.029412;0.029412;0.501961;11281.910575;1.900216;-27.143999;-20.528500;29.076127;845.421170;39.777102;6.230050;-0.279554;-0.515503;45.295150;0.068627;0.068627;0.000000;118273.685028;1.416900;0.000000;0.000000;0.022068;0.310715;-0.124260;0.209567;0.000000;-0.064149;-0.396050;0.000000;0.000000;0.551685;-0.272958;0.317100;0.081971;9.711820;5.365253;12.407500;5.705031;0.612613;0.000000;9.445828;1.005859;2.879719;99.684708;1790.504250
1.000000;1.000000;0.000000;0.000000;1.000000;0.000000;0.000000;0.000000;0.000000;0.000000;0.000000;0.000000;102.000000;-0.000000;-1.525197;-1.296200;1.148199;1.318361;1.909080;0.229254;-0.370679;-1.099758;1.975418;0.058824;0.058824;0.000000;304.514366;0.892570;9.504372;9.380400;1.938067;3.756104;9.699958;0.398371;0.387514;-0.550532;2.608825;0.068627;0.068627;0.000000;9405.556503;0.136371;2.363969;2.448050;0.937748;0.879371;2.543171;0.188948;0.167492;-0.737539;1.537550;0.049020;0.049020;0.000000;614.871248;0.391672;0.392273;1.605050;30.473385;928.627195;30.475910;4.072176;0.403798;0.690657;27.122250;0.068627;0.068627;1.003922;47381.548501;1.754667;32.254291;13.103000;63.049208;3975.202682;70.820491;8.064500;0.878151;0.209136;59.498325;0.049020;0.049020;0.501961;308850.202432;1.458097;0.000000;0.000000;0.290410;0.724185;-0.391054;-0.025026;0.000000;-0.163322;0.289439;0.000000;0.000000;0.164583;0.061058;0.300949;0.254646;9.763190;3.413893;12.050783;3.955608;1.169100;0.000000;9.431076;1.005859;2.194677;98.733771;5950.790776
1.000000;1.000000;0.000000;0.000000;1.000000;0.000000;0.000000;0.000000;0.000000;0.000000;0.000000;0.000000;102.000000;-0.000000;-0.923788;-0.581775;1.123591;1.262457;1.454593;0.217329;-0.997249;0.192737;1.170250;0.068627;0.068627;0.000000;151.436791;1.397618;9.868725;9.707250;1.732868;3.002830;10.019708;0.438976;0.506649;-0.489577;2.524800;0.098039;0.098039;0.000000;10087.100327;0.106085;2.596806;2.602750;0.841424;0.707994;2.729724;0.162705;0.163702;-0.593381;1.244175;0.088235;0.088235;0.000000;723.939031;0.259504;-3.930376;-5.132850;32.742190;1072.050991;32.977247;3.918951;0.607452;0.230053;39.717000;0.049020;0.049020;1.505882;56251.491887;1.478886;1.317778;-8.841600;43.881735;1925.606667;43.901517;7.299934;0.918190;0.479921;46.562750;0.049020;0.049020;1.003922;98383.174858;1.759579;0.000000;0.000000;0.484826;0.718324;-0.129038;0.271166;0.000000;-0.171742;0.019417;0.000000;0.000000;0.324569;0.093020;0.737590;0.428791;10.039341;2.722036;11.905972;3.450335;0.857183;0.000000;10.084517;1.005859;2.579809;103.510395;3022.293447
1.000000;1.000000;0.000000;0.000000;1.000000;0.000000;0.000000;0.000000;0.000000;0.000000;0.000000;0.000000;102.000000;-0.000000;-0.971134;-0.659435;1.433937;2.056176;1.731842;0.191380;-0.651200;-0.695674;1.883182;0.049020;0.049020;0.000000;201.061503;1.320838;9.451438;8.910800;1.747124;3.052441;9.611562;0.378516;0.965278;0.399758;2.031250;0.068627;0.068627;0.000000;9267.315563;0.116234;2.178667;2.254450;1.146609;1.314711;2.461971;0.137902;-0.627494;-0.143454;1.241750;0.049020;0.049020;0.000000;551.219378;0.592612;-5.819631;-6.208300;22.586896;510.167891;23.324579;2.809566;0.412960;-0.686524;28.491225;0.068627;0.068627;1.003922;29479.742909;1.892602;44.458768;-0.988710;81.288605;6607.837307;92.652142;6.273045;0.897050;-0.614886;116.904750;0.019608;0.019608;0.501961;538619.998091;1.187974;0.000000;0.000000;0.248765;0.626882;-0.704524;-0.185928;0.000000;-0.572809;-0.004667;0.000000;0.000000;-0.296183;0.393398;0.512894;0.280829;9.671661;2.840379;11.723970;3.385334;1.773863;0.000000;9.558100;1.005859;2.505247;96.381403;9134.516666
1.000000;1.000000;0.000000;0.000000;1.000000;0.000000;0.000000;0.000000;0.000000;0.000000;0.000000;0.000000;102.000000;-0.000000;-1.763689;-2.040450;1.335375;1.783227;2.212199;0.174940;0.580801;-0.462448;1.614225;0.049020;0.049020;0.000000;408.227533;0.803598;9.233779;9.070100;1.841344;3.390549;9.415585;0.305932;0.546615;-0.008166;2.291275;0.058824;0.058824;0.000000;8869.711601;0.122117;1.632278;1.704000;1.160708;1.347244;2.002892;0.139507;-0.095501;-0.619215;1.484603;0.049020;0.049020;0.000000;340.471215;0.699999;-0.564435;-5.472350;24.825416;616.301270;24.831832;3.196206;0.133444;-1.400556;46.958750;0.039216;0.039216;1.003922;31464.375593;0.663059;87.057770;63.075500;78.513154;6164.315392;117.232123;6.548882;0.157129;-1.496559;164.813275;0.019608;0.019608;0.000000;1087448.433196;0.854915;0.000000;0.000000;-0.024813;0.529272;-0.698886;-0.088079;0.000000;-0.734352;0.160795;0.000000;0.000000;-0.557609;0.557267;0.430539;0.351485;9.556230;3.225521;12.206620;3.426455;1.798548;0.000000;9.468369;1.005859;1.754480;94.547057;14364.002152
1.000000;1.000000;0.000000;0.000000;1.000000;0.000000;0.000000;0.000000;0.000000;0.000000;0.000000;0.000000;102.000000;-0.000000;-1.775705;-1.695550;0.984492;0.969225;2.030358;0.163650;-0.415021;-0.804394;1.561927;0.039216;0.039216;0.000000;371.049515;0.597251;9.478370;9.284550;2.406056;5.789106;9.778987;0.463755;0.653751;-0.070150;3.250075;0.088235;0.088235;0.000000;9458.920875;0.202650;1.813426;1.676400;1.035002;1.071230;2.088000;0.169651;0.224776;0.067695;1.250400;0.068627;0.068627;0.000000;390.089973;0.706339;-3.346041;-3.489550;25.734244;662.251317;25.950863;3.381580;0.029748;-0.975694;40.308750;0.068627;0.068627;1.003922;34924.255077;1.812855;45.059597;34.695000;75.450351;5692.755489;87.881299;7.559696;0.449182;-1.126425;133.997250;0.029412;0.029412;0.000000;497450.829342;1.685675;0.000000;0.000000;-0.016283;0.040247;-0.629618;0.383002;0.000000;-0.435725;-0.053362;0.000000;0.000000;0.414296;-0.602970;0.644710;0.294147;9.751839;5.652594;12.254074;5.846735;0.978510;0.000000;9.822722;1.005859;1.570305;100.750949;8400.929784
1.000000;1.000000;0.000000;0.000000;1.000000;0.000000;0.000000;0.000000;0.000000;0.000000;0.000000;0.000000;102.000000;-0.000000;-1.272871;-1.054200;0.999701;0.999403;1.618519;0.181070;-1.232512;1.077817;0.726433;0.058824;0.058824;0.000000;216.233410;0.906824;9.940086;9.020850;3.011991;9.072092;10.386405;0.670082;0.687057;-0.825477;5.333225;0.078431;0.078431;0.000000;10540.819985;0.243183;2.182825;2.072300;1.148369;1.318751;2.466470;0.205261;0.119331;-1.139059;2.066675;0.058824;0.058824;0.000000;553.259419;0.458699;-1.416138;-1.086445;24.216184;586.423560;24.257556;3.331677;0.046373;-0.342918;26.326250;0.078431;0.078431;1.505882;30112.223294;1.299255;-1.926027;-15.356000;50.068772;2506.881928;50.105803;8.665965;0.629456;-0.522749;70.876750;0.039216;0.039216;1.003922;128233.497412;1.562119;0.000000;0.000000;0.148028;0.267072;-0.668319;0.009067;0.000000;-0.149540;-0.217218;0.000000;0.000000;0.480295;-0.639802;0.733699;0.400990;10.133567;8.807824;12.236089;9.186693;0.984519;0.000000;10.110697;1.005859;2.099061;111.497010;3105.103991
1.000000;1.000000;0.000000;0.000000;1.000000;0.000000;0.000000;0.000000;0.000000;0.000000;0.000000;0.000000;102.000000;-0.000000;-1.577646;-1.552850;0.833839;0.695288;1.784448;0.161901;0.110227;-0.239355;1.077800;0.068627;0.068627;0.000000;289.339837;0.540088;9.827486;9.020850;2.739424;7.504446;10.202153;0.606940;0.901354;-0.386979;3.345250;0.068627;0.068627;0.000000;10233.924320;0.232564;2.134380;2.077100;1.119772;1.253890;2.410284;0.165896;-0.157500;-1.097907;1.909700;0.049020;0.049020;0.000000;528.622991;0.547146;6.961830;9.627150;14.914144;222.431701;16.459003;2.444822;0.316359;1.214628;13.309620;0.078431;0.078431;0.000000;16290.149826;1.897484;-22.633566;-33.416500;47.436994;2250.268429;52.559935;6.925778;0.524531;-0.086941;63.205900;0.049020;0.049020;0.000000;167041.215873;1.949673;0.000000;0.000000;0.239482;0.338828;-0.277862;-0.071214;0.000000;-0.145860;-0.078735;0.000000;0.000000;0.377272;-0.003644;0.477819;0.435091;10.056753;7.129911;12.428265;7.622848;0.658072;0.000000;10.140216;1.005859;2.283669;108.268187;3039.254970
1.000000;1.000000;0.000000;0.000000;1.000000;0.000000;0.000000;0.000000;0.000000;0.000000;0.000000;0.000000;102.000000;-0.000000;-1.476020;-1.297900;0.840919;0.707144;1.698759;0.109833;-0.414552;-0.905451;1.345855;0.029412;0.029412;0.000000;258.286760;0.605621;9.675902;9.621400;1.681097;2.826088;9.820854;0.374367;0.883075;1.546496;1.621600;0.127451;0.127451;0.000000;9693.699322;0.108689;1.619241;1.557900;0.869073;0.755288;1.837724;0.107471;0.560568;-0.508301;1.079197;0.039216;0.039216;0.000000;305.957823;0.514051;1.937172;5.542550;11.975159;143.404432;12.130831;1.727657;-0.634631;-0.554003;18.863100;0.049020;0.049020;0.501961;7699.364131;1.607964;-79.698355;-88.407500;40.981732;1679.502328;89.617689;4.922920;0.216321;-1.212047;69.287250;0.009804;0.009804;0.000000;733551.149627;0.487432;0.000000;0.000000;0.081592;0.374929;0.558610;0.458973;0.000000;-0.327253;-0.026447;0.000000;0.000000;-0.197748;-0.790390;-0.017537;-0.014935;9.884741;2.626852;12.151922;2.860392;0.707823;0.000000;9.726789;1.005859;1.899161;100.334948;8181.864401
1.000000;1.000000;0.000000;0.000000;1.000000;0.000000;0.000000;0.000000;0.000000;0.000000;0.000000;0.000000;102.000000;-0.000000;-1.615089;-0.916065;1.598974;2.556719;2.272715;0.179842;-0.964473;-0.520326;2.439027;0.019608;0.019608;0.000000;396.468603;1.039623;9.861850;9.748350;1.130312;1.277606;9.926414;0.370557;0.268563;-0.154206;1.377075;0.107843;0.107843;0.000000;9985.286368;0.054640;1.779470;1.689300;0.798310;0.637299;1.950337;0.145575;0.468583;-0.324544;1.246150;0.088235;0.088235;0.000000;355.491295;0.485358;2.958854;-0.866983;17.745522;314.903535;17.990507;2.555671;0.731839;0.099308;21.689325;0.039216;0.039216;1.003922;16953.078550;1.432837;-60.186719;-85.038000;64.925030;4215.259497;88.530789;7.669307;0.792148;-0.142779;102.564075;0.029412;0.029412;0.000000;584539.335741;1.297382;0.000000;0.000000;0.241457;0.581760;0.585034;0.252093;0.000000;0.344267;0.050815;0.000000;0.000000;-0.051049;-0.439620;0.102305;0.031237;10.179453;1.077665;12.499293;2.718067;1.154222;0.000000;9.996350;1.005859;1.478001;104.698923;8165.162823
1.000000;1.000000;0.000000;0.000000;1.000000;0.000000;0.000000;0.000000;0.000000;0.000000;0.000000;0.000000;102.000000;-0.000000;-1.496180;-0.754670;1.707808;2.916609;2.270499;0.224097;-0.853840;-0.718349;2.724210;0.029412;0.029412;0.000000;377.083278;1.199929;9.777159;9.463250;1.606283;2.580145;9.908228;0.447336;0.633535;-0.099377;2.229925;0.088235;0.088235;0.000000;9882.076908;0.096816;2.169267;2.086900;0.848773;0.720415;2.329406;0.184095;0.407790;-0.834147;1.350300;0.058824;0.058824;0.000000;516.727347;0.321240;-1.611414;0.360260;23.704880;561.921343;23.759588;3.036933;-0.302367;0.177001;22.100750;0.049020;0.049020;1.505882;28927.094915;1.530691;-1.014938;-8.749550;58.132247;3379.358171;58.141107;8.172604;0.779675;-0.242222;69.189000;0.078431;0.078431;0.501961;172457.151193;1.556127;0.000000;0.000000;0.290686;0.619512;-0.260120;0.031718;0.000000;0.155903;-0.209096;0.000000;0.000000;0.258204;0.060422;0.521355;0.106288;10.099220;2.333894;12.347985;3.598628;1.952550;0.000000;9.948859;1.005859;2.264622;104.328143;3950.332402
1.000000;1.000000;0.000000;0.000000;1.000000;0.000000;0.000000;0.000000;0.000000;0.000000;0.000000;0.000000;102.000000;-0.000000;-1.156228;-0.734980;1.233693;1.521999;1.690817;0.175962;-1.136692;0.238978;1.124575;0.039216;0.039216;0.000000;213.982235;1.176751;9.458171;9.019250;1.946338;3.788233;9.656357;0.395353;0.777501;-0.021821;2.663625;0.068627;0.068627;0.000000;9317.813815;0.132577;2.296062;2.137550;0.987420;0.974998;2.499380;0.167032;0.471889;-0.889681;1.634400;0.058824;0.058824;0.000000;587.462990;0.414596;0.506629;-3.591500;29.613816;876.978079;29.618149;3.290002;0.455122;-0.025235;23.387150;0.049020;0.049020;1.003922;44752.294934;1.057532;7.928533;-11.586000;57.408632;3295.750976;57.953538;6.538576;0.612323;-0.780374;89.647500;0.029412;0.029412;0.501961;174535.221956;1.972174;0.000000;0.000000;0.346251;0.671037;-0.260366;0.080689;0.000000;-0.470872;-0.253137;0.000000;0.000000;0.045038;0.190449;0.701561;0.283492;9.676404;3.471288;11.667558;4.100739;1.262071;0.000000;9.649075;1.005859;2.133290;97.104087;4242.094262
1.000000;1.000000;0.000000;0.000000;1.000000;0.000000;0.000000;0.000000;0.000000;0.000000;0.000000;0.000000;102.000000;-0.000000;-1.075146;-0.735675;1.359454;1.848115;1.733220;0.148108;-0.832058;-0.368360;1.945878;0.039216;0.039216;0.000000;212.159729;1.138521;9.342059;9.114550;1.793992;3.218406;9.512753;0.346391;1.033613;0.731564;1.754400;0.068627;0.068627;0.000000;9066.106686;0.125789;2.562903;2.461850;0.832960;0.693823;2.694864;0.141780;0.277646;-0.854323;1.372000;0.039216;0.039216;0.000000;705.369099;0.280945;-0.040549;-6.723950;28.294689;800.589437;28.294718;3.313301;0.872189;-0.023142;27.349000;0.039216;0.039216;1.003922;40830.311697;1.250729;18.006268;4.867900;48.878688;2389.126158;52.089844;6.589250;0.565006;-0.418118;74.015000;0.049020;0.049020;1.505882;154960.816923;2.033064;0.000000;0.000000;0.202022;0.569406;-0.449901;-0.277717;0.000000;-0.518204;-0.024827;0.000000;0.000000;0.273353;-0.026217;0.746477;0.477803;9.565366;3.000305;11.592496;3.410605;1.706080;0.000000;9.483513;1.005859;2.654777;94.496523;3521.205234
1.000000;1.000000;0.000000;0.000000;1.000000;0.000000;0.000000;0.000000;0.000000;0.000000;0.000000;0.000000;102.000000;-0.000000;-1.050945;-1.074150;1.096726;1.202808;1.518978;0.132024;-0.014790;-1.444581;2.144503;0.029412;0.029412;0.000000;174.002675;1.133937;9.681665;9.397300;1.246792;1.554491;9.761615;0.311653;1.686903;2.941240;0.906175;0.107843;0.107843;0.000000;9640.217342;0.067007;2.162153;2.427850;1.077406;1.160803;2.415721;0.145869;-0.867936;0.105552;1.361625;0.039216;0.039216;0.000000;536.041237;0.456419;-6.229526;-5.242400;23.257364;540.904973;24.077208;2.741457;-0.337291;-1.073184;43.917250;0.058824;0.058824;0.501961;31545.452353;1.341442;80.995213;68.178500;81.660867;6668.497177;115.016180;8.732455;0.525934;-0.561746;116.157250;0.039216;0.039216;0.000000;1009254.207634;1.053553;0.000000;0.000000;-0.089523;0.572063;-0.735321;-0.135842;0.000000;0.089586;0.212505;0.000000;0.000000;0.696779;-0.857769;-0.046961;0.093509;9.849063;1.592377;11.907833;1.608676;1.175923;0.000000;9.792511;1.005859;2.304712;98.596416;13814.269337
1.000000;1.000000;0.000000;0.000000;1.000000;0.000000;0.000000;0.000000;0.000000;0.000000;0.000000;0.000000;102.000000;-0.000000;-1.593216;-1.728500;0.804493;0.647208;1.784810;0.147885;0.138148;-1.194254;1.523452;0.058824;0.058824;0.000000;291.918670;0.509280;9.785635;9.672300;1.384719;1.917446;9.883122;0.357222;0.060337;0.068227;1.634525;0.098039;0.098039;0.000000;9865.173114;0.076317;1.980224;2.301350;1.038810;1.079126;2.236161;0.144992;-0.635120;-0.062607;1.413275;0.049020;0.049020;0.000000;455.008780;0.541344;0.768718;7.568000;26.803972;718.452927;26.814993;3.370817;-0.525130;-0.906477;41.059500;0.068627;0.068627;1.003922;36702.833184;1.030458;78.091453;46.939500;77.939180;6074.515703;110.330371;7.566495;0.893112;-0.324507;103.228500;0.029412;0.029412;0.000000;931851.000440;1.124953;0.000000;0.000000;-0.430874;0.533105;-0.449218;-0.179608;0.000000;0.129836;0.232124;0.000000;0.000000;0.205546;-0.551742;0.094635;-0.312482;9.993091;1.999783;12.379650;2.099001;0.491046;0.000000;10.079079;1.005859;1.781943;101.861649;12896.834928
1.000000;1.000000;0.000000;0.000000;1.000000;0.000000;0.000000;0.000000;0.000000;0.000000;0.000000;0.000000;102.000000;-0.000000;-1.083417;-0.938970;0.752199;0.565803;1.318937;0.166076;-0.559738;-0.308179;0.941605;0.088235;0.088235;0.000000;148.620938;0.780537;9.930439;9.680000;2.336059;5.457174;10.201510;0.548879;0.577582;-0.447482;3.598950;0.068627;0.068627;0.000000;10336.912851;0.165998;2.505267;2.518200;0.701014;0.491421;2.601496;0.116664;-0.296018;-0.642664;0.864650;0.068627;0.068627;0.000000;665.254712;0.223778;-0.107975;-0.735460;26.121615;682.338782;26.121838;3.705416;-0.088021;-1.125119;43.195250;0.068627;0.068627;1.003922;34801.455933;0.815937;3.640257;5.837450;33.845590;1145.523988;34.040791;5.150075;-0.439225;-0.423529;49.433250;0.058824;0.058824;1.003922;59775.284321;1.523350;0.000000;0.000000;-0.068449;0.264892;-0.054575;0.368560;0.000000;-0.374939;0.276162;0.000000;0.000000;-0.138626;-0.589536;0.307130;-0.135014;10.069694;5.411649;12.028970;5.514190;0.568420;0.000000;9.947130;1.005859;2.393238;106.810391;1847.893680
1.000000;1.000000;0.000000;0.000000;1.000000;0.000000;0.000000;0.000000;0.000000;0.000000;0.000000;0.000000;102.000000;-0.000000;-0.536118;-0.721400;0.585330;0.342612;0.793747;0.196224;0.742480;-0.034791;0.806968;0.098039;0.098039;0.000000;46.802279;1.406428;9.848018;8.687750;2.503707;6.268550;10.161299;0.600476;0.827284;-0.658627;3.712075;0.049020;0.049020;0.000000;10212.020083;0.200200;2.535898;2.587700;0.727237;0.528873;2.638115;0.117570;-0.764791;0.038864;0.880650;0.068627;0.068627;0.000000;682.912315;0.227346;-3.153368;-1.609750;24.114944;581.530528;24.320244;3.349370;-0.066393;-1.114621;39.362250;0.049020;0.049020;1.003922;30674.121626;1.652890;-9.304329;-14.475000;37.817101;1430.133162;38.944880;7.489549;0.371363;-0.267935;43.774500;0.049020;0.049020;0.501961;81771.838664;1.898299;0.000000;0.000000;0.197966;0.248162;-0.591463;0.101776;0.000000;-0.598058;-0.058852;0.000000;0.000000;-0.222371;-0.004679;0.362782;-0.018228;9.936354;6.150901;11.536393;6.344924;0.331694;0.000000;9.907892;1.005859;2.629248;104.882035;2115.137614
1.000000;1.000000;0.000000;0.000000;1.000000;0.000000;0.000000;0.000000;0.000000;0.000000;0.000000;0.000000;102.000000;-0.000000;-0.646875;-0.773825;0.596109;0.355346;0.879655;0.145607;0.950965;0.458795;0.793813;0.078431;0.078431;0.000000;60.804377;1.041354;9.500121;8.475350;2.203825;4.856846;9.752391;0.448518;1.098563;-0.257089;2.566150;0.049020;0.049020;0.000000;9453.443796;0.165779;2.226809;2.260500;0.997332;0.994672;2.439949;0.130652;-0.892656;0.561581;1.216225;0.078431;0.078431;0.000000;556.529809;0.463932;-0.848082;-0.758830;21.607163;466.869484;21.623800;2.940643;-0.247967;-0.826123;33.558500;0.058824;0.058824;1.003922;23883.730798;0.899756;-26.510633;-28.411000;46.442515;2156.907224;53.476358;7.522444;-0.170573;0.300525;51.469475;0.068627;0.068627;0.000000;181703.363177;1.761098;0.000000;0.000000;0.303069;0.368582;0.062694;-0.113591;0.000000;-0.344030;0.075716;0.000000;0.000000;0.126985;0.399106;0.158881;-0.112641;9.599182;4.738644;11.284140;4.940223;0.323574;0.000000;9.341061;1.005859;2.274998;96.882930;3333.262964
1.000000;1.000000;0.000000;0.000000;1.000000;0.000000;0.000000;0.000000;0.000000;0.000000;0.000000;0.000000;102.000000;-0.000000;-0.592743;-0.734850;0.735732;0.541302;0.944800;0.109601;0.777423;-0.128441;0.950798;0.049020;0.049020;0.000000;63.451187;1.536642;9.719369;9.627000;1.733606;3.005390;9.872766;0.334018;0.968981;0.766367;2.187800;0.137255;0.137255;0.000000;9788.820178;0.112817;1.531244;1.412650;1.152494;1.328243;1.916494;0.121359;0.014627;-0.827353;1.555490;0.019608;0.019608;0.000000;306.900476;0.707819;0.469362;-2.819050;14.223448;202.306463;14.231190;2.233853;0.821564;0.077083;15.691675;0.058824;0.058824;1.003922;10340.339941;1.817704;-81.925725;-97.675000;51.105895;2611.812553;96.558982;5.930010;0.430722;-0.832868;80.608000;0.019608;0.019608;0.000000;817810.994273;0.610488;0.000000;0.000000;0.153597;0.624195;0.760249;0.339959;0.000000;-0.237265;0.221000;0.000000;0.000000;0.085251;-0.014014;-0.237788;-0.301042;9.820843;2.915214;11.547934;3.050778;0.531029;0.000000;9.588213;1.005859;1.917179;99.364163;9529.836716
1.000000;1.000000;0.000000;0.000000;1.000000;0.000000;0.000000;0.000000;0.000000;0.000000;0.000000;0.000000;102.000000;-0.000000;-0.833992;-0.697380;1.575197;2.481247;1.782355;0.130148;-0.377025;-0.887935;2.029040;0.029412;0.029412;0.501961;197.494634;1.128317;9.666340;9.619600;1.266591;1.604253;9.748968;0.300497;0.805944;1.075323;0.950950;0.156863;0.156863;0.000000;9612.508114;0.067551;1.519430;1.522950;0.902832;0.815105;1.767419;0.108647;-0.214678;-0.338336;1.019250;0.049020;0.049020;0.000000;277.073650;0.689425;-5.282475;-5.195200;16.685098;278.392485;17.501344;2.533245;0.106798;0.714632;13.324105;0.088235;0.088235;1.505882;17048.695744;1.860188;-67.599648;-59.303000;55.728938;3105.714503;87.609514;5.150986;-0.009299;-1.258868;95.173750;0.009804;0.009804;0.000000;624512.555111;0.752972;0.000000;0.000000;0.569324;0.163209;0.706720;-0.195770;0.000000;-0.083482;-0.214097;0.000000;0.000000;0.082805;-0.346055;-0.004837;0.142058;9.897979;1.249178;12.069351;3.292608;0.833342;0.000000;10.080340;1.005859;1.146650;99.219175;7984.847715
1.000000;1.000000;0.000000;0.000000;1.000000;0.000000;0.000000;0.000000;0.000000;0.000000;0.000000;0.000000;102.000000;-0.000000;-0.841622;-0.459780;1.587346;2.519669;1.796662;0.159555;-0.440203;-0.944775;2.590745;0.039216;0.039216;0.501961;200.759542;1.328547;9.617450;9.241750;1.673213;2.799641;9.761915;0.376246;0.763664;-0.446667;2.362450;0.098039;0.098039;0.000000;9577.306936;0.107745;2.760158;2.629000;0.897182;0.804935;2.902310;0.129319;0.394294;-0.985290;1.390850;0.049020;0.049020;0.000000;818.138008;0.278809;2.499767;1.655700;24.297921;590.388961;24.426170;2.955071;0.458652;-0.008199;23.900475;0.058824;0.058824;1.003922;30747.233711;1.293289;2.468932;-13.688500;42.474962;1804.122367;42.546657;6.416844;0.841778;-0.204801;55.630750;0.058824;0.058824;1.003922;92634.447340;1.688884;0.000000;0.000000;0.497030;0.688055;-0.109294;-0.196433;0.000000;0.067166;-0.212277;0.000000;0.000000;0.525672;0.053443;0.674439;0.471319;9.851050;2.479798;11.992076;4.026629;1.345347;0.000000;9.750230;1.005859;2.509652;99.522981;2415.279197
1.000000;1.000000;0.000000;0.000000;1.000000;0.000000;0.000000;0.000000;0.000000;0.000000;0.000000;0.000000;102.000000;-0.000000;-0.837864;-0.527340;1.036726;1.074800;1.332973;0.141768;-0.271522;-0.832185;1.501345;0.049020;0.049020;0.000000;126.435560;1.419775;9.773570;9.214600;1.831900;3.355859;9.943768;0.387546;0.989664;0.403935;2.022925;0.068627;0.068627;0.000000;9914.460922;0.118007;2.942160;2.877400;0.908298;0.825006;3.079174;0.144966;0.059849;-1.331706;1.686775;0.049020;0.049020;0.000000;925.021831;0.265146;6.922617;6.480000;26.735439;714.783712;27.617138;3.110929;0.224788;-0.957792;46.224250;0.068627;0.068627;0.501961;41347.799193;1.877333;18.369145;-5.033800;54.754283;2998.031492;57.753415;6.839651;0.833246;-0.290056;79.712750;0.049020;0.049020;0.501961;187364.459921;2.152148;0.000000;0.000000;0.277825;0.741517;-0.189696;-0.086484;0.000000;-0.180426;0.147032;0.000000;0.000000;0.313220;0.347442;0.629399;0.484477;9.922515;3.199042;11.811240;3.506372;0.968155;0.000000;9.816666;1.005859;3.082143;101.655338;4107.644627
1.000000;1.000000;0.000000;0.000000;1.000000;0.000000;0.000000;0.000000;0.000000;0.000000;0.000000;0.000000;102.000000;-0.000000;-1.113368;-0.820885;0.722866;0.522536;1.327450;0.094926;-0.684778;-0.819620;1.124055;0.029412;0.029412;0.000000;153.091086;0.712615;9.503978;9.121050;1.639048;2.686480;9.644277;0.300229;1.351508;2.241831;1.599500;0.068627;0.068627;0.000000;9350.223779;0.101264;2.413966;2.254150;0.640893;0.410744;2.497594;0.106288;0.935384;0.069640;0.751225;0.058824;0.058824;0.000000;615.325564;0.198762;3.185500;1.213160;27.983603;783.082031;28.164329;3.237354;0.051568;-1.474413;54.126500;0.039216;0.039216;1.003922;40972.219738;0.454269;59.196325;91.948000;66.386981;4407.231248;88.946255;5.597834;-0.234480;-1.482982;125.115250;0.019608;0.019608;0.000000;582197.705002;0.988309;0.000000;0.000000;0.084246;0.676160;-0.189914;0.035186;0.000000;-0.349359;0.165342;0.000000;0.000000;-0.286667;0.690425;0.571202;0.390505;9.654491;2.565010;11.617347;2.717719;0.523069;0.000000;9.444648;1.005859;2.425517;95.774210;8710.903617
1.000000;1.000000;0.000000;0.000000;1.000000;0.000000;0.000000;0.000000;0.000000;0.000000;0.000000;0.000000;102.000000;-0.000000;-0.850610;-0.770145;0.469389;0.220326;0.971526;0.127140;-0.164219;-0.514282;0.678780;0.098039;0.098039;0.000000;85.037615;0.667142;9.433168;9.339050;1.097301;1.204069;9.496774;0.217442;0.052928;-0.720832;1.512900;0.058824;0.058824;0.000000;9137.842633;0.052311;2.322493;2.252950;0.809573;0.655409;2.459550;0.121509;0.832466;1.517167;0.774725;0.088235;0.088235;0.000000;583.622527;0.337285;1.154211;3.651600;26.526612;703.661138;26.551711;2.905035;0.009937;-1.379907;49.945000;0.029412;0.029412;1.003922;36023.124920;0.842160;83.510359;100.714500;57.207840;3272.736989;101.226069;9.029356;-0.887976;0.212251;52.858500;0.049020;0.049020;0.000000;878306.422256;0.896920;0.000000;0.000000;-0.615813;0.161690;-0.758427;0.041611;0.000000;-0.447151;0.041126;0.000000;0.000000;0.113341;-0.164409;-0.191806;0.433964;9.533775;1.239719;11.294569;1.310314;0.128184;0.000000;9.326263;1.005859;2.237715;92.132584;10957.759776
1.000000;1.000000;0.000000;0.000000;1.000000;0.000000;0.000000;0.000000;0.000000;0.000000;0.000000;0.000000;102.000000;-0.000000;-0.692988;-0.625735;0.507164;0.257215;0.858747;0.151400;-0.263887;-0.780381;0.749865;0.098039;0.098039;0.000000;62.112661;0.993045;9.471357;9.121600;1.796642;3.227923;9.640255;0.355048;1.196186;2.041492;1.722700;0.078431;0.078431;0.000000;9314.698767;0.122076;2.448058;2.494000;0.982295;0.964904;2.637782;0.166663;0.417372;-0.355596;1.472025;0.068627;0.068627;0.000000;660.496029;0.384114;-5.619263;-1.455265;24.599927;605.156421;25.233560;2.543200;0.086472;-1.387035;42.948750;0.029412;0.029412;1.003922;34086.484787;1.076155;30.470814;11.837750;62.208766;3869.930580;69.270492;9.494733;0.647643;-0.490329;89.859500;0.039216;0.039216;0.501961;292071.904418;1.671222;0.000000;0.000000;-0.035311;-0.087959;-0.702161;0.224553;0.000000;-0.606781;0.158698;0.000000;0.000000;0.311977;-0.534517;-0.255347;-0.204818;9.564074;3.200457;11.187603;3.260234;0.259410;0.000000;9.592067;1.005859;2.484387;94.671970;5442.091505
1.000000;1.000000;0.000000;0.000000;1.000000;0.000000;0.000000;0.000000;0.000000;0.000000;0.000000;0.000000;102.000000;-0.000000;-0.567420;-0.623700;0.686090;0.470720;0.890329;0.166450;1.237137;1.792152;0.899570;0.078431;0.078431;0.000000;56.857063;1.504688;9.492085;8.963850;2.582913;6.671442;9.837232;0.578351;0.791283;-0.278130;3.171725;0.068627;0.068627;0.000000;9530.449392;0.232562;2.756464;2.591300;0.902514;0.814531;2.900452;0.170561;0.394266;-0.698639;1.280450;0.098039;0.098039;0.000000;816.549140;0.267758;-5.118724;4.100400;30.582806;935.308020;31.008214;3.524333;-0.284212;-1.036389;55.553250;0.039216;0.039216;1.003922;50373.493013;1.151367;-11.890874;-11.945000;38.537298;1485.123306;40.330090;7.998529;0.112038;-0.320553;49.343375;0.098039;0.098039;1.505882;90163.535474;1.887317;0.000000;0.000000;0.405616;-0.028106;-0.742707;-0.168307;0.000000;-0.530879;-0.137702;0.000000;0.000000;0.435565;-0.202910;0.274087;-0.191664;9.594683;6.505875;11.259614;6.820543;0.392333;0.000000;9.687814;1.005859;2.715963;98.563811;2596.438155
1.000000;1.000000;0.000000;0.000000;1.000000;0.000000;0.000000;0.000000;0.000000;0.000000;0.000000;0.000000;102.000000;-0.000000;-0.683550;-0.984095;0.858561;0.737127;1.097437;0.212727;1.164786;0.716893;1.040590;0.078431;0.078431;0.000000;85.258494;1.392527;9.806533;8.950600;2.843454;8.085229;10.210452;0.677327;0.742824;-0.420711;3.875625;0.068627;0.068627;0.000000;10221.519323;0.252667;2.657211;2.552450;0.861792;0.742685;2.793467;0.164969;0.370825;-0.124846;1.000150;0.088235;0.088235;0.000000;758.083922;0.285115;2.205788;8.009200;26.975574;727.681619;27.065608;3.531708;-0.993686;0.566465;30.287175;0.039216;0.039216;1.003922;37608.593116;1.264797;-11.530584;-24.892000;50.339287;2534.043775;51.642987;10.511947;0.431704;-0.253791;62.143500;0.049020;0.049020;3.011765;142819.940166;2.023370;0.000000;0.000000;0.443582;0.140926;-0.498713;-0.252552;0.000000;-0.369977;0.045177;0.000000;0.000000;0.371297;-0.006830;0.404234;0.034358;9.927910;7.894289;11.789011;8.323095;0.586611;0.000000;9.943036;1.005859;2.792684;106.457693;3407.348726
1.000000;1.000000;0.000000;0.000000;1.000000;0.000000;0.000000;0.000000;0.000000;0.000000;0.000000;0.000000;102.000000;-0.000000;-0.724827;-0.817640;0.729806;0.532616;1.028587;0.196139;0.788971;0.596968;0.944985;0.088235;0.088235;0.000000;80.761243;1.460629;10.051397;9.486250;2.238602;5.011340;10.297666;0.514784;1.146049;1.134568;2.534050;0.098039;0.098039;0.000000;10560.704187;0.163358;1.690442;1.684650;1.067273;1.139071;1.999166;0.148830;-0.137633;-1.200974;1.872975;0.029412;0.029412;0.000000;349.588611;0.741954;1.900992;7.525850;21.705327;471.121216;21.788414;3.026978;-1.053404;0.623647;22.250575;0.039216;0.039216;1.003922;24395.786771;1.497959;-64.242838;-69.672500;80.194938;6431.228092;102.753931;10.838899;0.325508;-0.812287;133.821450;0.049020;0.049020;0.000000;748966.858330;1.257237;0.000000;0.000000;0.281604;-0.061656;0.341015;-0.069253;0.000000;-0.097941;0.043901;0.000000;0.000000;0.265096;-0.046309;0.292197;0.149917;10.156717;4.941019;11.938519;5.108192;0.490655;0.000000;10.257174;1.005859;2.067601;108.099914;11037.102007
1.000000;1.000000;0.000000;0.000000;1.000000;0.000000;0.000000;0.000000;0.000000;0.000000;0.000000;0.000000;102.000000;-0.000000;-0.846124;-0.913000;0.914650;0.836584;1.245997;0.159545;0.517752;-0.177675;1.120803;0.049020;0.049020;0.000000;115.690258;1.253743;10.081051;10.061500;1.142590;1.305513;10.145595;0.290246;1.203569;3.755617;1.326925;0.078431;0.078431;0.000000;10432.623197;0.054426;1.583832;1.435750;1.311022;1.718779;2.056041;0.149662;0.541087;-0.780112;2.010058;0.058824;0.058824;0.000000;343.527981;0.848469;1.320113;6.880800;25.011768;625.588541;25.046581;3.402609;-0.627910;-0.670475;41.988250;0.039216;0.039216;1.003922;32083.007044;1.131728;-75.957601;-89.171000;78.344754;6137.900417;109.121297;8.812242;0.802940;-0.039407;102.993000;0.029412;0.029412;0.000000;901590.460728;1.260433;0.000000;0.000000;0.085864;0.038817;0.536246;0.017571;0.000000;0.191092;-0.119790;0.000000;0.000000;0.684717;0.217628;0.313667;0.268956;10.206713;1.308611;12.152931;1.335188;0.828118;0.000000;10.219130;1.005859;1.231662;105.485611;12539.016106
1.000000;1.000000;0.000000;0.000000;1.000000;0.000000;0.000000;0.000000;0.000000;0.000000;0.000000;0.000000;102.000000;-0.000000;-0.958260;-1.044000;1.133176;1.284088;1.484031;0.157992;0.516444;-0.463601;1.440053;0.058824;0.058824;0.000000;159.153397;1.279103;9.773275;9.783250;1.275808;1.627685;9.856195;0.257213;0.332169;-0.474618;1.931250;0.068627;0.068627;0.000000;9825.745289;0.059736;2.530421;2.504150;1.236882;1.529878;2.816542;0.132945;-0.218184;-0.661095;2.009925;0.058824;0.058824;0.000000;731.135061;0.484302;-4.393187;-4.101750;18.263717;333.563370;18.784660;2.444568;0.272451;-0.781952;25.377900;0.049020;0.049020;1.505882;18980.811850;1.667490;-20.004953;-30.714000;59.296594;3516.086071;62.580222;8.245869;0.523234;-0.349785;69.200975;0.058824;0.058824;0.501961;220144.789376;1.562585;0.000000;0.000000;0.579561;0.220001;0.489099;0.244721;0.000000;0.398690;-0.042657;0.000000;0.000000;0.859995;0.457647;0.301694;0.363543;9.941217;1.519125;12.079254;2.334081;0.606522;0.000000;10.106650;1.005859;2.208384;100.346929;4277.080586
1.000000;1.000000;0.000000;0.000000;1.000000;0.000000;0.000000;0.000000;0.000000;0.000000;0.000000;0.000000;102.000000;-0.000000;-0.907180;-0.937895;1.182506;1.398321;1.490401;0.189336;0.043228;-0.534127;1.161852;0.068627;0.068627;0.000000;155.265673;1.519561;9.381293;9.041700;1.576117;2.484144;9.512771;0.305955;1.030550;0.281445;1.856900;0.088235;0.088235;0.000000;9103.578720;0.096133;3.112085;2.713900;1.155357;1.334850;3.319627;0.176119;0.538451;-0.814663;1.996950;0.049020;0.049020;0.000000;1055.963248;0.334187;7.151651;-1.553300;30.997718;960.858522;31.812020;3.278469;1.325496;1.162682;24.224300;0.029412;0.029412;0.501961;54220.714320;1.509018;5.286591;-20.503500;66.088495;4367.689122;66.299602;9.600073;0.916600;-0.209273;84.439000;0.049020;0.049020;0.501961;225627.912490;1.922557;0.000000;0.000000;0.748148;0.599380;-0.410524;0.095583;0.000000;0.238069;-0.033124;0.000000;0.000000;0.636488;0.155377;0.731437;0.480220;9.564378;2.236777;11.630375;3.471608;0.449297;0.000000;9.583852;1.005859;3.103969;93.714101;5418.661726
1.000000;1.000000;0.000000;0.000000;1.000000;0.000000;0.000000;0.000000;0.000000;0.000000;0.000000;0.000000;102.000000;-0.000000;-1.061486;-0.868025;1.239631;1.536684;1.632004;0.180242;-0.073132;-1.029042;2.099887;0.039216;0.039216;0.000000;193.301845;1.285085;9.287290;8.955650;1.597216;2.551098;9.423633;0.363018;1.200352;0.843265;1.874500;0.088235;0.088235;0.000000;8927.993692;0.104673;3.047345;2.866900;1.139487;1.298431;3.253420;0.178372;0.587204;-0.606175;1.834700;0.049020;0.049020;0.000000;1013.427744;0.353111;13.309347;5.767700;32.102346;1030.560607;34.751969;3.768886;0.719339;0.024134;44.410500;0.049020;0.049020;0.501961;70629.252563;1.600981;3.352142;-17.640500;62.180105;3866.365494;62.270397;8.968624;1.199579;0.469814;60.523750;0.049020;0.049020;0.501961;198334.423028;1.610162;0.000000;0.000000;0.658170;0.680956;-0.344898;0.005835;0.000000;0.050751;0.086274;0.000000;0.000000;0.500998;0.239270;0.631811;0.433297;9.499299;2.231615;11.599539;3.476348;0.651907;0.000000;9.592003;1.005859;3.217289;92.468293;5095.886420
1.000000;1.000000;0.000000;0.000000;1.000000;0.000000;0.000000;0.000000;0.000000;0.000000;0.000000;0.000000;102.000000;-0.000000;-1.118450;-0.801405;1.489852;2.219659;1.862952;0.166553;-0.128810;-1.319793;2.635777;0.029412;0.029412;0.000000;240.820964;1.314261;9.565363;9.178450;2.024134;4.097120;9.777182;0.402284;1.693023;2.873870;1.659250;0.078431;0.078431;0.000000;9541.562444;0.144082;2.352342;2.191600;1.093112;1.194894;2.593918;0.145881;0.099544;-0.991132;1.689375;0.039216;0.039216;0.000000;625.358061;0.443177;3.626061;-0.012550;24.782237;614.159246;25.046109;2.790044;0.173979;-1.220196;44.428250;0.058824;0.058824;1.003922;32664.364463;0.936729;59.520974;30.176500;89.689824;8044.264522;107.642978;8.542356;0.395700;-1.146963;153.353500;0.019608;0.019608;0.000000;771624.518414;1.087704;0.000000;0.000000;0.150867;0.565895;-0.583815;-0.002936;0.000000;-0.496099;0.150288;0.000000;0.000000;-0.180880;0.314083;0.379542;0.341756;9.811217;3.803887;12.038331;4.243161;2.136161;0.000000;9.804942;1.005859;2.638763;100.063874;12221.046783
1.000000;1.000000;0.000000;0.000000;1.000000;0.000000;0.000000;0.000000;0.000000;0.000000;0.000000;0.000000;102.000000;-0.000000;-1.097834;-0.858025;1.282124;1.643841;1.687922;0.168498;-0.230210;-0.523019;1.334598;0.049020;0.049020;0.000000;206.770334;1.193915;9.620688;9.273400;1.880366;3.535775;9.802725;0.328565;1.848986;4.057794;1.165450;0.068627;0.068627;0.000000;9621.205341;0.125932;2.373658;2.114600;1.172724;1.375281;2.647552;0.151426;0.387322;-0.683365;1.654750;0.049020;0.049020;0.000000;644.842191;0.511004;2.719986;-0.133150;21.123785;446.214306;21.298184;2.708157;0.263290;-1.247574;37.239500;0.039216;0.039216;1.003922;23513.452924;0.748359;83.474306;65.918000;71.064498;5050.162885;109.627198;8.509525;0.440804;-0.604776;98.565750;0.029412;0.029412;0.000000;968296.622029;0.864288;0.000000;0.000000;-0.139793;0.415413;-0.686719;-0.069305;0.000000;-0.448974;0.090816;0.000000;0.000000;-0.442117;0.380612;0.290675;0.352758;9.821762;3.475481;11.991208;3.629602;1.601298;0.000000;10.090043;1.005859;2.274901;99.942498;12478.744791
1.000000;1.000000;0.000000;0.000000;1.000000;0.000000;0.000000;0.000000;0.000000;0.000000;0.000000;0.000000;102.000000;-0.000000;-1.137192;-1.021150;0.932093;0.868798;1.470376;0.183884;0.721860;1.026298;1.119745;0.058824;0.058824;0.000000;176.224430;0.961343;9.494208;9.283050;1.950256;3.803498;9.692445;0.368154;0.589253;0.208211;2.052225;0.098039;0.098039;0.000000;9388.256689;0.131315;2.599955;2.558100;1.369482;1.875480;2.938579;0.181514;-0.361188;-0.237749;1.628650;0.058824;0.058824;0.000000;785.148337;0.530707;-1.089921;2.211450;27.850219;775.634686;27.871538;4.147917;-0.676909;0.175752;35.836000;0.058824;0.058824;1.003922;39678.537655;1.434173;18.512603;18.199500;81.281257;6606.642751;83.362817;11.359299;-0.039476;0.950448;75.796000;0.049020;0.049020;1.003922;371898.435749;1.735927;0.000000;0.000000;-0.017032;0.082824;-0.742496;0.175572;0.000000;-0.655637;-0.153510;0.000000;0.000000;0.156838;-0.446039;0.218438;-0.071455;9.662018;3.750899;11.815106;3.841486;0.877070;0.000000;9.809945;1.005859;2.751343;97.105485;7734.817075
1.000000;1.000000;0.000000;0.000000;1.000000;0.000000;0.000000;0.000000;0.000000;0.000000;0.000000;0.000000;102.000000;-0.000000;-1.011888;-1.229400;0.933581;0.871574;1.376768;0.195316;0.712979;0.289939;1.257583;0.068627;0.068627;0.000000;148.889834;1.167555;9.776406;9.099100;2.455880;6.031345;10.080152;0.542564;0.479046;-0.905605;4.132125;0.068627;0.068627;0.000000;10056.578464;0.190141;2.387600;2.468100;1.295113;1.677318;2.716239;0.198217;-0.355186;-0.306297;1.917025;0.088235;0.088235;0.000000;667.025601;0.595924;1.964464;3.881450;28.457431;809.825365;28.525155;4.412696;-0.784456;0.387199;30.887925;0.078431;0.078431;1.003922;41696.139342;1.427692;11.197030;-1.913335;85.870298;7373.708034;86.597237;12.797784;0.114913;0.349966;89.767750;0.049020;0.049020;1.003922;388911.477183;1.941439;0.000000;0.000000;0.146510;0.220120;-0.770230;0.046710;0.000000;-0.789790;-0.031408;0.000000;0.000000;0.203446;-0.308370;0.262325;0.076584;9.932315;5.854062;11.972000;6.113054;0.858211;0.000000;10.090545;1.005859;2.303004;104.504948;8320.143946
1.000000;1.000000;0.000000;0.000000;1.000000;0.000000;0.000000;0.000000;0.000000;0.000000;0.000000;0.000000;102.000000;-0.000000;-0.715859;-0.959890;0.957488;0.916783;1.195507;0.221913;1.831424;4.574592;1.266112;0.068627;0.068627;0.000000;99.026973;1.674143;9.890028;8.574200;2.477798;6.139483;10.195692;0.516334;0.828437;-0.891203;4.420325;0.049020;0.049020;0.000000;10290.049077;0.199401;2.722544;2.736150;0.909212;0.826666;2.870351;0.140623;0.052016;-0.544504;1.159775;0.068627;0.068627;0.000000;798.214027;0.310004;-0.044809;1.205850;19.154481;366.894138;19.154533;3.331883;0.201886;-0.714610;30.704250;0.068627;0.068627;1.505882;18715.319423;1.715206;15.177826;21.869500;65.817715;4331.971575;67.545081;10.962420;-1.118697;1.257187;65.524425;0.068627;0.068627;0.501961;244443.030284;1.997468;0.000000;0.000000;0.306571;0.390605;-0.540159;-0.412157;0.000000;-0.623151;0.019678;0.000000;0.000000;0.206257;-0.044768;0.110585;0.028211;10.021539;5.950140;11.885362;6.300652;0.825478;0.000000;9.993040;1.005859;2.756112;106.381382;4937.473045
1.000000;1.000000;0.000000;0.000000;1.000000;0.000000;0.000000;0.000000;0.000000;0.000000;0.000000;0.000000;102.000000;-0.000000;-0.614834;-0.738500;1.091761;1.191943;1.252982;0.219101;1.284059;1.833534;1.255878;0.068627;0.068627;0.000000;99.356387;1.777685;9.773226;9.179650;2.057085;4.231600;9.987370;0.454303;1.015730;0.150771;2.272550;0.088235;0.088235;0.000000;9958.459620;0.152697;2.545071;2.548100;1.116255;1.246026;2.779103;0.140397;-0.111511;-0.654108;1.539475;0.039216;0.039216;0.000000;724.242043;0.417186;-8.141735;-11.554500;18.851139;355.365424;20.534198;3.020382;0.256194;-1.234668;34.054300;0.049020;0.049020;1.003922;24889.240722;1.887874;56.496327;60.328500;75.221545;5658.280811;94.075054;10.557283;-1.232690;1.967517;94.544500;0.068627;0.068627;0.000000;614242.788829;1.758583;0.000000;0.000000;0.209205;0.466587;-0.789239;-0.462468;0.000000;-0.276784;-0.065583;0.000000;0.000000;0.573024;-0.340095;-0.077864;-0.064920;9.908628;4.136616;11.841162;4.345167;1.132074;0.000000;9.825673;1.005859;2.801569;102.317519;9279.492454
1.000000;1.000000;0.000000;0.000000;1.000000;0.000000;0.000000;0.000000;0.000000;0.000000;0.000000;0.000000;102.000000;-0.000000;-0.775873;-0.748520;0.758114;0.574737;1.084765;0.146767;0.861766;1.623359;0.645610;0.107843;0.107843;0.000000;90.713912;1.198818;9.746235;9.690250;1.177431;1.386344;9.817100;0.382394;0.064115;0.275403;1.625200;0.127451;0.127451;0.000000;9759.633662;0.062110;2.394597;2.350900;0.960785;0.923108;2.580155;0.143486;-0.299024;-0.482440;1.321725;0.058824;0.058824;0.000000;631.956113;0.371500;-5.602191;-12.223500;27.826125;774.293244;28.384464;3.385907;0.550587;-0.681790;45.800500;0.039216;0.039216;0.501961;42690.292796;1.353314;73.797799;70.964000;64.623878;4176.245639;98.093633;8.540280;-0.578664;-0.426068;88.337000;0.068627;0.068627;0.000000;768502.514915;1.015628;0.000000;0.000000;0.005473;0.398038;-0.509833;0.016140;0.000000;-0.008782;-0.188708;0.000000;0.000000;0.669462;-0.130832;0.047136;-0.044292;9.857894;1.374095;11.695736;1.400100;0.580398;0.000000;9.703499;1.005859;2.165766;98.552162;10434.695768
1.000000;1.000000;0.000000;0.000000;1.000000;0.000000;0.000000;0.000000;0.000000;0.000000;0.000000;0.000000;102.000000;-0.000000;-1.297910;-0.938050;1.193984;1.425599;1.763567;0.153458;-1.044944;-0.095970;0.994095;0.039216;0.039216;0.000000;244.535176;1.045018;9.431711;9.223300;1.418665;2.012611;9.537808;0.329616;0.615033;0.058725;1.904175;0.078431;0.078431;0.000000;9176.274818;0.083471;2.763194;2.645000;0.830759;0.690161;2.885377;0.151510;0.895005;0.310931;1.135100;0.078431;0.078431;0.000000;813.993563;0.241560;6.193308;0.946170;30.468963;928.357682;31.092037;3.876473;0.083046;-1.126043;50.524250;0.039216;0.039216;1.003922;51259.272240;0.799061;33.032947;27.936000;66.079942;4366.558673;73.876480;7.306643;0.267906;-1.032439;102.207000;0.029412;0.029412;0.501961;334027.499199;1.542530;0.000000;0.000000;0.344249;0.611004;-0.365527;-0.038363;0.000000;-0.202706;-0.349572;0.000000;0.000000;0.011620;0.476889;0.703781;0.237633;9.660876;1.747423;11.758439;2.395402;1.076850;0.000000;9.671598;1.005859;2.725298;95.079948;6432.774389
1.000000;1.000000;0.000000;0.000000;1.000000;0.000000;0.000000;0.000000;0.000000;0.000000;0.000000;0.000000;102.000000;-0.000000;-1.184333;-0.834115;1.369940;1.876735;1.810906;0.162388;-0.732798;-0.789112;2.225531;0.058824;0.058824;0.000000;238.783762;1.158210;9.204909;8.907150;1.626259;2.644719;9.347463;0.377564;1.039574;0.562168;1.814825;0.078431;0.078431;0.000000;8777.376842;0.110271;2.874859;2.622850;0.983804;0.967871;3.038533;0.145927;0.419437;-1.054073;1.674875;0.039216;0.039216;0.000000;892.374853;0.293029;3.139504;0.931945;23.988125;575.430137;24.192698;3.399564;0.482926;-0.370425;27.749500;0.068627;0.068627;1.003922;30357.101379;1.812967;0.756671;-10.043150;44.798403;2006.896887;44.804793;6.753225;1.210624;0.820536;41.498000;0.068627;0.068627;1.505882;102412.640206;1.735741;0.000000;0.000000;0.399724;0.738579;-0.234658;-0.226457;0.000000;-0.339151;-0.107681;0.000000;0.000000;0.205813;0.357069;0.591152;0.319629;9.450876;2.335388;11.495057;3.262509;1.303712;0.000000;9.416191;1.005859;2.974284;91.654444;2601.988744
1.000000;1.000000;0.000000;0.000000;1.000000;0.000000;0.000000;0.000000;0.000000;0.000000;0.000000;0.000000;102.000000;-0.000000;-0.799364;-0.498185;0.980085;0.960567;1.264733;0.127970;-1.098747;0.172706;1.003625;0.058824;0.058824;0.000000;114.165347;1.210780;9.401364;8.936400;1.822952;3.323155;9.576471;0.377253;1.545567;1.970432;1.427900;0.088235;0.088235;0.000000;9184.817636;0.126976;3.035032;3.082650;0.702463;0.493455;3.115265;0.107156;-0.421248;-0.605674;0.899575;0.058824;0.058824;0.000000;964.731350;0.151559;1.868804;1.278175;24.061594;578.960322;24.134058;2.840634;0.325461;-0.801311;29.411000;0.058824;0.058824;1.003922;29883.332773;1.107902;-0.937006;-3.186250;28.406819;806.947366;28.422268;5.077113;0.158369;-0.485072;39.027250;0.058824;0.058824;1.003922;41244.001528;1.770075;0.000000;0.000000;0.192698;0.515373;0.242853;0.098670;0.000000;-0.584646;0.300294;0.000000;0.000000;0.244975;0.251504;0.349820;0.358128;9.547913;3.145694;11.277724;3.405691;0.920443;0.000000;9.653392;1.005859;3.113908;94.308344;1399.982972
1.000000;1.000000;0.000000;0.000000;1.000000;0.000000;0.000000;0.000000;0.000000;0.000000;0.000000;0.000000;102.000000;-0.000000;-0.652265;-0.447180;0.971663;0.944129;1.170290;0.113395;-1.137287;0.805882;0.741663;0.058824;0.058824;0.000000;91.547411;1.338037;9.446881;8.931200;1.774052;3.147260;9.612015;0.341391;1.511908;1.996445;1.777975;0.049020;0.049020;0.000000;9263.360738;0.118132;3.077809;3.088650;0.557961;0.311320;3.127975;0.091518;-0.578014;-0.535813;0.825875;0.098039;0.098039;0.000000;982.114081;0.104409;-0.147499;5.280000;28.402378;806.695054;28.402761;2.787267;-0.188951;-0.750546;36.855500;0.039216;0.039216;1.003922;41144.400667;0.742898;11.942408;7.357050;24.376016;594.190148;27.144267;3.946895;0.465643;-0.580876;34.239350;0.049020;0.049020;0.000000;44860.178252;2.196632;0.000000;0.000000;0.069751;0.628383;-0.426008;-0.119321;0.000000;-0.694364;0.033872;0.000000;0.000000;-0.034116;-0.002780;0.540314;0.449044;9.575504;3.070128;11.257294;3.185028;0.946870;0.000000;9.724147;1.005859;3.218717;94.760407;1553.312292
1.000000;1.000000;0.000000;0.000000;1.000000;0.000000;0.000000;0.000000;0.000000;0.000000;0.000000;0.000000;102.000000;-0.000000;-0.727339;-0.521460;1.161368;1.348776;1.370328;0.139258;-0.021378;-1.064147;1.850351;0.029412;0.029412;0.000000;122.747906;1.463813;9.606998;9.563050;1.214938;1.476073;9.683516;0.277927;0.421968;0.293569;1.699800;0.078431;0.078431;0.000000;9489.309698;0.060629;2.673678;2.589900;1.054127;1.111184;2.873976;0.140640;-0.341379;-0.454521;1.463725;0.049020;0.049020;0.000000;785.828041;0.360599;-8.558021;-6.753350;22.483876;505.524661;24.057523;3.310828;-0.466368;-0.823429;34.298250;0.058824;0.058824;1.505882;33252.225647;1.605898;62.265176;37.149500;64.900434;4212.066378;89.938971;7.258137;0.408889;-1.408832;123.170575;0.029412;0.029412;0.000000;610288.925050;1.202544;0.000000;0.000000;0.029713;0.324369;-0.702182;-0.129873;0.000000;-0.345958;0.107535;0.000000;0.000000;0.684143;-0.607960;0.102533;0.204321;9.753487;1.517782;11.711423;1.503379;1.349439;0.000000;9.765431;1.005859;2.870243;96.648283;8676.042608
1.000000;1.000000;0.000000;0.000000;1.000000;0.000000;0.000000;0.000000;0.000000;0.000000;0.000000;0.000000;102.000000;-0.000000;-1.194022;-1.238250;1.033677;1.068488;1.579296;0.136242;0.782942;0.259219;1.324768;0.029412;0.029412;0.000000;199.917331;0.908795;9.686933;9.377700;1.016991;1.034270;9.740172;0.225751;0.042981;-0.839285;1.579375;0.068627;0.068627;0.000000;9624.095467;0.046005;2.518813;2.469250;1.172859;1.375599;2.778492;0.160196;-0.063179;-1.027061;2.081325;0.049020;0.049020;0.000000;717.289884;0.469257;-4.681631;-6.753350;25.292050;639.687790;25.721692;3.658792;0.074312;-1.085986;39.653500;0.058824;0.058824;1.003922;34859.680217;1.485894;70.115930;68.886000;64.581930;4170.825678;95.326120;7.175959;0.094081;-1.480159;118.034100;0.029412;0.029412;0.000000;714175.953882;1.037692;0.000000;0.000000;-0.016790;0.304258;-0.388877;0.050203;0.000000;-0.417050;0.085474;0.000000;0.000000;0.440416;-0.394040;0.217099;-0.197497;9.864743;1.051978;12.099893;1.086614;1.036963;0.000000;9.989203;1.005859;2.460168;98.365123;9756.394725
1.000000;1.000000;0.000000;0.000000;1.000000;0.000000;0.000000;0.000000;0.000000;0.000000;0.000000;0.000000;102.000000;-0.000000;-0.938003;-0.801235;0.625775;0.391594;1.127583;0.131323;-0.716722;0.300165;0.750670;0.078431;0.078431;0.000000;109.715870;0.809921;9.716733;9.377700;1.764321;3.112830;9.875613;0.321437;0.579331;0.540392;2.221950;0.039216;0.039216;0.000000;9789.088176;0.104511;2.656328;2.635500;0.897311;0.805167;2.803791;0.131156;-0.119306;-0.975220;1.418025;0.058824;0.058824;0.000000;760.784595;0.278026;0.176229;5.416950;31.890240;1016.987389;31.890727;3.756001;-0.293201;-1.428849;63.657250;0.039216;0.039216;1.003922;51869.647210;0.280648;16.686693;4.946300;42.470380;1803.733200;45.630899;5.313810;0.757363;-0.377039;55.828500;0.049020;0.049020;1.003922;120410.496568;1.784900;0.000000;0.000000;-0.051998;0.063592;0.002876;0.627953;0.000000;-0.459634;0.222700;0.000000;0.000000;-0.177519;-0.542866;0.411362;0.039246;9.835401;3.064072;11.674283;3.144872;0.394248;0.000000;9.879497;1.005859;2.733975;99.799179;3107.058621
1.000000;1.000000;0.000000;0.000000;1.000000;0.000000;0.000000;0.000000;0.000000;0.000000;0.000000;0.000000;102.000000;-0.000000;-0.732153;-0.747775;0.502188;0.252193;0.887830;0.156428;0.174375;-0.780417;0.838980;0.078431;0.078431;0.000000;67.539791;0.889011;9.691917;9.385150;2.630637;6.920250;10.042584;0.520477;0.972825;0.362752;3.073975;0.058824;0.058824;0.000000;9934.124572;0.214397;2.526329;2.597200;0.723928;0.524072;2.628005;0.130867;0.007855;-0.890024;0.979675;0.078431;0.078431;0.000000;677.726400;0.224741;6.065663;15.032500;26.010103;676.525474;26.708009;3.150960;-0.772307;-0.469845;38.580750;0.039216;0.039216;1.003922;38255.630066;1.056620;9.532924;5.659950;38.757483;1502.142494;39.912644;7.079021;0.206102;-1.003870;63.270500;0.058824;0.058824;1.003922;85881.274707;2.028183;0.000000;0.000000;0.317595;-0.038060;-0.286203;0.363907;0.000000;-0.233883;0.545358;0.000000;0.000000;0.039506;0.037389;0.201937;0.131365;9.791898;6.760481;11.455249;7.015324;0.228134;0.000000;9.934632;1.005859;2.631294;102.641740;2313.243276
1.000000;1.000000;0.000000;0.000000;1.000000;0.000000;0.000000;0.000000;0.000000;0.000000;0.000000;0.000000;102.000000;-0.000000;-0.681684;-0.827015;0.887475;0.787612;1.119064;0.200015;1.336036;2.623697;0.994587;0.068627;0.068627;0.000000;87.583239;1.697778;9.426967;8.269250;2.634586;6.941042;9.788194;0.530514;1.439526;1.171255;2.049725;0.058824;0.058824;0.000000;9418.499455;0.232629;2.715457;2.614600;0.915901;0.838875;2.865760;0.153980;0.412151;-0.668022;1.331000;0.078431;0.078431;0.000000;794.903045;0.304060;5.653439;12.292500;19.134368;366.124050;19.952078;3.045128;-0.731412;-0.666720;28.347100;0.049020;0.049020;1.003922;21932.807757;1.685124;-6.267808;-16.249000;54.772918;3000.072540;55.130372;9.955596;0.273273;-0.524357;85.676250;0.039216;0.039216;1.003922;157011.069846;1.976945;0.000000;0.000000;0.469844;0.314321;-0.375182;-0.459490;0.000000;0.000590;0.050194;0.000000;0.000000;0.503232;-0.260614;0.283050;0.201885;9.556787;6.728870;11.377102;7.201890;0.603286;0.000000;9.776960;1.005859;2.673044;98.061048;3445.655959
1.000000;1.000000;0.000000;0.000000;1.000000;0.000000;0.000000;0.000000;0.000000;0.000000;0.000000;0.000000;102.000000;-0.000000;-0.536048;-0.605690;0.921523;0.849204;1.066092;0.189860;1.007243;1.528079;0.783475;0.117647;0.117647;0.000000;72.619824;1.775083;9.898919;9.028950;2.269077;5.148710;10.155654;0.514058;1.258250;0.703886;2.673850;0.078431;0.078431;0.000000;10257.424970;0.172164;2.410901;2.202700;1.125411;1.266549;2.660638;0.176959;0.259204;-0.715371;1.586250;0.049020;0.049020;0.000000;657.472647;0.490169;-2.337649;1.289350;19.059585;363.267799;19.202406;2.951379;-0.147566;-1.136090;30.944750;0.039216;0.039216;1.505882;19084.463090;1.565004;35.420867;67.693500;80.009518;6401.522939;87.499490;11.261832;-0.168496;-1.214724;147.511750;0.029412;0.029412;0.501961;454463.904771;1.731253;0.000000;0.000000;0.355989;0.256779;-0.588279;-0.526203;0.000000;-0.041139;0.195127;0.000000;0.000000;0.524842;-0.222134;0.135819;-0.110481;10.013544;5.002782;11.801256;5.326153;0.731146;0.000000;9.940871;1.005859;2.683826;105.273851;8031.972133
1.000000;1.000000;0.000000;0.000000;1.000000;0.000000;0.000000;0.000000;0.000000;0.000000;0.000000;0.000000;102.000000;-0.000000;-0.398043;-0.494740;0.562812;0.316758;0.689345;0.133539;0.495301;0.886514;0.486842;0.088235;0.088235;0.000000;32.321340;1.897493;10.013306;9.520450;1.663975;2.768812;10.150621;0.405802;1.905108;3.674870;1.420200;0.107843;0.107843;0.000000;10368.386028;0.103271;2.401789;2.464000;0.972601;0.945952;2.591243;0.133338;-0.432335;-0.943626;1.556975;0.039216;0.039216;0.000000;636.641320;0.348220;4.451498;1.477750;22.568086;509.318505;23.002920;2.718864;0.543134;-0.584994;32.143750;0.058824;0.058824;1.003922;27996.464710;1.275113;92.619804;87.148000;34.954604;1221.824326;98.996224;7.753040;0.274316;0.454649;46.544000;0.078431;0.078431;0.000000;937315.220802;0.376097;0.000000;0.000000;0.163604;0.432564;-0.413852;-0.425003;0.000000;-0.164053;0.471951;0.000000;0.000000;0.469348;-0.184783;-0.026268;-0.340413;10.088746;2.727507;11.595176;2.805857;0.310263;0.000000;10.410265;1.005859;2.074886;104.510303;10336.101282
1.000000;1.000000;0.000000;0.000000;1.000000;0.000000;0.000000;0.000000;0.000000;0.000000;0.000000;0.000000;102.000000;-0.000000;-1.056313;-0.603935;1.364569;1.862048;1.725644;0.171363;-1.042858;-0.043543;1.173945;0.019608;0.019608;0.000000;208.775830;1.250033;9.622526;9.454300;1.334302;1.780363;9.714596;0.309350;0.657915;0.692977;1.308975;0.098039;0.098039;0.000000;9535.286101;0.072884;2.938312;2.946250;0.830510;0.689746;3.053428;0.135063;0.453298;-0.353196;1.293600;0.068627;0.068627;0.000000;915.813488;0.220800;8.488950;5.264350;28.969651;839.240684;30.187795;3.556541;0.062600;-1.206606;50.008250;0.039216;0.039216;1.003922;50152.389748;0.916466;44.293191;60.105500;61.433197;3774.037671;75.735886;6.563345;-0.000844;-1.384356;112.080000;0.019608;0.019608;0.000000;392600.821430;1.155001;0.000000;0.000000;0.395218;0.684287;-0.242690;-0.019068;0.000000;-0.147935;-0.125421;0.000000;0.000000;-0.047308;0.690875;0.507173;0.095524;9.845986;1.407783;11.809035;2.567124;1.111351;0.000000;9.629845;1.005859;2.883483;98.351224;6656.550820
1.000000;1.000000;0.000000;0.000000;1.000000;0.000000;0.000000;0.000000;0.000000;0.000000;0.000000;0.000000;102.000000;-0.000000;-1.167347;-0.836415;1.441331;2.077436;1.854760;0.204767;-0.412684;-0.256644;1.473180;0.049020;0.049020;0.000000;244.948506;1.209747;9.536164;9.209250;1.651655;2.727964;9.678139;0.350707;0.588314;-0.159259;1.821675;0.088235;0.088235;0.000000;9414.861726;0.104864;2.866221;2.644900;1.122373;1.259722;3.078139;0.164285;0.380207;-1.272817;2.199150;0.049020;0.049020;0.000000;902.206241;0.363553;-3.818884;-5.665350;27.205082;740.116500;27.471811;3.268193;0.515494;-0.570923;41.419000;0.039216;0.039216;0.501961;39233.516756;1.413862;0.988967;-12.350500;51.556223;2658.044114;51.565707;8.617250;1.102707;0.970840;58.392500;0.088235;0.088235;1.505882;135663.600830;1.684696;0.000000;0.000000;0.463028;0.757285;-0.342969;-0.118595;0.000000;-0.213316;-0.124615;0.000000;0.000000;0.213734;0.189014;0.531856;0.165722;9.787264;2.315988;11.981063;3.587132;1.265846;0.000000;9.737794;1.005859;2.872946;98.106518;3423.197484
1.000000;1.000000;0.000000;0.000000;1.000000;0.000000;0.000000;0.000000;0.000000;0.000000;0.000000;0.000000;102.000000;-0.000000;-0.936054;-0.788560;1.044812;1.091632;1.402793;0.156948;0.182472;0.269868;1.093373;0.049020;0.049020;0.000000;145.046733;1.201715;9.302860;9.045650;1.583134;2.506313;9.436605;0.337269;0.868042;0.356930;1.621850;0.088235;0.088235;0.000000;8955.230136;0.101226;2.876303;2.527950;1.163444;1.353603;3.102696;0.171612;0.376472;-1.340504;2.162550;0.049020;0.049020;0.000000;912.899592;0.365253;6.364728;0.891170;28.025039;785.402797;28.738694;3.162625;0.512993;-0.143175;31.620850;0.039216;0.039216;1.003922;44187.980709;1.264065;12.729280;4.309300;60.308212;3637.080423;61.636961;8.899073;0.415429;-0.813785;84.365750;0.049020;0.049020;0.501961;202056.634870;1.929705;0.000000;0.000000;0.548447;0.671636;-0.337617;0.000011;0.000000;-0.074873;0.016521;0.000000;0.000000;0.408695;0.165789;0.618877;0.360926;9.473084;2.278018;11.460628;2.978519;0.655049;0.000000;9.311984;1.005859;2.901134;92.017343;4634.654257
1.000000;1.000000;0.000000;0.000000;1.000000;0.000000;0.000000;0.000000;0.000000;0.000000;0.000000;0.000000;102.000000;-0.000000;-0.695415;-0.470875;1.047733;1.097744;1.257516;0.146197;-0.686062;-0.563500;1.457120;0.039216;0.039216;0.000000;105.315165;1.302268;9.336504;9.105350;1.502891;2.258681;9.456690;0.347884;0.985399;0.426393;1.571575;0.088235;0.088235;0.000000;9006.569150;0.092378;2.945181;3.076150;0.955641;0.913250;3.096344;0.136534;0.334170;-0.915163;1.496350;0.039216;0.039216;0.000000;931.333289;0.264225;5.647792;1.358150;28.489403;811.646075;29.043822;3.046800;0.471064;-0.125919;24.734375;0.039216;0.039216;1.003922;44647.500210;1.194546;29.053466;28.116000;53.374359;2848.822202;60.769450;6.591636;-0.061570;-0.931516;82.432975;0.049020;0.049020;0.000000;231404.821654;1.505158;0.000000;0.000000;0.367698;0.657301;-0.436214;-0.200214;0.000000;-0.293331;0.199063;0.000000;0.000000;0.241349;0.354806;0.526072;0.499370;9.483863;2.066669;11.268474;2.522805;0.866852;0.000000;9.454846;1.005859;3.061300;92.010333;4546.057044
1.000000;1.000000;0.000000;0.000000;1.000000;0.000000;0.000000;0.000000;0.000000;0.000000;0.000000;0.000000;102.000000;-0.000000;-0.484872;-0.301380;0.845417;0.714730;0.974593;0.141468;-0.050037;-1.581498;1.700490;0.029412;0.029412;0.000000;60.433006;1.595891;9.564362;9.291700;1.119280;1.252787;9.629632;0.276780;0.994556;1.217601;1.137375;0.078431;0.078431;0.000000;9394.547902;0.052873;2.489621;2.542550;1.163942;1.354761;2.748267;0.136978;-0.556675;-0.318126;1.494875;0.039216;0.039216;0.000000;701.310383;0.449723;-4.556116;-0.122463;19.256688;370.820044;19.788336;2.214354;-0.372035;-0.842840;32.195000;0.019608;0.019608;0.501961;21030.672382;1.371988;74.728981;70.390500;57.055417;3255.320654;94.019898;7.517764;0.222689;-0.618358;86.362000;0.039216;0.039216;0.000000;735643.717159;0.834142;0.000000;0.000000;-0.131697;0.417589;-0.764355;-0.016910;0.000000;0.111258;0.334108;0.000000;0.000000;0.838326;-0.714831;-0.248912;0.191763;9.665323;1.261160;11.374102;1.292924;0.694073;0.000000;9.665596;1.005859;2.739427;94.679633;9238.872517
1.000000;1.000000;0.000000;0.000000;1.000000;0.000000;0.000000;0.000000;0.000000;0.000000;0.000000;0.000000;102.000000;-0.000000;-0.862596;-1.034600;0.622526;0.387539;1.063772;0.107445;0.709977;-0.175998;0.975227;0.039216;0.039216;0.000000;95.659969;0.854936;9.486152;9.281100;1.267399;1.606299;9.570443;0.234616;-0.011929;-0.315607;1.462900;0.078431;0.078431;0.000000;9260.604604;0.062513;2.289152;2.336600;1.230726;1.514687;2.599020;0.174948;-0.139469;-0.849710;2.051850;0.049020;0.049020;0.000000;611.752188;0.540171;3.534081;8.309400;28.280867;799.807414;28.500827;3.091347;-0.044374;-0.995900;41.426000;0.029412;0.029412;1.003922;42069.042149;1.413160;59.961879;43.214500;65.552185;4297.088902;88.839833;6.700007;0.475047;-1.098888;111.713600;0.029412;0.029412;0.000000;585897.459650;1.091688;0.000000;0.000000;-0.139216;0.441446;-0.416580;-0.012898;0.000000;-0.199042;0.232517;0.000000;0.000000;0.441705;-0.382707;0.060760;-0.466294;9.598351;1.596645;11.437062;1.632120;0.381459;0.000000;9.896699;1.005859;2.141384;93.724990;8711.567918
1.000000;1.000000;0.000000;0.000000;1.000000;0.000000;0.000000;0.000000;0.000000;0.000000;0.000000;0.000000;102.000000;-0.000000;-0.797575;-0.741580;0.422908;0.178851;0.902760;0.115050;-0.165375;-0.992652;0.692983;0.058824;0.058824;0.000000;74.008009;0.609138;9.937233;9.165600;2.529495;6.398344;10.254119;0.461160;0.754589;-0.422762;3.532175;0.049020;0.049020;0.000000;10398.673912;0.194032;2.785761;2.847250;0.908015;0.824491;2.930009;0.158444;-0.362512;-0.684745;1.252950;0.058824;0.058824;0.000000;833.616433;0.259061;5.119024;6.292550;30.849543;951.694299;31.271372;3.627796;-0.092551;-1.349295;57.244250;0.039216;0.039216;1.003922;51209.389304;0.636538;-4.051414;-0.100190;32.590577;1062.145739;32.841433;5.512494;-0.213018;-0.215175;36.182750;0.078431;0.078431;1.003922;55846.878024;1.905721;0.000000;0.000000;0.351223;0.493855;0.181535;0.266186;0.000000;-0.306509;0.137978;0.000000;0.000000;-0.081446;-0.143589;0.627521;0.207195;10.035511;6.250444;11.736728;6.484533;0.157783;0.000000;9.848170;1.005859;2.776662;106.961927;2065.043364
1.000000;1.000000;0.000000;0.000000;1.000000;0.000000;0.000000;0.000000;0.000000;0.000000;0.000000;0.000000;102.000000;-0.000000;-0.801940;-0.985455;0.745575;0.555883;1.094984;0.157175;1.327049;1.275192;0.881483;0.078431;0.078431;0.000000;93.947485;1.157858;9.945524;8.862800;2.994107;8.964675;10.386439;0.649470;0.859485;-0.416103;4.898850;0.068627;0.068627;0.000000;10546.376781;0.244543;2.561745;2.471050;0.951880;0.906075;2.732877;0.192588;-0.304558;-0.281138;1.067950;0.068627;0.068627;0.000000;715.589764;0.341492;2.572478;2.997750;20.684238;427.837720;20.843593;3.265788;0.070315;-0.883104;31.174750;0.058824;0.058824;1.505882;22494.933375;1.599286;-13.993509;-6.065700;48.590175;2361.005141;50.565042;8.553293;-0.339921;-0.890126;78.391000;0.049020;0.049020;1.003922;140386.497584;1.603788;0.000000;0.000000;0.572305;0.314835;-0.412535;-0.047756;0.000000;-0.129083;-0.238268;0.000000;0.000000;0.647965;-0.417717;0.681664;0.423308;10.068243;8.707577;11.945483;9.245135;0.369686;0.000000;10.399689;1.005859;2.742817;110.077103;2998.747409
1.000000;1.000000;0.000000;0.000000;1.000000;0.000000;0.000000;0.000000;0.000000;0.000000;0.000000;0.000000;102.000000;-0.000000;-0.809706;-1.082450;0.992457;0.984972;1.280857;0.196227;0.418612;-0.140555;1.149698;0.078431;0.078431;0.000000;117.108110;1.542258;9.659603;8.894200;2.739525;7.504998;10.040564;0.646608;1.275425;1.095675;2.641900;0.107843;0.107843;0.000000;9900.163868;0.237347;2.062599;1.879650;1.111942;1.236415;2.343231;0.203541;0.511900;-0.710270;1.712900;0.058824;0.058824;0.000000;496.997740;0.563187;-0.010588;3.131300;22.171916;491.593880;22.171919;3.570596;-0.444116;-0.846293;39.460500;0.058824;0.058824;1.505882;25071.620832;1.319589;-27.418953;-39.570000;52.826815;2790.672370;59.518664;9.871573;0.174043;-1.134225;86.155250;0.068627;0.068627;0.000000;219024.729690;1.719188;0.000000;0.000000;0.611834;0.133417;-0.406471;-0.380545;0.000000;-0.522334;-0.180773;0.000000;0.000000;0.539017;-0.108376;0.301087;-0.348451;9.805233;7.310923;11.791132;7.983154;0.590875;0.000000;9.560692;1.005859;2.169756;103.453522;4039.556099
1.000000;1.000000;0.000000;0.000000;1.000000;0.000000;0.000000;0.000000;0.000000;0.000000;0.000000;0.000000;102.000000;-0.000000;-0.776404;-0.664610;0.948480;0.899614;1.225731;0.194960;-0.356972;-0.491400;1.371378;0.078431;0.078431;0.000000;107.366300;1.425585;9.613086;9.287650;2.012983;4.052099;9.821585;0.420940;1.775164;3.767958;1.485250;0.098039;0.098039;0.000000;9632.622833;0.150732;2.601360;3.132450;1.051055;1.104717;2.805672;0.146324;-0.538707;-0.981660;1.819050;0.029412;0.029412;0.000000;746.582850;0.359770;3.039388;3.387600;21.312657;454.229328;21.528289;2.946738;-0.654180;-0.346737;28.330300;0.039216;0.039216;1.003922;24108.901930;1.480388;-27.351480;-29.214500;40.311134;1624.987534;48.714382;7.634741;0.145214;-0.340799;60.439000;0.078431;0.078431;0.000000;159180.982161;1.695236;0.000000;0.000000;0.255539;0.259630;0.186305;-0.346537;0.000000;-0.274469;0.299457;0.000000;0.000000;0.284355;0.526359;-0.109841;-0.524079;9.744021;4.019994;11.577384;4.166731;0.834009;0.000000;10.025630;1.005859;2.435361;98.965944;2844.429973
1.000000;1.000000;0.000000;0.000000;1.000000;0.000000;0.000000;0.000000;0.000000;0.000000;0.000000;0.000000;102.000000;-0.000000;-2.757891;-2.651500;0.736648;0.542651;2.854578;0.215888;-0.494559;0.214463;0.837550;0.117647;0.117647;0.000000;803.486215;0.219986;9.235834;9.149650;2.949526;8.699701;9.695377;0.549378;0.692598;-0.025397;3.324875;0.078431;0.078431;0.000000;9144.355399;0.269717;2.896867;3.073100;1.043179;1.088223;3.078971;0.173580;-0.922033;0.692805;1.050200;0.058824;0.058824;0.000000;911.478158;0.342884;1.173181;-5.847050;42.459548;1802.813200;42.475753;5.267875;0.620003;-0.311432;44.395000;0.049020;0.049020;0.501961;92088.682202;1.310103;28.041054;23.523000;61.494386;3781.559515;67.585947;10.727485;0.350564;-0.428923;90.269500;0.098039;0.098039;1.003922;273071.116121;1.715833;0.000000;0.000000;0.075618;0.124299;0.389145;-0.091739;0.000000;0.155994;0.265858;0.000000;0.000000;0.168733;-0.091580;0.251109;0.382709;9.771074;7.675068;12.993725;8.789177;0.544683;0.000000;9.454924;1.005859;2.840343;103.148951;6381.529861
1.000000;1.000000;0.000000;0.000000;1.000000;0.000000;0.000000;0.000000;0.000000;0.000000;0.000000;0.000000;102.000000;-0.000000;-3.184065;-2.972000;0.956760;0.915389;3.324704;0.206202;-0.237104;-0.255257;1.162550;0.088235;0.088235;0.000000;1080.792955;0.260886;8.876422;8.476700;2.402739;5.773157;9.195870;0.425372;1.095835;1.607240;2.302950;0.078431;0.078431;0.000000;8331.098738;0.203435;2.590720;2.720850;0.780277;0.608833;2.705672;0.161595;-0.017648;-0.827315;1.119050;0.088235;0.088235;0.000000;715.663840;0.261275;-20.729110;-15.337000;23.877047;570.113374;31.619763;4.477784;-0.313024;-0.928834;35.664425;0.068627;0.068627;0.000000;72904.987396;1.358871;72.492461;54.546500;64.902673;4212.356948;97.301150;11.733564;0.349634;-1.078092;101.911750;0.068627;0.068627;0.000000;750861.155282;1.028469;0.000000;0.000000;0.056540;0.307406;-0.445033;-0.224126;0.000000;-0.006581;0.183329;0.000000;0.000000;0.477800;-0.131370;0.142768;0.318009;9.571036;5.012947;13.060486;5.833826;0.920942;0.000000;9.482127;1.005859;2.840662;96.617674;10474.643867
1.000000;1.000000;0.000000;0.000000;1.000000;0.000000;0.000000;0.000000;0.000000;0.000000;0.000000;0.000000;102.000000;-0.000000;-3.227704;-3.165200;1.511078;2.283356;3.563906;0.356880;-0.019353;2.113869;1.207500;0.078431;0.078431;0.000000;1179.095091;0.545130;8.535463;8.268250;3.023749;9.143061;9.055230;0.649500;2.313638;7.829596;1.912625;0.117647;0.117647;0.000000;7897.420003;0.361330;2.270217;1.870300;1.449197;2.100173;2.693336;0.308690;1.207875;2.605789;1.862950;0.049020;0.049020;0.000000;632.829246;0.847825;-19.278343;-26.090500;34.503326;1190.479520;39.523841;5.768527;1.622716;2.509980;30.602250;0.088235;0.088235;0.000000;98623.319790;1.749451;59.100905;75.274500;96.016127;9219.096692;112.747566;17.299347;-1.493478;2.606029;68.368750;0.078431;0.078431;0.000000;826455.027945;1.680086;0.000000;0.000000;-0.651526;0.663512;-0.379603;-0.814095;0.000000;-0.169503;-0.227050;0.000000;0.000000;-0.092413;-0.046198;0.419909;0.560834;9.265698;9.845443;12.828497;10.356306;1.183243;0.000000;8.949749;1.005859;2.292034;95.698611;14281.401723
1.000000;1.000000;0.000000;0.000000;1.000000;0.000000;0.000000;0.000000;0.000000;0.000000;0.000000;0.000000;102.000000;-0.000000;-3.479154;-3.451350;1.479933;2.190202;3.780835;0.458809;0.218867;2.565190;1.399750;0.107843;0.107843;0.000000;1346.377210;0.470183;9.234636;7.905600;4.207665;17.704442;10.148052;1.206801;1.299870;1.056240;3.534575;0.107843;0.107843;0.000000;9601.377275;0.481382;1.958414;1.608450;1.591943;2.534281;2.523820;0.436453;1.197135;2.205648;2.070525;0.068627;0.068627;0.000000;520.476430;1.109527;-0.056058;-3.038795;35.662183;1271.791273;35.662227;6.169372;0.488598;-0.119410;47.677500;0.058824;0.058824;1.505882;64861.742948;1.763206;-4.645281;-6.321250;88.012791;7746.251392;88.135294;19.670036;-0.727593;0.442580;137.119000;0.088235;0.088235;1.505882;397276.804295;1.947210;0.000000;0.000000;-0.540979;0.470977;-0.310428;-0.778555;0.000000;-0.305629;-0.341156;0.000000;0.000000;-0.068423;0.077835;0.340647;0.405847;10.035697;17.562453;13.779121;18.586561;1.505060;0.000000;9.622199;1.005859;1.925618;118.277661;9045.994112
1.000000;1.000000;0.000000;0.000000;1.000000;0.000000;0.000000;0.000000;0.000000;0.000000;0.000000;0.000000;102.000000;-0.000000;-3.556010;-3.651950;1.232473;1.518991;3.763536;0.382315;0.160546;-0.642400;1.977775;0.117647;0.117647;0.000000;1367.289210;0.357504;9.507542;7.847500;3.907004;15.264684;10.279010;1.029773;1.177829;0.340559;3.853300;0.068627;0.068627;0.000000;9998.650999;0.412289;1.535316;1.695700;1.394130;1.943598;2.073836;0.386833;0.074166;0.391820;1.533822;0.098039;0.098039;0.000000;339.559148;1.230723;8.023699;12.325000;27.242703;742.164890;28.399730;6.360814;-1.067952;1.602013;31.037975;0.088235;0.088235;2.007843;44418.997704;2.165051;-46.342608;-46.974500;84.101836;7073.118759;96.024768;19.581026;0.290578;-0.348350;103.285825;0.107843;0.107843;0.000000;579829.893130;2.032569;0.000000;0.000000;-0.177526;0.018614;-0.025616;-0.546272;0.000000;-0.557991;-0.504740;0.000000;0.000000;0.376039;0.188693;0.246480;0.042650;10.327665;14.161587;14.063552;15.469301;1.480548;0.000000;10.200865;1.005859;1.671931;120.822242;10031.601497
1.000000;1.000000;0.000000;0.000000;1.000000;0.000000;0.000000;0.000000;0.000000;0.000000;0.000000;0.000000;102.000000;-0.000000;-3.018194;-2.716500;1.187030;1.409039;3.243229;0.299881;-0.405670;-0.435377;1.485675;0.088235;0.088235;0.000000;1001.030410;0.424127;9.543767;8.763350;2.808715;7.888880;9.948485;0.544907;1.264203;2.026818;3.561675;0.049020;0.049020;0.000000;9692.856238;0.255104;2.148181;2.222750;1.587543;2.520294;2.671137;0.281423;-0.191645;-0.201002;1.555025;0.078431;0.078431;0.000000;599.234016;0.803849;17.598771;19.243000;32.874852;1080.755881;37.289042;5.869307;-0.812402;0.717916;42.629250;0.098039;0.098039;0.000000;86709.751978;1.751163;-66.723768;-63.718500;77.871216;6063.926241;102.547488;16.595253;0.505409;0.283708;106.727500;0.078431;0.078431;0.000000;763373.499075;1.519030;0.000000;0.000000;-0.172935;0.389368;0.175574;-0.291873;0.000000;-0.186802;-0.423982;0.000000;0.000000;0.314439;0.089088;0.271004;0.039169;10.147172;7.525790;13.561961;8.018394;1.371583;0.000000;9.787168;1.005859;1.766154;110.490899;11913.595008
1.000000;1.000000;0.000000;0.000000;1.000000;0.000000;0.000000;0.000000;0.000000;0.000000;0.000000;0.000000;102.000000;-0.000000;-2.884190;-2.814300;0.887664;0.787947;3.017698;0.235783;0.101074;-0.345620;1.144150;0.078431;0.078431;0.000000;888.677896;0.274553;9.622951;9.418550;2.068594;4.279080;9.842777;0.479441;0.493611;0.128958;2.889700;0.068627;0.068627;0.000000;9663.577531;0.153121;2.551858;2.282450;1.315102;1.729494;2.870797;0.214779;0.255600;-1.230962;2.194325;0.068627;0.068627;0.000000;752.437002;0.530201;23.159886;23.061500;41.781768;1745.716159;47.771294;5.433802;-0.380948;-0.619614;62.758925;0.049020;0.049020;1.003922;143745.147611;1.171149;-39.132617;-42.266000;58.324574;3401.755944;70.236156;11.833507;0.173811;0.711012;52.969000;0.107843;0.107843;0.000000;329790.471178;1.919634;0.000000;0.000000;-0.267986;0.504290;0.499406;0.108343;0.000000;0.486230;0.170087;0.000000;0.000000;0.236670;-0.176438;0.180907;0.165074;10.140050;4.166142;13.507141;4.390154;0.727041;0.000000;10.209589;1.005859;2.439477;106.986766;7223.455581
1.000000;1.000000;0.000000;0.000000;1.000000;0.000000;0.000000;0.000000;0.000000;0.000000;0.000000;0.000000;102.000000;-0.000000;-3.114579;-2.984700;0.947848;0.898416;3.255613;0.263755;-0.608483;1.338883;1.115675;0.147059;0.147059;0.000000;1035.287507;0.283258;9.064395;9.150250;2.132837;4.548992;9.311941;0.494201;0.561961;0.520135;3.080525;0.078431;0.078431;0.000000;8612.650942;0.166544;2.481795;2.393050;1.082165;1.171081;2.707469;0.176603;0.023439;-0.969267;1.618300;0.068627;0.068627;0.000000;687.974272;0.402904;-0.840121;-10.470500;46.170881;2131.750254;46.178524;5.840679;0.486874;-0.819752;66.131500;0.049020;0.049020;0.501961;108800.947286;1.568985;-16.089218;-16.866500;47.837933;2288.467872;50.471089;11.259867;0.364204;0.358425;53.974925;0.117647;0.117647;1.003922;143115.888262;1.996002;0.000000;0.000000;-0.253153;0.219813;0.526208;0.151134;0.000000;0.257421;0.146577;0.000000;0.000000;0.221361;0.146129;0.226242;0.315774;9.688621;4.441885;13.178974;4.665117;0.836225;0.000000;9.954461;1.005859;2.267589;98.311266;4687.117252
1.000000;1.000000;0.000000;0.000000;1.000000;0.000000;0.000000;0.000000;0.000000;0.000000;0.000000;0.000000;102.000000;-0.000000;-2.720378;-2.611250;0.988911;0.977945;2.894547;0.267087;-1.063302;2.076570;1.011100;0.098039;0.098039;0.000000;804.734504;0.369122;9.164300;8.597400;2.534342;6.422891;9.508275;0.495587;1.252058;1.307479;2.615025;0.098039;0.098039;0.000000;8893.990104;0.219625;2.875668;2.824050;0.914087;0.835555;3.017452;0.207460;-0.059781;-0.614804;1.331425;0.088235;0.088235;0.000000;886.103833;0.293408;-8.540372;-11.333150;31.444066;988.729312;32.583236;4.688386;0.651514;0.238296;31.018450;0.058824;0.058824;1.505882;57865.212958;1.615057;55.347579;22.388500;89.948737;8090.775237;105.613113;10.969545;0.217297;-0.931269;136.285500;0.009804;0.009804;0.000000;725099.333046;1.434563;0.000000;0.000000;0.004533;0.444712;-0.163516;-0.028982;0.000000;0.233543;-0.103612;0.000000;0.000000;0.259980;0.144034;0.599041;0.564040;9.676381;6.153344;12.884678;6.486508;0.987604;0.000000;9.755827;1.005859;2.929300;99.785688;12224.902020
1.000000;1.000000;0.000000;0.000000;1.000000;0.000000;0.000000;0.000000;0.000000;0.000000;0.000000;0.000000;102.000000;-0.000000;-2.673496;-2.573650;0.966751;0.934608;2.842919;0.256082;-0.207157;-0.740777;1.233850;0.098039;0.098039;0.000000;776.723016;0.365057;9.249200;8.553550;2.264254;5.126847;9.522318;0.410457;1.835730;2.997196;2.095275;0.068627;0.068627;0.000000;8987.368542;0.198082;2.792209;2.730100;1.011031;1.022184;2.969615;0.214419;-0.006498;-0.767206;1.370500;0.039216;0.039216;0.000000;847.368108;0.339975;-5.259567;-11.333150;31.562199;996.172405;31.997429;3.868855;0.486681;-0.428223;42.425750;0.058824;0.058824;0.501961;53626.990860;1.702418;102.024989;106.545000;63.851994;4077.077173;120.358529;14.147308;-0.215073;-0.258373;79.167250;0.078431;0.078431;0.000000;1269660.771554;0.739181;0.000000;0.000000;0.148786;0.744999;-0.378801;-0.473073;0.000000;0.170842;-0.269638;0.000000;0.000000;0.284586;-0.254228;0.330783;0.369661;9.745641;4.779223;12.922696;5.203008;0.918461;0.000000;10.071211;1.005859;2.838417;99.756735;15518.829666
1.000000;1.000000;0.000000;0.000000;1.000000;0.000000;0.000000;0.000000;0.000000;0.000000;0.000000;0.000000;102.000000;-0.000000;-2.957781;-2.808850;0.831731;0.691777;3.072498;0.266100;-0.203265;-0.352945;1.123075;0.098039;0.098039;0.000000;927.625875;0.242904;9.099426;8.403550;3.479394;12.106183;9.741958;0.629752;1.522514;2.513482;2.494950;0.068627;0.068627;0.000000;9063.152104;0.407151;2.437782;2.405600;1.340113;1.795902;2.781849;0.245624;0.143360;-0.934544;1.958550;0.068627;0.068627;0.000000;697.761226;0.584097;-9.810434;-12.793500;48.170847;2320.430458;49.159690;5.874505;-0.669768;-0.032831;67.428750;0.029412;0.029412;1.003922;128179.155775;1.387689;31.481736;34.141000;69.754507;4865.691238;76.529674;15.279875;0.055625;-1.057709;123.165000;0.049020;0.049020;0.000000;349263.638766;1.922170;0.000000;0.000000;-0.079515;0.233842;-0.150574;-0.278381;0.000000;-0.221352;0.037616;0.000000;0.000000;-0.262335;-0.199046;0.220926;-0.436864;9.698106;11.292737;13.057208;12.230730;0.693943;0.000000;9.718273;1.005859;2.643249;105.345992;8281.204710
1.000000;1.000000;0.000000;0.000000;1.000000;0.000000;0.000000;0.000000;0.000000;0.000000;0.000000;0.000000;102.000000;-0.000000;-3.011968;-3.064100;1.494544;2.233662;3.362382;0.430502;1.491545;4.488948;1.552025;0.137255;0.137255;0.000000;1039.255894;0.593316;9.455049;7.831450;4.684716;21.946568;10.551991;0.980535;1.032554;-0.049799;5.856400;0.058824;0.058824;0.000000;10237.868208;0.509474;3.002178;2.525600;1.885898;3.556610;3.545374;0.363989;0.787766;0.967443;2.695900;0.049020;0.049020;0.000000;1100.722132;0.772883;-13.244904;-26.373000;63.236709;3998.881373;64.608891;7.768089;0.521261;-0.051752;89.307000;0.029412;0.029412;1.003922;221839.905006;1.508404;-11.909723;-11.250000;77.111451;5946.175927;78.025748;19.047014;-0.381600;1.899350;72.487250;0.098039;0.098039;2.007843;317723.270565;2.088935;0.000000;0.000000;-0.292143;0.423296;-0.240679;-0.425410;0.000000;-0.019283;-0.145500;0.000000;0.000000;-0.204103;-0.196012;0.426730;-0.042009;10.140516;20.820060;13.657151;22.375942;2.043696;0.000000;10.173105;1.005859;3.010829;123.650133;10274.895959
1.000000;1.000000;0.000000;0.000000;1.000000;0.000000;0.000000;0.000000;0.000000;0.000000;0.000000;0.000000;102.000000;-0.000000;-2.947046;-3.326850;1.983506;3.934295;3.552376;0.587540;0.549401;1.408465;2.013150;0.107843;0.107843;0.000000;1086.544627;0.900027;9.341562;7.848650;4.775952;22.809713;10.491639;0.993121;1.436716;1.455772;4.552075;0.068627;0.068627;0.000000;10064.586903;0.611753;3.423761;2.657950;1.833936;3.363321;3.884001;0.436473;1.258707;1.507170;2.218200;0.068627;0.068627;0.000000;1367.196793;0.666077;-19.139120;-41.333000;62.777215;3940.978707;65.629907;7.009911;0.990429;0.083635;79.998250;0.029412;0.029412;1.003922;238377.702458;1.787966;33.681473;39.386500;98.907125;9782.619393;104.484741;22.088014;-0.839190;0.661156;123.924000;0.078431;0.078431;0.000000;614629.540844;2.203694;0.000000;0.000000;-0.515877;0.503687;-0.336785;-0.409870;0.000000;-0.217972;-0.128465;0.000000;0.000000;-0.135633;-0.127807;0.450783;0.359295;10.046481;22.762078;13.571371;24.237551;2.771249;0.000000;10.248899;1.005859;3.756337;123.693863;15239.431135
1.000000;1.000000;0.000000;0.000000;1.000000;0.000000;0.000000;0.000000;0.000000;0.000000;0.000000;0.000000;102.000000;-0.000000;-2.912414;-2.983300;1.597909;2.553312;3.321967;0.425699;-0.264168;2.292313;1.830625;0.088235;0.088235;0.000000;995.407447;0.675348;9.655404;9.151650;3.878396;15.041957;10.405229;0.843842;1.593558;3.710972;4.048200;0.098039;0.098039;0.000000;10276.282886;0.428722;2.412844;2.064100;1.526301;2.329595;2.855068;0.345563;1.933502;4.464724;1.140075;0.088235;0.088235;0.000000;712.649174;0.842146;-16.188026;-14.491000;42.754472;1827.944881;45.716486;5.142242;0.024568;-0.058923;32.586425;0.068627;0.068627;0.501961;119958.962237;1.785834;76.578920;79.959500;72.941785;5320.503976;105.758380;16.460477;-0.956410;1.801938;80.671250;0.078431;0.078431;0.000000;869510.259837;1.318874;0.000000;0.000000;-0.578024;0.105074;-0.283540;-0.393599;0.000000;-0.411641;0.130437;0.000000;0.000000;0.088157;-0.221770;0.130984;0.302476;10.242391;15.397680;13.660447;16.154885;1.614594;0.000000;9.895568;1.005859;2.688183;120.304249;13282.983395
1.000000;1.000000;0.000000;0.000000;1.000000;0.000000;0.000000;0.000000;0.000000;0.000000;0.000000;0.000000;102.000000;-0.000000;-2.891573;-2.860450;1.317204;1.735027;3.177455;0.315966;-0.353539;0.301525;1.497325;0.088235;0.088235;0.000000;941.335457;0.496334;9.579771;9.576900;2.258670;5.101590;9.842438;0.525402;0.039779;-0.236107;3.209325;0.078431;0.078431;0.000000;9620.927102;0.174463;2.421951;2.129850;1.152674;1.328658;2.682258;0.209886;0.620874;-0.531356;1.605925;0.058824;0.058824;0.000000;666.092149;0.460195;-16.520195;-10.536000;31.302316;979.834960;35.394234;4.835782;-1.567684;3.126588;21.265873;0.068627;0.068627;0.000000;77810.574132;1.730332;45.729288;45.856000;71.481494;5109.603993;84.857362;14.963071;-0.128698;-0.065692;92.299818;0.107843;0.107843;0.000000;473914.354611;1.704110;0.000000;0.000000;-0.329160;0.276684;-0.357235;0.285610;0.000000;0.477903;-0.000238;0.000000;0.000000;0.338753;0.002897;0.059533;0.031941;10.135216;5.247219;13.471343;5.418857;1.485449;0.000000;10.368925;1.005859;2.080394;107.969815;8460.718103
1.000000;1.000000;0.000000;0.000000;1.000000;0.000000;0.000000;0.000000;0.000000;0.000000;0.000000;0.000000;102.000000;-0.000000;-2.555798;-2.516500;1.296519;1.680960;2.865845;0.339693;-0.170710;1.285241;1.340275;0.127451;0.127451;0.000000;752.008405;0.603634;9.165232;9.016750;2.397042;5.745811;9.473505;0.473093;0.490396;0.063556;3.274975;0.068627;0.068627;0.000000;8861.227015;0.203955;3.045958;2.984350;1.208161;1.459654;3.276814;0.221328;-0.115881;-0.698831;1.891150;0.088235;0.088235;0.000000;1020.791840;0.342049;0.660150;-2.019700;52.437694;2749.711778;52.441849;6.488652;-0.016728;-0.292721;61.622500;0.078431;0.078431;1.003922;140281.744608;1.358504;17.640703;18.847000;70.839240;5018.197960;73.002687;18.403636;-0.086214;-0.750597;114.149000;0.117647;0.117647;0.501961;287682.427556;1.975947;0.000000;0.000000;-0.108305;0.093235;0.139941;-0.101757;0.000000;0.205513;-0.231953;0.000000;0.000000;0.172932;0.238867;0.333484;0.339557;9.671230;5.427673;12.744816;5.830658;1.669647;0.000000;9.431908;1.005859;3.074241;98.960361;8090.277447
1.000000;1.000000;0.000000;0.000000;1.000000;0.000000;0.000000;0.000000;0.000000;0.000000;0.000000;0.000000;102.000000;-0.000000;-2.516885;-2.475250;1.126549;1.269113;2.757503;0.373650;0.422600;0.742731;1.131450;0.156863;0.156863;0.000000;710.866536;0.496797;9.231001;8.480700;2.247148;5.049674;9.500582;0.527350;0.853218;0.483268;2.674525;0.088235;0.088235;0.000000;8949.140291;0.190135;2.809049;2.675600;1.156511;1.337518;3.037807;0.321306;0.191232;-0.326344;1.552900;0.127451;0.127451;0.000000;873.116772;0.457128;-0.619151;-7.516750;54.331343;2951.894858;54.334871;6.851325;0.222276;-1.182846;92.691750;0.049020;0.049020;0.501961;150585.740009;1.313849;33.858803;36.402500;79.112455;6258.780464;86.053466;20.847852;0.697671;1.145485;104.705500;0.107843;0.107843;3.011765;436229.334569;2.210480;0.000000;0.000000;0.017922;0.222714;0.227720;-0.358133;0.000000;-0.218647;0.033583;0.000000;0.000000;-0.025204;-0.227482;-0.082953;0.334554;9.709344;4.593523;12.780508;5.100221;1.281129;0.000000;9.781602;1.005859;2.806076;98.864876;10366.705479
1.000000;1.000000;0.000000;0.000000;1.000000;0.000000;0.000000;0.000000;0.000000;0.000000;0.000000;0.000000;102.000000;-0.000000;-2.937777;-2.824650;1.090795;1.189835;3.133747;0.337045;0.126721;0.091691;1.593750;0.088235;0.088235;0.000000;940.997353;0.384252;9.216161;8.820900;1.585830;2.514858;9.351603;0.411184;0.436035;-0.179047;1.990200;0.068627;0.068627;0.000000;8791.952023;0.109569;3.006069;2.675600;1.162584;1.351602;3.223050;0.332586;0.604572;-0.192712;1.555350;0.117647;0.117647;0.000000;990.658948;0.395822;-24.642651;-21.300500;45.051101;2029.601691;51.350384;6.152842;0.026319;-1.391097;86.036000;0.029412;0.029412;0.000000;165454.210331;1.549920;57.768117;46.110000;77.969307;6079.212789;97.037973;17.512614;0.966837;1.214192;91.872125;0.068627;0.068627;0.000000;650440.153732;1.635618;0.000000;0.000000;0.018222;0.474128;0.012200;0.007366;0.000000;-0.286639;0.010363;0.000000;0.000000;-0.177773;-0.589911;0.073738;-0.096272;9.794429;2.342006;13.162775;2.540514;1.200859;0.000000;9.663882;1.005859;2.829843;98.272846;12063.618096
1.000000;1.000000;0.000000;0.000000;1.000000;0.000000;0.000000;0.000000;0.000000;0.000000;0.000000;0.000000;102.000000;-0.000000;-3.225147;-3.077900;1.813053;3.287161;3.699829;0.422667;-0.239151;1.737390;1.607800;0.078431;0.078431;0.000000;1228.610030;0.710564;9.043631;8.710050;3.061332;9.371751;9.547723;0.678481;1.559104;4.412314;2.720975;0.078431;0.078431;0.000000;8820.316086;0.331607;3.121672;2.961600;1.964042;3.857462;3.688129;0.406035;-0.102229;-0.580251;2.861400;0.049020;0.049020;0.000000;1190.709392;0.760445;-10.445231;-21.851000;57.015407;3250.756651;57.964295;7.204574;1.039303;0.938937;64.771750;0.049020;0.049020;1.003922;176917.089766;1.671712;44.548298;41.118000;86.564486;7493.410196;97.354820;17.248257;-0.804946;2.740066;98.886795;0.068627;0.068627;0.000000;584687.499960;2.200362;0.000000;0.000000;-0.630023;0.411099;-0.235860;-0.336276;0.000000;-0.451021;-0.116936;0.000000;0.000000;0.070803;-0.111033;0.264935;0.466666;9.763011;10.531357;13.388797;11.073049;1.711198;0.000000;9.801745;1.005859;3.103590;105.847750;12851.422876
1.000000;1.000000;0.000000;0.000000;1.000000;0.000000;0.000000;0.000000;0.000000;0.000000;0.000000;0.000000;102.000000;-0.000000;-3.444509;-2.970900;2.145642;4.603779;4.058130;0.627345;-0.275256;0.315155;2.762325;0.098039;0.098039;0.000000;1444.987809;0.802627;9.221166;7.522650;5.024587;25.246479;10.501256;1.175555;1.114085;0.272552;6.526025;0.078431;0.078431;0.000000;9960.640151;0.597888;2.470906;1.660950;2.278534;5.191718;3.361115;0.506214;0.370615;-0.867215;3.255225;0.049020;0.049020;0.000000;887.527970;1.141525;10.111522;-6.053150;59.169669;3501.049745;60.027432;8.335727;0.881039;-0.406903;85.492250;0.039216;0.039216;1.003922;188982.656573;1.535994;-6.069755;-0.598310;84.645004;7164.776765;84.862351;21.576026;-0.639707;0.300458;108.467000;0.098039;0.098039;2.509804;369162.717180;2.042506;0.000000;0.000000;-0.655071;0.572637;-0.264943;-0.491243;0.000000;-0.284999;-0.310658;0.000000;0.000000;0.189651;0.121710;0.159892;0.425357;10.058224;26.576937;13.785694;27.702975;2.442830;0.000000;9.771543;1.005859;2.294799;127.744798;10816.208396
1.000000;1.000000;0.000000;0.000000;1.000000;0.000000;0.000000;0.000000;0.000000;0.000000;0.000000;0.000000;102.000000;-0.000000;-4.044556;-3.821250;1.848166;3.415717;4.446813;0.627631;-0.280551;-0.699657;2.834600;0.107843;0.107843;0.000000;1842.788685;0.542010;9.597076;8.319200;4.664725;21.759656;10.670686;1.047650;0.984999;0.210700;5.955800;0.058824;0.058824;0.000000;10504.348216;0.494053;1.740454;1.439250;2.042894;4.173415;2.683765;0.407021;0.305018;-0.328876;2.782790;0.068627;0.068627;0.000000;521.824254;1.251329;8.751533;-5.701350;59.423182;3531.114603;60.064165;7.807186;0.369967;-0.640078;77.684250;0.029412;0.029412;1.003922;187914.824187;1.714483;-50.141052;-48.725500;101.085336;10218.245150;112.837805;24.765347;0.098361;0.093335;122.131750;0.127451;0.127451;0.000000;777610.086017;2.066880;0.000000;0.000000;-0.464233;0.257788;-0.016142;-0.454500;0.000000;-0.203615;-0.449999;0.000000;0.000000;0.254883;0.153579;0.155518;0.083839;10.635010;21.534245;14.641632;22.818543;2.606091;0.000000;10.568248;1.005859;1.915081;134.637681;16347.276791
1.000000;1.000000;0.000000;0.000000;1.000000;0.000000;0.000000;0.000000;0.000000;0.000000;0.000000;0.000000;102.000000;-0.000000;-3.416674;-3.033000;1.774744;3.149715;3.850114;0.460510;-0.561164;-0.643413;2.892175;0.078431;0.078431;0.000000;1351.349213;0.628227;9.527072;9.377050;2.439690;5.952086;9.834489;0.572054;1.193038;2.603642;2.416425;0.068627;0.068627;0.000000;9561.621777;0.201022;2.310601;2.835350;1.761394;3.102508;2.905406;0.343439;-0.896887;-0.032107;2.701987;0.088235;0.088235;0.000000;702.801679;0.888158;12.935850;3.923550;51.023590;2603.406750;52.637847;7.005414;0.012236;-0.050948;63.059250;0.039216;0.039216;1.505882;149843.061704;1.610798;-59.381628;-62.285000;97.908642;9586.102164;114.508864;22.421420;0.257718;0.447055;112.102525;0.098039;0.098039;0.000000;848572.051716;1.825675;0.000000;0.000000;-0.176981;-0.020976;0.127432;-0.455996;0.000000;-0.266611;-0.535045;0.000000;0.000000;0.320449;0.068404;0.182754;-0.008509;10.326004;5.914195;13.943745;6.208811;2.983108;0.000000;10.214885;1.005859;2.095257;112.540554;15891.464261
1.000000;1.000000;0.000000;0.000000;1.000000;0.000000;0.000000;0.000000;0.000000;0.000000;0.000000;0.000000;102.000000;-0.000000;-2.777279;-2.606200;1.192852;1.422896;3.022610;0.323421;-0.171392;-0.864426;1.793075;0.088235;0.088235;0.000000;859.331319;0.459904;9.810867;9.427200;2.815822;7.928854;10.206956;0.567350;1.623556;3.574804;2.620400;0.068627;0.068627;0.000000;10222.214288;0.246341;2.259975;2.614550;1.421486;2.020622;2.669852;0.263035;-0.545491;-0.885309;2.276225;0.078431;0.078431;0.000000;624.016598;0.718487;22.807003;21.120500;38.655333;1494.234806;44.882003;5.593228;0.056060;-1.074228;65.217600;0.049020;0.049020;1.003922;129274.923732;1.445805;-26.754305;-43.021000;76.552252;5860.247307;81.092787;15.342851;1.082203;1.646388;75.438700;0.088235;0.088235;0.000000;372079.636820;2.628637;0.000000;0.000000;-0.359256;0.262184;0.051222;-0.189229;0.000000;0.045289;0.153044;0.000000;0.000000;0.296673;-0.241881;-0.009282;0.303366;10.309458;8.033203;13.588145;8.226102;1.218240;0.000000;10.139482;1.005859;2.559154;114.318132;8597.562455
1.000000;1.000000;0.000000;0.000000;1.000000;0.000000;0.000000;0.000000;0.000000;0.000000;0.000000;0.000000;102.000000;-0.000000;-3.728879;-3.698650;1.351710;1.827120;3.966316;0.300658;-0.353158;0.672386;1.633900;0.068627;0.068627;0.000000;1511.450266;0.358968;9.400008;8.878000;3.105236;9.642491;9.899628;0.633933;1.459805;2.490243;3.393325;0.078431;0.078431;0.000000;9504.521183;0.288805;1.750393;1.532500;1.366603;1.867603;2.220694;0.230456;0.211929;-0.942113;2.059028;0.049020;0.049020;0.000000;407.768644;0.921663;17.350310;17.804500;36.038467;1298.771125;39.997555;4.516766;0.213581;-0.622102;47.608475;0.049020;0.049020;1.003922;96949.734457;1.634079;-19.596125;-41.274500;75.599976;5715.356352;78.098428;15.802010;1.376613;1.513678;72.158650;0.098039;0.098039;0.501961;330655.187569;2.005773;0.000000;0.000000;-0.161567;0.081703;0.391758;-0.151371;0.000000;0.098824;0.186833;0.000000;0.000000;0.151623;-0.013226;0.010149;0.390961;10.271030;9.240243;14.128887;9.796948;1.786223;0.000000;10.412303;1.005859;1.474986;114.734300;7704.100317
1.000000;1.000000;0.000000;0.000000;1.000000;0.000000;0.000000;0.000000;0.000000;0.000000;0.000000;0.000000;102.000000;-0.000000;-3.750050;-3.681250;1.385376;1.919265;3.997767;0.308643;-0.374596;0.679386;1.669625;0.078431;0.078431;0.000000;1532.296426;0.363503;8.829973;8.578250;2.213058;4.897625;9.103079;0.522960;1.019335;1.450640;2.865950;0.098039;0.098039;0.000000;8202.573810;0.197112;2.471810;2.396750;1.184465;1.402958;2.740949;0.261890;0.488083;0.036266;1.697325;0.107843;0.107843;0.000000;694.758004;0.483996;16.749111;15.491000;34.151423;1166.319709;38.037514;4.322083;0.231021;-0.764737;48.979700;0.049020;0.049020;0.000000;88109.779173;1.831644;-43.277838;-63.768500;68.146300;4643.918235;80.727254;17.286059;0.646070;0.743104;76.072825;0.088235;0.088235;0.000000;428045.089761;1.924093;0.000000;0.000000;-0.226421;0.002983;0.229702;-0.326437;0.000000;-0.211227;0.208369;0.000000;0.000000;0.039582;-0.248208;0.096254;0.235157;9.741757;4.946345;13.580023;5.101492;1.782893;0.000000;9.830425;1.005859;2.512850;99.848182;7971.254752
1.000000;1.000000;0.000000;0.000000;1.000000;0.000000;0.000000;0.000000;0.000000;0.000000;0.000000;0.000000;102.000000;-0.000000;-3.415873;-3.360550;1.323215;1.750899;3.663207;0.334732;-0.151147;-0.015643;1.711875;0.078431;0.078431;0.000000;1279.453204;0.402528;9.367482;9.373700;3.017054;9.102617;9.841359;0.683210;1.233888;2.855893;3.288575;0.098039;0.098039;0.000000;9414.714823;0.296342;1.831354;1.736100;1.828915;3.344931;2.588202;0.331885;0.771546;0.909533;1.980158;0.039216;0.039216;0.000000;512.694709;1.298742;15.618332;15.447000;50.356507;2535.777808;52.722956;6.515644;0.453153;-0.371525;85.562000;0.039216;0.039216;1.003922;154212.967977;1.666509;-63.440897;-68.051500;82.449833;6797.974903;104.032314;18.658941;-0.124379;0.075629;86.611500;0.107843;0.107843;0.000000;757339.311492;1.922137;0.000000;0.000000;-0.675055;0.430308;-0.019132;-0.466104;0.000000;-0.556740;-0.255436;0.000000;0.000000;-0.255442;0.155147;0.288453;0.554934;10.072384;9.818510;13.783355;10.083550;0.877427;0.000000;9.822519;1.005859;2.233024;111.271428;13609.131227
1.000000;1.000000;0.000000;0.000000;1.000000;0.000000;0.000000;0.000000;0.000000;0.000000;0.000000;0.000000;102.000000;-0.000000;-3.440791;-3.631600;1.627395;2.648415;3.806239;0.456114;1.167375;2.462029;1.298575;0.137255;0.137255;0.000000;1342.654888;0.550523;9.244421;8.771650;3.306173;10.930782;9.817846;0.777465;1.182199;1.911626;3.360225;0.058824;0.058824;0.000000;9274.333673;0.348184;1.460686;1.028550;1.946094;3.787280;2.433287;0.371004;1.360950;1.490473;1.250683;0.049020;0.049020;0.000000;410.779026;1.612314;9.043132;3.489200;47.223606;2230.068965;48.081672;6.726099;0.865103;0.693700;60.200000;0.049020;0.049020;1.003922;122083.496221;1.474427;-51.617086;-45.905000;89.687408;8043.831224;103.480214;20.647832;-0.689490;0.997394;104.838225;0.107843;0.107843;0.000000;682014.722795;2.036186;0.000000;0.000000;-0.524025;0.473229;-0.004440;-0.510562;0.000000;-0.162063;-0.302596;0.000000;0.000000;-0.029806;0.005551;0.154241;0.376999;10.036240;11.151444;13.833210;11.916307;1.797338;0.000000;10.167937;1.005859;1.206461;111.877551;13025.922870
1.000000;1.000000;0.000000;0.000000;1.000000;0.000000;0.000000;0.000000;0.000000;0.000000;0.000000;0.000000;102.000000;-0.000000;-3.396502;-3.568850;1.611133;2.595750;3.759252;0.452602;1.216557;2.189650;1.960075;0.117647;0.117647;0.000000;1309.086889;0.565010;8.765423;7.721750;3.283686;10.782597;9.360301;0.857574;1.669697;2.036168;1.815600;0.098039;0.098039;0.000000;8386.875691;0.379574;2.227752;1.844000;1.461679;2.136506;2.664467;0.335132;0.753038;0.201414;2.233700;0.058824;0.058824;0.000000;615.184013;0.820323;9.793344;11.344500;31.738032;1007.302703;33.214640;5.754574;0.489819;0.155696;57.605500;0.068627;0.068627;1.003922;61193.604858;2.260310;-51.125751;-36.062000;90.971346;8275.785874;104.353382;20.606337;-0.438724;0.112377;141.747250;0.098039;0.098039;0.000000;688737.446141;2.022862;0.000000;0.000000;-0.131422;0.346084;-0.163728;-0.536949;0.000000;0.207853;-0.159626;0.000000;0.000000;0.224968;-0.219422;0.034720;-0.226532;9.636323;9.888488;13.309923;10.948564;2.562242;0.000000;9.443353;1.005859;2.246101;102.747202;11999.939929
1.000000;1.000000;0.000000;0.000000;1.000000;0.000000;0.000000;0.000000;0.000000;0.000000;0.000000;0.000000;102.000000;-0.000000;-3.580458;-3.705650;1.350720;1.824444;3.826764;0.426585;0.185342;-0.442129;2.103025;0.098039;0.098039;0.000000;1400.703552;0.400128;9.343201;7.796550;3.431717;11.776682;9.953496;0.953681;1.447495;1.190533;3.372950;0.078431;0.078431;0.000000;9504.744142;0.360781;2.022723;2.157250;1.571805;2.470571;2.561636;0.338633;-0.682586;0.077907;2.096400;0.088235;0.088235;0.000000;543.324662;0.960236;14.156581;16.491000;47.613813;2267.075234;49.673776;7.235181;-0.770795;1.002284;45.094325;0.078431;0.078431;1.505882;136063.437361;1.660016;-63.375866;-79.708000;101.010786;10203.178841;119.246296;22.954802;0.244479;-0.938487;165.897750;0.078431;0.078431;0.000000;930054.220356;1.669448;0.000000;0.000000;-0.038604;-0.056217;-0.140540;-0.679369;0.000000;-0.079552;-0.124253;0.000000;0.000000;0.653788;-0.106609;0.238404;-0.330318;10.205777;10.558331;13.923659;11.896531;1.839259;0.000000;10.167960;1.005859;2.017118;114.716211;16693.725183
1.000000;1.000000;0.000000;0.000000;1.000000;0.000000;0.000000;0.000000;0.000000;0.000000;0.000000;0.000000;102.000000;-0.000000;-4.923477;-4.544050;2.223865;4.945575;5.402425;0.487994;-0.618945;0.508991;2.294500;0.098039;0.098039;0.000000;2724.797520;0.482870;8.979608;8.462050;3.186521;10.153918;9.528236;0.718549;0.759660;0.688863;3.786600;0.078431;0.078431;0.000000;8742.493775;0.355081;1.602524;1.589100;1.469980;2.160842;2.174609;0.284398;-0.291719;-0.021839;2.034417;0.078431;0.078431;0.000000;372.159811;1.086775;24.896153;28.993500;47.471285;2253.522890;53.603557;6.048660;-1.216765;1.952084;52.253075;0.049020;0.049020;0.000000;178160.162466;1.775709;-36.383195;-35.329500;88.462045;7825.533388;95.651818;19.832550;-0.045748;-0.168703;114.155250;0.107843;0.107843;0.000000;534133.762338;2.002064;0.000000;0.000000;0.158429;0.043335;0.072073;-0.543168;0.000000;-0.113042;0.041573;0.000000;0.000000;0.438364;-0.133777;0.321971;-0.198971;10.629228;7.992991;14.903085;10.488442;4.760552;0.000000;10.554526;1.005859;1.384098;120.973474;12027.340514
1.000000;1.000000;0.000000;0.000000;1.000000;0.000000;0.000000;0.000000;0.000000;0.000000;0.000000;0.000000;102.000000;-0.000000;-5.295362;-5.114900;1.963199;3.854149;5.647566;0.351474;-0.886005;0.742582;2.126700;0.098039;0.098039;0.000000;3056.730533;0.334035;8.364702;8.462050;2.428980;5.899944;8.710234;0.537178;-0.016657;-0.707327;3.646975;0.088235;0.088235;0.000000;7437.661662;0.237628;1.810804;1.597450;1.060685;1.125052;2.098586;0.202016;0.398998;-1.022396;1.973707;0.058824;0.058824;0.000000;391.839773;0.660558;19.870767;20.702500;32.146668;1033.408251;37.792270;5.262684;-0.313373;-0.219949;43.362398;0.068627;0.068627;0.000000;92986.284561;1.699852;-35.463500;-30.340500;71.036143;5046.133645;79.396432;13.381737;-0.107707;-0.387532;102.056600;0.088235;0.088235;0.000000;385713.950371;2.185692;0.000000;0.000000;0.125692;0.419261;0.311253;-0.073808;0.000000;-0.291249;0.007015;0.000000;0.000000;0.452956;0.152818;0.484910;0.240950;10.196983;4.784719;14.660064;6.122637;3.728032;0.000000;10.190549;1.005859;1.738768;108.763188;7736.453179
1.000000;1.000000;0.000000;0.000000;1.000000;0.000000;0.000000;0.000000;0.000000;0.000000;0.000000;0.000000;102.000000;-0.000000;-3.753670;-3.525300;1.487043;2.211297;4.037491;0.358476;0.109457;0.430024;1.797675;0.088235;0.088235;0.000000;1549.999243;0.431510;8.624588;8.409750;1.630982;2.660104;8.777450;0.409117;0.265035;-0.676444;2.125075;0.088235;0.088235;0.000000;7722.816142;0.126718;2.396002;2.187800;1.588090;2.522030;2.874519;0.228689;0.296471;-0.659287;2.387475;0.029412;0.029412;0.000000;714.206223;0.749653;21.791801;9.535250;53.014115;2810.496347;57.318225;7.194673;0.751807;-0.251123;71.822250;0.058824;0.058824;1.003922;191777.852405;1.495892;-45.929210;-54.017000;75.058996;5633.852923;87.996280;17.157186;0.125545;-0.913070;122.941000;0.088235;0.088235;0.000000;502520.896366;1.883408;0.000000;0.000000;-0.015860;0.294307;0.508571;-0.150890;0.000000;-0.108899;-0.030252;0.000000;0.000000;0.397408;0.426559;0.275586;0.161756;9.584383;2.484559;13.384311;2.689747;2.229886;0.000000;9.648126;1.005859;2.552882;94.344962;11036.987111
1.000000;1.000000;0.000000;0.000000;1.000000;0.000000;0.000000;0.000000;0.000000;0.000000;0.000000;0.000000;102.000000;-0.000000;-3.439149;-3.412400;1.592341;2.535549;3.789894;0.410728;0.091626;1.125952;1.419425;0.107843;0.107843;0.000000;1335.787046;0.565262;9.172138;8.377700;2.892299;8.365393;9.617355;0.582637;1.506411;2.853850;2.814750;0.068627;0.068627;0.000000;9007.714771;0.288117;2.056428;1.772950;2.000148;4.000590;2.868708;0.352236;0.131393;-0.473911;3.087023;0.039216;0.039216;0.000000;635.377866;1.044014;33.751287;15.342500;48.999961;2400.996223;59.499123;6.776437;0.628235;-0.395378;63.654950;0.049020;0.049020;0.000000;238651.155027;1.386695;-58.708810;-59.979000;77.450097;5998.517528;97.186635;18.823007;-0.172377;-0.117949;97.032275;0.127451;0.127451;0.000000;657525.507573;1.721582;0.000000;0.000000;-0.515021;0.164803;0.390216;-0.230575;0.000000;-0.333216;-0.140685;0.000000;0.000000;0.328870;0.227600;0.083909;0.418625;9.942537;9.002770;13.651342;9.299686;1.709185;0.000000;9.705495;1.005859;2.458782;107.856811;12993.617058
1.000000;1.000000;0.000000;0.000000;1.000000;0.000000;0.000000;0.000000;0.000000;0.000000;0.000000;0.000000;102.000000;-0.000000;-3.912425;-3.867450;1.590489;2.529655;4.223354;0.492904;0.288126;1.189359;1.647075;0.107843;0.107843;0.000000;1690.399200;0.468455;8.419011;7.250550;3.791199;14.373192;9.233252;0.717314;0.930806;0.490672;4.584500;0.049020;0.049020;0.000000;7962.822994;0.454107;2.511373;2.449000;2.008849;4.035475;3.215971;0.415254;-0.152834;-0.139155;2.401275;0.068627;0.068627;0.000000;849.122657;0.985324;6.631036;10.947500;54.436867;2963.372479;54.839248;6.904602;-1.024109;0.593265;42.276900;0.078431;0.078431;1.003922;155628.622477;1.495567;-46.454931;-44.995000;119.747983;14339.579325;128.443139;23.209769;-0.520104;0.026441;112.895250;0.068627;0.068627;2.509804;951490.171870;1.923080;0.000000;0.000000;-0.337671;-0.462278;0.152277;-0.153347;0.000000;-0.132916;-0.205185;0.000000;0.000000;0.108902;0.173542;0.101359;-0.117231;9.529584;13.276686;13.368971;14.859136;2.211066;0.000000;10.045399;1.005859;1.800109;104.089656;19515.325553
1.000000;1.000000;0.000000;0.000000;1.000000;0.000000;0.000000;0.000000;0.000000;0.000000;0.000000;0.000000;102.000000;-0.000000;-4.049886;-3.783350;2.033565;4.135385;4.531773;0.768504;-1.568994;4.456493;2.021575;0.147059;0.147059;0.000000;1883.988496;0.666531;8.732847;7.330650;4.401049;19.369228;9.779154;0.982975;1.300488;1.197657;3.803125;0.058824;0.058824;0.000000;8766.617739;0.544724;3.119514;3.042700;1.577496;2.488493;3.495691;0.437169;-0.368628;0.764143;1.809425;0.137255;0.137255;0.000000;1119.521757;0.616191;-10.567147;6.597000;58.538350;3426.738453;59.484477;8.411702;-0.770935;-0.661060;80.480750;0.029412;0.029412;0.501961;186155.009852;1.582088;-26.022983;-27.120000;136.069244;18514.839103;138.535320;32.113519;-0.144403;-0.185086;193.638750;0.078431;0.078431;1.505882;1013375.527496;2.168941;0.000000;0.000000;-0.433544;-0.000495;-0.121060;-0.109433;0.000000;-0.116269;-0.076648;0.000000;0.000000;-0.148941;-0.023295;0.109240;-0.500479;9.886466;19.426592;13.786267;20.501575;3.235757;0.000000;9.201115;1.005859;3.638005;117.168810;22742.657666
1.000000;1.000000;0.000000;0.000000;1.000000;0.000000;0.000000;0.000000;0.000000;0.000000;0.000000;0.000000;102.000000;-0.000000;-3.514814;-3.203300;2.265077;5.130575;4.181446;0.634279;-1.328624;3.358553;2.344775;0.107843;0.107843;0.000000;1521.758882;0.862447;9.926013;8.791300;3.580620;12.820843;10.552089;0.898614;1.660436;2.637685;3.329625;0.078431;0.078431;0.000000;10703.503332;0.362096;2.287847;3.003300;2.304419;5.310348;3.247244;0.419884;-0.788568;-0.512195;3.532650;0.058824;0.058824;0.000000;804.720640;1.079479;21.252518;21.203000;53.332959;2844.404495;57.411445;8.222849;-0.714365;1.084237;47.414600;0.078431;0.078431;1.003922;191135.714116;1.776561;-50.863311;-60.426000;115.180734;13266.601384;125.911389;26.326824;0.581799;0.373610;147.491250;0.058824;0.058824;0.000000;940483.641241;2.139823;0.000000;0.000000;-0.503355;0.106283;-0.002024;-0.513100;0.000000;-0.137540;-0.132921;0.000000;0.000000;0.303356;-0.083134;-0.009245;-0.198997;10.728600;14.728197;14.463181;14.728230;3.400924;0.000000;10.948942;1.005859;2.263741;129.831063;19160.296359
1.000000;1.000000;0.000000;0.000000;1.000000;0.000000;0.000000;0.000000;0.000000;0.000000;0.000000;0.000000;102.000000;-0.000000;-3.191276;-3.109550;1.450659;2.104412;3.505518;0.271871;0.195540;0.224580;1.495550;0.058824;0.058824;0.000000;1146.140256;0.481050;9.729397;9.549700;2.585446;6.684529;10.067060;0.574852;0.053844;-0.016746;3.466775;0.068627;0.068627;0.000000;9996.357821;0.196109;1.967398;2.132150;2.082632;4.337355;2.864963;0.301728;-0.590994;-0.254102;2.378250;0.049020;0.049020;0.000000;616.051070;1.208594;33.620714;23.094500;40.465598;1637.464621;52.610047;5.909867;0.439994;-0.704660;64.260675;0.049020;0.049020;0.000000;198826.926547;1.327806;-50.735132;-43.164000;76.930993;5918.377647;92.154388;13.726089;-0.831563;0.870986;66.448525;0.078431;0.078431;0.000000;564416.724770;1.584759;0.000000;0.000000;-0.149223;-0.159709;0.123025;-0.474297;0.000000;-0.204779;-0.054308;0.000000;0.000000;0.759096;0.123774;0.035835;0.282807;10.403842;6.394430;13.943027;6.818778;2.057182;0.000000;10.175621;1.005859;1.753820;114.634349;11268.456323
1.000000;1.000000;0.000000;0.000000;1.000000;0.000000;0.000000;0.000000;0.000000;0.000000;0.000000;0.000000;102.000000;-0.000000;-3.590167;-3.548950;1.250217;1.563042;3.801623;0.258115;-0.209696;0.396081;1.649075;0.098039;0.098039;0.000000;1394.425662;0.327396;9.137644;8.859650;2.564643;6.577392;9.490729;0.495328;0.563246;0.336215;2.872325;0.078431;0.078431;0.000000;8852.109560;0.215782;2.412724;2.343150;1.298582;1.686314;2.739991;0.241624;0.109082;-1.337589;2.323825;0.049020;0.049020;0.000000;679.778114;0.608169;8.608780;2.037100;33.919625;1150.540972;34.995029;4.617709;0.645356;-0.472117;34.544500;0.078431;0.078431;1.003922;66237.796453;1.464540;-27.023763;-42.402500;48.320013;2334.823693;55.363413;12.310863;0.993195;0.472322;56.380160;0.088235;0.088235;0.000000;193574.251007;1.752741;0.000000;0.000000;-0.027168;-0.345872;0.426531;0.059265;0.000000;-0.043606;0.266854;0.000000;0.000000;0.282491;0.243151;0.058709;0.296528;9.982132;5.883314;13.727811;6.644043;1.576990;0.000000;10.126852;1.005859;2.433585;105.526273;4297.267085
1.000000;1.000000;0.000000;0.000000;1.000000;0.000000;0.000000;0.000000;0.000000;0.000000;0.000000;0.000000;102.000000;-0.000000;-4.018872;-3.526050;1.723815;2.971539;4.372970;0.289017;-0.403780;-0.554478;2.344050;0.019608;0.019608;0.000000;1798.985849;0.415003;8.208017;8.284600;1.123692;1.262683;8.284577;0.297545;-0.081019;-0.774867;1.732975;0.137255;0.137255;0.000000;6936.300958;0.071379;3.036378;3.245200;1.203847;1.449247;3.266319;0.215697;-0.645057;-0.244963;1.456425;0.078431;0.078431;0.000000;1014.309762;0.366357;22.845950;24.419500;35.130797;1234.172873;41.905970;4.344042;-0.243597;-1.138724;60.394775;0.039216;0.039216;0.000000;116180.441285;1.392008;-44.986769;-47.486500;48.885945;2389.835645;66.435269;11.235048;0.971428;1.613572;38.334500;0.147059;0.147059;0.000000;328338.747990;1.496484;0.000000;0.000000;-0.133346;-0.048888;0.293534;-0.520703;0.000000;-0.340209;0.045836;0.000000;0.000000;0.154662;0.192237;0.283489;0.032002;9.322528;1.847561;13.226889;3.039527;1.236619;0.000000;9.347130;1.005859;3.145018;88.757091;6180.424161
1.000000;1.000000;0.000000;0.000000;1.000000;0.000000;0.000000;0.000000;0.000000;0.000000;0.000000;0.000000;102.000000;-0.000000;-3.921676;-3.276950;1.571828;2.470642;4.224948;0.277679;-0.992606;-0.156049;2.030575;0.058824;0.058824;0.000000;1694.716641;0.387570;8.740029;8.477650;2.557457;6.540586;9.106520;0.490084;2.184306;7.684327;1.853800;0.049020;0.049020;0.000000;8125.255992;0.286225;1.955524;2.396650;1.962582;3.851730;2.770524;0.321994;-0.003837;0.141477;2.539100;0.029412;0.029412;0.000000;586.524326;1.273126;30.202677;33.934000;33.105844;1095.996885;44.812929;4.851008;-0.282527;-0.984695;52.345025;0.039216;0.039216;0.000000;148941.217742;1.314740;-62.155605;-59.173500;46.699113;2180.807111;77.743979;10.715008;-0.111764;-0.253636;59.111500;0.098039;0.098039;0.000000;505305.498576;1.018657;0.000000;0.000000;-0.488530;0.590844;-0.359871;-0.462099;0.000000;-0.507644;-0.186518;0.000000;0.000000;-0.221519;0.016593;0.089146;0.405488;9.713656;7.423767;13.661706;7.406254;1.694194;0.000000;9.459409;1.005859;2.454959;101.778888;8060.000722
1.000000;1.000000;0.000000;0.000000;1.000000;0.000000;0.000000;0.000000;0.000000;0.000000;0.000000;0.000000;102.000000;-0.000000;-3.919105;-4.060200;2.024972;4.100513;4.411337;0.447979;0.683382;1.706646;2.289625;0.078431;0.078431;0.000000;1775.792573;0.622732;8.579178;8.688900;3.232289;10.447691;9.167878;0.738566;0.939453;2.187576;3.624825;0.078431;0.078431;0.000000;8040.278532;0.371443;1.844627;2.341600;1.852045;3.430071;2.613947;0.325310;0.041544;0.814108;2.197625;0.049020;0.049020;0.000000;522.003725;1.255500;3.422914;2.113650;33.141545;1098.362031;33.317839;6.261804;0.586547;-0.269829;49.020000;0.078431;0.078431;1.003922;57215.993863;1.744697;-38.014397;-29.714500;84.572370;7152.485720;92.723137;18.053065;0.107810;1.534071;97.259425;0.078431;0.078431;0.000000;512194.317815;1.914794;0.000000;0.000000;-0.401369;0.092229;-0.090074;-0.523499;0.000000;-0.006266;-0.397969;0.000000;0.000000;-0.156711;-0.021862;0.163942;0.325515;9.686590;10.679863;13.670201;11.506768;3.185478;0.000000;9.884889;1.005859;1.240770;104.509887;9714.491161
1.000000;1.000000;0.000000;0.000000;1.000000;0.000000;0.000000;0.000000;0.000000;0.000000;0.000000;0.000000;102.000000;-0.000000;-3.550485;-3.915100;2.316129;5.364454;4.239150;0.569459;0.312134;0.010711;2.977775;0.088235;0.088235;0.000000;1559.397912;0.834964;8.912814;7.670350;4.382776;19.208727;9.932118;1.042677;1.264690;1.013693;4.926950;0.078431;0.078431;0.000000;9082.357727;0.520495;2.745336;2.737550;1.050048;1.102601;2.939298;0.251616;0.273696;1.311399;1.329075;0.088235;0.088235;0.000000;825.043249;0.430214;1.226444;7.107450;30.625465;937.919107;30.650013;6.633034;-0.002643;-0.697966;47.887000;0.068627;0.068627;2.007843;48012.061418;2.594839;-36.716969;-22.805000;104.439840;10907.680248;110.705989;24.309968;-0.111134;-0.137531;121.073750;0.078431;0.078431;3.011765;693852.479578;2.114725;0.000000;0.000000;-0.322113;0.171390;-0.285445;-0.423670;0.000000;0.028003;-0.389709;0.000000;0.000000;-0.187257;-0.118569;0.167719;0.139456;9.928359;19.045067;13.651349;20.139593;4.676887;0.000000;9.221661;1.005859;2.952310;117.617370;13203.878815
1.000000;1.000000;0.000000;0.000000;1.000000;0.000000;0.000000;0.000000;0.000000;0.000000;0.000000;0.000000;102.000000;-0.000000;-3.263871;-2.989200;1.834082;3.363857;3.743890;0.517249;-0.450953;-0.261633;2.237775;0.127451;0.127451;0.000000;1258.157053;0.696591;9.563133;8.635700;3.852732;14.843543;10.310047;0.908032;1.591137;2.031382;3.217150;0.078431;0.078431;0.000000;10085.282519;0.411781;1.903430;1.890450;1.559110;2.430824;2.460462;0.275951;-0.193532;-0.192444;2.294548;0.098039;0.098039;0.000000;493.524297;0.969286;9.255789;7.733650;42.729043;1825.771107;43.720027;7.151630;0.200112;-0.009212;47.682000;0.058824;0.058824;1.505882;101852.943779;1.610051;-54.669592;-45.742000;110.039759;12108.748667;122.871937;23.764429;-0.051835;-0.704401;154.942750;0.058824;0.058824;0.000000;922400.308956;1.892198;0.000000;0.000000;-0.379473;0.108304;-0.385489;-0.604620;0.000000;-0.585842;-0.344107;0.000000;0.000000;0.274281;0.033450;0.213038;0.250219;10.295585;15.314703;13.843138;15.591853;2.795818;0.000000;10.255228;1.005859;2.117953;121.313775;17015.007531
1.000000;1.000000;0.000000;0.000000;1.000000;0.000000;0.000000;0.000000;0.000000;0.000000;0.000000;0.000000;102.000000;-0.000000;-4.015733;-3.681750;1.637634;2.681846;4.336814;0.342980;-0.330933;-0.427646;2.351750;0.078431;0.078431;0.000000;1781.694031;0.388741;9.084582;8.692200;1.924841;3.705014;9.286261;0.492772;1.182321;1.522022;2.486150;0.117647;0.117647;0.000000;8606.982467;0.148804;2.043532;1.941500;1.647883;2.715520;2.625175;0.236288;-0.128422;-0.390923;2.063925;0.039216;0.039216;0.000000;564.447295;0.819053;15.152309;17.887500;46.778818;2188.257792;49.171641;6.394038;0.023818;-0.606108;54.254250;0.049020;0.049020;1.505882;135058.159923;1.954570;-49.899324;-41.150000;86.777446;7530.325189;100.101287;14.933823;-0.246681;1.021062;85.840200;0.098039;0.098039;0.000000;638038.046652;1.611145;0.000000;0.000000;0.142759;0.077064;-0.342541;-0.518200;0.000000;-0.302044;-0.249282;0.000000;0.000000;-0.072858;0.252396;0.025705;0.344958;10.131058;3.404263;14.100315;3.913132;2.536964;0.000000;9.738910;1.005859;1.647925;106.042605;12445.009541
1.000000;1.000000;0.000000;0.000000;1.000000;0.000000;0.000000;0.000000;0.000000;0.000000;0.000000;0.000000;102.000000;-0.000000;-3.963748;-3.468100;1.544044;2.384073;4.253866;0.264919;-0.275944;-0.275765;2.316325;0.058824;0.058824;0.000000;1724.142572;0.365871;9.041228;8.485600;2.154149;4.640360;9.294309;0.548193;0.679629;0.629698;2.686200;0.098039;0.098039;0.000000;8574.529618;0.181379;2.722936;2.612550;1.497173;2.241527;3.107395;0.231531;-0.108507;-1.253006;2.698825;0.058824;0.058824;0.000000;870.587482;0.494642;12.075520;14.502000;43.560882;1897.550470;45.203635;6.278006;0.408250;-0.748652;59.145000;0.049020;0.049020;1.003922;111648.647684;1.616639;-24.781785;-32.093000;54.808278;3003.947327;60.150513;11.993205;0.345588;-0.004479;54.539975;0.068627;0.068627;0.501961;215846.160908;1.900052;0.000000;0.000000;-0.021249;0.218510;0.205290;0.118508;0.000000;0.232949;0.005313;0.000000;0.000000;0.050514;0.650827;-0.051853;0.166879;10.054217;4.392259;14.004977;4.688538;2.405444;0.000000;9.972612;1.005859;3.124289;105.479546;5671.108756
1.000000;1.000000;0.000000;0.000000;1.000000;0.000000;0.000000;0.000000;0.000000;0.000000;0.000000;0.000000;102.000000;-0.000000;-3.249729;-2.980950;1.450361;2.103548;3.558692;0.292628;-0.600051;0.218126;0.977900;0.058824;0.058824;0.000000;1184.485776;0.486256;9.346500;8.936550;2.264509;5.127999;9.616915;0.528224;0.672714;1.012177;2.855550;0.078431;0.078431;0.000000;9171.948442;0.173560;2.960561;3.537250;1.519209;2.307997;3.327599;0.235686;-0.619367;-1.055450;2.626700;0.029412;0.029412;0.000000;1011.735167;0.491547;11.435553;0.952200;48.308126;2333.675056;49.643196;6.509297;0.547992;-1.029228;80.175500;0.058824;0.058824;1.003922;132359.654209;1.547395;-17.334160;-26.930000;50.056272;2505.630355;52.972667;13.004782;0.481444;-0.053927;66.680000;0.088235;0.088235;0.501961;158453.525355;2.273111;0.000000;0.000000;-0.328563;-0.014314;0.467575;0.019289;0.000000;0.043624;-0.060382;0.000000;0.000000;0.399189;0.238067;-0.002868;0.351984;10.036035;5.427355;13.596229;5.527739;1.775407;0.000000;9.852693;1.005859;2.867791;106.149351;5281.623296
1.000000;1.000000;0.000000;0.000000;1.000000;0.000000;0.000000;0.000000;0.000000;0.000000;0.000000;0.000000;102.000000;-0.000000;-3.125820;-3.191950;1.325274;1.756351;3.395158;0.318978;0.169857;0.394782;1.400225;0.098039;0.098039;0.000000;1086.202915;0.452497;9.336875;8.874450;2.152946;4.635175;9.581880;0.576623;1.016661;1.288213;2.582100;0.098039;0.098039;0.000000;9128.484157;0.162624;2.024752;2.194150;1.948436;3.796402;2.809986;0.247680;-0.208929;-1.362407;3.598708;0.029412;0.029412;0.000000;611.780279;1.031815;23.618350;27.538000;43.182924;1864.764898;49.219827;5.682396;-0.151914;-1.127878;67.882250;0.039216;0.039216;0.000000;152006.226962;1.683430;-66.717707;-58.313500;73.341815;5379.021894;99.147740;13.868634;-0.833508;0.488322;84.838250;0.078431;0.078431;0.000000;728385.980666;1.387471;0.000000;0.000000;-0.312282;-0.286990;0.161669;-0.387226;0.000000;-0.393591;-0.043380;0.000000;0.000000;0.277795;0.054879;0.053300;0.491616;9.979227;4.754558;13.467364;4.937038;1.517771;0.000000;10.141423;1.005859;2.366203;104.339521;12260.761680
1.000000;1.000000;0.000000;0.000000;1.000000;0.000000;0.000000;0.000000;0.000000;0.000000;0.000000;0.000000;102.000000;-0.000000;-3.680070;-3.756900;1.398976;1.957134;3.937010;0.346587;0.148152;1.344300;1.484300;0.107843;0.107843;0.000000;1481.194623;0.391436;8.878314;8.573900;3.373672;11.381663;9.497690;0.697955;1.220623;3.207618;2.724575;0.147059;0.147059;0.000000;8620.714884;0.395721;1.716695;2.114400;1.831883;3.355794;2.510545;0.287265;0.044381;-1.039690;3.125530;0.029412;0.029412;0.000000;471.757135;1.108334;11.293060;26.797000;55.377318;3066.647367;56.517082;7.524416;-1.116618;0.664365;67.674750;0.049020;0.049020;1.003922;169407.455297;1.613124;-60.164901;-64.112000;87.492698;7654.972170;106.182802;15.110782;-0.102457;-0.073097;93.834350;0.088235;0.088235;0.000000;759627.793488;1.573337;0.000000;0.000000;-0.485584;0.027830;-0.101670;-0.691411;0.000000;0.348169;0.070846;0.000000;0.000000;0.063487;-0.257218;0.209160;-0.393020;9.794693;10.770155;13.563052;12.027333;1.443532;0.000000;9.576697;1.005859;1.147893;106.706169;14475.270881
1.000000;1.000000;0.000000;0.000000;1.000000;0.000000;0.000000;0.000000;0.000000;0.000000;0.000000;0.000000;102.000000;-0.000000;-3.440047;-3.549400;1.712137;2.931412;3.842569;0.572307;0.676795;2.144826;1.678300;0.127451;0.127451;0.000000;1356.616702;0.599351;8.559455;7.632650;4.529843;20.519482;9.684201;0.890899;1.400922;1.671460;3.134950;0.078431;0.078431;0.000000;8519.484491;0.589181;2.682641;2.428900;1.670922;2.791979;3.160466;0.436256;1.008648;1.604485;1.793875;0.088235;0.088235;0.000000;876.463244;0.771670;18.941117;32.483000;63.461596;4027.374193;66.227940;8.997321;-0.722433;0.057597;82.437250;0.058824;0.058824;1.003922;241990.232706;1.464395;-29.459985;-43.797500;77.412412;5992.681534;82.828571;19.481343;0.263075;-0.428035;94.678250;0.078431;0.078431;2.509804;394160.837999;1.999072;0.000000;0.000000;-0.416429;0.370236;-0.140827;-0.365528;0.000000;0.246400;0.242309;0.000000;0.000000;-0.021006;-0.452120;0.557904;-0.151782;9.509166;19.124851;13.107013;21.302648;2.380433;0.000000;9.430092;1.005859;2.751926;109.549084;11256.700892
1.000000;1.000000;0.000000;0.000000;1.000000;0.000000;0.000000;0.000000;0.000000;0.000000;0.000000;0.000000;102.000000;-0.000000;-3.346027;-3.234350;2.194689;4.816660;4.001569;0.723461;-0.277096;0.806450;2.553675;0.127451;0.127451;0.000000;1387.638744;0.879002;9.130906;7.303100;4.968788;24.688852;10.395302;1.119509;1.403208;1.011060;3.791075;0.078431;0.078431;0.000000;9763.226493;0.560100;2.399965;1.955900;1.656209;2.743030;2.915966;0.474356;1.756193;3.073976;1.414500;0.147059;0.147059;0.000000;727.397673;0.943332;21.295693;27.683000;56.707412;3215.730611;60.574228;7.673677;-0.191835;-1.065694;100.061000;0.049020;0.049020;1.003922;210274.181127;1.851557;-21.836552;-17.486000;85.858451;7371.673604;88.591809;24.214709;0.144824;-0.465795;135.842250;0.088235;0.088235;2.509804;424610.812073;2.348150;0.000000;0.000000;-0.490189;0.290276;-0.175535;-0.280884;0.000000;-0.007532;0.009089;0.000000;0.000000;0.080578;-0.401780;0.547702;0.064313;9.992340;25.227984;13.584444;26.293270;3.504375;0.000000;9.357879;1.005859;2.423341;125.074848;11526.248602
1.000000;1.000000;0.000000;0.000000;1.000000;0.000000;0.000000;0.000000;0.000000;0.000000;0.000000;0.000000;102.000000;-0.000000;-4.246733;-4.183450;2.030707;4.123772;4.707283;0.491216;-0.252479;-0.375567;3.132750;0.107843;0.107843;0.000000;2049.857346;0.547944;9.655805;8.794750;3.806864;14.492217;10.379151;0.770847;1.708413;3.053201;3.575475;0.068627;0.068627;0.000000;10249.029702;0.408090;1.330604;1.260550;1.503594;2.260795;2.007810;0.341529;0.884722;2.717138;1.278687;0.117647;0.117647;0.000000;295.898905;1.357782;11.838468;17.927000;56.118854;3149.325818;57.353946;8.210158;-0.162526;-1.361244;107.490500;0.049020;0.049020;1.505882;174937.327509;1.551879;-43.769329;-48.497000;115.728551;13393.097567;123.728945;26.123772;-0.077900;-0.557110;171.791250;0.068627;0.068627;0.000000;878629.040351;2.361866;0.000000;0.000000;-0.474600;-0.106692;-0.038744;-0.582064;0.000000;-0.083761;-0.040614;0.000000;0.000000;0.318873;-0.122999;0.320159;-0.186005;10.728578;15.782910;14.902538;15.814207;2.986099;0.000000;10.755377;1.005859;1.720271;130.885296;18602.358216
1.000000;1.000000;0.000000;0.000000;1.000000;0.000000;0.000000;0.000000;0.000000;0.000000;0.000000;0.000000;102.000000;-0.000000;-3.319357;-2.934100;1.769236;3.130195;3.761426;0.347520;-0.504781;-0.599060;2.399775;0.049020;0.049020;0.000000;1283.489647;0.575038;9.268291;9.047100;1.288204;1.659470;9.357387;0.330307;0.489462;-0.416116;1.639450;0.107843;0.107843;0.000000;8846.592597;0.072408;2.064306;2.076800;1.787130;3.193834;2.730420;0.254957;-0.374800;-0.909848;2.897580;0.039216;0.039216;0.000000;597.544164;0.844733;24.798433;25.383500;44.750466;2002.604192;51.162158;6.412082;-0.281465;-0.716504;64.944725;0.039216;0.039216;0.000000;164864.955620;1.711742;-58.089132;-47.389000;103.414422;10694.542611;118.612351;20.563079;-0.193503;-0.077457;139.980750;0.058824;0.058824;0.000000;889611.070550;1.852425;0.000000;0.000000;0.029380;-0.041698;0.192965;-0.592548;0.000000;-0.220053;0.145423;0.000000;0.000000;0.802878;0.112470;-0.036940;-0.504850;10.041112;1.885089;13.587648;3.164260;1.672828;0.000000;10.008364;1.005859;1.382413;102.709018;16693.911548
1.000000;1.000000;0.000000;0.000000;1.000000;0.000000;0.000000;0.000000;0.000000;0.000000;0.000000;0.000000;102.000000;-0.000000;-2.334151;-2.453050;0.925743;0.857000;2.511028;0.240785;0.400092;-0.443931;1.327075;0.107843;0.107843;0.000000;599.430544;0.434555;9.456664;9.231400;2.364407;5.590419;9.747764;0.535437;1.215404;2.353971;2.514975;0.098039;0.098039;0.000000;9406.825374;0.188794;2.812594;2.831700;1.036848;1.075053;2.997622;0.222909;0.187165;-1.242019;1.913600;0.058824;0.058824;0.000000;861.719146;0.333247;18.547106;6.339950;31.469070;990.302370;36.528037;3.991404;0.177455;-1.214240;57.091500;0.029412;0.029412;0.000000;85612.417698;1.811394;-15.535920;-25.079500;58.529424;3425.693526;60.556241;11.170556;-0.274133;2.199680;60.928000;0.088235;0.088235;1.505882;199514.553243;2.815098;0.000000;0.000000;-0.336411;0.154843;-0.065694;-0.358986;0.000000;-0.095774;0.286746;0.000000;0.000000;0.398375;-0.068073;-0.071600;0.157999;9.838610;5.525928;12.790815;5.758782;0.752474;0.000000;9.581187;1.005859;3.135689;102.324169;5010.341586
1.000000;1.000000;0.000000;0.000000;1.000000;0.000000;0.000000;0.000000;0.000000;0.000000;0.000000;0.000000;102.000000;-0.000000;-3.157154;-3.416450;1.323438;1.751487;3.423319;0.316133;0.176222;0.086660;1.678725;0.068627;0.068627;0.000000;1106.028993;0.449871;9.356970;9.505950;2.426825;5.889477;9.666559;0.532663;1.105469;2.082999;2.965350;0.078431;0.078431;0.000000;9230.767973;0.194143;2.161991;1.828400;1.631038;2.660285;2.708226;0.283129;0.662542;0.142630;1.417650;0.098039;0.098039;0.000000;612.444163;0.899586;10.990512;6.428600;32.671672;1067.438136;34.470705;4.668609;0.141318;-1.109692;52.687250;0.049020;0.049020;1.505882;66766.822504;1.782165;-11.783006;-29.258500;76.713394;5884.944758;77.613040;15.339736;0.578468;0.114080;87.868500;0.088235;0.088235;0.501961;314302.429980;1.947044;0.000000;0.000000;-0.191052;-0.084644;0.030502;-0.375448;0.000000;-0.149605;0.027851;0.000000;0.000000;0.370849;0.108967;0.068794;0.368696;10.017012;5.820948;13.517726;6.037745;1.678873;0.000000;9.943208;1.005859;2.273074;106.161467;7219.347975
1.000000;1.000000;0.000000;0.000000;1.000000;0.000000;0.000000;0.000000;0.000000;0.000000;0.000000;0.000000;102.000000;-0.000000;-3.288812;-3.397950;1.266702;1.604535;3.524319;0.313567;0.320197;0.436110;1.494900;0.068627;0.068627;0.000000;1185.092679;0.406354;8.888458;8.847150;1.456427;2.121178;9.006990;0.361124;0.229800;-0.419861;2.158100;0.107843;0.107843;0.000000;8166.739771;0.103737;2.430333;1.899700;1.799436;3.237971;3.023986;0.298345;0.261029;-0.696608;2.325675;0.039216;0.039216;0.000000;767.611878;0.789432;17.307602;9.431050;42.252332;1785.259581;45.659749;5.982389;0.335550;-1.149818;78.099250;0.058824;0.058824;1.505882;121603.925379;1.688971;-41.989615;-62.753500;78.437335;6152.415594;88.969339;15.449149;0.967567;0.707684;78.813250;0.088235;0.088235;0.000000;493682.117345;2.051229;0.000000;0.000000;-0.186649;0.047023;0.092769;-0.569801;0.000000;-0.134622;-0.359809;0.000000;0.000000;0.468976;-0.001564;0.108615;0.204652;9.605661;2.277969;13.180872;2.316029;1.446572;0.000000;9.555298;1.005859;2.715405;94.546683;10009.500529
1.000000;1.000000;0.000000;0.000000;1.000000;0.000000;0.000000;0.000000;0.000000;0.000000;0.000000;0.000000;102.000000;-0.000000;-3.439956;-3.238750;1.719649;2.957194;3.845841;0.388476;-0.139603;0.789787;1.908150;0.068627;0.068627;0.000000;1357.875256;0.630838;9.138868;8.971050;3.186204;10.151894;9.678367;0.661563;1.647501;5.074932;1.873675;0.107843;0.107843;0.000000;9036.682054;0.346946;1.946044;1.843750;2.112292;4.461779;2.872084;0.409646;0.595943;1.791603;1.954745;0.058824;0.058824;0.000000;613.833734;1.328647;27.171251;21.778500;46.467116;2159.192836;53.828150;7.978653;0.380518;-1.061300;84.773000;0.058824;0.058824;0.000000;185424.513696;1.594241;-72.733817;-71.222500;83.861930;7032.823225;111.009150;18.581436;-0.685385;0.961672;102.967500;0.098039;0.098039;0.000000;898276.856128;1.513991;0.000000;0.000000;-0.602364;0.281507;0.015742;-0.539895;0.000000;-0.424300;-0.272803;0.000000;0.000000;0.210311;0.292506;0.283329;0.550165;9.907008;11.312478;13.627455;11.549772;1.689109;0.000000;9.513881;1.005859;2.149675;109.461288;15228.749921
1.000000;1.000000;0.000000;0.000000;1.000000;0.000000;0.000000;0.000000;0.000000;0.000000;0.000000;0.000000;102.000000;-0.000000;-3.863988;-3.882800;2.141952;4.587957;4.417959;0.544871;0.473513;0.237252;3.209275;0.078431;0.078431;0.000000;1756.889586;0.686956;8.865520;8.301350;3.821882;14.606780;9.654233;0.791059;1.273964;1.993992;3.605400;0.068627;0.068627;0.000000;8761.923810;0.449314;1.910256;2.164950;2.024118;4.097053;2.783187;0.410818;0.659880;2.582407;1.604325;0.049020;0.049020;0.000000;581.156392;1.467120;11.616020;1.453955;44.123901;1946.918658;45.627301;6.949485;0.694145;-0.011772;62.010500;0.049020;0.049020;1.003922;113057.619824;1.867247;-51.339231;-45.180000;100.523443;10104.962533;112.874617;24.261960;-0.232955;0.836837;118.069500;0.107843;0.107843;0.000000;784213.454992;2.022058;0.000000;0.000000;-0.605744;0.137926;0.148056;-0.354959;0.000000;-0.103538;-0.251556;0.000000;0.000000;-0.012976;0.160632;0.281711;0.303014;9.873729;16.232063;13.875214;16.810858;2.573925;0.000000;10.130802;1.005859;1.389594;113.722579;14830.275860
1.000000;1.000000;0.000000;0.000000;1.000000;0.000000;0.000000;0.000000;0.000000;0.000000;0.000000;0.000000;102.000000;-0.000000;-3.646230;-3.266750;2.248347;5.055066;4.283696;0.542666;0.045682;-0.267469;3.241675;0.068627;0.068627;0.000000;1613.980260;0.824767;8.978052;7.986000;3.463534;11.996067;9.622966;0.756685;0.950704;-0.174657;3.709575;0.049020;0.049020;0.000000;8833.603612;0.374483;2.901018;2.552100;1.402641;1.967403;3.222314;0.330773;0.972638;0.139912;1.733525;0.088235;0.088235;0.000000;958.770089;0.549173;0.532814;0.914805;38.776196;1503.593399;38.779857;5.644921;-0.051744;-1.355808;70.503750;0.058824;0.058824;1.003922;76712.562836;1.071280;-21.816932;-27.115000;92.125894;8487.180372;94.673961;23.374465;0.067875;0.768519;80.641250;0.117647;0.117647;3.011765;481409.968626;1.760558;0.000000;0.000000;-0.560322;0.195384;-0.255767;0.001673;0.000000;-0.200205;-0.318035;0.000000;0.000000;-0.234297;-0.031933;0.499555;0.052368;9.908900;13.765245;13.751968;14.240413;2.979543;0.000000;9.549311;1.005859;2.728074;111.951539;10477.419497
1.000000;1.000000;0.000000;0.000000;1.000000;0.000000;0.000000;0.000000;0.000000;0.000000;0.000000;0.000000;102.000000;-0.000000;-3.024960;-2.768100;2.179610;4.750700;3.728416;0.625031;-0.187908;0.237498;2.062800;0.107843;0.107843;0.000000;1175.635555;0.865840;9.503619;7.877450;4.057706;16.464979;10.333622;0.990900;1.194030;0.729576;4.861750;0.058824;0.058824;0.000000;10052.228449;0.455439;3.222046;2.799700;2.049129;4.198929;3.818443;0.532329;1.036582;1.137818;2.693975;0.098039;0.098039;0.000000;1273.074670;0.772483;9.580272;20.106000;65.908220;4343.893498;66.600864;10.089796;0.142180;0.252932;81.791500;0.058824;0.058824;1.003922;230900.694077;1.664673;-29.520019;-21.116500;102.548783;10516.252978;106.713094;25.859297;-0.471283;-0.020956;101.468000;0.117647;0.117647;2.509804;625223.193153;1.777923;0.000000;0.000000;-0.561238;0.400889;-0.658274;-0.281296;0.000000;-0.427664;-0.451729;0.000000;0.000000;-0.235221;-0.017981;0.706624;0.548805;10.181461;18.022674;13.712662;18.466415;2.959321;0.000000;10.277343;1.005859;3.201806;121.684831;15837.940120
1.000000;1.000000;0.000000;0.000000;1.000000;0.000000;0.000000;0.000000;0.000000;0.000000;0.000000;0.000000;102.000000;-0.000000;-2.352674;-2.069650;1.184554;1.403168;2.634054;0.270336;-0.560486;-0.744868;1.671675;0.107843;0.107843;0.000000;636.144709;0.555658;9.621441;8.728300;1.877757;3.525973;9.802964;0.471130;1.248293;0.602822;2.193000;0.068627;0.068627;0.000000;9622.196287;0.135675;1.950510;1.970400;0.742868;0.551852;2.087186;0.173090;-0.153018;-0.153666;1.058975;0.127451;0.127451;0.000000;416.204180;0.381824;-7.104970;-9.804950;14.474924;209.523427;16.124641;2.597307;0.111713;-0.669472;24.363350;0.019608;0.019608;0.501961;15835.193550;1.475140;29.864205;34.850500;50.513519;2551.615646;58.681227;10.218761;-0.089848;-0.957260;74.395975;0.068627;0.068627;0.000000;221116.938031;1.752374;0.000000;0.000000;-0.054952;-0.004689;-0.266916;-0.571802;0.000000;0.374186;0.235027;0.000000;0.000000;-0.286863;-0.109005;-0.154724;-0.131983;10.027044;3.494725;12.974115;3.567968;1.409976;0.000000;9.992380;1.005859;1.957408;104.036346;3707.846762
1.000000;1.000000;0.000000;0.000000;1.000000;0.000000;0.000000;0.000000;0.000000;0.000000;0.000000;0.000000;102.000000;-0.000000;-1.713649;-1.675050;1.596949;2.550245;2.342400;0.425149;2.682905;12.387080;1.450275;0.107843;0.107843;0.000000;429.600229;1.487125;9.295294;8.555850;2.072355;4.294653;9.523505;0.449400;1.871484;3.284822;1.609775;0.039216;0.039216;0.000000;9032.082097;0.165836;2.144158;1.998300;0.752724;0.566593;2.272445;0.199099;1.408829;2.042908;0.833625;0.137255;0.137255;0.000000;497.832399;0.330276;-2.615193;-1.515600;11.017758;121.391000;11.323879;2.736587;-0.604336;-0.250541;17.307175;0.058824;0.058824;0.501961;6889.524538;2.030108;1.706140;-6.946350;53.859387;2900.833536;53.886403;13.759695;0.246624;1.137942;62.803750;0.078431;0.078431;3.011765;148239.463340;2.292496;0.000000;0.000000;-0.004233;-0.405581;0.125034;-0.526860;0.000000;-0.142283;0.287116;0.000000;0.000000;-0.184639;0.039569;0.122391;-0.248186;9.622574;4.590056;12.324651;4.337288;2.575381;0.000000;9.534243;1.005859;1.953754;97.183985;3037.138691
1.000000;1.000000;0.000000;0.000000;1.000000;0.000000;0.000000;0.000000;0.000000;0.000000;0.000000;0.000000;102.000000;-0.000000;-1.552092;-1.662650;1.522822;2.318987;2.174391;0.399049;3.009299;13.979753;1.493375;0.068627;0.068627;0.000000;363.992180;1.572686;9.366088;8.737150;1.978809;3.915685;9.572841;0.424059;1.822067;3.445181;1.691150;0.068627;0.068627;0.000000;9147.516822;0.153710;2.098976;1.994850;0.782522;0.612341;2.240099;0.185289;1.260357;1.865507;0.767800;0.078431;0.078431;0.000000;480.613520;0.360924;-8.114794;-7.527900;10.104421;102.099332;12.959522;2.547674;-0.230963;-0.370057;14.219050;0.068627;0.068627;0.000000;11924.370986;1.626690;37.365975;33.277500;69.110590;4776.273694;78.565194;13.897858;-0.107750;-0.182411;99.986850;0.049020;0.049020;0.000000;386014.959117;1.936942;0.000000;0.000000;0.268268;0.156544;-0.382864;-0.578653;0.000000;-0.218234;0.203020;0.000000;0.000000;-0.192615;0.023519;0.147913;-0.453958;9.667033;3.915746;12.233888;4.295609;2.000792;0.000000;9.518984;1.005859;2.381421;97.367272;6345.457007
1.000000;1.000000;0.000000;0.000000;1.000000;0.000000;0.000000;0.000000;0.000000;0.000000;0.000000;0.000000;102.000000;-0.000000;-1.944015;-1.941150;1.150792;1.324322;2.259096;0.254482;0.026987;0.093384;1.463650;0.127451;0.127451;0.000000;453.030893;0.730996;9.593117;9.276500;1.421591;2.020921;9.697876;0.403134;1.167087;1.232158;1.697400;0.088235;0.088235;0.000000;9489.912759;0.083184;1.638024;1.566250;0.794257;0.630844;1.820430;0.190815;0.636584;0.351231;0.826850;0.127451;0.127451;0.000000;305.855481;0.552036;-15.993972;-14.077000;14.833824;220.042336;21.813974;2.591093;-0.438075;-0.525125;20.352225;0.068627;0.068627;0.000000;37316.095575;1.125340;74.976467;70.784000;55.249340;3052.489583;93.134098;11.269170;0.369356;-0.284350;59.938500;0.107843;0.107843;0.000000;729093.534534;0.977292;0.000000;0.000000;0.143092;0.670505;-0.573047;-0.578854;0.000000;0.342733;0.146915;0.000000;0.000000;0.303658;-0.606319;0.098666;-0.067405;9.908347;1.976977;12.599817;2.112993;1.265371;0.000000;9.916098;1.005859;1.762821;100.152325;9153.123630
1.000000;1.000000;0.000000;0.000000;1.000000;0.000000;0.000000;0.000000;0.000000;0.000000;0.000000;0.000000;102.000000;-0.000000;-2.412102;-2.443900;1.184871;1.403919;2.687407;0.274082;0.657586;0.295137;1.625150;0.068627;0.068627;0.000000;665.060430;0.536073;9.473399;9.626600;1.211495;1.467719;9.550550;0.409880;0.070875;-0.277526;1.531375;0.127451;0.127451;0.000000;9228.874575;0.066674;2.089883;2.021500;1.058225;1.119839;2.342531;0.220078;0.039340;-1.063005;1.681550;0.029412;0.029412;0.000000;502.608418;0.560986;-15.113445;-13.225000;16.223986;263.217734;22.172820;3.227372;-0.346758;-0.971144;27.791655;0.078431;0.078431;0.000000;36722.577066;1.300954;47.528214;39.019000;61.243406;3750.754801;77.522164;11.719125;0.643995;-0.040778;86.238928;0.049020;0.049020;0.000000;421700.932567;1.424253;0.000000;0.000000;0.158367;0.615980;-0.699559;-0.431750;0.000000;0.060724;0.173431;0.000000;0.000000;-0.026151;-0.372156;-0.131280;-0.155295;9.904629;1.333483;12.948186;1.681866;1.218205;0.000000;9.801865;1.005859;1.997095;99.435166;6506.807330
1.000000;1.000000;0.000000;0.000000;1.000000;0.000000;0.000000;0.000000;0.000000;0.000000;0.000000;0.000000;102.000000;-0.000000;-2.511752;-2.620900;1.281362;1.641889;2.819714;0.252149;0.265939;-0.681667;2.042025;0.068627;0.068627;0.000000;727.247725;0.538155;9.233961;8.993950;1.731967;2.999711;9.394985;0.391451;0.694614;-0.201396;2.179550;0.068627;0.068627;0.000000;8850.123150;0.117631;2.277917;2.051750;0.971050;0.942938;2.476256;0.205990;0.457917;-0.904402;1.563100;0.039216;0.039216;0.000000;577.358503;0.442506;-6.145385;-5.494800;20.798993;432.598099;21.687873;3.939643;0.523014;0.364929;21.834625;0.088235;0.088235;1.505882;25916.466308;2.097101;16.642774;21.672000;54.430573;2962.687286;56.918092;11.425673;-0.197443;0.036125;64.049750;0.088235;0.088235;1.003922;179407.696073;2.312945;0.000000;0.000000;-0.037814;0.140122;-0.654955;-0.247812;0.000000;-0.708515;-0.400215;0.000000;0.000000;-0.038453;-0.066286;0.377056;0.260575;9.711132;2.910454;12.773441;3.034629;1.652928;0.000000;9.582331;1.005859;2.352321;97.216531;3716.164914
1.000000;1.000000;0.000000;0.000000;1.000000;0.000000;0.000000;0.000000;0.000000;0.000000;0.000000;0.000000;102.000000;-0.000000;-2.758491;-2.297950;1.741668;3.033407;3.262312;0.312330;-0.599257;-0.212880;2.755025;0.049020;0.049020;0.000000;930.869265;0.789337;8.976182;8.582250;1.895428;3.592648;9.174121;0.445933;0.810982;-0.130344;2.467025;0.068627;0.068627;0.000000;8401.570635;0.143713;2.079139;1.845600;1.185892;1.406339;2.393566;0.239298;0.495826;-0.051292;1.291200;0.098039;0.098039;0.000000;512.651701;0.626121;-2.011762;-3.126400;20.936234;438.325897;21.032667;4.437816;0.155450;0.055205;22.147550;0.088235;0.088235;2.007843;22768.853186;1.794340;-0.349078;4.205750;55.181377;3044.984344;55.182481;13.383129;-0.057908;-0.792096;89.085250;0.088235;0.088235;2.007843;155306.899299;1.860684;0.000000;0.000000;-0.009487;0.089114;-0.580865;-0.447052;0.000000;-0.527049;-0.374994;0.000000;0.000000;0.507150;-0.202034;0.600507;0.341488;9.603344;3.582955;12.762402;3.629984;3.061675;0.000000;9.476582;1.005859;2.130289;95.807179;3493.208443
1.000000;1.000000;0.000000;0.000000;1.000000;0.000000;0.000000;0.000000;0.000000;0.000000;0.000000;0.000000;102.000000;-0.000000;-2.953746;-2.490200;2.588473;6.700190;3.927443;0.468970;0.033392;-0.483599;3.241125;0.058824;0.058824;0.000000;1231.635808;1.082163;9.432665;9.733250;1.503111;2.259343;9.551676;0.467909;-0.143245;-0.172077;1.889750;0.127451;0.127451;0.000000;9190.707431;0.094984;1.309210;1.274300;1.951495;3.808333;2.349971;0.364892;-0.279892;1.147260;2.158818;0.049020;0.049020;0.000000;369.154635;1.930894;15.560719;3.269200;44.308576;1963.249919;46.961536;4.938488;1.087801;0.019109;35.479500;0.019608;0.019608;0.501961;124824.958960;1.488274;-74.079808;-65.276000;85.775119;7357.371103;113.336618;14.235172;0.168734;-0.704701;137.750250;0.039216;0.039216;0.000000;934997.208819;1.177659;0.000000;0.000000;0.162621;0.160443;0.254351;-0.254453;0.000000;-0.386069;-0.434589;0.000000;0.000000;0.099819;-0.411530;0.094337;0.210338;10.264296;2.303537;13.757144;6.855792;2.192449;0.000000;9.852214;1.005859;1.991524;107.659312;15056.097303
1.000000;1.000000;0.000000;0.000000;1.000000;0.000000;0.000000;0.000000;0.000000;0.000000;0.000000;0.000000;102.000000;-0.000000;-1.855246;-1.607950;2.584181;6.677991;3.181183;0.432599;-0.555224;-0.207249;2.613252;0.068627;0.068627;0.000000;691.684536;1.491208;10.214041;10.088500;1.120598;1.255740;10.275329;0.472016;0.642775;1.304241;1.196625;0.215686;0.215686;0.000000;10705.371723;0.051050;0.147386;0.354110;2.087306;4.356847;2.092503;0.403457;-0.161357;0.923857;2.113490;0.049020;0.049020;0.501961;224.430954;1.721454;8.878798;-9.163650;46.903215;2199.911566;47.736198;4.499974;1.234606;0.083214;32.353475;0.009804;0.009804;0.501961;120242.708979;1.336492;-99.793392;-143.920000;94.392322;8909.910470;137.363138;11.309952;0.709202;-0.787413;147.597000;0.039216;0.039216;0.000000;1470215.665546;0.961720;0.000000;0.000000;0.112194;0.353250;0.424426;-0.150866;0.000000;-0.538051;-0.015795;0.000000;0.000000;-0.318839;-0.316435;0.027012;0.035715;10.739650;1.362221;13.644456;6.763699;1.248583;0.000000;10.526767;1.005859;0.192430;116.702304;21151.754784
1.000000;1.000000;0.000000;0.000000;1.000000;0.000000;0.000000;0.000000;0.000000;0.000000;0.000000;0.000000;102.000000;-0.000000;-1.185996;-1.413350;1.126151;1.268216;1.635482;0.240040;0.634842;-0.244186;1.620250;0.078431;0.078431;0.000000;208.153100;1.196948;10.030820;9.706450;1.542757;2.380100;10.148766;0.407853;0.986776;0.530910;1.570850;0.107843;0.107843;0.000000;10384.367982;0.089152;0.754835;1.273750;1.783006;3.179111;1.936204;0.251358;-1.316785;1.515197;1.722970;0.049020;0.049020;0.501961;220.291261;1.781271;-10.369812;-11.513000;12.193482;148.681002;16.006686;3.145840;0.348105;-0.390591;16.175750;0.117647;0.117647;0.000000;18551.893086;1.442936;-37.528097;-9.691700;93.932934;8823.396022;101.152133;9.497434;-0.406733;-1.145939;173.735750;0.019608;0.019608;0.501961;593651.296010;1.223680;0.000000;0.000000;-0.007252;0.131473;0.728850;-0.119905;0.000000;-0.312287;-0.046523;0.000000;0.000000;-0.748139;-0.504547;-0.125919;0.069351;10.214226;2.341830;12.435360;2.403809;1.280629;0.000000;10.211861;1.005859;0.061464;106.672244;10491.717004
1.000000;1.000000;0.000000;0.000000;1.000000;0.000000;0.000000;0.000000;0.000000;0.000000;0.000000;0.000000;102.000000;-0.000000;-1.529432;-1.614900;0.782799;0.612775;1.718120;0.189231;0.481758;-0.588216;1.122875;0.078431;0.078431;0.000000;269.846482;0.579938;9.601633;8.886000;1.886708;3.559667;9.785246;0.358920;1.488052;1.212165;1.490250;0.039216;0.039216;0.000000;9585.064301;0.127277;1.568705;1.418600;0.702642;0.493705;1.718878;0.161473;0.535956;-0.205502;0.987450;0.068627;0.068627;0.000000;276.187018;0.484537;-2.474317;-3.179750;15.378350;236.493663;15.576133;3.015887;0.181864;-0.941569;25.460850;0.078431;0.078431;1.003922;12685.680560;1.767164;14.890127;5.899100;76.322041;5825.054004;77.760979;8.354600;-0.517509;0.018756;107.222000;0.019608;0.019608;0.501961;319693.204315;1.179291;0.000000;0.000000;-0.260299;0.131994;0.307534;0.084003;0.000000;-0.816652;0.073214;0.000000;0.000000;-0.246541;-0.082818;0.036348;0.453759;9.805404;3.557027;12.145175;3.644726;0.569027;0.000000;9.681596;1.005859;1.617382;99.702967;6292.340343
1.000000;1.000000;0.000000;0.000000;1.000000;0.000000;0.000000;0.000000;0.000000;0.000000;0.000000;0.000000;102.000000;-0.000000;-0.886795;-1.397650;1.553872;2.414519;1.789113;0.256857;0.928346;-0.185430;2.389508;0.039216;0.039216;0.000000;203.353826;1.515244;9.520187;8.710100;1.844332;3.401559;9.697192;0.370730;1.624813;1.675887;1.300975;0.058824;0.058824;0.000000;9418.150099;0.127314;1.802819;1.875700;1.120916;1.256454;2.122877;0.213058;-0.280845;0.034469;1.429050;0.078431;0.078431;0.000000;395.604238;0.755679;-5.273004;-10.401000;15.334098;235.134548;16.215398;2.887555;0.557653;-0.757337;24.435050;0.049020;0.049020;1.003922;14829.407024;1.900233;52.477760;53.287000;62.595579;3918.206524;81.683057;10.121356;-0.320927;-1.030694;112.524400;0.088235;0.088235;0.000000;480807.066115;1.475828;0.000000;0.000000;-0.102385;0.039835;-0.087324;0.126587;0.000000;-0.298269;0.187526;0.000000;0.000000;-0.109431;0.249042;-0.002580;0.452419;9.737691;3.413830;12.140966;3.516674;2.356989;0.000000;9.709162;1.005859;1.697582;98.236449;6939.567528
1.000000;1.000000;0.000000;0.000000;1.000000;0.000000;0.000000;0.000000;0.000000;0.000000;0.000000;0.000000;102.000000;-0.000000;-1.723925;-2.178450;2.216373;4.912309;2.807886;0.268707;0.407562;-0.695803;3.273833;0.049020;0.049020;0.000000;553.665282;1.122008;9.655979;9.481650;1.237591;1.531632;9.734966;0.306960;1.613863;3.651550;1.291675;0.088235;0.088235;0.000000;9588.387339;0.066366;1.350325;1.636050;1.597153;2.550898;2.091477;0.220002;-0.123617;-1.379380;2.954775;0.019608;0.019608;0.000000;316.080647;1.115460;-15.963069;-12.272000;22.902155;524.508726;27.916452;3.242249;-1.094996;0.581033;24.826550;0.058824;0.058824;0.000000;52741.916408;1.469268;93.097975;112.580000;68.695663;4719.094174;115.699297;11.020574;-0.375730;-0.993471;113.071250;0.039216;0.039216;0.000000;1124769.822060;0.777187;0.000000;0.000000;-0.049472;0.556914;-0.801275;-0.518127;0.000000;0.087217;0.065098;0.000000;0.000000;0.055673;0.003332;-0.009443;0.048772;10.098588;1.672315;13.113888;4.966438;1.541304;0.000000;9.729794;1.005859;1.730515;103.653795;14170.029787
1.000000;1.000000;0.000000;0.000000;1.000000;0.000000;0.000000;0.000000;0.000000;0.000000;0.000000;0.000000;102.000000;-0.000000;-1.992027;-2.500250;1.959222;3.838552;2.794051;0.285951;0.367492;-0.516360;2.512722;0.039216;0.039216;0.000000;600.521533;1.132223;9.611964;9.800450;1.127048;1.270236;9.677814;0.325571;-0.241737;-0.126063;1.220525;0.117647;0.117647;0.000000;9488.552600;0.056469;1.192053;1.092150;1.352036;1.828001;1.802495;0.194489;-0.025309;-1.037678;2.407204;0.068627;0.068627;0.000000;238.175638;1.263301;-12.458457;-6.324300;26.054922;678.858968;28.880307;3.508123;-0.786486;0.062647;29.043000;0.039216;0.039216;1.003922;50453.547643;1.571593;62.586960;39.830500;84.347142;7114.440380;105.031271;9.915741;0.006475;-1.125738;144.522025;0.009804;0.009804;0.000000;762418.943800;1.339404;0.000000;0.000000;-0.266401;0.758018;-0.810496;-0.630564;0.000000;-0.055107;-0.043064;0.000000;0.000000;0.030892;-0.380736;0.184154;0.316384;10.045936;1.545971;13.021914;4.006149;1.153221;0.000000;10.009099;1.005859;0.648422;102.466806;11868.889015
1.000000;1.000000;0.000000;0.000000;1.000000;0.000000;0.000000;0.000000;0.000000;0.000000;0.000000;0.000000;102.000000;-0.000000;-0.521741;-0.393765;1.336703;1.786774;1.434917;0.343324;0.036001;-0.563627;1.770745;0.078431;0.078431;1.505882;118.894524;1.985567;9.412692;9.590550;1.418419;2.011913;9.518965;0.438445;0.342851;-0.405142;2.295975;0.088235;0.088235;0.000000;9139.683117;0.087747;1.894750;1.680200;0.908288;0.824987;2.101205;0.175546;0.299877;-1.295884;1.808200;0.029412;0.029412;0.000000;408.263402;0.496033;-4.113845;-4.530200;16.017913;256.573549;16.537753;3.186710;0.260576;-0.679421;23.098150;0.058824;0.058824;1.003922;14811.749619;1.604577;-3.606423;3.999850;41.022584;1682.852406;41.180805;9.921612;-0.663110;-0.260266;63.439500;0.088235;0.088235;2.007843;87174.745157;2.345287;0.000000;0.000000;-0.087505;0.214697;-0.456764;-0.290556;0.000000;-0.455379;-0.332132;0.000000;0.000000;-0.185183;0.005960;0.361585;0.144626;9.571247;2.060902;11.563166;2.120628;1.715670;0.000000;9.483560;1.005859;1.904179;93.669675;1973.771020
1.000000;1.000000;0.000000;0.000000;1.000000;0.000000;0.000000;0.000000;0.000000;0.000000;0.000000;0.000000;102.000000;-0.000000;-1.534906;-1.369850;1.543304;2.381788;2.176632;0.283624;-0.099029;-0.859959;2.212450;0.068627;0.068627;0.000000;361.779106;1.157727;9.539085;9.606750;1.555148;2.418486;9.665021;0.443274;0.064554;-0.149352;2.294550;0.147059;0.147059;0.000000;9404.750834;0.096325;2.007177;1.780100;0.943357;0.889922;2.217810;0.162227;0.417112;-1.006135;1.705625;0.039216;0.039216;0.000000;456.321378;0.440740;3.534210;2.943000;15.713319;246.908390;16.105870;3.009453;-0.203635;-0.784182;21.707250;0.078431;0.078431;0.501961;13866.417994;1.810078;-24.532576;-27.974500;44.260781;1959.016726;50.604980;9.154188;-0.152410;-0.689042;64.107250;0.078431;0.078431;0.000000;161298.751774;1.743508;0.000000;0.000000;0.006604;-0.210175;-0.425200;-0.292454;0.000000;-0.614003;-0.248849;0.000000;0.000000;-0.143695;0.286228;0.048000;-0.133607;9.835317;2.416903;12.284801;2.448388;2.399414;0.000000;9.751777;1.005859;1.967814;99.150360;2825.181749
1.000000;1.000000;0.000000;0.000000;1.000000;0.000000;0.000000;0.000000;0.000000;0.000000;0.000000;0.000000;102.000000;-0.000000;-2.798961;-2.892400;1.757701;3.089513;3.305102;0.284648;0.290875;-0.316403;2.493900;0.058824;0.058824;0.000000;956.652457;0.678603;9.744092;9.851200;1.471982;2.166732;9.854647;0.411849;-0.511189;-0.002480;1.882775;0.107843;0.107843;0.000000;9795.131173;0.082734;1.351052;1.409000;1.508851;2.276630;2.025332;0.205091;-0.555819;0.096871;1.488315;0.058824;0.058824;0.000000;302.293193;1.063894;21.563745;12.520500;29.216224;853.587766;36.312296;3.746163;1.536642;1.617903;25.894200;0.058824;0.058824;0.000000;90962.823526;1.370144;-73.064468;-58.516500;55.446733;3074.340175;91.721080;9.222604;-0.408222;-0.223186;72.121750;0.058824;0.058824;0.000000;701319.144437;0.927232;0.000000;0.000000;0.219450;-0.702764;0.517755;-0.758519;0.000000;0.203771;-0.194137;0.000000;0.000000;0.074884;-0.281488;-0.076192;0.197074;10.350331;1.908407;13.662731;3.393001;1.915286;0.000000;10.306558;1.005859;1.734474;109.037760;9735.441426
1.000000;1.000000;0.000000;0.000000;1.000000;0.000000;0.000000;0.000000;0.000000;0.000000;0.000000;0.000000;102.000000;-0.000000;-1.420432;-0.885390;2.353529;5.539100;2.748950;0.305174;-0.449410;-1.000375;4.003258;0.029412;0.029412;0.000000;488.314784;1.491599;10.139885;10.197500;1.216957;1.480985;10.212652;0.354299;0.217646;1.930481;0.943200;0.156863;0.156863;0.000000;10562.903070;0.057199;1.107175;1.169200;1.500681;2.252044;1.864907;0.245481;-0.472161;-0.496997;2.014343;0.107843;0.107843;0.000000;239.892391;1.431500;13.186343;5.992600;36.155325;1307.207493;38.484895;4.100580;0.785867;0.746897;28.825500;0.039216;0.039216;0.501961;84403.570063;1.596815;-62.505973;-54.748000;61.927615;3835.029483;87.988784;9.076178;-0.226654;0.019779;56.501000;0.058824;0.058824;0.000000;594107.164784;1.086885;0.000000;0.000000;0.419100;-0.602326;0.480132;-0.821537;0.000000;-0.142701;0.315432;0.000000;0.000000;0.189945;0.357800;0.009065;-0.183193;10.568903;1.153279;13.270581;5.925666;1.163924;0.000000;10.259338;1.005859;0.928956;112.854986;9226.591157
1.000000;1.000000;0.000000;0.000000;1.000000;0.000000;0.000000;0.000000;0.000000;0.000000;0.000000;0.000000;102.000000;-0.000000;-0.750145;-0.724465;1.424260;2.028516;1.609731;0.265201;0.144134;-1.159068;2.521355;0.078431;0.078431;0.501961;160.854255;1.649215;9.986098;9.979550;1.523495;2.321037;10.101643;0.404506;0.773368;0.662583;1.709825;0.107843;0.107843;0.000000;10290.036598;0.088563;1.731829;1.542550;1.223728;1.497511;2.120552;0.265176;0.126444;-0.357693;1.806427;0.078431;0.078431;0.000000;382.294593;0.751735;-2.762544;1.787800;18.840310;354.957277;19.041768;3.464391;-0.965658;0.997709;17.185700;0.078431;0.078431;0.501961;18881.299202;1.746454;-21.996651;-32.010500;62.956526;3963.524171;66.688656;11.363410;0.131141;-0.471594;81.885250;0.068627;0.068627;1.003922;251519.986712;2.064953;0.000000;0.000000;0.091330;0.088665;0.213825;0.002758;0.000000;-0.256801;0.398385;0.000000;0.000000;-0.349323;-0.086222;-0.144063;-0.261977;10.163911;2.329336;12.347347;2.445049;1.947569;0.000000;10.096811;1.005859;1.494657;105.634425;4814.462516
1.000000;1.000000;0.000000;0.000000;1.000000;0.000000;0.000000;0.000000;0.000000;0.000000;0.000000;0.000000;102.000000;-0.000000;-1.664394;-1.647150;0.826193;0.682595;1.858172;0.234819;0.424435;-0.296457;1.066175;0.098039;0.098039;0.000000;317.375293;0.596730;9.489833;8.938750;1.619343;2.622271;9.627004;0.415849;1.424890;1.336103;1.490000;0.088235;0.088235;0.000000;9319.549803;0.105454;2.261236;2.138700;1.175431;1.381638;2.548495;0.263688;0.446085;-0.441141;1.643475;0.098039;0.098039;0.000000;592.009626;0.584544;-0.634439;1.495950;11.917010;142.015126;11.933886;3.056170;-0.216166;-0.511039;16.954100;0.088235;0.088235;1.003922;7286.640203;2.132449;-4.332517;9.033550;69.962784;4894.791076;70.096803;13.060687;-0.393796;-0.821747;103.917500;0.068627;0.068627;0.501961;251569.981117;1.768211;0.000000;0.000000;-0.164175;0.079165;0.378571;-0.017048;0.000000;-0.613257;0.235733;0.000000;0.000000;-0.327926;-0.469639;-0.045882;0.100507;9.723269;2.590042;12.174746;2.673039;0.664548;0.000000;9.489687;1.005859;2.030776;97.132011;5062.474240
1.000000;1.000000;0.000000;0.000000;1.000000;0.000000;0.000000;0.000000;0.000000;0.000000;0.000000;0.000000;102.000000;-0.000000;-1.602737;-1.574650;0.719901;0.518258;1.756993;0.189838;0.152998;-0.375258;0.988650;0.127451;0.127451;0.000000;288.445776;0.507957;9.472639;8.911400;1.515182;2.295775;9.593053;0.327168;1.518459;1.280444;1.167775;0.058824;0.058824;0.000000;9269.635713;0.090286;2.262861;2.230300;0.997420;0.994847;2.472931;0.228260;0.566273;0.436652;1.406500;0.107843;0.107843;0.000000;573.034996;0.464339;1.992266;3.152950;12.902075;166.463547;13.054986;2.527892;-0.320294;-0.953037;21.776800;0.068627;0.068627;1.003922;8894.905681;1.878348;19.557544;27.400000;60.162400;3619.514384;63.261457;9.852891;-0.427990;-1.025648;104.926750;0.058824;0.058824;0.501961;223610.193655;1.694036;0.000000;0.000000;-0.210612;-0.208594;-0.053351;-0.472642;0.000000;0.176798;0.390296;0.000000;0.000000;0.013269;-0.029680;-0.147975;-0.295340;9.686284;2.289587;12.076412;2.348006;0.493889;0.000000;9.526159;1.005859;2.500215;96.113692;4178.559973
1.000000;1.000000;0.000000;0.000000;1.000000;0.000000;0.000000;0.000000;0.000000;0.000000;0.000000;0.000000;102.000000;-0.000000;-0.981561;-0.999945;0.963412;0.928162;1.375363;0.183425;0.543441;0.313869;1.254852;0.068627;0.068627;0.000000;145.609615;1.211913;9.560725;9.237550;1.249704;1.561759;9.642055;0.326925;1.129397;0.758967;1.582000;0.068627;0.068627;0.000000;9403.211865;0.066009;1.499752;1.547700;0.988990;0.978101;1.796485;0.187549;-0.587376;-0.039694;1.121150;0.098039;0.098039;0.000000;279.314504;0.802428;-4.503924;-2.824800;15.776346;248.893087;16.406658;2.120747;-0.456802;-0.598611;24.571350;0.049020;0.049020;1.505882;14766.334956;1.785279;64.921922;82.642500;63.936996;4087.939515;91.119676;6.593743;-0.793192;-0.047533;38.397750;0.049020;0.049020;0.000000;638474.414535;1.275120;0.000000;0.000000;-0.244131;0.616367;-0.510002;-0.739026;0.000000;-0.149552;0.458020;0.000000;0.000000;-0.216902;0.289311;-0.403290;-0.351414;9.706911;1.636728;11.734686;1.693718;0.820856;0.000000;9.518521;1.005859;1.804236;95.860856;8575.201192
1.000000;1.000000;0.000000;0.000000;1.000000;0.000000;0.000000;0.000000;0.000000;0.000000;0.000000;0.000000;102.000000;-0.000000;-1.574185;-1.220900;1.516417;2.299521;2.185767;0.249010;-0.008736;-0.774871;2.238585;0.058824;0.058824;0.000000;370.042477;1.145762;9.474334;9.441750;0.912689;0.833001;9.518194;0.300450;0.494653;0.828016;1.209300;0.107843;0.107843;0.000000;9198.314352;0.040337;1.326936;1.683400;1.392026;1.937736;1.923147;0.189341;-0.238092;-1.073559;2.218781;0.078431;0.078431;0.000000;278.421930;1.091123;-10.049919;-9.780850;19.128314;365.892385;21.607713;2.724916;0.557563;-0.047003;25.011107;0.068627;0.068627;0.000000;28962.615111;1.523669;82.665046;89.023500;62.945228;3962.101697;103.901932;8.350683;-1.007014;0.917419;55.738750;0.078431;0.078431;0.000000;899130.657636;0.922175;0.000000;0.000000;0.340499;0.647209;-0.776965;-0.452054;0.000000;-0.114010;0.256204;0.000000;0.000000;0.191242;-0.001431;-0.143307;0.069914;9.779149;0.741834;12.262104;2.462036;0.701501;0.000000;9.663327;1.005859;1.152269;96.373590;11266.203287
1.000000;1.000000;0.000000;0.000000;1.000000;0.000000;0.000000;0.000000;0.000000;0.000000;0.000000;0.000000;102.000000;-0.000000;-1.635724;-1.553300;1.459573;2.130354;2.192247;0.256311;-0.104818;-0.973928;2.247130;0.058824;0.058824;0.000000;381.560867;1.055507;9.424590;9.358350;1.009223;1.018531;9.478472;0.325780;0.672784;0.358972;1.517725;0.098039;0.098039;0.000000;9111.881599;0.047830;1.780492;2.218450;1.283204;1.646611;2.194713;0.163299;-0.844536;-0.211056;1.519725;0.039216;0.039216;0.000000;407.341050;0.818702;-6.699392;-8.298700;18.785766;352.905013;19.944595;3.334364;0.452238;-0.420496;28.746000;0.068627;0.068627;1.003922;22578.224634;2.022285;39.935817;40.996000;67.762695;4591.782830;78.655275;11.641386;-0.045882;-0.614853;103.689000;0.088235;0.088235;0.000000;396877.098317;1.580662;0.000000;0.000000;0.382955;0.331884;-0.698588;-0.197813;0.000000;-0.032195;-0.151175;0.000000;0.000000;0.560621;-0.518245;0.113672;0.082600;9.733004;0.916006;12.193311;2.389865;0.790197;0.000000;9.794706;1.005859;1.551753;95.647378;6589.255911
1.000000;1.000000;0.000000;0.000000;1.000000;0.000000;0.000000;0.000000;0.000000;0.000000;0.000000;0.000000;102.000000;-0.000000;-0.944696;-1.175900;1.071038;1.147123;1.428136;0.214576;0.870096;0.437424;1.414550;0.049020;0.049020;0.000000;149.533258;1.430503;9.665434;9.571300;1.158963;1.343194;9.734671;0.310412;0.501649;-0.710975;1.733850;0.088235;0.088235;0.000000;9597.411166;0.053913;2.164053;2.212300;0.831510;0.691410;2.318304;0.154319;0.431648;-0.545663;1.233250;0.058824;0.058824;0.000000;512.941029;0.366731;-2.042903;-4.257500;18.858343;355.637102;18.968673;3.192412;0.609138;0.053228;25.332875;0.058824;0.058824;1.505882;18563.431936;1.474633;1.537070;-0.185555;45.763872;2094.331995;45.789678;10.979229;-0.245660;0.243593;62.302500;0.107843;0.107843;0.501961;107059.021357;2.259153;0.000000;0.000000;0.291651;0.088847;-0.484560;-0.330114;0.000000;-0.469740;-0.435951;0.000000;0.000000;0.442824;-0.109214;0.475126;0.313104;9.822015;1.331416;11.905755;1.636265;0.878709;0.000000;9.849268;1.005859;2.159022;97.803389;2461.879668
1.000000;1.000000;0.000000;0.000000;1.000000;0.000000;0.000000;0.000000;0.000000;0.000000;0.000000;0.000000;102.000000;-0.000000;-1.480004;-1.403650;1.311006;1.718737;1.977157;0.199434;-0.050048;1.159002;1.448903;0.058824;0.058824;0.000000;311.084389;1.073749;9.633475;9.461700;1.076511;1.158877;9.693437;0.237045;0.651591;-0.340243;1.358600;0.068627;0.068627;0.000000;9525.101802;0.047038;2.126025;1.852450;0.890026;0.792146;2.304805;0.163566;0.532858;-0.670980;1.265925;0.058824;0.058824;0.000000;501.437818;0.418773;1.315614;2.626300;19.412004;376.825913;19.456535;3.039641;0.226245;-0.340915;22.449725;0.049020;0.049020;0.501961;19395.264253;1.561407;-7.219590;-10.622000;32.829788;1077.794962;33.614245;8.191748;-0.878522;2.128746;35.859750;0.088235;0.088235;2.007843;60287.365155;2.232157;0.000000;0.000000;0.185553;0.061332;-0.560475;-0.308640;0.000000;-0.373980;-0.398973;0.000000;0.000000;0.205214;0.073045;0.687137;0.154635;9.884544;1.167667;12.298329;1.840173;1.065932;0.000000;10.010587;1.005859;2.246409;98.871876;1513.786331
1.000000;1.000000;0.000000;0.000000;1.000000;0.000000;0.000000;0.000000;0.000000;0.000000;0.000000;0.000000;102.000000;-0.000000;-1.922015;-1.935600;1.410663;1.989970;2.384137;0.235558;-0.202384;-0.995880;2.201155;0.039216;0.039216;0.000000;478.290851;0.832686;9.859331;9.614600;1.151153;1.325153;9.926307;0.364030;1.083186;1.119232;1.444450;0.098039;0.098039;0.000000;9982.637180;0.055650;1.016407;1.305000;1.317166;1.734927;1.663734;0.245261;-0.445090;0.034283;1.659478;0.068627;0.068627;0.000000;193.888196;1.621418;14.346454;8.390050;28.945966;837.868930;32.306186;3.542928;0.720029;-0.078452;34.111025;0.039216;0.039216;0.000000;63725.597953;1.378724;-76.176056;-43.720500;85.014601;7227.482367;114.150225;9.155793;-0.210882;-1.450682;157.159425;0.009804;0.009804;0.000000;960521.949590;1.003771;0.000000;0.000000;-0.241471;-0.562606;0.652970;-0.590941;0.000000;0.085315;-0.252140;0.000000;0.000000;0.040761;0.036370;-0.189015;-0.094305;10.186876;1.443226;12.829451;2.193120;1.154826;0.000000;10.052000;1.005859;1.506489;105.215679;14076.731592
1.000000;1.000000;0.000000;0.000000;1.000000;0.000000;0.000000;0.000000;0.000000;0.000000;0.000000;0.000000;102.000000;-0.000000;-2.032824;-1.944000;1.473256;2.170483;2.510549;0.252165;-0.216096;-0.809309;1.938475;0.058824;0.058824;0.000000;532.197391;0.814735;10.061371;10.070500;1.074612;1.154791;10.118595;0.402672;0.972312;1.080903;1.254175;0.127451;0.127451;0.000000;10384.494944;0.048672;0.564678;0.062117;2.021348;4.085847;2.098740;0.316978;1.324395;1.188903;2.081390;0.078431;0.078431;1.003922;240.923172;1.703380;4.087482;7.346200;39.125543;1530.808093;39.338475;4.157834;0.208303;-0.848910;59.734000;0.039216;0.039216;0.501961;79779.059070;1.322141;-110.348478;-115.735000;65.282890;4261.855727;128.213269;8.611822;0.341406;-0.657467;99.589500;0.019608;0.019608;0.000000;1459393.537262;0.569596;0.000000;0.000000;-0.125237;-0.113527;0.644536;-0.459309;0.000000;0.144876;-0.093554;0.000000;0.000000;-0.574759;-0.527701;-0.418641;-0.127491;10.415723;1.201549;13.147074;2.229675;1.128522;0.000000;10.533085;1.005859;-0.012294;109.688827;17990.562732
1.000000;1.000000;0.000000;0.000000;1.000000;0.000000;0.000000;0.000000;0.000000;0.000000;0.000000;0.000000;102.000000;-0.000000;-1.904649;-1.664250;1.180672;1.393986;2.240909;0.199854;-0.983471;0.663691;1.128500;0.068627;0.068627;0.000000;441.120854;0.721193;9.937699;9.456800;1.110533;1.233283;9.999557;0.319117;1.136980;0.841094;1.514450;0.088235;0.088235;0.000000;10136.206154;0.051443;1.639914;1.899200;2.031599;4.127394;2.610883;0.247835;0.241368;-0.723430;3.471625;0.029412;0.029412;0.000000;484.809214;1.307497;-10.706244;1.093500;28.987280;840.262425;30.901231;3.505745;-0.347682;-1.383094;55.769250;0.029412;0.029412;1.003922;54547.827509;1.626150;-18.283397;3.096950;66.059055;4363.798787;68.542552;6.338188;-0.445922;-0.838468;103.422500;0.019608;0.019608;0.501961;256667.085250;1.242422;0.000000;0.000000;0.000641;0.339381;0.583418;0.242385;0.000000;0.128362;-0.103406;0.000000;0.000000;-0.778411;-0.421195;-0.290609;-0.290839;10.236383;1.229290;12.847123;1.407792;1.245489;0.000000;10.117340;1.005859;0.961457;106.012819;5659.784198
1.000000;1.000000;0.000000;0.000000;1.000000;0.000000;0.000000;0.000000;0.000000;0.000000;0.000000;0.000000;102.000000;-0.000000;-1.899593;-1.806950;0.765174;0.585492;2.047912;0.173857;-0.250138;-0.674342;1.058200;0.068627;0.068627;0.000000;397.939172;0.447214;9.763420;9.260600;1.480772;2.192686;9.875072;0.320916;0.958902;0.002888;1.880575;0.068627;0.068627;0.000000;9834.914275;0.083888;1.956904;1.993550;1.089141;1.186229;2.239576;0.189132;-0.180690;-1.216400;2.038270;0.098039;0.098039;0.000000;451.107047;0.565303;1.647996;2.604150;21.556577;464.686022;21.619480;3.364543;-1.011565;1.237672;26.104175;0.098039;0.098039;1.003922;23981.269298;1.941588;5.958208;15.265000;54.448389;2964.627042;54.773418;7.260196;-0.692405;-0.347966;72.885250;0.058824;0.058824;0.501961;154817.010711;1.186279;0.000000;0.000000;-0.400476;0.304898;0.303383;-0.335432;0.000000;0.053075;0.383759;0.000000;0.000000;-0.588098;-0.217850;0.175673;-0.328855;10.021638;2.277765;12.663013;2.334836;0.470848;0.000000;9.953989;1.005859;1.947036;102.710993;3472.544896
1.000000;1.000000;0.000000;0.000000;1.000000;0.000000;0.000000;0.000000;0.000000;0.000000;0.000000;0.000000;102.000000;-0.000000;-1.508025;-1.483800;1.196701;1.432094;1.925158;0.228470;0.613897;0.040794;1.805532;0.068627;0.068627;0.000000;305.024144;1.019330;9.484931;8.935450;1.569255;2.462560;9.613869;0.343180;1.318528;0.711477;1.484425;0.078431;0.078431;0.000000;9301.912022;0.096731;2.300765;2.517600;1.070645;1.146281;2.537676;0.153380;-0.491917;-0.599212;1.402375;0.049020;0.049020;0.000000;598.402726;0.464790;-1.609731;-6.135750;14.572765;212.365474;14.661402;2.824506;1.044107;0.315180;15.257625;0.058824;0.058824;0.501961;11095.363151;1.732882;-0.103297;11.534500;52.289419;2734.183353;52.289521;7.958045;-0.617540;-0.508994;72.723750;0.049020;0.049020;0.501961;139452.590151;1.487857;0.000000;0.000000;-0.069447;-0.048885;0.456852;-0.293898;0.000000;-0.211281;0.304229;0.000000;0.000000;-0.173955;0.030567;0.220708;-0.370765;9.729108;2.477179;12.153271;2.503352;1.429863;0.000000;9.542289;1.005859;1.874878;97.132716;2955.590534
1.000000;1.000000;0.000000;0.000000;1.000000;0.000000;0.000000;0.000000;0.000000;0.000000;0.000000;0.000000;102.000000;-0.000000;-1.352433;-1.718000;1.489690;2.219177;2.012027;0.245807;0.700221;-0.262125;2.155955;0.049020;0.049020;0.000000;299.755169;1.164446;9.396161;9.189800;1.203743;1.448997;9.472953;0.271777;1.617758;3.428563;1.331225;0.078431;0.078431;0.000000;9079.259437;0.064421;1.752921;2.191150;1.324287;1.753736;2.196922;0.126408;-0.056639;-1.307182;2.162393;0.009804;0.009804;0.000000;402.869400;0.642885;-15.321352;-10.645000;14.932072;222.966772;21.394172;1.931025;-0.896106;0.994009;16.237325;0.049020;0.049020;0.000000;35318.459830;1.203599;75.746890;66.686500;67.218179;4518.283549;101.271293;7.845347;0.109307;-1.178158;117.532500;0.009804;0.009804;0.000000;815679.014856;0.820011;0.000000;0.000000;-0.135070;0.574304;-0.928170;-0.732110;0.000000;0.417593;0.082993;0.000000;0.000000;0.334134;-0.357821;-0.015322;-0.155789;9.661101;1.448219;12.146164;2.311678;1.392815;0.000000;9.406074;1.005859;2.352552;94.785086;10718.411916
1.000000;1.000000;0.000000;0.000000;1.000000;0.000000;0.000000;0.000000;0.000000;0.000000;0.000000;0.000000;102.000000;-0.000000;-2.318116;-2.338900;1.590167;2.528633;2.811102;0.176507;0.847964;0.848926;1.975225;0.039216;0.039216;0.000000;677.078691;0.749911;9.481629;9.438150;0.678162;0.459903;9.505851;0.194669;-0.488654;-0.214963;1.054225;0.098039;0.098039;0.000000;9193.387313;0.022947;0.976889;0.740410;0.845009;0.714041;1.291647;0.121997;0.446544;-0.617381;1.291638;0.049020;0.049020;0.000000;133.757261;0.910889;-19.276942;-13.302000;16.661695;277.612073;25.479650;1.750704;-0.850448;-0.362625;21.376375;0.019608;0.019608;0.000000;52061.480265;0.835577;85.890499;90.612500;70.345221;4948.450053;111.020844;6.347532;-0.311431;-1.207850;119.121250;0.039216;0.039216;0.000000;1004843.286410;0.685406;0.000000;0.000000;-0.405011;0.563258;-0.709737;-0.770004;0.000000;0.213151;0.026801;0.000000;0.000000;0.061693;-0.136594;-0.306681;-0.017757;9.935568;0.547978;13.036999;2.642975;0.375150;0.000000;9.666769;1.005859;0.799514;99.263492;12976.508800
1.000000;1.000000;0.000000;0.000000;1.000000;0.000000;0.000000;0.000000;0.000000;0.000000;0.000000;0.000000;102.000000;-0.000000;-2.864005;-2.630150;1.543642;2.382831;3.253514;0.204131;-0.159103;-0.915191;2.657500;0.039216;0.039216;0.000000;958.181876;0.497837;9.448388;9.249300;1.123211;1.261603;9.514917;0.326290;0.646939;0.872111;1.312375;0.098039;0.098039;0.000000;9170.090669;0.058540;1.571086;1.587200;1.009185;1.018455;1.867288;0.164998;0.058387;-0.366180;1.297833;0.058824;0.058824;0.000000;303.709054;0.671502;-7.984101;-6.658200;17.919376;321.104051;19.617592;2.281496;-0.490819;0.623921;17.826300;0.068627;0.068627;0.000000;22881.174302;1.848932;26.558568;18.086500;58.702650;3446.001168;64.431038;8.021210;0.282684;-0.197608;70.661250;0.068627;0.068627;1.003922;247709.742241;1.704914;0.000000;0.000000;-0.037234;0.563951;-0.663421;-0.808095;0.000000;0.175244;-0.346386;0.000000;0.000000;0.418909;-0.501419;0.206068;0.176447;10.035564;1.406454;13.319546;2.410165;1.270353;0.000000;10.017699;1.005859;1.373846;102.118999;4539.695372
1.000000;1.000000;0.000000;0.000000;1.000000;0.000000;0.000000;0.000000;0.000000;0.000000;0.000000;0.000000;102.000000;-0.000000;-2.432533;-2.218050;1.335817;1.784408;2.775180;0.204381;-0.992163;0.926360;1.198050;0.078431;0.078431;0.000000;694.563253;0.586431;9.323230;8.799900;1.481235;2.194058;9.440163;0.407303;0.831873;-0.457748;2.098300;0.078431;0.078431;0.000000;8978.004918;0.092074;1.867921;1.835350;0.888733;0.789846;2.068569;0.162619;-0.461238;0.927578;0.956900;0.058824;0.058824;0.000000;396.178764;0.493838;-3.001781;-2.333600;14.111904;199.145843;14.427631;2.849138;0.075084;-0.566218;19.216950;0.088235;0.088235;1.505882;11075.562235;1.805080;5.140370;6.441200;40.994506;1680.549492;41.315529;9.202474;-0.142255;0.090925;42.871000;0.098039;0.098039;1.505882;88405.985381;2.204079;0.000000;0.000000;-0.020103;0.345333;-0.721139;-0.550933;0.000000;-0.074989;-0.352931;0.000000;0.000000;0.572462;-0.391191;0.268872;-0.061334;9.774454;2.278349;12.762916;2.219646;1.798211;0.000000;9.687698;1.005859;1.804342;97.818308;1919.408404
1.000000;1.000000;0.000000;0.000000;1.000000;0.000000;0.000000;0.000000;0.000000;0.000000;0.000000;0.000000;102.000000;-0.000000;-2.596116;-2.522250;1.064090;1.132287;2.805727;0.162523;-0.313527;-0.999928;1.606475;0.088235;0.088235;0.000000;745.211539;0.386909;9.415801;8.797150;1.596304;2.548187;9.550157;0.351906;0.820516;-0.288683;2.300975;0.078431;0.078431;0.000000;9173.003141;0.092831;1.823552;2.001750;0.610060;0.372174;1.922893;0.109146;-0.556528;-0.500144;0.815675;0.049020;0.049020;0.000000;358.165886;0.281138;1.756477;0.504580;14.887943;221.650840;14.991199;2.673193;0.541661;0.805546;14.522950;0.068627;0.068627;0.501961;11618.890157;1.629725;-14.602767;-10.623000;43.285116;1873.601291;45.681967;7.401604;-0.961946;1.286003;36.669100;0.098039;0.098039;0.501961;117304.822603;1.799464;0.000000;0.000000;-0.042364;-0.101156;-0.327470;-0.620655;0.000000;-0.478649;-0.490175;0.000000;0.000000;0.454844;-0.063086;0.070147;0.106737;9.877227;2.517985;13.011917;2.577100;1.139814;0.000000;9.837371;1.005859;1.874997;100.077601;2315.275677
1.000000;1.000000;0.000000;0.000000;1.000000;0.000000;0.000000;0.000000;0.000000;0.000000;0.000000;0.000000;102.000000;-0.000000;-3.340649;-3.462000;1.156803;1.338194;3.535270;0.180853;0.634989;-0.480826;1.412750;0.078431;0.078431;0.000000;1206.562429;0.298620;9.541183;9.212300;1.414083;1.999631;9.645404;0.309273;0.685475;0.257057;1.797725;0.049020;0.049020;0.000000;9387.478229;0.079697;1.437564;1.684750;1.229466;1.511587;1.891607;0.129608;-0.084595;-1.191411;2.068483;0.029412;0.029412;0.000000;287.884705;0.855999;15.735215;5.392650;24.615091;605.902684;29.214717;2.544559;0.919311;-0.568885;37.443300;0.029412;0.029412;0.000000;56161.907854;1.602795;-61.075951;-56.530500;64.704957;4186.731403;88.977543;6.527469;-0.051203;-1.154698;111.548600;0.029412;0.029412;0.000000;594052.688295;1.314623;0.000000;0.000000;-0.016953;-0.615822;0.465966;-0.733646;0.000000;0.093069;-0.575042;0.000000;0.000000;-0.114434;-0.175801;-0.176184;0.264027;10.227790;1.924250;13.881833;2.020601;1.350271;0.000000;10.143264;1.005859;1.687762;106.531943;8774.081081
1.000000;1.000000;0.000000;0.000000;1.000000;0.000000;0.000000;0.000000;0.000000;0.000000;0.000000;0.000000;102.000000;-0.000000;-2.419641;-2.768500;1.603880;2.572432;2.902946;0.220820;0.171245;-0.932318;2.354725;0.029412;0.029412;0.000000;728.376401;0.761655;9.643895;9.568350;0.883952;0.781372;9.684322;0.235922;0.291756;-0.275484;1.319125;0.078431;0.078431;0.000000;9526.330944;0.035821;1.187894;0.928710;1.211551;1.467857;1.696747;0.145109;0.453617;-0.925640;1.854730;0.039216;0.039216;0.000000;218.792520;1.009635;18.514669;13.053000;25.766110;663.892446;31.728306;2.890082;0.446256;-0.880553;33.931755;0.029412;0.029412;0.000000;68824.021170;1.328550;-78.042530;-92.092500;60.673930;3681.325739;98.853236;10.569598;0.437003;-0.824650;91.208000;0.078431;0.078431;0.000000;808992.626591;0.892649;0.000000;0.000000;0.039200;-0.514563;0.601194;-0.602016;0.000000;-0.095245;-0.285501;0.000000;0.000000;-0.334049;0.147173;-0.317703;-0.090325;10.120587;0.786895;13.142657;2.599641;0.787368;0.000000;10.177970;1.005859;1.320784;103.213181;10781.526637
1.000000;1.000000;0.000000;0.000000;1.000000;0.000000;0.000000;0.000000;0.000000;0.000000;0.000000;0.000000;102.000000;-0.000000;-1.735771;-1.700450;1.190430;1.417124;2.104762;0.239127;-0.112682;-0.079923;1.401502;0.068627;0.068627;0.000000;379.596197;0.890962;9.566258;9.513800;1.574946;2.480454;9.695037;0.297805;0.587210;1.010713;1.494350;0.068627;0.068627;0.000000;9460.873028;0.096228;1.546165;1.334050;0.852777;0.727229;1.765745;0.166065;0.394323;-1.129758;1.476455;0.068627;0.068627;0.000000;280.937703;0.688943;2.847028;4.981800;25.417703;646.059602;25.576653;3.675530;-0.616534;0.127706;31.865400;0.078431;0.078431;1.003922;33778.276072;1.404187;-37.812426;-23.887000;52.464462;2752.519794;64.670699;11.816511;-0.381148;-0.780713;75.418375;0.068627;0.068627;0.000000;286259.049847;1.610614;0.000000;0.000000;0.225800;0.171416;0.488768;-0.249989;0.000000;-0.232210;-0.024861;0.000000;0.000000;-0.440867;-0.208970;-0.108217;-0.038255;9.866116;2.083529;12.381149;2.654437;1.281731;0.000000;10.057330;1.005859;1.321567;99.423767;4839.582374
1.000000;1.000000;0.000000;0.000000;1.000000;0.000000;0.000000;0.000000;0.000000;0.000000;0.000000;0.000000;102.000000;-0.000000;-2.572985;-2.243800;1.080119;1.166656;2.790503;0.179480;-0.630451;-0.363825;1.501300;0.068627;0.068627;0.000000;734.765876;0.387986;9.454003;9.012600;1.958240;3.834705;9.654682;0.381749;1.094612;0.669245;2.089850;0.068627;0.068627;0.000000;9312.144231;0.140138;2.064076;2.185350;0.656012;0.430351;2.165816;0.155438;-0.516848;-0.512911;0.914050;0.098039;0.098039;0.000000;456.511181;0.295283;-5.723697;-2.929950;19.976868;399.075255;20.780663;2.948903;-0.926306;0.591075;23.969150;0.058824;0.058824;1.003922;23695.619972;1.508954;7.945343;3.939850;38.457865;1479.007396;39.270038;7.679699;0.090678;-0.021634;46.248000;0.058824;0.058824;0.501961;81869.209371;1.848755;0.000000;0.000000;-0.106322;0.534315;0.300124;0.326929;0.000000;-0.608254;0.139791;0.000000;0.000000;-0.199088;-0.574817;-0.191623;0.170323;9.915687;3.678939;13.026988;3.891681;1.159199;0.000000;10.153390;1.005859;1.996823;101.999785;1978.662595
1.000000;1.000000;0.000000;0.000000;1.000000;0.000000;0.000000;0.000000;0.000000;0.000000;0.000000;0.000000;102.000000;-0.000000;-2.414621;-2.237650;0.974035;0.948743;2.603677;0.135856;-1.067923;0.628209;0.805625;0.058824;0.058824;0.000000;643.088757;0.377891;9.605558;8.988300;1.732121;3.000245;9.760481;0.361827;1.456611;1.221713;1.744300;0.049020;0.049020;0.000000;9564.266938;0.112439;1.975505;2.132400;0.640093;0.409719;2.076618;0.130225;-0.302368;-0.501507;0.915625;0.049020;0.049020;0.000000;418.966729;0.283949;2.154216;2.329950;11.583140;134.169129;11.781756;1.848230;-0.429482;-0.628135;16.157100;0.049020;0.049020;0.501961;7316.007538;1.552614;6.618609;12.256500;46.228195;2137.045981;46.699593;7.082396;-0.465560;-0.202648;44.215250;0.058824;0.058824;0.501961;113458.458850;1.580554;0.000000;0.000000;-0.489203;-0.370866;0.546172;-0.167537;0.000000;-0.351126;0.345148;0.000000;0.000000;-0.249380;-0.618837;0.126805;0.250806;9.989108;3.263847;13.020178;3.323658;0.664429;0.000000;10.144141;1.005859;2.135089;103.046122;2323.974082
1.000000;1.000000;0.000000;0.000000;1.000000;0.000000;0.000000;0.000000;0.000000;0.000000;0.000000;0.000000;102.000000;-0.000000;-1.939716;-2.063550;0.675973;0.456939;2.054127;0.169072;0.184354;-0.709308;1.105875;0.058824;0.058824;0.000000;407.082827;0.327572;9.740200;9.149600;1.893508;3.585373;9.922543;0.426786;1.138380;0.731094;1.869450;0.058824;0.058824;0.000000;9859.747013;0.125817;1.543656;1.526150;0.846108;0.715899;1.760333;0.164784;-1.576130;7.300223;0.890200;0.068627;0.068627;0.000000;279.611721;0.797911;-3.863875;0.866430;18.112768;328.072373;18.520310;2.477167;-1.011001;0.075065;17.724950;0.068627;0.068627;0.501961;18254.520725;1.440255;38.069831;45.207000;70.659927;4992.825247;80.262926;8.121703;-0.127370;-0.762569;81.097750;0.029412;0.029412;0.501961;402484.872757;1.436751;0.000000;0.000000;-0.563653;0.146910;-0.101855;-0.682881;0.000000;-0.565440;0.094508;0.000000;0.000000;-0.159337;0.049341;0.171625;0.290310;9.999222;3.691866;12.679916;3.780799;0.301536;0.000000;10.093933;1.005859;1.737751;103.676308;6788.237973
1.000000;1.000000;0.000000;0.000000;1.000000;0.000000;0.000000;0.000000;0.000000;0.000000;0.000000;0.000000;102.000000;-0.000000;-1.887568;-2.091150;1.413846;1.998961;2.358362;0.373837;2.530363;8.868459;1.146025;0.078431;0.078431;0.000000;465.365743;1.065499;9.662291;9.679950;1.624442;2.638810;9.797892;0.465239;1.294601;2.823037;1.254500;0.107843;0.107843;0.000000;9657.317126;0.106269;1.151653;1.364650;1.217260;1.481722;1.675717;0.286223;-0.481960;1.339034;0.928055;0.098039;0.098039;0.000000;210.851534;1.456451;-16.729250;-15.259000;16.428614;269.899368;23.447115;3.289051;0.115364;-0.354581;20.705150;0.058824;0.058824;0.000000;42312.037710;1.117585;101.254664;94.743000;54.608197;2982.055215;115.041567;13.488337;-0.722827;1.640912;79.762500;0.078431;0.078431;0.000000;1197840.547228;0.691041;0.000000;0.000000;-0.407354;0.338499;-0.280823;-0.578247;0.000000;-0.133620;0.019520;0.000000;0.000000;0.313249;-0.347205;-0.058390;0.504989;9.997071;2.619122;12.848290;3.340397;1.343293;0.000000;9.934473;1.005859;1.310122;102.560554;13787.137351
1.000000;1.000000;0.000000;0.000000;1.000000;0.000000;0.000000;0.000000;0.000000;0.000000;0.000000;0.000000;102.000000;-0.000000;-1.785400;-2.011100;1.415033;2.002318;2.278151;0.337940;2.362501;8.117974;1.317475;0.068627;0.068627;0.000000;427.273649;1.133175;9.552228;9.686550;0.929944;0.864797;9.597388;0.404345;-0.147599;1.675768;0.873450;0.156863;0.156863;0.000000;9351.106073;0.042925;1.760494;1.720750;1.487087;2.211427;2.304510;0.289431;-0.238662;-0.509229;1.858925;0.078431;0.078431;0.000000;428.951068;1.105684;-14.117958;-13.280500;18.424228;339.452166;23.211396;3.671860;-0.119606;-0.348917;22.919675;0.078431;0.078431;0.000000;37642.390079;1.524868;47.053955;40.900500;83.174992;6918.079314;95.562304;13.919665;0.060003;-0.971072;131.679000;0.029412;0.029412;0.501961;578677.957790;1.547290;0.000000;0.000000;-0.289806;0.451260;-0.633753;-0.443335;0.000000;-0.003304;0.222084;0.000000;0.000000;0.317812;-0.378045;-0.104981;0.204477;9.876247;0.759588;12.636060;2.139310;0.756193;0.000000;9.763556;1.005859;1.337302;98.299837;9676.233659
1.000000;1.000000;0.000000;0.000000;1.000000;0.000000;0.000000;0.000000;0.000000;0.000000;0.000000;0.000000;102.000000;-0.000000;-2.051629;-1.782900;1.151269;1.325420;2.352574;0.183455;-0.707456;-0.282750;1.521675;0.029412;0.029412;0.000000;496.933751;0.624276;9.491862;9.475850;1.206657;1.456021;9.568253;0.361378;0.426398;0.172807;1.378475;0.117647;0.117647;0.000000;9263.992965;0.061698;2.314612;2.129900;0.938249;0.880311;2.497546;0.189458;0.383235;-1.162686;1.658850;0.078431;0.078431;0.000000;591.353454;0.388004;-3.541837;-2.114000;20.505044;420.456837;20.808687;3.663290;-0.462230;0.246153;24.634150;0.078431;0.078431;2.007843;22723.030398;1.832756;1.367649;7.482000;49.672269;2467.334270;49.691093;10.602861;-0.159650;-1.068119;82.739250;0.078431;0.078431;2.007843;126024.928325;1.915615;0.000000;0.000000;-0.146270;0.254300;-0.816675;-0.277213;0.000000;-0.550157;-0.367279;0.000000;0.000000;0.291263;-0.281576;0.333477;0.521288;9.825211;1.551283;12.543491;1.620035;1.188946;0.000000;9.618047;1.005859;2.367590;98.086063;2908.443922
1.000000;1.000000;0.000000;0.000000;1.000000;0.000000;0.000000;0.000000;0.000000;0.000000;0.000000;0.000000;102.000000;-0.000000;-2.226028;-2.039550;0.997978;0.995960;2.439500;0.182035;-0.881842;0.470139;0.800525;0.058824;0.058824;0.000000;556.225416;0.461989;9.435052;9.178800;1.281713;1.642789;9.521712;0.368711;0.731328;-0.073494;1.848100;0.107843;0.107843;0.000000;9163.848825;0.066043;2.044606;1.865850;0.675494;0.456292;2.153301;0.139487;0.667884;-0.348414;0.890000;0.098039;0.098039;0.000000;449.673104;0.290092;-2.499715;-3.789300;14.728233;216.920857;14.938857;2.825733;0.893307;0.565023;15.271525;0.127451;0.127451;1.505882;11700.324010;1.788425;6.983009;-4.215450;39.087211;1527.810082;39.706076;8.395074;0.285247;-0.725499;56.303500;0.068627;0.068627;1.505882;82892.392058;2.103681;0.000000;0.000000;-0.214980;0.351391;-0.583422;-0.426752;0.000000;-0.570936;-0.441710;0.000000;0.000000;0.132545;-0.174851;0.671300;0.464471;9.791959;1.731702;12.661080;1.761157;0.903719;0.000000;9.601447;1.005859;2.005410;97.614156;1804.378638
1.000000;1.000000;0.000000;0.000000;1.000000;0.000000;0.000000;0.000000;0.000000;0.000000;0.000000;0.000000;102.000000;-0.000000;-2.920482;-2.201850;1.753788;3.075771;3.406609;0.246714;-0.730599;-0.036590;1.916875;0.039216;0.039216;0.000000;1026.856497;0.667880;9.463225;9.138300;1.297180;1.682675;9.551718;0.396490;0.494222;-0.554238;1.897825;0.098039;0.098039;0.000000;9220.185372;0.069968;1.303267;1.545300;1.078686;1.163564;1.691765;0.153464;-0.865497;0.637386;1.054927;0.049020;0.049020;0.000000;232.595591;0.971834;6.074731;-2.304050;23.793649;566.137729;24.556875;2.779563;1.222106;0.741797;21.474525;0.029412;0.029412;0.501961;32650.960235;2.110220;-38.277468;-11.319500;81.234664;6599.070634;89.801087;9.856343;-1.106826;0.629293;86.772525;0.029412;0.029412;0.501961;486008.746297;1.633459;0.000000;0.000000;-0.059652;-0.768855;0.681071;-0.815775;0.000000;-0.178638;-0.486557;0.000000;0.000000;0.093762;0.361584;-0.272573;0.446164;10.095022;1.930826;13.430460;3.119451;1.686108;0.000000;9.595418;1.005859;1.787643;103.840295;8670.137370
1.000000;1.000000;0.000000;0.000000;1.000000;0.000000;0.000000;0.000000;0.000000;0.000000;0.000000;0.000000;102.000000;-0.000000;-2.843228;-2.293900;1.872825;3.507472;3.404617;0.323189;-0.546286;-0.379150;2.388000;0.058824;0.058824;0.000000;1003.450532;0.765536;9.859351;10.032000;1.279500;1.637120;9.942028;0.441519;-0.295547;-0.743468;1.715700;0.147059;0.147059;0.000000;9998.602153;0.068462;0.094971;0.569850;1.405064;1.974204;1.408270;0.240076;-0.801638;-0.262371;1.935805;0.039216;0.039216;1.003922;101.604831;1.479796;16.653671;25.092500;36.366578;1322.528007;39.998410;4.782936;-0.662732;-0.020670;44.221975;0.029412;0.029412;1.003922;95738.094520;1.494951;-105.645375;-102.890000;91.268661;8329.968432;139.609863;15.477061;0.271402;-0.706207;110.910250;0.058824;0.058824;0.000000;1563253.505076;1.076090;0.000000;0.000000;0.082292;0.092891;0.307975;-0.323953;0.000000;-0.022272;-0.572123;0.000000;0.000000;-0.442143;0.053242;-0.552322;0.087266;10.478919;1.627591;13.762520;3.562968;1.632561;0.000000;10.115723;1.005859;0.526883;111.435341;21092.769785
1.000000;1.000000;0.000000;0.000000;1.000000;0.000000;0.000000;0.000000;0.000000;0.000000;0.000000;0.000000;102.000000;-0.000000;-2.313823;-2.146050;1.154606;1.333114;2.585903;0.292971;-0.099296;-0.309633;1.618675;0.098039;0.098039;0.000000;614.081031;0.606585;9.624016;9.617050;1.180694;1.394038;9.696170;0.360124;-0.113359;-0.699174;1.658100;0.098039;0.098039;0.000000;9518.518938;0.059661;1.144921;1.361350;2.009254;4.037103;2.312563;0.257726;-0.560931;-0.512001;3.153330;0.068627;0.068627;0.000000;339.623465;1.320097;2.385352;1.069500;36.249988;1314.061653;36.328385;5.068107;-0.067996;-0.745579;56.209000;0.049020;0.049020;1.003922;67600.185712;1.552442;-61.538493;-76.855500;106.393692;11319.617727;122.908925;16.445969;0.179601;-0.917976;154.191250;0.039216;0.039216;0.000000;963573.371103;1.494878;0.000000;0.000000;-0.009365;-0.066214;0.438198;-0.425707;0.000000;0.138085;-0.332179;0.000000;0.000000;-0.415696;-0.196115;-0.664055;-0.054935;10.018254;1.337186;12.956494;1.410432;1.343721;0.000000;10.168816;1.005859;0.483630;101.702608;16431.703369
1.000000;1.000000;0.000000;0.000000;1.000000;0.000000;0.000000;0.000000;0.000000;0.000000;0.000000;0.000000;102.000000;-0.000000;-2.288639;-1.968000;1.033138;1.067374;2.511024;0.215122;-0.564435;0.164959;1.219675;0.058824;0.058824;0.000000;588.699054;0.495268;9.380899;9.353000;1.278940;1.635688;9.467679;0.300759;1.091351;1.884446;1.212525;0.088235;0.088235;0.000000;9059.549672;0.072715;2.462409;2.590000;0.944527;0.892130;2.637345;0.187219;-0.101931;-0.550148;1.151700;0.058824;0.058824;0.000000;663.977022;0.360197;-1.527038;1.866000;18.107320;327.875045;18.171596;3.008055;-0.274722;-0.554854;21.135000;0.058824;0.058824;0.501961;16960.047313;1.798088;1.901925;8.546450;65.423258;4280.202635;65.450897;11.840586;0.091268;-0.611975;82.592750;0.058824;0.058824;1.003922;218663.505416;1.861761;0.000000;0.000000;0.066263;-0.357996;0.069857;-0.732664;0.000000;0.359411;0.130413;0.000000;0.000000;-0.168885;-0.272198;-0.254399;-0.076908;9.766583;1.556051;12.675005;1.665197;1.064628;0.000000;9.658919;1.005859;2.675702;96.942198;4620.982434
1.000000;1.000000;0.000000;0.000000;1.000000;0.000000;0.000000;0.000000;0.000000;0.000000;0.000000;0.000000;102.000000;-0.000000;-1.846030;-1.845600;0.602370;0.362850;1.941823;0.158859;0.516962;0.796206;0.740225;0.117647;0.117647;0.000000;366.105684;0.301115;9.576165;9.325250;1.768084;3.126119;9.738021;0.362588;1.316158;1.069021;1.797350;0.098039;0.098039;0.000000;9513.131380;0.118201;2.043867;2.184300;0.812623;0.660356;2.199488;0.156064;0.133189;-0.468049;1.349650;0.078431;0.078431;0.000000;459.772909;0.376503;0.485592;2.561300;16.542509;273.654598;16.549634;2.547481;-0.479168;-0.104323;22.856000;0.058824;0.058824;0.501961;13980.464810;1.543349;6.216836;11.389000;48.343656;2337.109111;48.741750;8.820583;0.004883;-0.461992;64.512750;0.058824;0.058824;1.003922;123134.777478;1.787955;0.000000;0.000000;-0.203216;-0.349331;0.208634;-0.613908;0.000000;-0.258465;0.360260;0.000000;0.000000;0.042349;-0.287772;-0.119320;-0.068894;9.825662;3.056086;12.422194;3.174087;0.349426;0.000000;9.916082;1.005859;2.189184;99.599725;2654.486308
1.000000;1.000000;0.000000;0.000000;1.000000;0.000000;0.000000;0.000000;0.000000;0.000000;0.000000;0.000000;102.000000;-0.000000;-1.390454;-1.677250;1.394487;1.944595;1.969253;0.239645;0.968261;0.666794;1.672193;0.068627;0.068627;0.000000;296.378082;1.184022;9.506474;8.843600;1.974565;3.898907;9.709374;0.448269;1.326244;0.828610;1.756750;0.058824;0.058824;0.000000;9416.894271;0.138277;1.876656;2.059300;1.172280;1.374241;2.212708;0.197032;-0.781417;1.429251;1.299175;0.078431;0.078431;0.000000;429.324148;0.747705;-6.731174;-7.213200;18.299415;334.868583;19.498136;3.351901;-0.084347;-0.760209;22.641200;0.107843;0.107843;1.003922;21703.875871;2.022805;40.528166;31.328000;61.762798;3814.643268;73.872698;12.666198;0.304407;-1.005506;103.386750;0.088235;0.088235;0.000000;362139.041836;1.852378;0.000000;0.000000;-0.079577;0.368946;-0.531483;-0.644503;0.000000;-0.320723;0.214260;0.000000;0.000000;-0.366071;0.221571;-0.105433;0.005398;9.764691;3.800713;12.261899;3.962016;1.939342;0.000000;9.765957;1.005859;1.965409;99.149902;5842.248850
1.000000;1.000000;0.000000;0.000000;1.000000;0.000000;0.000000;0.000000;0.000000;0.000000;0.000000;0.000000;102.000000;-0.000000;-2.012615;-2.307800;1.705170;2.907606;2.637845;0.232747;0.921860;0.314533;2.175950;0.019608;0.019608;0.000000;561.451347;0.894146;9.613009;9.404450;1.341108;1.798570;9.706107;0.356857;1.643881;4.476109;0.982250;0.137255;0.137255;0.000000;9517.549208;0.077204;1.067383;1.311100;1.558075;2.427597;1.888625;0.201633;0.135516;-0.986953;2.576243;0.039216;0.039216;0.000000;240.017160;1.113634;-13.995044;-9.308050;18.291344;334.573258;23.031164;3.375218;-0.478882;-0.356530;23.007850;0.078431;0.078431;0.000000;37041.742801;1.415687;90.673214;103.805000;73.396825;5387.093930;116.656443;11.455515;-0.303943;-1.318023;144.258500;0.039216;0.039216;0.000000;1113352.800846;0.870440;0.000000;0.000000;0.006825;0.779232;-0.834871;-0.768718;0.000000;-0.064131;0.076835;0.000000;0.000000;0.009069;-0.054435;-0.014517;-0.111074;10.020639;1.753530;12.990596;2.936616;1.816156;0.000000;9.804163;1.005859;1.517617;102.166735;14142.727032
1.000000;1.000000;0.000000;0.000000;1.000000;0.000000;0.000000;0.000000;0.000000;0.000000;0.000000;0.000000;102.000000;-0.000000;-2.422227;-2.403850;0.987289;0.974740;2.615708;0.161533;-0.050732;0.206777;1.315800;0.049020;0.049020;0.000000;648.168742;0.363315;9.489881;9.522100;0.664883;0.442070;9.513145;0.238134;-0.161015;0.506923;0.655625;0.176471;0.176471;0.000000;9208.448088;0.022910;0.953335;1.005190;1.201129;1.442711;1.533479;0.156994;-0.163373;-1.335208;2.247028;0.068627;0.068627;0.000000;166.293902;1.350394;-11.734756;-7.383950;18.982697;360.342780;22.316973;2.554468;-0.447361;-0.289566;22.286150;0.029412;0.029412;0.000000;32425.107304;1.390838;61.380137;33.464000;80.239788;6438.423579;101.024476;7.566568;0.288115;-1.238273;128.833075;0.009804;0.009804;0.000000;712671.659257;1.158200;0.000000;0.000000;-0.153995;0.531675;-0.870748;-0.546209;0.000000;-0.039601;0.172616;0.000000;0.000000;0.186338;-0.446793;-0.087872;-0.445295;9.889803;0.533650;12.912109;1.003113;0.427725;0.000000;10.090761;1.005859;0.521311;98.341844;10706.343677
1.000000;1.000000;0.000000;0.000000;1.000000;0.000000;0.000000;0.000000;0.000000;0.000000;0.000000;0.000000;102.000000;-0.000000;-2.075096;-2.071100;1.116559;1.246704;2.356422;0.189768;0.535439;-0.098462;1.198625;0.078431;0.078431;0.000000;502.798467;0.585218;9.353016;9.284400;1.336630;1.786579;9.448041;0.355684;0.935874;1.357586;1.393400;0.098039;0.098039;0.000000;9013.963982;0.074370;1.969940;2.137950;0.934713;0.873689;2.180447;0.176543;-0.026771;-0.149693;1.117250;0.098039;0.098039;0.000000;440.387139;0.493579;-4.898800;-3.917200;19.224794;369.592704;19.839127;3.568398;-0.008292;0.011365;22.172175;0.078431;0.078431;2.007843;21297.322435;1.929087;-3.175644;9.339500;45.914398;2108.131985;46.024088;10.398031;-1.201413;1.515044;50.139500;0.058824;0.058824;2.007843;108545.594091;1.855375;0.000000;0.000000;-0.100671;-0.065981;-0.550700;-0.287452;0.000000;-0.624165;-0.509480;0.000000;0.000000;0.260560;-0.174422;0.259111;0.286674;9.694291;1.838926;12.480651;1.843650;1.219666;0.000000;9.775270;1.005859;1.865284;95.818207;2516.561995
1.000000;1.000000;0.000000;0.000000;1.000000;0.000000;0.000000;0.000000;0.000000;0.000000;0.000000;0.000000;102.000000;-0.000000;-2.718238;-2.838350;1.557059;2.424433;3.132611;0.226656;0.064539;-0.561410;2.097250;0.039216;0.039216;0.000000;877.306240;0.640936;9.460276;8.955250;1.962834;3.852717;9.661757;0.434965;0.439438;-1.074468;3.589675;0.068627;0.068627;0.000000;9325.177728;0.143303;2.171476;2.196550;0.937232;0.878403;2.365103;0.188105;0.204614;-0.537126;1.291250;0.049020;0.049020;0.000000;525.761570;0.436790;1.317119;-2.472050;27.050860;731.749019;27.082906;4.481423;0.634931;0.111723;26.867250;0.058824;0.058824;1.003922;37497.310566;1.837756;-10.346366;-5.451800;47.429273;2249.535924;48.544652;10.092990;-0.914908;0.892742;63.561250;0.068627;0.068627;2.007843;125678.111698;2.361619;0.000000;0.000000;-0.082222;0.261176;-0.654251;-0.473052;0.000000;-0.745598;-0.552053;0.000000;0.000000;0.323838;-0.111357;0.596282;0.533535;10.020700;3.748377;13.231054;3.934210;2.405090;0.000000;9.947167;1.005859;2.204753;104.162798;3095.660741
1.000000;1.000000;0.000000;0.000000;1.000000;0.000000;0.000000;0.000000;0.000000;0.000000;0.000000;0.000000;102.000000;-0.000000;-3.545315;-3.624650;1.184720;1.403562;3.738024;0.385699;0.324702;-0.439646;1.338800;0.147059;0.147059;0.000000;1353.665654;0.328258;9.448723;9.587450;2.906683;8.448805;9.885705;0.816659;-0.181596;-1.186348;5.001725;0.117647;0.117647;0.000000;9537.320844;0.265152;3.383250;3.338850;1.643017;2.699505;3.761102;0.351728;-0.169890;-0.594728;2.358075;0.078431;0.078431;0.000000;1305.207562;0.516567;-8.819335;-8.544050;50.239555;2524.012912;51.007780;7.418023;0.134446;0.268937;46.002000;0.068627;0.068627;1.003922;136665.233408;1.650155;-2.813247;3.846850;91.224235;8321.860976;91.267603;20.109109;-0.062490;-0.100064;97.976500;0.098039;0.098039;1.505882;425223.970829;1.779525;0.000000;0.000000;-0.282305;0.708509;-0.461665;-0.480585;0.000000;-0.180362;-0.304130;0.000000;0.000000;-0.319869;-0.070336;0.473259;0.262460;10.238303;7.877132;13.994038;8.665442;1.284472;0.000000;9.913020;1.005859;3.366223;112.699985;10945.714809
1.000000;1.000000;0.000000;0.000000;1.000000;0.000000;0.000000;0.000000;0.000000;0.000000;0.000000;0.000000;102.000000;-0.000000;-3.484062;-3.382150;1.472904;2.169445;3.782610;0.440520;-0.540668;-0.229885;2.179725;0.117647;0.117647;0.000000;1348.788950;0.466033;9.081242;8.562600;3.007910;9.047525;9.566425;0.753050;0.168476;-1.012064;4.872475;0.078431;0.078431;0.000000;8873.259578;0.281708;3.300420;3.206750;1.413438;1.997807;3.590346;0.334203;0.023307;-0.986236;2.449975;0.107843;0.107843;0.000000;1212.956554;0.488705;-6.085236;-3.169950;47.755480;2280.585899;48.141624;8.002830;0.350409;0.069374;52.234000;0.058824;0.058824;1.003922;120091.666867;1.630315;30.821351;15.428500;91.184502;8314.613466;96.252632;20.392752;0.951873;0.970237;98.691250;0.088235;0.088235;0.501961;520996.120469;2.295740;0.000000;0.000000;-0.352963;0.481644;-0.153739;-0.560638;0.000000;-0.045672;-0.196419;0.000000;0.000000;-0.481635;-0.290132;0.324297;0.306080;9.893901;8.935336;13.565305;9.479293;1.848736;0.000000;10.116300;1.005859;3.327838;106.824620;11595.075750
1.000000;1.000000;0.000000;0.000000;1.000000;0.000000;0.000000;0.000000;0.000000;0.000000;0.000000;0.000000;102.000000;-0.000000;-3.667082;-3.453000;1.388154;1.926971;3.921028;0.338359;-0.532004;-0.306091;2.165650;0.068627;0.068627;0.000000;1469.938298;0.390365;8.732139;8.630250;2.092822;4.379904;8.979430;0.504513;0.484310;1.145199;1.957125;0.107843;0.107843;0.000000;8000.906658;0.172308;2.406710;2.328800;1.440922;2.076256;2.805086;0.305740;0.307782;0.097908;1.597550;0.088235;0.088235;0.000000;696.713863;0.700049;-31.419562;-25.167000;43.167246;1863.411111;53.391010;6.008770;-0.298852;-1.158070;74.944800;0.049020;0.049020;0.000000;195752.607208;1.500391;86.469158;81.699500;80.662117;6506.377106;118.250972;17.650495;0.289975;-0.044247;107.273250;0.098039;0.098039;0.000000;1094477.141807;1.219966;0.000000;0.000000;-0.449617;0.430537;-0.162216;-0.746437;0.000000;-0.180783;0.052692;0.000000;0.000000;-0.214855;-0.275730;0.058794;0.190442;9.599652;4.851300;13.399222;4.994158;1.375161;0.000000;9.131051;1.005859;2.650273;97.004623;16841.760844
1.000000;1.000000;0.000000;0.000000;1.000000;0.000000;0.000000;0.000000;0.000000;0.000000;0.000000;0.000000;102.000000;-0.000000;-3.779312;-3.896000;1.241609;1.541593;3.978038;0.385438;-0.232924;0.727149;1.630275;0.127451;0.127451;0.000000;1535.615840;0.347562;9.391962;8.949650;1.940289;3.764723;9.590290;0.556741;0.808611;0.053837;2.369900;0.088235;0.088235;0.000000;9189.359861;0.150145;2.601763;2.480950;2.130141;4.537502;3.362540;0.430304;0.270280;-0.602724;2.351425;0.068627;0.068627;0.000000;921.868252;1.043778;-26.553984;-28.550000;51.083966;2609.571539;57.573307;6.156851;0.068489;-1.212522;87.133000;0.039216;0.039216;1.003922;205009.846573;1.325125;60.180560;78.243000;89.857437;8074.358926;108.148318;19.209550;-0.758006;-0.106620;129.284550;0.049020;0.049020;0.000000;781315.821068;1.784288;0.000000;0.000000;-0.245692;0.561361;-0.711253;-0.565990;0.000000;-0.151440;0.102054;0.000000;0.000000;-0.043653;-0.260729;-0.199816;0.050379;10.244529;3.848093;14.171274;3.951225;1.407628;0.000000;10.091033;1.005859;2.488512;108.798459;15022.051001
1.000000;1.000000;0.000000;0.000000;1.000000;0.000000;0.000000;0.000000;0.000000;0.000000;0.000000;0.000000;102.000000;-0.000000;-4.207599;-4.053750;2.309476;5.333681;4.799747;0.713488;-1.632316;4.765227;2.356850;0.196078;0.196078;0.000000;2078.122870;0.693037;8.936182;7.985950;3.520744;12.395637;9.604738;1.017474;0.866997;0.611105;4.537100;0.147059;0.147059;0.000000;8777.676911;0.412207;2.674202;2.333200;2.044842;4.181381;3.366413;0.547149;0.328640;-0.411764;2.296200;0.107843;0.107843;0.000000;942.728823;1.043409;-10.583399;-5.952000;39.855114;1588.430099;41.236373;6.344013;-0.256532;-0.471926;42.900250;0.058824;0.058824;1.003922;92435.596292;1.608223;1.930608;6.186750;110.525448;12215.874578;110.542308;27.372669;-0.032754;-1.030350;176.087000;0.107843;0.107843;1.003922;623452.596411;2.010459;0.000000;0.000000;-0.032486;0.479186;-0.302762;-0.258747;0.000000;-0.282494;-0.382774;0.000000;0.000000;-0.143877;-0.034664;-0.082369;0.093144;10.212863;11.985987;14.143782;12.528330;5.376526;0.000000;10.088588;1.005859;3.291755;116.288564;13931.372998
1.000000;1.000000;0.000000;0.000000;1.000000;0.000000;0.000000;0.000000;0.000000;0.000000;0.000000;0.000000;102.000000;-0.000000;-4.366455;-4.188850;2.364733;5.591961;4.965671;0.721385;-1.432746;3.852325;2.278400;0.166667;0.166667;0.000000;2230.056490;0.709894;8.538803;7.052100;4.923369;24.239563;9.856506;1.300514;1.083068;0.141294;5.472350;0.127451;0.127451;0.000000;8673.319317;0.661025;2.323653;2.237200;1.278562;1.634722;2.652185;0.461783;0.662514;1.007625;1.647800;0.137255;0.137255;0.000000;634.116312;0.699718;-7.807136;-6.391150;33.511739;1123.036620;34.409127;6.419079;-0.661916;0.256244;40.342750;0.078431;0.078431;1.003922;63493.822699;1.913566;-21.576131;-33.823000;120.752871;14581.255950;122.665339;30.175426;0.571324;-0.513991;180.350500;0.078431;0.078431;1.003922;791444.789558;2.191480;0.000000;0.000000;-0.113733;0.291951;-0.124497;-0.415550;0.000000;-0.325330;-0.341162;0.000000;0.000000;-0.422044;-0.028968;0.310173;-0.242499;9.985920;23.090004;13.905258;24.574039;5.552847;0.000000;10.180276;1.005859;2.333284;122.808609;16237.807481
1.000000;1.000000;0.000000;0.000000;1.000000;0.000000;0.000000;0.000000;0.000000;0.000000;0.000000;0.000000;102.000000;-0.000000;-4.429333;-4.043250;1.973292;3.893880;4.849007;0.651904;-1.526606;3.888387;1.834400;0.156863;0.156863;0.000000;2199.873129;0.525654;9.316063;8.611350;4.262279;18.167024;10.244806;0.939701;0.864278;0.471558;4.073725;0.088235;0.088235;0.000000;9779.026593;0.476753;2.255322;2.163550;2.069315;4.282064;3.060807;0.441788;0.136869;-0.442014;2.561262;0.068627;0.068627;0.000000;737.206086;1.167882;12.254250;13.914000;40.645359;1652.045224;42.452466;7.042176;-0.467761;0.512600;49.873575;0.049020;0.049020;1.003922;99579.707577;1.977379;-77.846770;-94.321500;125.733283;15808.858529;147.881635;30.736683;0.377237;0.882255;149.311650;0.107843;0.107843;0.000000;1424403.057940;1.822593;0.000000;0.000000;-0.403829;0.015217;-0.052498;-0.607552;0.000000;-0.355460;-0.154525;0.000000;0.000000;-0.437389;0.060091;0.382359;-0.127357;10.522127;18.753774;14.745396;19.121513;3.157816;0.000000;10.429495;1.005859;2.903570;129.468923;23680.558479
1.000000;1.000000;0.000000;0.000000;1.000000;0.000000;0.000000;0.000000;0.000000;0.000000;0.000000;0.000000;102.000000;-0.000000;-3.775636;-3.718350;2.178181;4.744471;4.358888;0.652269;-1.153390;3.574977;1.990675;0.137255;0.137255;0.000000;1696.167254;0.737790;10.098589;10.022850;2.173924;4.725945;10.329930;0.682083;0.575499;0.207319;2.995925;0.127451;0.127451;0.000000;10643.145171;0.159141;2.166941;2.177600;2.431375;5.911586;3.256872;0.453644;0.035428;-1.152117;3.957630;0.049020;0.049020;0.000000;780.449857;1.123950;23.840242;13.269000;33.590722;1128.336585;41.190942;5.945253;0.582459;-0.721993;46.998376;0.049020;0.049020;0.000000;115519.949732;1.170456;-101.243255;-104.140000;106.147885;11267.373549;146.688685;25.948832;-0.390481;-0.397256;158.520800;0.098039;0.098039;0.000000;1620207.827361;1.334194;0.000000;0.000000;-0.312538;0.293093;-0.165701;-0.327584;0.000000;-0.134638;-0.312425;0.000000;0.000000;-0.181382;0.249666;0.315671;0.375320;10.990394;5.918595;14.905096;6.276701;3.287482;0.000000;11.146973;1.005859;2.034884;126.707351;23224.871163
1.000000;1.000000;0.000000;0.000000;1.000000;0.000000;0.000000;0.000000;0.000000;0.000000;0.000000;0.000000;102.000000;-0.000000;-3.052503;-3.081500;1.522955;2.319392;3.411330;0.490505;0.347240;-0.527182;2.382375;0.107843;0.107843;0.000000;1068.744069;0.565419;9.457045;9.793400;2.512044;6.310363;9.784992;0.703323;-0.196398;-0.728294;3.591925;0.127451;0.127451;0.000000;9444.282657;0.210743;2.375980;2.956900;2.220472;4.930495;3.252042;0.500081;-0.485783;-0.546049;2.972738;0.088235;0.088235;0.000000;827.306257;1.161152;1.857837;7.433250;61.359142;3764.944266;61.387261;8.437258;-1.343332;1.899793;28.791650;0.058824;0.058824;1.505882;192364.216684;1.742771;-27.008699;-37.990500;124.693369;15548.436250;127.584897;27.274158;0.860611;0.894620;148.448250;0.098039;0.098039;1.003922;867385.486737;1.955806;0.000000;0.000000;0.180165;0.677296;-0.451310;-0.567320;0.000000;-0.078882;-0.444855;0.000000;0.000000;-0.288467;0.086617;0.124264;0.494072;10.164331;5.069615;13.540419;6.489672;2.225525;0.000000;10.362315;1.005859;2.108788;108.383234;20056.877650
1.000000;1.000000;0.000000;0.000000;1.000000;0.000000;0.000000;0.000000;0.000000;0.000000;0.000000;0.000000;102.000000;-0.000000;-3.725777;-3.881150;1.435924;2.061878;3.992905;0.442216;0.024070;-0.555494;1.979350;0.107843;0.107843;0.000000;1521.075863;0.390307;9.174091;9.631000;3.564052;12.702470;9.842073;0.895916;-0.459662;-0.185856;5.435325;0.107843;0.107843;0.000000;9232.551779;0.369271;1.893909;2.411000;2.388129;5.703161;3.047958;0.676447;-0.918219;0.853341;2.587342;0.098039;0.098039;0.000000;656.724514;1.622651;-19.622525;3.631500;68.092424;4636.578168;70.863402;12.851130;-0.800286;-0.233263;73.917000;0.058824;0.058824;2.007843;275739.960979;1.712557;26.406917;-16.252500;155.363714;24137.883738;157.591907;37.506139;0.650026;-0.916375;250.260000;0.078431;0.078431;2.007843;1302418.002134;1.875249;0.000000;0.000000;0.088132;0.821445;-0.661364;-0.710690;0.000000;-0.466639;-0.119696;0.000000;0.000000;-0.426236;0.145088;-0.146864;0.169096;10.224098;9.277528;13.905915;12.847510;2.063019;0.000000;9.812211;1.005859;1.981888;113.809700;29866.120737
1.000000;1.000000;0.000000;0.000000;1.000000;0.000000;0.000000;0.000000;0.000000;0.000000;0.000000;0.000000;102.000000;-0.000000;-4.155285;-4.267050;1.185338;1.405026;4.321044;0.391186;0.098454;0.061714;1.323225;0.166667;0.166667;0.000000;1832.842572;0.254031;9.002502;9.015200;3.237865;10.483767;9.567069;0.728090;-0.432413;0.587751;3.488700;0.107843;0.107843;0.000000;8801.295174;0.334683;1.671945;2.110900;2.067885;4.276149;2.659239;0.518495;-1.161584;2.106948;1.931175;0.068627;0.068627;0.000000;503.224321;1.558216;-10.663858;-3.640300;45.134231;2037.098834;46.376898;9.051232;-1.345335;1.915180;37.284250;0.088235;0.088235;2.007843;115493.902520;2.122007;2.220095;-26.794000;134.967127;18216.125423;134.985385;29.656374;0.970107;0.039525;168.739750;0.098039;0.098039;2.007843;929911.524634;1.860817;0.000000;0.000000;0.017629;0.677731;-0.669057;-0.771278;0.000000;-0.511276;-0.038284;0.000000;0.000000;-0.339211;0.277065;-0.277950;-0.076891;10.172854;7.713285;14.163835;10.588076;1.418428;0.000000;10.231147;1.005859;1.849136;111.200238;20378.942502
1.000000;1.000000;0.000000;0.000000;1.000000;0.000000;0.000000;0.000000;0.000000;0.000000;0.000000;0.000000;102.000000;-0.000000;-4.169625;-4.053650;0.959908;0.921423;4.278691;0.304680;-0.167014;-0.048574;1.268525;0.098039;0.098039;0.000000;1820.368376;0.179869;8.809841;9.015200;1.331421;1.772682;8.909881;0.365525;-0.562034;-0.414110;1.812475;0.098039;0.098039;0.000000;8006.973804;0.083287;1.293374;1.819700;1.567007;2.455509;2.031828;0.245019;-0.324135;-1.434707;3.002162;0.029412;0.029412;0.000000;295.861436;1.302070;26.952816;20.280500;38.907346;1513.781587;47.331130;4.599356;0.965266;0.386910;54.098925;0.049020;0.049020;0.000000;151304.089497;1.407417;-77.668944;-78.934500;95.686845;9155.972308;123.241378;17.386255;-0.568861;0.026378;114.103025;0.068627;0.068627;0.000000;1082301.693054;1.422498;0.000000;0.000000;-0.147889;0.114945;-0.208910;-0.841334;0.000000;-0.092806;-0.441160;0.000000;0.000000;-0.212229;0.135829;-0.223601;0.383354;9.846990;1.729966;13.979467;1.830709;0.890070;0.000000;9.591079;1.005859;1.868140;98.693183;17432.801430
1.000000;1.000000;0.000000;0.000000;1.000000;0.000000;0.000000;0.000000;0.000000;0.000000;0.000000;0.000000;102.000000;-0.000000;-3.731886;-3.615800;0.925172;0.855943;3.844856;0.260491;-0.565203;0.967441;0.822450;0.117647;0.117647;0.000000;1464.205355;0.203562;9.164570;9.305400;1.197004;1.432819;9.242411;0.391983;0.188622;-0.389844;1.834750;0.107843;0.107843;0.000000;8640.022733;0.066678;1.436657;1.820650;1.393015;1.940490;2.001118;0.196711;-0.484402;-1.007253;2.509469;0.019608;0.019608;0.000000;309.492961;0.962942;30.665035;22.004000;37.580802;1412.316654;48.504237;4.487445;0.919017;0.327374;51.332600;0.029412;0.029412;0.000000;167954.000919;1.427215;-77.889540;-77.783500;92.721267;8597.233360;121.095061;16.206447;-0.789719;0.099879;120.137750;0.049020;0.049020;0.000000;1057288.561464;1.496765;0.000000;0.000000;-0.118806;0.034532;0.075506;-0.895627;0.000000;-0.316664;-0.078588;0.000000;0.000000;0.146694;0.249488;-0.219734;-0.021997;9.989066;1.423643;13.896456;1.475879;0.835544;0.000000;10.072465;1.005859;1.222004;101.205073;17020.679245
1.000000;1.000000;0.000000;0.000000;1.000000;0.000000;0.000000;0.000000;0.000000;0.000000;0.000000;0.000000;102.000000;-0.000000;-3.575328;-3.597450;0.668004;0.446229;3.637197;0.235718;0.031946;1.433725;0.755175;0.166667;0.166667;0.000000;1326.635853;0.129263;8.872788;8.365100;2.075756;4.308764;9.112362;0.655790;1.821256;4.890502;2.311050;0.078431;0.078431;0.000000;8249.870184;0.187007;2.197611;2.028400;0.985026;0.970276;2.408271;0.233842;1.936342;5.504975;0.846775;0.117647;0.117647;0.000000;542.092703;0.484673;-1.441914;-4.624850;19.848015;393.943682;19.900322;3.535986;1.480277;2.476733;20.120525;0.107843;0.107843;1.505882;20308.513568;2.289515;-8.500378;0.401399;45.805095;2098.106700;46.587156;11.652021;-1.175449;1.089779;56.153750;0.107843;0.107843;0.501961;114384.448945;2.401764;0.000000;0.000000;-0.545535;-0.260616;0.057088;-0.781945;0.000000;0.020461;-0.100423;0.000000;0.000000;-0.177534;-0.057006;0.463221;-0.072828;9.644451;4.248903;13.448117;4.495699;0.306373;0.000000;9.645542;1.005859;1.980473;97.264337;2572.185690
1.000000;1.000000;0.000000;0.000000;1.000000;0.000000;0.000000;0.000000;0.000000;0.000000;0.000000;0.000000;102.000000;-0.000000;-3.658883;-3.691700;1.009176;1.018437;3.795506;0.310962;-0.355714;0.716939;0.985550;0.127451;0.127451;0.000000;1417.457923;0.236832;8.697777;7.853600;3.385651;11.462635;9.333486;0.899249;0.992983;0.354930;3.651325;0.088235;0.088235;0.000000;8301.034623;0.366769;2.606778;2.100000;1.473756;2.171958;2.994537;0.370111;0.882388;0.231313;1.991050;0.088235;0.088235;0.000000;803.890034;0.654559;-3.262219;-5.211900;33.617322;1130.124366;33.775234;5.633197;0.348350;0.936822;22.724050;0.078431;0.078431;1.505882;58721.875768;1.601509;-2.782604;1.471465;69.149703;4781.681455;69.205667;15.671193;-0.105872;1.412384;63.358500;0.117647;0.117647;1.505882;244658.019584;1.850440;0.000000;0.000000;-0.641209;0.691269;-0.734278;-0.878503;0.000000;-0.236692;-0.499959;0.000000;0.000000;-0.450672;0.176253;0.727195;0.399455;9.550316;11.311289;13.356661;12.021437;0.583210;0.000000;9.315261;1.005859;2.323288;102.519832;5939.158034
1.000000;1.000000;0.000000;0.000000;1.000000;0.000000;0.000000;0.000000;0.000000;0.000000;0.000000;0.000000;102.000000;-0.000000;-4.036575;-3.999450;1.318346;1.738035;4.246407;0.404019;0.004700;-0.701342;1.954475;0.088235;0.088235;0.000000;1750.639418;0.307186;8.808432;7.824000;3.878383;15.041857;9.624466;0.932020;0.954901;-0.064810;5.580850;0.088235;0.088235;0.000000;8681.423067;0.431368;2.705614;2.849800;1.624546;2.639149;3.155867;0.384580;0.004328;-0.793000;2.621450;0.127451;0.127451;0.000000;881.304998;0.701021;9.393398;9.002750;42.971830;1846.578162;43.986522;7.543745;0.277704;0.112392;42.428750;0.107843;0.107843;1.003922;103194.367466;2.074047;-26.802915;-20.337500;89.991987;8098.557662;93.898636;21.855525;-0.170216;0.201809;113.654500;0.088235;0.088235;3.011765;486346.850482;2.306304;0.000000;0.000000;-0.604633;0.630215;-0.497439;-0.811217;0.000000;-0.241588;-0.286467;0.000000;0.000000;-0.501006;0.202451;0.480185;0.155189;9.837605;14.883826;13.845007;15.880859;1.065171;0.000000;9.412075;1.005859;2.792987;111.662307;10761.727492
1.000000;1.000000;0.000000;0.000000;1.000000;0.000000;0.000000;0.000000;0.000000;0.000000;0.000000;0.000000;102.000000;-0.000000;-4.221556;-4.445500;1.213518;1.472626;4.392512;0.429038;0.409809;-0.268179;1.652500;0.078431;0.078431;0.000000;1892.915874;0.258579;8.977190;8.405800;2.932832;8.601502;9.444122;0.708985;1.354518;2.182447;2.765625;0.107843;0.107843;0.000000;8658.867905;0.306429;1.888865;2.318750;2.086389;4.353019;2.814397;0.397575;-0.952653;1.146884;3.160303;0.039216;0.039216;0.000000;585.921069;1.184168;21.564282;11.043500;36.763984;1351.590534;42.621694;6.595541;0.754278;-0.081706;43.825523;0.078431;0.078431;0.000000;116376.297277;1.564281;-68.203441;-73.684000;79.015718;6243.483683;104.380041;19.882762;-0.052070;-0.685513;124.220495;0.088235;0.088235;0.000000;792949.220791;1.352065;0.000000;0.000000;-0.349096;0.500372;-0.136481;-0.503600;0.000000;0.087845;-0.003711;0.000000;0.000000;-0.382149;0.195187;-0.166682;-0.303247;10.060648;8.268962;14.198746;8.899081;1.274791;0.000000;9.979909;1.005859;2.372941;109.485604;12719.722667
1.000000;1.000000;0.000000;0.000000;1.000000;0.000000;0.000000;0.000000;0.000000;0.000000;0.000000;0.000000;102.000000;-0.000000;-4.041607;-3.895500;1.431590;2.049451;4.287661;0.437354;-0.989388;2.330493;1.732150;0.098039;0.098039;0.000000;1770.649572;0.354462;9.388281;9.597500;1.827913;3.341267;9.564575;0.572332;0.013660;-0.212850;2.557650;0.107843;0.107843;0.000000;9160.687697;0.128363;2.103850;2.650100;1.978085;3.912822;2.887734;0.475177;-1.367933;2.719460;2.263650;0.088235;0.088235;0.000000;651.053247;1.201270;22.530910;13.998000;39.369817;1549.982527;45.361045;7.725927;0.291910;-0.563784;58.627700;0.088235;0.088235;0.000000;130888.857167;1.962081;-78.156675;-77.155500;84.880043;7204.621697;115.382353;17.080962;-0.288247;-0.493111;126.994250;0.068627;0.068627;0.000000;990549.202782;1.297470;0.000000;0.000000;-0.295115;0.472279;-0.135101;-0.493568;0.000000;-0.333158;-0.067010;0.000000;0.000000;-0.297583;0.302132;-0.236254;-0.010747;10.344777;3.850711;14.429888;3.738784;1.705306;0.000000;10.181329;1.005859;1.776277;110.865128;15379.050886
1.000000;1.000000;0.000000;0.000000;1.000000;0.000000;0.000000;0.000000;0.000000;0.000000;0.000000;0.000000;102.000000;-0.000000;-3.961931;-3.810400;2.036542;4.147505;4.454706;0.679160;-0.442270;0.420404;2.634450;0.137255;0.137255;0.000000;1812.714903;0.627089;9.527526;10.013200;2.519867;6.349730;9.855125;0.695196;-0.039069;-0.794639;3.839800;0.078431;0.078431;0.000000;9582.891429;0.216052;2.609755;2.737900;1.340508;1.796962;2.933902;0.524437;-0.954641;2.540684;1.111625;0.205882;0.205882;0.000000;786.355791;0.657317;-4.575927;-2.120400;57.551205;3312.141200;57.732836;10.158447;-0.915988;1.532308;52.768500;0.068627;0.068627;1.505882;171066.503588;1.738519;-21.993979;-27.606000;137.645548;18946.296772;139.391649;32.654448;0.501358;0.422680;161.574250;0.098039;0.098039;1.003922;1015649.930419;2.159175;0.000000;0.000000;-0.269146;0.777517;-0.525010;-0.697801;0.000000;-0.503144;-0.439429;0.000000;0.000000;-0.603107;0.140268;0.383928;0.442022;10.535900;6.962716;14.517611;7.084477;3.516691;0.000000;10.294521;1.005859;2.677485;117.967895;22771.719998
1.000000;1.000000;0.000000;0.000000;1.000000;0.000000;0.000000;0.000000;0.000000;0.000000;0.000000;0.000000;102.000000;-0.000000;-3.758145;-3.810400;2.178374;4.745311;4.343842;0.752048;-0.287940;-0.192276;3.011275;0.156863;0.156863;0.000000;1682.691982;0.716990;8.787905;8.716950;3.664684;13.429908;9.521406;0.982407;-0.111851;0.067385;5.376125;0.137255;0.137255;0.000000;8562.399990;0.413654;2.423077;2.681150;1.645486;2.707624;2.928981;0.587630;-0.866313;0.424713;2.562900;0.137255;0.137255;0.000000;736.962413;0.938034;-25.272878;-12.290500;65.062117;4233.079013;69.798262;11.285378;-0.858351;0.043257;80.814500;0.058824;0.058824;1.003922;281036.327975;1.622326;17.719540;10.425000;134.533980;18099.391713;135.695887;41.714673;0.355638;-0.273018;180.716750;0.127451;0.127451;3.011765;955307.756329;1.980869;0.000000;0.000000;-0.124350;0.625074;-0.508136;-0.681260;0.000000;-0.602578;-0.299293;0.000000;0.000000;-0.498066;0.193248;0.169069;0.386135;9.967021;11.184634;13.627449;13.676012;4.679160;0.000000;9.640139;1.005859;2.117010;110.526142;23293.750142
1.000000;1.000000;0.000000;0.000000;1.000000;0.000000;0.000000;0.000000;0.000000;0.000000;0.000000;0.000000;102.000000;-0.000000;-3.893583;-3.747100;1.903188;3.622125;4.333834;0.484309;-0.130895;-0.315551;2.573625;0.088235;0.088235;0.000000;1731.053961;0.552067;8.756312;8.592700;3.210732;10.308797;9.326403;0.874814;-0.273874;1.559737;2.289200;0.166667;0.166667;0.000000;8346.435790;0.361276;1.889350;2.063000;1.911709;3.654631;2.687801;0.455154;-0.248849;-0.884781;3.267675;0.078431;0.078431;0.000000;550.491611;1.289806;-45.211758;-50.837500;68.719005;4722.301714;82.258160;9.663277;-0.179661;-0.980291;118.328250;0.039216;0.039216;0.000000;449335.926942;1.539616;55.265683;59.794000;105.979335;11231.619434;119.523701;24.885713;-0.326651;-0.728322;168.454500;0.088235;0.088235;0.000000;884368.012009;1.938618;0.000000;0.000000;-0.205123;0.653352;-0.663118;-0.824304;0.000000;-0.401901;-0.125960;0.000000;0.000000;0.000388;0.125904;0.080095;0.285563;9.911549;8.525100;13.703140;10.640350;3.428503;0.000000;9.308584;1.005859;2.294018;106.763904;21059.544268
1.000000;1.000000;0.000000;0.000000;1.000000;0.000000;0.000000;0.000000;0.000000;0.000000;0.000000;0.000000;102.000000;-0.000000;-4.398135;-4.600900;1.908567;3.642626;4.794395;0.400395;-0.140077;-0.410120;2.665050;0.049020;0.049020;0.000000;2158.826538;0.459274;9.107478;8.558000;1.957740;3.832747;9.315520;0.533779;0.841055;0.118817;1.973800;0.098039;0.098039;0.000000;8655.995103;0.154075;1.410949;1.218700;1.658807;2.751639;2.177709;0.347301;0.097480;-0.734341;2.409740;0.068627;0.068627;0.000000;343.405198;1.385576;-41.603930;-37.761500;53.240406;2834.540863;67.567950;6.095655;-0.670970;-0.491649;65.258650;0.049020;0.049020;0.000000;321121.573535;1.302025;80.748597;95.799000;84.238440;7096.114810;116.689548;14.268906;-0.475626;-0.626583;120.011750;0.019608;0.019608;0.000000;1026992.249444;1.180468;0.000000;0.000000;-0.135957;0.664101;-0.666708;-0.656895;0.000000;-0.260300;-0.535086;0.000000;0.000000;0.096731;-0.274234;0.426836;0.258827;10.315304;4.359629;14.505614;4.296630;3.252757;0.000000;10.214343;1.005859;1.479682;110.765130;18186.620953
1.000000;1.000000;0.000000;0.000000;1.000000;0.000000;0.000000;0.000000;0.000000;0.000000;0.000000;0.000000;102.000000;-0.000000;-4.230631;-4.463900;1.945501;3.784973;4.656524;0.568469;-0.200124;-0.393064;2.614250;0.078431;0.078431;0.000000;2018.666883;0.509301;9.049571;8.128950;3.030293;9.182678;9.543448;0.934840;1.163651;1.008538;3.391725;0.117647;0.117647;0.000000;8821.817734;0.328631;2.077341;2.213200;1.307987;1.710829;2.454827;0.442827;-0.276663;-0.568197;2.176322;0.166667;0.166667;0.000000;527.418144;0.770265;-9.024376;-1.846550;33.204256;1102.522597;34.408748;6.303828;0.018992;-0.062254;48.693250;0.068627;0.068627;1.505882;64539.764902;2.095108;23.300836;20.503000;92.000551;8464.101444;94.905376;19.686735;-0.356856;0.226867;140.665250;0.088235;0.088235;1.505882;487182.909762;2.556120;0.000000;0.000000;-0.137710;0.488748;-0.509019;-0.464962;0.000000;-0.502636;-0.199620;0.000000;0.000000;-0.063896;-0.299587;0.121090;0.156691;10.233753;9.030917;14.280202;9.394245;3.701799;0.000000;10.212060;1.005859;1.835456;113.760619;10197.018523
1.000000;1.000000;0.000000;0.000000;1.000000;0.000000;0.000000;0.000000;0.000000;0.000000;0.000000;0.000000;102.000000;-0.000000;-3.695428;-3.653400;1.767544;3.124211;4.096388;0.666926;-0.142661;-0.710479;2.544650;0.156863;0.156863;0.000000;1552.387160;0.581522;9.033793;7.594550;4.165995;17.355514;9.948112;1.272389;0.894391;-0.317809;5.621675;0.107843;0.107843;0.000000;9209.293545;0.522162;2.810501;2.603600;1.362378;1.856073;3.123298;0.510303;1.144632;2.293715;1.425550;0.147059;0.147059;0.000000;900.405022;0.618066;-1.655843;-0.217565;33.291792;1108.343423;33.332945;8.419816;-0.254500;0.059818;39.742750;0.117647;0.117647;1.505882;56805.739656;1.968450;-7.318662;-15.205000;96.587822;9329.207264;96.864700;28.830384;-0.043770;0.286363;125.488000;0.107843;0.107843;1.505882;481270.909330;1.864018;0.000000;0.000000;-0.539275;0.439921;-0.147645;-0.640756;0.000000;-0.352484;0.230809;0.000000;0.000000;-0.213762;-0.225487;0.203415;0.045152;9.953590;17.671366;13.729221;18.570626;2.111869;0.000000;9.717329;1.005859;2.647764;116.745328;10503.610302
1.000000;1.000000;0.000000;0.000000;1.000000;0.000000;0.000000;0.000000;0.000000;0.000000;0.000000;0.000000;102.000000;-0.000000;-4.013336;-3.830100;1.580441;2.497794;4.313312;0.488276;-0.146054;-0.340343;2.397100;0.088235;0.088235;0.000000;1770.293932;0.416067;8.802136;7.487100;3.997297;15.978382;9.667264;1.019424;0.859841;-0.259942;5.345125;0.088235;0.088235;0.000000;8717.680144;0.457479;2.455519;2.406650;1.642750;2.698627;2.954352;0.393939;0.601477;0.966767;1.952850;0.117647;0.117647;0.000000;752.656550;0.844194;16.409194;18.205500;31.610792;999.242160;35.616061;5.604345;-0.332305;-0.509696;44.103925;0.078431;0.078431;0.000000;78428.188945;1.865556;-44.344463;-72.353000;99.444538;9889.216132;108.883642;23.014535;0.624838;-0.091615;127.823750;0.098039;0.098039;0.000000;704950.141131;2.048657;0.000000;0.000000;-0.731537;-0.265100;0.280810;-0.815129;0.000000;-0.159842;0.244209;0.000000;0.000000;-0.139747;-0.159318;0.396994;-0.093893;9.805643;16.910007;13.815472;17.582963;1.076145;0.000000;9.347839;1.005859;2.892905;113.060641;13132.879526
1.000000;1.000000;0.000000;0.000000;1.000000;0.000000;0.000000;0.000000;0.000000;0.000000;0.000000;0.000000;102.000000;-0.000000;-4.206246;-4.480100;1.208873;1.461373;4.376514;0.359222;0.294757;0.600189;1.364125;0.098039;0.098039;0.000000;1879.167788;0.256373;8.965906;9.092200;2.615019;6.838325;9.339475;0.674513;0.606142;0.598125;3.191600;0.088235;0.088235;0.000000;8548.285580;0.254370;1.767674;2.249400;1.806666;3.264042;2.527590;0.326856;-0.732746;-0.195183;2.604097;0.039216;0.039216;0.000000;485.182706;1.188503;27.634337;23.694500;21.688045;470.371301;35.128733;3.400443;0.307461;-1.149685;37.655225;0.049020;0.049020;0.000000;101887.758830;0.952031;-72.964764;-92.101500;76.164757;5801.070157;105.474769;17.149168;0.351107;-0.643363;103.131250;0.049020;0.049020;0.000000;838888.007500;1.316743;0.000000;0.000000;-0.427106;-0.393937;0.268164;-0.699205;0.000000;-0.071096;0.157579;0.000000;0.000000;-0.001630;0.110442;0.123517;-0.201398;10.026090;6.857195;14.172152;7.229193;1.152680;0.000000;9.728283;1.005859;1.718836;107.379672;12365.343512
1.000000;1.000000;0.000000;0.000000;1.000000;0.000000;0.000000;0.000000;0.000000;0.000000;0.000000;0.000000;102.000000;-0.000000;-3.706365;-4.318850;1.369378;1.875195;3.951244;0.348991;0.960984;0.250084;2.265175;0.107843;0.107843;0.000000;1496.868518;0.373853;9.355454;9.295900;2.145570;4.603470;9.598333;0.628532;0.454228;0.179490;2.662925;0.127451;0.127451;0.000000;9162.295588;0.171609;2.339435;2.671400;1.864717;3.477170;2.991676;0.334415;-0.978811;0.786445;1.945275;0.049020;0.049020;0.000000;735.578873;0.952020;10.357096;11.437500;29.651843;879.231766;31.408617;5.225044;-0.773782;0.309786;35.274695;0.088235;0.088235;0.501961;55788.279330;1.905003;-28.753525;-20.104500;76.363118;5831.325806;81.597126;19.017891;-0.459286;-0.588386;101.571250;0.107843;0.107843;0.000000;381833.785838;2.339547;0.000000;0.000000;-0.337082;0.079822;0.079038;-0.501755;0.000000;-0.573985;0.050235;0.000000;0.000000;-0.093429;0.147008;0.188626;0.311432;10.196691;4.767816;14.080568;4.973836;1.568974;0.000000;10.142284;1.005859;1.806564;108.740321;7653.542354
1.000000;1.000000;0.000000;0.000000;1.000000;0.000000;0.000000;0.000000;0.000000;0.000000;0.000000;0.000000;102.000000;-0.000000;-3.515865;-3.316150;1.568726;2.460900;3.849962;0.402613;0.040706;0.919012;2.029925;0.078431;0.078431;0.000000;1386.363725;0.496731;9.172626;9.140300;2.445004;5.978043;9.492898;0.637576;0.470912;-0.446974;3.590025;0.078431;0.078431;0.000000;8886.864388;0.206396;2.760609;2.709500;1.434390;2.057473;3.111018;0.383147;-0.239274;-0.133838;2.026175;0.107843;0.107843;0.000000;882.275567;0.612935;-4.130374;1.953650;37.277544;1389.615284;37.505670;7.005971;-0.574136;-0.397013;58.073500;0.058824;0.058824;1.505882;72610.509670;1.581795;-3.072169;-1.491040;95.256772;9073.852518;95.306300;20.908083;1.380473;2.911271;103.341500;0.078431;0.078431;1.505882;463730.386038;1.889170;0.000000;0.000000;-0.444875;0.523922;-0.353574;-0.660109;0.000000;-0.504366;-0.430406;0.000000;0.000000;-0.634558;-0.072247;0.505321;0.537647;9.973188;6.472856;13.707241;6.735848;1.786649;0.000000;9.878070;1.005859;2.882719;105.937326;10499.644456
1.000000;1.000000;0.000000;0.000000;1.000000;0.000000;0.000000;0.000000;0.000000;0.000000;0.000000;0.000000;102.000000;-0.000000;-3.624360;-3.636400;1.292132;1.669606;3.847804;0.380553;-0.448632;2.749298;1.253450;0.088235;0.088235;0.000000;1425.023509;0.365442;8.719736;8.687300;2.130772;4.540190;8.976302;0.617298;0.264685;-0.606816;3.208375;0.078431;0.078431;0.000000;7987.098459;0.179672;2.570496;2.567150;1.188775;1.413187;2.832073;0.399594;-0.495225;1.258892;1.312250;0.186275;0.186275;0.000000;746.034088;0.556485;-20.760710;-18.705000;36.956156;1365.757450;42.388259;6.165832;-0.627530;0.228399;33.576975;0.088235;0.088235;0.000000;113620.746959;1.990029;25.719330;20.603000;93.937605;8824.273597;97.394854;18.459865;0.886806;1.630488;100.229000;0.078431;0.078431;1.505882;517514.881374;2.267738;0.000000;0.000000;-0.292646;0.429412;-0.274055;-0.777304;0.000000;-0.385194;-0.341872;0.000000;0.000000;-0.674966;-0.074615;0.243715;0.244180;9.581767;4.569321;13.344096;4.797918;1.473361;0.000000;9.357464;1.005859;2.612363;96.379583;11290.542712
1.000000;1.000000;0.000000;0.000000;1.000000;0.000000;0.000000;0.000000;0.000000;0.000000;0.000000;0.000000;102.000000;-0.000000;-4.732193;-4.243100;1.912086;3.656073;5.103893;0.363911;-0.875409;0.354893;2.421625;0.049020;0.049020;0.000000;2470.675276;0.402600;9.115432;9.438550;1.882453;3.543631;9.307778;0.517090;-0.269408;-0.384619;2.492650;0.068627;0.068627;0.000000;8656.029855;0.147752;1.602555;2.224350;1.968838;3.876324;2.538603;0.357206;-0.184657;-0.865737;3.165250;0.039216;0.039216;0.000000;459.659772;1.346174;-49.565928;-26.990000;57.017776;3251.026730;75.550036;6.119757;-0.810493;-0.287511;67.549250;0.029412;0.029412;0.000000;416404.474380;1.086125;65.988526;74.315500;81.999032;6723.841297;105.253631;11.723119;-0.555184;-0.527425;113.648750;0.078431;0.078431;0.000000;787075.574275;1.340545;0.000000;0.000000;-0.273050;0.544237;-0.819684;-0.544833;0.000000;-0.278628;-0.164183;0.000000;0.000000;0.149868;-0.000726;0.052600;-0.059284;10.444095;4.605343;14.847625;4.629668;2.641319;0.000000;9.595781;1.005859;1.889030;113.684462;16792.579361
1.000000;1.000000;0.000000;0.000000;1.000000;0.000000;0.000000;0.000000;0.000000;0.000000;0.000000;0.000000;102.000000;-0.000000;-4.657389;-4.274400;2.029020;4.116921;5.080177;0.457859;-0.635911;0.088820;2.654675;0.058824;0.058824;0.000000;2422.519673;0.461941;9.082947;9.290100;1.720252;2.959268;9.244414;0.500321;-0.002697;-0.265250;2.107500;0.058824;0.058824;0.000000;8565.931930;0.122645;1.572892;1.605450;2.273287;5.167833;2.764385;0.491824;0.190777;-1.106344;3.620315;0.049020;0.049020;0.000000;515.907259;1.616939;-33.928324;-32.168500;71.540398;5118.028604;79.178026;8.412733;-0.380439;-0.868201;114.328500;0.039216;0.039216;0.501961;378453.685441;1.490076;38.902120;47.444000;101.060798;10213.284956;108.289704;19.398216;-0.229713;-1.271218;178.819000;0.058824;0.058824;0.501961;675299.263068;1.853959;0.000000;0.000000;-0.180486;0.519518;-0.693344;-0.603609;0.000000;-0.134009;-0.111189;0.000000;0.000000;0.078002;-0.176532;0.263596;-0.096189;10.406640;3.969227;14.740336;4.437111;2.709139;0.000000;10.655776;1.005859;0.768491;112.267390;18003.461487
1.000000;1.000000;0.000000;0.000000;1.000000;0.000000;0.000000;0.000000;0.000000;0.000000;0.000000;0.000000;102.000000;-0.000000;-3.926973;-3.757750;1.646485;2.710912;4.258172;0.552448;-1.375170;3.133196;1.444775;0.156863;0.156863;0.000000;1711.225143;0.468997;8.502377;8.096400;3.528729;12.451929;9.205561;0.959444;1.221384;1.388254;4.221600;0.107843;0.107843;0.000000;8008.907594;0.451112;2.647607;2.596100;1.574720;2.479744;3.080514;0.507387;-0.076594;-0.146368;1.824850;0.107843;0.107843;0.000000;841.471290;0.737890;-0.420920;3.937350;43.238686;1869.583985;43.240735;8.123233;-0.338802;-0.804834;68.240000;0.058824;0.058824;1.505882;95370.548385;1.751818;-2.500828;6.494850;67.455140;4550.195897;67.501482;23.843966;-0.364157;-0.731257;97.943250;0.127451;0.127451;2.007843;232877.954047;2.328012;0.000000;0.000000;-0.567028;0.400068;-0.285960;-0.589636;0.000000;-0.498787;-0.488719;0.000000;0.000000;-0.494450;0.328164;0.584791;0.298086;9.523477;13.177764;13.429350;13.594764;1.718205;0.000000;9.322960;1.005859;2.399828;103.874377;6435.700765
1.000000;1.000000;0.000000;0.000000;1.000000;0.000000;0.000000;0.000000;0.000000;0.000000;0.000000;0.000000;102.000000;-0.000000;-4.426213;-4.109000;1.721116;2.962241;4.749063;0.517460;-1.068081;1.351194;1.766125;0.127451;0.127451;0.000000;2149.400957;0.402133;8.991100;7.833050;4.436071;19.678727;10.025897;1.149407;0.757427;-0.592676;7.087725;0.107843;0.107843;0.000000;9249.597128;0.531450;2.632755;2.574000;1.057219;1.117713;2.837096;0.393354;0.378161;0.454090;1.078225;0.156863;0.156863;0.000000;764.016290;0.451719;-1.223955;0.215300;27.669306;765.590470;27.696363;6.944362;-0.300678;-0.491597;38.175000;0.088235;0.088235;1.505882;39198.318579;1.781927;-6.716573;-3.416650;74.021355;5479.160951;74.325455;22.325018;0.217028;-0.096224;103.568500;0.127451;0.127451;2.509804;284071.665334;2.076116;0.000000;0.000000;-0.589675;0.536340;-0.417097;-0.723898;0.000000;-0.355260;-0.078681;0.000000;0.000000;-0.569979;0.204659;0.450275;0.041233;10.198293;20.067030;14.417313;21.020231;1.844906;0.000000;9.642323;1.005859;2.642853;124.072207;6299.410955
1.000000;1.000000;0.000000;0.000000;1.000000;0.000000;0.000000;0.000000;0.000000;0.000000;0.000000;0.000000;102.000000;-0.000000;-4.141898;-3.861000;1.612542;2.600291;4.444729;0.497276;-0.334219;0.241779;2.190150;0.098039;0.098039;0.000000;1882.457742;0.438442;9.375808;8.640950;3.122736;9.751480;9.882168;0.781677;0.641002;0.369088;3.500800;0.078431;0.078431;0.000000;9463.716240;0.296295;1.243957;1.680800;1.892419;3.581251;2.264659;0.469189;-1.919032;5.570140;2.175642;0.078431;0.078431;0.000000;340.498802;1.864493;23.651261;31.751500;45.372547;2058.668046;51.166886;8.824864;-0.014606;-0.041848;48.994450;0.049020;0.049020;0.000000;162059.895948;1.875692;-64.938484;-80.492500;118.820841;14118.392363;135.408268;29.059715;0.184843;0.864580;134.968437;0.127451;0.127451;0.000000;1150362.543324;1.861708;0.000000;0.000000;-0.259353;0.036155;-0.164132;-0.802954;0.000000;-0.089723;0.177512;0.000000;0.000000;-0.354708;-0.085358;0.003861;-0.251003;10.431284;9.601171;14.524230;10.081358;2.392708;0.000000;10.161471;1.005859;1.906139;118.412865;20958.577922
1.000000;1.000000;0.000000;0.000000;1.000000;0.000000;0.000000;0.000000;0.000000;0.000000;0.000000;0.000000;102.000000;-0.000000;-3.708844;-3.721500;1.691547;2.861331;4.076377;0.644633;0.785800;2.535567;1.949350;0.127451;0.127451;0.000000;1549.133190;0.583552;9.334619;9.027550;2.735041;7.480448;9.727053;0.837080;-0.613329;1.682334;3.375975;0.107843;0.107843;0.000000;9269.375647;0.278426;1.374931;1.555100;2.549047;6.497642;2.896218;0.709160;-0.952822;1.666607;3.129665;0.078431;0.078431;0.000000;524.205555;2.149571;20.350954;35.565500;64.154126;4115.751898;67.304630;11.298812;-1.751130;4.376048;47.926075;0.049020;0.049020;0.501961;252157.866456;2.037607;-71.449643;-84.026500;131.021396;17166.606297;149.236918;32.256228;1.190166;3.219262;94.481750;0.117647;0.117647;0.000000;1396229.656392;2.024639;0.000000;0.000000;0.025641;0.309686;-0.324923;-0.783074;0.000000;-0.359447;-0.331843;0.000000;0.000000;-0.265966;0.007503;0.077816;0.161878;10.305245;6.034333;14.152413;7.557586;2.886586;0.000000;10.158282;1.005859;0.791893;112.232412;26809.959099
1.000000;1.000000;0.000000;0.000000;1.000000;0.000000;0.000000;0.000000;0.000000;0.000000;0.000000;0.000000;102.000000;-0.000000;-3.589955;-3.705800;1.650062;2.722705;3.951010;0.619630;1.042627;2.143326;1.768800;0.176471;0.176471;0.000000;1453.460673;0.555118;9.393518;9.605100;3.761701;14.150398;10.118724;1.153049;-0.242021;-0.344095;5.136525;0.117647;0.117647;0.000000;9721.983553;0.408578;2.930917;3.202700;2.022500;4.090506;3.561008;0.714211;-1.734487;5.311882;1.846200;0.147059;0.147059;0.000000;1084.900641;1.010017;-0.725642;5.639950;56.499184;3192.157806;56.503844;9.998075;-1.959646;4.937182;50.492750;0.049020;0.049020;1.505882;162860.156772;2.031679;-10.895193;-48.942500;102.650300;10537.084033;103.226882;27.114337;1.668518;3.540717;106.273000;0.088235;0.088235;0.501961;549669.212995;2.470018;0.000000;0.000000;-0.176016;0.603134;-0.521808;-0.665372;0.000000;-0.220424;-0.432330;0.000000;0.000000;-0.450936;-0.106142;0.310078;0.364600;10.339025;12.103624;14.085899;14.395040;2.645123;0.000000;10.233280;1.005859;2.842744;118.999061;13861.154407
1.000000;1.000000;0.000000;0.000000;1.000000;0.000000;0.000000;0.000000;0.000000;0.000000;0.000000;0.000000;102.000000;-0.000000;-3.691963;-3.664350;1.268335;1.608673;3.903749;0.380005;0.333299;0.355034;1.555750;0.127451;0.127451;0.000000;1472.378859;0.359080;8.707804;8.282600;3.342953;11.175332;9.327442;0.890597;0.399158;-0.247529;4.415200;0.098039;0.098039;0.000000;8304.182636;0.388954;3.018525;3.134400;1.230536;1.514218;3.259710;0.394353;-0.220089;1.293022;1.311825;0.137255;0.137255;0.000000;1006.598566;0.455763;2.600940;-1.129700;29.803325;888.238184;29.916602;5.396917;0.068518;0.426384;27.107450;0.068627;0.068627;1.505882;45994.836422;1.578794;3.168729;-14.148000;64.878069;4209.163792;64.955405;18.864950;0.337446;-1.065028;108.816500;0.098039;0.098039;1.003922;215734.076815;2.012524;0.000000;0.000000;-0.336725;0.337898;-0.351404;-0.455112;0.000000;-0.061250;-0.169589;0.000000;0.000000;-0.559612;-0.131098;0.535075;0.545751;9.637892;10.351483;13.399766;11.496566;1.414013;0.000000;9.805966;1.005859;2.955904;103.240441;5124.833423
1.000000;1.000000;0.000000;0.000000;1.000000;0.000000;0.000000;0.000000;0.000000;0.000000;0.000000;0.000000;102.000000;-0.000000;-4.106984;-3.934200;1.243713;1.546823;4.291170;0.390965;-1.557525;3.266787;1.198950;0.147059;0.147059;0.000000;1799.720828;0.290021;8.694590;8.772600;1.924994;3.705604;8.905139;0.482438;-0.192806;0.606046;1.893700;0.107843;0.107843;0.000000;7899.782811;0.169158;1.986320;2.745400;1.791225;3.208486;2.674687;0.284476;-0.955125;-0.117621;2.046075;0.049020;0.049020;0.000000;566.072096;1.046503;18.732182;11.397500;28.753432;826.759828;34.316970;3.520754;0.682214;-0.362090;44.140775;0.049020;0.049020;0.000000;77957.684290;1.453300;-58.402391;-40.312500;87.663074;7684.814485;105.335909;14.627347;-0.295569;-0.502889;110.850750;0.049020;0.049020;0.000000;739843.848224;1.669956;0.000000;0.000000;-0.252094;0.011935;0.286823;-0.806105;0.000000;-0.331330;-0.051720;0.000000;0.000000;-0.369755;0.180296;-0.115979;0.187160;9.742293;3.803373;13.801575;3.901131;1.403300;0.000000;9.366748;1.005859;2.351878;98.715645;12280.462192
1.000000;1.000000;0.000000;0.000000;1.000000;0.000000;0.000000;0.000000;0.000000;0.000000;0.000000;0.000000;102.000000;-0.000000;-3.996662;-3.752450;1.287057;1.656517;4.198788;0.393941;-1.646941;3.163484;1.048450;0.117647;0.117647;0.000000;1714.061243;0.310515;9.192674;9.227650;1.254118;1.572812;9.277826;0.443547;-1.163465;2.676745;1.395075;0.127451;0.127451;0.000000;8699.779973;0.076464;1.240895;1.294000;1.518053;2.304484;1.960690;0.314584;-0.380531;0.139927;1.294665;0.098039;0.098039;0.000000;274.591780;1.366955;23.636444;24.276500;34.405530;1183.740507;41.742329;5.175188;-0.554283;-0.003267;41.069075;0.058824;0.058824;0.000000;117357.104042;1.291113;-74.929775;-76.573000;91.464105;8365.682555;118.237700;15.062158;0.312204;-0.525220;121.736750;0.058824;0.058824;0.000000;999332.767244;1.285703;0.000000;0.000000;-0.264974;0.371102;-0.092139;-0.856084;0.000000;-0.436854;-0.384557;0.000000;0.000000;-0.488300;0.329971;0.156752;0.314074;10.135435;1.980834;14.189335;2.064650;1.196652;0.000000;10.375771;1.005859;1.066677;104.707880;15726.419965
1.000000;1.000000;0.000000;0.000000;1.000000;0.000000;0.000000;0.000000;0.000000;0.000000;0.000000;0.000000;102.000000;-0.000000;-3.627417;-3.740700;0.884310;0.782005;3.733652;0.266402;0.052495;0.710772;1.150800;0.127451;0.127451;0.000000;1382.013790;0.198529;8.761855;8.879600;2.809795;7.894949;9.201361;0.597828;1.072075;1.697744;3.685250;0.088235;0.088235;0.000000;8233.217803;0.283813;1.851762;1.918700;1.014380;1.028966;2.111395;0.265083;-0.132066;-0.745972;1.571075;0.078431;0.078431;0.000000;402.237739;0.642560;4.386381;8.061050;30.242007;914.578996;30.558458;5.233826;-0.329761;-0.729240;42.506000;0.068627;0.068627;1.505882;48612.175150;1.998662;-23.366017;-22.892500;70.685431;4996.430195;74.447303;14.300316;0.088768;-0.718223;96.288500;0.088235;0.088235;2.007843;310572.974184;2.293510;0.000000;0.000000;-0.197936;0.129226;-0.133026;-0.835338;0.000000;-0.326083;-0.141602;0.000000;0.000000;-0.660074;0.235617;0.338028;-0.146934;9.614450;7.167553;13.389272;8.007297;0.755567;0.000000;9.776146;1.005859;1.762732;99.605207;6480.678254
1.000000;1.000000;0.000000;0.000000;1.000000;0.000000;0.000000;0.000000;0.000000;0.000000;0.000000;0.000000;102.000000;-0.000000;-3.891174;-3.834150;1.177878;1.387396;4.065542;0.383541;-0.421031;0.948415;1.146800;0.156863;0.156863;0.000000;1615.267926;0.285304;8.731365;6.693400;4.234763;17.933216;9.704120;0.900525;0.905112;-0.500369;6.215450;0.068627;0.068627;0.000000;8690.771497;0.497983;2.354178;2.433750;1.225257;1.501256;2.653942;0.318146;0.341649;0.740780;1.243825;0.127451;0.127451;0.000000;641.871039;0.595382;3.421780;4.375000;22.813353;520.449079;23.068543;4.986430;-0.230321;-0.568823;31.827025;0.068627;0.068627;1.003922;27738.237827;1.924434;-14.842701;-11.135750;64.590105;4171.881679;66.273580;17.214434;-0.172947;-0.072485;79.989250;0.098039;0.098039;2.509804;235237.733726;2.061721;0.000000;0.000000;-0.307929;0.310544;-0.455734;-0.727862;0.000000;-0.258667;-0.235414;0.000000;0.000000;-0.403371;0.143540;0.574002;-0.000737;9.766103;16.321797;13.622538;18.253549;1.258357;0.000000;9.644455;1.005859;2.525368;111.698574;4931.388520
1.000000;1.000000;0.000000;0.000000;1.000000;0.000000;0.000000;0.000000;0.000000;0.000000;0.000000;0.000000;102.000000;-0.000000;-4.280495;-4.477500;1.208237;1.459837;4.447749;0.391219;-0.076479;-0.060197;1.775100;0.098039;0.098039;0.000000;1943.412914;0.254777;9.258267;8.720700;3.997686;15.981497;10.084493;0.960095;0.777463;-0.221538;6.074350;0.078431;0.078431;0.000000;9558.079148;0.426656;2.023355;1.852600;1.261703;1.591893;2.384504;0.322475;0.829638;1.021642;1.418800;0.127451;0.127451;0.000000;498.778667;0.781469;18.581887;9.610950;36.180858;1309.054512;40.673592;5.586327;0.319627;-1.176781;60.671275;0.058824;0.058824;0.000000;101982.165666;1.711258;-68.721966;-52.398500;101.012484;10203.521832;122.172953;18.032587;-0.330842;-0.486796;131.923775;0.049020;0.049020;0.000000;1002122.506220;1.639575;0.000000;0.000000;-0.445122;-0.235602;-0.046680;-0.670739;0.000000;-0.105696;-0.199289;0.000000;0.000000;-0.188649;0.111740;0.578183;0.056427;10.370499;14.932230;14.538762;16.454448;1.159573;0.000000;10.190160;1.005859;2.316119;122.479474;16586.257418
1.000000;1.000000;0.000000;0.000000;1.000000;0.000000;0.000000;0.000000;0.000000;0.000000;0.000000;0.000000;102.000000;-0.000000;-3.861739;-4.347850;1.378586;1.900499;4.100430;0.366102;1.114647;1.539713;1.689275;0.098039;0.098039;0.000000;1618.057402;0.352959;9.632098;9.245850;2.603613;6.778802;9.977781;0.699989;1.124234;2.502466;2.830125;0.107843;0.107843;0.000000;9809.010377;0.223632;2.472112;1.995900;2.077962;4.317927;3.229437;0.308096;0.473613;-0.876410;3.422893;0.068627;0.068627;0.000000;843.575910;0.965670;24.148640;33.881500;47.486419;2254.960017;53.273979;5.718327;-0.435790;-1.188035;88.187250;0.039216;0.039216;1.003922;174486.185791;0.990226;-76.331354;-59.860500;91.292932;8334.399343;118.999475;18.011062;-0.580143;-0.320206;122.809000;0.058824;0.058824;0.000000;1019355.496374;1.424526;0.000000;0.000000;-0.282760;0.260132;0.093970;-0.456606;0.000000;0.325232;0.016865;0.000000;0.000000;0.393119;0.137207;0.188752;-0.203252;10.518317;6.734658;14.526038;7.050650;1.714585;0.000000;10.494939;1.005859;1.795615;117.369644;17009.421104
1.000000;1.000000;0.000000;0.000000;1.000000;0.000000;0.000000;0.000000;0.000000;0.000000;0.000000;0.000000;102.000000;-0.000000;-3.380535;-3.785500;1.208139;1.459599;3.589933;0.377153;1.187099;1.521180;1.693450;0.098039;0.098039;0.000000;1240.103522;0.369465;9.253268;9.474450;3.306799;10.934921;9.826387;0.827718;-0.254738;0.018119;4.512025;0.088235;0.088235;0.000000;9291.241761;0.340999;2.979390;3.257850;2.110109;4.452561;3.650935;0.378652;-0.185002;-0.851607;3.141025;0.049020;0.049020;0.000000;1132.516595;0.736095;3.464847;7.950100;57.284611;3281.526644;57.389300;7.276238;-0.321440;-0.985004;95.793750;0.039216;0.039216;1.003922;168583.314435;0.771347;-8.045255;-29.864000;91.947090;8454.267272;92.298393;22.068574;1.238697;1.782853;119.963250;0.098039;0.098039;1.505882;437777.073806;2.066170;0.000000;0.000000;-0.114621;0.677057;-0.453991;-0.631708;0.000000;0.105567;-0.379642;0.000000;0.000000;0.114500;0.137648;0.181301;0.155393;10.055895;9.324468;13.666004;11.065485;1.451753;0.000000;10.069350;1.005859;2.783267;110.445501;11825.854530
1.000000;1.000000;0.000000;0.000000;1.000000;0.000000;0.000000;0.000000;0.000000;0.000000;0.000000;0.000000;102.000000;-0.000000;-3.454426;-3.785500;1.165924;1.359379;3.645879;0.395994;1.182915;1.116479;1.425675;0.117647;0.117647;0.000000;1286.522939;0.334469;8.987686;9.435650;4.256313;18.116197;9.944581;1.104661;-0.227118;-0.594806;5.979500;0.107843;0.107843;0.000000;9163.333184;0.508699;2.815446;2.939950;1.707027;2.913940;3.292518;0.468664;-0.281348;-0.157861;2.158250;0.078431;0.078431;0.000000;957.141141;0.723464;-7.692022;-6.389600;59.307445;3517.373011;59.804182;9.774653;-0.272951;-0.698105;84.313000;0.058824;0.058824;1.003922;185422.856308;1.536189;7.537525;-24.181000;122.258100;14947.042996;122.490233;28.034010;0.827685;0.022359;152.851000;0.068627;0.068627;1.505882;768097.549104;1.880239;0.000000;0.000000;-0.038965;0.517291;-0.352371;-0.745169;0.000000;-0.547931;-0.538243;0.000000;0.000000;-0.673530;0.290379;0.263494;0.345160;9.969438;13.797442;13.446414;18.297819;1.370585;0.000000;9.679295;1.005859;2.508232;113.187130;18591.238176
1.000000;1.000000;0.000000;0.000000;1.000000;0.000000;0.000000;0.000000;0.000000;0.000000;0.000000;0.000000;102.000000;-0.000000;-3.395288;-3.637350;1.367305;1.869524;3.660260;0.377482;0.611643;-0.278601;2.041850;0.098039;0.098039;0.000000;1271.255184;0.425854;9.070458;8.947200;3.419569;11.693454;9.693641;0.760667;-0.260752;0.672102;3.258800;0.127451;0.127451;0.000000;8988.289390;0.373241;2.265141;2.547550;1.960525;3.843657;2.995751;0.421210;-0.131546;-0.677150;2.831170;0.068627;0.068627;0.000000;719.381721;1.106274;-42.107243;-38.493500;66.212798;4384.134564;78.467538;8.812109;-0.079121;-0.714043;89.565613;0.049020;0.049020;0.000000;404440.628393;1.486411;58.822593;62.645500;122.529755;15013.540902;135.917763;22.318325;-0.010196;-0.580974;152.035500;0.088235;0.088235;0.000000;1118644.538079;1.962882;0.000000;0.000000;-0.103825;0.694842;-0.496164;-0.829063;0.000000;-0.188482;-0.424637;0.000000;0.000000;-0.077550;-0.000748;0.147670;0.337952;9.961617;9.130352;13.470048;11.833397;1.863868;0.000000;9.738345;1.005859;2.772524;108.364171;24639.767372
1.000000;1.000000;0.000000;0.000000;1.000000;0.000000;0.000000;0.000000;0.000000;0.000000;0.000000;0.000000;102.000000;-0.000000;-4.054141;-4.076750;1.706584;2.912430;4.398692;0.269151;-0.242286;-1.065384;2.761850;0.058824;0.058824;0.000000;1825.016322;0.394346;9.060589;8.898450;1.819163;3.309356;9.241409;0.388507;0.779660;0.756202;1.778050;0.117647;0.117647;0.000000;8542.397424;0.133322;1.996474;1.826600;1.793216;3.215623;2.683567;0.283332;0.084069;-0.429920;2.207255;0.049020;0.049020;0.000000;570.568920;1.074875;-45.859446;-38.824000;53.565975;2869.313717;70.515264;5.722079;-0.675863;-0.288146;58.459500;0.049020;0.049020;0.000000;360853.532695;1.174692;76.132652;63.832500;81.737622;6681.038892;111.701476;11.919599;0.405471;-0.020974;95.327000;0.098039;0.098039;0.000000;931943.423312;1.104024;0.000000;0.000000;-0.306688;0.746819;-0.764674;-0.687013;0.000000;-0.375513;-0.130207;0.000000;0.000000;-0.016192;-0.152587;0.305352;0.243410;10.087871;3.986973;14.114730;4.123919;2.159469;0.000000;9.776888;1.005859;1.947428;105.752123;17456.823654
1.000000;1.000000;0.000000;0.000000;1.000000;0.000000;0.000000;0.000000;0.000000;0.000000;0.000000;0.000000;102.000000;-0.000000;-4.208331;-3.739250;1.455694;2.119046;4.452988;0.228575;-0.618554;-0.697496;2.259100;0.029412;0.029412;0.000000;1914.508654;0.305090;9.002145;8.650950;2.194240;4.814688;9.265706;0.534906;0.615421;0.493001;2.836225;0.098039;0.098039;0.000000;8511.492983;0.186862;2.871246;3.062700;1.372426;1.883553;3.182390;0.214018;0.233061;-0.784317;2.246600;0.049020;0.049020;0.000000;936.960999;0.458990;-6.280994;-11.697500;28.467101;810.375845;29.151788;4.184883;0.112326;-1.082585;47.570500;0.049020;0.049020;1.003922;45361.845040;1.680610;9.859686;2.513875;57.826050;3343.852043;58.660595;10.294193;0.667286;0.306887;63.130750;0.068627;0.068627;1.003922;180467.706656;1.922342;0.000000;0.000000;-0.078846;0.514092;-0.546912;-0.017759;0.000000;-0.542862;-0.290891;0.000000;0.000000;-0.156332;-0.468177;0.272517;-0.012809;10.094897;4.775467;14.210476;4.885916;2.116469;0.000000;10.268505;1.005859;2.628561;106.682403;4301.019783
1.000000;1.000000;0.000000;0.000000;1.000000;0.000000;0.000000;0.000000;0.000000;0.000000;0.000000;0.000000;102.000000;-0.000000;-3.960286;-3.729750;1.298864;1.687048;4.167843;0.322631;-0.639361;0.444395;1.444150;0.088235;0.088235;0.000000;1685.801758;0.306339;8.426654;7.261650;3.483580;12.135327;9.118323;0.862759;0.844835;-0.216161;4.900900;0.098039;0.098039;0.000000;7861.771527;0.417484;3.496996;3.325150;1.284484;1.649900;3.725437;0.288477;1.158494;2.846556;1.115675;0.078431;0.078431;0.000000;1331.501533;0.362248;2.075457;0.609555;22.415312;502.446232;22.511192;4.404062;0.329276;-0.498115;27.324750;0.098039;0.098039;1.003922;26064.183978;1.881696;-12.351236;-12.419000;40.151866;1612.172377;42.008635;12.072923;0.387071;-0.352953;63.584000;0.127451;0.127451;3.011765;97786.579271;2.082826;0.000000;0.000000;-0.528259;0.518178;-0.227375;-0.108047;0.000000;-0.413429;-0.230381;0.000000;0.000000;-0.584160;0.163997;0.304467;-0.050643;9.467828;11.874965;13.386940;12.781471;1.177759;0.000000;9.376209;1.005859;3.338520;101.514738;2285.358051
1.000000;1.000000;0.000000;0.000000;1.000000;0.000000;0.000000;0.000000;0.000000;0.000000;0.000000;0.000000;102.000000;-0.000000;-4.320437;-4.343850;1.304793;1.702485;4.513166;0.364134;-0.181278;0.164708;1.421400;0.117647;0.117647;0.000000;1990.777210;0.262176;8.503507;7.550600;3.685033;13.579470;9.267637;0.929220;0.856943;-0.197183;5.381750;0.078431;0.078431;0.000000;8068.140256;0.424517;2.768920;2.852400;1.880475;3.536188;3.347104;0.384601;0.383187;0.402189;2.255475;0.049020;0.049020;0.000000;962.387459;0.837887;18.744602;8.884950;29.441371;866.794347;34.902069;4.967770;0.622428;-0.857050;44.262925;0.049020;0.049020;0.000000;80045.694997;1.608791;-47.856119;-50.239500;69.680031;4855.306709;84.531147;15.579050;-0.092446;-0.820716;105.432925;0.107843;0.107843;0.000000;481245.026881;1.595664;0.000000;0.000000;-0.708995;0.261566;0.072914;-0.782449;0.000000;-0.169994;-0.284432;0.000000;0.000000;-0.322310;0.164391;0.288420;0.206780;9.678553;13.583382;13.823944;14.631830;0.801432;0.000000;9.172228;1.005859;3.353542;107.257762;8374.872352
1.000000;1.000000;0.000000;0.000000;1.000000;0.000000;0.000000;0.000000;0.000000;0.000000;0.000000;0.000000;102.000000;-0.000000;-3.927942;-3.964300;1.066920;1.138318;4.070264;0.305857;0.562514;2.444704;1.094700;0.098039;0.098039;0.000000;1631.784746;0.231882;9.453782;9.392950;2.573632;6.623579;9.797835;0.691870;0.487512;0.819795;3.183575;0.107843;0.107843;0.000000;9453.996100;0.215370;2.208233;2.637700;1.980027;3.920508;2.965940;0.343355;-0.041795;-0.974007;2.867135;0.049020;0.049020;0.000000;697.329027;1.033489;31.018525;27.694500;30.110711;906.654906;43.229664;5.177364;0.225984;-1.018516;55.990025;0.039216;0.039216;0.000000;144379.961081;1.112980;-88.869072;-85.260500;57.877158;3349.765411;106.054124;14.725465;0.180542;-0.476877;90.271750;0.107843;0.107843;0.000000;976405.777625;0.771356;0.000000;0.000000;-0.441028;0.374906;-0.321798;-0.572371;0.000000;-0.106012;-0.168626;0.000000;0.000000;0.165577;-0.110504;0.217917;0.063691;10.350568;6.430372;14.382805;6.947148;0.891600;0.000000;10.079925;1.005859;1.941491;113.564626;13125.077921
1.000000;1.000000;0.000000;0.000000;1.000000;0.000000;0.000000;0.000000;0.000000;0.000000;0.000000;0.000000;102.000000;-0.000000;-3.172970;-3.606600;1.896689;3.597429;3.696642;0.574550;0.646191;0.543023;2.463600;0.068627;0.068627;0.000000;1210.400556;0.797042;9.698315;10.052000;2.423490;5.873302;9.996530;0.674599;-0.390329;-0.293645;3.123500;0.127451;0.127451;0.000000;9893.397406;0.197693;2.882885;3.215450;2.199586;4.838177;3.626183;0.522849;-0.058435;-0.117526;3.202300;0.068627;0.068627;0.000000;1094.481713;0.955638;2.886171;10.453000;56.012785;3137.432076;56.087093;8.686960;-0.363597;-0.321733;54.683250;0.068627;0.068627;1.003922;160872.874739;1.947983;-35.674029;-50.395000;122.118073;14912.823741;127.222090;29.812277;0.424619;-0.095602;153.914000;0.088235;0.088235;2.509804;890431.320571;2.210603;0.000000;0.000000;0.052056;0.427173;-0.307906;-0.661754;0.000000;-0.225700;0.028066;0.000000;0.000000;-0.013489;0.105130;0.263940;0.027273;10.466250;5.053391;14.005833;5.956585;3.607915;0.000000;10.169742;1.005859;2.435532;114.595775;19344.371375
1.000000;1.000000;0.000000;0.000000;1.000000;0.000000;0.000000;0.000000;0.000000;0.000000;0.000000;0.000000;102.000000;-0.000000;-3.354309;-3.798700;2.104249;4.427864;3.959704;0.523783;0.348752;0.063351;2.985425;0.049020;0.049020;0.000000;1373.498786;0.840679;8.802266;9.346900;2.952918;8.719723;9.284374;0.723904;0.000021;-1.032329;4.572975;0.058824;0.058824;0.000000;8347.655409;0.309067;2.522438;2.617750;1.978957;3.916272;3.206083;0.551454;0.444524;0.984236;1.856400;0.117647;0.117647;0.000000;848.725015;1.041123;-31.572453;-35.849000;51.205715;2622.025229;60.156837;8.540267;0.739865;0.529773;66.440600;0.058824;0.058824;0.000000;235402.148138;1.746042;63.888953;81.330500;124.380397;15470.483075;139.829473;27.979281;-0.949333;0.750318;146.484625;0.078431;0.078431;0.000000;1205349.217993;1.961949;0.000000;0.000000;0.120919;0.757632;-0.595785;-0.687372;0.000000;-0.124805;-0.099116;0.000000;0.000000;-0.012842;-0.054686;0.464688;0.118267;9.771087;7.404710;13.290043;8.935055;4.342706;0.000000;9.529911;1.005859;2.849540;102.878858;23181.405356
1.000000;1.000000;0.000000;0.000000;1.000000;0.000000;0.000000;0.000000;0.000000;0.000000;0.000000;0.000000;102.000000;-0.000000;-4.278932;-4.111650;1.934225;3.741227;4.695795;0.444481;-0.114492;-0.776777;2.708700;0.078431;0.078431;0.000000;2058.348503;0.482200;8.312446;7.734100;2.741543;7.516057;8.752875;0.735830;0.680514;0.291114;3.322775;0.107843;0.107843;0.000000;7431.228983;0.307498;2.381310;2.406450;1.878065;3.527126;3.032781;0.559070;0.283988;-0.001198;1.996525;0.137255;0.137255;0.000000;758.289328;1.075298;-40.422710;-35.967500;41.986684;1762.881605;58.282734;7.239840;-0.500242;-0.489798;61.057400;0.068627;0.068627;0.000000;256578.056825;1.178078;78.800141;71.955000;80.130120;6420.836100;112.384600;16.936354;-0.108560;-0.705276;131.466750;0.068627;0.068627;0.000000;960829.954205;1.327927;0.000000;0.000000;-0.031995;0.400782;-0.579990;-0.621142;0.000000;-0.412999;-0.293188;0.000000;0.000000;0.233601;0.140594;0.552660;0.299703;9.623135;7.058575;13.591378;7.598158;3.770584;0.000000;9.298259;1.005859;2.236934;99.663305;16036.373193
1.000000;1.000000;0.000000;0.000000;1.000000;0.000000;0.000000;0.000000;0.000000;0.000000;0.000000;0.000000;102.000000;-0.000000;-4.389744;-4.453200;1.842047;3.393137;4.760566;0.511595;0.047518;-0.801139;2.893875;0.068627;0.068627;0.000000;2138.575589;0.432111;8.115487;7.407400;3.568571;12.734701;8.865429;0.917472;1.408328;2.364939;2.510525;0.098039;0.098039;0.000000;7367.361083;0.466136;2.909942;2.762000;1.683913;2.835563;3.362042;0.628594;0.298240;-0.098983;2.105850;0.156863;0.156863;0.000000;1008.339570;0.701582;-18.938341;-14.547500;45.341319;2055.835188;49.137521;7.270222;-1.044783;0.697786;45.206000;0.088235;0.088235;0.501961;141433.389683;1.761369;28.235800;23.029000;72.126054;5202.167638;77.455975;17.332539;0.093356;-0.974390;117.578000;0.078431;0.078431;0.000000;346646.759418;2.237872;0.000000;0.000000;-0.157289;0.307457;-0.354548;-0.635401;0.000000;-0.261312;-0.239020;0.000000;0.000000;0.285171;-0.017037;0.406759;0.268137;9.496455;12.076164;13.505231;12.974974;3.312544;0.000000;9.758875;1.005859;2.909533;102.258823;8425.227353
1.000000;1.000000;0.000000;0.000000;1.000000;0.000000;0.000000;0.000000;0.000000;0.000000;0.000000;0.000000;102.000000;-0.000000;-4.028566;-4.116500;1.567760;2.457871;4.322872;0.512510;-0.942852;2.814345;1.820775;0.107843;0.107843;0.000000;1780.750189;0.445304;8.473469;7.017400;4.638225;21.513135;9.659855;1.152597;1.163855;0.429554;5.043725;0.058824;0.058824;0.000000;8420.804555;0.620747;2.925210;2.852600;1.282366;1.644462;3.193950;0.515254;0.480681;0.177419;1.880325;0.166667;0.166667;0.000000;956.743710;0.540190;2.232024;0.464095;33.361100;1112.963007;33.435684;6.732206;0.110465;-0.482304;45.613500;0.068627;0.068627;1.505882;57271.210871;1.594411;-8.203656;-16.130500;87.184467;7601.131302;87.569580;20.684851;-0.216717;-0.641398;129.554000;0.068627;0.068627;2.509804;394575.021592;2.007983;0.000000;0.000000;-0.492696;0.423168;-0.243269;-0.679725;0.000000;0.005752;0.104639;0.000000;0.000000;-0.288669;-0.226361;0.208373;-0.029373;9.599422;20.851115;13.502035;22.383929;1.824414;0.000000;9.397350;1.005859;3.067592;113.000025;8796.577530
1.000000;1.000000;0.000000;0.000000;1.000000;0.000000;0.000000;0.000000;0.000000;0.000000;0.000000;0.000000;102.000000;-0.000000;-4.116034;-4.044700;1.662373;2.763485;4.439056;0.533968;-1.114825;2.229731;1.758775;0.127451;0.127451;0.000000;1868.996047;0.454103;9.338814;8.597550;4.035511;16.285353;10.173436;1.031013;0.860915;0.056651;5.429775;0.088235;0.088235;0.000000;9726.324452;0.440017;2.636818;2.387000;1.388520;1.927988;2.980067;0.431639;0.638454;0.178735;1.910550;0.127451;0.127451;0.000000;807.537244;0.675415;14.350653;13.605500;34.393712;1182.927418;37.267528;6.562782;-0.441909;-0.221126;41.129345;0.068627;0.068627;0.000000;81346.960181;2.262395;-41.054060;-51.939000;96.550637;9322.025570;104.916450;26.417743;0.128960;-1.002648;154.588750;0.107843;0.107843;0.000000;647429.438384;2.220567;0.000000;0.000000;-0.555780;0.361588;-0.244877;-0.690188;0.000000;-0.201449;0.022589;0.000000;0.000000;-0.504141;-0.084018;0.388241;-0.066170;10.371977;16.626109;14.454848;17.416023;1.821418;0.000000;10.352560;1.005859;2.888323;124.204017;12405.210865
1.000000;1.000000;0.000000;0.000000;1.000000;0.000000;0.000000;0.000000;0.000000;0.000000;0.000000;0.000000;102.000000;-0.000000;-4.008048;-3.680400;1.539628;2.370456;4.293589;0.398245;-0.648214;-0.373702;2.510350;0.058824;0.058824;0.000000;1759.477552;0.362472;8.774710;8.340600;3.017075;9.102740;9.278915;0.743924;0.750419;0.024208;4.007525;0.098039;0.098039;0.000000;8317.803593;0.309815;2.509522;2.315350;1.860604;3.461847;3.124028;0.418828;0.651549;0.998960;2.422900;0.068627;0.068627;0.000000;818.927238;0.902533;18.465410;23.277000;40.361703;1629.067083;44.385115;6.860800;-0.497150;-0.216537;50.191473;0.068627;0.068627;1.505882;117868.974606;1.681551;-50.237542;-54.736000;86.649867;7508.199479;100.159923;19.875257;0.050767;-0.991011;134.398000;0.107843;0.107843;0.000000;640373.034362;1.713655;0.000000;0.000000;-0.640889;0.718797;-0.508440;-0.699727;0.000000;-0.602613;-0.400755;0.000000;0.000000;-0.654152;0.169222;0.604804;0.427453;9.771762;10.045840;13.782758;10.331628;1.255164;0.000000;10.036421;1.005859;2.300223;105.533177;12011.808161
1.000000;1.000000;0.000000;0.000000;1.000000;0.000000;0.000000;0.000000;0.000000;0.000000;0.000000;0.000000;102.000000;-0.000000;-3.911926;-3.617800;1.503649;2.260959;4.190958;0.401171;-0.519608;-0.884828;2.338950;0.088235;0.088235;0.000000;1676.234780;0.388393;8.747349;8.114000;3.653566;13.348548;9.479697;0.881406;1.020861;0.994031;4.703875;0.068627;0.068627;0.000000;8485.492521;0.416882;2.688083;2.850450;1.828632;3.343895;3.251105;0.455739;0.471878;0.997691;2.135925;0.078431;0.078431;0.000000;907.569415;0.858430;0.754193;0.892330;42.276196;1787.276741;42.282923;7.344623;0.204445;-0.605025;54.124000;0.088235;0.088235;1.505882;91214.054439;1.557557;-10.998786;-8.459200;84.499003;7140.081460;85.211823;17.335347;-0.290251;-0.803988;133.760500;0.068627;0.068627;1.505882;376591.318115;2.015666;0.000000;0.000000;-0.774290;0.687240;-0.482864;-0.723896;0.000000;-0.445924;0.114795;0.000000;0.000000;-0.574338;0.008576;0.419161;0.144837;9.692124;14.491530;13.659275;14.938889;0.825167;0.000000;9.466756;1.005859;2.526309;108.428791;9059.469994
1.000000;1.000000;0.000000;0.000000;1.000000;0.000000;0.000000;0.000000;0.000000;0.000000;0.000000;0.000000;102.000000;-0.000000;-3.921869;-3.701700;1.472579;2.168488;4.189217;0.398077;-0.213870;-0.608840;2.108700;0.127451;0.127451;0.000000;1679.461885;0.382405;9.092359;9.138200;3.398653;11.550844;9.706793;0.849692;0.935488;1.391402;4.079025;0.068627;0.068627;0.000000;9021.614845;0.379167;2.762926;2.965450;1.038033;1.077513;2.951487;0.327476;0.172769;-0.286591;1.555800;0.078431;0.078431;0.000000;833.598926;0.401683;-14.348240;-10.758500;31.406904;986.393594;34.529199;5.829863;-0.457727;0.027548;31.639025;0.068627;0.068627;0.000000;71318.576550;2.063332;12.062825;17.211500;75.801491;5745.866036;76.755311;17.996061;-0.693674;0.191921;112.768750;0.068627;0.068627;2.007843;307882.716807;1.990680;0.000000;0.000000;-0.686021;0.552874;-0.397410;-0.433306;0.000000;-0.432186;-0.054261;0.000000;0.000000;-0.497067;-0.045883;0.370888;0.250684;10.018103;12.408979;14.014227;12.798513;1.056654;0.000000;10.214120;1.005859;2.820159;112.771375;7092.354631
1.000000;1.000000;0.000000;0.000000;1.000000;0.000000;0.000000;0.000000;0.000000;0.000000;0.000000;0.000000;102.000000;-0.000000;-3.643099;-3.605550;1.221174;1.491267;3.842322;0.320061;-0.140646;-0.282667;1.512550;0.107843;0.107843;0.000000;1429.820966;0.318374;9.027591;9.130200;2.265498;5.132479;9.307517;0.624229;0.319122;-0.574033;3.495725;0.098039;0.098039;0.000000;8574.493618;0.178368;3.098439;3.299250;1.014825;1.029870;3.260398;0.256157;-0.400348;0.368495;0.936075;0.107843;0.107843;0.000000;1031.766664;0.315912;-23.491319;-18.173000;41.193823;1696.931047;47.421231;5.161547;-0.086801;0.029898;45.224750;0.049020;0.049020;0.000000;142844.869393;1.728286;25.135603;42.226000;72.069253;5193.977256;76.326770;15.157081;-1.083062;1.443747;78.324650;0.058824;0.058824;1.505882;329337.388852;2.130705;0.000000;0.000000;-0.308970;0.673845;-0.346780;-0.456448;0.000000;-0.700745;-0.541580;0.000000;0.000000;-0.608330;0.241642;0.519978;0.323689;9.863291;5.108806;13.670690;5.375863;1.313465;0.000000;9.704296;1.005859;3.143841;102.393319;8085.179123
1.000000;1.000000;0.000000;0.000000;1.000000;0.000000;0.000000;0.000000;0.000000;0.000000;0.000000;0.000000;102.000000;-0.000000;-1.747214;-1.746100;0.764156;0.583935;1.907011;0.220203;-0.164224;-0.286020;1.139900;0.098039;0.098039;0.000000;341.161769;0.496198;9.558866;8.952150;2.750994;7.567970;9.946853;0.531531;0.977271;0.881742;3.361750;0.058824;0.058824;0.000000;9705.904400;0.227450;1.148885;1.261400;1.025088;1.050806;1.539722;0.200401;-0.327548;-0.353532;1.460910;0.049020;0.049020;0.000000;188.237669;1.117018;-11.129243;-1.037675;35.296214;1245.822713;37.009225;4.682633;-0.107961;-0.246612;43.967550;0.039216;0.039216;1.003922;76174.578716;1.733676;65.848532;49.023500;64.936930;4216.804905;92.481534;10.710589;0.009052;-0.713823;94.291000;0.029412;0.029412;0.000000;657356.642352;1.251541;0.000000;0.000000;-0.377047;0.321259;-0.328972;-0.544780;0.000000;-0.386508;0.143053;0.000000;0.000000;0.041414;-0.171733;-0.370173;0.268245;9.801336;7.510386;12.306079;7.732606;0.500011;0.000000;9.844695;1.005859;1.441912;103.576574;9924.887585
1.000000;1.000000;0.000000;0.000000;1.000000;0.000000;0.000000;0.000000;0.000000;0.000000;0.000000;0.000000;102.000000;-0.000000;-2.212465;-2.296100;1.326942;1.760775;2.579879;0.330532;0.164150;0.766944;1.647325;0.068627;0.068627;0.000000;589.091062;0.774196;9.692501;8.443600;3.028836;9.173846;10.154724;0.685753;1.271159;1.083584;3.358375;0.078431;0.078431;0.000000;10050.245939;0.288014;0.884596;0.780670;1.180624;1.393873;1.475257;0.235817;0.939014;1.397089;1.229405;0.088235;0.088235;0.000000;150.922885;1.675101;-15.158948;-10.090000;35.265662;1243.666899;38.385682;5.610426;0.539553;1.045739;42.066750;0.049020;0.049020;0.000000;86868.573505;1.972743;90.601393;107.420000;70.019162;4902.683097;114.504566;14.437565;-1.809316;3.902290;60.828500;0.088235;0.088235;0.000000;1087321.673482;1.022362;0.000000;0.000000;-0.398593;0.211374;-0.501115;-0.767089;0.000000;-0.392765;-0.310073;0.000000;0.000000;0.251603;-0.036924;-0.196240;0.679896;10.070886;9.351460;12.996131;9.599336;1.443548;0.000000;10.174626;1.005859;0.567989;110.774199;14586.932573
1.000000;1.000000;0.000000;0.000000;1.000000;0.000000;0.000000;0.000000;0.000000;0.000000;0.000000;0.000000;102.000000;-0.000000;-2.323092;-2.320150;1.992771;3.971137;3.060701;0.619792;-0.272923;0.942101;2.106500;0.137255;0.137255;0.000000;753.004455;1.252352;9.714286;8.463150;4.606100;21.216159;10.750977;1.072348;0.857266;0.027775;5.583975;0.088235;0.088235;0.000000;10707.494649;0.494215;1.276615;0.911885;1.559440;2.431853;2.015341;0.400797;0.806885;0.363670;2.235597;0.068627;0.068627;0.000000;290.280553;1.694807;-1.843334;-13.589500;54.076029;2924.216919;54.107438;9.210288;1.635867;2.503322;41.509950;0.058824;0.058824;1.003922;149483.227122;1.798345;17.802458;56.617500;107.555120;11568.103902;109.018491;24.496238;-1.563183;2.923513;120.037500;0.078431;0.078431;3.011765;622300.092608;2.332886;0.000000;0.000000;-0.522578;0.533371;-0.363843;-0.690806;0.000000;-0.331063;-0.184692;0.000000;0.000000;-0.017841;-0.109794;-0.087006;0.455714;10.186764;22.181245;13.262275;22.682944;2.753732;0.000000;9.915194;1.005859;0.976874;125.951409;14816.707805
1.000000;1.000000;0.000000;0.000000;1.000000;0.000000;0.000000;0.000000;0.000000;0.000000;0.000000;0.000000;102.000000;-0.000000;-2.491798;-2.381300;1.978896;3.916030;3.181994;0.682271;-0.281122;0.735747;2.261700;0.137255;0.137255;0.000000;833.044338;1.140992;10.084358;8.533500;4.933269;24.337146;11.226372;1.196788;0.722365;-0.491066;6.531275;0.098039;0.098039;0.000000;11614.011932;0.475881;1.069574;1.282650;2.294176;5.263242;2.531251;0.562247;0.184704;-0.732587;3.450855;0.078431;0.078431;1.003922;385.115436;1.884718;-2.131263;-7.078150;63.720420;4060.291965;63.756053;10.533129;0.724640;0.619082;75.317750;0.049020;0.049020;1.003922;207542.906819;1.272811;-46.506629;-42.992500;91.858698;8438.020413;102.960609;25.380410;-1.003598;2.481616;115.874500;0.098039;0.098039;0.000000;650957.496688;1.959511;0.000000;0.000000;-0.381385;0.537978;0.074359;-0.378713;0.000000;-0.089053;-0.113487;0.000000;0.000000;-0.104662;-0.068985;-0.318635;0.021279;10.620109;24.369784;13.733475;25.242275;3.290636;0.000000;10.254168;1.005859;1.225334;137.156504;14672.128468
1.000000;1.000000;0.000000;0.000000;1.000000;0.000000;0.000000;0.000000;0.000000;0.000000;0.000000;0.000000;102.000000;-0.000000;-2.924643;-2.952400;1.272836;1.620112;3.189615;0.354981;0.481578;0.574530;1.632525;0.107843;0.107843;0.000000;955.087548;0.515795;10.327090;9.816650;2.929520;8.582087;10.734565;0.690044;1.238804;1.819188;2.789725;0.088235;0.088235;0.000000;11315.883680;0.240590;0.278063;0.020982;2.225707;4.953771;2.243009;0.427266;0.553099;-0.383599;2.948350;0.058824;0.058824;1.003922;260.540506;1.656206;-3.181490;-6.208350;50.311623;2531.259367;50.412114;7.337812;-0.173751;-0.208558;61.297250;0.039216;0.039216;0.501961;130126.765930;1.605107;-85.191319;-97.862500;65.034739;4229.517296;107.177787;14.357897;0.558047;0.413149;95.945250;0.078431;0.078431;0.000000;955992.803418;1.029705;0.000000;0.000000;0.125017;0.588361;0.189758;-0.135215;0.000000;0.367903;-0.110020;0.000000;0.000000;0.111790;-0.184359;-0.410903;-0.430712;10.897102;7.657683;14.283451;8.698441;1.604770;0.000000;10.746660;1.005859;0.607170;126.404525;14033.490402
1.000000;1.000000;0.000000;0.000000;1.000000;0.000000;0.000000;0.000000;0.000000;0.000000;0.000000;0.000000;102.000000;-0.000000;-2.238919;-2.326800;1.595262;2.544862;2.749112;0.272712;0.675377;0.224195;2.103800;0.049020;0.049020;0.000000;641.110819;0.881274;10.413770;9.989150;1.792813;3.214179;10.566966;0.415030;0.329370;-0.499003;2.182725;0.088235;0.088235;0.000000;11225.483714;0.099970;0.460489;0.672985;1.433050;2.053631;1.505218;0.287937;-0.422383;-0.112768;1.933792;0.068627;0.068627;0.501961;126.367302;1.969035;-8.112599;-4.871450;52.369541;2742.568865;52.994180;6.685150;-0.560088;0.030066;55.820000;0.049020;0.049020;1.505882;146594.850579;1.664125;-58.987793;-43.622500;84.320640;7109.970316;102.905442;12.826939;-0.078816;-1.202602;141.586682;0.039216;0.039216;0.000000;717527.497719;1.491518;0.000000;0.000000;0.082495;0.545941;0.099063;-0.240861;0.000000;-0.240741;-0.259190;0.000000;0.000000;0.248215;0.482216;0.004612;-0.183873;10.817399;3.202266;13.859255;3.321551;2.494510;0.000000;10.552521;1.005859;0.329079;120.218395;13400.178830
1.000000;1.000000;0.000000;0.000000;1.000000;0.000000;0.000000;0.000000;0.000000;0.000000;0.000000;0.000000;102.000000;-0.000000;-1.577460;-1.578400;1.585223;2.512933;2.236361;0.351223;0.109420;-0.278092;2.314068;0.098039;0.098039;0.000000;381.974731;1.158919;10.721699;10.696000;1.969767;3.879982;10.901138;0.494035;0.035561;-0.838859;2.919400;0.117647;0.117647;0.000000;11923.288720;0.116679;1.203891;1.113450;1.127816;1.271968;1.649643;0.293417;0.496305;0.297595;1.106152;0.107843;0.107843;0.000000;212.705404;1.307953;-9.744412;6.990000;70.921781;5029.899061;71.588076;9.260665;-0.494444;-0.829007;108.056000;0.049020;0.049020;1.003922;266232.260759;1.431610;17.726431;34.428500;72.743552;5291.624320;74.872229;15.900083;-1.044520;1.202643;77.220750;0.088235;0.088235;0.501961;301927.664405;2.101489;0.000000;0.000000;0.120931;0.523892;-0.118671;-0.081686;0.000000;-0.421586;-0.450378;0.000000;0.000000;-0.438033;0.099127;0.280169;-0.175485;10.999285;3.851855;13.582116;4.016730;2.439481;0.000000;10.606357;1.005859;1.158154;124.836123;10733.424621
1.000000;1.000000;0.000000;0.000000;1.000000;0.000000;0.000000;0.000000;0.000000;0.000000;0.000000;0.000000;102.000000;-0.000000;-2.121966;-1.975050;1.611615;2.597302;2.664590;0.376753;0.013646;-0.889141;2.656570;0.058824;0.058824;0.000000;591.749995;0.968284;10.338228;10.435000;2.385285;5.689586;10.609833;0.545936;0.145175;-0.411104;2.981900;0.088235;0.088235;0.000000;11191.851281;0.159922;0.811162;0.835630;1.582386;2.503947;1.778182;0.305910;-0.174730;-0.321246;2.281153;0.068627;0.068627;0.000000;194.816233;1.869291;-8.177517;3.080970;61.437681;3774.588654;61.979516;7.388935;-0.422022;-0.273991;85.907750;0.049020;0.049020;0.501961;199331.589162;1.467187;75.563517;64.820000;73.904032;5461.805909;105.696031;17.606267;0.481438;-0.387905;106.954750;0.078431;0.078431;0.000000;860957.751339;1.260014;0.000000;0.000000;-0.170231;0.409823;-0.461721;-0.181719;0.000000;-0.424759;0.111265;0.000000;0.000000;-0.010979;-0.402879;-0.138036;-0.079302;10.713643;5.886450;13.555024;5.880016;2.488920;0.000000;10.727782;1.005859;0.876246;120.668593;15016.273355
1.000000;1.000000;0.000000;0.000000;1.000000;0.000000;0.000000;0.000000;0.000000;0.000000;0.000000;0.000000;102.000000;-0.000000;-2.381737;-2.080150;1.694532;2.871440;2.923031;0.454985;-0.064006;-0.687486;2.410900;0.088235;0.088235;0.000000;725.058579;0.973163;9.507021;8.795950;3.354375;11.251831;10.081432;0.728673;0.965116;1.129258;4.042125;0.058824;0.058824;0.000000;9792.964546;0.320918;0.935090;0.719900;1.881267;3.539164;2.100847;0.360422;0.499022;0.260802;2.035260;0.068627;0.068627;1.003922;269.755317;1.835694;-11.600347;-22.362500;51.045858;2605.679577;52.347375;7.640974;1.241436;1.675025;62.840000;0.039216;0.039216;1.003922;146625.047594;1.647123;60.938076;58.597500;94.976506;9020.536770;112.844964;21.388190;-0.869495;2.563283;86.883500;0.117647;0.117647;0.000000;838838.143157;1.760406;0.000000;0.000000;-0.627664;0.452362;-0.478829;-0.513139;0.000000;-0.385468;0.069408;0.000000;0.000000;-0.003576;-0.223973;-0.283983;0.367284;9.953499;12.107248;12.973029;12.689334;1.573771;0.000000;9.960096;1.005859;0.315336;111.179383;15478.647004
1.000000;1.000000;0.000000;0.000000;1.000000;0.000000;0.000000;0.000000;0.000000;0.000000;0.000000;0.000000;102.000000;-0.000000;-2.074790;-2.010100;1.673984;2.802221;2.665891;0.538089;-0.105605;-0.648284;2.778302;0.107843;0.107843;0.000000;582.039183;1.096720;9.807553;8.833000;4.929224;24.297247;10.976582;1.100753;0.768140;-0.099001;5.776250;0.068627;0.068627;0.000000;11050.355172;0.507242;1.640659;1.179550;2.130410;4.538647;2.688942;0.494899;0.164338;-0.579934;3.177820;0.058824;0.058824;0.000000;506.032763;1.565972;-3.279228;-30.485500;81.978026;6720.396671;82.043586;13.685116;0.796103;0.718823;72.819750;0.039216;0.039216;1.003922;343837.205722;1.411665;5.638466;23.982500;103.624890;10738.117890;103.778178;28.321230;-0.228920;1.006842;114.579500;0.107843;0.107843;3.011765;550890.855014;2.019646;0.000000;0.000000;-0.324488;0.624798;-0.444446;-0.756278;0.000000;-0.287701;-0.035589;0.000000;0.000000;-0.329984;-0.088308;-0.135637;0.226542;10.222501;24.092790;13.020868;24.869563;2.498217;0.000000;10.076232;1.005859;1.244855;128.592317;17508.290604
1.000000;1.000000;0.000000;0.000000;1.000000;0.000000;0.000000;0.000000;0.000000;0.000000;0.000000;0.000000;102.000000;-0.000000;-2.279751;-2.556400;1.446631;2.092742;2.700001;0.507674;0.277679;-0.430761;2.036400;0.117647;0.117647;0.000000;636.858199;0.778452;10.647167;9.823300;4.990686;24.906949;11.758788;1.190515;0.636729;-0.158019;6.092800;0.098039;0.098039;0.000000;12833.203520;0.470071;1.050971;1.386550;2.625219;6.891775;2.827776;0.651761;-0.157570;-1.083413;4.414750;0.058824;0.058824;1.003922;464.153450;1.749239;-0.931529;5.089900;97.415031;9489.688195;97.419484;15.977350;-0.067609;-0.108370;100.553500;0.029412;0.029412;1.003922;484062.614620;0.929957;-51.265519;-65.462000;114.384400;13083.790872;125.347295;29.160347;0.752642;0.589757;154.535000;0.098039;0.098039;0.000000;935362.689636;1.975861;0.000000;0.000000;0.002735;0.712396;-0.343542;-0.557591;0.000000;-0.113170;-0.022357;0.000000;0.000000;-0.150439;-0.077041;-0.175471;-0.133319;11.087481;23.626871;14.005763;25.153569;2.113444;0.000000;11.204161;1.005859;0.966188;146.559111;25210.496529
1.000000;1.000000;0.000000;0.000000;1.000000;0.000000;0.000000;0.000000;0.000000;0.000000;0.000000;0.000000;102.000000;-0.000000;-2.420478;-2.583100;1.212463;1.470066;2.707172;0.368107;0.135083;0.294629;1.537225;0.127451;0.127451;0.000000;672.562196;0.584071;10.890499;10.578500;3.017505;9.105339;11.300810;0.747491;1.625355;4.091637;2.693025;0.137255;0.137255;0.000000;12561.897900;0.238606;-0.208018;0.176765;2.564374;6.576013;2.572797;0.549503;-0.354567;-0.066066;3.538500;0.039216;0.039216;1.003922;339.810532;1.593279;-4.210490;4.035650;69.932246;4890.519085;70.058885;9.873812;-0.862746;1.846371;56.913000;0.058824;0.058824;1.003922;251229.582968;1.609527;-84.068329;-83.250500;84.607614;7158.448380;119.272513;17.562451;0.495798;-0.259735;97.159000;0.068627;0.068627;0.000000;1085981.479673;1.327656;0.000000;0.000000;0.220818;0.554536;-0.169112;-0.347263;0.000000;0.116556;-0.035984;0.000000;0.000000;0.346213;0.198779;-0.202854;-0.456884;11.296675;8.422227;14.336150;9.280874;1.399238;0.000000;11.525929;1.005859;-0.195644;136.037087;19140.798988
1.000000;1.000000;0.000000;0.000000;1.000000;0.000000;0.000000;0.000000;0.000000;0.000000;0.000000;0.000000;102.000000;-0.000000;-2.210862;-2.188250;1.226003;1.503083;2.528042;0.280789;-0.167055;-0.361180;1.548850;0.049020;0.049020;0.000000;575.224216;0.568684;10.584872;10.637500;1.714594;2.939834;10.722842;0.498833;-0.033425;-0.783893;2.574350;0.117647;0.117647;0.000000;11577.962377;0.097018;0.007674;0.305105;1.981211;3.925196;1.981226;0.313535;-1.629923;2.855368;1.774452;0.039216;0.039216;0.501961;200.191170;1.565520;-10.802192;-3.752750;40.341038;1627.399320;41.762264;6.254180;-1.006692;0.519310;49.398500;0.078431;0.078431;0.501961;94901.709253;1.882648;-40.285182;-41.716000;76.972121;5924.707431;86.876944;13.111630;-0.230356;-1.307315;150.955750;0.049020;0.049020;0.000000;467755.283541;1.978233;0.000000;0.000000;0.032798;0.264613;0.340783;0.024079;0.000000;-0.279901;-0.275557;0.000000;0.000000;0.237240;0.439049;-0.161366;-0.107143;10.928086;2.947266;13.808043;2.972274;1.514631;0.000000;10.912879;1.005859;-0.437348;122.370334;9295.615280
1.000000;1.000000;0.000000;0.000000;1.000000;0.000000;0.000000;0.000000;0.000000;0.000000;0.000000;0.000000;102.000000;-0.000000;-1.895034;-1.817950;1.267237;1.605891;2.279703;0.293176;-0.467401;0.016758;1.679680;0.049020;0.049020;0.000000;448.206757;0.794990;10.081979;10.178000;2.221221;4.933824;10.323765;0.510032;-0.101907;-1.068584;4.106875;0.078431;0.078431;0.000000;10619.549557;0.157037;1.209888;1.361250;1.050565;1.103687;1.602347;0.237472;-0.007752;-0.530452;1.684555;0.068627;0.068627;0.000000;205.601902;1.108625;-14.336779;7.016850;55.112867;3037.428140;56.947093;7.214865;-0.291575;-0.911261;79.353000;0.029412;0.029412;1.003922;175880.478158;1.435702;26.017549;41.569500;64.219535;4124.148730;69.289693;14.195196;-1.241323;1.749663;61.249025;0.078431;0.078431;0.501961;279379.020057;1.952225;0.000000;0.000000;0.024405;0.559138;0.128748;0.024868;0.000000;-0.488583;-0.376361;0.000000;0.000000;-0.499618;0.034846;0.318293;0.135281;10.389703;4.831246;13.016524;4.984105;1.620359;0.000000;10.566353;1.005859;1.209188;112.777177;8046.600488
1.000000;1.000000;0.000000;0.000000;1.000000;0.000000;0.000000;0.000000;0.000000;0.000000;0.000000;0.000000;102.000000;-0.000000;-2.205442;-2.350450;2.025931;4.104398;2.994724;0.598931;0.647981;5.875355;2.046575;0.068627;0.068627;0.000000;705.469975;1.556029;10.027252;10.196000;2.016752;4.067290;10.228053;0.493683;-0.108682;-0.617979;2.836825;0.098039;0.098039;0.000000;10463.102070;0.128233;1.043232;1.048200;1.632868;2.666259;1.937677;0.353370;0.382620;1.575595;1.845720;0.049020;0.049020;0.000000;247.018743;1.747467;-7.895044;0.398800;45.695464;2088.075388;46.372482;6.276127;-0.248279;-0.227745;63.238250;0.049020;0.049020;0.501961;112861.862992;1.648995;83.961601;66.893500;89.007838;7922.395160;122.359902;25.401079;1.526862;4.483329;79.577500;0.117647;0.117647;0.000000;1123098.828461;1.537356;0.000000;0.000000;0.141195;0.343026;-0.044485;-0.084892;0.000000;-0.124153;0.086220;0.000000;0.000000;0.223816;-0.338144;0.068334;0.147546;10.508196;4.159252;13.547066;4.709205;3.543391;0.000000;10.369118;1.005859;1.202544;114.581443;17126.107302
1.000000;1.000000;0.000000;0.000000;1.000000;0.000000;0.000000;0.000000;0.000000;0.000000;0.000000;0.000000;102.000000;-0.000000;-2.032351;-2.091450;2.093857;4.384236;2.917994;0.751984;0.555925;4.863361;1.693825;0.117647;0.117647;0.000000;644.950869;1.690033;10.246125;9.727400;4.305000;18.533027;11.113780;0.908880;1.013739;1.167079;3.414725;0.088235;0.088235;0.000000;11653.520750;0.461390;1.078551;0.503800;2.079146;4.322848;2.342247;0.480942;0.612786;-0.036402;2.424710;0.078431;0.078431;0.000000;339.120299;1.858068;-3.846041;-3.831450;56.651929;3209.441097;56.782331;9.189857;-0.124311;3.365821;49.537250;0.078431;0.078431;1.003922;165211.936229;1.895752;48.506085;55.469500;122.048595;14895.859546;131.334306;34.081810;0.450569;1.132314;144.899000;0.098039;0.098039;0.000000;999691.352433;2.214153;0.000000;0.000000;-0.075592;0.566566;-0.337648;-0.280939;0.000000;0.046664;0.159827;0.000000;0.000000;0.311271;-0.386231;-0.261449;-0.017322;10.712297;18.277502;13.684626;18.749586;4.394581;0.000000;10.340720;1.005859;0.550640;133.030803;20478.419106
1.000000;1.000000;0.000000;0.000000;1.000000;0.000000;0.000000;0.000000;0.000000;0.000000;0.000000;0.000000;102.000000;-0.000000;-1.863622;-1.779800;1.538417;2.366726;2.416571;0.603923;0.154994;-0.658018;2.432990;0.117647;0.117647;0.000000;474.957959;1.194273;10.332996;9.112350;5.458963;29.800277;11.686363;1.240843;0.587506;-0.764752;8.567875;0.068627;0.068627;0.000000;12410.438475;0.541030;1.712839;1.114650;2.278463;5.191392;2.850475;0.508966;0.044957;-0.982005;3.566968;0.039216;0.039216;0.000000;564.012076;1.462110;-7.003714;-16.655500;101.991198;10402.204476;102.231387;14.582301;0.516818;0.111681;113.709250;0.039216;0.039216;1.003922;535524.653061;1.109747;-7.789009;4.809250;84.764921;7185.091804;85.122033;24.290127;-0.376661;-0.581106;122.488500;0.117647;0.117647;3.011765;372630.714880;2.300919;0.000000;0.000000;-0.357263;0.725675;-0.361202;-0.308116;0.000000;-0.255158;-0.010192;0.000000;0.000000;-0.192549;-0.067677;-0.275498;0.105838;10.679866;29.351370;13.364071;30.422849;2.062640;0.000000;9.743440;1.005859;1.560901;143.410899;17705.142149
1.000000;1.000000;0.000000;0.000000;1.000000;0.000000;0.000000;0.000000;0.000000;0.000000;0.000000;0.000000;102.000000;-0.000000;-2.429307;-2.738950;1.314385;1.727609;2.762090;0.475927;0.373650;-0.389659;1.707800;0.127451;0.127451;0.000000;690.066833;0.727506;9.833378;9.416200;3.790490;14.367817;10.538650;0.884088;0.619095;0.245349;4.303950;0.127451;0.127451;0.000000;10595.724377;0.375408;1.305528;0.960300;2.099051;4.406016;2.471926;0.425578;0.281574;-0.725336;2.796095;0.058824;0.058824;0.000000;398.559953;1.493886;1.230073;-4.904800;96.891499;9387.962570;96.899307;12.309762;0.416028;0.050939;132.979250;0.039216;0.039216;1.003922;478969.511134;1.062372;-48.508230;-42.172500;85.325998;7280.525874;98.150773;19.004139;-0.411950;0.339904;118.655000;0.088235;0.088235;0.000000;611389.068915;2.077199;0.000000;0.000000;-0.295830;0.681991;-0.064071;-0.282432;0.000000;-0.254879;-0.225058;0.000000;0.000000;-0.295475;0.029662;-0.077161;0.209748;10.276044;14.095215;13.300271;14.681334;1.573452;0.000000;9.985731;1.005859;1.416760;119.692289;19029.160353
1.000000;1.000000;0.000000;0.000000;1.000000;0.000000;0.000000;0.000000;0.000000;0.000000;0.000000;0.000000;102.000000;-0.000000;-2.191031;-2.411150;1.374420;1.889031;2.586436;0.327178;1.004435;1.435323;1.681175;0.078431;0.078431;0.000000;586.003717;0.802952;9.905856;10.050500;1.908564;3.642618;10.088042;0.535679;-0.009608;0.923723;2.001300;0.127451;0.127451;0.000000;10194.649944;0.130539;0.444946;0.308210;1.579244;2.494012;1.640728;0.298047;0.174791;-0.478233;2.111660;0.049020;0.049020;1.003922;147.398309;1.659790;9.536255;-3.282250;47.740112;2279.118286;48.683246;6.118248;-0.067991;-0.427299;73.630750;0.039216;0.039216;1.003922;125524.031985;1.684811;-71.928541;-70.535500;80.350461;6456.196627;107.842068;15.727871;0.122460;1.028858;79.562750;0.058824;0.058824;0.000000;856985.354203;1.276380;0.000000;0.000000;0.257337;0.638727;0.125680;-0.154189;0.000000;0.382779;-0.163401;0.000000;0.000000;0.421904;0.238973;0.067709;0.412707;10.303731;3.291381;13.265223;3.910711;1.675707;0.000000;9.871982;1.005859;0.355331;109.458247;14002.662095
1.000000;1.000000;0.000000;0.000000;1.000000;0.000000;0.000000;0.000000;0.000000;0.000000;0.000000;0.000000;102.000000;-0.000000;-1.881525;-1.981750;1.310086;1.716326;2.292698;0.273970;0.746882;0.977181;1.663750;0.078431;0.078431;0.000000;448.626645;0.816641;10.385955;10.429500;2.180953;4.756556;10.612475;0.485132;0.076790;-0.732076;3.232850;0.068627;0.068627;0.000000;11245.143091;0.137229;0.461552;0.352950;1.380294;1.905212;1.455418;0.257267;-0.182429;-0.066808;1.652360;0.068627;0.068627;0.501961;118.901275;1.890760;-1.902699;-6.611500;41.572064;1728.236483;41.615583;6.336069;-0.270804;0.097212;51.242750;0.049020;0.049020;1.505882;88518.962502;1.635085;-33.013109;-35.303500;72.685740;5283.216849;79.831587;12.670604;0.099644;-0.343815;110.213000;0.068627;0.068627;0.000000;380631.677397;1.984023;0.000000;0.000000;0.027546;0.553359;0.536299;0.035234;0.000000;0.176111;-0.403219;0.000000;0.000000;0.345765;0.372706;0.022752;0.404961;10.687614;4.655987;13.435816;4.805707;1.731263;0.000000;10.683688;1.005859;0.128474;118.881078;8107.057193
1.000000;1.000000;0.000000;0.000000;1.000000;0.000000;0.000000;0.000000;0.000000;0.000000;0.000000;0.000000;102.000000;-0.000000;-1.671350;-1.633950;0.817038;0.667552;1.860366;0.210287;-0.640839;0.912715;1.159825;0.088235;0.088235;0.000000;318.982578;0.555661;9.823820;9.903400;2.299097;5.285848;10.089266;0.450519;0.139156;-1.276821;4.055350;0.058824;0.058824;0.000000;10113.336749;0.161955;1.201370;1.231600;0.992129;0.984319;1.558079;0.207816;0.295615;-0.777237;1.545345;0.068627;0.068627;0.000000;197.416327;1.049991;-12.384728;-9.845350;47.275297;2234.953677;48.870596;7.174317;-0.125547;-0.796661;67.839750;0.058824;0.058824;1.003922;129627.581449;1.659101;27.386748;32.273000;68.431713;4682.899285;73.708434;12.522277;-0.606165;0.373264;82.122250;0.078431;0.078431;0.501961;315331.742923;1.765733;0.000000;0.000000;-0.012618;0.622894;0.133183;-0.204211;0.000000;-0.377724;-0.504624;0.000000;0.000000;-0.438430;0.065138;0.354235;0.369649;10.055713;5.136885;12.495169;5.338306;0.674038;0.000000;10.197452;1.005859;1.188934;106.254242;7823.696037
1.000000;1.000000;0.000000;0.000000;1.000000;0.000000;0.000000;0.000000;0.000000;0.000000;0.000000;0.000000;102.000000;-0.000000;-2.169731;-2.010000;1.208092;1.459485;2.483389;0.303176;-1.120631;1.303200;1.119825;0.117647;0.117647;0.000000;554.622685;0.675941;9.747317;9.785000;1.694931;2.872791;9.893582;0.413365;0.004749;-0.815341;2.828525;0.088235;0.088235;0.000000;9837.556405;0.097253;0.926280;1.027360;1.368920;1.873941;1.652857;0.275804;-0.500506;0.197292;1.629338;0.058824;0.058824;0.000000;183.090451;1.487023;-12.012891;-8.148600;39.022456;1522.752068;40.829666;5.920267;0.065952;-0.214997;49.852250;0.049020;0.049020;0.501961;92394.950259;1.821353;93.659013;91.270500;81.213875;6595.693428;123.966544;17.014089;0.273151;-0.759700;113.121750;0.078431;0.078431;0.000000;1231128.440102;1.136803;0.000000;0.000000;-0.176807;0.544644;-0.573177;-0.378629;0.000000;-0.251514;-0.091520;0.000000;0.000000;0.137264;-0.269878;0.034385;0.159386;10.099694;3.046375;12.917048;2.989442;1.385729;0.000000;9.933808;1.005859;1.164036;105.050193;17037.497648
1.000000;1.000000;0.000000;0.000000;1.000000;0.000000;0.000000;0.000000;0.000000;0.000000;0.000000;0.000000;102.000000;-0.000000;-2.488616;-2.333000;1.553205;2.412445;2.933540;0.547025;-0.172141;-0.106041;1.918375;0.127451;0.127451;0.000000;754.742940;0.833062;10.145477;9.664750;3.472804;12.060368;10.723389;0.803564;1.464466;2.815207;3.434300;0.098039;0.098039;0.000000;11114.014329;0.325729;0.825938;0.684580;1.964859;3.860673;2.131395;0.476462;0.373194;0.006035;2.297057;0.098039;0.098039;0.000000;266.479901;2.135303;-14.552308;-10.506500;62.483390;3904.174062;64.155621;10.606257;0.371654;1.566306;61.862500;0.039216;0.039216;1.003922;220713.624272;1.827960;67.585100;57.153500;120.883733;14612.876843;138.494125;28.686287;-0.507592;0.288566;165.935525;0.068627;0.068627;0.000000;1211195.402600;1.925458;0.000000;0.000000;-0.056978;0.636311;-0.512160;-0.562778;0.000000;-0.278485;-0.046281;0.000000;0.000000;-0.149616;-0.078029;-0.332812;-0.141615;10.621339;11.783892;13.710523;12.189655;2.426454;0.000000;10.253024;1.005859;0.446715;124.596735;23301.109168
1.000000;1.000000;0.000000;0.000000;1.000000;0.000000;0.000000;0.000000;0.000000;0.000000;0.000000;0.000000;102.000000;-0.000000;-2.389740;-2.350500;1.756289;3.084551;2.965706;0.740063;-0.036994;-0.714193;2.666525;0.156863;0.156863;0.000000;739.929798;1.053433;10.236668;8.924450;4.968577;24.686754;11.378757;1.197242;0.842808;-0.078792;7.109575;0.078431;0.078431;0.000000;11947.563222;0.485566;1.463217;0.756145;2.328375;5.421332;2.749970;0.601256;0.147151;-1.071805;4.146552;0.058824;0.058824;0.000000;494.898125;1.691451;-10.310178;-35.871000;91.322446;8339.789196;91.902606;15.916455;0.437425;-0.136953;98.854750;0.058824;0.058824;1.003922;436171.955746;1.400456;-9.446975;13.307000;108.357999;11741.455962;108.769027;32.194505;-0.195366;0.185378;136.658750;0.107843;0.107843;3.011765;607927.283163;2.125275;0.000000;0.000000;-0.148374;0.736120;-0.366773;-0.617521;0.000000;-0.243135;-0.089713;0.000000;0.000000;-0.252034;-0.040912;-0.237501;-0.050925;10.743684;23.844789;13.738669;25.009268;3.037001;0.000000;9.960209;1.005859;1.502588;139.271529;20284.352594
1.000000;1.000000;0.000000;0.000000;1.000000;0.000000;0.000000;0.000000;0.000000;0.000000;0.000000;0.000000;102.000000;-0.000000;-2.666676;-2.659250;1.350026;1.822571;2.988935;0.539492;0.214278;0.261878;1.620925;0.147059;0.147059;0.000000;818.343705;0.663116;9.973640;9.822400;3.868489;14.965206;10.697603;0.884107;0.901079;1.601277;4.046775;0.127451;0.127451;0.000000;10909.550360;0.372840;1.044078;0.707690;2.199690;4.838638;2.434900;0.469995;0.173674;-1.009717;3.449295;0.058824;0.058824;1.003922;357.970329;1.639061;8.735325;4.082750;82.115268;6742.917183;82.578587;11.858594;0.137989;-0.115218;121.816250;0.039216;0.039216;1.003922;351672.029688;0.960029;-79.733559;-87.803000;86.214171;7432.883276;117.432209;21.668263;0.351525;-0.730511;134.734750;0.098039;0.098039;0.000000;1027537.477552;1.374045;0.000000;0.000000;-0.288459;0.743456;-0.071260;-0.331579;0.000000;-0.158263;-0.126408;0.000000;0.000000;-0.124071;-0.206012;-0.137880;-0.035347;10.476457;14.616288;13.676148;15.285537;1.668456;0.000000;9.992170;1.005859;1.493717;124.372437;20615.475510
1.000000;1.000000;0.000000;0.000000;1.000000;0.000000;0.000000;0.000000;0.000000;0.000000;0.000000;0.000000;102.000000;-0.000000;-2.224841;-1.993550;0.934667;0.873603;2.413197;0.272649;0.063532;-0.344403;1.415200;0.088235;0.088235;0.000000;549.448928;0.472038;9.790950;9.748350;1.630186;2.657508;9.925735;0.492370;-0.307998;0.286439;2.137150;0.147059;0.147059;0.000000;9913.544762;0.105997;1.211064;1.791650;1.796765;3.228363;2.166804;0.296114;-0.657641;-0.801671;3.008385;0.049020;0.049020;0.000000;314.275135;1.470952;15.663766;12.778500;47.192971;2227.176520;49.724542;6.172150;0.166034;-0.773207;63.295250;0.049020;0.049020;1.003922;138615.426895;1.583862;-73.714249;-66.977000;67.300046;4529.296144;99.815262;12.501616;-0.576413;-0.701210;109.788250;0.088235;0.088235;0.000000;785246.300779;0.991448;0.000000;0.000000;-0.162019;0.679441;0.314675;-0.028654;0.000000;-0.020891;-0.185334;0.000000;0.000000;0.361765;0.384389;-0.009797;0.039552;10.132756;2.670996;13.026680;2.717684;0.848388;0.000000;9.852824;1.005859;0.858074;105.343732;12440.311757
1.000000;1.000000;0.000000;0.000000;1.000000;0.000000;0.000000;0.000000;0.000000;0.000000;0.000000;0.000000;102.000000;-0.000000;-1.760866;-1.817600;0.895501;0.801922;1.975493;0.248263;-0.022570;0.143065;1.085950;0.078431;0.078431;0.000000;357.169947;0.535498;9.852677;9.542350;1.628132;2.650813;9.986294;0.454844;0.585549;-0.416621;2.509025;0.107843;0.107843;0.000000;10036.867382;0.099246;1.545843;1.654600;1.262186;1.593113;1.995681;0.269135;-0.305790;-0.615935;2.024175;0.088235;0.088235;0.000000;324.999573;1.117805;8.090004;12.323500;30.812519;949.411310;31.856859;4.676121;-0.310403;-0.809519;44.986500;0.049020;0.049020;1.505882;55101.281642;1.930560;-13.268348;-13.505000;45.704105;2088.865171;47.591115;10.185943;0.189352;0.091072;51.354250;0.107843;0.107843;1.003922;124497.168027;2.051719;0.000000;0.000000;0.189043;0.630185;0.254401;0.350608;0.000000;0.056506;-0.319878;0.000000;0.000000;0.117880;0.151710;0.116641;0.144027;10.103736;2.543167;12.637276;2.717671;0.769249;0.000000;10.050408;1.005859;1.515873;104.628638;3283.756429
1.000000;1.000000;0.000000;0.000000;1.000000;0.000000;0.000000;0.000000;0.000000;0.000000;0.000000;0.000000;102.000000;-0.000000;-1.705837;-1.660850;0.866939;0.751583;1.913495;0.244553;0.077237;-0.711939;1.364675;0.078431;0.078431;0.000000;335.144119;0.574572;10.115874;9.977600;2.399187;5.756099;10.396490;0.584742;0.190584;-0.614421;3.573025;0.098039;0.098039;0.000000;10731.319419;0.171415;1.227666;1.179800;1.005437;1.010904;1.586842;0.259155;0.475072;-0.897908;1.539780;0.078431;0.078431;0.000000;205.288454;1.075681;-2.695694;2.625500;44.834854;2010.164137;44.915820;6.399931;-0.413434;-0.831360;73.073750;0.049020;0.049020;1.003922;103263.587474;1.213926;5.139902;-1.179940;60.611207;3673.718447;60.828752;11.511420;0.570914;0.207718;82.615750;0.088235;0.088235;1.003922;190126.600191;2.226288;0.000000;0.000000;0.145725;0.627755;0.289111;0.192413;0.000000;-0.052634;-0.311787;0.000000;0.000000;-0.401414;-0.031249;0.217344;0.221144;10.356508;5.491206;12.834555;5.831562;0.740553;0.000000;10.406436;1.005859;1.115032;112.748460;5720.086015
1.000000;1.000000;0.000000;0.000000;1.000000;0.000000;0.000000;0.000000;0.000000;0.000000;0.000000;0.000000;102.000000;-0.000000;-1.881380;-1.880900;1.071976;1.149133;2.165346;0.300873;-0.076472;-0.268853;1.570925;0.058824;0.058824;0.000000;419.645071;0.738441;9.856177;9.715000;2.295892;5.271119;10.120047;0.534382;0.327963;-0.128379;2.934850;0.088235;0.088235;0.000000;10177.543275;0.164279;1.011239;0.787615;1.005128;1.010282;1.425793;0.215995;0.559931;-0.470033;1.512223;0.068627;0.068627;0.000000;155.833768;1.332596;-14.507547;-16.085500;38.548678;1486.000594;41.188221;5.527830;0.097687;0.120777;30.448650;0.088235;0.088235;1.505882;97259.055553;1.635844;68.536302;94.636000;80.256137;6441.047484;105.538013;12.974545;-0.218668;-1.453773;147.537875;0.049020;0.049020;0.000000;807640.611134;1.338026;0.000000;0.000000;0.079637;0.385895;-0.298873;-0.044465;0.000000;-0.062042;-0.212218;0.000000;0.000000;0.180455;-0.312319;0.295677;0.447434;10.156503;4.949529;12.757776;5.332699;1.151120;0.000000;10.388388;1.005859;1.248058;108.104078;12836.774615
1.000000;1.000000;0.000000;0.000000;1.000000;0.000000;0.000000;0.000000;0.000000;0.000000;0.000000;0.000000;102.000000;-0.000000;-2.134167;-2.190050;1.011546;1.023226;2.361756;0.264025;0.276591;0.290353;1.194425;0.127451;0.127451;0.000000;516.760606;0.579281;9.388603;9.204350;2.589436;6.705180;9.739150;0.502077;1.187262;1.679099;2.100700;0.098039;0.098039;0.000000;9332.844179;0.222624;1.157997;1.255150;0.964402;0.930071;1.506993;0.196511;-0.184796;-0.756145;1.450920;0.078431;0.078431;0.000000;184.211450;1.024516;-17.569976;-16.193500;17.713500;313.768070;24.949392;3.334875;-0.478402;0.340137;14.437175;0.098039;0.098039;0.000000;47491.749111;1.315863;84.978676;107.525000;67.463427;4551.313975;108.502024;11.797396;-0.595303;-0.810369;104.238250;0.068627;0.068627;0.000000;968740.505564;0.923553;0.000000;0.000000;0.003286;0.433688;-0.471169;-0.067992;0.000000;-0.307585;0.097696;0.000000;0.000000;0.279272;-0.135173;-0.414351;-0.174029;9.751156;6.343900;12.542988;6.771581;1.033344;0.000000;9.580629;1.005859;1.098362;101.428937;12397.432451
1.000000;1.000000;0.000000;0.000000;1.000000;0.000000;0.000000;0.000000;0.000000;0.000000;0.000000;0.000000;102.000000;-0.000000;-1.963091;-2.110450;1.506911;2.270782;2.474774;0.439553;0.955609;3.243470;1.236950;0.107843;0.107843;0.000000;508.892396;1.114040;9.956848;8.441400;4.419417;19.531243;10.893579;0.935782;1.127673;0.245003;5.741800;0.068627;0.068627;0.000000;11108.264487;0.460561;1.623841;1.504750;1.445106;2.088331;2.173750;0.334475;0.347523;-0.464219;2.033823;0.078431;0.078431;0.000000;375.465975;1.116153;-10.789101;-18.265500;47.916449;2295.986091;49.116095;7.888646;1.717013;3.111215;52.946425;0.068627;0.068627;1.003922;128968.570680;1.807609;21.518557;27.818000;91.310400;8337.589185;93.811713;19.230851;-1.588995;3.204500;110.193750;0.078431;0.078431;2.509804;472449.521335;2.041335;0.000000;0.000000;-0.375642;0.532496;-0.282182;-0.684701;0.000000;0.087583;-0.270577;0.000000;0.000000;0.177723;-0.142579;-0.307098;0.178165;10.308992;19.519267;13.182968;20.083404;1.934482;0.000000;9.770459;1.005859;1.655680;125.794574;11217.753459
1.000000;1.000000;0.000000;0.000000;1.000000;0.000000;0.000000;0.000000;0.000000;0.000000;0.000000;0.000000;102.000000;-0.000000;-2.257871;-2.084600;2.235140;4.995851;3.177080;0.743229;0.147391;-0.184952;3.240830;0.127451;0.127451;0.000000;774.788864;1.398072;9.972426;8.796600;5.109087;26.102769;11.205001;1.137237;0.754790;-0.193730;6.514725;0.078431;0.078431;0.000000;11475.081772;0.533014;1.514889;1.881450;1.940557;3.765763;2.461839;0.413092;-0.546084;0.403283;2.788866;0.058824;0.058824;0.000000;426.174498;1.455925;-1.420091;-15.378000;64.095778;4108.268808;64.111508;11.241192;0.775887;-0.013704;79.775750;0.078431;0.078431;1.003922;209729.230223;1.281192;-47.932202;-22.425500;122.600662;15030.922373;131.637450;31.532297;-0.776675;-0.323516;136.081250;0.107843;0.107843;0.000000;1000922.690757;2.107637;0.000000;0.000000;-0.474006;0.545561;-0.148055;-0.538122;0.000000;-0.119460;-0.361732;0.000000;0.000000;0.177435;0.056985;-0.135534;0.396285;10.485863;26.692563;13.628228;27.681353;3.725173;0.000000;10.048008;1.005859;1.736020;136.645893;21444.764477
1.000000;1.000000;0.000000;0.000000;1.000000;0.000000;0.000000;0.000000;0.000000;0.000000;0.000000;0.000000;102.000000;-0.000000;-2.507429;-2.171800;1.922766;3.697029;3.159783;0.538125;-0.171809;-0.506134;2.667625;0.098039;0.098039;0.000000;829.849901;1.015529;9.849088;9.951500;3.629927;13.176371;10.496709;0.641155;0.429564;1.948113;2.156700;0.088235;0.088235;0.000000;10566.469261;0.357980;0.533222;1.335550;2.492723;6.213668;2.549116;0.329444;-1.055923;0.279761;2.900882;0.029412;0.029412;0.501961;345.932125;1.407795;10.593549;7.923250;48.838643;2385.213041;49.974357;7.967311;-0.022633;1.172199;47.939625;0.068627;0.068627;1.505882;133094.797876;1.928607;-87.493737;-61.468000;95.698490;9158.200908;129.666322;24.131764;-0.644188;-0.143381;136.266500;0.078431;0.078431;0.000000;1247919.250040;1.409881;0.000000;0.000000;-0.441218;0.382889;0.246648;-0.278316;0.000000;-0.249524;-0.456028;0.000000;0.000000;0.287361;0.231041;-0.082618;0.486678;10.372514;13.576086;13.491418;14.228424;2.812040;0.000000;9.909627;1.005859;0.733471;121.165140;19317.289263
1.000000;1.000000;0.000000;0.000000;1.000000;0.000000;0.000000;0.000000;0.000000;0.000000;0.000000;0.000000;102.000000;-0.000000;-2.025795;-2.011300;1.163923;1.354718;2.336356;0.271903;-0.412035;-0.279300;1.516700;0.117647;0.117647;0.000000;487.693960;0.633418;10.453497;10.435000;1.274401;1.624098;10.530893;0.390989;0.308673;-0.007099;1.811800;0.137255;0.137255;0.000000;11228.940262;0.059607;0.332638;0.617385;2.135619;4.560867;2.161369;0.255173;-1.336374;1.358549;2.433270;0.049020;0.049020;0.501961;243.927069;2.195259;6.863216;10.322150;40.807831;1665.279065;41.380947;5.497152;-0.409774;-0.503618;51.749125;0.049020;0.049020;1.003922;89750.444190;1.767403;-49.200576;-32.959000;66.535844;4427.018544;82.750923;11.182477;-0.416912;0.131989;66.085000;0.068627;0.068627;0.000000;472736.954356;1.664906;0.000000;0.000000;-0.033392;0.336779;0.747876;0.166207;0.000000;0.059496;-0.145625;0.000000;0.000000;0.568817;0.624609;0.078479;-0.016258;10.758868;1.605011;13.481133;1.649084;1.359225;0.000000;10.779510;1.005859;-0.325463;117.358260;8564.769574
1.000000;1.000000;0.000000;0.000000;1.000000;0.000000;0.000000;0.000000;0.000000;0.000000;0.000000;0.000000;102.000000;-0.000000;-1.903040;-1.761650;0.975751;0.952091;2.138610;0.228131;-0.198819;-0.773292;1.433775;0.058824;0.058824;0.000000;417.974558;0.521476;10.727098;10.777000;2.338941;5.470643;10.979129;0.547545;-0.004154;-0.760370;3.371775;0.088235;0.088235;0.000000;12016.216956;0.156244;1.025696;0.459355;1.288784;1.660965;1.647124;0.273143;0.391091;-1.191394;2.270117;0.039216;0.039216;0.000000;192.021071;1.395590;-6.032392;2.571565;52.391382;2744.856885;52.737526;6.507802;-0.193126;-1.132409;85.499750;0.039216;0.039216;1.003922;143701.554238;0.760298;-6.079234;-14.633000;48.750917;2376.651862;49.128494;10.219844;0.673176;0.782030;32.682500;0.088235;0.088235;1.003922;124993.556753;2.023128;0.000000;0.000000;-0.032699;0.626445;0.218002;0.543474;0.000000;-0.036855;0.000145;0.000000;0.000000;-0.563909;0.028790;0.226939;0.099602;10.992542;5.278954;13.631979;5.526052;0.960273;0.000000;10.963985;1.005859;1.123470;126.114927;5197.568611
1.000000;1.000000;0.000000;0.000000;1.000000;0.000000;0.000000;0.000000;0.000000;0.000000;0.000000;0.000000;102.000000;-0.000000;-2.002828;-1.831400;0.861015;0.741347;2.180061;0.226606;-0.360289;-0.458652;1.028100;0.098039;0.098039;0.000000;446.968013;0.490993;10.086845;9.728700;2.437561;5.941702;10.377194;0.474948;0.461182;-0.706671;3.399675;0.078431;0.078431;0.000000;10680.960566;0.165208;1.235855;1.275800;1.182118;1.397402;1.710187;0.236525;0.178024;-1.026086;2.141598;0.088235;0.088235;0.000000;227.060282;1.207032;-11.314893;-7.505500;49.787489;2478.794061;51.057035;6.469634;-0.086354;-0.961938;75.398500;0.049020;0.049020;1.505882;139500.165621;1.740387;54.537325;32.472500;82.594644;6821.875184;98.975729;13.577663;0.558314;-1.002454;127.424000;0.078431;0.078431;0.000000;651300.877466;1.583834;0.000000;0.000000;0.000182;0.614651;-0.226424;-0.262974;0.000000;-0.243824;-0.297598;0.000000;0.000000;-0.588904;-0.138070;0.220138;0.214472;10.380282;5.688558;13.089673;6.000531;0.748687;0.000000;10.580367;1.005859;1.360468;113.438813;12405.940542
1.000000;1.000000;0.000000;0.000000;1.000000;0.000000;0.000000;0.000000;0.000000;0.000000;0.000000;0.000000;102.000000;-0.000000;-2.504529;-2.471650;0.877952;0.770799;2.653952;0.241622;-0.313358;0.391800;1.101625;0.098039;0.098039;0.000000;679.122514;0.336244;9.514008;9.205500;2.653650;7.041861;9.877156;0.498206;2.977573;11.996211;1.787450;0.098039;0.098039;0.000000;9591.967072;0.252992;1.267388;1.306600;1.440196;2.074164;1.918446;0.299840;0.119396;-0.895538;2.378938;0.107843;0.107843;0.000000;269.627317;1.408354;-13.887709;-15.419500;40.376013;1630.222458;42.697669;5.618089;0.154180;-0.493076;60.661000;0.049020;0.049020;0.501961;102839.377892;2.307181;90.338246;101.985000;78.344461;6137.854538;119.577812;14.386123;-0.220734;-1.137217;143.942500;0.058824;0.058824;0.000000;1145463.968550;1.072282;0.000000;0.000000;-0.241524;0.705092;-0.518742;-0.539512;0.000000;-0.141910;-0.350630;0.000000;0.000000;-0.145121;0.201408;-0.368818;-0.115746;9.936886;6.859973;13.018537;7.162168;0.727845;0.000000;9.608016;1.005859;1.237933;105.601669;16125.624593
1.000000;1.000000;0.000000;0.000000;1.000000;0.000000;0.000000;0.000000;0.000000;0.000000;0.000000;0.000000;102.000000;-0.000000;-2.523891;-2.713450;1.559834;2.433081;2.967003;0.536071;0.321438;-0.390659;1.974275;0.137255;0.137255;0.000000;773.886512;0.846233;9.942764;9.040100;4.812710;23.162180;11.046299;1.017446;1.141898;0.860220;3.989775;0.068627;0.068627;0.000000;11264.916613;0.548151;1.378881;1.145200;2.079566;4.324593;2.495177;0.529965;-0.146499;-0.429733;3.493567;0.098039;0.098039;0.000000;414.504119;1.642508;-4.167945;-17.483000;63.035477;3973.471310;63.173120;10.134277;1.093421;2.502887;51.612000;0.039216;0.039216;1.003922;204441.798232;1.580850;30.892596;34.659000;100.078936;10015.793498;104.738465;24.145986;-0.644894;0.051093;141.780750;0.078431;0.078431;0.501961;608149.967349;2.106358;0.000000;0.000000;-0.212836;0.601874;-0.309378;-0.451253;0.000000;-0.208326;-0.133060;0.000000;0.000000;-0.188349;-0.092701;-0.406043;0.013042;10.461685;22.376993;13.534847;23.515151;2.333528;0.000000;9.935745;1.005859;1.021938;131.823837;14967.214973
1.000000;1.000000;0.000000;0.000000;1.000000;0.000000;0.000000;0.000000;0.000000;0.000000;0.000000;0.000000;102.000000;-0.000000;-2.073487;-1.595000;1.878676;3.529422;2.797994;0.769460;-0.291209;-1.078349;3.360502;0.147059;0.147059;0.000000;618.602045;1.209279;10.282450;9.914050;5.252479;27.588532;11.546312;1.246630;0.393607;-0.641079;8.587300;0.088235;0.088235;0.000000;12191.553534;0.519760;1.519344;1.024675;2.122651;4.505649;2.610375;0.587594;-0.038676;-0.275214;3.299728;0.078431;0.078431;0.000000;465.250254;1.616218;9.889227;-15.227000;84.417289;7126.278654;84.994561;14.104337;0.386106;-0.059751;83.891500;0.039216;0.039216;1.003922;373415.803943;1.153016;-50.403876;-47.319000;119.902477;14376.604037;130.065963;35.358653;-0.302219;-0.188157;133.498000;0.137255;0.137255;3.011765;992345.941836;1.922976;0.000000;0.000000;-0.271620;0.639751;-0.268787;-0.502675;0.000000;-0.336978;-0.009952;0.000000;0.000000;-0.311118;-0.008271;-0.172412;0.129695;10.727000;27.077556;13.471340;28.159580;3.266473;0.000000;10.228931;1.005859;1.364891;142.146082;24148.044330
1.000000;1.000000;0.000000;0.000000;1.000000;0.000000;0.000000;0.000000;0.000000;0.000000;0.000000;0.000000;102.000000;-0.000000;-2.047922;-2.501650;1.887992;3.564515;2.785408;0.507307;0.156520;-0.960370;2.948590;0.078431;0.078431;0.000000;609.584533;1.323523;10.164610;10.087500;3.381234;11.432745;10.712238;0.756652;-0.033335;0.606091;2.968025;0.088235;0.088235;0.000000;11121.758210;0.307056;0.761025;0.689395;2.392734;5.725177;2.510844;0.473172;-0.168437;-0.419341;3.305550;0.068627;0.068627;1.003922;351.058420;1.634729;6.550601;9.822050;70.571045;4980.272333;70.874415;9.765822;0.174595;0.465863;75.411250;0.029412;0.029412;1.003922;258438.349080;1.677631;-78.818621;-56.932500;105.923245;11219.733764;132.030711;27.861436;-0.185781;0.196305;136.683250;0.098039;0.098039;0.000000;1205917.611577;1.733004;0.000000;0.000000;-0.255498;0.661709;-0.243595;-0.445111;0.000000;-0.039030;-0.058111;0.000000;0.000000;0.350450;-0.046715;0.067353;0.179635;10.582709;11.516802;13.497694;11.873858;3.271890;0.000000;10.462323;1.005859;0.664533;123.510537;22461.595788
1.000000;1.000000;0.000000;0.000000;1.000000;0.000000;0.000000;0.000000;0.000000;0.000000;0.000000;0.000000;102.000000;-0.000000;-2.045650;-2.295400;1.774124;3.147516;2.707804;0.340000;0.119962;-0.524410;2.600858;0.049020;0.049020;0.000000;587.361566;0.978243;10.508953;10.465000;1.501972;2.255921;10.615744;0.461380;0.720933;1.627752;1.641000;0.117647;0.117647;0.000000;11379.738635;0.078968;0.477668;0.490300;2.044980;4.181942;2.100026;0.390295;-0.518227;0.018808;2.449425;0.068627;0.068627;0.501961;236.589897;1.996660;1.360478;7.971300;51.106056;2611.828911;51.124161;6.588554;-0.149612;-1.072941;80.705750;0.029412;0.029412;1.505882;133421.307838;2.011397;-48.432696;-31.838500;73.707854;5432.847693;88.196223;17.404465;-0.572994;-0.363114;104.785800;0.078431;0.078431;0.000000;516370.612559;1.734379;0.000000;0.000000;-0.322752;0.697379;0.066874;0.023177;0.000000;0.246015;-0.181859;0.000000;0.000000;0.549541;0.010096;0.059366;0.237817;10.886563;2.508951;13.794715;3.706765;1.750171;0.000000;10.752503;1.005859;-0.019437;121.026214;10396.663684
1.000000;1.000000;0.000000;0.000000;1.000000;0.000000;0.000000;0.000000;0.000000;0.000000;0.000000;0.000000;102.000000;-0.000000;-2.110301;-1.876000;1.392015;1.937705;2.528057;0.361474;-0.669345;-0.053285;2.186272;0.088235;0.088235;0.000000;553.088334;0.739664;10.773466;10.714500;1.896175;3.595480;10.939060;0.493921;0.296233;-0.195370;2.415350;0.107843;0.107843;0.000000;12022.274863;0.112597;0.991609;0.508960;1.082708;1.172257;1.468178;0.290124;0.501444;-0.714415;1.785778;0.039216;0.039216;0.000000;160.080584;1.354128;-2.589549;6.844750;53.375339;2848.926823;53.438119;7.220851;-0.226728;-1.160992;88.595250;0.039216;0.039216;1.003922;145980.607077;0.798939;-7.186977;-8.776700;64.377649;4144.481634;64.777575;14.844901;0.095082;-0.443381;92.446250;0.078431;0.078431;1.003922;216644.922735;1.896223;0.000000;0.000000;-0.304617;0.716311;0.177833;0.359017;0.000000;-0.231912;-0.094758;0.000000;0.000000;-0.557345;0.105631;0.209602;0.137345;11.098241;3.883154;13.885927;3.960204;1.627765;0.000000;11.278587;1.005859;1.072425;127.054117;7053.922412
1.000000;1.000000;0.000000;0.000000;1.000000;0.000000;0.000000;0.000000;0.000000;0.000000;0.000000;0.000000;102.000000;-0.000000;-2.170825;-2.115900;0.990249;0.980592;2.386016;0.276600;-0.188284;-0.481521;1.453425;0.117647;0.117647;0.000000;530.703092;0.523472;10.062198;9.944750;2.056247;4.228150;10.270150;0.473212;0.270832;-0.811867;3.163875;0.078431;0.078431;0.000000;10542.918346;0.129200;0.936028;0.653255;0.985861;0.971922;1.359438;0.233425;0.547866;-0.710100;1.588872;0.068627;0.068627;0.000000;138.940588;1.375904;-11.254342;-9.964100;44.114701;1946.106816;45.527651;6.788030;-0.320642;-0.892279;74.103500;0.049020;0.049020;1.505882;112190.315608;1.665154;70.465578;64.788500;85.967587;7390.426085;111.156753;13.392733;-0.130344;-0.545498;111.381500;0.058824;0.058824;0.000000;883382.731593;1.289665;0.000000;0.000000;-0.032616;0.724370;-0.379163;-0.086766;0.000000;-0.282804;-0.411563;0.000000;0.000000;-0.444684;-0.152761;0.469269;0.310067;10.397981;4.051047;13.233023;4.271384;0.988930;0.000000;10.583305;1.005859;1.164620;112.169051;14430.438937
1.000000;1.000000;0.000000;0.000000;1.000000;0.000000;0.000000;0.000000;0.000000;0.000000;0.000000;0.000000;102.000000;-0.000000;-2.303040;-2.351750;0.716020;0.512685;2.411780;0.236116;0.693682;0.649800;0.867000;0.156863;0.156863;0.000000;567.161632;0.287003;9.838318;9.339300;2.711030;7.349685;10.205008;0.600272;1.640533;2.989367;2.458700;0.107843;0.107843;0.000000;10247.702599;0.239853;1.036168;0.848290;1.491799;2.225465;1.816345;0.241618;0.330143;-0.775031;2.385342;0.068627;0.068627;0.000000;223.014016;1.602907;-15.268020;-18.031000;40.598947;1648.274487;43.374957;5.826525;-0.109122;-1.101250;76.762750;0.049020;0.049020;1.003922;107853.961058;2.100741;95.896643;89.931500;73.687556;5429.855980;120.938092;13.050986;-0.085252;-0.856535;113.701750;0.058824;0.058824;0.000000;1214932.987590;0.929358;0.000000;0.000000;0.507778;0.781768;-0.752068;-0.557306;0.000000;-0.156352;-0.226794;0.000000;0.000000;-0.033159;-0.205963;-0.212012;-0.215999;10.211426;6.685637;13.141358;7.563098;0.377117;0.000000;9.852027;1.005859;0.861221;110.958859;16510.708171
1.000000;1.000000;0.000000;0.000000;1.000000;0.000000;0.000000;0.000000;0.000000;0.000000;0.000000;0.000000;102.000000;-0.000000;-2.184576;-2.241600;1.512671;2.288174;2.657169;0.513663;0.258808;1.039742;1.501200;0.147059;0.147059;0.000000;603.525407;0.970239;10.191397;8.784850;4.983027;24.830556;11.344388;1.043716;0.929274;-0.051537;5.286775;0.078431;0.078431;0.000000;11860.545418;0.507570;1.473772;1.141150;2.003997;4.016005;2.487571;0.378586;-0.033647;-0.961924;3.400770;0.039216;0.039216;0.000000;426.360690;1.286156;-9.908114;-18.096500;71.232675;5074.093978;71.918459;10.924188;0.778136;1.994363;76.649750;0.039216;0.039216;1.003922;268792.211142;1.403814;24.390396;30.245000;102.617662;10530.384489;105.476423;23.952323;-0.952147;1.637994;126.694500;0.098039;0.098039;2.509804;597746.327001;2.199895;0.000000;0.000000;-0.184180;0.613725;-0.377858;-0.585048;0.000000;-0.200242;-0.130006;0.000000;0.000000;-0.170368;-0.115638;-0.316944;-0.036680;10.607525;24.236083;13.517591;25.162423;2.224809;0.000000;9.872362;1.005859;1.292282;136.755679;16303.728614
1.000000;1.000000;0.000000;0.000000;1.000000;0.000000;0.000000;0.000000;0.000000;0.000000;0.000000;0.000000;102.000000;-0.000000;-2.329309;-1.916250;1.902497;3.619496;3.007520;0.711172;-0.068484;-0.544236;3.214860;0.137255;0.137255;0.000000;738.153901;1.080470;9.948717;9.180500;5.426308;29.444824;11.332334;1.155539;0.652049;-0.551944;8.792700;0.068627;0.068627;0.000000;11597.355125;0.563573;1.374396;0.844175;2.158310;4.658304;2.558763;0.452936;-0.125814;-0.779721;3.147728;0.039216;0.039216;0.000000;430.278400;1.488005;8.134401;-15.661000;89.483722;8007.336564;89.852685;14.585772;0.423655;-0.163099;94.595000;0.039216;0.039216;1.003922;415125.328937;0.960022;-47.634462;-35.966500;108.573646;11788.236538;118.563394;29.705711;-0.465229;0.008201;108.195750;0.107843;0.107843;3.011765;832650.137907;1.892317;0.000000;0.000000;-0.334986;0.657666;-0.222337;-0.535192;0.000000;-0.159432;-0.270122;0.000000;0.000000;-0.083335;-0.037223;-0.035317;0.285267;10.451704;29.228847;13.419643;30.195932;3.195757;0.000000;9.717365;1.005859;1.487260;138.466964;22137.330798
1.000000;1.000000;0.000000;0.000000;1.000000;0.000000;0.000000;0.000000;0.000000;0.000000;0.000000;0.000000;102.000000;-0.000000;-2.425375;-1.915800;1.729174;2.990043;2.978672;0.432568;-0.356348;-1.063968;3.139513;0.068627;0.068627;0.000000;752.515108;0.958305;9.929195;10.284000;3.336359;11.131292;10.474741;0.639888;0.101247;0.922995;3.205625;0.058824;0.058824;0.000000;10623.765633;0.313240;0.801742;1.170250;2.401584;5.767606;2.531876;0.364565;-0.346955;-1.064119;4.190125;0.049020;0.049020;1.003922;359.732016;1.635622;14.299375;27.181500;74.788309;5593.291194;76.143045;9.323000;0.255264;-0.558135;117.318500;0.029412;0.029412;1.003922;306127.120076;1.629882;-79.987981;-65.683500;84.868461;7202.655603;116.622179;20.956475;-0.446402;-0.406693;118.692500;0.098039;0.098039;0.000000;1019961.440302;1.409590;0.000000;0.000000;-0.260030;0.810622;0.052621;-0.194528;0.000000;0.259565;-0.350976;0.000000;0.000000;0.446177;0.138623;0.042198;0.353665;10.412064;11.181617;13.364436;11.511781;2.749370;0.000000;9.997249;1.005859;0.619491;119.592696;19404.906386
1.000000;1.000000;0.000000;0.000000;1.000000;0.000000;0.000000;0.000000;0.000000;0.000000;0.000000;0.000000;102.000000;-0.000000;-1.999186;-1.854450;1.355598;1.837645;2.415448;0.228364;-0.707586;-0.096158;1.682550;0.107843;0.107843;0.000000;501.433079;0.831058;10.388284;10.362000;1.562883;2.442602;10.505192;0.440061;0.675721;1.397770;1.982275;0.156863;0.156863;0.000000;11132.052247;0.083154;0.769924;1.023450;1.995774;3.983113;2.139134;0.277245;-0.639383;-0.351535;2.684267;0.049020;0.049020;0.501961;263.634998;1.896929;3.632729;9.006100;48.475908;2349.913620;48.611833;5.148396;0.122649;-1.204428;84.734500;0.029412;0.029412;1.003922;121211.335828;1.519981;-52.371092;-37.132500;67.597341;4569.400511;85.511004;11.829149;-0.860676;-0.001327;90.287480;0.049020;0.049020;0.000000;512832.063823;1.535991;0.000000;0.000000;-0.271499;0.836582;0.532818;0.218486;0.000000;0.658503;0.092077;0.000000;0.000000;0.708495;0.507140;-0.207281;-0.228554;10.701775;2.665464;13.397335;2.817639;1.504986;0.000000;10.753255;1.005859;0.331918;117.193441;9679.818041
1.000000;1.000000;0.000000;0.000000;1.000000;0.000000;0.000000;0.000000;0.000000;0.000000;0.000000;0.000000;102.000000;-0.000000;-1.902278;-1.804650;0.883512;0.780594;2.097440;0.188278;-0.338180;-0.710211;1.436975;0.098039;0.098039;0.000000;408.913817;0.453358;10.415332;10.163500;1.867539;3.487703;10.581439;0.526735;0.592883;-0.198987;2.536125;0.107843;0.107843;0.000000;11242.748179;0.117337;1.093008;1.004250;1.059118;1.121731;1.521971;0.248132;0.354638;-1.078604;1.887131;0.068627;0.068627;0.000000;179.067701;1.220000;-5.031684;6.212750;39.082092;1527.409932;39.404667;4.755871;-0.379841;-1.186721;73.287750;0.039216;0.039216;1.003922;80480.326332;1.154408;-6.058462;-5.404900;51.286043;2630.258191;51.642649;9.239914;0.399022;0.921462;56.933250;0.058824;0.058824;1.003922;137893.400456;1.709449;0.000000;0.000000;-0.101070;0.706640;0.375061;0.593630;0.000000;-0.133078;-0.143345;0.000000;0.000000;-0.361411;-0.043979;0.203311;0.184162;10.673334;3.446045;13.317610;3.532571;0.777987;0.000000;10.707659;1.005859;1.223806;117.366107;4222.007329
1.000000;1.000000;0.000000;0.000000;1.000000;0.000000;0.000000;0.000000;0.000000;0.000000;0.000000;0.000000;102.000000;-0.000000;-2.014026;-2.076250;0.830820;0.690262;2.178661;0.221864;0.249110;-0.653043;1.333725;0.078431;0.078431;0.000000;448.946216;0.438872;9.836897;9.798000;1.747126;3.052449;9.990845;0.436850;0.400093;-0.616058;2.581850;0.088235;0.088235;0.000000;10025.663469;0.105978;1.288783;1.264750;0.955419;0.912826;1.604303;0.232792;0.161087;-0.617834;1.307713;0.088235;0.088235;0.000000;215.972325;0.916761;-5.158168;-2.379400;38.494558;1481.830991;38.838611;5.555356;-0.252229;-1.141693;69.065750;0.049020;0.049020;1.505882;78295.897148;1.642806;56.856236;54.236500;65.766261;4325.201143;86.935797;10.013244;0.135405;-0.885639;90.004450;0.058824;0.058824;0.000000;550314.634778;1.191148;0.000000;0.000000;0.131180;0.724773;-0.029577;0.099650;0.000000;-0.127907;-0.521291;0.000000;0.000000;-0.215739;-0.270710;0.361265;0.270979;10.135096;2.843387;12.853775;3.098073;0.681695;0.000000;10.208615;1.005859;1.368768;105.563556;9068.844221
1.000000;1.000000;0.000000;0.000000;1.000000;0.000000;0.000000;0.000000;0.000000;0.000000;0.000000;0.000000;102.000000;-0.000000;-2.182446;-2.280400;0.689931;0.476004;2.288903;0.207443;0.896231;1.101320;0.928825;0.088235;0.088235;0.000000;510.111014;0.301302;9.141133;9.083400;1.577601;2.488826;9.276268;0.408129;0.632347;1.193066;2.276500;0.078431;0.078431;0.000000;8650.090960;0.112001;1.451813;1.386750;1.143332;1.307207;1.847963;0.214177;0.186082;-0.712275;1.473155;0.049020;0.049020;0.000000;281.660089;0.903430;-10.541692;-9.291550;31.629283;1000.411520;33.339748;4.546691;0.044556;-0.628366;47.411500;0.088235;0.088235;0.501961;62360.153670;1.893357;90.395516;90.901500;53.966560;2912.389558;105.279337;9.345851;-0.040609;-1.031702;94.126250;0.098039;0.098039;0.000000;982016.948001;0.693017;0.000000;0.000000;0.079827;0.782279;-0.729935;-0.701581;0.000000;0.102528;-0.219403;0.000000;0.000000;0.059227;-0.050895;-0.225398;0.077254;9.486255;2.299188;12.326431;2.517248;0.476937;0.000000;9.537465;1.005859;1.338634;92.288221;12198.692570
1.000000;1.000000;0.000000;0.000000;1.000000;0.000000;0.000000;0.000000;0.000000;0.000000;0.000000;0.000000;102.000000;-0.000000;-2.197469;-2.217400;1.525237;2.326348;2.674923;0.408990;0.405627;2.999557;1.062900;0.156863;0.156863;0.000000;611.203911;0.925512;9.200542;8.592800;3.638334;13.237472;9.893809;0.744002;1.126719;0.631940;3.286675;0.078431;0.078431;0.000000;9309.424454;0.376121;1.605277;1.336950;1.558292;2.428275;2.237228;0.344799;0.448664;-0.829345;2.757080;0.049020;0.049020;0.000000;386.689734;1.149128;-6.574141;-11.413500;47.661784;2271.645687;48.113044;7.376525;1.849900;4.374361;39.663925;0.078431;0.078431;1.003922;120262.979625;1.841624;26.963074;45.870500;106.582422;11359.812784;109.940075;20.847505;-1.370053;2.257598;119.358750;0.068627;0.068627;0.501961;653606.829495;2.293743;0.000000;0.000000;-0.304369;0.535703;-0.392053;-0.711369;0.000000;-0.375124;-0.123610;0.000000;0.000000;-0.282583;0.076354;-0.260740;0.369525;9.634813;13.213036;12.596253;13.626548;2.091369;0.000000;9.636317;1.005859;1.205167;106.042664;14406.690329
1.000000;1.000000;0.000000;0.000000;1.000000;0.000000;0.000000;0.000000;0.000000;0.000000;0.000000;0.000000;102.000000;-0.000000;-2.167131;-1.942100;1.655441;2.740485;2.727076;0.592259;0.160177;1.590262;1.575925;0.147059;0.147059;0.000000;618.807017;1.090071;9.996459;8.071700;5.051392;25.516560;11.200257;1.069689;0.658233;-0.870632;8.525225;0.068627;0.068627;0.000000;11494.185671;0.532749;1.441573;1.409150;1.712645;2.933152;2.238590;0.451880;0.063763;-0.456971;2.374740;0.107843;0.107843;0.000000;361.569874;1.464403;4.854378;-2.448000;59.266498;3512.517840;59.464971;9.898349;0.181497;1.010791;67.972500;0.029412;0.029412;1.003922;181548.582242;1.605579;-30.251559;-28.286500;90.927518;8267.813485;95.827816;24.969125;-1.019656;1.932952;103.857000;0.107843;0.107843;3.011765;515021.417241;2.008775;0.000000;0.000000;-0.260963;0.649693;-0.323962;-0.609079;0.000000;-0.219413;0.027071;0.000000;0.000000;-0.171861;0.035582;-0.251618;0.019040;10.434201;25.010134;13.361833;25.978453;2.558365;0.000000;10.431764;1.005859;1.236236;133.882693;12724.064406
1.000000;1.000000;0.000000;0.000000;1.000000;0.000000;0.000000;0.000000;0.000000;0.000000;0.000000;0.000000;102.000000;-0.000000;-2.177143;-2.000000;0.967777;0.936592;2.382550;0.365119;-0.464488;0.314036;1.394675;0.107843;0.107843;0.000000;531.260008;0.560024;9.839610;9.482650;4.197198;17.616471;10.697401;0.864861;0.858157;0.317654;4.664525;0.098039;0.098039;0.000000;10773.921681;0.421571;0.584918;0.885775;1.741563;3.033043;1.837164;0.351236;-0.303858;-0.924902;2.847120;0.068627;0.068627;1.003922;189.592216;1.731545;-3.515727;-6.843350;44.977456;2022.971519;45.114652;6.276588;-0.893010;1.478149;58.252750;0.049020;0.049020;0.501961;104436.262168;1.719653;-37.787624;-40.650500;57.603850;3318.203489;68.892002;13.267545;0.072706;-0.509379;69.562325;0.088235;0.088235;0.000000;314934.709326;1.903343;0.000000;0.000000;-0.301041;0.671084;0.040784;-0.402328;0.000000;0.107662;0.135355;0.000000;0.000000;0.246117;-0.029394;-0.240946;-0.305326;10.189492;17.285188;13.016753;17.880943;0.855814;0.000000;10.856474;1.005859;0.638809;121.110936;6784.815023
1.000000;1.000000;0.000000;0.000000;1.000000;0.000000;0.000000;0.000000;0.000000;0.000000;0.000000;0.000000;102.000000;-0.000000;-2.259440;-2.174150;1.234402;1.523747;2.574649;0.374700;-0.216291;-0.726261;1.624150;0.107843;0.107843;0.000000;598.436031;0.696689;9.878090;9.293250;4.003165;16.025331;10.658424;0.831965;0.914212;-0.012180;4.624700;0.098039;0.098039;0.000000;10770.117234;0.394702;0.683357;0.835135;1.593725;2.539960;1.734052;0.275066;-0.465966;-0.628302;2.244730;0.098039;0.098039;0.501961;177.172399;1.700565;-7.858459;-9.423150;30.843741;951.336375;31.829102;5.808089;0.729192;1.167600;31.320125;0.078431;0.078431;1.003922;54820.924485;2.099160;-30.521259;-28.366000;66.257544;4390.062115;72.949362;16.974222;0.177855;-0.688026;102.289750;0.107843;0.107843;0.000000;318932.005498;2.214738;0.000000;0.000000;-0.467621;0.473082;0.196971;-0.210116;0.000000;-0.072485;0.098297;0.000000;0.000000;0.030448;-0.013386;-0.288155;-0.057462;10.257322;16.018162;13.141815;16.546860;1.175971;0.000000;10.213371;1.005859;0.434039;121.230813;6337.708055
1.000000;1.000000;0.000000;0.000000;1.000000;0.000000;0.000000;0.000000;0.000000;0.000000;0.000000;0.000000;102.000000;-0.000000;-2.329685;-2.212150;1.621252;2.628458;2.838290;0.555591;0.230757;-0.302811;2.305475;0.127451;0.127451;0.000000;687.652370;0.951099;10.571415;9.694450;3.892068;15.148197;11.265123;0.732127;0.631865;-0.522682;5.893175;0.058824;0.058824;0.000000;12171.629685;0.326741;1.507213;1.810800;1.185120;1.404510;1.917342;0.320198;-0.372181;-0.646555;1.825690;0.058824;0.058824;0.000000;303.342732;1.075098;4.853354;-1.456000;45.574895;2077.071070;45.832588;9.044264;0.772379;0.571965;56.979000;0.068627;0.068627;1.003922;108345.465826;1.986373;-2.619564;-11.246500;85.127267;7246.651653;85.167563;22.972931;0.308989;-0.382489;127.047750;0.088235;0.088235;2.509804;370288.916051;2.189198;0.000000;0.000000;-0.383715;0.420431;-0.091224;-0.387908;0.000000;-0.234061;-0.094113;0.000000;0.000000;-0.278050;0.023502;-0.342266;0.198362;10.987073;15.243124;14.024514;15.754597;2.198065;0.000000;11.059378;1.005859;1.481705;135.958898;9357.816091
1.000000;1.000000;0.000000;0.000000;1.000000;0.000000;0.000000;0.000000;0.000000;0.000000;0.000000;0.000000;102.000000;-0.000000;-2.031723;-1.887200;1.454054;2.114273;2.498434;0.471574;0.121083;0.424987;1.797050;0.117647;0.117647;0.000000;528.874652;1.002167;10.115446;9.648500;2.235380;4.996925;10.359497;0.528215;0.380762;-1.076634;3.809775;0.088235;0.088235;0.000000;10691.786336;0.152545;1.582946;1.551100;1.093657;1.196085;1.924007;0.344937;-0.163380;-0.494985;1.710795;0.088235;0.088235;0.000000;316.585235;0.984548;5.387539;11.865500;53.296340;2840.499882;53.567952;8.924350;0.166296;-0.232081;68.183000;0.058824;0.058824;1.505882;147826.188790;1.686035;15.486309;15.688000;77.357049;5984.113028;78.891944;19.828050;0.188482;0.149672;84.818250;0.088235;0.088235;3.011765;329654.439832;2.334420;0.000000;0.000000;-0.264509;0.259752;0.002170;-0.265307;0.000000;-0.339854;-0.534732;0.000000;0.000000;-0.426788;0.057403;-0.063812;0.553122;10.457286;5.206523;13.287813;5.285691;1.895916;0.000000;10.554912;1.005859;1.489153;114.561345;9097.166058
1.000000;1.000000;0.000000;0.000000;1.000000;0.000000;0.000000;0.000000;0.000000;0.000000;0.000000;0.000000;102.000000;-0.000000;-2.055234;-1.887200;1.280763;1.640353;2.421640;0.285052;-0.307846;-0.748404;1.986517;0.078431;0.078431;0.000000;514.505664;0.744711;10.272770;9.887950;2.025399;4.102241;10.470532;0.507429;0.227087;-1.295711;3.692500;0.088235;0.088235;0.000000;10973.269268;0.131040;0.734026;0.595235;1.341737;1.800258;1.529396;0.263054;0.109806;-0.508748;1.513693;0.088235;0.088235;0.501961;146.770336;1.640774;-27.892610;-38.222000;54.981275;3022.940564;61.651750;5.966535;0.370504;-1.088451;98.902500;0.029412;0.029412;0.000000;233536.406207;1.668621;54.352543;42.320000;65.875623;4339.597757;85.403727;13.922347;0.309836;-0.294616;84.789950;0.088235;0.088235;0.000000;522700.483820;1.668476;0.000000;0.000000;-0.217838;0.342393;-0.585431;-0.091970;0.000000;-0.343768;0.111450;0.000000;0.000000;0.174957;-0.480856;-0.216414;-0.037774;10.596492;4.210736;13.349519;4.267590;1.531862;0.000000;10.238294;1.005859;1.128585;116.496377;11097.073974
1.000000;1.000000;0.000000;0.000000;1.000000;0.000000;0.000000;0.000000;0.000000;0.000000;0.000000;0.000000;102.000000;-0.000000;-2.191003;-2.203150;1.125277;1.266248;2.463076;0.182997;-0.407829;-0.618360;1.634350;0.058824;0.058824;0.000000;554.229459;0.550944;10.290373;10.109000;1.992488;3.970009;10.481497;0.441065;0.071527;-1.159587;3.496375;0.078431;0.078431;0.000000;11003.432950;0.114981;0.965707;0.602700;1.649295;2.720172;1.911220;0.210897;0.676628;0.314170;1.466250;0.039216;0.039216;0.000000;233.853981;1.430819;-27.457911;-39.883000;49.542519;2454.461151;56.642723;5.029653;0.323281;-1.140263;85.314250;0.039216;0.039216;0.000000;202083.408552;1.497692;64.653902;47.034500;58.014999;3365.740091;86.866951;8.281134;0.715247;-0.693301;91.460750;0.039216;0.039216;0.000000;598025.867261;0.938298;0.000000;0.000000;-0.406785;0.508207;-0.466900;0.116830;0.000000;-0.356028;0.141354;0.000000;0.000000;0.235726;-0.608020;-0.105942;-0.265283;10.616309;4.222501;13.481376;4.290971;0.997131;0.000000;10.983330;1.005859;0.718478;116.928520;10757.917990
1.000000;1.000000;0.000000;0.000000;1.000000;0.000000;0.000000;0.000000;0.000000;0.000000;0.000000;0.000000;102.000000;-0.000000;-2.095415;-2.089500;0.858984;0.737854;2.264645;0.257644;-0.687586;1.726474;1.045325;0.058824;0.058824;0.000000;485.506177;0.436013;9.894930;9.418450;1.683316;2.833552;10.037091;0.489549;0.483565;-0.569275;2.297050;0.078431;0.078431;0.000000;10131.295929;0.103958;1.029686;0.989630;0.553770;0.306661;1.169151;0.170385;0.011628;-0.924655;0.844248;0.098039;0.098039;0.000000;123.785780;0.621196;-6.537324;-6.572050;17.575783;308.908162;18.752194;3.245870;0.424898;-0.544168;22.591475;0.078431;0.078431;1.505882;20113.451380;1.558822;54.938191;66.061000;68.862197;4742.002121;88.092037;11.268078;-1.157194;0.975516;78.246750;0.078431;0.078431;0.000000;549714.791179;1.320603;0.000000;0.000000;0.182914;0.498464;-0.454218;0.032141;0.000000;-0.395446;-0.191044;0.000000;0.000000;0.036932;-0.012207;0.387785;0.369449;10.208628;2.655724;12.995555;2.894795;0.711971;0.000000;9.783696;1.005859;1.005987;106.871817;8113.218588
1.000000;1.000000;0.000000;0.000000;1.000000;0.000000;0.000000;0.000000;0.000000;0.000000;0.000000;0.000000;102.000000;-0.000000;-1.734705;-1.788800;0.841226;0.707661;1.927917;0.282056;1.178673;2.282073;0.970175;0.147059;0.147059;0.000000;343.076500;0.567802;10.038266;9.457650;1.919605;3.684884;10.220160;0.557505;0.745372;0.027989;2.550925;0.078431;0.078431;0.000000;10466.145928;0.127065;1.068144;0.965230;0.717752;0.515168;1.286896;0.183223;0.139351;-0.900499;1.180525;0.058824;0.058824;0.000000;142.651278;0.780830;-8.638828;-9.478050;21.496159;462.084867;23.167093;3.653870;0.344145;-0.572885;27.003700;0.078431;0.078431;1.505882;31178.866511;1.454168;24.118400;35.327500;82.978947;6885.505701;86.412979;12.386069;-0.956795;0.546084;113.897500;0.049020;0.049020;0.501961;410531.639195;1.820999;0.000000;0.000000;-0.030700;0.773663;0.237734;0.176925;0.000000;-0.367284;0.226516;0.000000;0.000000;-0.241883;-0.496883;0.522222;0.602622;10.277842;3.534495;12.837393;3.722201;0.713834;0.000000;10.216971;1.005859;0.920998;109.168524;8005.573247
1.000000;1.000000;0.000000;0.000000;1.000000;0.000000;0.000000;0.000000;0.000000;0.000000;0.000000;0.000000;102.000000;-0.000000;-1.838215;-1.972300;0.768031;0.589872;1.992211;0.211533;1.661473;4.593061;0.836575;0.088235;0.088235;0.000000;374.746938;0.473105;9.524190;9.368250;2.275062;5.175909;9.792145;0.631273;0.774817;0.110014;2.711800;0.156863;0.156863;0.000000;9516.426158;0.178757;1.179969;1.180500;0.760089;0.577735;1.403589;0.191225;-0.038831;-0.962594;1.147757;0.107843;0.107843;0.000000;171.483809;0.728880;-10.102688;-13.530000;22.639663;512.554328;24.791503;3.808509;0.348156;-0.889090;32.302350;0.049020;0.049020;1.505882;36552.242809;1.545987;-17.304606;2.198800;77.843986;6059.686171;79.744188;12.364357;-0.418164;-0.191841;94.248500;0.029412;0.029412;0.501961;339590.138569;1.663098;0.000000;0.000000;-0.133631;0.868992;0.441118;0.215768;0.000000;-0.481359;0.089966;0.000000;0.000000;-0.550317;-0.383921;0.557139;0.549493;9.790444;5.002217;12.421617;5.239130;0.583738;0.000000;9.808233;1.005859;1.149286;100.855014;6975.724256
1.000000;1.000000;0.000000;0.000000;1.000000;0.000000;0.000000;0.000000;0.000000;0.000000;0.000000;0.000000;102.000000;-0.000000;-2.027155;-2.090350;0.575567;0.331277;2.107281;0.158754;0.289845;-0.705654;0.916600;0.127451;0.127451;0.000000;436.049453;0.242518;9.540124;9.169400;2.358748;5.563694;9.827393;0.622866;0.790124;0.035443;2.790500;0.127451;0.127451;0.000000;9567.196362;0.186097;1.280156;1.300800;0.792428;0.627942;1.505570;0.212008;0.120120;-0.430568;1.188192;0.068627;0.068627;0.000000;199.197010;0.762426;-0.987600;2.198600;19.980901;399.236424;20.005294;3.375737;-0.226813;-1.173408;35.024000;0.068627;0.068627;1.505882;20461.764352;1.464935;24.192975;24.883000;75.376976;5681.688550;79.164314;9.739478;-0.051433;-0.276229;79.179250;0.068627;0.068627;0.501961;349486.352343;1.537950;0.000000;0.000000;-0.041711;0.696476;-0.229646;0.140000;0.000000;-0.164054;-0.103003;0.000000;0.000000;0.051369;-0.169320;0.508679;0.452382;9.833415;5.322229;12.567278;5.619399;0.333938;0.000000;9.768058;1.005859;1.273603;102.018284;6669.467128
1.000000;1.000000;0.000000;0.000000;1.000000;0.000000;0.000000;0.000000;0.000000;0.000000;0.000000;0.000000;102.000000;-0.000000;-1.952370;-1.943200;0.717842;0.515297;2.080155;0.224252;0.081693;-0.693756;1.165025;0.117647;0.117647;0.000000;415.099820;0.350203;9.955919;9.691500;1.709143;2.921169;10.101559;0.465359;0.916664;1.888799;1.861375;0.107843;0.107843;0.000000;10259.341970;0.111639;1.115041;1.082950;1.262140;1.592996;1.684136;0.241440;-0.075701;-0.459240;1.516950;0.088235;0.088235;0.000000;208.087198;1.378385;-17.067235;-14.977500;33.427117;1117.372171;37.532155;4.200161;-0.341429;-1.059556;59.024500;0.058824;0.058824;0.000000;86697.647956;1.432971;88.470081;73.294000;80.350795;6456.250208;119.512365;10.060279;0.397209;-0.527302;118.026250;0.049020;0.049020;0.000000;1127634.127646;1.049281;0.000000;0.000000;0.010870;0.247725;-0.832320;-0.308376;0.000000;-0.201488;-0.230100;0.000000;0.000000;0.573579;-0.575993;0.301740;0.099784;10.226546;2.786286;12.908289;2.950167;0.520324;0.000000;10.241475;1.005859;1.451540;107.368531;15694.704510
1.000000;1.000000;0.000000;0.000000;1.000000;0.000000;0.000000;0.000000;0.000000;0.000000;0.000000;0.000000;102.000000;-0.000000;-2.432182;-2.069400;1.473134;2.170125;2.843525;0.296549;-0.434390;-0.540202;2.111125;0.068627;0.068627;0.000000;714.222119;0.726208;9.643358;9.727050;2.153122;4.635936;9.880804;0.517444;-0.291734;0.168587;1.838925;0.137255;0.137255;0.000000;9721.916413;0.157959;1.184686;1.083550;1.279676;1.637571;1.743862;0.259288;-0.026388;-0.404191;1.518510;0.107843;0.107843;0.000000;226.675878;1.296084;-25.808300;-29.733500;32.031653;1026.026813;41.135084;4.388842;0.378170;-0.485807;36.812000;0.058824;0.058824;0.000000;120266.409379;1.223821;53.491330;51.464000;102.312215;10467.789368;115.451772;12.703311;0.059665;-0.095162;145.626250;0.058824;0.058824;0.501961;825754.020607;1.425277;0.000000;0.000000;0.182974;0.163953;-0.533999;-0.204146;0.000000;-0.594489;-0.104751;0.000000;0.000000;-0.105936;-0.272174;-0.079300;0.206671;10.131753;4.063500;13.091171;4.812890;2.060558;0.000000;10.393629;1.005859;1.160379;106.715921;15024.247947
1.000000;1.000000;0.000000;0.000000;1.000000;0.000000;0.000000;0.000000;0.000000;0.000000;0.000000;0.000000;102.000000;-0.000000;-3.191202;-3.674950;1.512753;2.288422;3.531599;0.320384;0.626273;-0.550964;2.048850;0.049020;0.049020;0.000000;1155.499671;0.529229;9.958684;9.870450;3.043228;9.261239;10.413291;0.775643;-0.078436;-1.135124;5.262950;0.098039;0.098039;0.000000;10588.229973;0.258597;1.247479;1.102850;0.779046;0.606912;1.470753;0.268798;1.027452;0.451015;0.883138;0.166667;0.166667;0.000000;189.690426;0.845390;-2.095549;-4.289550;24.637055;606.984462;24.726014;4.063717;0.031463;-0.804725;30.569750;0.049020;0.049020;0.501961;31404.309225;1.806426;-2.444157;1.935005;92.168615;8495.053557;92.201017;13.942242;-0.680469;-0.112760;94.570750;0.068627;0.068627;0.501961;433981.840047;2.030972;0.000000;0.000000;0.027701;0.019768;0.052312;-0.055419;0.000000;-0.481266;-0.317022;0.000000;0.000000;-0.334950;-0.501365;-0.147201;0.559014;10.667381;8.115816;14.165518;9.355289;2.308725;0.000000;10.374572;1.005859;1.348169;121.908825;9114.566361
1.000000;1.000000;0.000000;0.000000;1.000000;0.000000;0.000000;0.000000;0.000000;0.000000;0.000000;0.000000;102.000000;-0.000000;-3.234307;-3.486500;1.086589;1.180675;3.411952;0.280046;0.533327;-0.603690;1.633575;0.068627;0.068627;0.000000;1127.227788;0.333745;9.657417;9.506200;3.279818;10.757209;10.199162;0.746675;0.070011;-1.284426;6.050300;0.078431;0.078431;0.000000;10061.724387;0.288787;1.286528;1.160700;0.685951;0.470529;1.457972;0.243295;0.761223;0.491164;0.901290;0.137255;0.137255;0.000000;192.823507;0.640747;-1.226387;-4.028200;22.658153;513.391895;22.691318;4.103895;-0.023812;-0.123209;25.552750;0.058824;0.058824;1.505882;26336.549762;1.134050;9.916776;9.019950;82.815916;6858.476022;83.407544;13.856069;-0.873309;0.966922;90.467250;0.078431;0.078431;0.501961;359814.066924;1.567921;0.000000;0.000000;-0.310035;0.393806;0.073633;-0.055560;0.000000;-0.538187;-0.195882;0.000000;0.000000;-0.200717;-0.363086;0.221839;0.681803;10.327111;10.015104;13.891724;10.990788;1.065292;0.000000;10.719923;1.005859;1.145907;116.664324;7473.840073
1.000000;1.000000;0.000000;0.000000;1.000000;0.000000;0.000000;0.000000;0.000000;0.000000;0.000000;0.000000;102.000000;-0.000000;-2.616739;-2.479000;1.103344;1.217367;2.839840;0.322785;-0.107511;-0.490523;1.853200;0.107843;0.107843;0.000000;760.535139;0.461756;9.495738;9.257650;2.672915;7.144475;9.864762;0.610637;0.012985;-0.725905;3.805925;0.088235;0.088235;0.000000;9561.648801;0.231206;1.311607;1.376150;1.140186;1.300024;1.737911;0.294658;-0.685309;0.483993;1.226780;0.107843;0.107843;0.000000;241.779196;1.146545;-7.997708;-9.482750;26.451516;699.682676;27.634146;4.673248;0.301326;-0.637998;40.269900;0.049020;0.049020;1.505882;42212.444922;1.958999;22.771282;13.809500;68.799840;4733.417991;72.470334;15.928087;1.447127;4.351613;68.942750;0.088235;0.088235;2.509804;294529.555440;2.605975;0.000000;0.000000;-0.300810;0.111758;-0.313509;0.316904;0.000000;-0.571240;0.080570;0.000000;0.000000;-0.218996;-0.278787;0.032470;0.604711;9.972060;6.936226;13.119171;7.346430;1.098202;0.000000;9.501549;1.005859;1.515517;106.378211;6018.615619
1.000000;1.000000;0.000000;0.000000;1.000000;0.000000;0.000000;0.000000;0.000000;0.000000;0.000000;0.000000;102.000000;-0.000000;-2.496028;-2.534200;1.008680;1.017436;2.692135;0.285553;0.279984;-0.705325;1.802025;0.098039;0.098039;0.000000;687.366692;0.448729;10.147633;9.722150;1.448275;2.097500;10.250462;0.424625;0.710704;-0.586983;2.226375;0.088235;0.088235;0.000000;10610.374670;0.076976;0.927913;1.098100;1.254147;1.572885;1.560098;0.298539;-0.319157;-0.692810;1.867644;0.078431;0.078431;0.000000;168.050173;1.630462;-10.431887;-12.498000;24.481191;599.328725;26.611144;4.966846;0.130270;-0.478122;38.385475;0.058824;0.058824;1.505882;41666.362343;1.720791;59.716564;41.252500;124.161463;15416.068796;137.775676;19.027939;1.516655;2.677847;137.597750;0.039216;0.039216;0.000000;1149958.594686;1.802584;0.000000;0.000000;-0.279263;0.135607;-0.433566;0.110302;0.000000;-0.412145;-0.038503;0.000000;0.000000;0.022527;-0.470948;0.076907;0.611512;10.540472;2.218006;13.650355;2.256395;0.889381;0.000000;10.608770;1.005859;0.959799;113.319553;19692.723682
1.000000;1.000000;0.000000;0.000000;1.000000;0.000000;0.000000;0.000000;0.000000;0.000000;0.000000;0.000000;102.000000;-0.000000;-2.917188;-2.838250;1.028217;1.057230;3.093091;0.208891;-0.390636;-0.244782;1.372725;0.068627;0.068627;0.000000;921.937820;0.313057;9.462563;9.169300;1.574253;2.478273;9.592620;0.391673;0.468335;-0.462660;2.197050;0.058824;0.058824;0.000000;9259.485513;0.095004;1.100202;1.046750;1.010601;1.021315;1.493908;0.245734;-0.301483;-0.391862;1.414045;0.078431;0.078431;0.000000;175.554303;1.114171;-11.818546;-12.388000;18.083940;327.028898;21.603401;3.561176;-0.206301;0.014744;27.916075;0.068627;0.068627;0.000000;30933.649842;1.882386;73.345766;63.727000;111.277926;12382.776873;133.275572;12.995069;1.661940;4.169991;87.048750;0.049020;0.049020;0.000000;1180452.371580;1.752673;0.000000;0.000000;-0.291524;0.629884;-0.452711;-0.014665;0.000000;-0.538341;0.039695;0.000000;0.000000;-0.407680;-0.283317;0.264261;0.463912;9.999048;2.604617;13.379750;2.646643;0.923865;0.000000;10.158751;1.005859;0.911569;102.585580;18231.316912
1.000000;1.000000;0.000000;0.000000;1.000000;0.000000;0.000000;0.000000;0.000000;0.000000;0.000000;0.000000;102.000000;-0.000000;-2.573385;-2.417250;1.044997;1.092020;2.777469;0.202601;-1.084136;0.624702;1.073650;0.117647;0.117647;0.000000;731.169372;0.399090;9.716366;9.057700;2.186226;4.779586;9.959285;0.565230;0.809514;-0.237162;3.132675;0.068627;0.068627;0.000000;9873.352586;0.154650;1.221081;1.037750;0.821564;0.674967;1.471735;0.253774;0.299054;-0.997130;1.389145;0.088235;0.088235;0.000000;186.509272;0.898233;-3.111726;-7.621100;16.186593;262.005809;16.482980;3.322172;0.285598;-1.160817;28.308750;0.049020;0.049020;0.501961;14350.269140;2.032855;5.894278;23.450500;80.058239;6409.321673;80.274929;9.441891;-0.938953;-0.000289;104.736750;0.029412;0.029412;0.501961;330442.553287;1.395757;0.000000;0.000000;-0.164950;0.218226;0.424948;-0.288893;0.000000;-0.147348;0.248463;0.000000;0.000000;-0.540864;-0.262210;0.299593;0.495632;10.157030;4.736418;13.289751;4.865403;1.064338;0.000000;9.907800;1.005859;1.315932;107.901680;6717.918842
1.000000;1.000000;0.000000;0.000000;1.000000;0.000000;0.000000;0.000000;0.000000;0.000000;0.000000;0.000000;102.000000;-0.000000;-2.151769;-2.165150;0.685681;0.470159;2.258377;0.209078;-0.009758;-0.478321;1.002550;0.107843;0.107843;0.000000;496.253901;0.316779;10.004286;9.407450;2.393039;5.726635;10.286514;0.655252;0.936235;-0.167659;2.902525;0.107843;0.107843;0.000000;10500.809589;0.185822;1.223387;1.277600;0.711410;0.506104;1.415196;0.225924;-0.154624;-0.994299;1.118943;0.068627;0.068627;0.000000;178.472491;0.712115;0.831730;2.693650;17.296964;299.184951;17.316949;4.088683;-0.474196;-0.394786;27.956750;0.078431;0.078431;1.505882;15329.387402;1.785433;-9.994912;14.516000;89.414880;7995.020711;89.971768;12.932851;-0.488575;-0.902839;134.158000;0.049020;0.049020;0.501961;417937.088202;1.645797;0.000000;0.000000;0.003686;0.341602;0.447570;-0.004885;0.000000;-0.509085;0.176390;0.000000;0.000000;-0.185073;-0.173970;0.462417;0.283001;10.315767;5.497605;13.156055;5.783341;0.474807;0.000000;10.379472;1.005859;1.107988;111.912646;8396.798479
1.000000;1.000000;0.000000;0.000000;1.000000;0.000000;0.000000;0.000000;0.000000;0.000000;0.000000;0.000000;102.000000;-0.000000;-2.211426;-2.119300;0.695499;0.483719;2.318215;0.196746;0.099178;-0.348211;0.942400;0.098039;0.098039;0.000000;523.492675;0.298108;9.425779;8.807950;2.117808;4.485112;9.660768;0.531728;1.399026;1.494848;2.331150;0.098039;0.098039;0.000000;9290.965336;0.163997;0.965705;0.868090;0.674721;0.455248;1.178064;0.176607;0.317448;-0.562044;0.954197;0.127451;0.127451;0.000000;118.344147;0.884584;-5.443201;-5.559700;19.964152;398.567351;20.692892;3.627689;-0.479886;-0.380589;30.153500;0.078431;0.078431;1.003922;23349.167792;1.766317;54.899351;63.912500;86.841317;7541.414261;102.739248;12.804968;-0.651488;0.044811;106.537025;0.058824;0.058824;0.000000;692038.990948;1.409134;0.000000;0.000000;0.095303;0.239632;-0.464601;0.196863;0.000000;-0.692091;0.002495;0.000000;0.000000;0.003554;-0.425713;0.242850;0.448678;9.769252;4.266275;12.637205;4.534486;0.483541;0.000000;9.636210;1.005859;1.196068;99.704551;10984.936609
1.000000;1.000000;0.000000;0.000000;1.000000;0.000000;0.000000;0.000000;0.000000;0.000000;0.000000;0.000000;102.000000;-0.000000;-2.233735;-2.093500;0.593106;0.351775;2.311136;0.149965;-0.154158;-0.660596;0.902875;0.078431;0.078431;0.000000;526.900150;0.220328;9.558722;9.562050;1.699631;2.888746;9.708651;0.460622;0.657856;0.285628;2.465025;0.068627;0.068627;0.000000;9466.998912;0.111711;1.151562;0.919005;1.068073;1.140780;1.570629;0.172163;0.738313;-0.324021;1.313398;0.058824;0.058824;0.000000;193.442101;1.023037;-14.697301;-11.774000;28.107945;790.056599;31.718563;3.594414;-0.384392;-1.066748;47.899500;0.049020;0.049020;0.000000;62328.347532;1.636249;73.452355;70.373500;59.137433;3497.236001;94.299971;8.900533;0.373075;-0.837324;91.376750;0.068627;0.068627;0.000000;728697.735960;0.854587;0.000000;0.000000;-0.198719;-0.407497;-0.648314;0.419523;0.000000;-0.621598;0.117590;0.000000;0.000000;0.365710;-0.681397;0.054823;0.507134;9.888493;2.816951;12.792457;2.933223;0.339382;0.000000;9.710418;1.005859;1.012340;100.599252;9901.018634
1.000000;1.000000;0.000000;0.000000;1.000000;0.000000;0.000000;0.000000;0.000000;0.000000;0.000000;0.000000;102.000000;-0.000000;-2.204559;-2.306300;0.845739;0.715274;2.361219;0.219165;1.262923;2.686710;1.081300;0.068627;0.068627;0.000000;532.238231;0.411575;9.893045;9.682350;1.477470;2.182916;10.002763;0.487067;0.350516;-0.103291;1.538525;0.127451;0.127451;0.000000;10094.312794;0.085902;1.338335;1.149700;1.055522;1.114126;1.704485;0.204339;0.326608;-0.593814;1.402655;0.058824;0.058824;0.000000;239.516880;0.831908;-16.964999;-10.184000;24.529166;601.679999;29.824339;2.879750;-0.496838;-0.612410;31.589370;0.029412;0.029412;0.000000;60044.663118;1.490741;33.230993;42.723500;74.852860;5602.950644;81.897799;9.315467;-0.291286;-0.441708;102.271000;0.029412;0.029412;0.501961;398396.959122;1.464018;0.000000;0.000000;-0.116996;-0.249692;0.021511;0.292932;0.000000;-0.502590;-0.242370;0.000000;0.000000;-0.110423;-0.518439;-0.043675;0.381716;10.222462;2.131881;13.140338;2.219093;0.707793;0.000000;10.269082;1.005859;1.719445;106.630611;7599.645965
1.000000;1.000000;0.000000;0.000000;1.000000;0.000000;0.000000;0.000000;0.000000;0.000000;0.000000;0.000000;102.000000;-0.000000;-2.663462;-2.894000;1.124697;1.264944;2.891189;0.285808;0.596351;1.421911;1.193875;0.078431;0.078431;0.000000;788.106361;0.434842;9.483347;9.348700;2.367489;5.605004;9.774399;0.625475;0.486145;0.603911;2.698350;0.137255;0.137255;0.000000;9459.110524;0.196624;1.134760;1.225000;0.682339;0.465586;1.324110;0.224422;-0.323324;-0.705358;1.098802;0.098039;0.098039;0.000000;155.089555;0.782563;-6.790423;-6.437400;13.929007;194.017244;15.496035;2.250111;-0.005458;-0.321970;17.535158;0.068627;0.068627;1.003922;14598.379591;1.608269;16.432186;17.619500;75.666563;5725.428770;77.430262;12.240990;0.102074;-0.636939;111.973750;0.049020;0.049020;1.003922;319565.285873;1.972717;0.000000;0.000000;-0.187195;0.578641;0.196741;0.636346;0.000000;-0.803737;-0.109365;0.000000;0.000000;-0.622670;-0.407722;-0.048871;0.261305;9.975185;5.393534;13.189543;5.717568;1.220399;0.000000;10.052811;1.005859;1.072939;104.897846;6237.325868
1.000000;1.000000;0.000000;0.000000;1.000000;0.000000;0.000000;0.000000;0.000000;0.000000;0.000000;0.000000;102.000000;-0.000000;-2.882544;-2.799750;1.102673;1.215887;3.086251;0.352580;-0.096042;-0.220617;1.551000;0.098039;0.098039;0.000000;909.534378;0.418984;9.543955;8.552150;3.316179;10.997045;10.103669;0.897938;0.852325;0.029917;5.247500;0.088235;0.088235;0.000000;9851.738374;0.332870;1.186714;1.299200;0.746485;0.557240;1.401974;0.306766;-0.555986;0.158415;1.005020;0.127451;0.127451;0.000000;172.064927;0.871396;-1.707811;0.783500;17.588800;309.365892;17.671517;3.733307;-0.317209;-0.664329;27.194750;0.049020;0.049020;1.505882;16076.488716;1.667327;0.513175;14.226500;67.109446;4503.677756;67.111408;14.304931;-0.835148;0.689462;87.915250;0.078431;0.078431;0.501961;229718.789147;1.875495;0.000000;0.000000;-0.457228;0.033906;0.154251;0.071901;0.000000;-0.588263;-0.142312;0.000000;0.000000;-0.005502;-0.247610;-0.251926;0.615159;10.081665;10.969096;13.426499;11.386571;0.947281;0.000000;9.784394;1.005859;1.177810;112.609067;4818.189146
1.000000;1.000000;0.000000;0.000000;1.000000;0.000000;0.000000;0.000000;0.000000;0.000000;0.000000;0.000000;102.000000;-0.000000;-2.836069;-2.673100;1.120441;1.255388;3.049372;0.373278;-0.281028;-0.065506;1.409625;0.098039;0.098039;0.000000;884.444138;0.434979;9.803286;9.035750;3.090984;9.554181;10.279037;0.885056;0.782931;0.123914;4.675100;0.088235;0.088235;0.000000;10289.914294;0.291672;1.100375;1.097150;0.922038;0.850154;1.435611;0.310990;0.036509;-0.401404;1.114925;0.147059;0.147059;0.000000;166.862780;1.116657;-3.922233;0.300900;18.513047;342.732896;18.923974;4.089875;-0.312457;-0.799735;27.174000;0.058824;0.058824;2.007843;19049.246719;1.723930;0.365767;-11.004500;77.102975;5944.868710;77.103842;15.089515;-0.107377;0.014765;106.606500;0.078431;0.078431;2.007843;303202.599712;1.712482;0.000000;0.000000;-0.436357;-0.014836;-0.234069;-0.186167;0.000000;-0.522820;-0.088686;0.000000;0.000000;0.143976;-0.059375;-0.310494;0.451084;10.312030;9.619319;13.639355;9.918046;0.998549;0.000000;10.210965;1.005859;0.958506;115.957276;6305.180279
1.000000;1.000000;0.000000;0.000000;1.000000;0.000000;0.000000;0.000000;0.000000;0.000000;0.000000;0.000000;102.000000;-0.000000;-2.722275;-2.665850;0.860071;0.739722;2.854909;0.199055;-1.069954;1.557498;0.971650;0.088235;0.088235;0.000000;793.633875;0.281828;9.642905;9.252600;2.025397;4.102234;9.853317;0.564277;0.412241;0.326819;2.343800;0.078431;0.078431;0.000000;9693.748534;0.155250;0.779207;0.746340;1.004880;1.009783;1.271592;0.214751;0.429010;-0.659202;1.581460;0.058824;0.058824;0.000000;113.429671;1.561632;-9.489881;-5.514200;18.635725;347.290239;20.912869;3.063585;-0.406354;-0.819202;27.244400;0.058824;0.058824;0.000000;26897.944252;1.658865;64.859502;80.840000;83.749164;7013.922459;105.927699;11.100752;-0.027135;-1.162615;146.391500;0.039216;0.039216;0.000000;786799.071614;1.298673;0.000000;0.000000;-0.270226;-0.148502;-0.777735;0.141402;0.000000;-0.629266;0.149513;0.000000;0.000000;0.002577;0.092679;-0.328474;0.207893;10.109564;4.035081;13.365180;4.208146;0.681750;0.000000;9.910073;1.005859;0.996152;106.238355;11659.642490
1.000000;1.000000;0.000000;0.000000;1.000000;0.000000;0.000000;0.000000;0.000000;0.000000;0.000000;0.000000;102.000000;-0.000000;-2.205769;-2.290900;0.739788;0.547286;2.326522;0.182722;0.079180;-0.955716;1.285275;0.049020;0.049020;0.000000;524.191014;0.324316;9.896655;9.609400;1.538037;2.365557;10.015455;0.467559;0.724195;0.127659;1.989750;0.078431;0.078431;0.000000;10110.908811;0.085969;0.834343;0.638615;1.186388;1.407518;1.450395;0.226706;0.903303;0.548729;1.678037;0.049020;0.049020;0.000000;142.793703;1.576026;-14.190913;-9.854100;23.874908;570.011252;27.773968;3.392527;-0.400220;-0.949812;39.169475;0.049020;0.049020;0.000000;49611.850647;1.494961;85.952262;86.126000;77.912692;6070.387631;116.009392;11.386376;-0.147742;-0.755345;116.115250;0.029412;0.029412;0.000000;1063207.009403;1.093062;0.000000;0.000000;-0.232504;-0.306325;-0.733436;0.581095;0.000000;-0.659406;0.219761;0.000000;0.000000;-0.043915;-0.444681;-0.158487;0.409284;10.215046;2.374873;13.102424;2.427060;0.514623;0.000000;10.059403;1.005859;0.804773;106.722038;14231.675940
1.000000;1.000000;0.000000;0.000000;1.000000;0.000000;0.000000;0.000000;0.000000;0.000000;0.000000;0.000000;102.000000;-0.000000;-2.165255;-2.010600;0.858469;0.736969;2.329227;0.239670;-0.277784;-1.125256;1.453600;0.078431;0.078431;0.000000;515.796378;0.399142;9.887672;9.609400;1.953253;3.815198;10.078752;0.568683;0.830710;0.266609;2.551150;0.098039;0.098039;0.000000;10166.712728;0.133978;1.185219;1.249900;1.169636;1.368048;1.665170;0.250960;0.444384;-0.212065;1.883309;0.058824;0.058824;0.000000;213.054404;1.152576;-8.017283;-5.245200;21.729264;472.160911;23.161126;3.469205;-1.026402;0.431025;19.579400;0.098039;0.098039;1.505882;30636.471694;1.794018;17.494711;28.859500;99.525182;9905.261868;101.051110;14.911535;-0.265372;-0.265540;97.765750;0.058824;0.058824;0.501961;536390.401042;1.516199;0.000000;0.000000;-0.060664;-0.095895;-0.032454;0.041879;0.000000;-0.490416;0.243418;0.000000;0.000000;-0.383233;-0.353501;0.281105;0.165687;10.213612;3.688679;13.052927;3.856363;0.740875;0.000000;10.337275;1.005859;1.411197;108.006547;10750.537327
1.000000;1.000000;0.000000;0.000000;1.000000;0.000000;0.000000;0.000000;0.000000;0.000000;0.000000;0.000000;102.000000;-0.000000;-2.332491;-2.289900;0.743829;0.553282;2.448223;0.202910;-0.025442;-0.940339;1.222125;0.098039;0.098039;0.000000;583.150367;0.293210;9.908036;9.290150;2.284775;5.220196;10.168057;0.696490;0.976794;0.071497;2.943325;0.117647;0.117647;0.000000;10279.486676;0.169701;1.483589;1.461150;1.061468;1.126715;1.824213;0.276892;-0.030197;-0.706598;1.539317;0.058824;0.058824;0.000000;281.968332;0.865645;-2.102694;-2.858600;14.222965;202.292739;14.377554;3.116715;0.118630;-0.127377;19.878450;0.107843;0.107843;2.007843;10770.074055;2.243718;9.221244;30.098500;87.243585;7611.443090;87.729553;12.605485;-0.821105;-0.072798;93.205750;0.049020;0.049020;0.501961;396963.062111;1.925794;0.000000;0.000000;-0.004883;-0.121057;0.521663;-0.472667;0.000000;-0.158235;0.044364;0.000000;0.000000;-0.134804;-0.352664;0.557453;0.042065;10.268229;4.946641;13.240528;5.271896;0.558745;0.000000;10.253356;1.005859;1.363736;110.383176;7906.516248
1.000000;1.000000;0.000000;0.000000;1.000000;0.000000;0.000000;0.000000;0.000000;0.000000;0.000000;0.000000;102.000000;-0.000000;-1.976507;-2.024850;0.827052;0.684015;2.142568;0.219436;0.256394;-0.615556;1.294225;0.078431;0.078431;0.000000;433.368533;0.436177;9.806118;9.100850;2.509973;6.299966;10.122248;0.694558;1.081211;0.380922;3.130300;0.107843;0.107843;0.000000;10129.638679;0.200358;1.361460;1.150350;1.136150;1.290837;1.773248;0.283586;0.208151;-0.844974;1.681907;0.068627;0.068627;0.000000;254.902768;1.052899;-2.172630;-5.664100;17.232735;296.967158;17.369153;3.704617;0.488907;-0.433868;23.823450;0.078431;0.078431;1.505882;15627.133253;1.899557;25.416097;41.631000;105.335251;11095.515152;108.358171;13.165446;-0.670757;0.208489;123.006750;0.049020;0.049020;0.501961;631771.661849;1.579570;0.000000;0.000000;-0.112353;0.067723;0.190577;-0.491537;0.000000;-0.133490;-0.094283;0.000000;0.000000;-0.014263;-0.168617;0.599811;0.332461;10.097331;6.094404;12.784302;6.372107;0.681022;0.000000;10.317907;1.005859;1.651981;108.050505;12046.325029
1.000000;1.000000;0.000000;0.000000;1.000000;0.000000;0.000000;0.000000;0.000000;0.000000;0.000000;0.000000;102.000000;-0.000000;-1.773499;-1.640900;0.737081;0.543288;1.920570;0.185266;0.009094;-0.418977;1.049100;0.049020;0.049020;0.000000;348.553132;0.457985;9.656290;9.199050;2.029586;4.119221;9.867277;0.533532;1.381660;2.502428;1.996050;0.107843;0.107843;0.000000;9720.980215;0.148703;1.252676;1.135200;1.062295;1.128471;1.642458;0.227438;0.234130;-0.802026;1.555315;0.088235;0.088235;0.000000;217.627570;1.021810;-9.767966;-7.147100;27.018246;729.985613;28.729754;3.765220;-0.414935;-0.678527;37.207500;0.049020;0.049020;0.501961;46963.053072;1.787836;26.245755;41.867500;103.775899;10769.437250;107.043341;11.746257;-0.665959;0.348369;124.468500;0.049020;0.049020;0.501961;619583.213885;2.003910;0.000000;0.000000;-0.050032;-0.052352;-0.006402;-0.153989;0.000000;-0.424709;-0.104989;0.000000;0.000000;0.173509;-0.295035;0.545666;0.301421;9.903127;3.979830;12.431467;4.161587;0.547086;0.000000;9.857898;1.005859;1.041430;102.051749;12286.373333
1.000000;1.000000;0.000000;0.000000;1.000000;0.000000;0.000000;0.000000;0.000000;0.000000;0.000000;0.000000;102.000000;-0.000000;-2.305326;-2.371000;1.071611;1.148349;2.542219;0.254089;-0.050006;-0.366790;1.499650;0.049020;0.049020;0.000000;600.647436;0.515408;10.197178;10.046000;1.265041;1.600329;10.275348;0.423594;0.913481;0.301054;1.674575;0.117647;0.117647;0.000000;10687.849618;0.062695;1.324352;1.275750;1.114353;1.241783;1.730806;0.254044;0.032233;-0.729946;1.581458;0.117647;0.117647;0.000000;242.245359;1.004935;-11.299116;-13.152500;30.250286;915.079829;32.291637;3.549588;-0.178703;-1.292660;53.875000;0.029412;0.029412;0.501961;59692.512482;1.681497;58.981919;56.040500;85.378769;7289.534270;103.770906;10.468371;-0.186968;-0.696775;123.658225;0.029412;0.029412;0.000000;726619.967148;1.421293;0.000000;0.000000;0.022653;-0.047103;-0.664562;0.249275;0.000000;-0.817279;-0.559834;0.000000;0.000000;0.162554;-0.430068;0.351990;0.096570;10.557172;1.591765;13.509513;1.618271;1.157621;0.000000;10.260810;1.005859;1.412742;113.045651;11814.146530
1.000000;1.000000;0.000000;0.000000;1.000000;0.000000;0.000000;0.000000;0.000000;0.000000;0.000000;0.000000;102.000000;-0.000000;-3.083938;-3.192000;1.353095;1.830865;3.367720;0.326901;0.506565;-0.512339;1.635175;0.117647;0.117647;0.000000;1063.468729;0.430332;9.463680;9.403400;2.733915;7.474292;9.850662;0.573428;0.280195;0.145502;3.688175;0.068627;0.068627;0.000000;9516.438211;0.239528;1.183622;1.363700;1.070650;1.146292;1.596012;0.292760;-0.196343;-0.816678;1.893953;0.117647;0.117647;0.000000;201.365382;1.186274;-6.415192;-6.620950;21.959558;482.222188;22.877432;3.709246;0.034206;-0.775609;30.503600;0.058824;0.058824;1.003922;28792.061378;1.468600;49.630447;41.248500;87.752741;7700.543594;100.815301;12.195509;0.077337;-0.903155;146.267750;0.049020;0.049020;0.000000;644014.246508;1.607818;0.000000;0.000000;-0.009536;0.198968;-0.576698;0.305058;0.000000;-0.638500;0.057014;0.000000;0.000000;-0.170948;-0.398183;-0.097645;0.220440;10.130458;6.750902;13.554628;7.548517;1.848769;0.000000;10.329027;1.005859;0.966721;109.377079;10689.648961
1.000000;1.000000;0.000000;0.000000;1.000000;0.000000;0.000000;0.000000;0.000000;0.000000;0.000000;0.000000;102.000000;-0.000000;-2.383106;-2.583650;1.785131;3.186694;2.977564;0.321386;0.437876;-0.414918;2.676275;0.058824;0.058824;0.000000;741.801021;0.806360;9.079839;8.547000;2.790711;7.788070;9.499029;0.758227;0.688302;0.399047;3.926325;0.068627;0.068627;0.000000;8806.436668;0.279527;1.263960;1.240200;0.795670;0.633091;1.493548;0.314807;-0.139673;-0.452967;1.255833;0.137255;0.137255;0.000000;195.243320;0.847284;-5.266361;-6.253950;15.041073;226.233870;15.936387;3.392124;0.013365;-0.387315;22.035625;0.088235;0.088235;1.003922;14370.962754;2.213273;1.428762;-5.454000;55.551441;3085.962638;55.569812;10.207604;0.631562;-0.253492;69.537250;0.068627;0.068627;0.501961;157592.692875;1.674457;0.000000;0.000000;-0.175470;0.303781;-0.194325;0.053481;0.000000;-0.180575;0.109790;0.000000;0.000000;-0.168867;-0.577849;-0.214969;0.546073;9.631484;7.331950;12.695529;8.027240;3.056184;0.000000;9.339051;1.005859;1.290818;100.097436;3344.203118
1.000000;1.000000;0.000000;0.000000;1.000000;0.000000;0.000000;0.000000;0.000000;0.000000;0.000000;0.000000;102.000000;-0.000000;-0.907888;-1.172100;1.648935;2.718987;1.882351;0.405968;0.535516;-0.415008;2.149435;0.068627;0.068627;0.000000;222.744054;1.735106;9.763036;9.790200;2.113836;4.468304;9.989253;0.803035;0.250826;1.011363;2.657150;0.147059;0.147059;0.000000;9950.216744;0.160618;1.063332;0.869555;0.787907;0.620797;1.323432;0.374583;0.462209;1.055766;0.751393;0.225490;0.225490;0.000000;146.992079;1.133054;4.893971;6.504250;16.196680;262.332439;16.919911;3.961127;0.164389;-0.728671;24.167175;0.078431;0.078431;1.003922;15821.984206;1.945618;-12.737182;-16.405000;60.054769;3606.575257;61.390643;13.299640;0.812902;0.522328;79.326500;0.058824;0.058824;1.505882;200483.479924;1.971874;0.000000;0.000000;0.069284;0.374515;-0.138458;0.312533;0.000000;0.029694;-0.059831;0.000000;0.000000;-0.174816;-0.006435;-0.115115;0.282742;10.005996;4.208469;12.395190;4.545595;2.712857;0.000000;10.175880;1.005859;1.139440;104.328428;4056.845913
1.000000;1.000000;0.000000;0.000000;1.000000;0.000000;0.000000;0.000000;0.000000;0.000000;0.000000;0.000000;102.000000;-0.000000;-1.460042;-1.533350;1.789350;3.201772;2.309436;0.434388;0.344054;0.555735;2.107225;0.088235;0.088235;0.000000;380.773912;1.593544;10.060008;9.937250;2.209259;4.880825;10.299737;0.786540;0.288697;0.975064;2.430300;0.166667;0.166667;0.000000;10571.720450;0.166594;0.679030;0.753890;0.955787;0.913529;1.172438;0.396836;0.201854;0.240505;1.059282;0.127451;0.127451;0.000000;93.620766;2.025289;-3.363040;-3.622050;22.065957;486.906456;22.320764;4.514117;-0.126709;-0.576025;34.979000;0.049020;0.049020;0.501961;25995.469329;2.142747;25.096588;17.236000;86.792280;7532.899881;90.347875;18.122330;1.684685;4.616375;75.685500;0.088235;0.088235;1.505882;448480.336353;2.447472;0.000000;0.000000;0.330372;0.399011;-0.178645;-0.154851;0.000000;0.499262;0.057073;0.000000;0.000000;-0.035109;-0.286980;-0.291270;0.206888;10.396926;4.321998;13.020484;5.649248;2.513375;0.000000;10.194869;1.005859;0.865185;112.418077;8662.329694
1.000000;1.000000;0.000000;0.000000;1.000000;0.000000;0.000000;0.000000;0.000000;0.000000;0.000000;0.000000;102.000000;-0.000000;-2.530561;-2.507800;1.092525;1.193610;2.756329;0.299461;-0.347330;1.575793;1.045075;0.078431;0.078431;0.000000;714.055718;0.506015;9.806469;9.220100;1.941615;3.769868;9.996834;0.604176;1.040785;0.716960;2.651900;0.098039;0.098039;0.000000;10001.280791;0.135705;0.841329;0.888170;1.003479;1.006969;1.309505;0.303282;-0.163003;-0.732440;1.544265;0.117647;0.117647;0.000000;123.556061;1.613367;-19.954170;-23.510000;17.015645;289.532176;26.224055;3.557919;0.131129;-0.424039;25.711800;0.058824;0.058824;0.000000;55379.390649;1.032481;62.195550;54.217500;73.217657;5360.825259;96.068266;14.670249;1.884812;6.015933;75.312000;0.029412;0.029412;0.000000;668012.093956;1.580335;0.000000;0.000000;0.306274;0.139240;-0.161777;-0.214908;0.000000;0.263159;-0.025393;0.000000;0.000000;-0.011386;-0.375135;-0.272066;0.558523;10.257365;3.320508;13.345783;3.963291;1.049331;0.000000;10.493088;1.005859;0.598610;108.534047;9918.527625
1.000000;1.000000;0.000000;0.000000;1.000000;0.000000;0.000000;0.000000;0.000000;0.000000;0.000000;0.000000;102.000000;-0.000000;-2.467763;-2.492750;0.744758;0.554665;2.577696;0.203036;-0.185652;-0.221582;0.937025;0.107843;0.107843;0.000000;649.452953;0.288406;9.717148;9.047650;2.082689;4.337593;9.937835;0.551514;1.200187;0.805716;2.638825;0.098039;0.098039;0.000000;9852.369212;0.152344;0.970148;1.030400;1.059439;1.122412;1.436523;0.243884;-0.570394;0.001469;1.577298;0.058824;0.058824;0.000000;153.244035;1.208202;-17.641629;-18.965500;14.733690;217.081622;22.984967;3.045442;-0.048682;-0.227471;19.064975;0.078431;0.078431;0.000000;42819.845496;1.109946;55.861271;65.154500;92.502734;8556.755873;108.061267;12.874863;-0.847697;0.356482;94.062500;0.068627;0.068627;0.000000;754825.118567;1.729250;0.000000;0.000000;0.268675;0.135991;-0.085646;-0.311400;0.000000;0.009914;0.073397;0.000000;0.000000;-0.124435;-0.331417;-0.119394;0.202663;10.124150;3.906660;13.184911;4.426355;0.514341;0.000000;9.931606;1.005859;1.076526;106.405077;12207.609731
1.000000;1.000000;0.000000;0.000000;1.000000;0.000000;0.000000;0.000000;0.000000;0.000000;0.000000;0.000000;102.000000;-0.000000;-2.198652;-2.268300;0.636764;0.405469;2.289004;0.250994;0.365036;-0.216492;0.942425;0.088235;0.088235;0.000000;513.786533;0.267753;10.226242;9.594450;2.608697;6.805302;10.553735;0.735487;0.913605;-0.203190;3.254575;0.088235;0.088235;0.000000;11013.857142;0.193689;0.898393;0.945650;0.998763;0.997527;1.343368;0.296462;-0.262944;0.898929;1.057142;0.127451;0.127451;0.000000;133.221963;1.557701;-8.018029;-10.799500;14.288859;204.171482;16.384757;3.291960;0.373629;-0.826123;24.081125;0.049020;0.049020;0.000000;16973.756144;2.190039;44.580355;59.634000;94.318269;8895.935808;104.323266;12.722439;-0.545171;-0.192740;113.780500;0.049020;0.049020;0.501961;656428.849841;1.523959;0.000000;0.000000;0.118127;0.245091;-0.057788;-0.173029;0.000000;0.000276;0.066384;0.000000;0.000000;-0.406579;-0.189003;0.085702;0.091501;10.545902;6.404832;13.424894;6.878751;0.403413;0.000000;10.534782;1.005859;0.694832;117.620871;11153.608785
1.000000;1.000000;0.000000;0.000000;1.000000;0.000000;0.000000;0.000000;0.000000;0.000000;0.000000;0.000000;102.000000;-0.000000;-1.990263;-2.104850;0.640816;0.410645;2.090883;0.219386;0.328120;-0.475249;0.867325;0.088235;0.088235;0.000000;425.007468;0.301023;9.995993;9.146250;2.675651;7.159107;10.347898;0.771141;0.896341;-0.218840;3.627950;0.098039;0.098039;0.000000;10556.942444;0.207218;1.134603;1.061500;0.682153;0.465332;1.323879;0.302073;0.753119;0.925057;0.725415;0.196078;0.196078;0.000000;155.039100;0.791616;-3.538414;1.363900;23.116846;534.388578;23.386085;3.887831;-0.334333;-0.865598;34.209000;0.058824;0.058824;1.505882;28530.923337;1.306696;21.103984;43.808500;92.132361;8488.371963;94.518517;12.782871;-1.006824;0.801335;91.479000;0.049020;0.049020;1.003922;478450.189630;1.942803;0.000000;0.000000;-0.167525;0.410094;0.127087;0.140368;0.000000;-0.148709;0.031244;0.000000;0.000000;-0.341497;-0.134472;0.422293;0.337462;10.272434;6.927869;12.986256;7.242314;0.402386;0.000000;10.310453;1.005859;1.092700;112.450779;9482.411711
1.000000;1.000000;0.000000;0.000000;1.000000;0.000000;0.000000;0.000000;0.000000;0.000000;0.000000;0.000000;102.000000;-0.000000;-2.045249;-2.089850;0.656414;0.430879;2.148005;0.204933;0.184862;-0.485139;0.976425;0.137255;0.137255;0.000000;448.648465;0.307566;9.546376;9.338550;2.012717;4.051030;9.756246;0.512556;0.915102;0.909655;2.471150;0.098039;0.098039;0.000000;9502.200577;0.148866;1.309090;1.327600;0.889941;0.791995;1.582944;0.235580;0.348430;-0.135389;1.143408;0.147059;0.147059;0.000000;215.195229;0.811702;-11.111760;-5.342000;31.682761;1003.797356;33.574820;4.166380;-0.194457;-1.450444;63.812500;0.049020;0.049020;1.505882;63789.816379;1.419658;35.506880;49.927000;104.284263;10875.207548;110.163270;14.064911;-0.628889;0.405716;83.057423;0.068627;0.068627;0.501961;683232.973065;1.565567;0.000000;0.000000;-0.119916;0.035446;-0.149970;0.049055;0.000000;-0.328565;-0.103688;0.000000;0.000000;-0.155618;-0.231521;0.456393;0.304828;9.843343;3.906851;12.591626;4.098128;0.428157;0.000000;9.882424;1.005859;1.124185;100.798258;13265.720330
1.000000;1.000000;0.000000;0.000000;1.000000;0.000000;0.000000;0.000000;0.000000;0.000000;0.000000;0.000000;102.000000;-0.000000;-2.503123;-2.437650;0.672629;0.452429;2.591921;0.220931;-0.865516;3.513876;0.691200;0.117647;0.117647;0.000000;662.169513;0.234707;9.460887;9.516200;2.249651;5.060931;9.724676;0.687264;0.863001;2.383228;2.541650;0.107843;0.107843;0.000000;9387.985619;0.193139;1.168596;1.100200;0.929358;0.863707;1.493092;0.249612;0.438126;-0.066579;1.280053;0.078431;0.078431;0.000000;183.342094;0.964268;-12.108692;-9.592350;25.029237;626.462699;27.804373;3.571761;-0.550490;-0.515811;29.138975;0.078431;0.078431;0.000000;46905.496678;1.648146;81.584197;69.710500;76.145899;5798.198007;111.598294;11.226127;0.077283;-0.681745;104.595000;0.068627;0.068627;0.000000;974764.403463;1.253077;0.000000;0.000000;-0.209267;-0.213307;-0.617108;0.032871;0.000000;-0.502958;-0.276606;0.000000;0.000000;0.105841;0.119562;0.047148;0.182374;9.871695;4.837014;12.964010;5.132910;0.435038;0.000000;9.702662;1.005859;1.216834;102.287371;13229.491608
1.000000;1.000000;0.000000;0.000000;1.000000;0.000000;0.000000;0.000000;0.000000;0.000000;0.000000;0.000000;102.000000;-0.000000;-2.832142;-2.691750;0.943166;0.889561;2.985061;0.259027;-0.564887;-0.509144;1.167975;0.127451;0.127451;0.000000;863.519212;0.318491;9.735200;9.240750;3.124358;9.761612;10.224272;0.851145;0.485552;-0.691039;4.928750;0.137255;0.137255;0.000000;10164.802361;0.286823;0.993455;0.980090;0.705308;0.497459;1.218364;0.259390;-0.055479;-0.270161;0.954512;0.156863;0.156863;0.000000;126.043709;0.939023;-6.577139;-6.296750;18.630444;347.093433;19.757332;3.414556;-0.192355;0.346382;18.959825;0.078431;0.078431;1.003922;22114.422618;1.728125;45.405354;48.154000;91.946947;8454.241084;102.547000;11.111760;-0.147909;-0.792446;134.316000;0.078431;0.078431;0.501961;641458.294407;1.385743;0.000000;0.000000;-0.307437;0.109650;-0.129621;0.144501;0.000000;-0.616869;-0.176929;0.000000;0.000000;-0.262988;-0.294316;-0.051252;0.657213;10.248683;9.410821;13.567342;9.950733;0.805898;0.000000;10.060231;1.005859;0.843171;114.446321;10907.723809
1.000000;1.000000;0.000000;0.000000;1.000000;0.000000;0.000000;0.000000;0.000000;0.000000;0.000000;0.000000;102.000000;-0.000000;-2.800689;-2.755900;1.018360;1.037057;2.980087;0.252276;-0.146681;-1.222065;1.819300;0.078431;0.078431;0.000000;852.963723;0.350092;9.499119;8.176500;3.213701;10.327873;10.028017;0.739869;0.410514;-1.198908;5.552975;0.068627;0.068627;0.000000;9730.516157;0.287903;1.159666;1.121250;0.673006;0.452937;1.340807;0.229703;-0.276347;-0.037716;0.888255;0.088235;0.088235;0.000000;160.277803;0.768479;-11.999326;-11.018000;26.585894;706.809764;29.168366;3.971656;-0.119849;-0.685399;38.155125;0.088235;0.088235;1.505882;50734.530488;1.419337;-7.026129;-1.996200;81.037494;6567.075400;81.341514;12.067303;0.041129;-0.501300;121.874000;0.049020;0.049020;0.501961;339978.105757;1.900425;0.000000;0.000000;-0.240417;-0.261931;0.139620;0.062376;0.000000;-0.540485;-0.157581;0.000000;0.000000;-0.027828;-0.644145;-0.244804;0.715708;10.036389;9.712935;13.299808;10.496946;0.980508;0.000000;10.234231;1.005859;1.093732;110.442045;7469.033239
1.000000;1.000000;0.000000;0.000000;1.000000;0.000000;0.000000;0.000000;0.000000;0.000000;0.000000;0.000000;102.000000;-0.000000;-2.995888;-2.988900;1.072494;1.150242;3.182073;0.310961;-0.027048;-0.609397;1.468875;0.127451;0.127451;0.000000;974.153278;0.365798;9.818560;9.167350;2.755742;7.594112;10.197952;0.756830;0.421177;-0.426105;3.276700;0.098039;0.098039;0.000000;10220.521299;0.232960;1.191854;1.201450;1.138887;1.297064;1.648509;0.282097;0.207212;-0.328779;1.524247;0.107843;0.107843;0.000000;211.043798;1.151994;-12.452429;-13.049000;27.376604;749.478437;30.075595;5.056120;0.056205;-0.879784;45.152300;0.088235;0.088235;1.505882;54041.932495;1.625092;34.695749;29.925000;96.808193;9371.826180;102.837839;14.715432;-0.026272;-0.560398;135.932000;0.058824;0.058824;0.501961;600750.439297;1.495763;0.000000;0.000000;-0.341083;0.076711;-0.412728;-0.122942;0.000000;-0.412877;-0.011345;0.000000;0.000000;0.011944;-0.426026;-0.021145;0.577073;10.381044;7.357740;13.814448;7.824848;1.006084;0.000000;10.192975;1.005859;1.061942;115.123817;11482.880192
1.000000;1.000000;0.000000;0.000000;1.000000;0.000000;0.000000;0.000000;0.000000;0.000000;0.000000;0.000000;102.000000;-0.000000;-2.731369;-2.636600;1.084505;1.176151;2.938797;0.272167;-0.538764;-0.323293;1.426025;0.147059;0.147059;0.000000;820.951297;0.395745;10.295833;9.520550;2.036590;4.147698;10.495327;0.558960;1.094770;0.238064;2.476375;0.117647;0.117647;0.000000;11023.969147;0.133974;1.019200;1.001415;1.286563;1.655245;1.641345;0.265048;0.132044;-0.654214;1.820595;0.068627;0.068627;0.000000;190.375059;1.209777;-11.652471;-12.282000;20.562380;422.811455;23.634541;4.120168;0.444820;-0.342535;24.910205;0.088235;0.088235;0.000000;35415.220676;1.668801;92.881576;101.094500;72.242567;5218.988545;117.668924;13.067216;-0.414151;0.297805;82.082750;0.058824;0.058824;0.000000;1146121.151430;0.838929;0.000000;0.000000;-0.288209;0.353632;-0.715798;-0.066975;0.000000;-0.447239;-0.131877;0.000000;0.000000;-0.219685;-0.248469;0.194548;0.388040;10.748325;4.261923;14.027202;4.320680;1.055880;0.000000;10.943704;1.005859;0.995893;119.788407;14407.261339
1.000000;1.000000;0.000000;0.000000;1.000000;0.000000;0.000000;0.000000;0.000000;0.000000;0.000000;0.000000;102.000000;-0.000000;-1.989706;-1.937600;0.513419;0.263599;2.054879;0.169065;0.035140;-0.852849;0.771750;0.088235;0.088235;0.000000;417.264456;0.210169;9.965864;9.526550;1.922352;3.695436;10.149575;0.520628;0.966200;0.458233;2.456175;0.098039;0.098039;0.000000;10318.948123;0.122213;0.993391;1.034450;0.961597;0.924670;1.382569;0.228678;-0.598230;-0.393404;1.268943;0.088235;0.088235;0.000000;147.814835;1.074157;-7.587054;-8.355200;15.981022;255.393079;17.690576;2.804676;0.251187;0.211715;20.767300;0.098039;0.098039;1.505882;18896.860129;1.723026;36.806886;54.137500;94.343869;8900.765648;101.269504;9.913236;-0.513592;-0.328182;97.058700;0.019608;0.019608;0.501961;592136.528025;1.330594;0.000000;0.000000;-0.117556;0.370789;0.001827;-0.054379;0.000000;-0.162128;0.135165;0.000000;0.000000;-0.170329;-0.242432;0.240321;0.469536;10.230104;3.581374;12.955570;3.735982;0.262252;0.000000;10.156396;1.005859;0.800971;108.236405;10570.380497
1.000000;1.000000;0.000000;0.000000;1.000000;0.000000;0.000000;0.000000;0.000000;0.000000;0.000000;0.000000;102.000000;-0.000000;-1.988900;-1.870500;0.606918;0.368350;2.079441;0.172819;-0.321132;-0.656353;0.861125;0.088235;0.088235;0.000000;422.269887;0.278701;9.779676;9.636850;2.474938;6.125316;10.087982;0.659685;0.852133;0.131486;3.137250;0.117647;0.117647;0.000000;10067.887133;0.184698;1.161971;1.053250;0.830801;0.690230;1.428428;0.248943;0.214316;-0.436044;1.313160;0.117647;0.117647;0.000000;172.921519;0.862160;-5.626655;-7.164150;18.023843;324.858927;18.881689;3.535639;0.013413;-0.559629;27.276150;0.058824;0.058824;1.505882;19797.103870;1.448658;-17.329753;3.043896;94.891716;9004.437797;96.461174;12.352832;-0.171721;-1.140140;161.044000;0.039216;0.039216;0.501961;489861.942698;1.505876;0.000000;0.000000;-0.265152;0.492662;0.591350;0.128479;0.000000;-0.415584;0.221546;0.000000;0.000000;-0.237379;-0.140697;0.478180;0.520773;10.054841;5.991633;12.768577;6.213658;0.344302;0.000000;10.009820;1.005859;1.155227;107.091463;9663.316717
1.000000;1.000000;0.000000;0.000000;1.000000;0.000000;0.000000;0.000000;0.000000;0.000000;0.000000;0.000000;102.000000;-0.000000;-2.186532;-2.234950;0.728482;0.530686;2.304692;0.207814;0.436576;-0.435377;1.020575;0.098039;0.098039;0.000000;514.734361;0.311624;9.743481;9.438800;2.458907;6.046222;10.048963;0.635816;0.796215;0.070908;3.117475;0.107843;0.107843;0.000000;9991.794105;0.197782;1.247591;1.080750;0.834881;0.697026;1.501170;0.256439;0.769495;0.101514;1.114920;0.127451;0.127451;0.000000;194.324498;0.951500;1.190815;2.502250;22.014910;484.656249;22.047093;4.159109;0.003209;-0.638390;31.144250;0.058824;0.058824;1.505882;24862.446037;1.431315;31.672261;49.251000;98.643670;9730.573593;103.603599;15.680505;-0.453967;-0.457669;126.261250;0.068627;0.068627;0.501961;598630.484330;1.775000;0.000000;0.000000;-0.118087;0.273731;0.081920;0.134478;0.000000;-0.186941;-0.051976;0.000000;0.000000;-0.266422;-0.243358;0.430248;0.300368;10.074456;5.798586;12.930013;6.114266;0.527760;0.000000;10.003579;1.005859;1.219241;107.293258;11222.033493
1.000000;1.000000;0.000000;0.000000;1.000000;0.000000;0.000000;0.000000;0.000000;0.000000;0.000000;0.000000;102.000000;-0.000000;-2.247777;-2.241000;0.725170;0.525872;2.361859;0.210081;0.238027;0.095983;0.927200;0.127451;0.127451;0.000000;542.183272;0.302949;9.717696;9.475450;1.703359;2.901431;9.865853;0.410385;0.740935;0.861725;1.999625;0.107843;0.107843;0.000000;9780.246789;0.114709;1.033170;1.002950;0.933589;0.871588;1.392490;0.208105;0.522857;-0.256377;1.494345;0.098039;0.098039;0.000000;153.329990;1.058869;-7.423400;-8.641950;28.684973;822.827690;29.629960;3.647008;-0.274902;-0.434852;32.843500;0.058824;0.058824;0.501961;47585.149609;1.268936;93.437194;83.426500;82.278767;6769.795498;124.500220;14.051040;-0.021847;-0.883865;127.931250;0.039216;0.039216;0.000000;1235771.609291;1.054285;0.000000;0.000000;0.111970;0.048983;-0.662440;0.037738;0.000000;-0.130379;-0.335926;0.000000;0.000000;0.104620;-0.474994;0.247981;0.193530;10.061480;2.680052;12.965474;2.938263;0.522974;0.000000;10.072194;1.005859;1.253593;103.913424;16380.178326
1.000000;1.000000;0.000000;0.000000;1.000000;0.000000;0.000000;0.000000;0.000000;0.000000;0.000000;0.000000;102.000000;-0.000000;-2.721785;-2.385200;1.456521;2.121454;3.087000;0.229512;-0.885647;0.170282;1.812925;0.049020;0.049020;0.000000;863.867005;0.580888;9.810344;9.635250;2.463274;6.067718;10.114869;0.485040;0.382748;-0.004062;2.514350;0.078431;0.078431;0.000000;10126.238780;0.186602;1.194672;1.101000;0.977620;0.955741;1.543691;0.191806;0.193224;-0.925298;1.417093;0.058824;0.058824;0.000000;194.328846;0.907958;-24.408105;-19.093000;25.748802;663.000826;35.478957;3.273010;-0.185476;-1.178533;44.774275;0.029412;0.029412;0.000000;94582.479286;1.201377;52.118121;44.189000;95.619286;9143.047948;108.900626;11.621822;0.335731;-0.819545;148.782000;0.049020;0.049020;0.000000;743404.388061;1.524998;0.000000;0.000000;-0.436721;0.065180;-0.387014;0.336508;0.000000;-0.761161;0.029797;0.000000;0.000000;-0.502639;-0.317700;0.115157;0.616674;10.309614;6.551996;13.532129;6.679664;1.590589;0.000000;10.054292;1.005859;0.994635;112.840137;13120.485819
1.000000;1.000000;0.000000;0.000000;1.000000;0.000000;0.000000;0.000000;0.000000;0.000000;0.000000;0.000000;102.000000;-0.000000;-3.287527;-3.316800;1.583654;2.507961;3.649081;0.293496;-0.112766;-0.884186;2.582675;0.068627;0.068627;0.000000;1230.315839;0.502843;9.606264;9.229150;3.377186;11.405386;10.182617;0.844005;0.332633;-0.911389;5.213425;0.078431;0.078431;0.000000;9994.266799;0.297910;1.362388;1.228750;0.763507;0.582943;1.561743;0.266113;0.431033;-0.349164;1.035003;0.098039;0.098039;0.000000;219.059913;0.648979;-11.498260;-12.843000;27.994322;783.682038;30.263708;3.830663;-0.181376;-0.734989;38.155050;0.049020;0.049020;1.505882;53454.077724;1.434737;-12.772427;-23.305500;79.931771;6389.087993;80.945802;12.111758;0.192512;-0.371840;97.932750;0.058824;0.058824;0.501961;342485.321774;1.522353;0.000000;0.000000;-0.339664;0.057876;0.433797;-0.084061;0.000000;-0.522557;-0.146051;0.000000;0.000000;-0.449355;-0.697140;0.124577;0.699574;10.337131;11.145205;13.893791;11.878456;2.172647;0.000000;10.327103;1.005859;1.458334;118.001482;7470.553956
1.000000;1.000000;0.000000;0.000000;1.000000;0.000000;0.000000;0.000000;0.000000;0.000000;0.000000;0.000000;102.000000;-0.000000;-3.368324;-3.255600;1.226625;1.504609;3.584720;0.297529;-0.014190;-0.902606;1.944700;0.068627;0.068627;0.000000;1234.002746;0.369063;9.094956;8.867050;3.314741;10.987507;9.680172;0.929495;0.578435;-0.464776;5.149125;0.088235;0.088235;0.000000;8997.653095;0.354978;1.582622;1.575900;0.854753;0.730603;1.798693;0.319050;0.784138;1.335362;1.044268;0.147059;0.147059;0.000000;292.739919;0.638956;-1.439292;-4.564800;20.212383;408.540418;20.263563;3.398637;0.297884;-0.867254;29.167000;0.049020;0.049020;1.003922;21048.060366;1.170922;0.192396;3.972100;80.165320;6426.478462;80.165550;14.143109;-0.115454;-0.216384;95.089750;0.058824;0.058824;0.501961;327768.341914;1.835700;0.000000;0.000000;-0.060843;0.071670;0.013953;-0.333581;0.000000;-0.219907;-0.448307;0.000000;0.000000;0.143696;-0.433740;0.082322;0.699553;9.895323;9.638519;13.463280;11.102808;1.512993;0.000000;9.823991;1.005859;1.337142;107.555946;6840.362755
1.000000;1.000000;0.000000;0.000000;1.000000;0.000000;0.000000;0.000000;0.000000;0.000000;0.000000;0.000000;102.000000;-0.000000;-2.767011;-2.401350;1.045316;1.092685;2.957877;0.222800;-0.868919;-0.166894;1.148075;0.049020;0.049020;0.000000;836.674493;0.377268;9.550668;9.284800;2.687770;7.224106;9.921661;0.781199;0.530431;0.481987;3.307825;0.078431;0.078431;0.000000;9672.385448;0.240877;1.104404;1.445550;1.349226;1.820410;1.743593;0.238813;-0.205832;-0.248143;1.653218;0.068627;0.068627;0.000000;217.263774;1.325682;-16.225835;-13.492500;24.314793;591.209168;29.231608;2.898919;-0.191915;-0.764956;34.727375;0.019608;0.019608;0.000000;57006.694108;1.175620;67.483560;54.939500;76.321605;5824.987333;101.877467;11.999713;0.093055;-0.374814;98.252250;0.068627;0.068627;0.000000;761628.501045;1.440761;0.000000;0.000000;0.074589;0.793417;-0.845507;-0.657483;0.000000;-0.603259;-0.165056;0.000000;0.000000;-0.341622;0.302658;-0.060463;0.090878;10.094384;6.291802;13.317678;7.302857;1.096278;0.000000;9.864324;1.005859;1.750970;108.188392;11236.545214
1.000000;1.000000;0.000000;0.000000;1.000000;0.000000;0.000000;0.000000;0.000000;0.000000;0.000000;0.000000;102.000000;-0.000000;-2.503500;-2.390800;0.885940;0.784891;2.655636;0.217431;0.658842;3.284477;1.124700;0.098039;0.098039;0.000000;679.352136;0.395248;10.255245;9.812950;1.790385;3.205478;10.410357;0.559703;1.135550;1.864502;2.001100;0.088235;0.088235;0.000000;10890.833119;0.116393;0.537097;0.827820;0.996134;0.992282;1.131705;0.208213;-0.445029;-0.443478;1.457630;0.039216;0.039216;0.501961;80.032093;1.450407;-21.491118;-24.564500;24.878947;618.961979;32.875981;3.238442;0.125623;-1.128969;42.237075;0.039216;0.039216;0.000000;78677.627875;1.086316;69.842243;59.711500;94.814577;8989.804052;117.761382;10.137158;-0.536969;-0.239855;130.389500;0.049020;0.049020;0.000000;956032.066197;1.222094;0.000000;0.000000;-0.197530;0.447389;-0.758868;-0.154909;0.000000;-0.588021;-0.168296;0.000000;0.000000;-0.237591;-0.057847;0.059094;0.209106;10.639203;3.235296;13.791492;3.277508;0.752369;0.000000;10.552489;1.005859;0.395918;116.427932;14949.853851
1.000000;1.000000;0.000000;0.000000;1.000000;0.000000;0.000000;0.000000;0.000000;0.000000;0.000000;0.000000;102.000000;-0.000000;-2.512626;-2.789350;1.148349;1.318704;2.762606;0.300040;0.925480;0.710604;1.613975;0.098039;0.098039;0.000000;711.211281;0.541926;10.164545;9.812950;1.701682;2.895723;10.306003;0.484779;0.519317;-0.260645;1.956850;0.098039;0.098039;0.000000;10686.116129;0.100161;0.909253;0.945515;0.839118;0.704119;1.237279;0.249371;-0.284612;-0.295115;1.060610;0.137255;0.137255;0.000000;120.237759;1.262746;-6.511023;-4.737250;22.526834;507.458229;23.448916;3.738232;-0.149270;-0.810409;37.257250;0.058824;0.058824;1.505882;30204.649675;1.683057;12.471241;29.683000;122.208924;14935.021041;122.843612;14.423879;-0.754416;-0.000209;151.724250;0.049020;0.049020;1.505882;777716.655393;1.993609;0.000000;0.000000;0.043253;-0.069373;0.129055;-0.003456;0.000000;-0.319052;-0.165394;0.000000;0.000000;-0.184659;-0.246655;0.167986;0.183880;10.588126;2.737282;13.724366;2.928955;1.327199;0.000000;10.585363;1.005859;0.917664;114.845695;15641.935411
1.000000;1.000000;0.000000;0.000000;1.000000;0.000000;0.000000;0.000000;0.000000;0.000000;0.000000;0.000000;102.000000;-0.000000;-2.059656;-2.183650;0.957582;0.916963;2.271375;0.242187;0.322543;-0.616204;1.513625;0.039216;0.039216;0.000000;479.475398;0.516972;9.974280;9.453650;2.356130;5.551349;10.248786;0.582853;0.992477;0.340062;2.905900;0.098039;0.098039;0.000000;10430.729329;0.173256;0.927077;0.817375;0.809570;0.655403;1.230803;0.210895;-0.193363;-0.526380;1.264742;0.068627;0.068627;0.000000;121.096372;1.121112;-6.809158;-5.078150;18.232073;332.408502;19.462095;3.205779;0.209018;-0.264745;24.480575;0.058824;0.058824;1.505882;21682.034416;1.451224;23.314569;49.530000;109.499994;11990.248730;111.954535;13.154603;-1.391376;1.486778;79.689750;0.049020;0.049020;0.501961;666949.328363;1.525945;0.000000;0.000000;0.294858;0.213242;0.475804;-0.164703;0.000000;-0.169983;-0.039938;0.000000;0.000000;0.079951;-0.161389;0.359678;0.192993;10.302772;5.049655;13.051237;5.700845;0.831511;0.000000;10.194955;1.005859;0.924364;111.196764;12914.105853
1.000000;1.000000;0.000000;0.000000;1.000000;0.000000;0.000000;0.000000;0.000000;0.000000;0.000000;0.000000;102.000000;-0.000000;-1.459917;-1.445800;1.108407;1.228567;1.833010;0.247584;0.295256;-0.544658;1.589410;0.127451;0.127451;0.000000;280.083577;1.011739;9.841006;9.510000;2.334361;5.449239;10.114081;0.626900;1.202810;1.022020;2.358625;0.107843;0.107843;0.000000;10156.154733;0.180611;1.356412;1.133250;1.041425;1.084567;1.710094;0.208673;1.264083;1.406043;1.036485;0.078431;0.078431;0.000000;242.978369;0.931740;-15.773164;-19.240500;21.612185;467.086536;26.755919;3.161758;0.432332;-0.705407;33.179525;0.039216;0.039216;0.000000;49198.394422;1.384650;51.760269;55.924000;70.388457;4954.534823;87.370820;10.672396;0.032958;0.009143;101.153650;0.049020;0.049020;0.000000;526187.149947;1.936127;0.000000;0.000000;0.230528;0.660265;-0.238376;0.034957;0.000000;0.057148;0.192903;0.000000;0.000000;0.547154;-0.530452;0.173572;0.188992;10.075608;5.136683;12.427246;5.586686;1.157236;0.000000;10.057210;1.005859;1.330004;106.654560;8352.463877
1.000000;1.000000;0.000000;0.000000;1.000000;0.000000;0.000000;0.000000;0.000000;0.000000;0.000000;0.000000;102.000000;-0.000000;-2.030124;-1.717300;1.735965;3.013575;2.671138;0.294930;-0.141428;-1.029747;2.887680;0.049020;0.049020;0.000000;574.111678;1.025773;9.342742;9.484450;2.019475;4.078280;9.558510;0.572130;0.065243;0.847162;2.115800;0.147059;0.147059;0.000000;9111.384017;0.171936;1.540021;1.431000;1.117063;1.247831;1.902498;0.221693;0.570373;0.214078;1.360418;0.098039;0.098039;0.000000;305.550313;0.829480;-18.671146;-27.864500;26.604792;707.814970;32.502718;3.664248;0.774489;-0.703335;39.145725;0.029412;0.029412;0.000000;71658.523122;1.420839;57.620600;36.301000;88.926614;7907.942595;105.962617;13.101347;0.411810;-0.600413;134.668425;0.039216;0.039216;0.000000;741960.688501;1.411614;0.000000;0.000000;0.092106;0.445041;-0.663983;0.005480;0.000000;-0.281949;0.110190;0.000000;0.000000;0.377423;-0.449963;0.065679;0.374518;9.773267;3.983340;12.501627;4.209826;2.952246;0.000000;9.900573;1.005859;1.684190;99.500088;12288.122303
1.000000;1.000000;0.000000;0.000000;1.000000;0.000000;0.000000;0.000000;0.000000;0.000000;0.000000;0.000000;102.000000;-0.000000;-3.560384;-3.872200;1.532001;2.347026;3.875998;0.333109;0.466925;-0.154848;2.035925;0.098039;0.098039;0.000000;1412.684799;0.439586;9.678020;9.648550;3.337940;11.141841;10.237476;0.899440;0.379836;-0.381680;4.249275;0.107843;0.107843;0.000000;10121.997072;0.321138;1.112699;1.088550;0.892931;0.797326;1.426684;0.266780;0.026123;-0.836182;1.255898;0.098039;0.098039;0.000000;166.952133;1.033910;-11.313372;-16.063500;24.693930;609.790162;27.162153;3.859867;0.166583;-1.124608;39.579500;0.049020;0.049020;0.000000;44156.261756;1.733903;37.525103;33.987000;95.968563;9209.965111;103.044158;14.117069;0.275638;-0.583680;143.123750;0.049020;0.049020;1.003922;613482.433395;1.784632;0.000000;0.000000;-0.221815;-0.074304;-0.197748;-0.151466;0.000000;-0.403258;-0.171739;0.000000;0.000000;0.119383;-0.422165;-0.045261;0.567301;10.502711;10.522322;14.243694;11.397520;2.224900;0.000000;10.181282;1.005859;1.210725;120.829265;11357.916432
1.000000;1.000000;0.000000;0.000000;1.000000;0.000000;0.000000;0.000000;0.000000;0.000000;0.000000;0.000000;102.000000;-0.000000;-3.844170;-3.935400;1.165157;1.357590;4.016868;0.307308;-0.023094;-0.063420;1.385925;0.088235;0.088235;0.000000;1576.570466;0.266814;9.573197;9.337100;3.922345;15.384789;10.345573;1.058687;0.393353;-1.089217;6.322925;0.068627;0.068627;0.000000;10132.629608;0.392372;1.133146;1.088550;0.669047;0.447623;1.315919;0.294011;-0.249358;-0.098745;0.780720;0.147059;0.147059;0.000000;153.799137;0.772612;-8.023866;-10.376000;19.709108;388.448927;21.279834;4.058817;-0.038518;-1.187193;34.972250;0.058824;0.058824;1.505882;26377.911927;1.848661;7.307728;10.702750;89.510094;8012.056944;89.807905;16.706168;-0.065391;-0.998254;135.528750;0.049020;0.049020;1.003922;414098.591422;1.935759;0.000000;0.000000;-0.316968;-0.070273;0.275764;-0.247758;0.000000;0.019990;-0.175458;0.000000;0.000000;-0.244100;-0.600689;0.026978;0.475532;10.492871;14.065777;14.417367;15.686613;1.221532;0.000000;10.675365;1.005859;1.022195;124.166120;8520.022833
1.000000;1.000000;0.000000;0.000000;1.000000;0.000000;0.000000;0.000000;0.000000;0.000000;0.000000;0.000000;102.000000;-0.000000;-2.794109;-2.895500;1.570496;2.466459;3.205230;0.448554;1.957449;7.004637;1.384050;0.137255;0.137255;0.000000;922.107860;0.728117;9.683350;9.067350;3.081273;9.494242;10.161767;0.745822;0.199010;-0.898982;4.821925;0.088235;0.088235;0.000000;10048.473699;0.277745;0.828980;1.100300;1.137918;1.294857;1.407858;0.251011;-0.688670;-0.524882;1.567071;0.068627;0.068627;0.000000;136.137540;1.456080;1.548575;2.930450;24.575972;603.978390;24.624713;4.292839;0.398715;0.180000;31.748250;0.058824;0.058824;1.505882;31048.490380;1.638897;-31.908055;-11.649000;106.898986;11427.393246;111.559478;21.537752;-0.636604;-0.074381;128.341500;0.068627;0.068627;0.501961;686668.258520;2.049707;0.000000;0.000000;-0.028153;-0.498502;0.535649;-0.472750;0.000000;0.168957;-0.137288;0.000000;0.000000;0.032570;-0.166824;-0.025400;0.268802;10.302067;8.402426;13.684500;9.590910;2.488213;0.000000;9.717614;1.005859;0.974231;114.535011;13053.875754
1.000000;1.000000;0.000000;0.000000;1.000000;0.000000;0.000000;0.000000;0.000000;0.000000;0.000000;0.000000;102.000000;-0.000000;-4.070072;-3.678650;1.765098;3.115571;4.436333;0.356622;-1.064999;0.590909;1.483375;0.107843;0.107843;0.000000;1848.588317;0.460119;9.653400;9.149550;2.386283;5.694348;9.943967;0.526900;0.463618;-0.719978;3.775500;0.058824;0.058824;0.000000;9795.601302;0.183321;1.859163;1.858800;1.434562;2.057969;2.348288;0.301532;-0.106897;-0.346096;1.659975;0.117647;0.117647;0.000000;457.518170;0.948387;26.789899;12.003000;56.563522;3199.432027;62.586985;7.862620;0.197492;-0.795482;83.789175;0.029412;0.029412;0.501961;236378.111444;1.633907;-18.333531;-26.251500;80.086595;6413.862699;82.158268;15.697673;0.454213;0.762403;74.493750;0.078431;0.078431;1.003922;361405.600500;2.006607;0.000000;0.000000;0.047764;0.598849;0.079632;0.011152;0.000000;-0.425501;0.030210;0.000000;0.000000;-0.686031;0.141201;0.228022;0.076462;10.694361;5.194179;14.723472;5.766483;3.130663;0.000000;10.985043;1.005859;1.818703;119.563533;10672.626221
1.000000;1.000000;0.000000;0.000000;1.000000;0.000000;0.000000;0.000000;0.000000;0.000000;0.000000;0.000000;102.000000;-0.000000;-4.090359;-4.129800;2.031867;4.128483;4.567222;0.296902;-0.077354;0.372052;1.576850;0.098039;0.098039;0.000000;1917.124496;0.517644;8.706153;8.373700;1.716735;2.947178;8.873797;0.405133;0.808942;0.003692;1.853025;0.088235;0.088235;0.000000;7881.624294;0.132505;0.763255;0.082693;1.645686;2.708282;1.814067;0.252492;1.110978;-0.062186;1.861163;0.029412;0.029412;0.000000;197.549670;1.655037;32.362677;32.965000;44.190337;1952.785857;54.773431;5.657693;-0.635429;-0.174272;55.949900;0.058824;0.058824;0.000000;206424.415080;1.435522;-76.208226;-79.690000;59.230525;3508.255069;96.519163;10.542277;0.331109;-0.109576;85.816250;0.039216;0.039216;0.000000;771324.653451;0.974008;0.000000;0.000000;-0.166163;0.466620;0.226284;-0.116186;0.000000;-0.470859;-0.116766;0.000000;0.000000;-0.716360;-0.070298;0.010059;-0.308406;9.857265;3.438125;13.822320;4.408587;2.737129;0.000000;9.932131;1.005859;1.056781;100.603795;12319.368392
1.000000;1.000000;0.000000;0.000000;1.000000;0.000000;0.000000;0.000000;0.000000;0.000000;0.000000;0.000000;102.000000;-0.000000;-3.289255;-3.694750;1.789951;3.203924;3.744746;0.337608;0.087438;-0.177091;2.267925;0.078431;0.078431;0.000000;1266.964334;0.599709;9.439221;8.676350;2.305332;5.314556;9.716658;0.557499;0.862176;0.203833;3.201775;0.049020;0.049020;0.000000;9359.140043;0.177874;0.704236;0.549745;1.127296;1.270796;1.329190;0.246694;0.927878;0.448768;1.395030;0.068627;0.068627;0.000000;115.401894;1.648509;20.733972;17.904000;29.868675;892.137717;36.359804;5.017702;-0.209198;-0.314989;35.911425;0.058824;0.058824;0.000000;89349.038836;1.520883;-45.923513;-43.791500;67.495849;4555.689602;81.637361;8.337995;-0.031280;-1.447902;133.939250;0.049020;0.049020;0.000000;447484.097753;1.455422;0.000000;0.000000;-0.597464;-0.376227;0.494651;-0.715441;0.000000;-0.224386;0.143010;0.000000;0.000000;-0.236171;0.158879;0.437381;-0.119057;10.153529;6.342424;13.754285;7.009726;1.593096;0.000000;9.795955;1.005859;0.302934;109.436567;7988.460718
1.000000;1.000000;0.000000;0.000000;1.000000;0.000000;0.000000;0.000000;0.000000;0.000000;0.000000;0.000000;102.000000;-0.000000;-3.623032;-3.554000;1.442710;2.081413;3.899714;0.315449;-0.321224;0.614739;1.318375;0.107843;0.107843;0.000000;1445.060884;0.415346;9.223840;8.655150;2.654133;7.044420;9.598106;0.682750;0.605336;-0.444397;3.897325;0.078431;0.078431;0.000000;9037.346660;0.229617;1.533969;1.451050;0.983838;0.967937;1.822360;0.265882;0.392530;-0.498013;1.340055;0.137255;0.137255;0.000000;289.379355;0.738953;5.093185;5.148650;31.577044;997.109704;31.985156;6.658938;-0.027160;-0.370907;41.199500;0.098039;0.098039;2.509804;53498.549179;1.830865;-21.875895;-0.955620;68.992861;4760.014921;72.377964;10.241292;-0.598017;-0.914699;101.449000;0.049020;0.049020;1.003922;291608.296440;1.915527;0.000000;0.000000;-0.515922;0.358061;-0.272962;-0.694241;0.000000;-0.303169;-0.051232;0.000000;0.000000;-0.339878;0.117745;0.445277;0.338432;10.037938;7.571220;13.846872;7.811345;1.404842;0.000000;10.174387;1.005859;1.570253;108.331420;6264.940957
1.000000;1.000000;0.000000;0.000000;1.000000;0.000000;0.000000;0.000000;0.000000;0.000000;0.000000;0.000000;102.000000;-0.000000;-4.002263;-3.925950;1.182086;1.397327;4.173181;0.335291;0.272490;1.604835;1.196150;0.078431;0.078431;0.000000;1705.113058;0.272315;9.294372;8.918500;2.407303;5.795107;9.601065;0.743594;0.770989;0.408751;3.081400;0.098039;0.098039;0.000000;9106.856575;0.204296;1.258219;1.182800;1.996580;3.986331;2.359967;0.357487;1.228985;1.871624;2.367995;0.058824;0.058824;0.000000;364.781376;1.733241;19.252980;18.714000;45.503825;2070.598125;49.409264;9.330158;0.230474;-0.904906;65.200250;0.078431;0.078431;1.003922;143409.925908;1.883763;-69.545002;-83.133500;75.730425;5735.097263;102.818308;14.311644;0.238377;-0.751610;102.465750;0.078431;0.078431;0.000000;785822.371361;1.408057;0.000000;0.000000;-0.292410;0.203698;-0.256696;-0.505282;0.000000;-0.399531;-0.445139;0.000000;0.000000;0.120266;0.100788;0.148222;0.348395;10.243486;5.666887;14.296635;6.006163;1.257482;0.000000;9.812060;1.005859;1.157276;110.595888;13018.449388
1.000000;1.000000;0.000000;0.000000;1.000000;0.000000;0.000000;0.000000;0.000000;0.000000;0.000000;0.000000;102.000000;-0.000000;-3.785997;-3.729350;1.552125;2.409091;4.091804;0.369648;-0.471866;0.043565;2.039225;0.098039;0.098039;0.000000;1584.926950;0.425124;9.938234;9.815450;2.231752;4.980718;10.185736;0.714172;0.659391;-0.001603;3.281500;0.107843;0.107843;0.000000;10328.413698;0.162357;1.199648;0.699255;2.033624;4.135627;2.361098;0.410099;1.306351;1.746887;2.399815;0.088235;0.088235;0.000000;357.718041;1.900623;21.321761;27.644000;51.277256;2629.357012;55.533544;9.862651;-0.287752;-0.734121;80.661750;0.068627;0.068627;1.505882;180472.053938;1.533965;-70.159240;-66.019500;57.408065;3295.685967;90.653212;14.471465;-0.378452;0.563647;68.479000;0.088235;0.088235;0.000000;670218.095519;1.200375;0.000000;0.000000;-0.428775;0.279560;-0.293493;-0.199698;0.000000;-0.305362;-0.314464;0.000000;0.000000;-0.099558;0.160731;0.292972;0.145601;10.762124;5.668777;14.724231;5.715450;1.747526;0.000000;10.906539;1.005859;0.906080;121.492081;11307.554149
1.000000;1.000000;0.000000;0.000000;1.000000;0.000000;0.000000;0.000000;0.000000;0.000000;0.000000;0.000000;102.000000;-0.000000;-3.751516;-3.581100;1.500415;2.251245;4.040436;0.364728;-0.453327;-0.356759;2.308525;0.078431;0.078431;0.000000;1550.348841;0.409297;10.095969;10.115000;2.545267;6.478384;10.411867;0.534118;0.155129;-1.083823;4.395300;0.058824;0.058824;0.000000;10727.122590;0.161435;1.657425;1.394450;1.182797;1.399009;2.036189;0.352400;0.519868;-0.835713;1.824400;0.156863;0.156863;0.000000;351.555465;0.831448;-1.589523;8.762500;53.976127;2913.422242;53.999526;9.030740;-0.329188;-1.280855;93.992250;0.058824;0.058824;1.505882;148842.502378;1.205338;-17.432547;-29.903500;73.332552;5377.663130;75.376103;14.493534;1.489789;2.237133;48.855900;0.098039;0.098039;0.501961;305259.940941;2.001916;0.000000;0.000000;-0.318590;0.611121;-0.153138;-0.233611;0.000000;-0.295226;-0.184084;0.000000;0.000000;-0.615811;-0.038610;0.594136;0.085757;10.913027;6.637931;14.847485;6.870925;1.945137;0.000000;10.584811;1.005859;1.585627;125.732086;8601.651730
1.000000;1.000000;0.000000;0.000000;1.000000;0.000000;0.000000;0.000000;0.000000;0.000000;0.000000;0.000000;102.000000;-0.000000;-3.671199;-3.871050;2.153209;4.636307;4.256056;0.501468;-0.774745;1.135200;3.127875;0.068627;0.068627;0.000000;1611.177518;0.688800;10.045991;9.515150;3.732202;13.929330;10.716868;0.662089;0.767313;0.244865;4.931950;0.068627;0.068627;0.000000;11004.433615;0.318560;1.278651;1.128100;1.465220;2.146869;1.944690;0.356202;-0.286731;0.132804;1.530058;0.117647;0.117647;0.000000;276.255140;1.372092;-21.382320;-20.253500;49.447378;2445.043209;53.872505;9.073622;0.114907;-1.261169;93.665000;0.068627;0.068627;0.000000;171351.822464;1.985887;72.171967;80.659500;95.737460;9165.661284;119.893511;16.210594;0.037297;-1.479472;182.794500;0.039216;0.039216;0.000000;998754.666784;1.336587;0.000000;0.000000;-0.668810;0.436130;-0.435902;-0.302769;0.000000;-0.196265;0.054005;0.000000;0.000000;-0.066474;-0.270263;0.188197;0.164938;10.862860;15.963561;14.717190;16.549817;2.199638;0.000000;10.979449;1.005859;1.569420;133.965280;17280.482675
1.000000;1.000000;0.000000;0.000000;1.000000;0.000000;0.000000;0.000000;0.000000;0.000000;0.000000;0.000000;102.000000;-0.000000;-3.412172;-3.664100;2.136390;4.564163;4.025802;0.421340;-0.965686;1.708975;3.020000;0.049020;0.049020;0.000000;1420.373959;0.766748;9.181315;8.443600;3.344534;11.185908;9.771512;0.634171;1.624706;2.944558;2.509675;0.068627;0.068627;0.000000;9168.736656;0.358148;0.673835;0.711010;1.209735;1.463458;1.384742;0.310527;-0.192111;0.318502;1.276720;0.137255;0.137255;0.000000;120.953009;1.817517;-19.916986;-15.589500;39.202526;1536.838017;43.971859;7.176134;-0.089399;-0.667460;47.984175;0.088235;0.088235;0.000000;118845.280336;1.929977;93.894950;96.126000;69.619478;4846.871654;116.889406;12.311287;0.024388;-0.819554;106.102750;0.039216;0.039216;0.000000;1146452.063516;0.795544;0.000000;0.000000;-0.722709;0.265985;-0.267952;-0.637661;0.000000;-0.015697;0.344223;0.000000;0.000000;0.125662;-0.434996;0.022542;0.224216;9.954586;13.595751;13.593487;14.147902;1.758110;0.000000;10.011273;1.005859;0.636216;112.689529;15598.575163
1.000000;1.000000;0.000000;0.000000;1.000000;0.000000;0.000000;0.000000;0.000000;0.000000;0.000000;0.000000;102.000000;-0.000000;-3.232931;-3.334200;1.195766;1.429857;3.446984;0.285686;0.368565;-0.799816;1.882475;0.088235;0.088235;0.000000;1139.012799;0.364363;9.134471;8.517200;2.288945;5.239268;9.416890;0.592206;1.001616;0.262502;2.843425;0.068627;0.068627;0.000000;8777.961640;0.188441;1.466503;1.307800;1.221837;1.492885;1.908799;0.279000;0.521728;0.104313;1.631922;0.078431;0.078431;0.000000;295.502328;0.973067;-6.437733;-2.419050;37.223388;1385.580589;37.775984;7.398091;-0.165314;-0.272919;47.016500;0.078431;0.078431;1.505882;74892.719321;1.582726;23.778935;21.744000;57.014188;3250.617580;61.774229;11.708010;0.036106;-0.070410;65.116750;0.078431;0.078431;0.000000;223473.415857;2.015181;0.000000;0.000000;-0.206608;0.314583;-0.602394;-0.698763;0.000000;-0.191235;-0.430941;0.000000;0.000000;0.076483;-0.195460;0.349738;0.613887;9.820309;5.121051;13.367401;5.374129;1.361027;0.000000;9.643009;1.005859;1.213041;101.559519;5246.723861
1.000000;1.000000;0.000000;0.000000;1.000000;0.000000;0.000000;0.000000;0.000000;0.000000;0.000000;0.000000;102.000000;-0.000000;-3.536465;-3.492600;1.026656;1.054022;3.682473;0.265919;-0.185421;-0.131054;1.307700;0.098039;0.098039;0.000000;1329.452289;0.262386;9.126257;8.345600;2.844846;8.093150;9.559378;0.689539;0.764546;-0.347174;4.259925;0.058824;0.058824;0.000000;8908.226409;0.248820;1.906025;1.662200;1.249278;1.560696;2.278953;0.259148;0.558680;-0.589470;1.849625;0.068627;0.068627;0.000000;450.154729;0.668216;0.536859;-0.138370;45.579416;2077.483193;45.582578;9.299153;0.172204;-0.617727;68.845500;0.078431;0.078431;1.505882;105981.070094;1.486465;-19.146469;-8.577300;61.794201;3818.523240;64.692430;12.662376;-0.344561;-0.809867;77.683000;0.078431;0.078431;0.501961;232146.308819;2.043033;0.000000;0.000000;-0.260873;0.244425;-0.268295;-0.779613;0.000000;-0.606042;-0.402482;0.000000;0.000000;0.180131;0.479601;0.542318;0.600433;9.916461;7.606124;13.662722;8.255615;0.982123;0.000000;9.988293;1.005859;2.105781;105.942322;6268.075569
1.000000;1.000000;0.000000;0.000000;1.000000;0.000000;0.000000;0.000000;0.000000;0.000000;0.000000;0.000000;102.000000;-0.000000;-4.035383;-3.882450;1.239629;1.536680;4.221492;0.331435;0.150398;0.274186;1.568050;0.058824;0.058824;0.000000;1739.376847;0.262517;9.430732;9.471950;2.680463;7.184879;9.804264;0.681363;0.469824;-0.233303;2.886075;0.088235;0.088235;0.000000;9438.200081;0.219029;1.026122;0.840250;1.587352;2.519686;1.890136;0.270006;0.200011;-0.547093;1.936795;0.058824;0.058824;0.000000;235.906327;1.501076;21.264779;21.232000;57.668727;3325.682067;61.464403;9.304634;0.250247;-1.219215;99.718750;0.058824;0.058824;1.505882;215733.258431;1.750191;-75.025398;-92.076500;88.004438;7744.781075;115.644245;13.187178;0.154351;-0.957065;143.215575;0.049020;0.049020;0.000000;969147.263471;1.388589;0.000000;0.000000;-0.419243;0.074054;-0.206067;-0.697276;0.000000;-0.590031;-0.544396;0.000000;0.000000;0.008883;0.432535;0.403593;0.340378;10.380902;7.181460;14.466115;7.584124;1.223788;0.000000;10.061429;1.005859;1.191353;114.944587;17155.036895
1.000000;1.000000;0.000000;0.000000;1.000000;0.000000;0.000000;0.000000;0.000000;0.000000;0.000000;0.000000;102.000000;-0.000000;-3.537236;-3.552650;1.589578;2.526759;3.877989;0.345914;0.061507;-0.833699;2.229125;0.068627;0.068627;0.000000;1405.095510;0.494350;10.114975;9.911400;1.980382;3.921912;10.307018;0.468531;0.379155;0.473747;1.776800;0.107843;0.107843;0.000000;10635.980493;0.137015;0.629801;0.261300;1.869041;3.493315;1.972299;0.323502;0.587401;-0.373920;2.766738;0.049020;0.049020;1.505882;218.633518;1.444549;17.508203;12.371500;63.455533;4026.604620;65.826604;8.861366;0.087996;-1.134550;109.630750;0.049020;0.049020;1.505882;236623.631560;1.564875;-85.653422;-78.899500;69.054175;4768.479073;110.022669;13.625525;-0.362582;-0.589095;98.236750;0.068627;0.068627;0.000000;991518.120886;1.025150;0.000000;0.000000;-0.569038;0.151477;-0.269497;-0.604269;0.000000;-0.000316;-0.251845;0.000000;0.000000;-0.146005;0.263281;0.425968;-0.134671;10.839849;4.771092;14.652210;5.197642;1.314877;0.000000;10.939238;1.005859;0.454620;122.273417;16442.019451
1.000000;1.000000;0.000000;0.000000;1.000000;0.000000;0.000000;0.000000;0.000000;0.000000;0.000000;0.000000;102.000000;-0.000000;-2.667730;-2.518900;1.303808;1.699915;2.969292;0.260541;-0.581931;-0.523290;1.891850;0.068627;0.068627;0.000000;812.623327;0.520892;10.198855;9.766650;2.158225;4.657933;10.424710;0.383826;0.655308;-0.435713;2.814875;0.058824;0.058824;0.000000;10847.254795;0.131404;1.551787;1.627950;1.805176;3.258659;2.380484;0.340537;-0.072788;-0.440897;2.883757;0.068627;0.068627;0.000000;411.837957;1.446983;17.989605;7.474650;63.058956;3976.431922;65.574826;8.633004;0.305186;-0.604947;88.068750;0.058824;0.058824;1.003922;235807.881880;1.393418;-4.674472;-5.031800;69.052703;4768.275855;69.210740;12.087257;0.573463;-0.199407;102.286000;0.049020;0.049020;0.501961;245436.671257;1.577634;0.000000;0.000000;-0.184093;0.394642;0.289752;-0.082659;0.000000;0.508998;0.081079;0.000000;0.000000;-0.084803;-0.043938;0.425468;0.264054;10.664284;4.764310;13.866585;4.793018;1.627779;0.000000;10.629602;1.005859;1.151962;118.491272;9095.851071
1.000000;1.000000;0.000000;0.000000;1.000000;0.000000;0.000000;0.000000;0.000000;0.000000;0.000000;0.000000;102.000000;-0.000000;-2.807376;-2.580550;1.343248;1.804315;3.112182;0.290987;-1.232915;1.258834;1.169825;0.098039;0.098039;0.000000;895.922956;0.529758;9.970221;9.620950;2.480483;6.152796;10.274147;0.510550;0.475866;-0.887370;4.038925;0.078431;0.078431;0.000000;10453.133039;0.179616;1.735625;1.563200;1.053798;1.110490;2.030489;0.276247;0.832962;0.644456;1.378975;0.098039;0.098039;0.000000;363.899583;0.727951;9.935091;-2.611200;56.560123;3199.047556;57.426071;6.880584;0.913111;0.169066;58.870500;0.049020;0.049020;1.505882;173223.037472;1.367624;46.200564;33.715500;63.451060;4026.036997;78.489038;9.944044;0.173632;-0.738032;98.292400;0.049020;0.049020;0.000000;423070.553177;1.510616;0.000000;0.000000;-0.248992;0.529975;-0.195284;-0.232727;0.000000;0.194701;0.166650;0.000000;0.000000;0.426139;-0.595766;0.373166;0.415791;10.480866;6.395227;13.777597;6.368129;1.667766;0.000000;10.476782;1.005859;2.080418;116.243770;9462.405595
1.000000;1.000000;0.000000;0.000000;1.000000;0.000000;0.000000;0.000000;0.000000;0.000000;0.000000;0.000000;102.000000;-0.000000;-3.024777;-2.782650;1.866018;3.482025;3.554054;0.323103;0.020413;-0.560067;2.666050;0.078431;0.078431;0.000000;1110.809656;0.622037;9.455695;9.286400;1.689529;2.854509;9.605450;0.396586;0.735138;0.731009;1.747725;0.088235;0.088235;0.000000;9265.428636;0.113474;0.931998;0.977160;0.907607;0.823750;1.300911;0.223682;0.239190;-0.366711;1.270395;0.068627;0.068627;0.000000;130.620103;1.405175;-25.513878;-26.725500;30.658804;939.962280;39.886342;5.357877;0.021940;-0.496291;40.086650;0.088235;0.088235;0.000000;114336.202995;1.378030;79.692015;78.360000;68.450653;4685.491908;105.053839;9.035973;0.344317;-0.694753;101.258250;0.039216;0.039216;0.000000;886745.417962;0.877554;0.000000;0.000000;-0.419652;0.473205;-0.696845;-0.396097;0.000000;-0.096116;0.219864;0.000000;0.000000;0.256961;-0.163286;-0.012928;-0.035658;10.112818;3.626885;13.562324;4.572827;1.826445;0.000000;9.997921;1.005859;1.127387;105.895980;12628.921726
1.000000;1.000000;0.000000;0.000000;1.000000;0.000000;0.000000;0.000000;0.000000;0.000000;0.000000;0.000000;102.000000;-0.000000;-2.848919;-2.852600;1.934036;3.740497;3.443376;0.321737;-0.039071;-0.750138;2.747000;0.078431;0.078431;0.000000;1018.632973;0.735447;9.091302;8.980200;1.717742;2.950637;9.252157;0.340929;0.966540;0.993400;1.553500;0.137255;0.137255;0.000000;8580.967042;0.119165;1.234188;1.019520;1.623917;2.637106;2.039688;0.285475;1.288545;1.525086;2.056919;0.049020;0.049020;0.000000;289.861010;1.496378;-24.965532;-24.529000;38.578156;1488.274137;45.951626;6.917234;-0.256582;0.259256;35.695350;0.088235;0.088235;0.000000;139478.700520;1.564297;56.935512;41.601000;73.487794;5400.455844;92.962941;10.284049;0.570504;-0.064864;92.216750;0.049020;0.049020;0.000000;606090.581044;1.362330;0.000000;0.000000;-0.451872;0.259781;-0.664566;-0.506902;0.000000;-0.304691;-0.142837;0.000000;0.000000;-0.178341;0.200383;0.481150;0.379720;9.726138;3.861485;13.022073;4.946337;1.811046;0.000000;9.642237;1.005859;0.841241;98.459245;10757.820581
1.000000;1.000000;0.000000;0.000000;1.000000;0.000000;0.000000;0.000000;0.000000;0.000000;0.000000;0.000000;102.000000;-0.000000;-3.576778;-3.708400;1.567804;2.458009;3.905298;0.297658;0.180056;-0.497261;2.293675;0.039216;0.039216;0.000000;1430.303162;0.458583;9.470490;8.539900;2.866584;8.217303;9.894821;0.636192;1.091080;0.601688;4.032250;0.049020;0.049020;0.000000;9567.488102;0.244974;1.915001;1.800600;1.635289;2.674170;2.518214;0.323637;0.563659;-0.061060;2.411307;0.088235;0.088235;0.000000;510.453016;1.074553;-3.520061;-11.056500;50.561080;2556.422845;50.683465;9.232327;-0.007596;-0.309838;63.454250;0.058824;0.058824;1.505882;131641.786862;1.539476;3.100685;15.775000;53.276846;2838.422369;53.366999;10.921248;-1.172729;1.325940;58.016250;0.068627;0.068627;1.003922;145747.364459;1.929281;0.000000;0.000000;-0.525656;0.258411;-0.537236;-0.538460;0.000000;-0.403250;-0.561523;0.000000;0.000000;-0.351383;0.252791;0.617986;0.653038;10.261507;8.860309;14.047268;9.152088;1.628920;0.000000;9.797019;1.005859;1.722727;114.158838;5423.191690
1.000000;1.000000;0.000000;0.000000;1.000000;0.000000;0.000000;0.000000;0.000000;0.000000;0.000000;0.000000;102.000000;-0.000000;-3.826585;-3.863150;1.233838;1.522356;4.020586;0.294686;0.763445;0.641685;1.572425;0.088235;0.088235;0.000000;1571.208798;0.304826;9.264992;8.291000;3.337401;11.138248;9.847757;0.787762;0.867009;-0.043575;4.405825;0.068627;0.068627;0.000000;9323.749015;0.302752;2.105603;2.532800;1.360214;1.850182;2.506740;0.272222;-0.330141;-1.107498;2.349128;0.058824;0.058824;0.000000;546.584242;0.758878;12.914334;18.048500;47.304780;2237.742187;49.035928;9.175739;0.075832;-1.097024;76.308750;0.058824;0.058824;1.505882;131145.644710;1.853374;-25.338722;-4.891250;58.959009;3476.164751;64.173325;12.325917;-0.420784;-0.760275;94.310500;0.049020;0.049020;0.501961;242779.155785;1.951914;0.000000;0.000000;-0.477317;0.246006;-0.394208;-0.561290;0.000000;-0.239797;-0.294859;0.000000;0.000000;-0.052559;0.132404;0.389184;0.186205;10.156829;10.982257;14.093926;11.638589;1.147368;0.000000;10.323607;1.005859;2.261623;114.143440;6529.021542
1.000000;1.000000;0.000000;0.000000;1.000000;0.000000;0.000000;0.000000;0.000000;0.000000;0.000000;0.000000;102.000000;-0.000000;-3.683715;-3.791800;1.441276;2.077276;3.955633;0.280979;0.477288;-0.628646;2.230450;0.078431;0.078431;0.000000;1490.056451;0.370278;8.989180;8.723050;2.640628;6.972915;9.369006;0.534930;0.619689;0.059601;3.761250;0.068627;0.068627;0.000000;8597.778583;0.250068;1.773734;1.821200;1.446445;2.092203;2.288741;0.271713;0.023376;-1.357394;2.609025;0.039216;0.039216;0.000000;427.607947;0.955945;26.349128;39.846000;58.173747;3384.184892;63.862833;8.792768;-0.325860;-1.055637;92.555750;0.049020;0.049020;1.505882;243420.352165;1.614626;-73.552964;-77.765500;51.807822;2684.050447;89.967155;12.654521;-0.049974;-0.445095;65.685750;0.107843;0.107843;0.000000;688710.810599;0.900177;0.000000;0.000000;-0.567952;0.196239;-0.316562;-0.572353;0.000000;0.158637;-0.114559;0.000000;0.000000;0.021705;0.163828;-0.053845;-0.449136;9.841317;7.573786;13.675244;7.867829;1.271967;0.000000;9.559634;1.005859;2.142953;104.425310;12177.788746
1.000000;1.000000;0.000000;0.000000;1.000000;0.000000;0.000000;0.000000;0.000000;0.000000;0.000000;0.000000;102.000000;-0.000000;-3.699185;-3.865650;1.285555;1.652653;3.916200;0.237874;0.237810;-1.032937;2.192950;0.088235;0.088235;0.000000;1480.083191;0.301688;9.793793;9.931300;2.274350;5.172667;10.054405;0.436091;0.840339;1.665709;3.224875;0.058824;0.058824;0.000000;10047.593522;0.176317;1.432148;1.262850;1.338119;1.790561;1.960003;0.312763;0.386163;-0.976734;2.268147;0.098039;0.098039;0.000000;300.528239;1.110028;31.288088;37.091000;66.972660;4485.337190;73.920780;8.507446;-0.005935;-0.888958;103.691500;0.039216;0.039216;1.003922;328609.709733;1.228777;-70.851415;-59.035500;45.485830;2068.960730;84.195509;9.566044;-0.723274;0.222281;46.504000;0.078431;0.078431;0.000000;617549.171511;0.797204;0.000000;0.000000;-0.552758;0.469857;-0.313541;-0.282505;0.000000;0.323578;-0.027384;0.000000;0.000000;-0.144433;0.118941;0.117344;-0.084662;10.566413;5.778587;14.492978;5.859580;1.033317;0.000000;10.612995;1.005859;1.517346;117.427675;12557.007071
1.000000;1.000000;0.000000;0.000000;1.000000;0.000000;0.000000;0.000000;0.000000;0.000000;0.000000;0.000000;102.000000;-0.000000;-3.281116;-3.578700;1.275254;1.626274;3.520226;0.303359;-0.284221;-0.219222;1.979150;0.068627;0.068627;0.000000;1181.087280;0.397478;9.921975;9.523350;2.695203;7.264120;10.281522;0.539015;1.182641;1.495670;3.284000;0.058824;0.058824;0.000000;10411.919658;0.220105;2.354270;2.198750;2.030764;4.124004;3.109114;0.408796;0.980559;1.055241;2.844055;0.068627;0.068627;0.000000;775.670737;1.106168;8.779258;7.135850;65.930171;4346.787435;66.512125;9.535921;0.364395;0.083426;82.862250;0.049020;0.049020;1.003922;229562.138696;1.416282;-0.842355;-13.509500;60.199554;3623.986337;60.205447;10.950113;0.963355;0.523148;96.952000;0.068627;0.068627;0.501961;184907.243844;2.033289;0.000000;0.000000;-0.478591;0.186179;0.490382;-0.319285;0.000000;-0.014959;-0.155882;0.000000;0.000000;-0.503674;-0.127420;0.241785;0.450720;10.554470;7.704851;14.203090;7.785293;1.193124;0.000000;10.702822;1.005859;2.078615;119.101692;8058.225291
1.000000;1.000000;0.000000;0.000000;1.000000;0.000000;0.000000;0.000000;0.000000;0.000000;0.000000;0.000000;102.000000;-0.000000;-3.235935;-3.052250;1.536836;2.361864;3.582337;0.337807;-0.826260;0.473089;1.980300;0.078431;0.078431;0.000000;1188.554399;0.551109;9.554473;8.741000;2.505378;6.276917;9.877493;0.498789;1.349461;1.602382;2.563625;0.068627;0.068627;0.000000;9631.628510;0.234564;2.214735;1.633050;1.959408;3.839279;2.957081;0.357007;1.370912;1.864674;2.347448;0.058824;0.058824;0.000000;696.120482;1.074621;-12.795335;-21.050500;50.836309;2584.330299;52.421855;8.016644;0.210355;0.039332;71.819250;0.049020;0.049020;1.505882;148546.247563;2.156509;48.710185;35.875000;62.395509;3893.199593;79.157323;11.916002;0.730800;-0.059816;96.957975;0.049020;0.049020;0.000000;440601.514649;1.575856;0.000000;0.000000;-0.612356;0.356546;0.046492;-0.442110;0.000000;0.121304;0.321298;0.000000;0.000000;-0.342509;-0.553429;0.182541;0.276637;10.200166;7.354613;13.790407;7.456982;1.267330;0.000000;10.165267;1.005859;2.834745;111.398000;9022.676937
1.000000;1.000000;0.000000;0.000000;1.000000;0.000000;0.000000;0.000000;0.000000;0.000000;0.000000;0.000000;102.000000;-0.000000;-3.020359;-3.084750;1.399291;1.958015;3.328751;0.264624;-0.764034;1.618232;1.454100;0.068627;0.068627;0.000000;1030.364356;0.495356;9.288765;8.995150;1.794948;3.221837;9.460602;0.392490;1.066946;0.870587;1.411425;0.117647;0.117647;0.000000;8964.992468;0.128179;1.439077;1.541350;0.788720;0.622080;1.641043;0.220288;0.254253;-0.222896;1.059155;0.058824;0.058824;0.000000;242.963458;0.668456;-18.448228;-20.915500;28.486156;811.461099;33.938153;4.822491;0.531467;-0.175756;30.571750;0.078431;0.078431;0.000000;76101.040972;1.582303;70.567448;86.155000;54.445860;2964.351665;89.129773;8.043586;0.122020;-0.481807;90.576000;0.029412;0.029412;0.000000;659121.831666;0.904280;0.000000;0.000000;-0.666952;0.621749;-0.285932;-0.473634;0.000000;0.262633;0.441443;0.000000;0.000000;0.101001;-0.268043;-0.058923;-0.213212;9.872913;4.109159;13.309124;4.423672;0.807466;0.000000;9.773662;1.005859;1.334666;101.583571;9098.607587
1.000000;1.000000;0.000000;0.000000;1.000000;0.000000;0.000000;0.000000;0.000000;0.000000;0.000000;0.000000;102.000000;-0.000000;-3.173095;-3.301300;1.346151;1.812121;3.446832;0.265259;-0.334329;0.374497;1.634925;0.078431;0.078431;0.000000;1119.417395;0.425993;9.140018;8.852300;1.639585;2.688240;9.285912;0.448850;0.641970;0.082537;1.866500;0.098039;0.098039;0.000000;8658.173176;0.114563;1.732764;1.635250;1.292934;1.671677;2.161978;0.263153;1.041665;0.832184;1.344422;0.107843;0.107843;0.000000;391.514960;0.933683;-22.714122;-20.993500;27.007339;729.396337;35.289201;4.441481;0.157695;-0.781403;36.715750;0.058824;0.058824;0.000000;89824.265029;1.431759;65.295420;82.623000;46.635388;2174.859444;80.239337;6.952297;-1.242812;0.506076;39.398250;0.068627;0.068627;0.000000;545814.238883;0.873661;0.000000;0.000000;-0.343121;0.320065;-0.748839;-0.255252;0.000000;-0.422122;-0.354809;0.000000;0.000000;-0.181812;0.222731;0.525986;0.406877;9.801243;3.044453;13.313113;3.156003;1.388917;0.000000;9.487931;1.005859;1.531306;99.108815;7688.353088
1.000000;1.000000;0.000000;0.000000;1.000000;0.000000;0.000000;0.000000;0.000000;0.000000;0.000000;0.000000;102.000000;-0.000000;-3.480209;-3.503150;1.119904;1.254184;3.655959;0.248651;-0.815485;0.749872;1.626175;0.098039;0.098039;0.000000;1299.374551;0.277741;9.011419;8.470900;2.129421;4.534435;9.259595;0.511909;0.629434;-0.676547;3.003600;0.068627;0.068627;0.000000;8514.242669;0.176299;1.929070;1.720750;1.363279;1.858530;2.362169;0.277260;0.723791;-0.066456;1.534405;0.058824;0.058824;0.000000;474.367303;0.849276;-15.035209;-23.670500;36.771694;1352.157507;39.726754;5.186436;0.426765;-0.975161;63.150500;0.058824;0.058824;0.000000;92018.012595;1.780735;24.458245;21.168500;47.568999;2262.809621;53.488460;7.138160;-0.042190;-1.324148;88.201250;0.058824;0.058824;0.501961;176421.453395;1.433999;0.000000;0.000000;-0.506435;0.422752;-0.625118;-0.455681;0.000000;-0.270371;-0.118702;0.000000;0.000000;-0.195398;-0.163433;0.649989;0.421113;9.756179;4.923106;13.491627;4.979942;0.865990;0.000000;9.605756;1.005859;1.728652;100.106138;4444.810220
1.000000;1.000000;0.000000;0.000000;1.000000;0.000000;0.000000;0.000000;0.000000;0.000000;0.000000;0.000000;102.000000;-0.000000;-3.470127;-3.426000;0.809763;0.655716;3.563355;0.191783;-0.084010;-0.440126;1.210950;0.107843;0.107843;0.000000;1261.708312;0.174743;8.699679;8.180950;2.296262;5.272818;8.997624;0.514201;0.812453;-0.487328;3.489725;0.039216;0.039216;0.000000;7988.725135;0.209747;2.228984;2.125550;0.934861;0.873964;2.417092;0.216144;0.376955;-0.287038;0.880200;0.088235;0.088235;0.000000;551.347216;0.421471;8.190194;15.092500;37.465533;1403.666187;38.350299;6.089822;-0.064345;-1.508994;72.589750;0.049020;0.049020;1.505882;78444.221563;2.015635;-17.963208;-15.365500;45.680901;2086.744707;49.085859;6.991214;-0.354753;-0.481953;57.396750;0.068627;0.068627;0.501961;139353.651550;1.641584;0.000000;0.000000;-0.534699;0.442470;-0.290309;-0.654232;0.000000;-0.231731;0.153396;0.000000;0.000000;-0.516094;0.174002;0.717532;0.103093;9.453260;5.290621;13.169807;5.532048;0.455184;0.000000;9.449891;1.005859;2.150982;94.654740;3886.009361
1.000000;1.000000;0.000000;0.000000;1.000000;0.000000;0.000000;0.000000;0.000000;0.000000;0.000000;0.000000;102.000000;-0.000000;-4.039819;-3.891200;0.977481;0.955470;4.156393;0.253976;-1.232355;1.774615;1.258825;0.098039;0.098039;0.000000;1713.383450;0.182071;9.270401;9.399450;2.329953;5.428682;9.558714;0.489664;0.318336;-1.072250;3.995850;0.049020;0.049020;0.000000;9042.783634;0.181012;1.411168;1.836800;1.678384;2.816972;2.192799;0.235395;-0.508316;-0.731341;2.001820;0.049020;0.049020;0.000000;346.792333;1.216070;26.060972;41.767000;50.904620;2591.280385;57.187889;8.208624;-0.239188;-0.745129;82.103000;0.049020;0.049020;0.000000;201436.898986;1.669127;-69.194203;-61.675500;72.345018;5233.801618;100.108138;11.735251;-0.529261;-0.370805;98.027750;0.068627;0.068627;0.000000;755375.120578;1.437209;0.000000;0.000000;-0.485624;-0.011810;-0.033538;-0.746920;0.000000;-0.621471;-0.395608;0.000000;0.000000;0.115100;0.587564;0.246734;0.028356;10.203233;5.538647;14.310220;5.743509;0.703851;0.000000;9.827418;1.005859;1.890875;109.644620;13296.902318
1.000000;1.000000;0.000000;0.000000;1.000000;0.000000;0.000000;0.000000;0.000000;0.000000;0.000000;0.000000;102.000000;-0.000000;-3.671375;-3.711650;1.416577;2.006691;3.935185;0.302306;0.103063;0.366111;1.490250;0.068627;0.068627;0.000000;1477.215368;0.387974;10.253324;10.047700;1.831892;3.355830;10.415684;0.401745;0.140119;-0.391697;2.261025;0.078431;0.078431;0.000000;10894.491114;0.111053;1.071852;1.346850;1.489090;2.217389;1.834736;0.245340;-0.460398;-0.748546;1.894553;0.068627;0.068627;0.000000;230.289071;1.500229;19.610515;32.423000;58.946360;3474.673396;62.122827;8.647396;-0.255021;-1.049571;100.657250;0.049020;0.049020;0.501961;216452.373702;1.978169;-79.817061;-64.783500;64.421002;4150.065524;102.571091;13.332653;-0.723735;-0.021698;72.078250;0.088235;0.088235;0.000000;861488.484250;1.057845;0.000000;0.000000;-0.350196;0.053553;-0.076289;-0.674357;0.000000;-0.056441;-0.223235;0.000000;0.000000;0.298384;0.257474;0.286691;-0.348247;11.015170;3.638175;14.924698;3.850781;1.564834;0.000000;10.861448;1.005859;0.811772;124.972155;14383.440655
1.000000;1.000000;0.000000;0.000000;1.000000;0.000000;0.000000;0.000000;0.000000;0.000000;0.000000;0.000000;102.000000;-0.000000;-3.057219;-2.846200;1.810184;3.276765;3.552936;0.339562;-1.070806;1.934840;1.995475;0.058824;0.058824;0.000000;1120.467018;0.703205;9.977108;9.188650;3.096114;9.585923;10.446464;0.523306;1.595105;2.595393;3.106350;0.049020;0.049020;0.000000;10642.254802;0.266635;1.690992;1.641750;1.133929;1.285795;2.035988;0.230717;0.365651;-0.311722;1.466960;0.088235;0.088235;0.000000;357.240115;0.752048;5.970380;3.037250;54.630325;2984.472425;54.955599;8.018106;0.103890;-1.003784;86.491500;0.049020;0.049020;1.003922;155844.121501;0.821141;-19.026555;-31.218000;61.302292;3757.970980;64.187076;11.156137;0.681007;1.064780;68.838250;0.049020;0.049020;0.501961;228621.465116;1.994905;0.000000;0.000000;-0.644020;0.388321;0.235924;-0.026167;0.000000;0.123193;0.353793;0.000000;0.000000;-0.392339;-0.434490;0.206746;0.151167;10.567679;11.076107;14.053631;11.336165;1.653877;0.000000;10.485111;1.005859;1.624228;122.751957;7144.243878
1.000000;1.000000;0.000000;0.000000;1.000000;0.000000;0.000000;0.000000;0.000000;0.000000;0.000000;0.000000;102.000000;-0.000000;-2.798864;-2.542000;1.808840;3.271901;3.332497;0.313299;-1.234622;2.805368;1.629050;0.068627;0.068627;0.000000;965.922210;0.742915;9.426723;8.618100;3.041891;9.253103;9.905362;0.486194;1.995854;4.217262;2.863100;0.049020;0.049020;0.000000;9535.944320;0.291307;1.834443;1.810050;1.121206;1.257102;2.149950;0.214020;0.267482;-0.346931;1.494550;0.068627;0.068627;0.000000;407.366510;0.724997;0.724087;-4.316050;49.424267;2442.758201;49.429571;7.350663;0.429960;-0.627935;78.624500;0.049020;0.049020;1.003922;124655.827067;1.681895;13.114566;9.900900;41.465523;1719.389561;43.490015;9.133313;1.435840;3.360937;36.790000;0.117647;0.117647;1.003922;105232.778951;2.274440;0.000000;0.000000;-0.602013;0.414016;0.259901;0.121438;0.000000;-0.047950;0.617790;0.000000;0.000000;-0.425233;-0.535471;0.408471;0.431604;9.979026;10.640785;13.257771;10.831432;1.817582;0.000000;10.072081;1.005859;1.751347;110.221739;4339.286190
1.000000;1.000000;0.000000;0.000000;1.000000;0.000000;0.000000;0.000000;0.000000;0.000000;0.000000;0.000000;102.000000;-0.000000;-2.892838;-2.728000;1.679309;2.820078;3.344935;0.291158;-0.767434;1.003913;1.805900;0.049020;0.049020;0.000000;997.431630;0.680462;9.598762;9.386050;2.207974;4.875151;9.849435;0.388559;0.620796;-0.083732;2.174200;0.058824;0.058824;0.000000;9646.527888;0.160448;1.547610;1.491550;1.056568;1.116336;1.873882;0.206524;-0.325229;-0.197993;1.378865;0.058824;0.058824;0.000000;301.237248;0.751599;-12.440491;-10.732650;43.801848;1918.601877;45.534247;6.632238;0.013543;-0.451162;62.902000;0.058824;0.058824;1.505882;113634.879898;1.724026;56.830432;29.737500;66.708939;4450.082530;87.634357;9.025693;0.721517;-0.386870;97.562250;0.029412;0.029412;0.000000;556391.725864;1.288346;0.000000;0.000000;-0.721571;0.669023;-0.541057;-0.435937;0.000000;0.382570;0.347232;0.000000;0.000000;0.162645;-0.577720;0.092773;0.005177;10.148527;6.207368;13.504480;6.780108;0.991311;0.000000;10.197281;1.005859;1.775508;109.199967;9756.659614
1.000000;1.000000;0.000000;0.000000;1.000000;0.000000;0.000000;0.000000;0.000000;0.000000;0.000000;0.000000;102.000000;-0.000000;-2.880382;-2.635500;1.481561;2.195024;3.239077;0.286662;-1.559023;2.638778;1.261825;0.088235;0.088235;0.000000;958.215232;0.579937;9.513956;9.204100;1.952120;3.810773;9.712164;0.340649;1.177334;1.388240;1.173000;0.137255;0.137255;0.000000;9426.915772;0.136548;1.324283;1.286700;1.180790;1.394265;1.774258;0.245892;0.143457;-0.475084;1.933853;0.088235;0.088235;0.000000;249.993049;1.053298;-16.232389;-10.732650;38.465640;1479.605458;41.750400;6.270640;-0.019064;0.593701;44.027625;0.078431;0.078431;1.505882;102346.562160;1.746568;84.122951;81.329500;52.889371;2797.285567;99.367784;11.066624;0.391381;0.534099;47.371250;0.107843;0.107843;0.000000;864507.340430;0.798880;0.000000;0.000000;-0.781302;0.466005;-0.545600;-0.537856;0.000000;0.181851;0.389445;0.000000;0.000000;0.082549;-0.648540;-0.034062;-0.064110;10.038775;5.040744;13.394337;5.456135;0.609125;0.000000;10.468474;1.005859;1.254513;105.817751;11620.200348
1.000000;1.000000;0.000000;0.000000;1.000000;0.000000;0.000000;0.000000;0.000000;0.000000;0.000000;0.000000;102.000000;-0.000000;-2.712451;-2.427400;1.192915;1.423047;2.963180;0.246010;-0.846459;-0.055071;1.329150;0.098039;0.098039;0.000000;823.032974;0.445179;9.164406;8.950350;1.951435;3.808098;9.369868;0.422706;1.150649;2.879168;1.405800;0.107843;0.107843;0.000000;8760.827484;0.146921;1.830669;1.828800;1.204769;1.451468;2.191533;0.251769;0.169369;-0.581752;1.765662;0.058824;0.058824;0.000000;415.862371;0.745579;-9.740688;-8.902250;39.790311;1583.268840;40.965227;6.512473;-0.193829;-0.724581;51.961500;0.068627;0.068627;2.007843;90430.041607;1.569973;28.856912;27.794500;56.011937;3137.337072;63.008400;9.916515;-0.770900;0.866359;87.370500;0.049020;0.049020;0.000000;244950.345185;1.744348;0.000000;0.000000;-0.136710;0.144858;-0.668465;-0.262545;0.000000;-0.460402;-0.409148;0.000000;0.000000;0.109883;-0.113421;0.364507;-0.137686;9.678549;3.900551;12.876857;3.887949;1.394989;0.000000;9.766268;1.005859;1.749004;97.574870;5653.011096
1.000000;1.000000;0.000000;0.000000;1.000000;0.000000;0.000000;0.000000;0.000000;0.000000;0.000000;0.000000;102.000000;-0.000000;-3.376954;-3.316250;1.370162;1.877344;3.644333;0.264311;-0.160737;-0.647605;2.269700;0.039216;0.039216;0.000000;1258.939618;0.396952;9.399939;8.805400;2.461861;6.060762;9.716976;0.584783;0.660483;-0.073732;3.324375;0.068627;0.068627;0.000000;9321.718086;0.216376;2.125476;2.105500;1.244785;1.549490;2.463156;0.253952;0.302021;-0.742216;1.804875;0.088235;0.088235;0.000000;539.841195;0.714564;-2.169683;-3.419000;41.209181;1698.196601;41.266259;6.576203;-0.269231;-0.732740;61.244500;0.049020;0.049020;1.003922;87088.636300;1.573672;3.021771;11.583000;50.936851;2594.562804;51.026404;8.780356;-0.925376;1.337782;49.425250;0.068627;0.068627;2.007843;133294.313039;2.281103;0.000000;0.000000;-0.366540;0.300634;-0.612042;-0.341832;0.000000;-0.478030;-0.445834;0.000000;0.000000;-0.119572;-0.006135;0.593831;0.037577;10.111447;6.459425;13.776893;6.462205;1.554495;0.000000;10.117932;1.005859;2.087776;108.700780;4312.665168
1.000000;1.000000;0.000000;0.000000;1.000000;0.000000;0.000000;0.000000;0.000000;0.000000;0.000000;0.000000;102.000000;-0.000000;-3.590882;-3.430250;0.920764;0.847806;3.707053;0.203408;-1.065961;1.294101;1.189900;0.088235;0.088235;0.000000;1358.477594;0.198662;9.327103;8.399600;2.288142;5.235593;9.603668;0.520469;0.739935;-0.630069;3.506875;0.039216;0.039216;0.000000;9140.490456;0.179337;2.522887;2.286550;1.384126;1.915804;2.877631;0.247709;0.362608;-0.577496;2.216350;0.049020;0.049020;0.000000;746.934836;0.617790;6.322288;7.229150;40.859176;1669.472277;41.345418;6.156648;-0.281735;-0.775385;69.537500;0.049020;0.049020;1.003922;89222.346395;1.812495;-23.272085;-19.666500;47.211386;2228.914982;52.635586;6.854442;-0.142613;-1.205443;80.881500;0.049020;0.049020;0.501961;168918.535731;1.633470;0.000000;0.000000;-0.746797;0.541537;-0.598822;-0.572693;0.000000;-0.010856;0.113772;0.000000;0.000000;-0.324852;0.083652;0.204741;-0.323942;10.064152;5.685538;13.917985;5.798304;0.345327;0.000000;10.271450;1.005859;2.271607;106.972685;4488.229278
1.000000;1.000000;0.000000;0.000000;1.000000;0.000000;0.000000;0.000000;0.000000;0.000000;0.000000;0.000000;102.000000;-0.000000;-3.754994;-3.745300;0.723344;0.523227;3.824030;0.166512;-0.201658;-1.000889;1.129200;0.107843;0.107843;0.000000;1464.895815;0.123053;9.084972;8.912650;1.795408;3.223491;9.260680;0.390737;1.125833;0.948189;2.035525;0.078431;0.078431;0.000000;8583.169089;0.136861;1.874510;1.447850;1.416788;2.007290;2.349697;0.180377;1.025724;0.299612;2.024425;0.039216;0.039216;0.000000;460.786890;0.819630;21.120935;29.032500;39.748655;1579.955596;45.011659;5.584705;-0.898129;0.293584;59.041150;0.039216;0.039216;1.003922;126079.311941;1.489682;-60.056231;-59.703000;28.350651;803.759418;66.411673;6.457768;-0.278241;0.635475;30.690750;0.117647;0.117647;0.000000;408881.103124;0.509004;0.000000;0.000000;-0.665888;0.036834;-0.111014;-0.714854;0.000000;-0.058786;0.294019;0.000000;0.000000;0.391684;0.106864;-0.120539;-0.541972;9.896643;3.439860;13.839966;3.511127;0.272688;0.000000;9.785072;1.005859;2.277876;101.383408;6442.080903
1.000000;1.000000;0.000000;0.000000;1.000000;0.000000;0.000000;0.000000;0.000000;0.000000;0.000000;0.000000;102.000000;-0.000000;-3.726381;-3.686650;0.792614;0.628237;3.809745;0.177677;0.115560;-0.687170;1.095675;0.068627;0.068627;0.000000;1448.403816;0.148298;9.597685;9.429300;1.315614;1.730840;9.687435;0.352851;0.843811;0.603713;1.328175;0.127451;0.127451;0.000000;9484.063488;0.073649;1.110814;1.138100;0.774641;0.600069;1.354244;0.150626;0.014083;-0.407466;1.078387;0.088235;0.088235;0.000000;156.462596;0.807744;16.253713;20.237000;41.283912;1704.361388;44.368284;5.390144;-0.599290;-0.187689;66.109750;0.039216;0.039216;1.003922;113871.365887;1.665587;-68.599157;-67.093500;27.581307;760.728516;73.936276;6.214277;-0.355066;-0.637106;43.804750;0.078431;0.078431;0.000000;518793.608651;0.414495;0.000000;0.000000;-0.424546;0.281680;-0.258441;-0.584170;0.000000;-0.035292;-0.038382;0.000000;0.000000;0.484445;-0.040436;-0.183939;-0.442850;10.368429;1.856236;14.324067;1.905269;0.477165;0.000000;10.086456;1.005859;1.004710;109.360558;7436.951396
1.000000;1.000000;0.000000;0.000000;1.000000;0.000000;0.000000;0.000000;0.000000;0.000000;0.000000;0.000000;102.000000;-0.000000;-3.022959;-3.103400;1.305478;1.704272;3.292804;0.239033;0.644944;0.533497;1.054575;0.127451;0.127451;0.000000;1019.028998;0.458214;9.703916;9.305750;2.612620;6.825785;10.049466;0.520789;1.338538;1.817248;2.715250;0.107843;0.107843;0.000000;9953.060139;0.209031;1.454734;1.380850;1.427809;2.038640;2.038355;0.266145;1.146352;2.383530;1.500742;0.107843;0.107843;0.000000;319.829811;1.202508;5.722714;4.680200;65.622959;4306.372754;65.872014;9.081897;-0.315729;-0.415323;83.172000;0.039216;0.039216;1.003922;222965.533788;0.854583;-24.931490;-40.034500;64.468212;4156.150298;69.121122;9.535090;0.945386;0.314274;81.442500;0.068627;0.068627;0.501961;275367.644090;1.641160;0.000000;0.000000;-0.599839;0.345659;0.132284;-0.422376;0.000000;-0.312889;0.008233;0.000000;0.000000;-0.320475;0.304635;0.306407;0.247277;10.272486;7.310345;13.740545;7.617376;0.997137;0.000000;10.321711;1.005859;1.414597;112.834320;9121.006598
1.000000;1.000000;0.000000;0.000000;1.000000;0.000000;0.000000;0.000000;0.000000;0.000000;0.000000;0.000000;102.000000;-0.000000;-2.834608;-3.021350;1.255135;1.575364;3.100059;0.237420;0.559567;0.519508;1.186675;0.098039;0.098039;0.000000;899.919755;0.453482;9.316627;8.333000;2.712370;7.356950;9.703427;0.470189;1.569966;2.019359;2.572425;0.088235;0.088235;0.000000;9228.762796;0.243516;1.803767;1.566800;1.529097;2.338136;2.364680;0.290322;0.851172;0.731790;1.644137;0.068627;0.068627;0.000000;451.111580;1.069115;6.268441;23.890000;64.939224;4217.102801;65.241062;9.175970;-0.436484;-0.326790;86.686000;0.049020;0.049020;1.505882;219095.897989;1.432251;15.068776;14.332500;46.178369;2132.441799;48.574786;10.042673;0.838504;0.987662;55.206750;0.058824;0.058824;0.501961;131915.730119;2.099040;0.000000;0.000000;-0.514206;0.261488;0.295018;-0.543194;0.000000;-0.420491;0.244452;0.000000;0.000000;-0.570317;0.181785;0.612052;0.461781;9.855640;7.633223;13.164906;7.923354;1.097398;0.000000;9.896243;1.005859;1.642965;104.766865;6621.497666
1.000000;1.000000;0.000000;0.000000;1.000000;0.000000;0.000000;0.000000;0.000000;0.000000;0.000000;0.000000;102.000000;-0.000000;-2.887421;-2.966500;0.985256;0.970729;3.050890;0.216870;-0.262605;0.153296;1.064025;0.088235;0.088235;0.000000;899.914354;0.326405;9.366937;8.861100;2.071370;4.290572;9.593231;0.390300;1.372383;1.228390;1.710225;0.078431;0.078431;0.000000;9168.250459;0.154331;2.022604;2.044700;0.946958;0.896730;2.233307;0.228933;0.575289;0.352467;1.260150;0.088235;0.088235;0.000000;463.013175;0.488769;-7.534150;-13.801500;39.002633;1521.205408;39.723656;5.335072;-0.247571;-0.930119;58.632000;0.029412;0.029412;1.003922;83372.187088;1.422221;44.499813;47.463500;46.284610;2142.265146;64.206686;7.076966;0.209620;-0.426705;58.429750;0.029412;0.029412;0.000000;311243.176013;1.236857;0.000000;0.000000;-0.592867;0.428736;0.005381;-0.451435;0.000000;-0.161274;0.087471;0.000000;0.000000;-0.444726;-0.046559;0.532778;0.546493;9.885206;4.620723;13.254358;4.731127;0.582266;0.000000;10.094004;1.005859;2.084613;102.338013;5705.454981
1.000000;1.000000;0.000000;0.000000;1.000000;0.000000;0.000000;0.000000;0.000000;0.000000;0.000000;0.000000;102.000000;-0.000000;-3.193137;-3.137350;1.090804;1.189854;3.374312;0.238453;-0.265725;-0.009385;1.109600;0.098039;0.098039;0.000000;1100.691899;0.312843;9.302189;9.014950;1.705859;2.909955;9.457308;0.368410;1.920578;4.689876;1.178775;0.107843;0.107843;0.000000;8974.555909;0.121484;1.384264;1.384950;0.973600;0.947897;1.692361;0.202758;-0.324780;-0.508797;1.253620;0.117647;0.117647;0.000000;243.793868;0.806108;-29.942329;-25.492500;31.823168;1012.714042;43.695047;4.160752;0.187651;-0.164075;40.894500;0.058824;0.058824;0.000000;143095.864832;1.166962;92.388184;87.335000;35.016529;1226.157276;98.801487;7.461091;0.175914;-0.391963;52.976500;0.058824;0.058824;0.000000;933167.297196;0.377515;0.000000;0.000000;-0.526339;0.606401;-0.621682;-0.803666;0.000000;0.034188;-0.107859;0.000000;0.000000;0.331962;-0.203117;0.005135;0.329381;9.925875;3.303671;13.495327;3.386521;0.753880;0.000000;10.084983;1.005859;1.677374;101.826659;11673.855093
1.000000;1.000000;0.000000;0.000000;1.000000;0.000000;0.000000;0.000000;0.000000;0.000000;0.000000;0.000000;102.000000;-0.000000;-3.445520;-3.349350;1.026099;1.052879;3.595064;0.243382;-0.186214;-0.451572;1.251025;0.088235;0.088235;0.000000;1264.602223;0.247741;9.041693;8.771700;2.175930;4.734670;9.299833;0.436793;1.068609;1.289160;2.309750;0.078431;0.078431;0.000000;8580.195730;0.175087;1.463517;1.265500;1.370305;1.877735;2.004898;0.223097;1.383451;2.479857;1.048675;0.127451;0.127451;0.000000;314.238884;1.112583;-25.737450;-30.159500;37.271199;1389.142291;45.294135;4.869020;0.894393;1.071072;29.948000;0.058824;0.058824;0.000000;138416.221151;1.433660;50.644898;58.907500;63.301016;4007.018690;81.067407;8.269414;-0.017461;-0.917875;104.347048;0.019608;0.019608;0.000000;465978.398068;1.132899;0.000000;0.000000;-0.694391;0.724634;-0.664422;-0.647214;0.000000;0.262983;0.091344;0.000000;0.000000;0.301823;-0.225259;-0.279615;-0.319445;9.754779;5.255650;13.487213;5.353032;0.491820;0.000000;9.951497;1.005859;1.353908;100.411369;8627.502695
1.000000;1.000000;0.000000;0.000000;1.000000;0.000000;0.000000;0.000000;0.000000;0.000000;0.000000;0.000000;102.000000;-0.000000;-3.530716;-3.181050;1.364989;1.863195;3.785386;0.265449;-1.296454;2.073544;1.550850;0.068627;0.068627;0.000000;1366.553966;0.370411;9.462894;8.423250;3.000966;9.005800;9.927344;0.656180;0.819624;-0.538155;4.616825;0.049020;0.049020;0.000000;9593.093489;0.281403;2.123346;1.732300;1.266948;1.605157;2.472601;0.287670;1.189791;0.948740;1.521375;0.058824;0.058824;0.000000;541.741632;0.710597;-0.061691;-10.866000;39.097459;1528.611299;39.097508;6.569606;0.616118;-0.716954;56.951000;0.039216;0.039216;1.003922;77963.642439;1.627924;-9.983867;-8.009000;35.989347;1295.233113;37.348504;9.187165;-0.188162;-0.066238;36.058075;0.098039;0.098039;0.000000;76224.869279;2.425873;0.000000;0.000000;-0.785240;0.336807;-0.337509;-0.131479;0.000000;-0.377045;0.083003;0.000000;0.000000;-0.119054;-0.145450;-0.063057;0.257870;10.180963;10.229310;13.993610;10.342189;0.634420;0.000000;10.086760;1.005859;2.329521;113.881313;2929.639574
1.000000;1.000000;0.000000;0.000000;1.000000;0.000000;0.000000;0.000000;0.000000;0.000000;0.000000;0.000000;102.000000;-0.000000;-4.171613;-4.020900;1.429108;2.042348;4.409615;0.316020;-1.075567;0.535738;1.397200;0.107843;0.107843;0.000000;1879.200372;0.330553;9.523101;8.576050;2.943795;8.665930;9.967717;0.727410;0.613924;-0.628176;4.940975;0.058824;0.058824;0.000000;9692.292389;0.265394;1.632092;1.663950;1.301984;1.695163;2.087795;0.319253;-1.008000;2.752556;1.424420;0.098039;0.098039;0.000000;358.175676;1.056963;10.211049;7.512050;39.753523;1580.342613;41.043978;7.687342;0.232280;-0.333324;56.407750;0.078431;0.078431;1.003922;91244.127769;2.192326;-32.775773;-11.660000;73.962683;5470.478525;80.899505;10.614733;-1.022664;0.909191;94.008000;0.049020;0.049020;0.000000;388758.994004;2.234948;0.000000;0.000000;-0.594515;-0.145893;0.369118;-0.482075;0.000000;-0.559726;-0.078226;0.000000;0.000000;-0.168170;0.234890;0.313609;0.387907;10.510282;9.334065;14.694714;9.598372;1.215929;0.000000;10.643900;1.005859;2.059227;119.800084;8233.696870
1.000000;1.000000;0.000000;0.000000;1.000000;0.000000;0.000000;0.000000;0.000000;0.000000;0.000000;0.000000;102.000000;-0.000000;-4.025460;-4.112450;1.447253;2.094541;4.277718;0.356885;-0.419450;0.058017;1.564525;0.098039;0.098039;0.000000;1759.670458;0.356020;9.248041;9.141050;2.178253;4.744786;9.501108;0.538530;0.386545;0.040613;2.059375;0.117647;0.117647;0.000000;8965.695815;0.184761;0.979721;1.133250;1.871294;3.501741;2.112248;0.356928;-1.328972;1.521260;1.815715;0.068627;0.068627;0.000000;276.502176;1.777238;28.969628;31.235500;40.231683;1618.588290;49.576483;7.821767;0.162427;0.244349;51.463675;0.068627;0.068627;0.000000;168158.200221;1.649759;-72.884449;-53.212000;94.766822;8980.750551;119.552890;13.713190;-0.689254;-0.024521;144.774425;0.049020;0.049020;0.000000;999874.423490;1.365648;0.000000;0.000000;-0.313885;-0.237062;0.587083;-0.781223;0.000000;-0.167238;-0.345343;0.000000;0.000000;0.170212;0.230455;-0.086453;0.105583;10.229682;4.923532;14.273501;5.123708;1.783336;0.000000;10.161104;1.005859;1.014859;109.569920;16755.182692
1.000000;1.000000;0.000000;0.000000;1.000000;0.000000;0.000000;0.000000;0.000000;0.000000;0.000000;0.000000;102.000000;-0.000000;-3.028730;-3.259550;1.640567;2.691459;3.444512;0.268763;-0.018256;-0.358809;2.439250;0.029412;0.029412;0.000000;1072.972040;0.668013;9.491406;9.214100;1.714726;2.940284;9.645054;0.414443;1.800611;3.854694;1.407800;0.117647;0.117647;0.000000;9338.809216;0.118225;0.804389;0.767095;1.663363;2.766776;1.847652;0.270358;-1.242023;2.681266;1.154140;0.117647;0.117647;0.000000;207.123825;1.853090;30.193053;30.738500;31.952960;1020.991622;43.961484;6.466069;0.799850;1.098011;40.886500;0.068627;0.068627;0.000000;145077.372577;1.434326;-64.354927;-41.651000;74.384232;5533.013939;98.359395;11.278900;-1.763316;3.093079;74.698500;0.049020;0.049020;0.000000;704738.872921;1.621286;0.000000;0.000000;-0.389690;-0.148890;0.582493;-0.726799;0.000000;-0.455065;-0.237642;0.000000;0.000000;0.263603;0.446895;-0.324730;0.205041;10.121309;3.450840;13.521808;3.957956;1.729546;0.000000;10.262383;1.005859;0.654762;105.891736;11610.596518
1.000000;1.000000;0.000000;0.000000;1.000000;0.000000;0.000000;0.000000;0.000000;0.000000;0.000000;0.000000;102.000000;-0.000000;-2.641210;-2.981800;1.419385;2.014653;2.998440;0.204549;0.328616;-1.063331;2.391975;0.039216;0.039216;0.000000;814.303049;0.577602;9.849643;9.309050;2.193726;4.812432;10.090981;0.501250;1.113842;0.705183;2.836875;0.088235;0.088235;0.000000;10141.098128;0.167738;1.004445;0.773000;0.836992;0.700556;1.307465;0.186281;0.684823;-0.746864;1.317715;0.088235;0.088235;0.000000;138.638841;0.953186;3.024759;10.464500;42.415217;1799.050603;42.522932;5.855030;-0.548073;0.499714;39.053000;0.058824;0.058824;1.505882;92687.113497;1.522887;-23.060917;-24.219500;29.272522;856.880541;37.265083;6.728293;-0.651063;0.675777;35.324900;0.107843;0.107843;0.000000;97976.369315;1.846138;0.000000;0.000000;-0.455811;0.423889;0.150535;0.055158;0.000000;0.093013;0.035628;0.000000;0.000000;-0.069904;0.629567;0.339628;0.245804;10.326305;5.185962;13.492525;5.459868;1.434812;0.000000;10.233045;1.005859;0.944313;111.818547;3198.595669
1.000000;1.000000;0.000000;0.000000;1.000000;0.000000;0.000000;0.000000;0.000000;0.000000;0.000000;0.000000;102.000000;-0.000000;-2.526802;-2.582950;1.183711;1.401172;2.790323;0.241994;0.176063;-0.368519;1.609475;0.078431;0.078431;0.000000;722.704220;0.493086;9.983829;9.435500;2.291234;5.249753;10.243369;0.468248;0.724707;0.043784;3.238350;0.078431;0.078431;0.000000;10434.780551;0.155177;1.595242;1.649600;1.028554;1.057924;1.898083;0.200148;0.062366;-1.256438;1.856940;0.058824;0.058824;0.000000;313.523387;0.711421;-4.916889;7.125200;51.140891;2615.390684;51.376711;7.293426;0.038502;-0.690318;67.489750;0.049020;0.049020;1.505882;135852.240458;1.554459;30.104597;16.531500;56.397490;3180.676828;63.929364;9.179012;0.606244;-0.548519;76.861500;0.029412;0.029412;0.000000;254657.162349;1.584439;0.000000;0.000000;-0.384043;0.660363;0.013480;-0.127779;0.000000;-0.023520;-0.251301;0.000000;0.000000;-0.034992;0.186020;0.530438;0.512888;10.406401;5.419313;13.521348;5.568155;1.148621;0.000000;10.570904;1.005859;1.451864;113.712504;6730.132772
1.000000;1.000000;0.000000;0.000000;1.000000;0.000000;0.000000;0.000000;0.000000;0.000000;0.000000;0.000000;102.000000;-0.000000;-2.708240;-2.740700;1.209613;1.463163;2.966096;0.241250;0.451096;-0.390757;1.614375;0.078431;0.078431;0.000000;822.748401;0.440614;9.422508;9.168150;1.814408;3.292077;9.595610;0.314740;1.418163;2.772617;1.542400;0.068627;0.068627;0.000000;9223.893726;0.126046;1.405172;1.287450;1.046315;1.094774;1.751936;0.212874;0.233011;-0.852703;1.373725;0.058824;0.058824;0.000000;257.233538;0.850699;-23.901391;-29.217000;47.975217;2301.621402;53.599421;7.038461;0.143028;0.133322;54.837825;0.068627;0.068627;0.000000;175681.093694;1.900188;87.554331;80.329000;46.712493;2182.056967;99.236172;9.612941;0.311020;-0.359706;60.815500;0.088235;0.088235;0.000000;893196.124631;0.591929;0.000000;0.000000;-0.290211;0.737603;-0.627210;-0.809726;0.000000;-0.158529;-0.355360;0.000000;0.000000;-0.017995;-0.246672;0.598530;0.625040;9.923280;3.401972;13.141464;3.526609;1.275713;0.000000;10.024593;1.005859;1.643267;101.873456;12723.785092
1.000000;1.000000;0.000000;0.000000;1.000000;0.000000;0.000000;0.000000;0.000000;0.000000;0.000000;0.000000;102.000000;-0.000000;-3.129108;-3.428400;1.337146;1.787960;3.402834;0.236664;0.701888;-0.512224;1.786275;0.049020;0.049020;0.000000;1089.916069;0.463386;8.900476;9.019250;0.950440;0.903336;8.951079;0.280879;0.272714;0.040220;1.444725;0.127451;0.127451;0.000000;8126.375688;0.048543;1.107555;1.012350;0.988346;0.976827;1.484421;0.182756;0.402346;-0.588814;1.505038;0.058824;0.058824;0.000000;174.939735;1.016659;-29.729533;-23.299500;32.357761;1047.024715;43.941664;4.860881;-1.544233;1.904747;27.675800;0.068627;0.068627;0.000000;143552.013928;1.211028;74.332793;70.536500;49.150545;2415.776051;89.113075;7.534693;0.450976;-0.169973;64.766750;0.078431;0.078431;0.000000;686791.829454;0.710715;0.000000;0.000000;-0.110665;0.386966;-0.299533;-0.771735;0.000000;-0.131604;0.035497;0.000000;0.000000;-0.649214;-0.095023;0.194309;-0.238509;9.575291;1.014893;13.029585;1.827701;0.890242;0.000000;9.563119;1.005859;1.036882;92.701095;9874.213494
1.000000;1.000000;0.000000;0.000000;1.000000;0.000000;0.000000;0.000000;0.000000;0.000000;0.000000;0.000000;102.000000;-0.000000;-2.869935;-2.658450;1.515700;2.297348;3.245593;0.344161;0.246837;-0.616124;2.313450;0.049020;0.049020;0.000000;957.290263;0.599467;9.405357;8.779400;2.338824;5.470098;9.691792;0.672477;1.229670;1.208625;2.610350;0.078431;0.078431;0.000000;9301.970694;0.189722;1.747103;1.815650;1.145919;1.313130;2.089378;0.240616;0.350601;-0.237388;1.523333;0.098039;0.098039;0.000000;378.311935;0.790764;-5.878764;-5.131850;27.691641;766.826980;28.308777;6.540303;0.438460;1.686842;27.910800;0.107843;0.107843;2.509804;42636.142714;2.244767;12.759543;8.187800;56.786251;3224.678272;58.202098;11.101347;-0.565999;0.796267;62.462500;0.049020;0.049020;0.501961;181075.582866;2.189139;0.000000;0.000000;-0.200435;0.379223;-0.421115;-0.648098;0.000000;-0.212620;-0.367900;0.000000;0.000000;-0.284275;-0.182347;0.209328;0.475787;9.995773;5.549235;13.310285;5.677617;2.166735;0.000000;9.775855;1.005859;1.712319;105.464709;4193.236552
1.000000;1.000000;0.000000;0.000000;1.000000;0.000000;0.000000;0.000000;0.000000;0.000000;0.000000;0.000000;102.000000;-0.000000;-2.871902;-2.542300;1.292375;1.670233;3.149294;0.333262;-0.234638;1.028834;1.158625;0.058824;0.058824;0.000000;926.469094;0.518844;9.261694;8.352100;2.988974;8.933964;9.732057;0.775124;0.811898;-0.395249;4.934600;0.049020;0.049020;0.000000;9205.120838;0.267849;2.045330;1.902500;1.019899;1.040194;2.285513;0.265787;0.698415;-0.095767;1.063075;0.117647;0.117647;0.000000;479.762532;0.540095;0.526115;2.931250;36.625561;1341.431746;36.629340;8.584727;-0.039704;-0.702713;54.644500;0.107843;0.107843;1.505882;68442.696092;1.837057;-22.846629;-20.018000;55.892400;3123.960426;60.381528;12.771473;-0.130426;-0.123772;61.083675;0.088235;0.088235;0.000000;212571.104081;2.276892;0.000000;0.000000;-0.328649;0.262035;-0.583919;-0.691647;0.000000;-0.432670;-0.382719;0.000000;0.000000;0.072584;0.038879;0.416104;0.356423;9.832069;8.961405;13.168590;9.240044;1.469145;0.000000;10.177062;1.005859;2.108031;105.630995;4992.861016
1.000000;1.000000;0.000000;0.000000;1.000000;0.000000;0.000000;0.000000;0.000000;0.000000;0.000000;0.000000;102.000000;-0.000000;-3.530103;-3.376450;0.965086;0.931390;3.659647;0.214236;-0.425166;-0.578251;1.724825;0.078431;0.078431;0.000000;1318.586839;0.219453;9.195696;8.715550;2.545719;6.480688;9.541568;0.572291;0.749431;-0.126239;3.283275;0.068627;0.068627;0.000000;8955.737615;0.219043;1.622461;1.605300;1.002523;1.005052;1.907205;0.222861;0.549647;-0.380085;1.331365;0.088235;0.088235;0.000000;319.765794;0.721514;9.756979;12.078500;33.717810;1136.890688;35.101130;6.182465;-0.287986;-0.696278;46.374875;0.078431;0.078431;1.505882;67691.857480;1.807724;-27.727477;-24.743500;47.442017;2250.744956;54.950504;9.076198;0.359144;0.202713;58.324740;0.058824;0.058824;0.000000;193208.229344;1.743412;0.000000;0.000000;-0.354783;0.134280;-0.438662;-0.654909;0.000000;-0.462685;-0.471512;0.000000;0.000000;0.234607;0.176793;0.390041;0.292083;9.952449;6.383287;13.725799;6.679867;0.805598;0.000000;9.595849;1.005859;1.870160;105.434531;4255.284679
1.000000;1.000000;0.000000;0.000000;1.000000;0.000000;0.000000;0.000000;0.000000;0.000000;0.000000;0.000000;102.000000;-0.000000;-1.807680;-1.706050;1.445717;2.090097;2.314693;0.252737;-0.191675;-0.543285;1.520340;0.058824;0.058824;0.000000;439.901422;0.896717;9.295990;8.459950;2.610988;6.817258;9.655708;0.549738;1.030591;0.055184;2.103675;0.068627;0.068627;0.000000;9162.082912;0.231222;2.455685;2.421000;0.825199;0.680953;2.590626;0.191180;0.305630;-1.064389;1.408075;0.068627;0.068627;0.000000;649.837531;0.329138;-3.236632;-10.312500;21.775636;474.178317;22.014861;3.563436;0.504542;-0.724671;28.774250;0.049020;0.049020;1.505882;25253.434193;1.916601;22.463532;19.416000;36.392031;1324.379928;42.766695;6.724312;0.266785;-0.559348;56.366325;0.058824;0.058824;0.000000;119013.658654;1.675949;0.000000;0.000000;-0.279172;0.100916;-0.046528;-0.476584;0.000000;0.016433;-0.304154;0.000000;0.000000;-0.725031;0.026605;0.469072;0.596012;9.623198;6.984560;12.226748;7.111255;1.884292;0.000000;9.569252;1.005859;2.362792;99.590498;2320.355632
1.000000;1.000000;0.000000;0.000000;1.000000;0.000000;0.000000;0.000000;0.000000;0.000000;0.000000;0.000000;102.000000;-0.000000;-2.085672;-2.089150;1.094962;1.198943;2.355625;0.235079;-0.247404;0.031158;1.006075;0.088235;0.088235;0.000000;504.858875;0.598237;9.181598;8.320250;2.650594;7.025649;9.556537;0.562953;0.997110;-0.061246;3.522175;0.049020;0.049020;0.000000;8957.100845;0.218780;2.766141;2.741050;0.801795;0.642875;2.880002;0.200259;0.184452;-0.658327;1.098975;0.107843;0.107843;0.000000;813.255071;0.247272;-7.392026;-11.099000;18.232994;332.442075;19.674454;3.108350;0.676392;0.056059;15.196765;0.049020;0.049020;1.505882;22530.411021;2.016290;26.280511;22.974000;36.659690;1343.932903;45.106520;6.947133;0.022846;-0.587392;53.509815;0.068627;0.068627;0.000000;138997.878513;1.591399;0.000000;0.000000;-0.274884;0.166014;0.090689;-0.317728;0.000000;-0.218508;-0.271864;0.000000;0.000000;-0.481476;0.233021;0.423195;0.459247;9.529343;7.067980;12.269475;7.203532;1.102491;0.000000;9.313284;1.005859;2.698183;97.876362;2429.976700
1.000000;1.000000;0.000000;0.000000;1.000000;0.000000;0.000000;0.000000;0.000000;0.000000;0.000000;0.000000;102.000000;-0.000000;-2.631385;-2.493450;1.401075;1.963011;2.981140;0.234589;-0.182819;-0.383646;1.733650;0.049020;0.049020;0.000000;806.383177;0.581815;9.061153;8.375900;2.337963;5.466073;9.357915;0.510763;0.958727;0.378553;3.216425;0.058824;0.058824;0.000000;8653.434452;0.186126;2.762245;2.771350;0.879890;0.774207;2.899001;0.184269;-0.061114;-1.000419;1.321725;0.088235;0.088235;0.000000;817.747935;0.270236;5.861174;-7.731000;25.493450;649.915992;26.158543;3.379242;1.164886;0.140492;31.588000;0.049020;0.049020;1.505882;36655.097455;1.929320;-33.817953;-38.367500;63.245498;3999.993000;71.719223;6.580845;-0.388474;-0.539311;79.841750;0.029412;0.029412;0.501961;320713.505102;1.471239;0.000000;0.000000;0.111404;0.454102;-0.154058;-0.632423;0.000000;-0.324460;0.045603;0.000000;0.000000;-0.323275;0.695733;0.341505;0.072905;9.613293;5.042360;12.694742;5.558176;1.944463;0.000000;9.632478;1.005859;2.638773;97.457763;5836.320502
1.000000;1.000000;0.000000;0.000000;1.000000;0.000000;0.000000;0.000000;0.000000;0.000000;0.000000;0.000000;102.000000;-0.000000;-2.588307;-2.199700;1.310074;1.716295;2.900970;0.237276;-0.762100;-0.390383;1.882650;0.029412;0.029412;0.000000;770.863351;0.518987;9.020868;8.927850;1.375602;1.892280;9.125148;0.401724;0.106981;0.179550;1.719525;0.127451;0.127451;0.000000;8396.879389;0.090084;2.354250;2.270450;0.994473;0.988977;2.555674;0.187223;-0.025287;-1.448850;1.877450;0.049020;0.049020;0.000000;615.786531;0.444587;18.479489;17.530000;23.439656;549.417462;29.848099;3.945208;0.328205;-0.663565;36.651513;0.068627;0.068627;0.000000;62852.985414;1.437256;-76.553416;-64.844500;47.949507;2299.155181;90.330398;8.301393;-0.715099;0.116237;61.688750;0.058824;0.058824;0.000000;715020.534404;0.690761;0.000000;0.000000;0.123159;0.593140;-0.532387;-0.611172;0.000000;-0.266619;0.214311;0.000000;0.000000;-0.577529;0.509236;0.115166;0.031020;9.537624;1.717689;12.609174;2.063272;1.581031;0.000000;9.437493;1.005859;2.484103;92.683959;9057.021183
1.000000;1.000000;0.000000;0.000000;1.000000;0.000000;0.000000;0.000000;0.000000;0.000000;0.000000;0.000000;102.000000;-0.000000;-1.860431;-1.899350;0.680530;0.463120;1.980991;0.232121;-0.341649;1.665080;0.873450;0.127451;0.127451;0.000000;376.667884;0.405251;9.215622;8.831200;2.302971;5.303676;9.499019;0.596510;1.478625;2.687289;1.543675;0.127451;0.127451;0.000000;8933.184801;0.202980;2.134935;1.978450;0.874995;0.765616;2.307285;0.242159;0.537760;-0.132612;1.387900;0.107843;0.107843;0.000000;503.962182;0.416717;11.387880;13.434000;18.013301;324.479016;21.311096;4.148538;-0.160864;-0.714083;25.860695;0.107843;0.107843;0.000000;29781.827932;1.907482;-47.286253;-40.384000;46.067466;2122.211385;66.016673;9.765545;-1.201133;1.973220;55.517500;0.107843;0.107843;0.000000;336348.879704;1.311760;0.000000;0.000000;-0.093876;0.324903;-0.248486;-0.617960;0.000000;-0.220453;-0.154748;0.000000;0.000000;-0.280467;0.324566;0.118524;0.018300;9.489636;5.102493;12.076053;5.360699;0.463194;0.000000;9.436265;1.005859;2.080576;95.155681;4817.687482
1.000000;1.000000;0.000000;0.000000;1.000000;0.000000;0.000000;0.000000;0.000000;0.000000;0.000000;0.000000;102.000000;-0.000000;-2.236905;-2.216400;0.783212;0.613420;2.370056;0.225588;-0.217742;1.130571;0.758550;0.137255;0.137255;0.000000;541.666799;0.343053;9.140009;8.295250;2.965210;8.792472;9.608966;0.714630;1.064831;0.079514;3.810150;0.058824;0.058824;0.000000;8969.479922;0.278185;2.428770;2.212150;0.928296;0.861733;2.600126;0.260047;0.923315;1.092909;0.959750;0.117647;0.117647;0.000000;645.639405;0.378011;1.479676;5.565950;19.898734;395.959619;19.953673;4.050686;-0.307445;-0.935973;34.457500;0.078431;0.078431;1.003922;20417.323420;1.662842;-27.422488;-25.797000;48.483924;2350.690863;55.701739;10.063614;-0.027559;-0.303662;65.149625;0.088235;0.088235;0.000000;196604.546791;1.923400;0.000000;0.000000;-0.196840;0.510415;-0.364176;-0.641965;0.000000;-0.138962;-0.013582;0.000000;0.000000;-0.501284;0.215012;0.274778;0.134475;9.506223;8.581117;12.376914;8.905249;0.593771;0.000000;9.407847;1.005859;2.290981;98.949398;3507.593402
1.000000;1.000000;0.000000;0.000000;1.000000;0.000000;0.000000;0.000000;0.000000;0.000000;0.000000;0.000000;102.000000;-0.000000;-2.666767;-2.494800;1.121115;1.256899;2.892844;0.199793;-0.234908;-0.620953;1.410025;0.058824;0.058824;0.000000;789.498166;0.389408;9.482128;8.975150;2.295882;5.271076;9.756118;0.591098;0.664668;-0.180453;2.936600;0.068627;0.068627;0.000000;9439.768713;0.188241;2.236006;2.110550;0.891323;0.794458;2.407110;0.198985;1.174736;1.886440;0.822975;0.068627;0.068627;0.000000;550.494380;0.418606;8.134884;8.510250;20.895723;436.631259;22.423372;3.296207;-0.439696;-0.156194;22.205475;0.058824;0.058824;1.003922;29018.281604;1.761680;-63.782651;-76.795000;61.201928;3745.676035;88.396282;8.900343;0.668234;-0.416406;82.196000;0.058824;0.058824;0.000000;605989.405975;1.096770;0.000000;0.000000;-0.042140;0.242810;-0.041358;-0.765565;0.000000;-0.448863;0.031593;0.000000;0.000000;-0.073120;0.295600;0.185128;0.058487;9.972808;5.093488;13.148895;5.326223;1.266386;0.000000;9.848974;1.005859;2.321935;104.550381;8322.504395
1.000000;1.000000;0.000000;0.000000;1.000000;0.000000;0.000000;0.000000;0.000000;0.000000;0.000000;0.000000;102.000000;-0.000000;-2.170524;-1.935150;1.205615;1.453507;2.482878;0.184734;-0.813340;-0.269655;1.493975;0.088235;0.088235;0.000000;554.669269;0.576796;9.587573;9.114900;1.495730;2.237207;9.703543;0.451171;1.017037;0.460621;1.780625;0.078431;0.078431;0.000000;9490.098686;0.090825;2.228995;2.130100;0.782805;0.612784;2.362457;0.156394;0.344352;-1.026427;1.326250;0.019608;0.019608;0.000000;538.032171;0.289036;11.917646;7.319300;15.603210;243.460172;19.633911;2.733915;0.766620;-0.496954;17.912425;0.049020;0.049020;0.000000;26903.853380;1.415525;-64.480897;-50.851500;43.216499;1867.665776;77.623784;6.498572;-0.481719;-0.681295;65.848750;0.049020;0.049020;0.000000;519355.721122;0.764560;0.000000;0.000000;0.033522;-0.096165;0.379893;-0.546782;0.000000;-0.507221;0.069164;0.000000;0.000000;0.405690;0.565829;0.190456;-0.129873;9.959692;2.127964;12.758097;2.264039;1.463217;0.000000;10.123692;1.005859;2.113447;101.323438;6416.523534
1.000000;1.000000;0.000000;0.000000;1.000000;0.000000;0.000000;0.000000;0.000000;0.000000;0.000000;0.000000;102.000000;-0.000000;-1.524708;-1.692600;0.835441;0.697962;1.738591;0.222160;0.684228;0.494056;0.918775;0.107843;0.107843;0.000000;272.727506;0.656527;9.590621;8.847100;2.142483;4.590235;9.827016;0.446836;0.970979;0.123797;2.754500;0.068627;0.068627;0.000000;9616.109989;0.152116;2.528426;2.644700;0.876196;0.767720;2.675941;0.161560;0.138277;-1.008043;1.418075;0.049020;0.049020;0.000000;691.234923;0.294899;2.126937;2.989350;15.396199;237.042930;15.542419;2.770984;0.185443;0.770616;15.200700;0.088235;0.088235;0.501961;12553.802941;2.003132;-12.523816;-23.920000;41.973533;1761.777488;43.802094;7.485632;0.336545;-0.781317;62.084750;0.049020;0.049020;0.501961;105852.212226;2.024405;0.000000;0.000000;0.220547;0.052869;0.077886;-0.523901;0.000000;-0.312403;-0.154043;0.000000;0.000000;-0.225807;0.384169;0.206418;0.325617;9.808752;4.381328;12.166437;4.675709;0.664847;0.000000;9.749373;1.005859;2.540669;100.592936;2167.350901
1.000000;1.000000;0.000000;0.000000;1.000000;0.000000;0.000000;0.000000;0.000000;0.000000;0.000000;0.000000;102.000000;-0.000000;-1.927154;-2.043700;0.974566;0.949779;2.159560;0.222633;0.863112;0.547906;1.151500;0.098039;0.098039;0.000000;427.258842;0.572032;9.425005;8.459050;2.306165;5.318396;9.703047;0.485861;1.037621;-0.137607;3.178200;0.058824;0.058824;0.000000;9331.971513;0.176860;2.510134;2.471650;0.852563;0.726864;2.650969;0.173788;0.524239;-0.501401;1.178275;0.039216;0.039216;0.000000;679.749752;0.293806;0.933545;-2.262750;17.873130;319.448784;17.897494;3.281256;0.476219;-0.190804;23.073750;0.058824;0.058824;1.003922;16381.563256;1.876006;-14.553561;-24.687000;43.083775;1856.211706;45.475464;7.934620;0.344971;-0.780363;65.842750;0.039216;0.039216;0.501961;116271.515065;1.852620;0.000000;0.000000;0.192602;0.489596;0.076429;-0.403370;0.000000;-0.326113;-0.157644;0.000000;0.000000;-0.164731;0.555555;0.229318;0.292681;9.734299;5.056229;12.403267;5.413953;0.916283;0.000000;9.838131;1.005859;2.382685;99.812814;2395.365764
1.000000;1.000000;0.000000;0.000000;1.000000;0.000000;0.000000;0.000000;0.000000;0.000000;0.000000;0.000000;102.000000;-0.000000;-2.477261;-2.420350;0.683485;0.467151;2.569820;0.168742;-0.706939;1.050343;0.671700;0.068627;0.068627;0.000000;649.781075;0.231468;9.121082;8.845500;1.340538;1.797042;9.219066;0.317588;1.394938;2.067638;1.690250;0.058824;0.058824;0.000000;8577.472981;0.084253;2.315830;2.128700;0.668915;0.447447;2.410501;0.138444;1.042770;1.133723;0.858650;0.049020;0.049020;0.000000;569.857749;0.264068;12.211772;11.948000;16.461305;270.974557;20.496388;2.762191;-0.165718;-0.922902;26.008683;0.088235;0.088235;0.000000;29030.746198;1.576794;-78.229181;-74.757500;50.862317;2586.975330;93.310129;7.792184;-0.383937;-0.868049;90.949500;0.058824;0.058824;0.000000;756161.380751;0.695279;0.000000;0.000000;-0.093237;0.434441;0.278324;-0.411305;0.000000;-0.067608;-0.079186;0.000000;0.000000;-0.060664;0.163638;0.293831;0.294853;9.531938;1.737318;12.598343;1.820354;0.466258;0.000000;9.412778;1.005859;2.458509;92.595158;9132.692595
1.000000;1.000000;0.000000;0.000000;1.000000;0.000000;0.000000;0.000000;0.000000;0.000000;0.000000;0.000000;102.000000;-0.000000;-1.727892;-1.867600;1.129263;1.275234;2.064182;0.194637;-0.096101;-0.083590;1.505275;0.029412;0.029412;0.000000;369.587665;0.791014;9.153175;9.312100;1.293291;1.672601;9.244091;0.335284;1.294051;3.886720;1.836600;0.088235;0.088235;0.000000;8630.945752;0.083893;2.255008;2.227250;0.451032;0.203430;2.299672;0.139498;0.159467;-1.176480;0.819300;0.068627;0.068627;0.000000;529.051550;0.131595;11.046391;9.079050;10.980394;120.569043;15.575359;2.120681;0.411601;-0.498146;14.558225;0.078431;0.078431;0.000000;18596.059066;1.195564;-71.174294;-63.606500;57.776294;3338.100181;91.672680;8.357503;-0.223452;-1.037885;100.326000;0.019608;0.019608;0.000000;686953.226886;0.791638;0.000000;0.000000;0.084811;-0.303083;0.328730;-0.703299;0.000000;-0.550086;-0.094980;0.000000;0.000000;0.297122;0.718363;-0.301732;-0.067476;9.438663;1.625709;11.937095;1.724960;1.252062;0.000000;9.458981;1.005859;2.190317;90.714068;8651.760629
1.000000;1.000000;0.000000;0.000000;1.000000;0.000000;0.000000;0.000000;0.000000;0.000000;0.000000;0.000000;102.000000;-0.000000;-0.838301;-0.924550;0.680748;0.463418;1.079892;0.239791;0.577536;0.553359;0.695463;0.156863;0.156863;0.000000;95.319023;1.163634;9.223619;8.527700;2.029215;4.117712;9.444197;0.555679;0.896863;-0.150131;2.678725;0.098039;0.098039;0.000000;8887.672468;0.156132;2.558501;2.551150;0.903675;0.816628;2.713403;0.272572;0.663106;1.406180;0.974475;0.107843;0.107843;0.000000;709.340062;0.344757;0.662250;3.027350;12.225603;149.465361;12.243526;2.713477;-0.660980;-0.229920;13.444325;0.078431;0.078431;1.003922;7667.581238;2.178886;-6.773116;-11.766000;35.425344;1254.955028;36.067023;9.829255;0.855797;0.764910;35.549325;0.137255;0.137255;2.509804;68685.085140;2.154332;0.000000;0.000000;0.173892;0.554526;-0.426791;-0.592220;0.000000;0.045279;0.028310;0.000000;0.000000;-0.026841;0.153804;0.145771;-0.033311;9.345553;4.019663;11.183213;4.174360;0.452128;0.000000;9.425853;1.005859;2.367224;91.359020;1458.096617
1.000000;1.000000;0.000000;0.000000;1.000000;0.000000;0.000000;0.000000;0.000000;0.000000;0.000000;0.000000;102.000000;-0.000000;-1.746900;-1.264600;1.298278;1.685526;2.176507;0.237238;-0.280793;-0.852499;2.168863;0.029412;0.029412;0.000000;397.267649;0.908911;9.521514;8.529200;2.338191;5.467135;9.804405;0.643944;0.448891;-1.324714;4.436250;0.068627;0.068627;0.000000;9526.123674;0.193417;2.623443;2.445400;0.963608;0.928540;2.794816;0.286021;0.514798;0.560594;0.984275;0.137255;0.137255;0.000000;749.366889;0.346879;-0.069737;-1.460750;19.990630;399.625274;19.990751;3.339277;0.665242;0.274710;27.582000;0.049020;0.049020;1.003922;20386.800602;1.944211;-11.023848;-9.678500;46.880832;2197.812424;48.159502;11.308129;-0.188025;0.265702;48.539750;0.107843;0.107843;1.003922;124501.705797;2.391874;0.000000;0.000000;0.186571;0.358554;-0.598130;-0.597233;0.000000;-0.127482;-0.060321;0.000000;0.000000;-0.135501;0.451379;0.222678;0.108158;9.837862;5.080009;12.333680;5.605087;1.618393;0.000000;9.692566;1.005859;2.531658;101.863543;2726.778782
1.000000;1.000000;0.000000;0.000000;1.000000;0.000000;0.000000;0.000000;0.000000;0.000000;0.000000;0.000000;102.000000;-0.000000;-2.565364;-2.887250;1.169037;1.366648;2.819174;0.181289;0.974636;0.028532;1.122150;0.039216;0.039216;0.000000;740.973746;0.442317;9.687709;9.894050;1.838987;3.381872;9.860709;0.460821;0.183992;-0.713009;2.776625;0.078431;0.078431;0.000000;9745.350546;0.125994;1.890674;2.062300;0.997516;0.995038;2.137682;0.170802;0.006664;-0.512950;1.449750;0.039216;0.039216;0.000000;415.361453;0.526366;9.933302;6.327800;21.653126;468.857859;23.822853;2.970795;0.202668;-0.620952;29.270625;0.049020;0.049020;0.501961;33977.133322;1.522219;-78.505448;-86.307000;66.042420;4361.601273;102.589993;8.749772;0.149193;-1.206491;114.174500;0.039216;0.039216;0.000000;851078.432911;0.764553;0.000000;0.000000;0.283643;-0.247543;0.475394;-0.673137;0.000000;-0.281283;-0.029412;0.000000;0.000000;0.128228;0.358434;0.021331;-0.055913;10.162884;2.897105;13.269249;3.587190;1.208345;0.000000;10.093197;1.005859;2.155050;106.181314;11096.804675
1.000000;1.000000;0.000000;0.000000;1.000000;0.000000;0.000000;0.000000;0.000000;0.000000;0.000000;0.000000;102.000000;-0.000000;-1.931202;-1.915750;1.104332;1.219550;2.224655;0.138328;0.183147;-0.976631;1.689400;0.039216;0.039216;0.000000;442.610680;0.562816;9.462565;9.384600;1.413384;1.997656;9.567538;0.303092;0.680858;0.622117;1.736350;0.078431;0.078431;0.000000;9234.975301;0.083479;2.121133;1.950400;1.258270;1.583244;2.466263;0.137447;0.188753;-1.073563;2.190600;0.068627;0.068627;0.000000;539.665939;0.524190;10.344000;5.101500;16.115373;259.705241;19.149506;2.055769;0.664256;-0.512257;24.868675;0.029412;0.029412;0.000000;24161.534271;1.834628;-72.746464;-34.136500;62.663054;3926.658286;96.014094;4.444095;-0.420592;-1.509655;122.054500;0.009804;0.009804;0.000000;740061.043872;0.772196;0.000000;0.000000;0.028686;-0.242488;0.787756;-0.625337;0.000000;-0.459314;-0.084985;0.000000;0.000000;0.679198;0.756426;0.093247;0.118597;9.774968;1.936883;12.409943;2.020028;1.229031;0.000000;9.852995;1.005859;1.747117;97.486876;9591.492293
1.000000;1.000000;0.000000;0.000000;1.000000;0.000000;0.000000;0.000000;0.000000;0.000000;0.000000;0.000000;102.000000;-0.000000;-1.624363;-1.580750;0.728163;0.530222;1.780106;0.161425;0.101848;-0.922975;1.121700;0.049020;0.049020;0.000000;296.180801;0.494184;9.461744;8.770800;1.992194;3.968839;9.669201;0.385956;0.787782;-0.537632;2.577150;0.068627;0.068627;0.000000;9333.962159;0.139449;3.008126;2.984950;0.803811;0.646112;3.113669;0.154722;-0.127950;-1.065020;1.404925;0.049020;0.049020;0.000000;955.933382;0.201758;1.867929;-0.009577;13.240724;175.316780;13.371834;2.288133;0.879757;1.010522;15.773875;0.088235;0.088235;1.505882;9300.408009;1.996582;-3.734057;-10.649000;31.486513;991.400502;31.707155;4.981461;0.545395;-0.403084;42.912250;0.029412;0.029412;0.501961;51984.208496;1.709244;0.000000;0.000000;0.048173;0.486274;0.167344;-0.010858;0.000000;-0.027069;-0.110230;0.000000;0.000000;0.012005;0.147215;0.441085;0.644047;9.689258;3.780497;12.086107;4.009568;0.534038;0.000000;9.588293;1.005859;3.047721;97.662216;1193.844557
1.000000;1.000000;0.000000;0.000000;1.000000;0.000000;0.000000;0.000000;0.000000;0.000000;0.000000;0.000000;102.000000;-0.000000;-1.948695;-1.967500;0.727002;0.528532;2.079890;0.178107;-0.062341;-0.243546;0.915875;0.058824;0.058824;0.000000;414.291077;0.356557;9.432746;8.665350;2.115078;4.473553;9.666967;0.470320;0.758133;-0.767442;3.268925;0.058824;0.058824;0.000000;9303.775958;0.151525;2.489612;2.500850;0.808355;0.653438;2.617558;0.167630;0.074743;-0.483480;1.036400;0.098039;0.098039;0.000000;665.538850;0.278226;5.165479;1.821850;16.955386;287.485106;17.724765;3.156902;0.541652;-0.459287;21.171800;0.058824;0.058824;1.505882;17383.496341;1.691022;-16.383436;-30.476000;40.200903;1616.112606;43.411169;6.246317;0.511641;-0.868423;61.763750;0.019608;0.019608;0.501961;109800.485503;1.471291;0.000000;0.000000;-0.205978;0.326861;0.458511;-0.288357;0.000000;-0.271797;-0.096873;0.000000;0.000000;-0.146042;0.292808;0.453856;0.510038;9.715303;4.389084;12.381441;4.543363;0.508248;0.000000;9.746243;1.005859;2.711370;98.776195;2205.548480
1.000000;1.000000;0.000000;0.000000;1.000000;0.000000;0.000000;0.000000;0.000000;0.000000;0.000000;0.000000;102.000000;-0.000000;-2.375625;-2.356700;0.759021;0.576113;2.493934;0.159476;-0.165275;-0.960537;1.222525;0.078431;0.078431;0.000000;605.028103;0.252329;9.242101;9.075950;1.404632;1.972990;9.348231;0.330496;1.433931;2.049843;1.372125;0.107843;0.107843;0.000000;8813.135191;0.087518;1.561984;1.426900;0.670765;0.449926;1.699918;0.137733;0.723058;0.709674;0.766600;0.058824;0.058824;0.000000;271.814559;0.452510;13.740102;13.434000;18.704307;349.851115;23.208652;3.290644;-0.084492;-0.998229;31.452250;0.068627;0.068627;0.000000;37100.442641;1.474057;-73.566824;-68.605500;42.636846;1817.900643;85.029278;6.244069;-1.046309;0.949827;53.753250;0.029412;0.029412;0.000000;644749.589443;0.625786;0.000000;0.000000;-0.278917;0.191055;0.400041;-0.548997;0.000000;-0.257082;-0.080636;0.000000;0.000000;0.045681;0.176354;0.364328;0.383926;9.622608;2.014535;12.617725;2.053794;0.520548;0.000000;9.451854;1.005859;1.791886;94.609125;7771.509406
1.000000;1.000000;0.000000;0.000000;1.000000;0.000000;0.000000;0.000000;0.000000;0.000000;0.000000;0.000000;102.000000;-0.000000;-1.986663;-2.132700;1.052647;1.108066;2.248310;0.134368;-0.042843;-1.294915;1.933470;0.029412;0.029412;0.000000;459.088350;0.521759;9.123043;9.223300;0.777753;0.604900;9.156135;0.210216;0.132003;-0.295849;1.208050;0.098039;0.098039;0.000000;8520.301372;0.030655;1.717270;1.679000;0.699571;0.489400;1.854297;0.088942;0.088333;-0.877094;0.973900;0.088235;0.088235;0.000000;325.759433;0.350125;11.099920;7.577200;15.520861;240.897133;19.081545;2.158550;0.542441;-0.126427;18.759400;0.049020;0.049020;0.000000;24854.369266;1.561038;-64.605182;-56.911000;49.801418;2480.181205;81.572120;5.649190;-0.753576;0.107624;75.626000;0.019608;0.019608;0.000000;552221.899743;0.748781;0.000000;0.000000;-0.194624;-0.323810;0.662003;-0.735875;0.000000;-0.438034;-0.245071;0.000000;0.000000;0.626421;0.577591;-0.469927;0.083901;9.444736;0.686676;12.109706;1.165708;0.564218;0.000000;9.579008;1.005859;1.398546;89.889713;7021.554557
1.000000;1.000000;0.000000;0.000000;1.000000;0.000000;0.000000;0.000000;0.000000;0.000000;0.000000;0.000000;102.000000;-0.000000;-1.056095;-0.967520;0.900904;0.811627;1.388151;0.199357;-0.522763;0.582171;0.889842;0.078431;0.078431;0.000000;155.165452;1.072582;9.305907;8.852300;2.180989;4.756711;9.558065;0.522933;1.016133;0.364016;2.050200;0.098039;0.098039;0.000000;9075.799830;0.175555;2.190576;2.091450;0.806433;0.650334;2.334300;0.188160;0.621022;0.972474;1.077375;0.068627;0.068627;0.000000;522.626704;0.340306;0.493851;2.772650;9.960126;99.204102;9.972361;2.324219;-0.366289;-0.535764;12.625425;0.039216;0.039216;1.003922;5084.291062;1.790354;-14.749847;-12.547500;31.693934;1004.505456;34.958024;7.276297;0.592296;0.524220;38.107682;0.098039;0.098039;0.000000;73422.559187;2.168759;0.000000;0.000000;0.340467;0.616375;-0.454609;-0.497890;0.000000;-0.137512;-0.015587;0.000000;0.000000;0.063072;0.451884;0.130390;-0.244007;9.470931;4.585053;11.449471;4.915251;0.708220;0.000000;9.478170;1.005859;2.107122;94.283578;1326.960396
1.000000;1.000000;0.000000;0.000000;1.000000;0.000000;0.000000;0.000000;0.000000;0.000000;0.000000;0.000000;102.000000;-0.000000;-1.661146;-1.731850;1.202447;1.445880;2.050679;0.271702;0.218476;-0.879971;1.812218;0.088235;0.088235;0.000000;355.201561;0.900359;9.698758;8.329600;2.887736;8.339020;10.119532;0.736927;0.502814;-1.143098;5.088700;0.068627;0.068627;0.000000;10020.012263;0.268816;2.184180;2.185750;0.969154;0.939259;2.389540;0.266686;0.146898;0.174085;1.303125;0.058824;0.058824;0.000000;534.510427;0.435576;-4.005109;-5.975100;11.906585;141.766776;12.562153;3.168471;0.625299;-0.322643;17.323300;0.078431;0.078431;0.501961;8866.482397;2.234906;-20.633029;-21.771500;41.540813;1725.639164;46.382767;10.060562;0.223279;-0.348492;53.447575;0.098039;0.098039;0.000000;131432.753538;2.068799;0.000000;0.000000;0.309395;0.243513;-0.390613;-0.140244;0.000000;0.172483;-0.219499;0.000000;0.000000;-0.287278;0.396163;0.062302;-0.178303;9.992929;7.751582;12.449885;8.586762;1.295018;0.000000;9.882428;1.005859;1.970836;107.610208;2314.878607
1.000000;1.000000;0.000000;0.000000;1.000000;0.000000;0.000000;0.000000;0.000000;0.000000;0.000000;0.000000;102.000000;-0.000000;-2.431826;-2.411100;0.709073;0.502784;2.533093;0.196876;0.826127;1.549735;1.054775;0.117647;0.117647;0.000000;628.869216;0.258152;9.654085;9.663900;2.106819;4.438686;9.881298;0.459117;0.716466;0.487613;2.198600;0.068627;0.068627;0.000000;9733.016490;0.161337;1.727863;1.993100;1.020985;1.042411;2.006968;0.190736;-0.213049;-0.790894;1.675355;0.068627;0.068627;0.000000;357.691112;0.614599;7.048028;2.880550;18.353431;336.848414;19.660191;2.585226;0.301765;-1.121112;29.761450;0.029412;0.029412;0.501961;22246.971274;1.709970;-73.520040;-85.422500;49.226554;2423.253668;88.478528;7.432762;0.602134;-0.390784;81.963750;0.049020;0.049020;0.000000;674919.732668;0.713103;0.000000;0.000000;0.299587;-0.211622;0.395132;-0.550013;0.000000;0.236169;-0.154651;0.000000;0.000000;-0.315136;-0.010106;-0.146597;-0.227511;10.052921;3.995399;13.088424;4.533380;0.457016;0.000000;10.005459;1.005859;2.004616;105.056610;8219.001008
1.000000;1.000000;0.000000;0.000000;1.000000;0.000000;0.000000;0.000000;0.000000;0.000000;0.000000;0.000000;102.000000;-0.000000;-1.679078;-1.768500;0.861771;0.742650;1.887314;0.154344;0.079054;-0.966114;1.340105;0.049020;0.049020;0.000000;325.449867;0.545391;9.722493;9.782150;1.166828;1.361487;9.792260;0.325703;0.851078;0.989142;1.376550;0.107843;0.107843;0.000000;9711.183619;0.059077;1.958691;2.138000;1.103474;1.217656;2.248138;0.136665;-0.312925;-1.140998;2.147990;0.039216;0.039216;0.000000;453.421421;0.484149;10.552705;11.240000;16.856371;284.137233;19.887102;2.234721;0.284357;-1.194710;25.481800;0.029412;0.029412;0.501961;25849.727664;1.145449;-67.424922;-49.898500;47.883282;2292.808740;82.697817;5.181866;-0.131354;-1.610116;90.160500;0.019608;0.019608;0.000000;580637.515567;0.619569;0.000000;0.000000;0.234212;-0.085393;0.739497;-0.511264;0.000000;-0.322298;0.148553;0.000000;0.000000;0.551111;0.700083;-0.052326;-0.009077;9.958956;1.269515;12.401571;1.455185;0.669785;0.000000;9.827715;1.005859;1.607002;100.450313;7239.479861
1.000000;1.000000;0.000000;0.000000;1.000000;0.000000;0.000000;0.000000;0.000000;0.000000;0.000000;0.000000;102.000000;-0.000000;-1.214641;-1.132450;0.709764;0.503765;1.406811;0.184526;-0.218012;-0.894706;1.105238;0.078431;0.078431;0.000000;176.178477;0.683469;9.574760;8.944450;1.764215;3.112453;9.735937;0.403793;1.206054;0.640331;1.941775;0.068627;0.068627;0.000000;9509.704201;0.114765;2.468144;2.544950;0.692658;0.479776;2.563495;0.142670;-0.338052;-0.948684;1.101725;0.068627;0.068627;0.000000;645.828294;0.229458;-3.111569;-3.985550;13.922546;193.837286;14.266014;2.340154;0.401937;1.068481;10.583125;0.117647;0.117647;0.501961;10873.270520;1.623460;-14.881535;-22.507500;34.459359;1187.447410;37.535417;5.365969;0.841049;0.111299;36.270875;0.088235;0.088235;0.000000;83167.931163;2.093797;0.000000;0.000000;0.187597;0.088059;0.339915;-0.494003;0.000000;-0.043955;-0.252307;0.000000;0.000000;0.105045;0.238667;0.129828;0.435322;9.737032;2.957808;11.791129;3.164461;0.487562;0.000000;9.854195;1.005859;2.478255;97.767595;1618.998159
1.000000;1.000000;0.000000;0.000000;1.000000;0.000000;0.000000;0.000000;0.000000;0.000000;0.000000;0.000000;102.000000;-0.000000;-1.764401;-1.748650;0.818275;0.669575;1.944912;0.174364;-0.024517;-0.290726;1.126475;0.068627;0.068627;0.000000;351.687494;0.513373;9.245376;8.475900;1.983252;3.933290;9.455701;0.394953;1.267251;0.448928;1.880275;0.049020;0.049020;0.000000;8919.265159;0.145949;2.617956;2.520850;0.781877;0.611332;2.732220;0.153022;0.473296;-0.534249;0.944675;0.068627;0.068627;0.000000;730.264474;0.263513;-3.455014;-3.085200;14.667073;215.123016;15.068515;2.401103;0.372343;0.545406;17.438600;0.078431;0.078431;1.003922;12189.001580;1.585798;-9.341720;-16.117000;35.881159;1287.457556;37.077288;5.866450;0.505797;-0.569451;52.827500;0.058824;0.058824;0.501961;74561.865102;1.699759;0.000000;0.000000;-0.052332;0.309515;0.178845;-0.230164;0.000000;-0.210321;-0.131651;0.000000;0.000000;-0.388080;0.433192;0.425386;0.357096;9.506206;3.824999;12.011506;3.974463;0.673974;0.000000;9.425819;1.005859;2.381139;94.192960;1609.250444
1.000000;1.000000;0.000000;0.000000;1.000000;0.000000;0.000000;0.000000;0.000000;0.000000;0.000000;0.000000;102.000000;-0.000000;-2.253441;-2.225700;0.626726;0.392786;2.338970;0.142559;-0.250497;0.019793;0.682275;0.078431;0.078431;0.000000;537.987726;0.227755;9.186814;8.537200;1.607776;2.584944;9.326440;0.334649;1.123552;0.508399;1.553075;0.088235;0.088235;0.000000;8740.385438;0.108024;2.477546;2.215300;0.841312;0.707806;2.616494;0.147908;0.719881;-0.682873;1.146025;0.029412;0.029412;0.000000;662.200287;0.300665;12.457578;15.407000;17.114075;292.891553;21.167966;2.449243;-0.325437;-1.119187;27.981025;0.049020;0.049020;0.000000;30768.448073;1.494730;-53.993911;-45.354500;49.874263;2487.442109;73.503636;5.776248;-0.033926;-1.213532;89.045000;0.029412;0.029412;0.000000;424249.211931;1.043646;0.000000;0.000000;-0.219504;-0.229629;0.693633;-0.471186;0.000000;-0.169380;0.172451;0.000000;0.000000;-0.175159;0.183100;0.531562;0.202118;9.534039;2.555377;12.440255;2.632849;0.374362;0.000000;9.529861;1.005859;2.825986;93.453272;5857.713353
1.000000;1.000000;0.000000;0.000000;1.000000;0.000000;0.000000;0.000000;0.000000;0.000000;0.000000;0.000000;102.000000;-0.000000;-1.907832;-2.168500;1.030482;1.061893;2.168344;0.150497;1.006693;0.293817;0.782550;0.029412;0.029412;0.000000;425.430269;0.609695;9.319655;9.361600;0.948573;0.899790;9.367804;0.246961;1.095416;2.222898;1.104175;0.137255;0.137255;0.000000;8905.200322;0.045284;2.180796;1.999950;0.576426;0.332267;2.255690;0.110934;0.779467;-0.340690;0.856125;0.058824;0.058824;0.000000;502.045132;0.185343;11.916365;17.195500;18.286550;334.397903;21.826536;2.236812;-0.441997;-1.117921;32.567750;0.039216;0.039216;0.000000;31538.696598;1.348931;-67.975767;-81.558000;48.854641;2386.775991;83.710697;6.675990;0.588120;-0.872506;77.630000;0.019608;0.019608;0.000000;593037.793973;0.669455;0.000000;0.000000;-0.013400;-0.716761;0.874732;-0.821298;0.000000;-0.812592;0.293792;0.000000;0.000000;0.621491;0.636405;0.288704;-0.185126;9.621306;0.887939;12.289650;1.073469;0.907637;0.000000;9.605845;1.005859;2.033575;93.457475;7488.966650
1.000000;1.000000;0.000000;0.000000;1.000000;0.000000;0.000000;0.000000;0.000000;0.000000;0.000000;0.000000;102.000000;-0.000000;-0.954367;-0.814270;1.101576;1.213469;1.457493;0.176237;-0.102143;-0.858272;1.534740;0.029412;0.029412;0.000000;154.795216;1.330723;9.326217;9.306250;1.516002;2.298261;9.448628;0.327952;1.280195;1.947912;1.466400;0.127451;0.127451;0.000000;8989.000483;0.099707;3.040121;3.240000;0.808799;0.654156;3.145869;0.134937;-0.168780;-1.258024;1.413775;0.068627;0.068627;0.000000;976.081967;0.185985;-0.020793;-4.636900;16.444251;270.413397;16.444264;2.407689;0.357831;-1.143700;29.827750;0.039216;0.039216;0.501961;13791.374007;1.436093;-25.951102;-18.193000;41.280943;1704.116239;48.760393;7.508677;-0.512801;-0.463325;47.318025;0.058824;0.058824;0.000000;155608.141530;1.702602;0.000000;0.000000;0.303423;-0.243034;0.572278;-0.762578;0.000000;-0.701587;0.116559;0.000000;0.000000;0.504931;0.742160;-0.431819;-0.359841;9.494432;2.256632;11.489468;2.522861;1.023639;0.000000;9.477180;1.005859;2.724195;92.400863;2657.886245
1.000000;1.000000;0.000000;0.000000;1.000000;0.000000;0.000000;0.000000;0.000000;0.000000;0.000000;0.000000;102.000000;-0.000000;-0.659306;-0.798550;0.750593;0.563389;0.999036;0.226514;0.468222;-0.428799;1.064840;0.107843;0.107843;0.000000;73.071119;1.541889;9.207203;8.133950;2.881300;8.301892;9.647511;0.610902;0.761409;-0.721774;4.325075;0.078431;0.078431;0.000000;9070.200324;0.265289;3.484232;3.571400;0.974920;0.950470;3.618058;0.236922;0.153060;1.490068;0.876000;0.088235;0.088235;0.000000;1286.742290;0.232692;0.876578;3.079300;19.048701;362.852997;19.068859;3.807099;-0.177369;-1.209165;35.153250;0.058824;0.058824;1.003922;18584.035547;1.534559;-11.101797;-14.207000;35.998394;1295.884359;37.671398;10.221796;0.602967;0.959185;43.560250;0.088235;0.088235;2.509804;78668.441750;2.471709;0.000000;0.000000;0.339637;0.485558;-0.358640;-0.562775;0.000000;-0.325369;0.153506;0.000000;0.000000;-0.164153;0.284342;0.043878;-0.318448;9.325767;8.102624;11.065356;8.453877;0.499180;0.000000;8.935842;1.005859;3.663466;95.072551;1795.845996
1.000000;1.000000;0.000000;0.000000;1.000000;0.000000;0.000000;0.000000;0.000000;0.000000;0.000000;0.000000;102.000000;-0.000000;-1.726328;-1.737700;1.134758;1.287676;2.065886;0.232505;-0.014006;-0.699431;1.669717;0.049020;0.049020;0.000000;369.663107;0.735273;9.183675;7.964650;2.942496;8.658284;9.643555;0.719478;0.659570;-0.907309;4.317675;0.068627;0.068627;0.000000;9044.261346;0.281948;2.922709;2.863050;1.140590;1.300946;3.137383;0.257791;0.762502;0.896912;1.489300;0.107843;0.107843;0.000000;937.689216;0.374750;6.148953;9.852150;22.638943;512.521751;23.459143;4.155992;-0.146035;-1.030931;36.704500;0.058824;0.058824;1.003922;29995.195177;1.671296;-42.000176;-34.703000;64.150260;4115.255798;76.676402;11.403489;-0.230087;-0.300045;81.595425;0.078431;0.078431;0.000000;389813.382135;1.702001;0.000000;0.000000;0.026318;0.201978;0.075836;-0.651762;0.000000;-0.083952;-0.039998;0.000000;0.000000;0.087787;0.409099;0.242743;-0.075912;9.479035;8.413938;11.962128;8.745067;1.299367;0.000000;9.110041;1.005859;3.208722;98.266045;6439.445116
1.000000;1.000000;0.000000;0.000000;1.000000;0.000000;0.000000;0.000000;0.000000;0.000000;0.000000;0.000000;102.000000;-0.000000;-2.433683;-2.424050;0.898488;0.807281;2.594242;0.148059;0.323430;-0.700456;1.356575;0.058824;0.058824;0.000000;645.298452;0.313336;9.454147;9.653300;1.662516;2.763958;9.599211;0.411646;0.287633;0.193332;2.086775;0.088235;0.088235;0.000000;9257.827095;0.111635;2.107795;1.973900;1.200137;1.440329;2.425516;0.158504;0.196819;-1.015684;1.815525;0.029412;0.029412;0.000000;526.635973;0.605535;5.672327;4.473300;18.291051;334.562546;19.150400;2.871145;0.426111;-0.380223;26.483250;0.078431;0.078431;0.501961;20344.647683;1.739128;-78.373380;-85.881500;62.504926;3906.865714;100.245960;7.025222;0.322371;-1.020407;110.024500;0.039216;0.039216;0.000000;825780.359004;0.713469;0.000000;0.000000;-0.142731;-0.126184;0.578717;-0.590256;0.000000;-0.010833;-0.271070;0.000000;0.000000;0.161848;0.391659;-0.059130;0.079997;9.858834;2.678344;12.887830;2.814513;0.792085;0.000000;9.672480;1.005859;2.179891;99.874949;10421.873434
1.000000;1.000000;0.000000;0.000000;1.000000;0.000000;0.000000;0.000000;0.000000;0.000000;0.000000;0.000000;102.000000;-0.000000;-1.854086;-1.816000;0.991684;0.983437;2.102635;0.154900;0.008879;-0.671813;1.338875;0.049020;0.049020;0.000000;400.798130;0.573160;9.530427;9.508950;1.366883;1.868369;9.627950;0.327857;1.275435;2.553423;1.726100;0.078431;0.078431;0.000000;9359.850105;0.080574;2.247832;1.963950;1.320591;1.743960;2.607050;0.155097;0.154827;-1.300401;2.414450;0.049020;0.049020;0.000000;604.324844;0.523409;5.117631;2.385550;16.207360;262.678532;16.996137;2.638181;1.205902;1.390481;17.220475;0.068627;0.068627;1.505882;16068.158340;1.806642;-50.544321;-33.779000;55.405699;3069.791508;74.996799;5.407018;-0.569878;-1.089967;107.986000;0.049020;0.049020;0.000000;417155.234618;1.053963;0.000000;0.000000;-0.175649;0.073419;0.813550;-0.022457;0.000000;0.233243;-0.235159;0.000000;0.000000;0.399202;0.595007;-0.019027;0.401473;9.808028;1.921076;12.399605;1.947455;0.932587;0.000000;10.031713;1.005859;1.923795;98.118489;5920.185297
1.000000;1.000000;0.000000;0.000000;1.000000;0.000000;0.000000;0.000000;0.000000;0.000000;0.000000;0.000000;102.000000;-0.000000;-1.100331;-1.299800;0.902734;0.814929;1.423255;0.164425;0.718040;-0.004830;1.221340;0.049020;0.049020;0.000000;165.056043;0.936431;9.457992;8.642600;1.901190;3.614524;9.647183;0.411302;1.306442;0.762666;2.324625;0.078431;0.078431;0.000000;9308.610031;0.131297;2.861658;2.640050;0.875450;0.766413;2.992574;0.157533;0.133104;-1.233048;1.491050;0.049020;0.049020;0.000000;874.377990;0.251465;3.342266;-1.742550;22.113918;489.025367;22.365064;3.170861;0.415546;-0.186965;22.737825;0.049020;0.049020;0.501961;26080.558143;1.697974;-3.436516;-0.374295;25.936206;672.686767;26.162882;5.744848;-0.150180;-0.822059;37.681500;0.049020;0.049020;0.501961;35518.119011;2.067334;0.000000;0.000000;0.023707;0.156200;0.342383;-0.348094;0.000000;-0.181589;-0.045803;0.000000;0.000000;-0.384778;0.047249;0.143635;0.440721;9.623416;3.483666;11.722129;3.650908;0.822400;0.000000;9.588861;1.005859;2.912002;96.093795;1193.648011
1.000000;1.000000;0.000000;0.000000;1.000000;0.000000;0.000000;0.000000;0.000000;0.000000;0.000000;0.000000;102.000000;-0.000000;-1.108672;-1.208300;1.114021;1.241044;1.571686;0.193809;-0.360405;0.251396;0.986665;0.049020;0.049020;0.000000;188.673763;1.185119;9.458596;8.877850;2.165586;4.689762;9.703340;0.443256;0.520707;0.076958;2.619200;0.088235;0.088235;0.000000;9364.630807;0.171507;2.561242;2.422000;0.692523;0.479589;2.653215;0.161239;0.839698;0.102117;0.744725;0.088235;0.088235;0.000000;693.575079;0.211225;-0.602944;-2.320300;19.533497;381.557515;19.542801;3.416768;0.149678;-0.429037;28.163000;0.078431;0.078431;0.501961;19496.640678;1.675992;-19.022609;-11.639500;37.619755;1415.245957;42.155731;6.740420;-0.160299;-1.076766;57.285275;0.058824;0.058824;0.501961;109088.180755;1.699416;0.000000;0.000000;-0.125914;-0.033793;0.474190;-0.071519;0.000000;-0.330628;0.041960;0.000000;0.000000;-0.019745;0.383347;0.071732;0.245894;9.647453;4.551652;11.744223;4.763010;1.226516;0.000000;9.790031;1.005859;2.717130;97.624998;2166.066221
1.000000;1.000000;0.000000;0.000000;1.000000;0.000000;0.000000;0.000000;0.000000;0.000000;0.000000;0.000000;102.000000;-0.000000;-1.563491;-1.560950;0.929900;0.864714;1.819126;0.164220;-0.295638;0.009959;1.229868;0.068627;0.068627;0.000000;293.440054;0.622876;9.394626;9.281050;1.682957;2.832345;9.544179;0.338054;0.079828;1.826346;1.525025;0.068627;0.068627;0.000000;9146.868278;0.110230;2.077716;2.045200;0.535924;0.287215;2.145721;0.144490;0.055232;-0.868271;0.773225;0.098039;0.098039;0.000000;454.972420;0.202277;3.827682;5.916700;14.780108;218.451588;15.267703;3.046822;-0.382664;-1.105170;23.044575;0.088235;0.088235;1.003922;12637.787690;2.296719;-73.207611;-71.646500;35.967172;1293.637459;81.565874;6.421739;0.270103;-0.624192;54.894250;0.058824;0.058824;0.000000;612629.669203;0.506982;0.000000;0.000000;-0.242669;0.043791;0.065838;-0.166416;0.000000;-0.081988;-0.032263;0.000000;0.000000;0.098233;0.162495;0.139090;0.074295;9.624178;2.775775;11.986359;2.931844;0.801820;0.000000;9.480385;1.005859;2.227971;95.400570;6890.698592
1.000000;1.000000;0.000000;0.000000;1.000000;0.000000;0.000000;0.000000;0.000000;0.000000;0.000000;0.000000;102.000000;-0.000000;-1.152102;-1.051300;0.740131;0.547794;1.369355;0.105217;-0.014889;-1.071739;1.310745;0.029412;0.029412;0.000000;163.327154;0.689210;9.297337;9.277150;0.692560;0.479639;9.323096;0.177027;-0.502689;0.190159;0.857550;0.137255;0.137255;0.000000;8841.390945;0.024374;2.292378;2.443950;0.814830;0.663947;2.432888;0.112169;-0.022032;-1.000512;1.334075;0.019608;0.019608;0.000000;569.871018;0.292067;2.226138;3.548850;14.458111;209.036973;14.628488;2.410038;-0.515058;-0.533687;20.975475;0.058824;0.058824;1.003922;11166.944055;1.785867;-63.831471;-60.393500;39.801706;1584.175788;75.223882;4.408040;-0.309626;-1.444509;77.716750;0.029412;0.029412;0.000000;496391.215409;0.623642;0.000000;0.000000;-0.443482;0.438575;0.255083;-0.495985;0.000000;0.151761;-0.451297;0.000000;0.000000;0.708479;0.520973;-0.365672;0.046100;9.447811;0.534123;11.469825;0.750941;0.286665;0.000000;9.622138;1.005859;2.114202;89.795252;5878.544033
1.000000;1.000000;0.000000;0.000000;1.000000;0.000000;0.000000;0.000000;0.000000;0.000000;0.000000;0.000000;102.000000;-0.000000;-0.779047;-0.715785;0.741288;0.549508;1.075371;0.174744;-0.227172;-0.473121;0.921723;0.098039;0.098039;0.000000;89.930544;1.228375;9.426154;8.914100;2.078451;4.319958;9.652582;0.436881;1.087399;0.495469;2.204625;0.107843;0.107843;0.000000;9283.260394;0.158548;2.580165;2.726850;0.969900;0.940705;2.756439;0.208256;0.045776;0.434896;1.233675;0.029412;0.029412;0.000000;727.022127;0.374734;-0.804215;0.078745;13.131428;172.434408;13.156032;2.704828;-0.271343;-0.318446;16.936675;0.068627;0.068627;2.509804;8861.141188;2.050712;-14.639195;-21.117000;28.878594;833.973163;32.377140;6.948665;1.229156;1.198228;25.552125;0.029412;0.029412;0.000000;64396.503301;1.945420;0.000000;0.000000;0.298656;0.806459;-0.552221;-0.323453;0.000000;0.372093;-0.011267;0.000000;0.000000;0.291910;-0.223483;0.133781;0.030619;9.548608;4.152842;11.301212;4.418622;0.499057;0.000000;9.379853;1.005859;2.463517;95.328759;1228.958309
1.000000;1.000000;0.000000;0.000000;1.000000;0.000000;0.000000;0.000000;0.000000;0.000000;0.000000;0.000000;102.000000;-0.000000;-1.178215;-1.207000;0.814359;0.663180;1.432261;0.277883;0.257252;-0.247591;0.959037;0.078431;0.078431;0.000000;175.417709;0.945573;9.660247;8.224950;2.794606;7.809825;10.056351;0.621543;0.537298;-1.326050;5.564925;0.068627;0.068627;0.000000;9917.001198;0.239291;2.603075;2.477100;1.086872;1.181291;2.820867;0.274485;0.313037;0.296498;1.265400;0.058824;0.058824;0.000000;751.399864;0.394124;-2.119512;-4.525000;13.530379;183.071145;13.695382;3.049291;0.561666;-0.724106;20.653300;0.088235;0.088235;1.003922;9794.907627;2.049185;-25.647054;-23.329000;44.058010;1941.108286;50.979208;10.325291;-0.159649;-0.051610;46.257965;0.107843;0.107843;0.000000;166095.038528;1.793489;0.000000;0.000000;0.339507;0.312706;-0.517762;0.010455;0.000000;0.065620;-0.234872;0.000000;0.000000;0.022102;0.040159;0.127344;-0.105802;9.834068;7.472674;11.914086;7.970548;0.586348;0.000000;9.686096;1.005859;2.401513;104.181569;2794.400423
1.000000;1.000000;0.000000;0.000000;1.000000;0.000000;0.000000;0.000000;0.000000;0.000000;0.000000;0.000000;102.000000;-0.000000;-1.621751;-1.578100;0.636746;0.405446;1.742275;0.226336;0.127797;-0.831048;1.031050;0.147059;0.147059;0.000000;288.945587;0.431339;9.602449;9.778650;2.096276;4.394372;9.828601;0.413248;0.545389;-0.468297;2.527025;0.049020;0.049020;0.000000;9629.234506;0.146581;2.181369;1.995000;1.031716;1.064439;2.413050;0.194857;0.714580;0.418111;1.188200;0.068627;0.068627;0.000000;539.640776;0.489401;-0.483245;-5.739700;15.417392;237.695969;15.424963;2.979164;0.578187;-0.926231;25.505500;0.068627;0.068627;2.007843;12147.889782;1.794870;-84.867751;-85.396500;49.049869;2405.889615;98.022573;8.397428;0.174361;-1.005920;81.235750;0.078431;0.078431;0.000000;857364.486753;0.625040;0.000000;0.000000;0.089483;-0.244557;0.194746;-0.317228;0.000000;-0.195635;-0.274237;0.000000;0.000000;0.431974;0.098058;0.000791;-0.309526;9.816752;4.268297;12.224200;4.441490;0.405851;0.000000;9.563930;1.005859;2.383439;100.636922;9852.177143
1.000000;1.000000;0.000000;0.000000;1.000000;0.000000;0.000000;0.000000;0.000000;0.000000;0.000000;0.000000;102.000000;-0.000000;-0.955972;-0.983075;1.000601;1.001202;1.383866;0.160508;0.056274;-1.132322;1.613560;0.068627;0.068627;0.000000;144.277503;0.999006;9.781428;9.796250;1.200144;1.440346;9.854780;0.290050;0.863026;1.052351;1.230075;0.107843;0.107843;0.000000;9832.477631;0.062379;2.241951;2.073500;0.861142;0.741565;2.401647;0.133682;0.245234;-0.600943;1.321325;0.049020;0.049020;0.000000;550.510670;0.324291;1.505532;-4.610400;18.678342;348.880447;18.738919;3.137561;0.589567;-0.722106;30.683750;0.049020;0.049020;0.501961;18025.192632;1.767328;-63.688530;-74.489000;64.224732;4124.816257;90.449130;6.147994;0.083668;-1.095670;111.027975;0.009804;0.009804;0.000000;624109.208438;0.925034;0.000000;0.000000;-0.102106;0.124123;0.754502;0.014590;0.000000;-0.296977;0.230108;0.000000;0.000000;0.673392;0.705595;0.286063;0.105904;9.929264;1.441480;11.907366;1.486839;0.978883;0.000000;9.806600;1.005859;1.970139;100.031773;8537.960093
1.000000;1.000000;0.000000;0.000000;1.000000;0.000000;0.000000;0.000000;0.000000;0.000000;0.000000;0.000000;102.000000;-0.000000;-0.526331;-0.309000;0.870385;0.757570;1.017150;0.185645;-0.543016;-0.366550;1.272525;0.078431;0.078431;0.000000;66.894923;1.692378;9.579537;8.877200;1.805852;3.261102;9.748263;0.363253;1.375095;0.966083;1.800975;0.068627;0.068627;0.000000;9526.609756;0.117846;2.424150;2.268650;0.740635;0.548540;2.534767;0.144018;0.284797;-0.874307;1.190400;0.049020;0.049020;0.000000;627.383559;0.269394;-1.779626;-8.520900;16.955593;287.492122;17.048730;2.766110;1.075183;0.396263;23.090625;0.039216;0.039216;1.003922;14985.261213;1.730087;-7.287407;-8.010050;36.131736;1305.502382;36.859309;6.823139;-0.016952;-0.332301;44.808500;0.049020;0.049020;1.003922;72007.468086;1.837503;0.000000;0.000000;0.034501;0.353993;0.271640;0.422217;0.000000;-0.120404;-0.055183;0.000000;0.000000;0.095017;0.321082;0.346326;0.494848;9.689245;3.181771;11.347683;3.294576;0.763885;0.000000;9.749857;1.005859;2.524359;97.063230;1655.692926
1.000000;1.000000;0.000000;0.000000;1.000000;0.000000;0.000000;0.000000;0.000000;0.000000;0.000000;0.000000;102.000000;-0.000000;-1.169912;-1.094850;0.948572;0.899789;1.506149;0.157237;-0.250027;-0.690545;1.270913;0.049020;0.049020;0.000000;185.503903;0.934885;9.394333;8.433550;2.014413;4.057858;9.607880;0.401560;1.349864;0.425632;1.998250;0.049020;0.049020;0.000000;9208.840080;0.153449;2.382261;2.231500;0.710087;0.504224;2.485838;0.160140;0.188986;-1.034697;1.187475;0.068627;0.068627;0.000000;604.582708;0.269443;-2.773927;-5.297050;13.483771;181.812086;13.766145;2.483548;0.548382;-0.135216;18.104025;0.058824;0.058824;1.505882;10057.305645;1.654310;-10.104524;-10.831500;32.161961;1034.391717;33.711914;5.554662;0.064108;-0.606183;48.018250;0.049020;0.049020;0.501961;63170.027934;1.727596;0.000000;0.000000;0.052335;0.289929;0.049499;0.205899;0.000000;0.267821;-0.112575;0.000000;0.000000;-0.209668;0.695221;0.440218;0.579156;9.571683;3.962726;11.636095;4.101230;0.905503;0.000000;9.442132;1.005859;2.214162;95.579841;1332.179270
1.000000;1.000000;0.000000;0.000000;1.000000;0.000000;0.000000;0.000000;0.000000;0.000000;0.000000;0.000000;102.000000;-0.000000;-1.776584;-1.872500;0.795583;0.632952;1.946588;0.127484;0.281308;-1.041822;1.292575;0.029412;0.029412;0.000000;354.218269;0.392563;9.276068;8.714800;1.650870;2.725373;9.421826;0.333818;1.433363;0.977065;1.063700;0.068627;0.068627;0.000000;8915.631383;0.110096;2.522417;2.285650;0.621793;0.386626;2.597925;0.143466;0.494575;-1.031559;1.023925;0.068627;0.068627;0.000000;668.702613;0.179853;3.454560;4.216400;13.468611;181.403489;13.904585;2.516708;-0.310355;-0.062297;15.367625;0.068627;0.068627;1.003922;10469.590850;2.095846;-57.840441;-40.016500;54.855928;3009.172841;79.716306;4.312257;-0.223154;-1.207346;90.885250;0.009804;0.009804;0.000000;494723.417471;0.923961;0.000000;0.000000;0.108571;0.318646;0.556886;-0.100233;0.000000;0.013760;0.329547;0.000000;0.000000;0.080021;0.534498;0.603725;0.339771;9.537147;2.602830;12.052652;2.762126;0.629450;0.000000;9.600471;1.005859;2.712968;93.560008;6554.776109
1.000000;1.000000;0.000000;0.000000;1.000000;0.000000;0.000000;0.000000;0.000000;0.000000;0.000000;0.000000;102.000000;-0.000000;-1.772131;-2.020450;0.866847;0.751423;1.972783;0.121386;0.953471;0.011104;1.108800;0.049020;0.049020;0.000000;358.652895;0.506090;9.325294;9.185450;1.063670;1.131394;9.385761;0.242266;1.591680;4.876504;0.883200;0.088235;0.088235;0.000000;8927.761355;0.057499;2.243008;2.148600;0.452275;0.204552;2.288151;0.107740;1.002645;1.270941;0.421725;0.098039;0.098039;0.000000;523.604156;0.132581;8.328972;7.391700;15.808904;249.921441;17.868778;2.422134;0.261901;-0.367825;19.350337;0.078431;0.078431;0.000000;19821.914268;1.620581;-71.204891;-88.202500;52.172861;2722.007403;88.273121;4.658561;0.211667;-1.261949;93.601250;0.019608;0.019608;0.000000;655977.270265;0.657347;0.000000;0.000000;0.007887;-0.271501;0.456894;-0.525975;0.000000;-0.750912;0.349848;0.000000;0.000000;0.100614;0.683079;0.183782;0.054248;9.586994;1.073914;12.130283;1.142736;0.758722;0.000000;9.538914;1.005859;2.320688;92.984376;8116.672715
1.000000;1.000000;0.000000;0.000000;1.000000;0.000000;0.000000;0.000000;0.000000;0.000000;0.000000;0.000000;102.000000;-0.000000;-1.247105;-1.259350;0.844210;0.712691;1.505976;0.161773;-0.043747;-0.928867;1.319420;0.068627;0.068627;0.000000;194.985867;0.789450;9.339640;9.301300;1.954845;3.821418;9.542028;0.401863;0.843750;0.672272;2.363725;0.078431;0.078431;0.000000;9092.249908;0.147303;2.251231;2.258450;0.562611;0.316531;2.320468;0.198226;-0.027950;1.240333;0.548550;0.147059;0.147059;0.000000;533.083842;0.219450;2.814053;1.776000;18.486962;341.767755;18.699910;3.018270;0.400306;-0.563296;25.561750;0.078431;0.078431;1.003922;18238.146637;1.509019;-23.727679;-22.311500;42.975495;1846.893197;49.090691;7.239083;-0.337405;-0.307063;44.477100;0.078431;0.078431;0.000000;151624.980835;1.725117;0.000000;0.000000;0.043099;0.013633;-0.042846;-0.857816;0.000000;-0.708935;-0.115334;0.000000;0.000000;0.149908;0.693234;-0.150876;-0.120931;9.517967;3.726572;11.619604;3.860896;0.718105;0.000000;9.607825;1.005859;2.182119;94.318260;2764.967167
1.000000;1.000000;0.000000;0.000000;1.000000;0.000000;0.000000;0.000000;0.000000;0.000000;0.000000;0.000000;102.000000;-0.000000;-1.148509;-0.940830;0.997410;0.994826;1.521151;0.196261;-0.630245;0.513215;1.297408;0.068627;0.068627;0.000000;185.286032;1.197237;9.298653;7.939050;2.688003;7.225360;9.679375;0.591455;0.880768;-0.765077;3.878100;0.058824;0.058824;0.000000;9187.922040;0.240312;2.448428;2.449500;0.796744;0.634801;2.574801;0.282502;0.418940;1.524509;0.636625;0.137255;0.137255;0.000000;643.850661;0.296484;-0.811019;1.996750;15.564264;242.246307;15.585380;3.588112;-0.320716;-1.014371;25.301500;0.068627;0.068627;1.003922;12422.365245;1.759327;-3.949374;-14.798500;35.957941;1292.973486;36.174176;9.489158;1.040701;0.586216;39.310375;0.107843;0.107843;2.509804;67534.309895;1.898553;0.000000;0.000000;0.242128;0.568570;-0.547026;-0.472772;0.000000;0.334549;0.095669;0.000000;0.000000;0.064100;0.000878;-0.036494;-0.217653;9.493541;6.876889;11.525225;7.364477;0.937097;0.000000;9.313737;1.005859;2.484066;97.004205;1558.104705
1.000000;1.000000;0.000000;0.000000;1.000000;0.000000;0.000000;0.000000;0.000000;0.000000;0.000000;0.000000;102.000000;-0.000000;-2.084477;-2.051250;1.531231;2.344667;2.586448;0.222471;-0.111549;-0.912318;2.488722;0.068627;0.068627;0.000000;562.784905;0.754950;9.791009;9.725900;2.333713;5.446217;10.065290;0.529076;0.530754;-0.649630;2.978700;0.107843;0.107843;0.000000;10055.894443;0.184533;1.669994;2.174700;1.476129;2.178957;2.228865;0.265950;-0.474367;-0.342296;1.949477;0.058824;0.058824;0.000000;395.593400;0.940171;9.899775;9.252100;23.167803;536.747088;25.194298;3.581135;0.564028;-0.081852;27.188425;0.078431;0.078431;1.003922;37371.334597;1.678864;-71.102272;-46.134000;85.994110;7394.986965;111.581899;8.524651;-0.285789;-0.763282;112.714500;0.019608;0.019608;0.000000;892810.448847;1.041270;0.000000;0.000000;0.042471;-0.590985;0.679376;-0.746837;0.000000;-0.068176;-0.199858;0.000000;0.000000;0.237329;0.482020;-0.181729;0.172444;10.192086;5.121172;12.953549;5.507622;2.360399;0.000000;9.940840;1.005859;2.200691;108.999783;13090.240579
1.000000;1.000000;0.000000;0.000000;1.000000;0.000000;0.000000;0.000000;0.000000;0.000000;0.000000;0.000000;102.000000;-0.000000;-2.678228;-2.497300;1.091688;1.191782;2.892177;0.202758;-0.255313;-0.823872;1.555600;0.078431;0.078431;0.000000;792.425239;0.389004;9.609937;9.547900;2.291982;5.253183;9.879478;0.478743;0.528481;-0.461093;2.465450;0.068627;0.068627;0.000000;9687.752408;0.186197;1.674366;1.888350;1.499491;2.248473;2.247660;0.224884;-0.374888;-0.420635;1.945907;0.058824;0.058824;0.000000;400.629413;0.960224;11.759683;6.895750;23.920668;572.198360;26.654990;3.539818;0.703606;-0.647312;32.470775;0.058824;0.058824;1.003922;43288.539818;1.497128;-85.993967;-73.360000;76.645605;5874.548755;115.193364;8.042327;-0.171041;-0.550052;82.079750;0.019608;0.019608;0.000000;1053891.192247;0.823894;0.000000;0.000000;0.152107;-0.632766;0.699717;-0.388581;0.000000;0.129392;-0.186512;0.000000;0.000000;0.044040;0.384074;-0.019639;0.419207;10.111382;4.728713;13.288166;5.340901;1.167874;0.000000;10.331678;1.005859;1.347313;106.968766;13985.051531
1.000000;1.000000;0.000000;0.000000;1.000000;0.000000;0.000000;0.000000;0.000000;0.000000;0.000000;0.000000;102.000000;-0.000000;-1.865956;-1.913250;0.972190;0.945153;2.104031;0.203224;0.185324;-0.376552;1.202650;0.068627;0.068627;0.000000;403.346314;0.573032;9.482320;8.578400;2.482790;6.164247;9.801971;0.522115;0.802912;-0.566010;3.649850;0.058824;0.058824;0.000000;9485.645615;0.195059;2.599820;2.487050;0.861729;0.742578;2.738912;0.195730;0.488994;-0.691233;1.360925;0.068627;0.068627;0.000000;727.298470;0.293248;2.250396;-4.936350;16.792947;282.003075;16.943062;3.342183;1.166036;0.890676;23.021400;0.058824;0.058824;1.505882;14898.818825;1.766498;-15.878758;-15.161500;41.185895;1696.277926;44.140830;7.914818;0.112621;-1.099109;68.802000;0.058824;0.058824;1.003922;112230.999584;1.774952;0.000000;0.000000;0.342360;-0.033038;0.045348;0.574468;0.000000;0.383730;0.176310;0.000000;0.000000;0.029485;0.543402;0.308652;0.319585;9.793384;5.595214;12.366864;6.354262;0.825528;0.000000;9.721815;1.005859;2.603445;101.505576;2242.981875
1.000000;1.000000;0.000000;0.000000;1.000000;0.000000;0.000000;0.000000;0.000000;0.000000;0.000000;0.000000;102.000000;-0.000000;-2.439252;-2.238900;1.333919;1.779340;2.780161;0.208784;0.274945;-1.023520;2.214525;0.019608;0.019608;0.000000;697.642689;0.561390;9.177099;8.518650;2.170015;4.708967;9.430170;0.429648;0.978931;0.148715;2.142350;0.068627;0.068627;0.000000;8830.538467;0.166419;2.623131;2.631350;0.729442;0.532085;2.722665;0.175265;0.035207;-0.792965;1.023225;0.068627;0.068627;0.000000;728.985946;0.218388;6.210386;1.424450;18.736257;351.047322;19.738698;3.344806;0.564597;-0.579737;27.320700;0.068627;0.068627;0.501961;21840.043900;2.112809;-31.676566;-31.833000;41.847420;1751.206522;52.484391;6.817838;-0.072415;-0.410186;50.452500;0.039216;0.039216;0.000000;191660.236938;1.313576;0.000000;0.000000;0.277212;0.424551;-0.037998;-0.437848;0.000000;-0.397022;0.155174;0.000000;0.000000;-0.288021;0.729611;0.149717;0.133091;9.673652;4.077861;12.634940;4.963009;1.589539;0.000000;9.895867;1.005859;2.523493;97.657406;3151.640455
1.000000;1.000000;0.000000;0.000000;1.000000;0.000000;0.000000;0.000000;0.000000;0.000000;0.000000;0.000000;102.000000;-0.000000;-3.134392;-3.109700;0.746543;0.557327;3.222070;0.152203;0.563400;0.400709;0.905250;0.039216;0.039216;0.000000;1030.516971;0.168383;8.760603;8.743800;1.340868;1.797928;8.862623;0.243481;0.912916;2.356707;1.274850;0.049020;0.049020;0.000000;7920.007282;0.086811;2.652778;2.586550;0.578602;0.334780;2.715145;0.109159;-0.005486;-0.446139;0.844925;0.058824;0.058824;0.000000;734.871763;0.145746;21.480281;21.063000;21.427626;459.143174;30.340495;2.668184;-0.236403;-0.548768;30.356500;0.058824;0.058824;0.000000;70480.351385;1.034882;-70.799960;-63.124000;32.936502;1084.813131;78.086154;5.001366;-0.059807;-0.838623;54.666250;0.039216;0.039216;0.000000;566616.578470;0.426091;0.000000;0.000000;0.150234;0.784693;-0.476019;-0.661090;0.000000;-0.242916;0.232362;0.000000;0.000000;-0.374333;0.275654;0.310201;0.104088;9.403609;1.499965;12.894995;1.833877;0.544697;0.000000;9.338881;1.005859;2.646761;89.927829;7025.365093
1.000000;1.000000;0.000000;0.000000;1.000000;0.000000;0.000000;0.000000;0.000000;0.000000;0.000000;0.000000;102.000000;-0.000000;-1.842512;-1.922600;1.023851;1.048271;2.107872;0.161906;0.025586;-1.372831;1.925690;0.029412;0.029412;0.000000;399.741790;0.611926;9.220731;9.138050;1.781633;3.174215;9.391278;0.360767;1.455590;2.571927;1.357425;0.117647;0.117647;0.000000;8834.119445;0.129540;2.768383;2.889350;0.548989;0.301389;2.822293;0.175535;-0.434212;-0.254382;0.833650;0.088235;0.088235;0.000000;797.095625;0.143881;14.681291;15.174500;20.910582;437.252448;25.549809;2.510046;0.555867;-0.632464;28.286775;0.049020;0.049020;0.000000;44286.851113;1.382875;-43.725778;-38.678000;46.680463;2179.065663;63.960999;5.896162;-0.205416;-0.907330;64.146250;0.029412;0.029412;0.000000;306162.721739;1.215952;0.000000;0.000000;0.217396;0.197372;-0.274284;-0.841427;0.000000;-0.899348;0.347666;0.000000;0.000000;-0.074599;0.798230;-0.399714;-0.318977;9.521586;2.978630;12.063244;3.277914;0.986380;0.000000;9.321499;1.005859;2.819206;93.639225;4751.767459
1.000000;1.000000;0.000000;0.000000;1.000000;0.000000;0.000000;0.000000;0.000000;0.000000;0.000000;0.000000;102.000000;-0.000000;-1.351163;-1.483000;0.606049;0.367295;1.480857;0.183126;0.318643;-1.054361;1.025733;0.068627;0.068627;0.000000;204.948257;0.512653;9.107995;8.022550;2.508020;6.290166;9.446996;0.592940;1.008605;-0.165805;3.045900;0.078431;0.078431;0.000000;8782.296411;0.222990;2.913489;2.896050;0.720078;0.518512;3.001155;0.241257;0.461525;0.701391;0.781375;0.156863;0.156863;0.000000;892.262901;0.191317;1.241055;0.501130;13.358160;178.440438;13.415687;3.071918;0.032805;-0.815967;20.032900;0.078431;0.078431;1.003922;9257.585228;1.685846;-13.438485;-18.258500;25.885366;670.052159;29.165820;7.324994;0.427130;-0.843223;36.530650;0.107843;0.107843;0.000000;52595.306017;1.994368;0.000000;0.000000;0.230351;0.209854;-0.401983;-0.481533;0.000000;-0.364148;0.042972;0.000000;0.000000;-0.122901;0.369305;0.165348;-0.134440;9.298123;5.983577;11.459158;6.373275;0.350101;0.000000;9.288839;1.005859;2.918485;92.438678;1039.632633
1.000000;1.000000;0.000000;0.000000;1.000000;0.000000;0.000000;0.000000;0.000000;0.000000;0.000000;0.000000;102.000000;-0.000000;-1.861640;-1.791550;0.509163;0.259247;1.930013;0.169911;-0.150673;0.498196;0.682750;0.137255;0.137255;0.000000;366.726077;0.233759;9.131274;8.333150;2.335310;5.453674;9.425170;0.469249;1.112141;0.334316;2.586625;0.058824;0.058824;0.000000;8782.925912;0.198848;2.512186;2.499650;0.892233;0.796079;2.665925;0.181181;0.581993;0.248927;0.997675;0.058824;0.058824;0.000000;684.331971;0.322237;0.289743;6.773100;17.405089;302.937119;17.407500;2.867509;-0.642390;-0.667182;23.841250;0.068627;0.068627;0.501961;15461.268009;1.776650;-16.037480;-19.097500;23.836958;568.200549;28.729798;6.229722;0.416889;-0.638333;32.628600;0.088235;0.088235;0.000000;55212.737280;1.737127;0.000000;0.000000;0.086051;0.122107;-0.364482;-0.057787;0.000000;0.137365;-0.008481;0.000000;0.000000;-0.018683;0.218634;0.109315;0.070877;9.399681;5.204769;11.992913;5.509706;0.259780;0.000000;9.310211;1.005859;2.713552;93.558780;1135.529545
1.000000;1.000000;0.000000;0.000000;1.000000;0.000000;0.000000;0.000000;0.000000;0.000000;0.000000;0.000000;102.000000;-0.000000;-1.210178;-1.461450;1.122915;1.260938;1.650899;0.199617;0.483261;-0.647804;1.924902;0.049020;0.049020;0.000000;213.711599;1.123077;9.932252;9.703050;2.108220;4.444590;10.153532;0.459131;0.859433;-0.064526;2.493100;0.088235;0.088235;0.000000;10288.971532;0.155774;1.920967;1.947000;0.724120;0.524350;2.052916;0.163346;-0.337386;0.383725;0.790275;0.117647;0.117647;0.000000;403.137660;0.367440;-0.826426;2.214850;18.110723;327.998301;18.129569;3.447749;-0.454115;-0.866694;25.586250;0.078431;0.078431;1.003922;16797.943699;1.715997;-33.295931;-26.327500;32.146363;1033.388666;46.281829;6.873395;-0.356788;-0.260684;41.856000;0.068627;0.068627;0.000000;165783.871597;1.267155;0.000000;0.000000;0.120840;0.147882;-0.061205;0.026876;0.000000;0.137540;-0.119447;0.000000;0.000000;-0.391209;-0.486073;-0.033299;0.163067;10.124208;4.320100;12.335642;4.514350;1.247669;0.000000;10.161216;1.005859;1.973377;106.819688;2474.903439
1.000000;1.000000;0.000000;0.000000;1.000000;0.000000;0.000000;0.000000;0.000000;0.000000;0.000000;0.000000;102.000000;-0.000000;0.038151;-0.006314;0.894595;0.800300;0.895408;0.207156;0.323359;-0.722903;1.348492;0.088235;0.088235;0.501961;40.973477;2.034702;10.086019;9.510000;1.938610;3.758208;10.270637;0.459250;0.839970;0.462428;1.990525;0.068627;0.068627;0.000000;10567.901790;0.122246;2.310187;2.313350;0.949037;0.900670;2.497526;0.205568;0.117700;-0.928263;1.403200;0.088235;0.088235;0.000000;590.307323;0.427347;2.858445;5.608300;32.526509;1057.973795;32.651868;4.931145;-0.265208;-0.872310;49.988500;0.058824;0.058824;1.003922;54790.768276;1.425223;16.686425;4.620100;46.266296;2140.570130;49.183401;9.236335;1.209487;1.201790;59.335750;0.049020;0.049020;1.505882;137570.788265;2.003999;0.000000;0.000000;-0.072844;0.464638;-0.033646;-0.104983;0.000000;-0.183984;0.062522;0.000000;0.000000;0.050691;0.326174;0.275208;0.655826;10.178026;3.695521;11.824087;3.800857;0.802785;0.000000;10.009369;1.005859;2.511507;107.287735;3491.389053
1.000000;1.000000;0.000000;0.000000;1.000000;0.000000;0.000000;0.000000;0.000000;0.000000;0.000000;0.000000;102.000000;-0.000000;-0.189741;-0.400185;0.730661;0.533866;0.754896;0.190980;1.072705;0.735063;0.929435;0.107843;0.107843;1.003922;30.918178;2.646059;10.073953;10.017000;2.340210;5.476584;10.342201;0.541634;0.172111;-0.304917;2.514025;0.117647;0.117647;0.000000;10630.732721;0.164420;2.090935;1.916850;1.068617;1.141942;2.348180;0.235776;1.198898;1.317357;1.358125;0.098039;0.098039;0.000000;504.184513;0.583232;-3.203793;-3.962550;43.824952;1920.626396;43.941901;5.849539;-0.120585;-0.970976;71.331500;0.049020;0.049020;1.505882;99011.131039;1.563677;10.479779;-5.090750;45.685446;2087.160015;46.872015;9.089265;0.640665;-0.601870;76.925750;0.078431;0.078431;1.003922;117647.490490;2.057736;0.000000;0.000000;0.281326;0.367916;-0.326331;-0.080508;0.000000;0.197722;-0.314964;0.000000;0.000000;0.111635;0.117083;0.571917;0.610055;10.156251;5.381538;11.705603;5.577647;0.492312;0.000000;10.166770;1.005859;1.907486;108.530979;4133.390415
1.000000;1.000000;0.000000;0.000000;1.000000;0.000000;0.000000;0.000000;0.000000;0.000000;0.000000;0.000000;102.000000;-0.000000;-0.132191;-0.434425;1.022725;1.045967;1.031233;0.217851;1.272407;2.235199;0.991618;0.088235;0.088235;1.003922;55.135110;2.190546;9.475799;9.338650;2.178567;4.746155;9.723010;0.435828;0.498357;-0.226675;2.921800;0.078431;0.078431;0.000000;9400.712350;0.163601;2.091465;2.051950;1.341262;1.798984;2.484594;0.268192;0.305873;-0.168601;1.730575;0.088235;0.088235;0.000000;537.920949;0.713442;-3.156362;-5.477900;45.807937;2098.367051;45.916551;5.546498;-0.220665;-0.899495;72.263000;0.049020;0.049020;1.003922;108033.004821;0.864026;20.937810;19.566500;51.516193;2653.918175;55.608543;11.218008;-0.088637;-1.036651;85.789500;0.088235;0.088235;0.501961;180076.892579;1.723905;0.000000;0.000000;0.040590;0.481989;-0.196715;-0.151779;0.000000;0.498298;-0.435999;0.000000;0.000000;0.397466;-0.097266;0.222976;0.521625;9.590744;4.617987;11.275743;4.795377;1.054092;0.000000;9.507551;1.005859;2.047941;96.600363;5206.812965
1.000000;1.000000;0.000000;0.000000;1.000000;0.000000;0.000000;0.000000;0.000000;0.000000;0.000000;0.000000;102.000000;-0.000000;-0.325321;-0.497270;1.072289;1.149803;1.120552;0.197404;1.193526;2.460985;0.884746;0.078431;0.078431;1.003922;69.435130;1.922578;9.756328;9.507450;1.835048;3.367403;9.927404;0.481827;0.576834;-0.180800;2.545650;0.098039;0.098039;0.000000;9880.704405;0.124596;1.789499;1.909000;1.224924;1.500439;2.168582;0.204315;0.135882;-0.888964;1.906105;0.039216;0.039216;0.000000;403.158261;0.782161;-10.220625;-12.170500;34.321318;1177.952902;35.810809;3.701604;0.117097;-0.327541;48.652500;0.039216;0.039216;0.501961;70735.497199;1.631116;55.023112;60.243500;62.917729;3958.640603;83.583392;11.082712;0.007980;-0.386868;75.063500;0.049020;0.049020;0.000000;510713.299165;1.368975;0.000000;0.000000;-0.041974;0.626546;-0.221290;-0.328970;0.000000;0.672692;0.068338;0.000000;0.000000;0.644715;-0.391450;-0.215038;0.328222;9.876436;3.264997;11.620864;3.403845;1.158085;0.000000;9.606374;1.005859;1.813261;100.808984;8273.300280
1.000000;1.000000;0.000000;0.000000;1.000000;0.000000;0.000000;0.000000;0.000000;0.000000;0.000000;0.000000;102.000000;-0.000000;-0.901129;-0.681985;0.777705;0.604825;1.190319;0.193610;-0.179775;-0.957364;1.228605;0.078431;0.078431;0.000000;113.673577;1.071662;10.202276;10.003200;1.245401;1.551024;10.278009;0.392658;0.173457;-0.706672;2.009650;0.127451;0.127451;0.000000;10695.944045;0.062247;2.329161;2.091250;1.633095;2.666999;2.844642;0.190397;0.591738;-0.769835;2.549557;0.039216;0.039216;0.000000;689.366699;0.723439;-5.343976;-12.161500;43.090852;1856.821563;43.420959;4.187369;0.417634;-0.152977;52.007500;0.039216;0.039216;1.003922;97621.439802;1.597615;69.300022;78.965500;67.493922;4555.429480;96.736356;11.125821;-0.395083;-0.592465;105.969000;0.049020;0.049020;0.000000;722203.934315;1.063253;0.000000;0.000000;0.257145;0.329266;-0.491598;0.195292;0.000000;-0.208367;-0.350927;0.000000;0.000000;0.304254;-0.346217;-0.025131;-0.348775;10.323650;1.476571;12.170927;1.628544;0.548651;0.000000;10.120798;1.005859;2.015658;108.054329;11251.394142
1.000000;1.000000;0.000000;0.000000;1.000000;0.000000;0.000000;0.000000;0.000000;0.000000;0.000000;0.000000;102.000000;-0.000000;-0.913568;-0.838895;0.728689;0.530988;1.168586;0.219795;-0.118537;-0.860561;1.149868;0.098039;0.098039;0.000000;112.210567;1.121363;9.907165;9.534050;1.921290;3.691355;10.091743;0.423445;1.118802;1.588240;2.363375;0.068627;0.068627;0.000000;10199.783978;0.131513;2.629309;2.474650;1.778403;3.162716;3.174269;0.255124;0.151578;-1.279897;3.038300;0.068627;0.068627;0.000000;866.460273;0.725171;11.094946;20.396000;53.312790;2842.253585;54.455040;5.781030;-0.574480;-0.778194;76.556750;0.039216;0.039216;1.003922;157511.123697;1.100714;26.794064;18.342500;62.861763;3951.601281;68.333909;11.066832;0.241722;-0.700014;77.311250;0.049020;0.049020;0.501961;274798.689110;1.832123;0.000000;0.000000;0.196016;0.261779;-0.028568;0.419515;0.000000;-0.062771;0.003677;0.000000;0.000000;0.338478;-0.353190;0.288671;-0.114489;10.032699;3.553819;11.876954;3.751790;0.512358;0.000000;9.967402;1.005859;2.443406;104.208861;7644.950520
1.000000;1.000000;0.000000;0.000000;1.000000;0.000000;0.000000;0.000000;0.000000;0.000000;0.000000;0.000000;102.000000;-0.000000;-0.319514;-0.398435;0.838740;0.703485;0.897538;0.253556;1.245487;2.958238;0.870236;0.156863;0.156863;0.501961;46.291582;2.347814;9.428920;8.668300;2.568252;6.595916;9.772433;0.595872;1.316724;0.635234;2.041775;0.088235;0.088235;0.000000;9404.655000;0.224424;2.476705;2.493650;1.308014;1.710899;2.800886;0.302843;-0.107482;-0.764873;2.060975;0.107843;0.107843;0.000000;712.942349;0.588450;4.988669;23.373500;48.736113;2375.208713;48.990770;5.235615;-0.564023;-1.052323;89.366000;0.039216;0.039216;1.003922;123684.595478;1.354092;-1.114943;2.246450;49.440352;2444.348389;49.452922;10.803131;-0.949064;1.507376;45.152750;0.098039;0.098039;1.505882;124789.090849;1.818715;0.000000;0.000000;-0.168580;0.330265;-0.090259;0.290197;0.000000;-0.283569;0.560023;0.000000;0.000000;0.203081;-0.340982;0.073969;0.179001;9.533263;6.422903;11.120443;6.683738;0.687935;0.000000;9.452687;1.005859;2.192450;97.306015;4853.531979
1.000000;1.000000;0.000000;0.000000;1.000000;0.000000;0.000000;0.000000;0.000000;0.000000;0.000000;0.000000;102.000000;-0.000000;-0.019719;-0.201820;0.947355;0.897481;0.947560;0.273823;1.060446;1.047187;0.961698;0.156863;0.156863;1.003922;45.814427;2.145108;9.786170;8.908350;2.971165;8.827823;10.227264;0.821964;0.915217;-0.122373;4.219325;0.049020;0.049020;0.000000;10218.687991;0.276235;2.731384;2.729600;0.808643;0.653904;2.848572;0.316923;-0.602837;0.381511;1.015750;0.215686;0.215686;0.000000;794.316478;0.273509;-5.928176;5.062100;37.939608;1439.413846;38.399963;5.171634;-0.256636;-1.393806;67.004750;0.039216;0.039216;1.003922;76996.079207;1.031625;-2.107112;1.539055;42.590146;1813.920509;42.642238;9.878093;-1.514626;3.754770;31.390000;0.127451;0.127451;1.505882;92964.570366;2.304275;0.000000;0.000000;-0.365904;0.231941;-0.456168;0.153206;0.000000;-0.338239;0.440721;0.000000;0.000000;-0.116293;-0.332466;-0.077795;-0.100852;9.897930;8.525788;11.495418;9.048105;0.773489;0.000000;9.451196;1.005859;2.638207;106.494808;3301.031915
1.000000;1.000000;0.000000;0.000000;1.000000;0.000000;0.000000;0.000000;0.000000;0.000000;0.000000;0.000000;102.000000;-0.000000;-0.682509;-0.476885;1.327949;1.763450;1.493074;0.314191;-0.713854;1.457948;1.087157;0.068627;0.068627;0.000000;137.450205;2.028872;10.032271;9.417200;2.409667;5.806497;10.317604;0.701313;0.949887;1.319778;2.593850;0.058824;0.058824;0.000000;10562.081721;0.192566;2.160690;2.277800;0.979384;0.959193;2.372293;0.269171;-0.098559;-0.886107;1.469475;0.088235;0.088235;0.000000;525.119135;0.490647;-15.495864;-15.786500;38.347792;1470.553162;41.360306;5.441059;-0.270639;-0.958993;64.086500;0.049020;0.049020;1.003922;99490.907981;1.260808;62.133973;38.856000;87.992761;7742.725915;107.718877;14.330428;1.245151;1.075489;112.151180;0.049020;0.049020;0.000000;788720.232321;1.610711;0.000000;0.000000;-0.236121;0.129265;-0.781849;0.073707;0.000000;-0.219277;0.147915;0.000000;0.000000;0.229497;-0.447835;0.093888;-0.064733;10.198134;5.680277;12.075936;6.001926;1.642971;0.000000;10.109107;1.005859;2.538716;109.682219;13319.659201
1.000000;1.000000;0.000000;0.000000;1.000000;0.000000;0.000000;0.000000;0.000000;0.000000;0.000000;0.000000;102.000000;-0.000000;-1.181146;-0.857030;1.099802;1.209565;1.613900;0.299883;-1.170518;0.936363;1.476867;0.098039;0.098039;0.000000;203.989675;1.252476;9.897246;9.864750;1.157776;1.340445;9.964734;0.323440;0.345799;0.216184;1.096600;0.117647;0.117647;0.000000;10059.822512;0.054285;1.919530;1.949200;0.808090;0.653010;2.082692;0.183593;-0.066890;-0.713945;1.253925;0.088235;0.088235;0.000000;409.133002;0.443740;-8.054816;-19.004500;47.313874;2238.602662;47.994611;5.411040;0.507247;-0.102798;58.534000;0.039216;0.039216;0.501961;120788.787114;1.430492;77.524062;63.573500;86.623398;7503.613147;116.247982;15.239552;0.831140;0.625853;101.134500;0.078431;0.078431;0.000000;995702.924206;1.283943;0.000000;0.000000;-0.213135;0.312698;-0.609580;0.199427;0.000000;-0.359130;0.223728;0.000000;0.000000;-0.069288;-0.315474;-0.073087;0.344517;10.073380;1.427608;12.098651;1.569562;1.005697;0.000000;9.863273;1.005859;1.778157;102.900597;15821.413623
1.000000;1.000000;0.000000;0.000000;1.000000;0.000000;0.000000;0.000000;0.000000;0.000000;0.000000;0.000000;102.000000;-0.000000;-0.753545;-0.603345;0.710669;0.505050;1.035799;0.182646;-0.440105;-0.295296;0.818427;0.098039;0.098039;0.000000;83.679946;1.258559;10.020825;9.865650;1.095503;1.200127;10.080529;0.334241;0.238486;-0.153039;1.302925;0.098039;0.098039;0.000000;10303.746173;0.050169;2.571349;2.603200;0.649571;0.421942;2.652127;0.129592;0.250815;-0.811581;0.979200;0.058824;0.058824;0.000000;695.926440;0.192629;6.749636;0.850340;41.554441;1726.771584;42.099040;4.570747;0.518708;-0.626753;73.648500;0.039216;0.039216;1.003922;92714.850544;1.459433;27.452356;14.752500;43.252706;1870.796602;51.229176;8.281471;0.870539;0.945546;47.661500;0.068627;0.068627;0.000000;172339.304120;1.951056;0.000000;0.000000;0.291490;0.431624;-0.102714;0.283386;0.000000;-0.269000;-0.249953;0.000000;0.000000;0.151984;-0.390093;0.417292;-0.025720;10.125161;1.171066;11.850780;1.280210;0.441851;0.000000;10.024995;1.005859;2.439094;103.689951;4403.791412
1.000000;1.000000;0.000000;0.000000;1.000000;0.000000;0.000000;0.000000;0.000000;0.000000;0.000000;0.000000;102.000000;-0.000000;-0.479732;-0.566765;0.735974;0.541658;0.878522;0.160856;0.538922;-0.489997;1.050118;0.068627;0.068627;0.000000;51.099136;1.547017;9.835919;9.740800;1.727178;2.983143;9.986413;0.380384;0.398190;0.301779;1.778700;0.107843;0.107843;0.000000;10020.199282;0.111474;2.413907;2.549600;1.178076;1.387863;2.686040;0.186745;0.004725;-0.450952;1.583150;0.078431;0.078431;0.000000;665.130127;0.475759;-0.427830;-5.076550;40.467266;1637.599650;40.469528;4.408683;0.025142;-1.315713;73.531000;0.039216;0.039216;1.003922;83536.268645;0.801526;5.531575;5.828400;42.672556;1820.947031;43.029587;6.910212;-0.068922;-0.042940;49.810000;0.098039;0.098039;0.501961;95989.939042;1.572077;0.000000;0.000000;0.594505;0.569014;0.370095;0.108234;0.000000;0.422682;-0.160299;0.000000;0.000000;0.629392;0.243830;0.419191;0.382461;9.931215;2.871213;11.603378;3.229792;0.329908;0.000000;9.954813;1.005859;2.404828;101.500239;3496.542853
1.000000;1.000000;0.000000;0.000000;1.000000;0.000000;0.000000;0.000000;0.000000;0.000000;0.000000;0.000000;102.000000;-0.000000;-0.508442;-0.726800;0.873792;0.763512;1.010953;0.176588;0.628246;-0.851475;1.375207;0.058824;0.058824;0.000000;65.307491;1.675080;9.626182;9.508250;2.180698;4.755443;9.870098;0.500463;0.569610;0.257017;2.485975;0.107843;0.107843;0.000000;9694.206796;0.164161;2.378985;2.378800;1.254044;1.572627;2.689275;0.196077;0.119211;-0.816392;1.927825;0.058824;0.058824;0.000000;657.482638;0.561169;-5.951186;-5.545800;40.447579;1636.006678;40.883044;4.291861;0.042526;-1.201825;71.459500;0.039216;0.039216;1.003922;87049.029168;1.262546;-3.192512;1.212550;47.088212;2217.299712;47.196312;8.702726;0.084340;-0.483519;65.583750;0.049020;0.049020;0.501961;114124.796312;1.692371;0.000000;0.000000;0.471501;0.688242;0.373092;0.251160;0.000000;0.634648;-0.097609;0.000000;0.000000;0.675265;0.234646;0.391429;0.508021;9.740594;4.561679;11.535132;4.997321;0.576278;0.000000;9.721297;1.005859;2.132149;99.440856;3906.147332
1.000000;1.000000;0.000000;0.000000;1.000000;0.000000;0.000000;0.000000;0.000000;0.000000;0.000000;0.000000;102.000000;-0.000000;-0.623248;-0.715690;0.814976;0.664186;1.025975;0.145963;0.585613;-0.657534;1.228822;0.068627;0.068627;0.000000;73.494704;1.316487;9.513037;9.361550;2.238848;5.012440;9.772938;0.544340;0.725118;0.510073;2.024275;0.117647;0.117647;0.000000;9486.428709;0.175494;2.451210;2.279850;1.199342;1.438422;2.728892;0.190124;0.290595;-0.479290;1.690325;0.049020;0.049020;0.000000;686.220259;0.490234;-1.254027;-0.388605;36.107099;1303.722596;36.128869;4.201089;-0.089037;-1.192097;62.419750;0.049020;0.049020;1.003922;66651.675359;0.626079;-0.556307;2.635600;33.108711;1096.186728;33.113384;6.998083;-0.493278;0.035692;47.815250;0.068627;0.068627;2.007843;55944.183733;2.001114;0.000000;0.000000;0.553382;0.548723;0.303792;0.147675;0.000000;0.563381;0.119007;0.000000;0.000000;0.760063;0.128501;0.525756;0.584126;9.632789;4.772311;11.419180;5.287300;0.445530;0.000000;9.639489;1.005859;2.566145;97.562943;2409.238239
1.000000;1.000000;0.000000;0.000000;1.000000;0.000000;0.000000;0.000000;0.000000;0.000000;0.000000;0.000000;102.000000;-0.000000;-0.596222;-0.645485;0.738580;0.545500;0.949200;0.145300;0.522187;-0.407275;0.984418;0.058824;0.058824;0.000000;64.079840;1.394972;9.638238;9.517950;1.747363;3.053277;9.795352;0.438549;0.619033;1.365421;1.568950;0.127451;0.127451;0.000000;9631.089144;0.118071;2.197682;2.123900;1.280432;1.639505;2.543484;0.203677;0.529995;-0.504309;2.048575;0.078431;0.078431;0.000000;576.255221;0.653069;-6.018774;-8.545250;28.998267;840.899474;29.616298;3.619750;0.835991;-0.239036;35.691400;0.039216;0.039216;1.003922;46582.472338;1.457656;31.731558;24.825500;55.207750;3047.895616;63.677213;6.673447;0.732221;-0.380121;67.966500;0.049020;0.049020;0.000000;258178.426609;1.836438;0.000000;0.000000;0.412965;0.502247;-0.287263;-0.416773;0.000000;0.465453;0.263234;0.000000;0.000000;0.730029;-0.173238;0.301503;0.589704;9.744275;2.898996;11.470830;3.193148;0.441260;0.000000;9.638674;1.005859;2.308543;97.849893;4938.381820
1.000000;1.000000;0.000000;0.000000;1.000000;0.000000;0.000000;0.000000;0.000000;0.000000;0.000000;0.000000;102.000000;-0.000000;-0.921805;-0.783355;1.024964;1.050551;1.378505;0.162091;-0.003667;-0.300484;1.182547;0.058824;0.058824;0.000000;140.251037;1.182294;9.873585;9.903650;0.879124;0.772859;9.912646;0.326795;0.050941;0.714803;0.889825;0.156863;0.156863;0.000000;9983.159878;0.035437;2.199969;2.069500;1.625228;2.641365;2.735184;0.200849;-0.033704;-1.215402;2.890645;0.039216;0.039216;0.000000;628.376190;0.656298;3.201857;-3.468550;31.595988;998.306426;31.757807;3.210468;0.856324;-0.304018;39.486250;0.049020;0.049020;0.501961;51960.908567;1.268547;78.167599;74.930500;61.998678;3843.836082;99.769783;8.748486;0.104391;-0.768927;91.023000;0.039216;0.039216;0.000000;819274.975132;0.805259;0.000000;0.000000;-0.207940;0.263359;-0.837026;-0.243671;0.000000;-0.252669;0.437670;0.000000;0.000000;0.663153;-0.625041;-0.363673;-0.029488;10.018918;0.782111;12.023174;1.156247;0.685216;0.000000;9.927495;1.005859;2.116399;101.160820;10970.049208
1.000000;1.000000;0.000000;0.000000;1.000000;0.000000;0.000000;0.000000;0.000000;0.000000;0.000000;0.000000;102.000000;-0.000000;-1.116840;-1.027900;0.899228;0.808611;1.433856;0.171223;-0.018562;-0.034051;1.204820;0.058824;0.058824;0.000000;168.467212;0.931690;9.983320;9.897950;1.056842;1.116914;10.039103;0.331784;0.968230;0.985587;1.166950;0.137255;0.137255;0.000000;10222.965159;0.046900;2.088814;2.023050;1.519686;2.309446;2.583135;0.214196;0.057641;-0.857557;2.520160;0.068627;0.068627;0.000000;562.827129;0.749804;5.738770;6.874250;40.949987;1676.901430;41.350150;4.423109;-0.212151;-0.883028;62.856750;0.039216;0.039216;1.003922;88881.197611;1.018204;58.461469;48.213000;63.970632;4092.241769;86.660170;10.065077;0.569621;-0.553732;93.901075;0.058824;0.058824;0.000000;557322.047230;1.190682;0.000000;0.000000;0.108769;0.252083;-0.496805;0.085764;0.000000;-0.089316;0.162648;0.000000;0.000000;0.637116;-0.546865;-0.083917;-0.043277;10.136108;1.098849;12.196120;1.159733;0.784857;0.000000;10.185917;1.005859;1.852143;103.839528;9226.492594
1.000000;1.000000;0.000000;0.000000;1.000000;0.000000;0.000000;0.000000;0.000000;0.000000;0.000000;0.000000;102.000000;-0.000000;-0.784744;-0.799390;0.427531;0.182783;0.893647;0.152492;-0.234420;0.002050;0.543475;0.127451;0.127451;0.000000;72.135923;0.687468;9.758386;9.341400;1.990271;3.961180;9.959281;0.466017;0.862757;0.558988;2.148175;0.098039;0.098039;0.000000;9915.085556;0.145105;2.342049;2.348450;0.913564;0.834599;2.513920;0.205661;-0.219157;-0.682955;1.270575;0.068627;0.068627;0.000000;602.058340;0.376958;-8.977227;-4.812250;32.029311;1025.876757;33.263604;3.790376;-0.185603;-0.547357;41.049475;0.058824;0.058824;0.501961;60540.122792;1.483359;9.395675;5.456500;40.157696;1612.640538;41.242202;8.342946;0.867953;0.550345;49.890750;0.078431;0.078431;0.501961;91249.526035;1.980954;0.000000;0.000000;0.113269;0.517714;-0.230997;0.006463;0.000000;0.311922;0.194422;0.000000;0.000000;0.350859;-0.294111;-0.198032;-0.199417;9.853878;3.886969;11.548398;4.002881;0.182111;0.000000;9.860098;1.005859;2.202602;100.985889;2813.706406
1.000000;1.000000;0.000000;0.000000;1.000000;0.000000;0.000000;0.000000;0.000000;0.000000;0.000000;0.000000;102.000000;-0.000000;-0.668058;-0.607355;0.401122;0.160899;0.779230;0.148460;-0.587852;-0.074387;0.534037;0.127451;0.127451;0.000000;53.728625;0.828858;9.217652;8.267300;2.566513;6.586987;9.568286;0.596572;1.230695;0.336452;2.414675;0.058824;0.058824;0.000000;9002.387709;0.231031;2.644045;2.631550;0.836685;0.700042;2.773268;0.241998;-0.123890;-0.638635;1.224425;0.098039;0.098039;0.000000;748.788670;0.276992;-3.377029;-6.786350;26.619474;708.596370;26.832829;3.718576;0.746204;-0.007306;30.063650;0.058824;0.058824;1.003922;37301.658420;1.141395;-3.493029;-5.654350;29.276628;857.120949;29.484270;7.201467;0.244662;-0.778841;48.351250;0.098039;0.098039;1.003922;44962.350114;2.342105;0.000000;0.000000;0.111604;0.282381;-0.348201;-0.123095;0.000000;-0.330927;0.075910;0.000000;0.000000;0.272754;-0.251105;0.004834;0.060435;9.310598;6.472052;10.887289;6.654278;0.160418;0.000000;9.281475;1.005859;2.708676;93.159294;1597.013915
1.000000;1.000000;0.000000;0.000000;1.000000;0.000000;0.000000;0.000000;0.000000;0.000000;0.000000;0.000000;102.000000;-0.000000;-0.878145;-0.811945;0.636935;0.405686;1.084815;0.228788;-0.440878;-0.484776;1.028807;0.137255;0.137255;0.000000;99.352175;1.023837;9.674944;8.220700;2.999690;8.998139;10.129298;0.756856;1.171559;0.468840;4.605100;0.049020;0.049020;0.000000;10006.700560;0.288061;2.398785;2.349200;1.002001;1.004005;2.599649;0.276824;0.560001;-0.161836;1.341600;0.049020;0.049020;0.000000;638.130535;0.466305;6.222078;0.944870;31.169413;971.532334;31.784376;5.054576;0.225160;-1.306245;54.101500;0.058824;0.058824;1.505882;53497.138498;1.325019;1.965070;4.412250;37.802137;1429.001587;37.853178;10.266166;-0.239771;-0.368710;60.410250;0.117647;0.117647;3.513725;73279.947282;2.463967;0.000000;0.000000;0.030056;0.177940;-0.406042;-0.217250;0.000000;-0.378590;-0.272759;0.000000;0.000000;-0.000940;-0.199760;0.507876;0.321525;9.793658;8.863761;11.569953;9.087617;0.409316;0.000000;9.357124;1.005859;2.381198;104.779507;2449.867847
1.000000;1.000000;0.000000;0.000000;1.000000;0.000000;0.000000;0.000000;0.000000;0.000000;0.000000;0.000000;102.000000;-0.000000;-1.205072;-1.254400;0.787536;0.620213;1.439587;0.241566;0.434348;0.498448;0.721483;0.127451;0.127451;0.000000;179.770848;0.867199;9.973819;9.401200;2.555150;6.528792;10.295914;0.666869;1.275499;1.983091;2.316775;0.058824;0.058824;0.000000;10479.635842;0.207511;1.779550;1.855200;1.266545;1.604137;2.184247;0.251090;-0.130774;0.560762;1.150150;0.088235;0.088235;0.000000;404.824612;0.857461;-2.733641;-1.196450;30.901497;954.902523;31.022175;5.438743;0.016068;-0.830550;46.400750;0.068627;0.068627;1.505882;49463.970331;1.372955;-47.265543;-54.219000;68.984341;4758.839244;83.623387;11.590069;-0.090203;-0.732245;115.337700;0.049020;0.049020;0.000000;470654.083297;1.662029;0.000000;0.000000;0.142277;0.137397;0.198922;-0.035162;0.000000;-0.401068;-0.119644;0.000000;0.000000;0.301600;0.204968;0.471972;0.205574;10.135875;6.342291;12.260570;6.607411;0.612377;0.000000;10.206585;1.005859;2.095200;109.078262;7960.017066
1.000000;1.000000;0.000000;0.000000;1.000000;0.000000;0.000000;0.000000;0.000000;0.000000;0.000000;0.000000;102.000000;-0.000000;-0.867432;-0.992895;1.029527;1.059926;1.346241;0.223100;0.682320;0.647644;1.117203;0.039216;0.039216;0.000000;130.809279;1.364577;9.715767;9.494050;1.428819;2.041525;9.820267;0.334031;0.681897;3.122814;1.742450;0.068627;0.068627;0.000000;9732.642084;0.087645;1.633054;1.577150;1.583935;2.508850;2.275020;0.230504;0.231191;-0.968742;2.416162;0.039216;0.039216;0.000000;399.985198;0.947302;-2.682997;-7.227100;42.069282;1769.824486;42.154750;5.066881;0.422433;-0.844923;59.397500;0.049020;0.049020;1.505882;91000.275681;1.508526;-92.147401;-94.586000;48.798676;2381.310812;104.271062;10.860913;-0.541752;0.107369;67.922750;0.107843;0.107843;0.000000;987554.320433;0.601949;0.000000;0.000000;-0.110531;0.556839;0.210103;-0.337207;0.000000;0.294235;-0.317968;0.000000;0.000000;0.728507;0.387991;-0.198859;-0.185953;9.862252;1.986001;11.884643;2.088229;1.043930;0.000000;9.843942;1.005859;1.421137;99.250011;12654.652994
1.000000;1.000000;0.000000;0.000000;1.000000;0.000000;0.000000;0.000000;0.000000;0.000000;0.000000;0.000000;102.000000;-0.000000;-0.744123;-0.823005;0.891183;0.794207;1.161002;0.199885;0.819314;1.510437;0.977278;0.039216;0.039216;0.000000;96.994476;1.513031;10.157837;9.828950;1.644393;2.704029;10.290077;0.319935;0.867005;1.192356;2.262675;0.049020;0.049020;0.000000;10662.510080;0.096362;2.073686;1.979300;1.445484;2.089424;2.527766;0.218254;0.114827;-1.298376;2.564932;0.029412;0.029412;0.000000;545.179279;0.773812;-2.864235;-6.801400;53.819988;2896.591087;53.896150;5.617782;0.087438;-1.276958;95.879250;0.039216;0.039216;1.003922;148567.906493;0.630674;-45.003786;-36.888500;59.231935;3508.422149;74.389266;7.960099;-0.675891;0.473027;55.847750;0.049020;0.049020;0.000000;385585.734476;1.711110;0.000000;0.000000;-0.630035;0.768137;0.267627;-0.010109;0.000000;0.302798;-0.044068;0.000000;0.000000;0.450235;-0.109829;-0.160172;-0.111581;10.268764;2.786107;12.138589;3.107863;0.425010;0.000000;10.215988;1.005859;1.758779;108.233613;8444.947458
1.000000;1.000000;0.000000;0.000000;1.000000;0.000000;0.000000;0.000000;0.000000;0.000000;0.000000;0.000000;102.000000;-0.000000;-0.586855;-0.718645;0.872419;0.761115;1.051434;0.168652;0.312758;-0.424353;0.802813;0.088235;0.088235;0.000000;73.946083;1.553386;10.154729;10.042000;2.299577;5.288055;10.411848;0.503806;0.597171;0.252207;2.930750;0.078431;0.078431;0.000000;10787.781493;0.164154;2.479137;2.507750;0.874134;0.764110;2.628732;0.187500;-0.129015;-0.845969;1.312775;0.098039;0.098039;0.000000;665.875035;0.296771;-2.117194;0.949660;47.899826;2294.393329;47.946594;5.795990;-0.093599;-0.885171;77.296250;0.049020;0.049020;1.003922;117479.222640;1.232794;4.174851;3.249550;35.132653;1234.303317;35.379835;5.707358;0.089300;-0.820075;50.580000;0.058824;0.058824;0.501961;64728.421998;1.394367;0.000000;0.000000;-0.533789;0.760740;0.231249;0.375960;0.000000;0.020271;-0.348198;0.000000;0.000000;-0.233910;0.052853;0.354227;0.325326;10.255917;5.328268;12.072834;5.583338;0.525724;0.000000;10.329415;1.005859;2.356209;110.512097;3557.518765
1.000000;1.000000;0.000000;0.000000;1.000000;0.000000;0.000000;0.000000;0.000000;0.000000;0.000000;0.000000;102.000000;-0.000000;-0.392555;-0.536240;0.782664;0.612563;0.875592;0.186171;0.485004;-0.946089;1.268288;0.039216;0.039216;0.000000;46.959070;1.817383;9.901615;9.498100;2.273574;5.169140;10.159287;0.554083;0.880791;0.526525;2.343100;0.088235;0.088235;0.000000;10263.985170;0.173983;2.337796;2.341350;1.016537;1.033348;2.549243;0.197157;-0.013737;-0.392481;1.245850;0.088235;0.088235;0.000000;610.163578;0.450678;2.672517;3.316000;44.061589;1941.423667;44.142565;5.590129;-0.078841;-1.198810;77.139000;0.049020;0.049020;1.003922;99752.694182;1.663406;-0.765617;-1.200700;38.792993;1504.896324;38.800548;6.403527;0.304141;-0.825189;52.372500;0.039216;0.039216;0.501961;76816.918917;1.215549;0.000000;0.000000;-0.062373;0.580075;0.283163;0.091179;0.000000;0.356156;-0.139275;0.000000;0.000000;0.147258;0.285563;0.550305;0.627536;9.994870;5.080349;11.685300;5.223049;0.615899;0.000000;9.827417;1.005859;2.481497;104.977776;3460.547148
1.000000;1.000000;0.000000;0.000000;1.000000;0.000000;0.000000;0.000000;0.000000;0.000000;0.000000;0.000000;102.000000;-0.000000;-0.646509;-0.481410;0.631418;0.398689;0.903694;0.148579;-0.210782;-0.921197;0.966012;0.058824;0.058824;0.000000;62.966900;1.246658;9.687882;9.535950;2.170466;4.710923;9.928040;0.527518;1.011655;0.751322;2.308425;0.107843;0.107843;0.000000;9813.483288;0.160384;2.140075;1.962150;1.025731;1.052123;2.373193;0.176774;0.343377;-0.450581;1.195500;0.068627;0.068627;0.000000;520.813955;0.524787;-8.443397;-19.238500;49.276066;2428.130701;49.994216;5.560297;0.179837;-1.310798;96.285500;0.039216;0.039216;1.003922;131106.739122;1.369631;-0.720718;-1.474750;38.055862;1448.248640;38.062686;7.044198;0.544634;0.074095;47.447000;0.078431;0.078431;0.501961;73913.679936;1.572978;0.000000;0.000000;0.638073;0.646401;0.231531;-0.004428;0.000000;0.645848;-0.105250;0.000000;0.000000;0.596968;-0.006122;0.566091;0.576926;9.792132;4.496799;11.405934;4.929835;0.230367;0.000000;9.757170;1.005859;1.993410;100.382650;3953.821769
1.000000;1.000000;0.000000;0.000000;1.000000;0.000000;0.000000;0.000000;0.000000;0.000000;0.000000;0.000000;102.000000;-0.000000;-0.534426;-0.496800;0.801055;0.641688;0.962964;0.226070;0.661380;0.747832;0.908243;0.078431;0.078431;0.000000;61.858579;1.936801;9.276929;9.282250;2.111594;4.458830;9.514213;0.541369;0.655433;0.914687;2.689650;0.098039;0.098039;0.000000;9005.666158;0.162704;2.427856;2.237350;1.125361;1.266438;2.675990;0.220967;0.577610;0.176550;1.507450;0.088235;0.088235;0.000000;665.825680;0.469211;-6.588256;-12.533500;43.790862;1917.639627;44.283685;6.153525;0.042816;-1.155798;78.464500;0.049020;0.049020;1.003922;102234.384681;1.418977;25.974846;9.685600;47.134459;2221.657205;53.817747;9.183461;0.571759;-0.747314;73.928025;0.049020;0.049020;0.000000;182142.716204;1.776906;0.000000;0.000000;0.277273;0.618259;0.337938;-0.189508;0.000000;0.315506;0.027780;0.000000;0.000000;0.296478;-0.007942;0.510184;0.373371;9.392489;4.228691;11.051984;4.560321;0.590698;0.000000;9.421295;1.005859;2.345635;92.447549;4864.555507
1.000000;1.000000;0.000000;0.000000;1.000000;0.000000;0.000000;0.000000;0.000000;0.000000;0.000000;0.000000;102.000000;-0.000000;-0.644368;-0.666755;1.055053;1.113137;1.236263;0.296239;-0.507926;1.571826;1.231044;0.098039;0.098039;0.000000;99.125429;1.928330;9.817832;9.824300;1.939527;3.761767;10.007577;0.494308;-0.079830;-0.183311;2.601600;0.088235;0.088235;0.000000;10023.633756;0.130592;2.276241;2.222450;1.210476;1.465252;2.578086;0.226104;0.507894;-0.145253;1.967850;0.078431;0.078431;0.000000;603.218649;0.580230;-4.485278;2.736200;48.760228;2377.559876;48.966086;6.915634;-0.224489;-1.118949;85.956000;0.049020;0.049020;1.505882;123312.828615;1.237585;64.082918;84.356000;57.905582;3353.056447;86.369420;9.942937;-0.738733;-0.808369;102.390200;0.068627;0.068627;0.000000;589896.085689;1.181782;0.000000;0.000000;-0.339068;0.295065;0.002522;-0.269872;0.000000;-0.155152;0.402770;0.000000;0.000000;0.342845;-0.191885;0.188652;0.261221;9.943268;3.811372;11.756075;3.971453;0.951717;0.000000;9.558449;1.005859;2.477173;102.679946;9864.000905
1.000000;1.000000;0.000000;0.000000;1.000000;0.000000;0.000000;0.000000;0.000000;0.000000;0.000000;0.000000;102.000000;-0.000000;-0.923563;-0.849275;1.187486;1.410123;1.504358;0.328778;0.040318;0.623611;1.613610;0.088235;0.088235;0.000000;158.919357;1.684693;10.138093;9.908900;1.519386;2.308535;10.251315;0.398744;0.540038;-0.261774;2.041650;0.088235;0.088235;0.000000;10601.424539;0.086413;2.485484;2.534900;1.221183;1.491287;2.769281;0.264653;0.531828;0.246067;1.980900;0.068627;0.068627;0.000000;706.175165;0.528710;0.202951;1.228150;45.745770;2092.675500;45.746220;6.119451;-0.386711;-0.497293;52.826500;0.049020;0.049020;1.505882;106744.527016;1.478188;70.864775;89.477000;70.186297;4926.116258;99.739323;11.889010;-1.098394;0.900293;61.310750;0.058824;0.058824;0.000000;763464.158756;1.213124;0.000000;0.000000;-0.475318;0.290139;-0.127305;0.024320;0.000000;-0.142587;-0.139543;0.000000;0.000000;0.308016;0.139616;-0.031752;0.234618;10.292920;2.408348;12.300447;2.855441;0.900035;0.000000;10.296101;1.005859;2.363212;108.352559;12048.318132
1.000000;1.000000;0.000000;0.000000;1.000000;0.000000;0.000000;0.000000;0.000000;0.000000;0.000000;0.000000;102.000000;-0.000000;-0.895537;-0.956080;0.906493;0.821730;1.274251;0.241291;0.975549;3.092726;0.862547;0.107843;0.107843;0.000000;123.712841;1.401833;9.910616;9.623650;1.406172;1.977319;10.009876;0.365434;0.759689;0.564957;1.801750;0.098039;0.098039;0.000000;10119.318038;0.076174;2.387130;2.437600;1.208539;1.460567;2.675622;0.277984;0.726601;0.568359;1.635475;0.098039;0.098039;0.000000;655.727482;0.583889;1.048164;0.159720;42.069878;1769.874612;42.082933;5.527095;-0.162709;-0.661396;55.861500;0.049020;0.049020;1.003922;90378.972164;1.167219;37.606003;36.020000;73.369460;5383.077660;82.445674;11.353225;-0.122055;-0.183749;92.547300;0.058824;0.058824;0.501961;418787.595769;1.496031;0.000000;0.000000;-0.272651;0.567928;0.347337;0.379617;0.000000;0.045753;-0.335425;0.000000;0.000000;0.096163;0.218794;0.183359;0.090815;10.044134;1.936713;11.980035;2.094322;0.732440;0.000000;9.826116;1.005859;2.546509;102.821337;8575.421302
1.000000;1.000000;0.000000;0.000000;1.000000;0.000000;0.000000;0.000000;0.000000;0.000000;0.000000;0.000000;102.000000;-0.000000;-0.666782;-0.737705;0.510013;0.260113;0.839471;0.120015;0.847488;0.583723;0.609235;0.088235;0.088235;0.000000;58.614782;0.922675;9.660038;8.978100;2.065393;4.265848;9.878370;0.449122;0.870738;0.014288;2.511525;0.068627;0.068627;0.000000;9735.882363;0.155793;2.474489;2.552500;1.063265;1.130532;2.693256;0.186464;0.094825;-0.610930;1.633700;0.117647;0.117647;0.000000;682.214950;0.403360;-6.308566;-6.783550;41.004280;1681.350962;41.486732;4.847463;0.040257;-0.735416;58.770750;0.039216;0.039216;1.003922;89809.312758;1.412366;1.411523;-12.469500;50.851337;2585.858434;50.870923;7.467232;0.971495;0.963801;55.546500;0.019608;0.019608;0.501961;132096.805102;1.576997;0.000000;0.000000;0.046362;0.547794;-0.116991;0.099427;0.000000;0.155496;0.054281;0.000000;0.000000;0.372426;-0.413692;-0.148201;-0.113469;9.752446;4.176698;11.416443;4.308685;0.262087;0.000000;9.787464;1.005859;2.172460;99.286898;4316.253420
1.000000;1.000000;0.000000;0.000000;1.000000;0.000000;0.000000;0.000000;0.000000;0.000000;0.000000;0.000000;102.000000;-0.000000;-0.474440;-0.476020;0.580928;0.337478;0.750047;0.174433;0.130982;-0.856691;0.979443;0.127451;0.127451;0.000000;40.171577;1.677209;9.168071;8.473500;2.408019;5.798557;9.479033;0.609419;1.151190;0.329906;2.660675;0.078431;0.078431;0.000000;8869.186043;0.215368;3.005348;3.075350;0.827531;0.684807;3.117198;0.242066;-0.078449;-0.349653;0.990900;0.117647;0.117647;0.000000;956.202020;0.229098;1.544860;2.994850;28.032577;785.825354;28.075113;4.139568;0.203903;-0.663308;41.788000;0.058824;0.058824;1.003922;40322.682854;1.246025;-10.652371;-21.037500;34.979885;1223.592341;36.565904;8.490226;0.945979;0.167556;48.143525;0.088235;0.088235;2.509804;74006.794341;2.514202;0.000000;0.000000;-0.191560;0.336924;-0.414822;-0.084593;0.000000;-0.002990;0.224061;0.000000;0.000000;0.391411;-0.292792;-0.122329;-0.267525;9.257040;5.721857;10.781941;5.869216;0.327571;0.000000;9.141131;1.005859;3.083408;91.414646;2134.994220
1.000000;1.000000;0.000000;0.000000;1.000000;0.000000;0.000000;0.000000;0.000000;0.000000;0.000000;0.000000;102.000000;-0.000000;-0.541430;-0.594265;0.807524;0.652095;0.972235;0.215029;0.551198;0.610715;1.087473;0.137255;0.137255;0.000000;63.166107;1.807397;9.600004;8.398750;2.638854;6.963551;9.956085;0.679475;0.775165;-0.749427;4.507925;0.068627;0.068627;0.000000;9755.572367;0.214484;2.690301;2.610350;0.980698;0.961769;2.863475;0.269016;0.265599;-0.867789;1.573200;0.107843;0.107843;0.000000;787.301109;0.371645;5.020182;-0.595100;26.830009;719.849383;27.295634;4.363707;0.346920;-0.653447;39.030250;0.058824;0.058824;1.505882;39284.804477;1.577586;-1.844919;6.583250;40.887857;1671.816825;40.929458;10.002297;-0.589761;-0.077236;50.550750;0.088235;0.088235;2.007843;85610.393431;1.717317;0.000000;0.000000;0.040880;0.013596;-0.508554;-0.181636;0.000000;-0.467995;0.115245;0.000000;0.000000;0.512418;-0.222727;0.260890;-0.180695;9.704256;6.896274;11.385531;7.033711;0.657338;0.000000;9.409244;1.005859;2.637652;101.068868;2428.471654
1.000000;1.000000;0.000000;0.000000;1.000000;0.000000;0.000000;0.000000;0.000000;0.000000;0.000000;0.000000;102.000000;-0.000000;-1.132510;-0.930715;1.282056;1.643667;1.710627;0.315169;-0.304718;0.084936;1.509488;0.088235;0.088235;0.000000;214.651348;1.563508;9.846075;9.108500;2.465829;6.080313;10.150148;0.618239;0.650020;-0.630999;4.103100;0.068627;0.068627;0.000000;10198.512921;0.189034;1.894476;2.181800;1.626354;2.645027;2.496811;0.290614;-0.720928;0.343091;1.571350;0.088235;0.088235;0.000000;500.984949;1.045075;-0.759814;-2.103700;25.925375;672.125085;25.936507;4.705690;-0.108306;-0.763266;38.164500;0.049020;0.049020;1.505882;34338.192509;1.147646;-49.969974;-35.126000;76.994370;5928.132977;91.788514;14.686291;-0.572338;-0.839192;125.100750;0.068627;0.068627;0.000000;557068.348909;1.780743;0.000000;0.000000;0.201865;-0.008577;0.322798;-0.358218;0.000000;-0.328220;-0.032008;0.000000;0.000000;0.697954;0.217105;0.144021;-0.230132;10.049613;5.957017;12.196505;6.231372;1.569083;0.000000;10.023869;1.005859;2.306514;106.951741;9104.067789
1.000000;1.000000;0.000000;0.000000;1.000000;0.000000;0.000000;0.000000;0.000000;0.000000;0.000000;0.000000;102.000000;-0.000000;-1.222397;-1.070250;1.379204;1.902203;1.842948;0.319095;0.002169;-0.354382;1.723558;0.058824;0.058824;0.000000;249.429706;1.337215;9.673772;9.439050;1.653692;2.734696;9.814100;0.419025;0.729698;2.284485;1.789150;0.088235;0.088235;0.000000;9684.873884;0.112801;1.706869;2.153850;1.841666;3.391733;2.511003;0.299274;-0.200924;-0.706001;2.750488;0.019608;0.019608;0.000000;470.147562;1.076199;0.299169;-0.457580;27.269271;743.613157;27.270912;4.915190;0.031979;-0.780356;40.359500;0.078431;0.078431;1.505882;37933.587965;1.105084;-85.145484;-86.093000;67.199186;4515.730551;108.468816;15.944493;-0.019460;-0.906014;108.418750;0.098039;0.098039;0.000000;969780.087663;0.998979;0.000000;0.000000;-0.101333;0.379431;0.174908;-0.500122;0.000000;0.137688;-0.157527;0.000000;0.000000;0.752686;0.048833;-0.119654;-0.105490;9.897880;2.744980;12.158201;2.822224;1.860585;0.000000;9.833503;1.005859;1.520644;100.713011;12515.491846
1.000000;1.000000;0.000000;0.000000;1.000000;0.000000;0.000000;0.000000;0.000000;0.000000;0.000000;0.000000;102.000000;-0.000000;-0.690844;-0.737205;1.155747;1.335752;1.346483;0.297198;0.930628;1.136703;1.177963;0.107843;0.107843;0.000000;116.813228;1.997138;9.782856;9.602650;1.169319;1.367308;9.852491;0.337937;0.386481;-0.852342;1.784200;0.088235;0.088235;0.000000;9831.572954;0.058837;2.053216;1.964350;1.397230;1.952252;2.483536;0.265054;0.388605;-0.548298;2.088180;0.058824;0.058824;0.000000;529.571080;0.771321;-8.813629;-5.576600;35.955330;1292.785759;37.019803;4.894123;-0.150092;-0.746005;48.621000;0.049020;0.049020;0.501961;73855.479355;1.382169;-49.482690;-39.733500;59.207453;3505.522478;77.162550;13.028802;-0.242451;-0.597322;85.934425;0.068627;0.068627;0.000000;428577.408934;1.572057;0.000000;0.000000;-0.454492;0.592495;-0.326628;-0.302523;0.000000;0.338680;-0.465133;0.000000;0.000000;0.515456;0.134886;0.084595;-0.197897;9.925538;1.368286;11.926841;1.985415;0.744408;0.000000;9.909463;1.005859;1.947556;99.884594;7330.692869
1.000000;1.000000;0.000000;0.000000;1.000000;0.000000;0.000000;0.000000;0.000000;0.000000;0.000000;0.000000;102.000000;-0.000000;-0.508015;-0.631215;0.817494;0.668297;0.962484;0.249923;1.685620;5.144131;0.775762;0.098039;0.098039;0.000000;60.408730;2.126141;9.752600;9.250450;2.000621;4.002486;9.955686;0.460436;1.212155;1.913179;2.359700;0.088235;0.088235;0.000000;9905.675952;0.141772;2.318697;2.237150;0.947805;0.898334;2.504933;0.238161;0.390236;-0.363174;1.142900;0.127451;0.127451;0.000000;594.205865;0.437379;-0.479567;-3.044550;47.633588;2268.958705;47.636002;6.378075;0.314694;-0.600636;73.502000;0.049020;0.049020;1.003922;115747.275619;1.362694;4.731532;13.277500;51.578407;2660.332113;51.794976;10.015239;-0.747771;0.850656;49.465750;0.088235;0.088235;0.501961;137961.762173;1.788924;0.000000;0.000000;-0.129637;0.697268;-0.270725;0.052615;0.000000;0.395258;-0.388646;0.000000;0.000000;0.001436;0.086423;0.480700;0.454193;9.856639;3.888744;11.532156;4.055675;0.661353;0.000000;9.945204;1.005859;2.211673;101.042068;4958.182890
1.000000;1.000000;0.000000;0.000000;1.000000;0.000000;0.000000;0.000000;0.000000;0.000000;0.000000;0.000000;102.000000;-0.000000;-0.590630;-0.717395;0.759074;0.576194;0.961789;0.158774;1.709796;6.302546;0.987247;0.058824;0.058824;0.000000;64.985908;1.796638;9.963868;9.335850;2.214370;4.903435;10.206963;0.458532;1.127198;0.963561;2.357050;0.068627;0.068627;0.000000;10376.582552;0.160602;2.354504;2.410600;1.150743;1.324210;2.620668;0.197349;-0.191761;-1.011095;1.743650;0.068627;0.068627;0.000000;632.992923;0.505154;4.888696;4.472900;52.730773;2780.534467;52.956905;6.691917;0.089712;-1.104650;90.543750;0.049020;0.049020;1.003922;144252.961775;1.275341;7.115585;7.060800;40.140408;1611.252371;40.766211;7.684624;-0.060762;0.343953;36.982750;0.058824;0.058824;0.501961;87338.614962;1.621881;0.000000;0.000000;0.463044;0.680591;0.071674;0.098352;0.000000;0.590616;-0.176315;0.000000;0.000000;0.446321;-0.022911;0.625113;0.673519;10.064817;4.806599;11.743230;5.089063;0.444821;0.000000;10.112705;1.005859;2.580926;106.107131;4473.185646
1.000000;1.000000;0.000000;0.000000;1.000000;0.000000;0.000000;0.000000;0.000000;0.000000;0.000000;0.000000;102.000000;-0.000000;-0.547315;-0.933320;1.181929;1.396957;1.302502;0.244238;1.406509;1.459689;1.374637;0.049020;0.049020;0.000000;101.809914;2.111203;10.215424;9.436500;2.557593;6.541284;10.530725;0.494687;0.947044;0.249933;3.094100;0.039216;0.039216;0.000000;10977.819092;0.188221;2.501046;2.641150;1.373942;1.887716;2.853585;0.261513;0.292432;-0.022221;2.047350;0.058824;0.058824;0.000000;734.307465;0.624191;1.839092;1.514505;49.939289;2493.932580;49.973141;5.583653;-0.044194;-1.362289;95.332500;0.039216;0.039216;1.003922;127536.701984;0.710275;6.797874;3.701550;45.972891;2113.506717;46.472764;10.077886;1.062952;2.973100;33.387500;0.117647;0.117647;0.501961;112502.576775;2.155111;0.000000;0.000000;0.388714;0.694360;0.478445;0.399461;0.000000;0.597495;0.229572;0.000000;0.000000;0.388591;0.189723;0.563137;0.637018;10.355589;6.354446;12.330915;6.864269;1.152568;0.000000;10.336247;1.005859;2.399308;113.592672;4665.175590
1.000000;1.000000;0.000000;0.000000;1.000000;0.000000;0.000000;0.000000;0.000000;0.000000;0.000000;0.000000;102.000000;-0.000000;-0.572990;-0.740120;1.098853;1.207479;1.239273;0.223462;1.185935;1.311134;1.492292;0.058824;0.058824;0.000000;95.080997;1.971856;9.844948;9.519400;2.375758;5.644226;10.127548;0.535128;1.230092;1.476094;2.215725;0.107843;0.107843;0.000000;10174.067915;0.184271;2.536348;2.369550;1.294558;1.675880;2.847620;0.283623;0.591443;0.430310;1.692450;0.078431;0.078431;0.000000;741.643370;0.552264;-0.013650;4.972150;45.837959;2101.118448;45.837961;5.739338;-0.153415;-1.181789;82.709250;0.049020;0.049020;1.003922;107162.732067;1.017978;11.190747;8.708900;50.959643;2596.885206;52.173921;9.768958;0.450243;1.200334;45.897875;0.117647;0.117647;0.501961;145220.388502;1.886183;0.000000;0.000000;0.282092;0.708983;0.592908;0.542585;0.000000;0.567252;0.309080;0.000000;0.000000;0.337399;0.293353;0.522034;0.648476;9.982536;5.451994;11.874759;5.820331;1.099213;0.000000;10.022910;1.005859;2.699805;105.103025;4831.345596
1.000000;1.000000;0.000000;0.000000;1.000000;0.000000;0.000000;0.000000;0.000000;0.000000;0.000000;0.000000;102.000000;-0.000000;-0.716488;-0.691500;0.510226;0.260331;0.879594;0.138662;-0.419780;-0.166088;0.643102;0.107843;0.107843;0.000000;65.642886;1.017657;9.554065;9.612300;1.420151;2.016829;9.659036;0.467473;0.238127;0.323575;1.767700;0.127451;0.127451;0.000000;9413.475317;0.087730;2.241710;2.016000;0.994418;0.988867;2.452373;0.202469;0.287746;-0.381473;1.207775;0.068627;0.068627;0.000000;563.022056;0.467036;-15.687220;-20.521500;41.789258;1746.342091;44.636655;5.545554;0.078532;-1.290347;76.831000;0.049020;0.049020;0.501961;114172.310239;1.658175;32.863440;52.179000;58.933014;3473.100147;67.476706;7.798903;-0.534848;-0.780865;84.859025;0.029412;0.029412;0.000000;287307.927925;1.664013;0.000000;0.000000;0.320870;0.679621;0.177499;0.041080;0.000000;0.408287;0.121983;0.000000;0.000000;0.326870;0.269779;0.455822;0.230313;9.650009;1.947997;11.292044;2.067351;0.232355;0.000000;9.520100;1.005859;2.173830;95.070667;6551.550930
1.000000;1.000000;0.000000;0.000000;1.000000;0.000000;0.000000;0.000000;0.000000;0.000000;0.000000;0.000000;102.000000;-0.000000;-0.810510;-0.691500;0.748351;0.560029;1.103157;0.203655;-0.633640;1.380179;0.850787;0.117647;0.117647;0.000000;95.568368;1.233825;9.715716;9.652400;1.542227;2.378463;9.837357;0.433836;0.197105;-0.119422;1.961300;0.088235;0.088235;0.000000;9749.605316;0.089088;2.296665;2.007850;1.120935;1.256495;2.555615;0.175643;0.303192;-0.872134;1.719000;0.049020;0.049020;0.000000;602.099854;0.503364;0.790846;1.170980;39.345397;1548.060241;39.353344;5.143642;0.029100;-0.705794;57.668250;0.049020;0.049020;1.505882;79015.943483;1.191536;86.929265;86.084000;31.473446;990.577803;92.451473;7.219663;-0.107277;-0.923995;47.776750;0.068627;0.068627;0.000000;821305.533078;0.339153;0.000000;0.000000;-0.323861;0.532779;-0.477555;-0.229140;0.000000;-0.025782;0.025410;0.000000;0.000000;0.529408;-0.352773;-0.071329;0.195935;9.827307;2.414581;11.598430;2.476575;0.491011;0.000000;9.748610;1.005859;2.165416;98.990550;10102.491710
1.000000;1.000000;0.000000;0.000000;1.000000;0.000000;0.000000;0.000000;0.000000;0.000000;0.000000;0.000000;102.000000;-0.000000;-0.870912;-0.858275;0.747859;0.559293;1.147946;0.190862;-0.415517;1.186795;0.944005;0.088235;0.088235;0.000000;105.892492;1.117805;9.877346;9.771050;1.372210;1.882961;9.972208;0.389620;0.059589;-0.497462;1.960250;0.117647;0.117647;0.000000;10047.352885;0.074234;2.287824;2.177850;1.198850;1.437241;2.582901;0.178640;0.185347;-1.168283;2.182675;0.029412;0.029412;0.000000;607.187963;0.542458;1.066202;2.452750;41.530627;1724.792949;41.544311;4.994107;-0.042521;-0.912348;66.637500;0.049020;0.049020;1.003922;88090.983408;1.542051;51.047499;52.745000;61.419734;3772.383673;79.863827;8.571337;-0.610287;0.073602;90.468250;0.029412;0.029412;0.000000;458193.840962;1.243430;0.000000;0.000000;-0.487733;0.455226;-0.024557;0.586240;0.000000;0.025689;-0.116269;0.000000;0.000000;0.405663;-0.149747;-0.068830;0.187306;9.991526;1.932125;11.819546;2.071219;0.395215;0.000000;10.025193;1.005859;2.130910;101.762707;8110.831906
1.000000;1.000000;0.000000;0.000000;1.000000;0.000000;0.000000;0.000000;0.000000;0.000000;0.000000;0.000000;102.000000;-0.000000;-0.805175;-0.872950;0.385371;0.148511;0.892647;0.120970;0.429606;-0.865369;0.647240;0.098039;0.098039;0.000000;73.701896;0.554542;9.856937;9.586900;2.139637;4.578045;10.086489;0.548791;1.069742;1.344590;2.304825;0.127451;0.127451;0.000000;10143.722570;0.165129;2.592518;2.654400;0.945565;0.894093;2.759573;0.212854;-0.184041;-0.758738;1.358375;0.088235;0.088235;0.000000;731.169276;0.352294;-10.887643;-15.234000;33.852058;1145.961863;35.559846;3.981564;0.065244;-0.825714;44.064000;0.049020;0.049020;0.501961;70540.035760;1.474491;4.584384;1.556700;41.559393;1727.183107;41.811478;7.916444;-0.679909;0.306784;55.761000;0.049020;0.049020;0.501961;90233.464679;2.036679;0.000000;0.000000;-0.275112;0.472193;0.169779;0.636960;0.000000;0.001527;-0.234338;0.000000;0.000000;-0.124292;0.018672;-0.215669;0.019512;9.949715;4.537238;11.664687;4.635074;0.138280;0.000000;9.931657;1.005859;2.550091;103.534076;3020.317561
1.000000;1.000000;0.000000;0.000000;1.000000;0.000000;0.000000;0.000000;0.000000;0.000000;0.000000;0.000000;102.000000;-0.000000;-0.744517;-0.872950;0.824228;0.679353;1.110702;0.276180;0.667825;1.397682;0.804092;0.107843;0.107843;0.000000;91.188866;1.469558;9.492801;8.646300;2.463596;6.069305;9.807272;0.653590;1.146378;0.566367;2.887725;0.068627;0.068627;0.000000;9501.088182;0.214396;2.841893;2.819150;1.051031;1.104665;3.030020;0.324575;-0.022494;-0.641480;1.525600;0.107843;0.107843;0.000000;880.134010;0.369842;-1.291436;-5.443250;24.939700;621.988635;24.973114;3.983553;0.345266;-1.222936;44.279000;0.039216;0.039216;1.003922;31892.921284;1.626789;2.298919;-3.570200;40.555932;1644.783636;40.621037;11.250907;0.009852;-0.355689;63.185500;0.068627;0.068627;2.007843;84430.233875;2.108879;0.000000;0.000000;-0.275356;0.170711;-0.412804;0.151703;0.000000;-0.347361;-0.060295;0.000000;0.000000;0.013130;-0.188053;-0.101884;-0.016464;9.613614;5.994665;11.454351;6.187356;0.628120;0.000000;9.538208;1.005859;2.798597;98.416234;2282.906128
1.000000;1.000000;0.000000;0.000000;1.000000;0.000000;0.000000;0.000000;0.000000;0.000000;0.000000;0.000000;102.000000;-0.000000;-0.738886;-0.849405;0.993987;0.988010;1.238532;0.335257;0.294926;-0.380447;1.509255;0.098039;0.098039;0.000000;106.087438;1.800404;9.175893;8.607650;2.379605;5.662522;9.479427;0.721097;0.922637;-0.000242;2.796200;0.117647;0.117647;0.000000;8876.884512;0.216641;2.592500;2.541400;1.050821;1.104224;2.797370;0.344199;0.274038;-0.531878;1.539175;0.127451;0.127451;0.000000;741.863707;0.436871;3.498445;5.462300;23.932528;572.765875;24.186877;4.279376;-0.014886;-1.147967;42.827750;0.068627;0.068627;1.003922;30462.859236;1.961753;-2.009519;-3.570200;44.580572;1987.427390;44.625840;14.990852;-0.104583;-0.824764;70.398750;0.117647;0.117647;3.513725;101771.183532;2.195006;0.000000;0.000000;-0.114266;0.130695;-0.498604;-0.184890;0.000000;-0.352764;-0.227851;0.000000;0.000000;0.093811;-0.224651;0.252640;0.264487;9.317892;5.570384;11.220328;5.734316;0.982064;0.000000;9.241398;1.005859;2.641414;92.393499;2584.295830
1.000000;1.000000;0.000000;0.000000;1.000000;0.000000;0.000000;0.000000;0.000000;0.000000;0.000000;0.000000;102.000000;-0.000000;-0.779924;-0.781375;0.776288;0.602624;1.100412;0.222700;0.129066;-0.761093;1.134250;0.068627;0.068627;0.000000;92.779442;1.349761;9.620675;8.989600;2.706624;7.325815;9.994158;0.782929;0.605887;-0.356042;3.324250;0.098039;0.098039;0.000000;9814.469170;0.232348;2.518785;2.528050;0.976921;0.954375;2.701602;0.288746;-0.550144;1.300332;0.945875;0.147059;0.147059;0.000000;695.806252;0.434966;1.807758;8.360500;25.620892;656.430092;25.684588;4.949120;-0.856447;0.250856;31.664250;0.068627;0.068627;1.505882;33812.443184;1.805230;-42.259713;-30.798500;65.203291;4251.469212;77.700403;12.584218;-0.432016;-0.873617;103.182250;0.078431;0.078431;0.000000;398990.525203;1.640076;0.000000;0.000000;0.313640;0.054909;0.023464;-0.387049;0.000000;-0.341537;-0.171375;0.000000;0.000000;0.302702;0.138143;0.284696;0.115530;9.745006;7.128964;11.551006;7.462966;0.543972;0.000000;9.552098;1.005859;2.600724;102.094099;6704.349319
1.000000;1.000000;0.000000;0.000000;1.000000;0.000000;0.000000;0.000000;0.000000;0.000000;0.000000;0.000000;102.000000;-0.000000;-0.897777;-0.797325;1.051763;1.106205;1.382827;0.193201;0.110519;-0.756181;1.381860;0.068627;0.068627;0.000000;138.637391;1.296126;10.009091;9.944150;2.022713;4.091370;10.211429;0.528420;0.575012;1.528537;1.737650;0.117647;0.117647;0.000000;10427.214290;0.143910;1.860692;2.284850;1.730941;2.996155;2.541325;0.271576;-0.051903;-0.978710;3.006603;0.039216;0.039216;0.000000;505.945921;0.964023;-3.661927;-7.194950;25.602142;655.469652;25.862702;4.168566;-0.319243;-0.194973;32.889750;0.039216;0.039216;1.505882;34796.776811;1.553071;-78.359143;-88.638000;55.602806;3091.671996;96.082399;10.210703;0.235984;-0.993094;96.278250;0.049020;0.049020;0.000000;783971.414273;0.856795;0.000000;0.000000;0.102685;0.322034;0.249064;-0.511914;0.000000;0.035447;0.138590;0.000000;0.000000;0.627385;0.563590;0.085382;-0.100449;10.159148;3.977194;12.163750;4.147937;1.101099;0.000000;10.270562;1.005859;2.154639;107.185485;9907.165033
1.000000;1.000000;0.000000;0.000000;1.000000;0.000000;0.000000;0.000000;0.000000;0.000000;0.000000;0.000000;102.000000;-0.000000;-0.671622;-0.648390;1.166255;1.360150;1.345818;0.202701;-0.121069;-1.013370;1.907517;0.068627;0.068627;0.501961;115.379861;1.466267;9.946610;9.914850;1.275619;1.627203;10.028073;0.383713;0.499326;0.272685;1.549400;0.127451;0.127451;0.000000;10174.367530;0.065838;1.718732;1.879700;1.678759;2.818233;2.402555;0.215410;0.268167;-0.675005;2.226298;0.039216;0.039216;0.000000;445.049349;0.923864;-12.257829;-8.550350;29.728721;883.796876;32.156667;3.195497;-0.748919;0.467229;19.871688;0.058824;0.058824;0.501961;60400.320906;1.508438;-55.621150;-60.367000;54.943607;3018.799907;78.182557;10.392018;0.157581;-1.051715;89.582800;0.068627;0.068627;0.000000;469529.364355;1.179060;0.000000;0.000000;-0.400014;0.513815;0.182818;-0.291796;0.000000;0.214797;-0.245142;0.000000;0.000000;0.687276;0.609759;-0.205747;-0.343971;10.087631;1.613172;12.039824;2.124399;0.892532;0.000000;9.951524;1.005859;1.309415;103.373476;7152.335752
1.000000;1.000000;0.000000;0.000000;1.000000;0.000000;0.000000;0.000000;0.000000;0.000000;0.000000;0.000000;102.000000;-0.000000;-0.249795;-0.243155;0.971344;0.943509;1.002949;0.237840;-0.340398;-0.448928;1.398285;0.098039;0.098039;0.501961;54.483534;2.160590;9.796345;9.346100;2.648475;7.014419;10.148044;0.602362;1.126316;1.999326;2.789175;0.098039;0.098039;0.000000;10146.510388;0.215906;2.408663;2.395000;0.972030;0.944842;2.597403;0.220334;0.385659;-0.023908;1.370325;0.117647;0.117647;0.000000;639.958231;0.412915;2.331790;-0.573380;43.337713;1878.157407;43.400399;5.443053;0.059578;-0.000472;46.715000;0.058824;0.058824;1.505882;96340.628246;1.217533;-1.956428;0.813705;60.476823;3657.446138;60.508460;12.072633;-0.179828;-0.196740;80.247250;0.088235;0.088235;0.501961;186928.469492;1.769131;0.000000;0.000000;-0.417567;0.566820;-0.250671;0.226147;0.000000;0.080879;0.020874;0.000000;0.000000;0.267566;0.063256;-0.058483;0.311926;9.897446;7.029271;11.619013;7.270170;0.766550;0.000000;9.880170;1.005859;2.573733;104.988703;5551.614901
1.000000;1.000000;0.000000;0.000000;1.000000;0.000000;0.000000;0.000000;0.000000;0.000000;0.000000;0.000000;102.000000;-0.000000;-0.332223;-0.509415;0.989856;0.979815;1.044120;0.239331;-0.054656;-0.705745;1.584252;0.088235;0.088235;1.003922;61.245318;1.876681;10.098965;9.920700;2.812773;7.911690;10.483357;0.657081;0.798750;0.842148;2.974800;0.098039;0.098039;0.000000;10806.391806;0.224851;2.290560;2.145650;1.203194;1.447677;2.587343;0.273505;0.158511;-0.514357;1.701075;0.107843;0.107843;0.000000;609.001440;0.572516;7.357962;10.744500;50.914945;2592.331669;51.443865;6.566089;-0.248785;-0.778720;64.822500;0.049020;0.049020;0.501961;137742.658934;1.715744;-0.185777;-9.550650;50.070013;2507.006188;50.070358;10.378453;0.683001;-0.298306;64.162000;0.078431;0.078431;0.501961;127860.975339;1.487399;0.000000;0.000000;-0.178421;0.579627;0.033211;0.402293;0.000000;0.360156;0.101227;0.000000;0.000000;0.391014;-0.001858;0.282752;0.561201;10.204041;7.868522;12.001522;8.025794;0.953746;0.000000;9.982127;1.005859;2.391560;111.990965;5160.206316
1.000000;1.000000;0.000000;0.000000;1.000000;0.000000;0.000000;0.000000;0.000000;0.000000;0.000000;0.000000;102.000000;-0.000000;-0.235826;-0.434905;0.826867;0.683708;0.859838;0.197158;0.426398;-0.738243;1.263005;0.068627;0.068627;1.505882;40.552456;2.147761;10.091725;9.964600;1.971076;3.885141;10.282414;0.491370;0.278865;-0.040840;2.006250;0.088235;0.088235;0.000000;10586.118447;0.126216;2.552762;2.397050;1.287925;1.658752;2.859256;0.230602;-0.036723;-0.617385;1.510525;0.058824;0.058824;0.000000;749.289155;0.546275;-6.374153;2.305150;48.845474;2385.880303;49.259620;5.793287;-0.318456;-1.104230;86.688250;0.049020;0.049020;1.505882;125842.082073;1.762475;-9.714831;-16.236000;47.344634;2241.514362;48.331070;7.232816;0.333800;-1.237822;86.566250;0.078431;0.078431;0.501961;123943.783223;1.715759;0.000000;0.000000;0.239989;0.554405;0.030539;0.359487;0.000000;0.710410;-0.348491;0.000000;0.000000;0.539453;0.290967;0.371933;0.452044;10.182638;3.781244;11.838609;3.971169;0.642917;0.000000;10.299548;1.005859;2.367695;107.467367;4770.577785
1.000000;1.000000;0.000000;0.000000;1.000000;0.000000;0.000000;0.000000;0.000000;0.000000;0.000000;0.000000;102.000000;-0.000000;-0.069357;-0.167030;0.621150;0.385828;0.625011;0.152894;0.512751;-0.288652;0.901697;0.078431;0.078431;1.003922;20.170802;2.048653;9.416455;9.192650;1.690077;2.856360;9.566921;0.409493;0.557034;0.355533;1.684225;0.088235;0.088235;0.000000;9189.977694;0.110041;2.612908;2.414850;1.093106;1.194880;2.832343;0.213984;0.261326;0.065045;1.187025;0.058824;0.058824;0.000000;757.323594;0.404659;0.916987;6.244350;48.890203;2390.251956;48.898802;6.112376;-0.389892;-0.410948;47.604500;0.058824;0.058824;1.003922;121988.621111;1.280407;27.087944;23.049500;54.750264;2997.591401;61.084762;7.348762;0.162239;-0.183845;64.077325;0.039216;0.039216;0.501961;227720.346859;1.372119;0.000000;0.000000;0.395509;0.648522;-0.252945;0.146458;0.000000;0.644283;-0.368838;0.000000;0.000000;0.466684;0.095788;0.506461;0.368595;9.492847;2.802476;10.939408;2.953226;0.321063;0.000000;9.416369;1.005859;2.717392;92.916622;6130.463108
1.000000;1.000000;0.000000;0.000000;1.000000;0.000000;0.000000;0.000000;0.000000;0.000000;0.000000;0.000000;102.000000;-0.000000;-0.277938;-0.316735;0.562165;0.316029;0.627119;0.145725;0.058679;-1.044961;0.979830;0.098039;0.098039;0.000000;23.997142;2.001039;9.815142;9.331900;1.769868;3.132434;9.973437;0.453653;0.836803;-0.024430;2.541025;0.088235;0.088235;0.000000;9986.140818;0.113131;2.297057;2.285200;1.098694;1.207127;2.546291;0.229273;0.522725;0.149742;1.315375;0.078431;0.078431;0.000000;599.765736;0.522650;-4.129666;0.331360;52.054362;2709.656575;52.217916;6.272832;-0.187895;-0.814030;80.765000;0.058824;0.058824;1.505882;139939.746862;1.092962;57.660603;56.431000;43.039396;1852.389578;71.952309;7.511832;0.335362;-0.737745;64.750500;0.068627;0.068627;0.000000;433607.485182;0.908345;0.000000;0.000000;0.196673;0.603724;-0.066953;-0.132264;0.000000;0.399800;0.161104;0.000000;0.000000;0.399507;-0.089168;0.224678;0.184147;9.887443;3.101208;11.352013;3.177113;0.305493;0.000000;9.507543;1.005859;2.321763;100.862728;7910.329027
1.000000;1.000000;0.000000;0.000000;1.000000;0.000000;0.000000;0.000000;0.000000;0.000000;0.000000;0.000000;102.000000;-0.000000;-0.733503;-0.716135;0.826352;0.682857;1.104936;0.177089;-0.104540;-0.519938;1.052650;0.098039;0.098039;0.000000;89.704547;1.398577;10.375307;9.951350;1.948077;3.795004;10.556609;0.515863;0.367135;-0.867872;3.047125;0.088235;0.088235;0.000000;11173.557431;0.124531;2.452909;2.418600;1.867385;3.487128;3.082838;0.277954;0.975945;0.956452;2.177175;0.068627;0.068627;0.000000;791.554035;0.876489;-3.835221;-8.402250;65.877686;4339.869516;65.989230;7.522238;0.272752;-0.298393;84.021250;0.049020;0.049020;1.505882;222871.352659;1.520204;62.087523;66.433500;60.931462;3712.643107;86.991400;9.522517;-0.226950;-0.081569;69.481750;0.058824;0.058824;0.000000;582542.148876;1.020639;0.000000;0.000000;0.155309;0.335127;-0.831617;-0.143549;0.000000;0.069362;-0.258647;0.000000;0.000000;0.587228;-0.576186;0.310282;-0.002082;10.488088;3.662888;12.284734;3.852733;0.669463;0.000000;10.294338;1.005859;2.266301;113.662880;11931.585927
1.000000;1.000000;0.000000;0.000000;1.000000;0.000000;0.000000;0.000000;0.000000;0.000000;0.000000;0.000000;102.000000;-0.000000;-0.816062;-0.887565;0.963827;0.928963;1.262901;0.229909;0.489119;-0.428822;1.255113;0.078431;0.078431;0.000000;115.306262;1.513089;10.115168;10.042000;1.953202;3.814999;10.302020;0.448288;0.105348;-1.069160;3.362050;0.068627;0.068627;0.000000;10630.891395;0.130720;2.520861;2.644000;2.103232;4.423586;3.283036;0.321757;0.532059;-0.367665;3.471423;0.049020;0.049020;0.000000;873.789402;0.819629;5.301063;-2.696565;81.185924;6591.154275;81.358807;9.029693;-0.042816;-1.097722;122.908250;0.039216;0.039216;1.003922;339015.931362;0.785770;35.224831;19.466500;63.242467;3999.609624;72.390596;10.713468;0.713002;-0.001749;82.924525;0.068627;0.068627;0.000000;330557.918506;1.778711;0.000000;0.000000;-0.083598;0.503318;-0.634806;-0.014949;0.000000;0.140091;-0.212871;0.000000;0.000000;0.337595;-0.515566;0.196831;-0.001929;10.247885;3.707386;12.214625;3.861413;0.929519;0.000000;10.364046;1.005859;2.120187;108.726536;11870.432197
1.000000;1.000000;0.000000;0.000000;1.000000;0.000000;0.000000;0.000000;0.000000;0.000000;0.000000;0.000000;102.000000;-0.000000;-0.559242;-0.714440;0.830230;0.689282;1.001016;0.234696;0.598302;-0.213607;0.996070;0.088235;0.088235;0.000000;67.063089;1.941635;10.129263;9.617950;2.963323;8.781285;10.553826;0.721577;0.327826;-0.541815;4.248650;0.068627;0.068627;0.000000;10913.307658;0.243657;2.505877;2.494350;1.444994;2.088008;2.892650;0.312900;-0.144350;-1.149818;2.448650;0.088235;0.088235;0.000000;747.008557;0.698393;-1.722128;4.748950;66.098768;4369.047137;66.121198;6.468891;-0.028565;-0.789708;100.428000;0.029412;0.029412;1.003922;223147.084668;1.081363;6.185570;3.579300;33.812832;1143.307589;34.373956;9.941591;0.159932;-0.280462;45.620750;0.107843;0.107843;3.011765;62214.747952;2.306642;0.000000;0.000000;0.053454;0.582925;-0.133847;0.159378;0.000000;0.025280;-0.036897;0.000000;0.000000;-0.086563;-0.096646;0.024831;-0.018404;10.233914;8.652282;11.999086;8.870386;0.693948;0.000000;10.128782;1.005859;2.239886;113.385282;5561.949156
1.000000;1.000000;0.000000;0.000000;1.000000;0.000000;0.000000;0.000000;0.000000;0.000000;0.000000;0.000000;102.000000;-0.000000;-0.647935;-0.636695;0.649674;0.422077;0.917549;0.194049;0.169125;1.015216;0.703640;0.156863;0.156863;0.000000;64.347846;1.428279;9.546550;8.449300;3.486537;12.155942;10.163295;0.880458;0.640701;-0.866370;6.194425;0.088235;0.088235;0.000000;9915.901133;0.334616;2.623079;2.427350;1.087118;1.181826;2.839431;0.288621;0.418679;-0.458816;1.661700;0.117647;0.117647;0.000000;762.089789;0.407888;-7.058798;-1.998950;33.459587;1119.543935;34.196061;3.996285;-0.288763;-0.783414;53.171750;0.029412;0.029412;1.003922;62182.972806;1.383529;-13.639317;-17.479000;37.152862;1380.335140;39.577343;9.575575;-0.120081;0.235596;47.457450;0.088235;0.088235;2.509804;89376.031382;2.037719;0.000000;0.000000;-0.018392;0.217957;-0.255320;-0.145347;0.000000;-0.142728;0.185652;0.000000;0.000000;0.342648;-0.261771;-0.017675;-0.050578;9.648244;12.045835;11.310922;12.276447;0.426106;0.000000;9.957354;1.005859;2.641777;105.134455;2743.799040
1.000000;1.000000;0.000000;0.000000;1.000000;0.000000;0.000000;0.000000;0.000000;0.000000;0.000000;0.000000;102.000000;-0.000000;-0.685585;-0.685015;0.932718;0.869963;1.157580;0.260604;0.337485;1.284429;1.053787;0.127451;0.127451;0.000000;92.314910;1.701056;9.814543;9.235000;3.010046;9.060379;10.265751;0.811075;0.637567;-0.415967;5.080675;0.068627;0.068627;0.000000;10287.342213;0.270501;2.491383;2.414350;1.027872;1.056522;2.695090;0.314905;0.327200;-0.062286;1.214475;0.127451;0.127451;0.000000;687.009742;0.486629;-12.106357;-3.443300;35.742346;1277.515273;37.736973;5.010355;-1.312958;1.384907;44.550500;0.049020;0.049020;1.505882;80117.657540;2.169641;-52.963177;-44.787500;54.228377;2940.716867;75.801155;12.158071;-0.543162;-0.000291;53.063250;0.098039;0.098039;0.000000;436097.636402;1.259022;0.000000;0.000000;-0.325595;0.470876;0.194337;0.080599;0.000000;0.248287;0.000697;0.000000;0.000000;0.162627;-0.057979;-0.345264;-0.273179;9.934815;9.025079;11.748816;9.251867;0.776796;0.000000;9.315205;1.005859;2.775898;107.725627;7177.157685
1.000000;1.000000;0.000000;0.000000;1.000000;0.000000;0.000000;0.000000;0.000000;0.000000;0.000000;0.000000;102.000000;-0.000000;-0.821238;-0.978790;1.431040;2.047876;1.649942;0.280877;1.221502;1.612115;1.503812;0.098039;0.098039;0.000000;173.233753;1.764802;9.803173;9.471500;2.124750;4.514561;10.030790;0.589255;0.208643;0.069404;2.494675;0.117647;0.117647;0.000000;10032.669824;0.158930;1.585187;1.683550;0.944901;0.892837;1.845441;0.368266;-1.238027;2.851169;0.918425;0.137255;0.137255;0.000000;301.850780;0.785837;-8.005171;-16.964500;33.610090;1129.638166;34.550267;3.413406;0.499475;-0.706311;52.396500;0.029412;0.029412;1.003922;64155.965744;1.235099;57.250621;63.167000;72.060135;5192.663067;92.034215;11.809455;0.633751;0.515450;92.226125;0.049020;0.049020;0.000000;599220.056035;1.543435;0.000000;0.000000;0.073315;-0.579448;-0.146496;-0.223255;0.000000;0.412909;-0.312124;0.000000;0.000000;-0.520363;0.223314;-0.038808;0.329547;9.995219;4.434651;12.177257;4.579442;2.047970;0.000000;9.851547;1.005859;1.889007;104.339061;9667.423269
1.000000;1.000000;0.000000;0.000000;1.000000;0.000000;0.000000;0.000000;0.000000;0.000000;0.000000;0.000000;102.000000;-0.000000;-0.862650;-1.193600;1.400811;1.962272;1.645125;0.274292;1.468876;2.050649;1.530687;0.088235;0.088235;0.000000;175.984299;1.677748;9.391583;9.127500;1.606052;2.579402;9.527919;0.466839;0.207052;-0.472684;2.176575;0.117647;0.117647;0.000000;9128.138805;0.101952;1.376289;1.331250;0.948271;0.899219;1.671344;0.278591;-0.898588;1.537512;1.316985;0.058824;0.058824;0.000000;239.065791;0.821269;-1.685872;-5.079050;26.744988;715.294360;26.798069;3.178294;0.952040;0.174148;28.571575;0.058824;0.058824;1.003922;36770.224732;1.205989;82.804480;77.234500;71.200533;5069.515868;109.206675;12.100923;0.629676;0.337226;92.190000;0.058824;0.058824;0.000000;957917.418987;1.055446;0.000000;0.000000;0.471708;-0.608480;-0.391972;0.149068;0.000000;0.533909;-0.105510;0.000000;0.000000;-0.464010;-0.070588;-0.216672;0.166013;9.597161;2.382183;11.800179;3.409449;1.177191;0.000000;9.940680;1.005859;1.353974;94.487675;12647.027721
1.000000;1.000000;0.000000;0.000000;1.000000;0.000000;0.000000;0.000000;0.000000;0.000000;0.000000;0.000000;102.000000;-0.000000;-1.285459;-1.407300;0.861671;0.742478;1.547540;0.278879;0.360235;-0.885107;1.435075;0.098039;0.098039;0.000000;206.414074;0.874579;9.229342;8.548400;2.904658;8.437035;9.675629;0.769723;0.944462;0.769698;3.566800;0.078431;0.078431;0.000000;9118.726186;0.276141;1.757672;1.585950;0.825345;0.681194;1.941805;0.212602;0.238449;-1.018124;1.386700;0.049020;0.049020;0.000000;349.872898;0.518635;-4.147777;-4.963550;17.213276;296.296859;17.705957;3.802584;0.213308;-0.088240;23.461825;0.078431;0.078431;1.003922;16867.188858;2.042355;56.273251;42.002500;68.717255;4722.061146;88.818579;11.455725;0.616782;0.159790;92.139800;0.049020;0.049020;0.000000;563920.229855;1.624266;0.000000;0.000000;0.089542;0.401378;-0.692066;-0.136175;0.000000;-0.579446;-0.128045;0.000000;0.000000;-0.228522;-0.099292;0.079725;-0.040975;9.431148;8.066121;11.563649;8.527157;0.743242;0.000000;9.444028;1.005859;1.487889;97.012673;8206.011481
1.000000;1.000000;0.000000;0.000000;1.000000;0.000000;0.000000;0.000000;0.000000;0.000000;0.000000;0.000000;102.000000;-0.000000;-0.900584;-0.914765;0.841683;0.708431;1.232673;0.389658;0.176600;-0.301508;1.264113;0.196078;0.196078;0.000000;118.860423;1.405415;10.036231;9.036650;3.825959;14.637966;10.740759;1.234444;0.539077;-0.827594;6.423500;0.068627;0.068627;0.000000;11020.582492;0.342452;2.082114;1.922500;0.927416;0.860101;2.279320;0.317485;0.291461;-0.881193;1.552300;0.098039;0.098039;0.000000;486.059259;0.447896;-9.692674;-12.269000;20.552446;422.403032;22.723357;5.347627;0.142750;-0.512452;34.959300;0.078431;0.078431;1.003922;31125.956558;1.802968;36.167331;42.002500;49.887955;2488.808054;61.618860;12.482143;-0.040318;-0.581051;72.281455;0.088235;0.088235;0.000000;260380.064125;1.639246;0.000000;0.000000;0.219863;0.676276;-0.219586;-0.176161;0.000000;-0.448986;-0.163339;0.000000;0.000000;-0.316149;0.053243;0.262422;0.005871;10.183144;14.186974;12.063802;14.819146;0.679195;0.000000;10.287801;1.005859;1.966078;117.883389;4318.430139
1.000000;1.000000;0.000000;0.000000;1.000000;0.000000;0.000000;0.000000;0.000000;0.000000;0.000000;0.000000;102.000000;-0.000000;-0.881143;-1.039350;1.034166;1.069500;1.358644;0.431470;1.999755;6.283727;1.157785;0.166667;0.166667;0.000000;133.760182;1.842971;10.360785;9.415500;3.039236;9.236954;10.797353;0.990177;0.730876;-0.000935;3.463250;0.098039;0.098039;0.000000;11420.368874;0.267264;2.044505;1.939700;0.884167;0.781751;2.227499;0.380793;0.354637;-0.290667;1.264200;0.176471;0.176471;0.000000;466.229445;0.519930;-10.640104;-12.678500;18.381814;337.891087;21.239183;4.342757;0.067701;-0.335750;26.796750;0.068627;0.068627;0.000000;28783.294264;1.783591;83.057245;84.969500;61.062157;3728.587060;103.087793;13.509851;0.388077;0.970919;66.438250;0.127451;0.127451;0.000000;893813.113714;0.942903;0.000000;0.000000;0.434780;0.490638;-0.182718;0.077053;0.000000;-0.242828;-0.071592;0.000000;0.000000;0.002135;-0.096522;0.192909;-0.057127;10.507604;9.019005;12.527469;9.553192;0.855306;0.000000;10.452121;1.005859;2.076086;119.428739;11083.157667
1.000000;1.000000;0.000000;0.000000;1.000000;0.000000;0.000000;0.000000;0.000000;0.000000;0.000000;0.000000;102.000000;-0.000000;-1.014727;-1.280350;1.044361;1.090690;1.456146;0.308817;2.220354;7.160211;0.916855;0.127451;0.127451;0.000000;160.651730;1.584649;9.961392;9.653450;2.000082;4.000327;10.160200;0.577857;0.508574;0.303555;2.603650;0.107843;0.107843;0.000000;10325.449417;0.137313;1.819396;1.770750;0.743809;0.553252;1.965567;0.300450;0.206623;-0.247700;0.989750;0.147059;0.147059;0.000000;365.856672;0.461697;-4.297119;-8.023700;15.161801;229.880212;15.758980;2.691157;0.611106;-0.517776;22.120250;0.078431;0.078431;1.505882;13607.387600;1.753211;52.544096;46.459500;79.927046;6388.332735;95.651528;11.457255;0.408456;-0.287916;121.791750;0.029412;0.029412;0.000000;607422.979782;1.599770;0.000000;0.000000;0.202604;0.487204;-0.104341;-0.350160;0.000000;-0.383246;-0.004652;0.000000;0.000000;-0.173795;0.145275;0.203629;0.188503;10.118547;3.965021;12.259821;4.100835;1.040588;0.000000;10.065146;1.005859;1.924378;106.350022;9401.423668
1.000000;1.000000;0.000000;0.000000;1.000000;0.000000;0.000000;0.000000;0.000000;0.000000;0.000000;0.000000;102.000000;-0.000000;-0.255381;-1.006775;2.250010;5.062546;2.264457;0.377404;1.952608;2.933092;1.080437;0.029412;0.029412;0.501961;264.915505;2.177707;9.488433;9.419650;1.723350;2.969936;9.643666;0.497011;0.201568;-0.726897;2.497850;0.098039;0.098039;0.000000;9334.565517;0.118205;1.364840;1.734050;1.339487;1.794226;1.912332;0.233123;-0.986544;0.143226;1.551537;0.088235;0.088235;0.000000;281.510890;1.049898;7.428455;-1.663500;24.429038;596.777908;25.533504;2.825354;1.031048;-0.102089;36.964250;0.029412;0.029412;1.505882;36068.309689;1.839036;41.982431;21.630000;80.106380;6417.032076;90.440901;11.567719;0.873144;0.183233;104.650250;0.039216;0.039216;0.501961;507049.952486;1.407577;0.000000;0.000000;0.180907;-0.619839;-0.702651;0.632133;0.000000;0.315858;-0.296110;0.000000;0.000000;-0.536507;0.410486;0.181579;0.228254;9.788121;3.320753;12.224884;5.328170;2.783842;0.000000;9.495406;1.005859;1.741815;99.128068;8835.173473
1.000000;1.000000;0.000000;0.000000;1.000000;0.000000;0.000000;0.000000;0.000000;0.000000;0.000000;0.000000;102.000000;-0.000000;-0.377210;-1.050550;2.255294;5.086351;2.286621;0.384980;2.077195;3.313589;0.995062;0.019608;0.019608;0.501961;273.930254;2.083171;9.232430;9.161950;1.519249;2.308117;9.356596;0.467407;0.412214;0.701386;1.487850;0.147059;0.147059;0.000000;8812.046759;0.102933;1.663641;2.275150;1.422497;2.023498;2.188881;0.217915;-1.289165;0.437431;1.306875;0.039216;0.039216;0.000000;385.504067;0.951863;9.863738;3.704450;24.617628;606.027586;26.520198;3.241328;0.626983;-0.289552;33.486625;0.039216;0.039216;1.003922;40831.548449;1.404530;83.362392;76.461000;65.848259;4335.993258;106.232206;11.730654;0.529180;-0.194917;94.403000;0.078431;0.078431;0.000000;929973.816851;0.937178;0.000000;0.000000;0.358562;-0.657577;-0.704589;0.508222;0.000000;0.305952;0.203622;0.000000;0.000000;-0.575266;0.246548;-0.211320;-0.053082;9.545632;2.655434;12.011905;5.606657;1.861023;0.000000;9.562730;1.005859;1.522366;93.774525;11993.393772
1.000000;1.000000;0.000000;0.000000;1.000000;0.000000;0.000000;0.000000;0.000000;0.000000;0.000000;0.000000;102.000000;-0.000000;-0.904975;-1.124150;1.124609;1.264746;1.443511;0.267983;1.832416;3.727038;1.018158;0.156863;0.156863;0.000000;148.039328;1.524715;9.591904;9.161950;2.879686;8.292591;10.014850;0.740185;0.917716;0.159912;3.208500;0.098039;0.098039;0.000000;9807.401741;0.265561;2.055215;2.191200;0.923276;0.852439;2.253076;0.266591;0.285451;0.256238;1.424050;0.068627;0.068627;0.000000;474.315728;0.507405;0.876119;-0.350490;16.446020;270.471569;16.469340;3.684170;0.093284;-0.761148;25.127500;0.088235;0.088235;1.003922;13873.595185;1.953465;50.865140;43.893000;56.797706;3225.979360;76.244618;10.772344;0.009513;-1.115295;90.881925;0.049020;0.049020;0.000000;428438.413388;1.385655;0.000000;0.000000;0.012823;0.470619;-0.306535;-0.108505;0.000000;-0.352439;0.165770;0.000000;0.000000;-0.436161;0.070035;-0.085150;0.003558;9.767421;7.978426;11.881113;8.374943;1.277020;0.000000;9.679128;1.005859;2.101942;103.380937;6089.557351
1.000000;1.000000;0.000000;0.000000;1.000000;0.000000;0.000000;0.000000;0.000000;0.000000;0.000000;0.000000;102.000000;-0.000000;-0.710114;-0.963240;1.094097;1.197049;1.304343;0.349369;1.666164;3.079097;1.122250;0.166667;0.166667;0.000000;112.484480;1.975385;10.190070;8.663350;4.077271;16.624137;10.975503;1.221782;0.627358;-0.626955;6.938075;0.078431;0.078431;0.000000;11439.263735;0.406923;1.918360;1.641350;1.140225;1.300113;2.231640;0.364451;0.890621;0.136869;1.501720;0.078431;0.078431;0.000000;441.679051;0.678260;-6.967874;-8.957050;16.613767;276.017263;18.015786;4.820806;0.718090;0.272181;19.926900;0.107843;0.107843;1.003922;19029.516646;2.062498;26.144985;31.058000;44.643569;1993.048213;51.735949;11.562804;-0.232075;-0.663450;66.479350;0.088235;0.088235;0.000000;171395.250222;2.002964;0.000000;0.000000;0.094429;0.537626;-0.288914;-0.012751;0.000000;-0.015769;0.039363;0.000000;0.000000;-0.151587;0.171103;0.199073;0.203040;10.348745;16.066444;12.309315;16.800340;1.197294;0.000000;10.263490;1.005859;1.782486;123.162967;3006.157223
1.000000;1.000000;0.000000;0.000000;1.000000;0.000000;0.000000;0.000000;0.000000;0.000000;0.000000;0.000000;102.000000;-0.000000;-1.061930;-1.149300;0.636402;0.405008;1.238024;0.310082;0.368012;-0.225477;0.858660;0.186275;0.186275;0.000000;135.688511;0.887641;9.943056;9.339750;3.378291;11.412849;10.501296;0.972614;0.973432;1.177917;3.427425;0.088235;0.088235;0.000000;10666.304724;0.341157;1.881318;1.652700;0.987526;0.975208;2.124751;0.326765;0.993838;0.610678;1.323450;0.098039;0.098039;0.000000;410.750018;0.641501;-8.679279;-8.591100;13.486211;181.877892;16.037699;4.087845;0.434704;0.886357;19.751933;0.098039;0.098039;0.000000;16959.459050;1.980561;61.967971;62.258000;50.995821;2600.573728;80.253368;9.013576;-0.598779;0.044103;70.675250;0.078431;0.078431;0.000000;524315.006806;0.934789;0.000000;0.000000;0.261409;0.526421;-0.079477;0.235473;0.000000;0.029997;-0.188359;0.000000;0.000000;0.362398;0.017557;0.158313;0.157646;10.086059;11.081328;12.034408;11.554750;0.380114;0.000000;9.991727;1.005859;1.965689;112.809912;6702.325454
1.000000;1.000000;0.000000;0.000000;1.000000;0.000000;0.000000;0.000000;0.000000;0.000000;0.000000;0.000000;102.000000;-0.000000;-1.134528;-1.169000;0.616999;0.380687;1.291449;0.235028;0.334062;-0.308671;0.902112;0.156863;0.156863;0.000000;150.704898;0.688156;9.727110;9.460450;1.974366;3.898119;9.925461;0.561448;0.673063;0.809036;2.075850;0.127451;0.127451;0.000000;9849.720805;0.145152;1.770399;1.648450;0.693255;0.480603;1.901293;0.248123;0.865326;0.440694;0.804075;0.107843;0.107843;0.000000;344.217244;0.427225;-7.486414;-8.824550;14.174661;200.921007;16.030203;2.823987;0.230450;0.067357;16.514900;0.078431;0.078431;0.000000;15963.793013;1.749820;61.573984;72.560500;60.251649;3630.261182;86.148805;8.161220;-0.417018;-1.261621;116.338200;0.049020;0.049020;0.000000;571893.099468;1.162991;0.000000;0.000000;0.024824;0.591699;-0.195315;-0.356609;0.000000;-0.333117;-0.265959;0.000000;0.000000;0.012797;0.265711;0.107721;0.272097;9.866850;3.827893;11.883854;3.936977;0.384194;0.000000;9.801425;1.005859;1.815413;101.182626;7682.198983
1.000000;1.000000;0.000000;0.000000;1.000000;0.000000;0.000000;0.000000;0.000000;0.000000;0.000000;0.000000;102.000000;-0.000000;-0.596462;-0.745480;1.041185;1.084065;1.199930;0.266424;1.149818;1.241608;0.987095;0.078431;0.078431;0.000000;91.576776;1.855434;9.799424;9.563250;1.842916;3.396341;9.971211;0.512672;0.669934;0.989694;2.102125;0.127451;0.127451;0.000000;9968.177833;0.124723;1.806257;1.743150;0.685912;0.470475;1.932107;0.229114;0.648763;0.747935;0.622900;0.147059;0.147059;0.000000;356.782095;0.405263;-3.404285;-9.330900;20.868479;435.493420;21.144327;2.956109;0.738306;-0.364402;27.401350;0.029412;0.029412;1.003922;23392.350122;1.359703;48.743053;49.470500;58.501088;3422.377270;76.146323;7.672745;-0.020217;-1.310856;112.090175;0.029412;0.029412;0.000000;416904.467192;1.093105;0.000000;0.000000;0.217659;0.058769;-0.491625;0.057973;0.000000;0.420320;-0.161947;0.000000;0.000000;-0.442101;0.472287;0.090427;0.324585;9.929350;3.272892;11.826150;3.503816;1.020951;0.000000;10.026417;1.005859;1.836708;101.864874;6249.078140
1.000000;1.000000;0.000000;0.000000;1.000000;0.000000;0.000000;0.000000;0.000000;0.000000;0.000000;0.000000;102.000000;-0.000000;-0.824887;-1.000035;1.133296;1.284361;1.401713;0.253154;1.182384;1.158481;1.266853;0.088235;0.088235;0.000000;134.908678;1.597586;9.320498;9.476900;1.589593;2.526805;9.455077;0.479364;-0.108814;-0.759637;2.482325;0.098039;0.098039;0.000000;8989.785194;0.098309;1.612849;1.548800;0.650252;0.422828;1.738997;0.180929;0.454825;0.022591;0.927975;0.068627;0.068627;0.000000;286.896059;0.402731;-2.010750;-7.678450;19.767695;390.761782;19.869698;3.040531;0.660489;-0.119735;27.250750;0.029412;0.029412;1.003922;20341.350536;1.251985;78.159997;79.098000;54.090976;2925.833679;95.051664;8.449597;-0.095369;-1.062043;89.896250;0.058824;0.058824;0.000000;772335.331639;0.718853;0.000000;0.000000;0.376983;0.028642;-0.658802;-0.003562;0.000000;0.417243;-0.019940;0.000000;0.000000;-0.222376;0.182357;-0.197294;-0.013930;9.489560;2.311530;11.557958;2.853960;0.994940;0.000000;9.732925;1.005859;1.712683;92.363288;9432.647828
1.000000;1.000000;0.000000;0.000000;1.000000;0.000000;0.000000;0.000000;0.000000;0.000000;0.000000;0.000000;102.000000;-0.000000;-1.227363;-1.323550;0.668164;0.446443;1.397449;0.223600;0.403456;-0.299764;0.949885;0.117647;0.117647;0.000000;176.424340;0.656381;9.337537;9.200950;2.762058;7.628963;9.737482;0.703353;0.801144;-0.076141;3.610125;0.098039;0.098039;0.000000;9282.417675;0.233827;1.703770;1.434450;0.849704;0.721997;1.903898;0.189609;0.706646;-0.681849;1.181825;0.049020;0.049020;0.000000;332.914366;0.524770;-6.476025;-8.509900;15.008599;225.258057;16.346160;3.462928;0.197386;-0.232607;21.506925;0.068627;0.068627;1.003922;15765.989657;1.779889;54.912193;34.925000;56.677645;3212.355456;78.915806;9.087259;0.613005;-0.828717;94.548250;0.029412;0.029412;0.000000;471427.678669;1.278638;0.000000;0.000000;0.151808;0.676076;-0.620392;-0.464788;0.000000;-0.478221;0.012414;0.000000;0.000000;-0.278893;0.001032;0.134523;0.110820;9.509885;7.333511;11.594097;7.715517;0.439843;0.000000;9.453229;1.005859;1.426679;97.771428;6498.526177
1.000000;1.000000;0.000000;0.000000;1.000000;0.000000;0.000000;0.000000;0.000000;0.000000;0.000000;0.000000;102.000000;-0.000000;-0.743569;-0.820075;0.910670;0.829319;1.175676;0.291421;1.453806;3.269516;0.921833;0.166667;0.166667;0.000000;98.692057;1.748601;9.999638;9.057700;3.635835;13.219293;10.640115;1.021837;0.731780;-0.234536;6.187675;0.068627;0.068627;0.000000;10873.504289;0.362390;2.101348;2.016350;0.951768;0.905862;2.306843;0.284298;0.332593;-0.894726;1.647125;0.117647;0.117647;0.000000;496.599686;0.459639;-7.426983;-10.774500;13.591081;184.717489;15.487981;4.478869;0.781045;0.506364;15.180677;0.137255;0.137255;0.000000;15047.018080;2.029310;39.097356;36.035000;34.878739;1216.526426;52.393985;8.945084;0.794345;0.953148;38.183250;0.088235;0.088235;0.000000;217967.218092;1.117372;0.000000;0.000000;0.241512;0.567500;0.032818;0.169724;0.000000;0.010470;0.111024;0.000000;0.000000;0.215885;0.425542;0.212730;0.372935;10.129101;12.995575;12.004934;13.402083;0.785624;0.000000;10.169448;1.005859;1.925698;115.594272;2990.328743
1.000000;1.000000;0.000000;0.000000;1.000000;0.000000;0.000000;0.000000;0.000000;0.000000;0.000000;0.000000;102.000000;-0.000000;-0.860086;-0.957440;0.921746;0.849615;1.260700;0.251217;1.484083;4.053792;0.774380;0.127451;0.127451;0.000000;118.785386;1.570169;10.187418;9.315650;2.991484;8.948977;10.617554;0.926216;1.048804;1.411017;3.909450;0.088235;0.088235;0.000000;11042.356586;0.271561;1.953580;1.812200;0.737538;0.543963;2.088166;0.260265;1.227938;1.452929;0.799050;0.147059;0.147059;0.000000;417.023173;0.404987;-4.905758;-7.460050;13.434523;180.486401;14.302198;3.896978;0.581351;0.295454;17.346625;0.078431;0.078431;0.501961;11659.608156;2.064907;73.797139;62.371000;40.696535;1656.207964;84.274704;7.846364;0.551030;-0.831221;55.057000;0.078431;0.078431;0.000000;639962.410361;0.587655;0.000000;0.000000;0.281859;0.196191;0.079775;0.733816;0.000000;-0.009073;-0.128422;0.000000;0.000000;0.608419;0.048061;0.180912;0.199818;10.320077;8.817830;12.282137;9.112216;0.783392;0.000000;10.089542;1.005859;2.044607;115.321820;7311.139020
1.000000;1.000000;0.000000;0.000000;1.000000;0.000000;0.000000;0.000000;0.000000;0.000000;0.000000;0.000000;102.000000;-0.000000;-1.055900;-1.059900;0.690756;0.477144;1.261772;0.197656;0.036392;0.181760;0.883738;0.098039;0.098039;0.000000;138.056895;0.776442;9.871311;9.590600;1.866990;3.485651;10.046314;0.560035;0.447183;-0.091472;2.439525;0.107843;0.107843;0.000000;10116.943767;0.127837;1.651761;1.609100;0.554224;0.307164;1.742263;0.188885;0.729210;1.013704;0.651125;0.127451;0.127451;0.000000;293.955892;0.339325;-4.546968;-7.676400;13.863422;192.194481;14.590044;2.680545;0.651479;-0.398644;21.635950;0.039216;0.039216;1.003922;11910.766690;1.912401;54.793255;57.373500;56.852431;3232.198953;78.958848;7.011708;-0.042726;-0.871838;85.583275;0.049020;0.049020;0.000000;471089.221090;1.137390;0.000000;0.000000;0.014434;0.586741;-0.060395;0.226743;0.000000;-0.540261;-0.186627;0.000000;0.000000;-0.327778;-0.014392;0.351767;0.322580;10.005797;3.404527;11.977593;3.520279;0.481752;0.000000;10.007979;1.005859;1.710094;103.520497;6450.404571
1.000000;1.000000;0.000000;0.000000;1.000000;0.000000;0.000000;0.000000;0.000000;0.000000;0.000000;0.000000;102.000000;-0.000000;-0.546174;-0.755955;1.249930;1.562325;1.364050;0.288947;1.888010;4.030834;0.896227;0.117647;0.117647;0.000000;110.111400;2.151390;9.704521;10.049000;1.601543;2.564940;9.835785;0.440148;-0.252901;-0.876763;2.718575;0.068627;0.068627;0.000000;9736.954108;0.098918;1.525344;1.549950;0.840387;0.706249;1.741529;0.247989;-0.712342;2.286728;0.839675;0.098039;0.098039;0.000000;273.343568;0.688352;2.285871;-3.854700;22.671612;514.001994;22.786557;3.346618;1.183381;0.496871;22.536075;0.078431;0.078431;1.505882;26747.291237;1.522547;46.605409;40.135000;58.637524;3438.359181;74.902759;10.346271;0.421102;-0.338009;86.342834;0.049020;0.049020;0.000000;396929.818523;1.159278;0.000000;0.000000;0.223498;-0.227917;-0.265252;0.360374;0.000000;0.500692;-0.248099;0.000000;0.000000;-0.569570;0.468252;0.155781;0.401458;9.854212;2.497790;11.817517;2.762638;1.405490;0.000000;9.763301;1.005859;1.637983;99.603291;6132.683450
1.000000;1.000000;0.000000;0.000000;1.000000;0.000000;0.000000;0.000000;0.000000;0.000000;0.000000;0.000000;102.000000;-0.000000;-0.773203;-0.941935;1.305950;1.705506;1.517679;0.271996;1.997708;4.246341;1.121303;0.088235;0.088235;0.000000;147.962344;1.802943;9.425160;9.303950;1.585660;2.514317;9.557612;0.460927;-0.051124;-0.090471;2.297100;0.098039;0.098039;0.000000;9189.264033;0.098252;1.407422;1.477650;0.823863;0.678750;1.630824;0.230304;-0.778971;1.719316;0.878763;0.107843;0.107843;0.000000;236.662118;0.732530;0.694928;-2.812050;23.892717;570.861914;23.902821;3.286565;0.890905;0.571907;24.018775;0.068627;0.068627;1.003922;29163.513593;1.447268;83.325453;84.792500;56.441648;3185.659609;100.641894;9.984764;-0.021350;-1.030429;87.293500;0.058824;0.058824;0.000000;870668.824720;0.709069;0.000000;0.000000;0.376476;-0.223649;-0.455352;-0.127920;0.000000;0.572466;-0.109251;0.000000;0.000000;-0.423587;0.303060;-0.104294;0.168249;9.607115;2.354654;11.716906;3.017749;1.243855;0.000000;9.831282;1.005859;1.424765;94.651303;10702.795184
1.000000;1.000000;0.000000;0.000000;1.000000;0.000000;0.000000;0.000000;0.000000;0.000000;0.000000;0.000000;102.000000;-0.000000;-1.099128;-1.212100;0.808865;0.654262;1.364678;0.245350;0.751665;0.394540;1.334937;0.107843;0.107843;0.000000;156.600679;1.007788;9.327811;8.702500;3.093152;9.567592;9.827291;0.781652;1.008310;0.245291;3.278700;0.117647;0.117647;0.000000;9362.769550;0.292012;1.701997;1.619650;0.933808;0.871997;1.941337;0.218769;0.653394;-0.027878;1.389563;0.068627;0.068627;0.000000;339.944874;0.596475;-8.462463;-9.849400;16.555321;274.078660;18.592793;3.584848;0.244674;0.127422;23.770025;0.058824;0.058824;0.000000;21283.090792;1.767085;55.864756;42.807500;59.644158;3557.425558;81.720845;9.170867;0.306368;-1.000387;102.345500;0.049020;0.049020;0.000000;499776.219083;1.306437;0.000000;0.000000;0.101297;0.657430;-0.677657;-0.645569;0.000000;-0.325276;-0.258355;0.000000;0.000000;0.006608;-0.011589;0.293072;0.179724;9.497879;9.228292;11.518858;9.669592;0.653469;0.000000;9.493448;1.005859;1.391460;99.437990;7027.757208
1.000000;1.000000;0.000000;0.000000;1.000000;0.000000;0.000000;0.000000;0.000000;0.000000;0.000000;0.000000;102.000000;-0.000000;-0.822957;-0.879425;0.695161;0.483249;1.077268;0.291569;0.626525;0.952643;0.942433;0.117647;0.117647;0.000000;93.726567;1.266838;9.935283;8.115800;3.884798;15.091655;10.667779;1.094462;0.664986;-0.900250;6.736475;0.068627;0.068627;0.000000;10838.095731;0.386383;2.001042;1.817350;1.198949;1.437478;2.332734;0.333159;0.835227;0.345919;1.689275;0.098039;0.098039;0.000000;481.736876;0.668448;-9.142591;-12.785000;19.448231;378.233691;21.490013;4.559234;0.486843;-0.344360;28.139750;0.058824;0.058824;0.000000;27816.062909;1.966041;40.084424;41.637000;40.579543;1646.699343;57.039112;9.480226;-0.117239;-0.454807;56.306500;0.088235;0.088235;0.000000;247883.637787;1.321872;0.000000;0.000000;0.062490;0.799166;-0.340083;-0.299512;0.000000;-0.062556;-0.306112;0.000000;0.000000;-0.006170;0.035996;0.262445;0.249044;10.060833;14.741666;11.855963;15.243046;0.486065;0.000000;10.128347;1.005859;1.874824;115.962018;3720.722653
1.000000;1.000000;0.000000;0.000000;1.000000;0.000000;0.000000;0.000000;0.000000;0.000000;0.000000;0.000000;102.000000;-0.000000;-0.861659;-0.849040;0.628535;0.395057;1.066543;0.257065;-0.210770;0.372098;0.834073;0.147059;0.147059;0.000000;95.903785;1.036006;10.331740;9.759650;2.950617;8.706141;10.744813;0.944235;0.697848;0.181261;3.975275;0.117647;0.117647;0.000000;11331.991561;0.247702;1.834035;1.768900;1.075761;1.157262;2.126251;0.326522;1.261301;2.111830;1.056300;0.107843;0.107843;0.000000;402.123334;0.722044;-7.214946;-15.109500;22.128621;489.675875;23.275122;3.806695;0.439854;-0.999346;39.090250;0.029412;0.029412;0.501961;30283.163941;1.664936;74.865791;72.056000;40.917524;1674.243730;85.317820;8.124881;0.150683;-0.335832;46.176500;0.107843;0.107843;0.000000;657103.581099;0.654103;0.000000;0.000000;0.119489;0.638723;-0.226692;0.265485;0.000000;-0.199451;-0.144197;0.000000;0.000000;-0.058112;-0.110098;0.102212;0.092792;10.443310;8.525788;12.242302;8.798303;0.393005;0.000000;10.342424;1.005859;1.875609;117.588509;7825.382685
1.000000;1.000000;0.000000;0.000000;1.000000;0.000000;0.000000;0.000000;0.000000;0.000000;0.000000;0.000000;102.000000;-0.000000;-0.905573;-0.880940;0.641515;0.411542;1.109777;0.203033;-0.130579;0.103729;0.903320;0.127451;0.127451;0.000000;104.635637;0.935728;10.083082;9.941350;1.884988;3.553182;10.257764;0.608121;0.322563;-0.170392;2.873200;0.127451;0.127451;0.000000;10551.445090;0.124499;1.704304;1.585750;0.671780;0.451288;1.831922;0.218046;0.534273;0.346892;0.830100;0.068627;0.068627;0.000000;319.290605;0.390744;-4.456480;-9.124650;18.093701;327.382018;18.634437;2.713733;0.545816;-0.706205;30.333000;0.029412;0.029412;1.003922;18722.937330;1.431237;50.430666;57.765000;56.497838;3192.005644;75.731484;6.955092;0.216637;-1.005542;89.707400;0.029412;0.029412;0.000000;422226.042822;1.358017;0.000000;0.000000;0.034545;0.603626;-0.102415;0.338105;0.000000;-0.504394;-0.081615;0.000000;0.000000;-0.451407;0.022269;0.046818;0.103310;10.197791;3.458397;12.035063;3.588922;0.415056;0.000000;10.236743;1.005859;1.806112;107.453336;6085.855883
1.000000;1.000000;0.000000;0.000000;1.000000;0.000000;0.000000;0.000000;0.000000;0.000000;0.000000;0.000000;102.000000;-0.000000;-0.321668;-0.697430;1.468093;2.155297;1.502920;0.263387;1.625134;2.096559;1.112252;0.088235;0.088235;1.003922;120.476082;2.062257;9.649587;9.471500;1.480969;2.193270;9.762572;0.404467;-0.049331;-0.564440;2.168650;0.068627;0.068627;0.000000;9609.562883;0.087964;1.651318;1.605400;0.732154;0.536050;1.806350;0.188475;0.465637;0.181612;0.819500;0.137255;0.137255;0.000000;305.477607;0.478415;2.182605;-2.732350;19.249554;370.545342;19.372896;2.296213;0.722446;-0.391632;27.645500;0.029412;0.029412;0.501961;19384.203177;1.345929;50.625774;47.819500;63.070411;3977.876691;80.875495;9.188153;0.795886;0.385481;92.985875;0.019608;0.019608;0.000000;464294.765191;1.136659;0.000000;0.000000;0.230666;-0.115629;-0.275674;0.701575;0.000000;0.646277;-0.142107;0.000000;0.000000;-0.348238;0.528624;0.314514;0.225232;9.817665;2.180031;11.849480;2.702653;1.688969;0.000000;9.701324;1.005859;1.809466;98.566572;6919.417663
1.000000;1.000000;0.000000;0.000000;1.000000;0.000000;0.000000;0.000000;0.000000;0.000000;0.000000;0.000000;102.000000;-0.000000;-0.424777;-0.697430;1.553921;2.414669;1.610933;0.272272;1.422504;1.604975;1.238690;0.088235;0.088235;1.003922;141.557794;2.047510;9.427208;9.292950;1.119388;1.253030;9.493433;0.333583;0.253794;-0.464866;1.576075;0.088235;0.088235;0.000000;9128.882522;0.059177;1.812060;1.824450;0.725799;0.526784;1.952011;0.162525;-0.336011;-0.459508;0.879950;0.088235;0.088235;0.000000;361.792272;0.382415;4.514960;3.228150;19.096109;364.661365;19.622595;2.295299;0.373579;-0.530376;25.752975;0.029412;0.029412;0.501961;20677.693873;1.404437;80.061569;76.433000;45.392908;2060.516060;92.034618;9.970855;1.064402;2.619303;37.780500;0.117647;0.117647;0.000000;758891.511093;0.682680;0.000000;0.000000;0.395101;-0.661049;-0.458899;0.538674;0.000000;0.516780;0.165584;0.000000;0.000000;-0.290531;0.453225;0.122003;0.134799;9.613860;1.294075;11.736175;2.760733;0.943281;0.000000;9.688580;1.005859;1.766288;93.720383;8859.227407
1.000000;1.000000;0.000000;0.000000;1.000000;0.000000;0.000000;0.000000;0.000000;0.000000;0.000000;0.000000;102.000000;-0.000000;-1.137190;-1.141650;0.606351;0.367662;1.288745;0.202599;0.088277;-0.187652;0.748502;0.156863;0.156863;0.000000;150.661821;0.635565;9.676089;8.993950;2.611267;6.818715;10.022246;0.620627;1.277074;1.184637;2.813400;0.088235;0.088235;0.000000;9897.713847;0.229744;1.981543;1.970600;0.678242;0.460013;2.094404;0.173367;0.532938;1.055245;1.010025;0.088235;0.088235;0.000000;423.973843;0.364541;-3.052712;-2.976550;14.749368;217.543866;15.061969;3.140343;0.374433;-0.300704;21.924800;0.078431;0.078431;1.003922;12045.519172;1.865310;45.688359;48.927500;36.010119;1296.728656;58.173488;6.890901;-0.367174;-0.589414;53.191250;0.049020;0.049020;0.000000;279080.625067;1.091665;0.000000;0.000000;0.261059;0.091245;-0.253996;-0.253154;0.000000;-0.599354;-0.003152;0.000000;0.000000;0.149011;0.157512;0.380711;0.210013;9.823403;6.607031;11.828668;6.912865;0.344664;0.000000;9.569870;1.005859;1.981786;103.106280;3615.404205
1.000000;1.000000;0.000000;0.000000;1.000000;0.000000;0.000000;0.000000;0.000000;0.000000;0.000000;0.000000;102.000000;-0.000000;-1.027233;-1.005310;0.533691;0.284826;1.157599;0.224154;0.169495;-0.252250;0.730405;0.176471;0.176471;0.000000;122.168259;0.672832;9.673569;8.855250;2.864646;8.206195;10.088812;0.763860;1.088182;0.216723;3.683550;0.058824;0.058824;0.000000;9963.476306;0.236278;2.075523;2.043550;0.774585;0.599982;2.215350;0.210469;0.599547;0.071025;1.173575;0.107843;0.107843;0.000000;470.000585;0.377506;-5.893114;-5.489600;12.936888;167.363078;14.215902;3.539571;0.792156;1.639370;16.588275;0.107843;0.107843;0.000000;12079.013786;2.140835;23.413363;28.974500;30.538528;932.601687;38.480999;6.697624;-0.547146;-0.600365;45.933098;0.088235;0.088235;0.000000;103489.612713;1.752061;0.000000;0.000000;0.253070;0.530359;-0.560010;-0.278952;0.000000;-0.314666;0.101666;0.000000;0.000000;0.068959;0.065935;0.303305;0.355882;9.805534;7.975666;11.715728;8.306484;0.268607;0.000000;9.854024;1.005859;2.129094;104.124160;1687.786923
1.000000;1.000000;0.000000;0.000000;1.000000;0.000000;0.000000;0.000000;0.000000;0.000000;0.000000;0.000000;102.000000;-0.000000;-0.786863;-0.721845;0.770081;0.593024;1.100989;0.250534;0.496030;0.873504;0.804050;0.107843;0.107843;0.000000;93.402229;1.424792;9.552236;8.896150;2.087236;4.356554;9.777616;0.699004;1.179477;0.518047;2.424850;0.098039;0.098039;0.000000;9529.219100;0.153889;2.300066;2.086100;1.183204;1.399972;2.586557;0.264162;0.688388;0.284969;1.740250;0.068627;0.068627;0.000000;611.018206;0.593402;-1.465559;-2.459450;14.050762;197.423903;14.126987;3.381730;0.590569;1.162299;12.041175;0.078431;0.078431;0.501961;10288.265100;2.087843;44.146947;50.709500;39.351572;1548.546252;59.139658;7.681099;-0.474967;-0.334546;45.799250;0.049020;0.049020;0.000000;277802.720804;1.230488;0.000000;0.000000;0.038216;0.344921;-0.627418;0.275332;0.000000;0.085492;0.136303;0.000000;0.000000;0.355745;-0.076538;0.099273;0.376222;9.674342;4.221061;11.477131;4.400701;0.597883;0.000000;9.435368;1.005859;2.379883;97.813949;3703.761229
1.000000;1.000000;0.000000;0.000000;1.000000;0.000000;0.000000;0.000000;0.000000;0.000000;0.000000;0.000000;102.000000;-0.000000;-0.638868;-0.607960;1.403513;1.969850;1.542077;0.275595;0.252133;-0.170634;1.481492;0.107843;0.107843;0.000000;142.105036;1.853803;10.009069;9.435700;2.229490;4.970627;10.254369;0.705829;1.249158;0.997417;2.425775;0.117647;0.117647;0.000000;10472.013047;0.166352;1.640911;1.148950;1.353940;1.833154;2.127379;0.245935;1.255375;0.802858;1.438387;0.098039;0.098039;0.000000;368.135235;0.931471;-4.282529;-3.393650;15.804908;249.795115;16.374833;3.231723;0.498607;0.512977;18.544900;0.078431;0.078431;0.501961;14610.402893;1.992815;75.916943;80.732500;36.763368;1351.545223;84.350030;8.314069;-0.794825;0.454837;47.941750;0.068627;0.068627;0.000000;656793.855170;0.542300;0.000000;0.000000;-0.088409;0.545445;-0.725956;-0.295469;0.000000;-0.262165;0.013741;0.000000;0.000000;0.154661;0.090925;0.135744;0.336168;10.185056;4.794712;12.263177;5.045382;1.963812;0.000000;10.085794;1.005859;2.024394;108.530084;7387.588389
1.000000;1.000000;0.000000;0.000000;1.000000;0.000000;0.000000;0.000000;0.000000;0.000000;0.000000;0.000000;102.000000;-0.000000;-3.006097;-1.615700;3.745331;14.027501;4.802512;0.490862;-0.783376;-0.332187;5.205858;0.039216;0.039216;0.000000;1637.138815;1.183366;7.743278;9.522600;6.276037;39.388642;9.967296;0.687444;-1.459047;1.270765;4.080900;0.029412;0.029412;0.000000;8125.060497;1.024057;0.728427;0.722805;1.307644;1.709933;1.496843;0.302888;-0.357760;0.182357;1.135123;0.107843;0.107843;0.000000;141.343172;1.912594;8.878420;-1.393180;31.546329;995.170868;32.771897;3.309519;0.659098;-0.652551;49.445500;0.009804;0.009804;0.501961;58794.095411;1.360236;52.259070;66.430500;88.983229;7918.014958;103.194115;16.156784;0.047492;1.100296;93.584175;0.068627;0.068627;0.000000;682397.867371;1.977641;0.000000;0.000000;-0.102639;-0.416033;0.277760;-0.356341;0.000000;-0.884225;0.201383;0.000000;0.000000;0.660643;0.381895;-0.447211;-0.085493;10.652736;9.930329;13.981361;40.008354;13.936662;0.000000;10.168975;1.005859;0.726618;123.411119;11725.263128
1.000000;1.000000;0.000000;0.000000;1.000000;0.000000;0.000000;0.000000;0.000000;0.000000;0.000000;0.000000;102.000000;-0.000000;-3.104959;-2.377500;4.527172;20.495286;5.489632;0.965440;0.064788;-0.708431;6.318490;0.068627;0.068627;0.000000;2028.808177;1.480583;2.029695;3.861050;8.008049;64.128849;8.261266;0.811160;-0.037206;-1.601688;15.434625;0.019608;0.019608;0.501961;3690.777760;0.804999;2.758945;2.121450;3.445299;11.870087;4.413827;0.714115;0.678773;-0.416400;4.264862;0.107843;0.107843;0.000000;1381.788122;1.349352;66.769505;35.775000;76.895548;5912.925332;101.838559;7.846422;1.359284;0.771864;62.883500;0.039216;0.039216;0.000000;756294.643253;1.141650;-18.272593;-17.494000;132.323063;17509.392982;133.578743;25.494475;-0.338616;1.270568;135.451750;0.058824;0.058824;0.501961;927035.712035;2.032822;0.000000;0.000000;-0.747902;0.670267;0.284937;0.143514;0.000000;-0.040873;0.450333;0.000000;0.000000;0.168089;-0.385741;-0.161285;-0.038744;9.335014;12.242076;13.084649;77.877254;7.584744;0.000000;5.595105;1.005859;1.298941;99.384564;28233.854637
1.000000;1.000000;0.000000;0.000000;1.000000;0.000000;0.000000;0.000000;0.000000;0.000000;0.000000;0.000000;102.000000;-0.000000;-1.691870;-2.189500;3.104016;9.634914;3.535157;0.732243;0.653130;0.397759;2.915845;0.078431;0.078431;0.000000;783.402684;1.802426;3.786832;7.675000;6.989845;48.857939;7.949719;0.628249;-0.773585;-1.141730;14.475700;0.009804;0.009804;0.501961;3955.052338;1.389167;3.875363;3.131000;2.682471;7.195652;4.713183;0.624534;0.958310;0.140446;2.719925;0.019608;0.019608;0.000000;1898.860165;0.802462;57.968171;20.086000;79.117110;6259.517089;98.080711;7.001727;1.551179;0.982060;61.574500;0.019608;0.019608;0.000000;661986.876222;1.239533;29.418117;46.100000;141.531425;20031.144244;144.556459;19.468770;-0.971066;1.027387;164.816000;0.029412;0.029412;0.501961;1109861.772038;1.313847;0.000000;0.000000;-0.735330;0.777158;0.196359;-0.057764;0.000000;-0.063299;0.774194;0.000000;0.000000;-0.529193;-0.626000;0.084821;-0.292414;8.531562;3.907832;11.682732;55.067644;4.004345;0.000000;3.358679;1.005859;4.137963;76.695377;30538.609921
1.000000;1.000000;0.000000;0.000000;1.000000;0.000000;0.000000;0.000000;0.000000;0.000000;0.000000;0.000000;102.000000;-0.000000;-1.970744;-1.860100;0.983502;0.967276;2.202523;0.261323;-0.631075;-0.014579;1.302025;0.078431;0.078431;0.000000;445.482694;0.558372;9.414838;8.782000;2.895999;8.386812;9.850177;0.719645;1.130286;0.632953;3.437075;0.098039;0.098039;0.000000;9468.927692;0.261663;2.396431;2.410800;1.089009;1.185942;2.632266;0.255176;0.713771;1.171254;1.478025;0.117647;0.117647;0.000000;646.276424;0.524049;4.004674;7.475150;17.686161;312.800290;18.133883;3.558752;-0.379677;-0.789749;26.726925;0.039216;0.039216;0.501961;17589.819187;1.622576;64.561671;43.403000;75.467390;5695.326932;99.315338;10.328184;0.854523;-0.250465;84.129750;0.029412;0.029412;0.000000;715623.059917;1.311238;0.000000;0.000000;0.200611;0.686421;-0.013274;0.359758;0.000000;-0.611611;-0.271915;0.000000;0.000000;-0.337566;-0.605932;0.228830;0.148913;9.744578;7.920293;12.385582;8.514027;0.932674;0.000000;9.639015;1.005859;2.588255;102.877098;10199.302875
1.000000;1.000000;0.000000;0.000000;1.000000;0.000000;0.000000;0.000000;0.000000;0.000000;0.000000;0.000000;102.000000;-0.000000;-1.380927;-1.347550;0.606792;0.368196;1.508362;0.274115;-0.200150;-0.569027;0.883737;0.176471;0.176471;0.000000;213.289962;0.502772;9.999903;9.055850;3.430266;11.766725;10.571886;0.956219;0.787798;-0.396744;5.637350;0.068627;0.068627;0.000000;10799.911068;0.335835;1.997031;1.666950;1.100897;1.211975;2.280374;0.274391;1.172297;0.998070;1.423700;0.058824;0.058824;0.000000;468.610034;0.636726;-9.408797;-12.892000;17.805633;317.040562;20.138670;4.567276;0.839170;0.176992;25.092675;0.078431;0.078431;0.000000;25198.952829;1.996498;29.651625;32.756000;38.877557;1511.464449;48.894615;9.776720;-0.430092;-0.113784;42.668500;0.107843;0.107843;0.000000;166769.667311;1.555514;0.000000;0.000000;0.269884;0.783451;-0.304900;-0.295025;0.000000;-0.259071;-0.167815;0.000000;0.000000;-0.108646;0.085138;0.283741;0.301045;10.185232;11.300992;12.380830;11.911118;0.343950;0.000000;10.142029;1.005859;1.907595;115.039938;2801.449475
1.000000;1.000000;0.000000;0.000000;1.000000;0.000000;0.000000;0.000000;0.000000;0.000000;0.000000;0.000000;102.000000;-0.000000;-0.886970;-0.940510;0.812093;0.659495;1.202585;0.309432;0.422379;-0.405323;1.207603;0.137255;0.137255;0.000000;113.890877;1.244774;9.755849;9.457450;2.295431;5.269002;10.022255;0.682193;1.544882;3.572176;2.163325;0.117647;0.117647;0.000000;9976.732453;0.183047;2.173528;1.874500;1.088829;1.185548;2.431002;0.293644;1.157583;0.577357;1.141400;0.107843;0.107843;0.000000;542.334879;0.577266;-2.060877;-4.032400;22.470411;504.919362;22.564720;3.995192;0.550604;-0.620429;34.811000;0.068627;0.068627;0.501961;26185.078992;1.667342;57.514248;64.977000;43.123570;1859.642269;71.885541;9.768949;-0.744271;0.084320;48.549750;0.117647;0.117647;0.000000;432247.409009;0.958276;0.000000;0.000000;0.070337;0.454250;-0.251088;0.181110;0.000000;0.327956;0.236336;0.000000;0.000000;0.060517;0.210922;-0.001857;0.109831;9.889127;5.096969;11.789995;5.324934;0.662262;0.000000;9.850418;1.005859;2.132467;102.891803;5682.607345
1.000000;1.000000;0.000000;0.000000;1.000000;0.000000;0.000000;0.000000;0.000000;0.000000;0.000000;0.000000;102.000000;-0.000000;-0.719644;-0.743490;0.714637;0.510706;1.014196;0.248256;0.446980;-0.266539;1.150687;0.117647;0.117647;0.000000;78.871790;1.378328;9.808009;9.575750;1.862831;3.470138;9.983345;0.520377;0.357834;-0.083699;2.194350;0.147059;0.147059;0.000000;9989.079205;0.121729;2.183009;1.933600;0.882174;0.778231;2.354519;0.263566;1.191452;0.728802;0.811375;0.098039;0.098039;0.000000;525.780760;0.435948;0.387798;-0.509795;21.782063;474.458257;21.785515;3.097950;0.512199;-0.794753;32.128500;0.039216;0.039216;0.501961;24213.459690;1.272934;66.372173;74.095000;42.214500;1782.064020;78.659579;7.702588;-0.479164;-0.660012;64.850500;0.078431;0.078431;0.000000;540222.446459;0.712344;0.000000;0.000000;-0.140722;0.410556;-0.587666;-0.242233;0.000000;0.110010;-0.183977;0.000000;0.000000;-0.061474;0.290877;0.174745;0.223097;9.913111;3.425997;11.674829;3.516424;0.503834;0.000000;9.732183;1.005859;2.293380;101.695769;6667.481711
1.000000;1.000000;0.000000;0.000000;1.000000;0.000000;0.000000;0.000000;0.000000;0.000000;0.000000;0.000000;102.000000;-0.000000;-1.030564;-0.937885;0.495350;0.245372;1.143430;0.151893;-0.143257;-1.116078;0.796743;0.068627;0.068627;0.000000;120.847560;0.534658;9.711629;9.180700;2.031043;4.125134;9.921738;0.480706;0.402046;-0.671593;3.172175;0.088235;0.088235;0.000000;9830.598828;0.134923;2.124920;2.034400;0.697956;0.487143;2.236610;0.184949;1.104081;1.366795;0.809575;0.088235;0.088235;0.000000;485.403753;0.308649;-10.026495;-14.585000;14.488427;209.914510;17.619452;2.506260;1.546662;2.062548;13.911550;0.049020;0.049020;0.000000;20961.937649;1.675309;39.380177;30.426000;45.537040;2073.622027;60.203159;6.070320;0.147562;-0.580327;62.347750;0.049020;0.049020;0.000000;263937.517945;1.184634;0.000000;0.000000;0.190491;0.649496;-0.360521;-0.382696;0.000000;-0.481021;-0.130364;0.000000;0.000000;-0.360809;0.352562;-0.014954;0.299800;9.836252;3.996450;11.742193;4.175515;0.238264;0.000000;10.141349;1.005859;1.992850;100.748313;3939.867901
1.000000;1.000000;0.000000;0.000000;1.000000;0.000000;0.000000;0.000000;0.000000;0.000000;0.000000;0.000000;102.000000;-0.000000;-0.823408;-0.953875;0.994818;0.989663;1.291381;0.198038;1.823599;3.915143;0.942230;0.098039;0.098039;0.000000;119.630996;1.461671;9.529019;9.301250;1.414020;1.999452;9.633361;0.434202;0.461287;-0.915433;2.480475;0.107843;0.107843;0.000000;9363.808096;0.081209;1.686840;1.572750;0.825685;0.681755;1.878080;0.165045;0.303519;-0.744222;1.319875;0.049020;0.049020;0.000000;325.005071;0.488013;-5.075430;-9.858800;21.749725;473.050517;22.334066;2.558354;0.817511;-0.142422;23.100125;0.049020;0.049020;0.501961;26754.963955;1.509807;63.643880;72.699500;54.485832;2968.705897;83.780961;6.726650;-0.216334;-0.607809;72.314750;0.029412;0.029412;0.000000;564570.648002;0.976847;0.000000;0.000000;0.221987;-0.014001;-0.568464;0.234000;0.000000;0.683229;0.032255;0.000000;0.000000;-0.085589;0.220756;-0.146945;0.138432;9.675115;1.861465;11.658671;2.108891;0.909820;0.000000;9.591742;1.005859;1.983567;95.469312;7521.587050
1.000000;1.000000;0.000000;0.000000;1.000000;0.000000;0.000000;0.000000;0.000000;0.000000;0.000000;0.000000;102.000000;-0.000000;-0.901839;-1.085900;1.042417;1.086632;1.378385;0.237295;1.694019;3.375376;1.057222;0.088235;0.088235;0.000000;138.378500;1.455866;9.444102;9.309000;1.991297;3.965265;9.651753;0.536275;0.496063;0.553328;2.650225;0.127451;0.127451;0.000000;9299.719092;0.151397;1.634272;1.522300;0.796518;0.634442;1.818045;0.205791;0.187887;-1.308969;1.388850;0.088235;0.088235;0.000000;304.787992;0.529719;-0.973234;-1.792900;21.264208;452.166563;21.286469;3.143012;0.380631;-0.387312;27.978000;0.088235;0.088235;1.003922;23158.008747;1.379535;72.125065;77.634000;46.069668;2122.414298;85.582938;8.650990;0.009355;-0.718333;61.137500;0.078431;0.078431;0.000000;638850.699753;0.709253;0.000000;0.000000;0.202350;0.218709;-0.680379;0.036860;0.000000;0.578777;0.053921;0.000000;0.000000;-0.241122;0.241632;0.004318;-0.015426;9.607503;3.752162;11.652186;4.065156;1.036761;0.000000;9.703579;1.005859;1.504542;96.056273;7780.858290
1.000000;1.000000;0.000000;0.000000;1.000000;0.000000;0.000000;0.000000;0.000000;0.000000;0.000000;0.000000;102.000000;-0.000000;-1.253553;-1.146250;0.527663;0.278428;1.360082;0.226709;-0.101855;-0.703152;0.733522;0.147059;0.147059;0.000000;174.489835;0.491346;9.561068;8.620100;2.867017;8.219785;9.981673;0.743820;1.034773;0.521620;3.679250;0.088235;0.088235;0.000000;9743.452784;0.238652;2.179856;2.269300;0.741558;0.549908;2.302538;0.221946;0.201706;-0.454776;1.170025;0.078431;0.078431;0.000000;512.727900;0.310970;-5.279189;-5.172650;10.979904;120.558286;12.183108;3.494381;0.364633;-0.318508;13.843328;0.127451;0.127451;1.003922;8991.778148;2.099034;24.413630;22.079500;30.961509;958.615056;39.428929;7.919210;0.435130;-0.264809;42.291000;0.088235;0.088235;0.000000;109695.149267;1.707458;0.000000;0.000000;0.211547;0.673192;-0.480743;-0.311873;0.000000;-0.331973;-0.155805;0.000000;0.000000;-0.133908;-0.074823;0.031336;0.150949;9.723096;7.945036;11.814621;8.314173;0.268181;0.000000;9.381082;1.005859;2.217892;102.483623;1708.370212
1.000000;1.000000;0.000000;0.000000;1.000000;0.000000;0.000000;0.000000;0.000000;0.000000;0.000000;0.000000;102.000000;-0.000000;-1.283923;-1.280150;0.674698;0.455217;1.450405;0.239870;0.654479;0.808871;0.941943;0.107843;0.107843;0.000000;191.360685;0.653534;9.606102;8.500250;2.827876;7.996885;10.013695;0.919834;1.190060;0.776150;3.512425;0.078431;0.078431;0.000000;9820.130201;0.250831;2.388795;2.177600;1.146766;1.315073;2.649795;0.262230;0.880211;0.469356;1.634100;0.058824;0.058824;0.000000;649.117351;0.525609;-4.076635;-6.036650;10.963336;120.194744;11.696739;3.622254;0.899019;0.990080;12.777825;0.147059;0.147059;1.505882;7825.913753;2.192921;22.601736;21.627000;30.386671;923.349803;37.870679;7.051632;0.964417;1.358751;31.546250;0.098039;0.098039;0.000000;99196.389407;1.610302;0.000000;0.000000;0.134261;0.639288;-0.632571;-0.422681;0.000000;0.322177;-0.216513;0.000000;0.000000;0.681702;-0.383896;0.135464;0.431309;9.779679;7.735637;11.931146;8.084839;0.450947;0.000000;9.858628;1.005859;2.208674;103.377755;1578.023406
1.000000;1.000000;0.000000;0.000000;1.000000;0.000000;0.000000;0.000000;0.000000;0.000000;0.000000;0.000000;102.000000;-0.000000;-1.182721;-1.148550;1.326202;1.758812;1.776975;0.291433;0.563939;1.307225;1.317338;0.068627;0.068627;0.000000;232.383244;1.385278;9.700169;9.486950;2.027615;4.111223;9.909818;0.694673;0.869056;1.092797;2.358275;0.117647;0.117647;0.000000;9807.201012;0.156727;1.852610;1.650450;1.297065;1.682378;2.261535;0.297354;1.039226;1.125458;1.158607;0.147059;0.147059;0.000000;435.884479;0.865553;-6.838919;-7.126200;17.976467;323.153383;19.233414;3.501588;-0.199017;0.064785;18.977275;0.088235;0.088235;0.501961;21251.548755;1.947198;68.147102;56.223500;57.626371;3320.798687;89.245875;11.522105;1.079148;0.864354;80.648750;0.088235;0.088235;0.000000;643062.402440;1.065671;0.000000;0.000000;0.293777;0.371831;-0.673832;-0.394090;0.000000;0.583337;0.070975;0.000000;0.000000;0.220743;-0.151792;0.079067;0.215527;9.922288;3.910335;12.208409;4.394975;1.533179;0.000000;9.597890;1.005859;2.081100;102.362135;8339.864960
1.000000;1.000000;0.000000;0.000000;1.000000;0.000000;0.000000;0.000000;0.000000;0.000000;0.000000;0.000000;102.000000;-0.000000;-1.180936;-1.102550;1.288675;1.660683;1.747939;0.298027;0.526991;1.694470;1.159318;0.117647;0.117647;0.000000;226.945632;1.388475;9.954787;9.595750;1.637975;2.682963;10.088645;0.591902;0.890411;0.450460;1.684125;0.147059;0.147059;0.000000;10244.806799;0.105339;1.731747;1.830200;0.965186;0.931583;1.982556;0.262664;0.094782;0.246311;1.409322;0.127451;0.127451;0.000000;353.408636;0.641525;-9.700253;-14.577500;20.579954;423.534518;22.751471;3.775157;0.288326;-0.782393;32.927525;0.049020;0.049020;1.505882;31198.252861;1.549891;68.362545;71.150500;69.415191;4818.468756;97.426415;13.572713;-0.105016;0.566289;81.827500;0.078431;0.078431;0.000000;722433.097134;1.221633;0.000000;0.000000;0.330073;0.348083;-0.449123;-0.265938;0.000000;0.306668;-0.060055;0.000000;0.000000;-0.131841;-0.037137;0.213863;0.428520;10.164834;2.512195;12.424483;3.065992;1.320660;0.000000;10.183333;1.005859;1.499343;105.836045;10013.466217
1.000000;1.000000;0.000000;0.000000;1.000000;0.000000;0.000000;0.000000;0.000000;0.000000;0.000000;0.000000;102.000000;-0.000000;-1.268313;-1.228350;0.613627;0.376538;1.408956;0.210943;0.125317;-0.367084;0.879428;0.147059;0.147059;0.000000;183.282521;0.569583;9.878717;9.508600;1.869384;3.494595;10.054036;0.619660;0.425700;-0.561525;2.601425;0.127451;0.127451;0.000000;10132.313359;0.124540;2.299691;2.338850;0.740383;0.548167;2.415936;0.207652;0.106866;0.401100;0.888475;0.088235;0.088235;0.000000;567.392585;0.304547;-3.662939;-4.332550;15.037601;226.129430;15.477292;2.998856;0.172943;-0.572825;21.679950;0.088235;0.088235;1.505882;12901.747754;1.590522;26.754600;34.409500;50.442520;2544.447835;57.098655;9.179881;-0.283283;0.057470;58.228425;0.068627;0.068627;0.000000;202809.865937;1.984828;0.000000;0.000000;0.175306;0.569796;0.049443;-0.252134;0.000000;-0.436898;-0.195859;0.000000;0.000000;-0.192034;-0.074524;0.340851;0.461165;10.037423;3.318934;12.152405;3.542238;0.367222;0.000000;9.929945;1.005859;2.336493;104.068793;3505.639732
1.000000;1.000000;0.000000;0.000000;1.000000;0.000000;0.000000;0.000000;0.000000;0.000000;0.000000;0.000000;102.000000;-0.000000;-0.973055;-1.005550;0.580425;0.336893;1.133018;0.152717;0.162423;-0.623084;0.734622;0.147059;0.147059;0.000000;113.760743;0.696271;9.645959;9.194700;1.947509;3.792790;9.840595;0.522373;0.824230;0.056881;2.886625;0.107843;0.107843;0.000000;9683.975784;0.132347;1.983281;1.934200;0.604843;0.365835;2.073460;0.153239;0.629521;-0.062452;0.743625;0.117647;0.117647;0.000000;419.864801;0.278312;-4.874855;-4.525400;11.177669;124.940294;12.194446;2.142271;-0.206885;-0.021899;10.912550;0.117647;0.117647;0.501961;8796.016763;1.497687;39.634589;37.016000;55.314800;3059.727053;68.048716;6.450061;0.369019;-1.015951;69.910450;0.068627;0.068627;0.000000;316294.926438;1.460891;0.000000;0.000000;-0.098283;0.425450;-0.042791;-0.589806;0.000000;-0.538465;-0.229471;0.000000;0.000000;-0.184775;0.375617;0.258736;0.446258;9.768087;3.705512;11.633108;3.833946;0.336626;0.000000;10.014474;1.005859;2.111460;99.121040;4783.631457
1.000000;1.000000;0.000000;0.000000;1.000000;0.000000;0.000000;0.000000;0.000000;0.000000;0.000000;0.000000;102.000000;-0.000000;-0.785427;-0.783665;0.750155;0.562732;1.086107;0.189662;0.301758;0.123323;1.042075;0.078431;0.078431;0.000000;91.626394;1.160217;9.230437;8.857350;1.675831;2.808411;9.381332;0.456013;1.397461;2.452929;1.693775;0.088235;0.088235;0.000000;8833.728285;0.116693;1.665867;1.546350;0.548116;0.300431;1.753723;0.148890;0.724628;0.976063;0.730425;0.058824;0.058824;0.000000;298.383651;0.302679;-4.473879;-6.319400;16.314759;266.171347;16.917061;2.879413;0.896900;0.460472;19.740325;0.088235;0.088235;1.003922;15617.721600;1.843273;70.480429;72.911500;59.512939;3541.789857;92.245763;9.875428;-0.279788;-0.960403;88.902750;0.058824;0.058824;0.000000;687319.903470;1.036729;0.000000;0.000000;-0.252574;0.579551;-0.053059;-0.236861;0.000000;-0.457618;-0.165342;0.000000;0.000000;-0.156533;0.308000;0.482715;0.443290;9.347314;2.816729;11.129349;2.880684;0.523837;0.000000;9.454969;1.005859;1.736398;90.189011;8798.543272
1.000000;1.000000;0.000000;0.000000;1.000000;0.000000;0.000000;0.000000;0.000000;0.000000;0.000000;0.000000;102.000000;-0.000000;-1.104738;-1.165400;0.810074;0.656220;1.369915;0.261050;0.741124;0.473706;1.184555;0.127451;0.127451;0.000000;157.953486;0.974249;9.538230;9.045250;2.329760;5.427781;9.818636;0.659164;0.806318;-0.132880;3.066325;0.078431;0.078431;0.000000;9556.556641;0.180743;1.888476;1.709350;0.850281;0.722977;2.071067;0.240872;0.722287;-0.120551;1.363025;0.098039;0.098039;0.000000;400.640039;0.455445;-1.769582;-5.267600;17.206617;296.067667;17.297372;4.063445;0.841484;-0.194839;22.435100;0.078431;0.078431;1.003922;15418.866424;1.756288;40.959511;32.967000;57.413936;3296.360022;70.526885;11.458026;0.546388;-0.345378;77.385325;0.068627;0.068627;0.000000;339248.960183;1.555466;0.000000;0.000000;-0.113791;0.636873;-0.400492;0.100149;0.000000;-0.393841;0.024189;0.000000;0.000000;-0.392886;0.294031;0.216455;0.166000;9.693867;5.311234;11.747636;5.491263;0.652975;0.000000;9.706679;1.005859;1.941701;99.282287;5277.529968
1.000000;1.000000;0.000000;0.000000;1.000000;0.000000;0.000000;0.000000;0.000000;0.000000;0.000000;0.000000;102.000000;-0.000000;-1.123893;-1.175200;0.779971;0.608354;1.368024;0.298152;0.730980;0.569475;0.818353;0.166667;0.166667;0.000000;159.913948;0.962879;10.013824;8.429750;3.175811;10.085775;10.505353;0.899846;0.742924;-0.800201;5.273525;0.058824;0.058824;0.000000;10742.606860;0.277619;2.237909;2.105400;1.027907;1.056593;2.462687;0.340009;0.540630;-0.118865;1.598050;0.107843;0.107843;0.000000;564.735978;0.495691;-3.932164;-4.144950;14.388344;207.024450;14.915977;4.404140;0.778784;0.549300;18.746950;0.078431;0.078431;1.003922;12135.363305;2.304961;12.077215;10.106650;38.497174;1482.032437;40.347138;11.839081;0.404036;-0.291751;54.696500;0.156863;0.156863;1.003922;90461.298547;2.108365;0.000000;0.000000;0.137181;0.618829;-0.476587;-0.213389;0.000000;-0.460035;-0.086683;0.000000;0.000000;-0.047492;0.138535;0.072728;0.093514;10.170153;9.801920;12.235784;10.197922;0.602089;0.000000;10.091376;1.005859;2.303777;113.233925;1856.442750
1.000000;1.000000;0.000000;0.000000;1.000000;0.000000;0.000000;0.000000;0.000000;0.000000;0.000000;0.000000;102.000000;-0.000000;-0.930331;-1.086100;0.750578;0.563367;1.195359;0.267976;0.702462;0.373445;0.831782;0.137255;0.137255;0.000000;117.022069;1.150944;9.706299;8.781500;2.731843;7.462966;10.083412;0.811775;1.460910;1.109340;1.818900;0.078431;0.078431;0.000000;9990.259914;0.254605;2.199422;2.198300;1.179861;1.392072;2.495902;0.320321;0.195241;-0.556147;1.701350;0.107843;0.107843;0.000000;564.416269;0.614546;-7.271641;-2.652100;18.461459;340.825454;19.841931;3.845333;-0.361222;-0.355393;22.026375;0.049020;0.049020;0.501961;22777.954771;1.907883;65.471148;89.517000;52.972287;2806.063199;84.217186;10.076188;-0.624845;-0.922795;83.692500;0.029412;0.029412;0.000000;580345.535459;0.943012;0.000000;0.000000;0.158787;0.676931;-0.375584;-0.368626;0.000000;0.011573;-0.358365;0.000000;0.000000;0.332710;0.024350;-0.010076;0.063730;9.838414;7.309692;11.768614;7.552339;0.553463;0.000000;9.985090;1.005859;2.236482;104.104089;7492.466167
1.000000;1.000000;0.000000;0.000000;1.000000;0.000000;0.000000;0.000000;0.000000;0.000000;0.000000;0.000000;102.000000;-0.000000;-1.008280;-1.068300;0.514776;0.264994;1.132088;0.186132;0.773194;0.978042;0.610620;0.117647;0.117647;0.000000;117.215350;0.645270;9.893756;9.352950;1.733895;3.006393;10.044541;0.551273;1.449431;2.384831;1.972050;0.127451;0.127451;0.000000;10137.751914;0.115160;2.264428;2.300550;1.112711;1.238126;2.523046;0.239341;0.026811;-0.585257;1.627275;0.078431;0.078431;0.000000;586.163480;0.515945;-3.069666;-1.624200;23.592827;556.621472;23.791686;3.216669;0.324717;-0.046900;27.136050;0.039216;0.039216;0.501961;29348.839960;1.376177;72.152942;83.548000;42.058196;1768.891871;83.516100;5.894362;-0.363944;-1.160190;71.072250;0.019608;0.019608;0.000000;621230.349975;0.570356;0.000000;0.000000;0.103494;0.698398;-0.063068;-0.203141;0.000000;-0.012655;-0.357894;0.000000;0.000000;0.302792;0.006447;0.000937;0.187455;10.011513;2.944031;11.940216;3.039300;0.264478;0.000000;9.725426;1.005859;2.129430;103.174422;7547.348973
1.000000;1.000000;0.000000;0.000000;1.000000;0.000000;0.000000;0.000000;0.000000;0.000000;0.000000;0.000000;102.000000;-0.000000;-1.120571;-1.190550;0.436105;0.190188;1.202442;0.144584;0.319398;-0.403123;0.633197;0.088235;0.088235;0.000000;137.779083;0.425870;9.914636;9.695050;1.755419;3.081496;10.068838;0.475632;0.208674;-0.357115;2.238200;0.107843;0.107843;0.000000;10183.763740;0.107949;2.316473;2.311850;0.827530;0.684806;2.459848;0.205214;0.709672;0.445851;1.089075;0.107843;0.107843;0.000000;582.267080;0.316647;0.082146;-4.290400;23.030569;530.407104;23.030715;3.173238;0.589180;-0.448184;31.319500;0.049020;0.049020;1.505882;27054.053232;1.288814;24.797508;20.259000;41.715071;1740.147184;48.528997;5.771810;0.242054;-0.761874;59.294400;0.029412;0.029412;0.000000;151488.808877;1.507380;0.000000;0.000000;0.071532;0.645056;0.274352;-0.090297;0.000000;-0.512215;-0.191696;0.000000;0.000000;-0.283272;0.192724;0.332970;0.563686;10.041316;2.999355;12.035208;3.113053;0.191024;0.000000;10.219919;1.005859;2.502991;103.827376;2891.528295
1.000000;1.000000;0.000000;0.000000;1.000000;0.000000;0.000000;0.000000;0.000000;0.000000;0.000000;0.000000;102.000000;-0.000000;-0.797771;-1.018250;0.893198;0.797804;1.197598;0.137998;2.042090;4.117313;0.774418;0.078431;0.078431;0.000000;105.607617;1.386832;9.510609;9.283700;1.870763;3.499756;9.692855;0.476281;0.194870;-0.885737;3.026100;0.088235;0.088235;0.000000;9404.559412;0.120712;2.320724;2.361350;0.684962;0.469173;2.419697;0.186406;0.036994;-0.457875;1.038750;0.137255;0.137255;0.000000;573.275461;0.261095;-1.882671;-7.920900;21.176941;448.462848;21.260463;3.009208;0.489180;-0.742119;30.675000;0.029412;0.029412;1.505882;23234.008250;1.491708;25.656740;21.012000;42.228000;1783.204022;49.411257;6.116125;0.314616;-0.575601;54.456978;0.049020;0.049020;0.000000;158094.346622;1.419962;0.000000;0.000000;0.113089;0.515905;0.120186;-0.094706;0.000000;0.310259;-0.304768;0.000000;0.000000;-0.041761;0.460994;0.058304;0.539450;9.643585;3.386940;11.605615;3.547689;0.792421;0.000000;9.418419;1.005859;2.234818;96.385678;2899.334555
1.000000;1.000000;0.000000;0.000000;1.000000;0.000000;0.000000;0.000000;0.000000;0.000000;0.000000;0.000000;102.000000;-0.000000;-0.295203;-0.767380;1.771009;3.136474;1.795444;0.330482;1.708876;2.963710;1.287780;0.039216;0.039216;1.003922;168.851076;1.909375;9.511031;9.413050;1.544303;2.384872;9.635590;0.418723;0.211373;-0.643486;2.025300;0.098039;0.098039;0.000000;9348.525768;0.091559;2.081344;2.134500;0.913907;0.835225;2.273152;0.238281;-0.611535;-0.041275;1.438350;0.078431;0.078431;0.000000;484.459903;0.477449;-1.349832;-5.916400;15.533372;241.285641;15.591911;2.944720;1.172281;0.565647;19.406175;0.049020;0.049020;0.501961;12491.894888;1.702011;62.571065;56.126000;49.456246;2445.920220;79.756243;10.926268;0.088160;-0.575263;73.115500;0.049020;0.049020;0.000000;524093.902547;1.080100;0.000000;0.000000;-0.221608;0.116119;-0.327930;0.111499;0.000000;0.473167;-0.095342;0.000000;0.000000;-0.197836;-0.244555;-0.047280;0.229271;9.736903;2.260926;11.932331;3.508212;2.067801;0.000000;9.601327;1.005859;2.192658;97.068208;6609.333276
1.000000;1.000000;0.000000;0.000000;1.000000;0.000000;0.000000;0.000000;0.000000;0.000000;0.000000;0.000000;102.000000;-0.000000;-0.384797;-0.823365;1.684877;2.838811;1.728259;0.369777;1.969704;4.455706;1.167836;0.088235;0.088235;1.003922;159.883195;2.327272;9.501403;9.355700;1.760097;3.097942;9.663053;0.444145;0.966871;0.926356;1.837350;0.088235;0.088235;0.000000;9366.217807;0.121225;2.159482;2.205000;0.944439;0.891965;2.356975;0.254579;-0.425316;0.497010;1.096825;0.088235;0.088235;0.000000;521.156934;0.472467;-0.800812;-0.889195;11.198225;125.400240;11.226822;2.602321;0.061516;-1.288289;21.050500;0.068627;0.068627;1.003922;6461.464605;1.933527;66.711593;75.468500;55.012020;3026.322341;86.468254;11.553554;-0.181476;-0.804925;86.573750;0.058824;0.058824;0.000000;608293.616731;1.059112;0.000000;0.000000;-0.154367;0.133195;-0.278497;0.032732;0.000000;0.190062;0.048857;0.000000;0.000000;-0.166154;-0.294849;-0.128102;-0.511453;9.717617;2.929399;11.808334;3.478243;2.517290;0.000000;9.249091;1.005859;1.894661;97.361480;7608.355869
1.000000;1.000000;0.000000;0.000000;1.000000;0.000000;0.000000;0.000000;0.000000;0.000000;0.000000;0.000000;102.000000;-0.000000;-0.902271;-0.917870;0.748167;0.559754;1.172112;0.270234;0.080292;0.191409;0.854778;0.196078;0.196078;0.000000;111.585270;1.168314;9.432631;8.662250;2.928965;8.578834;9.876911;0.770556;0.949649;0.497423;3.626750;0.078431;0.078431;0.000000;9512.927838;0.286911;2.353780;2.496850;0.855605;0.732060;2.504464;0.272880;0.395900;0.257288;1.047925;0.058824;0.058824;0.000000;602.449073;0.374393;-2.106744;-1.185600;15.455763;238.880605;15.598685;3.676003;-0.331699;-0.007285;22.463450;0.049020;0.049020;1.003922;12637.227238;2.253429;16.184492;18.336500;59.473851;3537.139012;61.636651;10.220490;0.104055;-0.368825;81.486250;0.049020;0.049020;1.003922;207129.393726;2.066828;0.000000;0.000000;0.432763;0.575852;-0.047435;0.220757;0.000000;-0.152603;-0.143734;0.000000;0.000000;0.203672;0.184300;0.028595;-0.037839;9.580564;8.140007;11.433590;8.775493;0.453576;0.000000;9.354455;1.005859;2.517215;99.927216;4048.668126
1.000000;1.000000;0.000000;0.000000;1.000000;0.000000;0.000000;0.000000;0.000000;0.000000;0.000000;0.000000;102.000000;-0.000000;-1.149509;-1.146600;0.596195;0.355449;1.294920;0.264191;-0.187438;-0.206052;0.794275;0.137255;0.137255;0.000000;152.914421;0.674254;9.525641;8.626450;3.640867;13.255914;10.197733;1.084459;0.643754;-0.525347;5.079725;0.098039;0.098039;0.000000;9931.315129;0.374572;1.972483;1.840850;1.097810;1.205187;2.257405;0.322824;0.493144;-0.355240;1.526950;0.088235;0.088235;0.000000;458.314877;0.622754;-3.579119;-3.095950;16.422281;269.691310;16.807778;4.832620;-0.039887;0.030588;18.419025;0.107843;0.107843;1.003922;15061.454476;2.146061;-38.751171;-51.058500;51.496537;2651.893369;64.448015;10.117634;0.601680;-0.278205;73.169600;0.068627;0.068627;0.000000;288437.746227;1.630950;0.000000;0.000000;0.487834;0.593919;-0.305527;-0.220609;0.000000;-0.179459;-0.204843;0.000000;0.000000;0.033273;-0.057694;0.155121;0.142422;9.698978;12.600398;11.680565;13.474358;0.271770;0.000000;9.346635;1.005859;1.945782;106.670572;4441.143923
1.000000;1.000000;0.000000;0.000000;1.000000;0.000000;0.000000;0.000000;0.000000;0.000000;0.000000;0.000000;102.000000;-0.000000;-1.170225;-1.189450;0.443526;0.196716;1.251456;0.206456;0.208544;-0.441500;0.575393;0.166667;0.166667;0.000000;149.718660;0.407062;9.825202;8.906800;3.367055;11.337059;10.386128;1.083059;0.478705;-0.603304;4.449775;0.107843;0.107843;0.000000;10424.804936;0.352202;1.683548;1.423100;1.269201;1.610872;2.108366;0.336328;0.392843;-0.887198;2.092948;0.088235;0.088235;0.000000;371.256946;0.903776;5.970258;4.800350;15.373979;236.359241;16.492520;4.386800;0.147202;0.623270;15.611625;0.127451;0.127451;0.000000;15693.773111;2.341353;-60.832252;-62.389000;35.862703;1286.133431;70.616544;8.819275;0.203829;-0.634075;48.518250;0.098039;0.098039;0.000000;443050.307495;0.730927;0.000000;0.000000;0.320707;0.580247;-0.042646;-0.116377;0.000000;-0.138905;-0.127399;0.000000;0.000000;0.046205;-0.045954;0.232985;0.201283;9.976909;10.899078;11.995427;11.470063;0.177908;0.000000;9.987550;1.005859;1.612593;110.437794;5263.144731
1.000000;1.000000;0.000000;0.000000;1.000000;0.000000;0.000000;0.000000;0.000000;0.000000;0.000000;0.000000;102.000000;-0.000000;-1.175847;-1.148400;0.585693;0.343036;1.313641;0.242989;0.095454;0.592534;0.626010;0.166667;0.166667;0.000000;158.523566;0.665109;9.916091;8.592800;3.318156;11.010158;10.456530;1.005051;0.729639;-0.479737;4.863250;0.078431;0.078431;0.000000;10591.062491;0.306706;1.816826;2.024450;1.052471;1.107694;2.099655;0.327057;-0.154019;-0.546355;1.373525;0.147059;0.147059;0.000000;393.180911;0.698072;1.306621;3.552150;18.915057;357.779364;18.960132;4.393319;0.151221;-0.700615;29.469750;0.078431;0.078431;0.501961;18421.553351;1.815903;-23.348428;-29.536000;50.689552;2569.430675;55.808420;9.609568;-0.068945;-0.942502;81.077500;0.049020;0.049020;0.000000;186659.864766;1.808062;0.000000;0.000000;-0.174342;0.238162;0.255876;-0.447057;0.000000;-0.287055;-0.226205;0.000000;0.000000;0.001893;-0.056126;0.189083;0.413053;10.060707;10.846846;12.112618;11.130028;0.335575;0.000000;9.852751;1.005859;1.508344;112.064675;3478.474928
