-4.542621;-3.411470;0.669093;0.643569;-1.749373;-0.245433;-1.145578
-4.926662;-4.266605;0.415134;0.926727;-1.293814;-0.250508;-0.960055
-4.104482;-5.355164;1.148116;0.409222;-1.338529;0.702156;-0.130469
-3.841785;-3.722025;1.400916;-0.080910;-0.652941;1.524633;0.550084
-3.306947;-3.338724;1.418002;0.066535;-1.803477;0.506908;-0.385547
-3.873923;-2.768245;0.906302;0.654034;-2.490973;-0.523416;-1.395142
-4.531402;-2.922633;0.929127;0.266520;-1.545613;0.301930;0.237026
-4.254358;-2.741238;1.001316;-0.400342;-0.519515;0.658998;0.565278
-4.366698;-2.469160;0.877347;-0.230094;-0.536322;0.653751;0.687784
-4.179532;-2.509216;1.154336;-0.325886;-0.329544;0.663170;0.679298
-3.485997;-1.593365;0.995882;-0.173289;-1.382056;0.156712;-0.374124
-1.540702;-2.359630;2.176123;-1.571076;-0.253352;2.616860;1.646868
-0.982398;-1.434898;1.813501;-1.322229;-0.887073;1.660596;0.197141
-0.409633;-2.838432;2.241622;0.197690;-3.406433;-0.033789;0.567903
0.565088;-4.519159;4.538356;1.704760;-4.738268;0.805797;1.888013
0.129266;-4.305168;4.511078;0.697957;-4.456263;1.515679;1.981663
-1.528500;-1.468203;2.470724;-0.048817;-3.002798;0.554749;0.011695
-1.482726;-1.482019;2.651942;-0.550179;-2.366333;0.949412;0.996221
-1.431038;-1.325448;2.387380;-0.528875;-2.230476;0.826867;1.068634
-1.634687;-1.214741;2.046836;0.110527;-3.131245;0.087768;-0.436246
-2.685934;-1.769713;2.299371;-0.318042;-2.318978;1.047439;0.408291
-2.786723;-1.675066;1.822429;-0.355256;-1.751595;0.647161;0.324482
-3.153423;-2.260212;1.647383;-0.469077;-1.225378;1.475503;1.055720
-3.573841;-1.954802;1.118646;0.218447;-1.697455;0.198418;-0.185764
-3.484760;-1.150835;1.038614;0.144195;-1.724181;-0.397246;-0.689393
-3.400264;-1.098119;1.178038;0.243345;-1.888206;-0.201405;-0.344814
-3.174853;-1.154583;1.009109;0.167137;-1.958675;0.218430;-0.297171
-3.453301;-1.438667;1.251423;-0.021221;-1.557744;0.493068;0.395147
-3.625963;-1.161926;0.994283;0.153519;-1.648700;-0.059648;-0.327948
-3.402108;-0.573303;0.788042;0.095725;-2.126604;-0.555664;-1.488879
-3.530910;-1.333969;1.189658;-0.141611;-1.634868;0.168569;-0.340166
-3.615095;-0.877443;0.945053;0.106182;-1.558373;0.345356;-0.421462
-3.675658;-2.046348;1.573052;-0.343266;-1.021809;0.990035;1.029554
-3.879286;-1.937761;1.426067;-0.173467;-1.091031;1.066796;0.643756
-3.400880;-0.946734;1.174261;-0.044786;-1.620178;0.291738;-0.526057
-3.572615;-1.755653;1.411267;-0.063643;-1.400513;0.559775;-0.112624
-3.180747;-1.865955;1.508129;-0.595279;-0.602830;0.585535;0.883472
-2.976335;-1.257677;0.958485;-0.344971;-1.249254;0.075519;-0.129494
-2.810152;-1.164884;0.858572;-0.420010;-1.430438;-0.058758;-0.749556
-1.575890;-0.939629;2.034454;-1.740136;-0.090753;1.325122;1.310419
-0.733764;0.949548;1.574423;-2.058420;-1.139324;-0.250707;-0.103048
-1.672024;0.851288;1.000765;-1.654502;-0.601308;0.045145;0.405888
-2.230832;0.320618;0.418132;-1.210025;-0.384961;-0.633372;-0.063880
-2.426956;0.327952;0.529668;-1.542050;-0.240682;-0.903021;0.603037
-2.612433;1.131086;-0.143791;-1.250793;-0.256282;-1.615419;-1.470955
-2.865232;-0.317964;-0.175525;-1.134702;0.122939;-1.028918;-0.719439
-2.848798;-0.720269;-0.042525;-0.709093;-0.893368;-1.607113;-0.549582
-2.714058;-0.232143;0.451315;-1.069679;-0.599948;-0.841564;-0.433215
-2.331014;-0.392490;0.415952;-0.978913;-0.868612;0.038884;-1.154452
2.561642;-0.572931;-11.656922;3.763975;-2.762648;3.496458;0.456705
-2.159163;-2.442332;-4.078543;2.767705;-2.998611;1.770760;0.772911
-4.914666;-3.355242;1.673171;0.647859;-1.448258;0.845110;0.586015
-5.167552;-2.863931;0.836908;1.355646;-2.333938;0.403784;-0.939088
-4.641225;-2.030567;0.296798;1.562740;-2.898563;-0.406765;-2.635998
-4.481915;-1.849865;0.555790;1.258690;-2.728455;-0.304964;-1.891435
-4.301997;-1.857360;0.975917;0.988250;-2.398666;0.062539;-1.253248
-3.517339;-2.084615;1.659060;0.248626;-2.014203;0.671502;0.014144
-3.887541;-2.219668;1.691980;0.254450;-1.597908;1.093794;0.997824
-4.462621;-2.599936;1.527243;0.744820;-2.177704;0.986825;0.278667
-4.322191;-2.005373;1.089515;1.052838;-2.667091;0.501215;-1.050037
-4.194264;-2.117679;1.604363;0.968089;-2.665648;0.377035;-0.668561
-4.393431;-2.266424;1.391100;1.268047;-2.685724;0.354182;-0.942547
-4.234381;-2.021712;1.112193;1.006355;-2.378248;0.426099;-0.596280
-4.288389;-1.726459;1.004751;0.850966;-2.242068;0.432540;-0.525720
-4.443243;-1.915203;1.514257;0.347500;-1.744374;0.887844;0.774897
-4.342746;-2.194446;1.782401;0.248139;-1.697860;0.918063;0.590179
-4.451917;-1.926726;1.569886;0.356382;-1.910390;0.768352;0.244316
-4.097340;-1.538621;0.870805;0.605287;-2.741392;0.292182;-0.933080
-3.853945;-1.767898;1.236096;0.368211;-2.248282;0.716621;-0.194899
-3.550646;-1.077234;1.293663;0.351619;-2.159315;0.263780;-0.393756
-3.279393;-1.162156;1.841128;-0.014517;-2.012535;0.988157;0.404398
2.011808;-2.076072;0.505116;-1.973039;-0.288586;1.827724;-6.005780
1.751464;-0.588864;-10.344254;4.182218;-3.347001;4.154067;2.127456
-1.897997;-0.675625;2.146345;-0.859732;-1.418909;1.065235;0.821588
-1.455973;-0.218538;1.812254;-1.000021;-1.712200;0.781991;0.516713
-2.095143;-1.341476;2.146702;-1.043460;-0.956617;1.192905;1.178076
-1.871573;-1.025805;2.133778;-1.079090;-1.002594;1.144732;0.925154
-1.797076;-0.931252;2.132045;-1.138238;-1.012811;1.152313;1.349051
-2.583315;-1.293153;1.871879;-0.626480;-1.229087;0.999297;0.735672
-1.455859;-1.091896;1.987789;-1.464689;-0.659000;1.281927;0.892057
-0.908773;0.078615;1.773589;-1.320329;-1.865844;0.242732;0.184391
-0.617868;-0.452773;2.118401;-1.883145;-0.862141;0.548341;1.415869
-0.870228;0.532646;1.475086;-1.790776;-1.035731;0.275679;0.939737
-0.912482;0.738843;1.449734;-1.825762;-0.967993;0.067492;0.407966
-0.636419;1.331525;1.517607;-1.751459;-1.200653;0.082981;0.019115
-0.744840;1.347722;1.383288;-1.540795;-1.395214;0.051179;-0.586952
-1.165299;0.137567;2.161122;-1.888047;-0.821671;0.898844;1.239725
-1.301745;0.638076;1.675896;-1.708674;-0.541015;0.344807;0.663323
-0.853520;1.704130;1.049378;-1.266990;-1.537814;-0.777882;-0.644095
-0.965073;1.422366;1.093367;-1.428955;-1.534180;-0.832042;-0.219852
-1.013518;1.573127;1.246989;-1.799482;-1.250221;-0.636069;-0.372931
3.556760;-2.812800;1.310515;-0.890345;-3.796813;-2.936920;-3.482399
22.146866;-17.738194;8.246422;-1.356003;-5.600191;-8.829769;0.299220
37.243903;-29.358685;12.703452;-1.161166;-5.785711;-10.449392;2.168765
42.349732;-31.287487;6.988230;0.683940;-4.914990;-4.849611;-0.726443
3.218027;0.299830;-9.974445;2.985617;-2.467690;3.360060;2.933680
-1.278664;0.058477;1.057072;-0.829558;-1.525467;-0.224203;-1.021449
-1.420895;-0.098433;1.054903;-0.809373;-1.314730;0.210235;-0.886366
-1.277764;1.094631;1.019711;-1.085989;-1.367075;-0.650782;-1.261500
-1.281848;-0.220325;1.513869;-1.502558;-0.970226;0.083789;0.098628
-0.601765;-0.658075;1.005774;-2.257790;-0.152737;-1.335553;1.286787
-1.266872;0.357721;0.312392;-2.386894;0.474495;-1.505029;0.506216
-1.942935;0.371733;0.171509;-1.340505;-0.000120;-1.187408;-0.766958
-1.650315;0.478013;0.560555;-1.704456;-0.069445;-0.822572;-0.680412
-1.543126;0.175925;1.188905;-1.956055;-0.115890;-0.615870;0.389446
-2.060614;0.698742;0.663816;-1.162900;-0.791494;-0.411508;-0.423415
-1.402562;1.057229;0.853811;-1.333146;-1.160208;-0.561125;-0.619462
-1.897406;0.390210;1.182949;-1.373340;-0.548967;0.187985;0.164279
-2.104974;0.717348;1.135243;-1.329446;-0.807045;0.139069;-0.407880
-1.578727;1.889784;0.814128;-1.034605;-1.343322;-0.481060;-1.481235
-0.892640;1.187888;1.387957;-0.880580;-1.966867;0.021046;-0.513286
-0.955660;1.635379;1.677426;-0.878700;-2.354878;0.855732;-0.288247
-0.825092;1.392403;1.967882;-0.940888;-2.179367;1.049872;0.187652
-1.045720;2.043844;1.913783;-0.546840;-2.474165;0.548945;-0.713199
-0.464245;2.089518;1.794068;-0.749971;-2.537012;0.456779;-1.250659
-0.722380;1.776612;1.531772;-0.698613;-2.474131;0.495021;-0.903039
-1.012594;2.068611;1.624943;-0.829798;-2.180116;0.475086;-0.567420
-1.359398;0.823810;2.617076;-1.189231;-1.494316;1.542313;1.913912
-1.074435;1.030357;2.746038;-0.783489;-2.771471;2.045777;0.441387
-0.547326;1.990565;2.228078;-0.497852;-3.117175;1.227713;-0.758536
4.305491;1.555107;-9.539785;2.160445;-1.988641;4.175854;3.031461
-0.444951;1.371719;1.825265;-1.770928;-0.604962;1.282622;0.880927
-0.742540;1.135168;1.880675;-1.687789;-0.880697;1.475667;1.047096
-0.652871;0.929583;2.249635;-1.815116;-1.374160;1.202870;1.084191
-0.049519;0.536674;2.785420;-1.204533;-2.550142;1.230344;0.945921
-0.103475;0.568031;2.363526;-1.027723;-2.715760;0.950144;0.836140
-0.896053;1.143659;1.117930;-0.761224;-2.213349;-0.061333;-0.877616
-1.042532;0.464869;1.284842;-0.509750;-1.749137;-0.081778;-0.845798
-0.254821;-0.275979;2.206329;-0.701100;-1.848003;0.578651;-0.269819
-0.828642;0.191693;2.942098;-1.141497;-1.885983;2.214563;1.422786
-1.328728;-0.330506;2.648160;-0.827092;-1.970242;2.218719;1.313948
-0.838777;-0.467144;2.845306;-1.100633;-1.878679;2.587582;1.457248
-0.753188;1.071135;2.547277;-0.815143;-2.381245;1.609300;0.741895
-0.695670;1.334829;2.809079;-0.983301;-1.886047;2.272374;0.759559
-0.491648;1.397243;2.739210;-0.895049;-2.256009;1.846076;0.081983
-0.880663;1.381801;2.498024;-0.811045;-2.466286;1.809665;-0.013504
-0.686450;1.678081;2.635539;-0.720962;-2.614506;1.518032;0.672259
-0.723770;0.486304;3.008846;-0.513739;-2.856997;1.768733;1.198747
-0.675244;0.218585;3.533747;-0.571525;-3.500485;2.499930;1.311523
0.330808;-1.190939;3.914670;-0.124176;-3.785507;2.489534;1.127499
2.145116;-2.553791;-11.354077;3.325723;-1.208933;2.569046;1.055353
-3.102866;-4.728830;0.504156;-0.976015;1.117979;-0.004792;0.449562
-3.566070;-4.577384;0.434014;-0.839582;1.077168;-0.440141;0.859709
-3.576160;-3.444533;0.141843;-0.905796;0.456494;-0.911391;-0.175297
-3.719453;-3.349591;0.119152;-1.083194;0.387006;-1.120853;0.006859
-3.247123;-2.430358;-0.319604;-0.833777;-0.243475;-1.702985;-1.311365
-3.484874;-2.257573;-0.074707;-0.957693;-0.041536;-1.144910;-0.477102
-3.238072;-1.470440;0.018846;-0.782909;-0.072374;-1.129102;-0.390554
-1.938924;-2.694215;0.254411;-1.347640;0.632001;-0.784500;-0.031208
-1.472565;-2.076025;0.198981;-1.544670;0.241332;-0.910833;-0.338675
-0.999585;-0.123092;0.485047;-1.234357;-1.338464;-1.360093;-0.689060
2.616509;-1.601397;1.979105;-4.007248;1.978267;2.710344;1.234878
3.481417;0.669623;2.795804;-4.225546;1.227857;2.821889;3.118340
1.527701;-0.097569;2.441815;-2.985437;0.061669;2.153864;0.732393
-1.192060;0.135205;1.357160;-1.440646;-1.383966;0.178706;-0.146015
-1.792611;-0.031469;0.423666;-1.120503;-1.045287;-0.970477;-1.525624
-1.291184;0.081214;0.737243;-1.253383;-1.040784;-0.565001;-1.689119
-1.466838;-1.742476;1.363329;-1.557052;-0.153304;0.634250;-0.223847
-2.404759;-2.481088;1.126849;-0.685189;-0.864732;0.314471;-0.690682
-2.706084;-1.818136;1.436724;-0.601366;-1.362601;0.179142;0.059684
-2.161034;-1.651303;1.440522;-0.452334;-1.865107;0.430658;-0.085843
-1.262105;-1.237559;1.701780;-0.557188;-1.573310;1.063793;-0.357035
-1.368447;-1.504327;2.300571;-0.738589;-1.490988;1.417705;0.683636
-2.172640;-1.320262;2.251029;-0.305728;-2.305754;1.272268;0.430242
-1.770036;-2.199197;2.537961;-0.155281;-2.134211;1.303316;0.715240
-0.046480;-2.156482;-4.673009;1.025894;-0.685747;1.318212;0.655601
-1.104269;-1.774687;1.195762;-1.548383;-0.078478;0.280626;-0.318199
-1.045405;-1.646826;1.342449;-1.849229;0.067909;1.005088;0.763299
-1.044786;-1.828233;1.607027;-1.827634;0.051009;1.004950;1.284960
-0.808702;-2.040952;1.513434;-1.633115;-0.143060;0.718581;0.648841
-0.926055;-1.621104;1.833359;-1.875119;0.063928;0.945291;0.814298
-0.853053;-2.345460;2.063524;-1.805126;0.304160;0.857345;0.710468
-0.582297;-2.012753;1.387999;-1.401275;-0.483774;0.146849;-0.628376
-0.711406;-1.381809;1.411443;-1.494826;-0.993582;-0.051864;-0.205288
-1.034187;-1.667101;1.687514;-1.451875;-1.199415;0.343621;0.455655
-0.462426;-4.602553;1.439065;-1.664481;0.018162;1.816944;1.485435
-2.248241;-3.577380;0.409247;-0.914042;0.298270;0.594604;0.722991
-2.814096;-3.352359;1.478231;-1.425192;0.385466;0.548082;1.513337
-2.712006;-3.480913;1.498197;-0.858016;-0.483683;0.829370;0.746165
-1.617117;-1.348842;0.717816;-0.507803;-1.517099;-0.345819;-1.849439
-1.439747;-1.560397;1.583180;-0.612433;-1.935850;-0.123348;-0.614914
-1.396938;-1.282339;1.399156;-0.352271;-2.097368;-0.399583;-1.201029
-1.942098;-1.106054;1.595826;-0.858866;-1.277244;0.314274;0.069311
-2.368158;-1.712662;1.668615;-0.941131;-0.756363;0.700038;0.676266
-2.514602;-1.489935;1.154674;-0.759042;-1.215371;0.494644;0.250859
-2.718179;-2.219196;1.611718;-0.909760;-0.869383;1.257851;1.296547
-2.490523;-2.178727;1.590707;-0.856607;-0.938736;1.453280;1.162186
-2.353512;-2.327440;2.046247;-0.903117;-0.693455;1.261507;0.649883
-2.058444;-2.325620;2.193628;-0.770468;-1.190242;1.161213;0.538843
-2.141134;-2.732979;2.318896;-0.944316;-0.928002;1.818837;1.641988
-2.776763;-2.324936;1.847839;-0.165867;-1.930836;1.049832;0.798539
-2.841254;-2.774092;2.124341;-0.331543;-1.609513;1.676210;1.284369
-2.538170;-2.963222;2.022768;-0.376101;-0.914509;1.006887;0.961038
-2.481681;-5.092405;1.728759;-0.748902;-0.393044;1.395267;0.767647
-3.164095;-4.498326;0.707804;-0.453682;-0.400348;-0.149871;-0.160238
-3.073254;-2.859178;0.492744;-0.831672;-0.570538;-0.296416;-0.024177
-2.836707;-2.353319;0.389327;-1.093685;0.090466;-0.396872;0.168229
-2.351165;-2.578151;1.074023;-1.290176;-0.388679;-0.059911;0.842204
-1.426652;-2.999283;1.932055;-1.558101;-0.437103;0.811735;1.539446
-1.552314;-2.433141;1.777044;-0.919307;-0.608997;0.733060;0.617098
-1.982207;-2.188815;1.553762;-0.846820;-1.437704;1.191085;-0.002488
-2.206957;-2.885543;1.673154;-0.776167;-1.019870;1.342661;0.732940
-2.838286;-2.335441;1.424165;-0.484617;-0.639487;0.767009;0.450792
-2.406472;-2.771067;2.239317;-0.534907;-1.318450;0.748736;0.993264
-2.591984;-2.477963;1.421640;0.580179;-2.744331;0.644792;-1.173152
-2.454424;-1.788081;1.817811;0.385193;-2.889237;0.539049;-0.458781
-2.674297;-3.687493;1.989141;0.187079;-2.013045;1.388126;0.545150
-2.809773;-3.563650;2.196779;-0.191891;-1.452871;2.008160;0.725902
-2.963828;-2.135007;1.934827;0.036687;-1.805882;1.474259;0.321468
-2.879881;-2.186558;1.544570;0.275588;-1.970769;1.027525;-0.355388
-2.680207;-1.550964;1.742854;0.041724;-2.418013;0.819589;-0.432561
-3.096666;-2.007534;1.576814;0.518121;-2.320366;1.094477;-0.500251
-3.319644;-1.968023;1.739123;0.643971;-2.346986;0.669934;-0.109482
-3.408251;-2.948865;2.041245;0.125430;-2.105180;1.220519;0.709468
-1.657549;-2.572298;-4.291592;2.320523;-2.219620;2.480417;1.041974
-1.192659;1.276440;1.988266;-1.984787;-0.983596;1.331869;1.300726
-1.630480;1.415607;1.631163;-1.441689;-1.647607;1.496408;1.039004
-1.832280;1.775983;1.307884;-0.997023;-1.770217;1.106847;0.367013
-1.779671;1.718020;1.563136;-1.148063;-1.949426;1.123315;0.750091
-1.544826;2.208219;1.241562;-0.967075;-2.237942;0.259122;-0.477490
-1.793451;1.927704;1.312173;-1.143158;-1.608113;0.598722;0.011357
-2.119679;1.055091;1.603262;-1.247909;-1.347109;1.598339;1.272252
-2.382986;1.357780;1.420589;-1.045959;-1.415197;1.378098;0.928621
-2.490534;1.675417;1.380214;-0.938852;-1.528140;0.874826;0.321025
-1.643222;1.344873;1.668832;-1.340999;-1.696081;0.915272;0.056584
-1.772598;0.861458;1.658105;-1.390815;-1.170461;1.697462;0.762466
-2.484438;1.128717;1.198564;-0.817609;-1.278607;0.989504;0.378677
-2.328955;1.086387;1.305472;-0.995700;-1.496409;1.134995;0.424335
-2.404793;0.551330;1.723790;-1.100094;-1.468397;1.189757;0.911543
-2.466715;0.882775;1.605154;-0.947516;-1.725814;1.240814;0.574388
-2.480028;0.454175;1.548450;-0.932474;-1.729903;1.580143;0.968715
-2.859124;0.861451;0.961333;-0.508859;-1.769698;0.644093;-0.132498
-2.208988;0.960088;1.696764;-1.052150;-1.627285;1.484642;1.294559
-1.801677;1.215661;1.309387;-0.869463;-2.330896;0.502039;-0.360726
-1.783209;1.632845;0.752223;-0.892239;-1.646820;0.201653;-1.300176
-1.708273;1.522843;1.272808;-1.211942;-1.590792;0.543102;0.083847
-1.604526;0.937828;1.582513;-1.463975;-1.360501;0.233275;0.992335
-0.690158;1.148460;1.824743;-2.112202;-0.494436;1.512046;1.394609
-1.153640;1.455272;2.124479;-2.271694;-0.350837;1.670551;1.850341
-1.897733;1.851789;0.983614;-1.050176;-1.545846;0.162285;-0.467921
-1.994393;1.625299;1.506046;-1.499366;-1.066307;1.004102;1.296524
-2.127209;1.458476;1.267651;-1.458113;-0.857004;1.141645;0.818541
-2.190138;2.085953;0.244999;-0.606714;-1.636234;-0.266512;-1.772592
-2.114847;2.520446;0.306928;-0.772898;-1.396273;-0.311708;-1.846586
-2.184090;2.313870;0.696317;-1.067195;-1.575292;-0.125643;-1.004998
-1.897315;2.349663;0.517584;-1.012557;-1.910277;-0.337013;-1.442063
-2.005678;1.659177;0.943693;-1.262211;-1.534922;0.538486;0.190446
-2.316804;1.291047;1.266513;-1.535315;-1.150374;1.164705;1.186209
-1.910288;1.073668;1.640068;-1.660353;-1.118464;1.329402;1.270986
-2.030780;0.956973;1.527481;-1.456878;-1.413958;0.908330;0.941740
-2.049406;1.277432;1.400091;-1.339955;-1.450043;1.189701;0.980680
-2.186461;0.778222;1.494697;-1.480394;-0.790827;1.580950;1.437598
-2.548987;0.837984;1.196146;-1.136463;-1.252493;0.651138;0.905484
-2.376077;1.180521;1.273005;-1.324241;-1.140750;0.683001;1.272570
2.319703;0.514500;-10.520093;2.677143;-1.978739;4.812948;4.426438
-0.413582;0.906948;-5.060829;0.521906;-0.862533;2.040572;2.081655
-2.508121;1.672341;0.167146;-1.277578;-0.701688;-0.572202;-0.601906
-2.099407;1.550219;0.099431;-0.979839;-1.639096;-1.364883;-1.510539
-2.487861;0.850325;0.716199;-1.435274;-0.977992;-0.578242;-0.087610
-2.600123;0.913159;0.151677;-0.796225;-1.524034;-1.276879;-0.845071
-2.566226;1.044885;0.117850;-0.521546;-1.693089;-1.236756;-0.958504
-2.810687;0.589687;0.686142;-0.962154;-1.455479;0.005790;0.482163
-2.734402;-0.819564;1.507617;-1.451768;-0.740508;0.980000;1.640063
-2.360800;-0.636792;1.623305;-1.410960;-0.704288;0.829565;1.464673
-2.205254;0.040775;1.286939;-1.389786;-1.084462;0.415215;1.070079
-2.848886;0.557985;0.896348;-0.973959;-1.272010;0.224318;0.530344
-2.491627;0.946868;1.366388;-1.150205;-1.567595;1.048049;1.051417
-2.646044;0.701814;1.481289;-1.181612;-1.221502;0.890756;0.773861
-2.827597;0.936452;1.169546;-0.729354;-1.751750;0.475524;-0.107646
-2.609329;0.970578;0.874519;-0.639903;-1.984930;0.279922;-0.219093
-2.497346;0.849275;1.178228;-0.997227;-1.558522;0.975760;0.649797
-2.580274;1.077914;0.954400;-0.787906;-1.539578;0.801074;0.389399
-2.529300;0.842369;1.397642;-1.065319;-1.421087;1.235467;0.654899
-2.452856;0.774906;1.532890;-1.136829;-1.088656;1.513389;0.910577
-2.623564;0.575792;1.278787;-0.987313;-1.133515;1.004185;0.935359
-2.238521;0.470401;1.351924;-1.191792;-1.150284;0.595871;0.773429
-2.335933;0.398592;1.112985;-1.024149;-1.183105;0.423178;0.296886
-2.627635;0.701899;1.220830;-0.863195;-1.591997;0.537514;0.273235
6.931426;-3.510241;0.510383;-4.578270;3.477724;7.190980;-8.548801
17.102220;-12.370470;-1.226764;-7.972186;14.134012;24.878155;-10.055398
2.007196;-0.560636;-11.005440;3.824465;-2.661316;3.551290;2.445388
-2.778491;-1.663702;0.963751;-0.887464;-1.015000;-0.073565;0.285055
-2.130223;-1.863448;1.290384;-0.985974;-1.155021;0.388529;0.804869
-2.120398;-1.843390;1.323301;-1.136824;-1.157298;0.770635;1.019139
-0.653649;-2.666888;2.047925;-1.315972;-0.895247;1.562775;1.480705
1.553738;-0.333426;3.051821;-1.946845;-1.381767;1.908462;1.195245
0.817196;1.025442;2.655572;-1.961139;-1.773596;1.666631;1.183661
-0.561774;1.200565;1.787348;-1.263882;-1.710797;0.601008;0.658700
-0.801398;1.863143;1.447248;-1.089549;-1.880667;0.718771;-0.231434
-1.285093;0.169782;2.176904;-1.695170;-1.018313;2.234769;1.587333
-1.958520;0.843086;1.472042;-0.522656;-2.662653;0.388329;-0.487102
-1.923003;0.129403;1.698881;-0.814342;-2.283747;0.872327;-0.054284
-2.381421;-0.202862;1.368442;-0.641658;-2.021291;0.774758;-0.057724
-2.400189;0.189798;1.492373;-0.844622;-1.494290;0.347079;0.871051
-2.376324;0.700778;1.134996;-0.724476;-1.726398;0.295805;0.223419
-1.872985;0.348187;1.831149;-1.130472;-1.754584;1.079706;0.858976
-1.995428;-0.383860;2.025046;-1.432350;-1.482886;1.635870;1.437661
-2.760181;-0.077679;1.297445;-0.830087;-1.433319;1.079406;0.928406
-2.523465;0.100564;1.391952;-0.777621;-1.369371;1.172980;0.613999
-2.625250;-0.336008;1.264267;-0.559536;-1.743850;0.806441;0.192224
-3.208183;-0.052698;1.321006;-0.560425;-1.625497;0.804483;0.594349
-2.990366;-0.095722;1.088683;-0.718832;-1.606578;0.363209;-0.315639
-3.123038;0.184751;0.506682;-0.332915;-1.765827;-0.084395;-1.011099
1.943256;-0.990464;0.819274;-0.947678;-3.221173;-4.046263;-3.075917
13.199065;-10.845161;5.429692;-0.311212;-7.148142;-6.328872;1.259533
22.831776;-17.341556;-3.335055;4.347540;-10.042256;-3.044735;6.993833
1.468188;1.845698;-2.967441;1.088429;-3.441473;4.042986;1.938963
-0.521303;0.968180;2.886240;-1.120821;-2.810872;2.846384;1.266844
-0.969228;1.504342;2.287306;-0.770230;-2.756936;2.019525;-0.086725
-0.840840;0.964949;2.676258;-1.031704;-2.199383;2.877912;1.010522
-1.440704;0.963478;2.249323;-0.868819;-2.151118;2.418106;1.071361
-1.537828;1.235147;2.210063;-0.962874;-1.985627;2.196737;0.835096
-1.759237;0.037466;2.308957;-0.781869;-1.929701;2.566601;1.266142
-1.865212;-0.145889;2.586192;-1.075134;-1.680047;2.103634;1.834808
-1.612918;0.188037;2.579503;-1.284903;-2.005145;1.908214;1.867059
-1.749389;0.269590;1.669158;-0.551614;-2.795479;0.793000;0.095708
-1.774376;0.330995;2.185443;-0.672963;-2.093812;2.278883;1.562520
2.071136;0.819475;-7.139275;2.047648;-3.087528;4.562500;2.734634
0.957380;-1.783029;-0.022600;-0.296853;-2.022945;3.958718;2.563535
-0.291616;-0.702240;3.946724;-0.762638;-2.791918;2.402115;2.481421
-0.265925;-0.380098;4.120601;0.714460;-4.969506;3.476665;1.066805
-0.037450;0.699275;4.469709;0.661558;-5.633489;3.474819;0.958689
-0.369923;1.017980;3.528902;0.914611;-5.800882;2.398279;-0.555200
-0.919562;1.090842;4.061223;0.694492;-4.999497;3.634125;0.711973
0.121800;1.745307;4.597118;0.412469;-5.331097;4.345030;0.866991
0.062164;0.852660;4.750961;0.109019;-5.005092;4.992999;1.867525
-0.926214;1.394207;3.669950;0.228360;-4.217585;3.593904;0.795485
-0.647457;1.844529;3.584265;0.087007;-4.167704;3.757164;1.057264
-0.785539;0.931338;3.969279;0.076845;-4.002938;3.957887;1.352542
-1.459283;1.537530;3.479172;0.370038;-4.218123;3.232504;0.636506
-0.808475;2.016934;3.455208;0.320418;-4.652609;2.981183;0.173133
-1.122657;1.187689;3.758705;0.287342;-4.518294;3.721956;0.986061
-1.089447;1.146781;3.509848;0.052261;-3.776469;2.462363;1.035126
-0.982033;0.597581;3.531674;-0.429873;-3.767419;2.460128;1.412905
2.804197;-0.571897;1.210949;0.759570;-6.144223;2.368515;-1.383074
1.127642;-0.080750;-7.207277;3.036348;-3.516433;4.476348;2.264546
-1.669354;0.177209;2.360630;0.233398;-3.592052;2.088243;-0.152228
-0.608369;-0.009959;3.465028;-0.674086;-3.032968;3.794981;1.704453
-0.652910;0.287181;3.629239;-0.847489;-3.063772;3.463516;1.888316
-0.683792;0.528466;3.369399;-0.823875;-2.756627;3.023227;1.544080
-0.753692;0.360676;3.157526;-0.732419;-2.605295;3.367025;1.565625
-1.308497;0.905758;2.271126;-0.134053;-2.784244;2.114311;0.180631
-0.373930;1.585421;2.681929;-0.696979;-3.058235;2.442414;0.544805
-0.469364;0.463441;3.293432;-0.977542;-2.390069;2.912436;1.159848
-0.698983;0.383916;3.241826;-0.824945;-2.419528;3.080486;1.259602
-0.556641;0.610978;2.759875;-0.669372;-2.498666;2.884542;0.926888
-1.056324;1.029059;2.424420;-0.401768;-2.660642;2.468218;0.374410
-0.952587;0.794783;2.616690;-0.610242;-2.737557;2.690270;0.785448
-0.838869;0.126991;3.315250;-0.738143;-2.864348;2.929286;1.360306
-0.759796;0.395084;3.469415;-0.632296;-3.032062;3.458587;1.432773
-1.184025;-0.291654;3.043444;-0.540026;-3.159055;3.220140;1.187255
-1.335794;0.094292;2.960889;-0.472912;-2.938156;3.269132;1.232040
-1.374964;-0.069862;2.960845;-0.551394;-2.810824;3.454951;1.439246
-2.174043;0.042804;2.697672;-0.171226;-2.882717;2.406606;1.062119
-0.572511;0.670438;-0.808801;0.948719;-2.493279;2.077174;-0.405460
0.259311;-1.805849;0.861858;1.082167;-3.899865;5.296379;2.056884
-0.138925;-1.447999;4.479841;0.119397;-3.903472;4.873847;1.287642
0.057760;-2.915386;4.450724;-0.054320;-3.540854;5.362635;1.643574
-0.779082;-2.204709;4.083590;0.224231;-3.573342;4.884758;1.428572
-0.715103;-1.482405;4.258189;0.110191;-3.736989;5.100432;1.659518
-1.310074;-2.355585;3.873766;0.379409;-3.507072;4.212904;0.803723
0.250930;-1.663114;4.537866;-0.388875;-3.361466;5.224059;1.113263
0.112591;-0.301897;4.159470;-0.202524;-3.817883;4.852581;0.914740
-1.015302;-1.228794;3.655138;0.605925;-4.176003;3.866548;0.577757
-0.334615;-0.705953;4.279258;0.128358;-3.862333;4.893793;1.246554
-0.382339;-0.180741;4.222744;0.164953;-4.236473;4.775741;0.695909
-1.408402;-2.277813;3.797520;0.780176;-4.259808;3.908961;0.306746
-1.464325;-2.069542;3.831402;0.711352;-4.030647;4.466859;0.629246
-0.954078;-0.058367;4.079931;0.451394;-4.243124;4.593200;1.368166
-1.239205;-0.938408;4.077971;0.469077;-4.231937;4.581632;1.658517
-0.733853;-0.630453;4.410624;0.468074;-4.572224;4.656943;1.009992
-1.278750;0.188061;4.447475;0.693239;-4.227510;4.643397;1.507099
-1.973190;0.343018;4.050234;1.121167;-4.601683;4.465850;1.581724
-1.457728;-0.809540;4.481674;0.838370;-4.684146;4.395055;0.490895
-2.321664;-1.256699;4.060650;1.350538;-4.881658;3.429743;-0.316896
-1.288978;-1.297577;4.564467;0.725886;-4.304463;5.236996;1.309913
-1.150912;0.663329;4.131237;0.784399;-4.929937;4.534773;1.017904
-1.696574;-1.282968;3.945405;0.849103;-4.483790;4.459134;0.993161
-2.468937;-0.635786;3.070033;1.639437;-5.077076;2.703168;-0.555549
-2.083603;-0.134388;3.712486;1.195342;-4.538711;3.649529;0.208069
-2.061572;-1.272139;3.947827;0.830447;-4.342539;4.091277;0.850059
-2.274306;-1.147636;3.599302;1.248589;-4.773047;3.726055;0.457931
-1.686914;-0.070023;3.851741;0.949678;-4.385576;4.335591;1.258672
-1.635402;-1.613600;3.876865;0.824238;-4.328546;4.228238;1.114264
-2.794783;-0.838115;3.033875;1.496426;-4.339995;2.310802;-0.134335
-2.202799;-0.159794;3.605540;1.133188;-4.351674;3.516727;0.650966
-2.064319;-0.224826;3.693567;0.982267;-4.311149;3.668822;0.884863
-2.219664;-0.890520;3.449743;1.527778;-5.078951;2.872768;-0.054663
-2.072161;-0.952371;3.614546;1.170994;-4.287937;3.665036;0.465219
-0.724560;-1.158493;3.025677;1.211032;-4.572024;1.909830;-1.267594
-1.766274;-5.214142;3.718039;0.735188;-2.161836;3.690065;1.018334
-3.969538;-4.418503;3.149963;2.016018;-3.931313;3.121292;1.130101
-3.508121;-4.361357;3.211196;1.605796;-3.681684;2.965957;1.589578
-3.570889;-3.653994;2.479201;1.437067;-3.265651;2.595643;0.495416
-3.395994;-1.549633;2.359919;1.411023;-3.657242;1.999260;-0.537548
-3.784024;-2.052217;2.696449;1.109554;-3.270907;2.764813;0.668684
-3.325656;-2.004930;2.837557;1.043643;-3.510673;3.144281;0.921037
-3.388821;-1.270559;2.738172;1.010911;-3.815129;2.966339;0.483161
-3.553787;-1.576588;2.793524;0.909984;-3.432743;3.116614;0.963499
-3.179798;-1.645691;2.997738;0.718414;-3.430967;3.013743;0.892407
-3.341086;-2.333616;2.310855;1.178828;-3.584720;2.038764;-0.433594
-3.912318;-2.242604;1.808347;1.601535;-4.030041;1.287556;-0.856119
-3.278090;-2.127573;2.537221;0.910012;-3.420889;2.850970;0.491327
-2.975310;0.251426;1.627699;1.613261;-4.478335;1.153571;-1.836810
-3.356467;-1.460037;2.124727;1.186776;-3.317618;2.060624;-0.731670
-3.800683;-1.620572;1.964009;1.395776;-3.566655;1.501861;-0.793616
-2.538722;-1.845439;2.554468;0.765687;-3.451687;2.663000;-0.249145
-2.224727;-1.256533;3.001481;0.386966;-3.365385;3.314008;0.599256
-2.417812;-3.083363;2.999126;0.448049;-3.265663;3.285758;1.013539
-2.743756;-2.591537;2.820882;0.535818;-3.259198;2.571284;0.324062
-3.040487;-1.162514;2.496395;0.769677;-3.645395;2.230052;-0.152273
-3.481142;-2.497495;2.271911;0.891373;-3.361149;2.299082;0.280909
-3.554995;-2.370561;2.433021;0.907727;-3.013177;2.621619;0.730065
-2.814738;-0.525703;2.271000;0.821557;-3.507529;2.433553;0.044912
-2.548746;-2.623151;3.048172;0.257823;-2.895466;3.388949;0.594832
-4.051417;-2.333276;1.602840;1.500890;-3.681997;1.039204;-1.733752
-3.036108;-2.682609;-0.773397;2.146229;-3.821023;3.054170;1.079083
-0.538008;2.762836;-0.108737;-1.555449;0.609192;-2.464171;-2.056271
-0.595488;2.420649;-0.090148;-1.818707;1.143207;-2.332538;-1.105530
-1.174186;1.782189;-0.000004;-1.807073;1.250558;-2.056315;-0.677589
-1.019561;1.662489;0.076844;-1.889339;1.355319;-1.853078;-0.658243
-0.569520;2.639760;-0.209723;-1.576241;0.430021;-2.476604;-1.724910
-0.827985;2.252861;0.372119;-1.531060;0.623465;-1.694489;-0.388888
-0.945554;2.704138;-0.144881;-0.864496;0.499181;-2.288939;-1.518883
-0.177815;2.346497;0.386731;-1.790752;1.233705;-1.716564;-0.574603
0.309535;2.587026;0.558102;-1.767452;0.681300;-2.273787;-1.595511
-0.174502;2.528870;0.990312;-1.139467;0.756803;-1.858780;-1.487400
-0.492795;2.488782;0.888006;-0.737040;0.887852;-1.632053;-0.808680
-0.032872;2.713492;0.768948;-1.474951;0.870935;-1.383088;0.051481
-0.002505;1.884716;0.849255;-1.965712;1.226449;-1.105399;-0.272374
-0.533416;1.850644;0.861076;-1.157555;1.249288;-1.489193;-1.042376
-0.396522;2.102862;1.110821;-1.413612;1.545877;-0.533894;0.182351
-0.104562;3.674215;0.076757;-1.387237;1.015115;-1.484818;-1.126303
0.004536;4.313361;-0.437291;-1.079060;0.555316;-2.372867;-1.987781
-0.302323;2.205501;0.998408;-1.732251;1.759970;-0.387494;1.085890
-0.678121;1.812313;0.884357;-0.864306;1.208433;-1.103556;-0.133260
-0.747099;1.921979;1.149536;-1.101826;1.417352;-0.854191;0.357910
-0.228156;3.305436;-0.187287;-0.850437;0.498050;-2.437766;-2.220693
0.050542;2.081421;0.701673;-1.439140;0.971818;-1.772605;-1.511425
-0.717707;2.926694;0.087875;-0.643187;0.515467;-2.887308;-3.091658
-0.681102;2.093381;1.186590;-1.451968;0.983705;-1.016538;0.774516
-0.292177;3.263046;0.114368;-1.523254;0.709473;-1.984704;-1.018586
-0.395560;2.056229;0.732247;-1.863587;1.173525;-0.987541;0.322029
-0.691142;2.342427;0.370432;-1.230097;1.031065;-1.496475;-0.771413
-0.330747;3.030622;0.512696;-1.703865;1.141565;-1.344442;-0.735410
0.284833;3.757297;0.002635;-1.187305;0.208416;-2.780703;-2.586322
0.167228;3.377736;0.487477;-0.820991;0.511240;-2.189275;-1.868527
0.187071;3.362278;0.617230;-1.087343;0.995736;-1.551945;-1.129696
0.203674;4.536690;-0.552567;-0.636877;0.408999;-2.613266;-3.383602
0.248505;2.816053;0.848154;-1.511186;1.280557;-1.129702;-1.392152
-0.400866;3.350467;0.590065;-0.531485;0.496884;-2.661158;-2.695013
-0.362321;3.214976;0.813691;-0.315135;0.718449;-2.053043;-1.303836
-0.199372;3.601172;0.266760;-0.157378;0.709962;-2.336444;-1.994385
-0.708891;2.668120;1.068855;-0.635276;1.637788;-1.080482;-0.169011
-0.666563;2.755238;0.699074;-0.321060;0.768184;-1.710848;-1.028433
-0.475243;3.147146;0.487483;-0.779043;0.516267;-2.128608;-1.330992
-0.785238;2.105564;0.947313;-1.265759;1.373181;-1.098795;0.021838
-0.865711;1.964806;0.218018;-0.283747;0.921945;-1.907620;-1.455069
-1.011186;2.233494;0.571758;-0.806010;1.267713;-1.373089;-0.386298
-0.553156;3.254298;-0.202798;-0.986044;0.465049;-2.577773;-2.561828
-0.692730;2.566361;0.698328;-0.936880;0.796628;-1.454145;-0.748915
-0.911192;2.822860;0.884820;-0.901192;1.269118;-1.336460;-0.314840
-0.314703;3.309892;0.244246;-1.035382;0.997137;-2.081418;-2.073131
-0.584764;1.835012;0.982572;-1.052729;1.601175;-0.654831;-0.050680
-1.076816;2.197184;0.566178;-0.553271;1.226387;-1.254651;-0.739066
-0.447413;2.933504;0.310388;-0.826767;0.851229;-1.769285;-1.530082
4.524327;3.239731;-13.066516;4.281286;-1.406473;0.497947;-2.259085
-0.682305;-1.049253;-4.555034;1.827695;1.245695;0.852423;1.993883
-2.821111;-0.694223;0.659370;0.478993;1.183043;-1.858349;-0.724136
-2.519031;-0.406841;0.537617;0.439135;0.755837;-1.709441;-0.599994
-2.232723;0.779442;-0.725868;0.498838;0.000797;-3.511179;-3.593879
-2.976322;-0.635796;0.310163;0.145708;1.103752;-1.759945;-0.808025
-2.856954;-0.396576;0.277040;0.817280;1.377289;-2.416196;-1.320987
-2.555084;-0.044386;-0.161595;0.745511;0.537820;-3.119462;-2.233157
-3.150674;-0.459980;-0.317646;-0.085073;1.027557;-2.636713;-2.318987
-3.107665;-0.467033;-0.106397;-0.112301;0.906213;-2.799145;-2.403298
-2.521774;-0.023736;-0.205681;0.615659;0.810319;-2.575913;-1.836740
-2.668035;-0.596934;0.422206;0.042930;1.272020;-2.300935;-0.353512
-3.236852;-1.660178;0.499401;-0.194954;1.099370;-1.992373;-1.132767
-3.378503;-1.294896;-0.035745;0.419825;0.875681;-2.989823;-2.392423
-3.470946;-0.574654;0.185445;0.843028;1.373662;-2.261053;-0.692544
-3.342404;-0.466814;0.086491;0.903217;1.137663;-2.380592;-1.209579
-3.917146;-1.213158;0.532786;0.805295;1.284101;-1.719510;-0.250767
-3.980139;-0.985230;0.272046;1.049233;1.475854;-1.910324;-0.577162
-3.337059;-0.289362;0.038766;0.889411;0.684103;-2.212976;-1.033469
-3.676266;-1.429883;0.577260;0.445894;1.521248;-1.181408;0.238582
-4.147164;-0.931932;0.069393;1.148862;1.391011;-1.910079;-0.972144
-3.749345;-0.777203;0.036733;0.897521;1.078627;-2.214277;-1.478757
-3.284505;-0.252071;-0.735141;1.147756;0.582493;-2.984537;-3.017555
1.921418;3.849637;-5.728519;2.055784;-0.374398;-0.940293;-1.655453
-0.033763;4.241121;-0.466497;-0.058753;0.126806;-3.136406;-3.841603
-0.264730;4.061877;-0.384416;-0.528816;0.501891;-2.657779;-3.175297
-0.756036;2.517889;0.638778;-1.008000;1.814547;-0.941846;-0.046141
-0.869744;2.834668;-0.193832;-0.488185;0.479837;-2.389929;-2.052666
-0.889814;2.477359;0.102166;-0.817397;0.792432;-2.173002;-2.053370
-0.984551;2.358872;0.263394;-0.747818;0.902777;-2.047652;-1.520001
-1.139352;2.788518;0.159878;-0.891191;1.109023;-2.071247;-1.176797
-1.550103;0.806731;0.889674;-1.438679;2.272128;-0.910047;1.072845
-2.034834;1.219621;0.001888;-0.945719;0.938306;-1.777785;-0.637579
-1.692460;2.051265;0.023743;-1.351697;0.928068;-2.365440;-1.364090
-1.970571;1.922098;0.110693;-1.054488;1.004196;-1.655803;-0.708900
-2.159727;1.745392;0.010714;-0.935837;0.962953;-1.645602;-0.390852
-1.860943;1.184015;-0.131828;-0.979355;0.863619;-1.855283;-1.374633
-2.415337;0.745913;0.238723;-0.797530;1.149605;-1.581396;-0.348002
-2.154030;0.603981;0.328532;-1.112420;1.111372;-1.499526;-0.479416
-2.028815;1.732412;-0.358214;-0.981900;0.944812;-2.401972;-1.733652
-2.271898;-0.568296;0.656630;-1.253701;1.891144;-0.331660;0.858724
-2.950587;0.186431;0.070321;-0.302962;0.940945;-1.864448;-0.372781
-2.416438;0.521556;-0.142523;-0.801261;0.900981;-1.701813;-0.896233
-2.069502;-0.245404;-0.132445;-1.952569;1.489808;-2.500588;0.036881
-2.218708;-0.493526;-0.798603;-2.013337;1.755779;-3.108651;0.310453
5.928878;-5.048228;0.610754;-2.324510;-0.476436;-4.552581;-1.193021
15.622341;-9.158375;4.912224;-0.902017;-1.260328;-5.876201;3.206051
28.276299;-17.270066;4.001135;0.982833;-1.390422;-3.530693;4.355920
0.904525;1.318738;-4.166883;0.108652;0.930518;1.555704;2.730630
-1.236933;0.611884;0.881345;-0.979681;1.192971;-1.107184;-0.065588
-1.478161;0.964744;0.379604;-0.333965;1.029705;-1.863301;-0.834915
-1.253241;2.063555;0.294817;-0.709067;1.606375;-1.638156;-0.640569
-1.054457;1.314553;0.465987;-0.907009;1.497614;-1.427510;-0.919798
-1.609730;1.787703;0.064131;-0.199809;0.656161;-2.630083;-2.406785
-0.972708;1.598961;0.927755;-1.067822;1.284958;-1.779662;-0.798433
-0.962960;1.589617;0.794311;-0.970789;1.212385;-1.470675;-0.733119
-2.008056;0.338294;0.594771;-0.463650;1.470902;-1.154286;-0.008623
-1.788679;0.247197;0.475605;-0.498061;1.173104;-1.511969;-0.360840
-1.514201;0.446591;0.446592;-0.903680;1.140583;-2.312175;-1.749618
-2.222503;0.339550;-0.042263;-0.466290;0.650486;-2.711346;-3.104705
-2.442538;0.449603;-0.305749;0.084145;0.803994;-2.721799;-2.640647
-2.248054;0.784195;0.171172;-0.092602;1.059187;-2.118592;-0.764491
-2.069271;1.161314;0.016983;-0.104113;0.419761;-2.645269;-1.122712
-1.962942;1.102059;0.027126;-0.510829;0.803245;-2.413263;-1.286872
-1.995729;0.642849;-0.031615;-0.522577;1.013038;-2.213381;-1.550408
-2.394722;0.302752;-0.450639;-0.103732;0.991695;-2.378521;-2.150637
-2.189849;0.190393;0.219001;-0.683571;1.076227;-2.073580;-0.931103
-1.859567;1.444354;-0.466170;-0.393522;0.318633;-2.695663;-2.443390
-2.129723;-0.258210;0.561691;-0.651200;1.120176;-1.311423;-0.197750
-2.572397;0.063554;0.424761;-0.223369;0.955275;-2.020243;-0.326037
-2.553322;1.433616;-0.338201;-0.332466;0.474453;-2.670984;-1.710967
-2.494938;1.684344;-0.594448;-0.679127;0.825262;-2.528003;-1.787000
-0.020613;0.971631;-5.989595;1.332566;0.145626;0.062973;0.812187
0.514789;-0.350784;-5.701724;0.174193;0.431294;-0.946619;1.339707
-0.741110;-0.303590;0.675741;-2.802746;2.324130;-1.152101;1.347317
-0.688687;-1.211186;1.011337;-2.219896;1.830953;-0.611452;0.797007
-0.967261;-1.042060;0.736829;-1.371323;2.097140;-1.266420;-0.063226
-0.423524;-0.256915;1.166331;-1.955048;2.378191;-0.766139;0.645943
-0.917022;-1.389108;1.129085;-1.601241;2.080291;-1.032712;0.462856
-1.290892;-1.120637;1.066051;-1.881931;2.243083;-0.492692;0.754159
-1.215944;-0.657761;0.673965;-1.726430;2.241201;-0.570973;0.197325
-2.453037;-1.218188;0.487882;-0.741338;1.755073;-0.846849;-0.186244
-1.583299;-1.089779;0.937068;-1.202193;2.188760;-0.348924;0.497731
-1.279446;-0.806627;0.761336;-1.483118;2.226165;-1.112191;-0.386619
-2.112095;-0.961703;0.533374;-1.186710;1.408248;-1.772097;-0.814684
-0.953201;-0.649868;0.854351;-2.105434;2.223479;-0.269279;0.571490
-1.312983;0.277301;1.001088;-2.033997;1.966001;-0.150543;1.492599
-2.126510;-0.252264;0.042620;-0.920841;1.073305;-1.769552;-0.528076
-1.840950;-0.141820;0.212880;-1.489754;1.783697;-1.160795;-0.240808
-1.427473;-0.085989;-0.100312;-1.725821;1.748586;-1.745444;-1.220637
-2.027756;-0.616415;-0.642243;-0.950654;0.975326;-2.030406;-2.038867
-2.296590;-0.942754;-0.028582;-1.591671;1.512420;-1.005106;0.060397
-1.539176;0.619745;-0.460152;-2.141695;1.274498;-2.041349;-0.772081
-1.409867;1.402873;-0.033017;-2.245956;1.330628;-2.303125;0.019176
-1.361276;0.491049;0.269456;-2.025643;1.550300;-1.101347;0.026526
-1.659250;0.051095;-0.289486;-1.333838;1.028249;-1.745584;-1.038976
-1.377628;0.369781;0.045492;-1.853705;2.126449;-1.377547;-0.115875
-1.064739;0.790264;-0.171888;-2.008060;1.806120;-2.066668;-1.188631
-1.571239;-0.093879;-0.108044;-2.149359;1.518699;-1.983444;-0.308033
-0.116373;-0.485184;-0.855189;-3.067818;2.430905;-1.500928;0.528974
3.966126;1.671616;-5.368151;-1.955180;0.118786;-0.089000;0.926613
1.517090;-0.522221;-0.311566;-4.271841;2.345605;-1.135625;1.764193
2.085447;-0.404644;-0.632907;-4.586404;3.760241;-0.001557;0.840339
7.431963;0.627533;-0.445325;-6.686905;5.331401;2.454821;2.890047
7.576009;4.394199;0.357754;-5.367488;2.143027;0.433202;1.846789
3.297872;6.719358;0.501718;-3.361163;0.903061;-1.609488;-1.141664
4.009266;3.104967;0.736199;-5.053663;3.203713;-0.555497;1.441606
2.535429;2.006070;-0.800520;-4.720094;2.299241;-2.734075;0.412861
1.411191;2.323983;-0.696102;-3.361491;1.359531;-3.215948;-0.230031
0.401453;-0.241787;0.963638;-2.730774;2.464293;0.242303;1.491320
-0.658733;0.041492;0.929945;-0.549829;0.811601;-2.377949;-0.086538
0.092706;0.096799;2.667864;-0.767108;2.693050;-0.706454;2.094283
0.609389;0.154823;2.210268;-0.651064;2.452164;-1.140833;0.781055
0.040740;0.423352;1.183714;-0.782041;1.487370;-1.426347;-0.536120
0.329479;-0.095454;1.418164;-1.819082;2.008067;-1.318703;0.084401
-0.400839;0.108484;0.263539;-1.469278;1.354912;-2.462602;-1.679616
-0.987484;0.882810;-0.228635;-1.178747;0.858719;-2.452063;-1.899194
-0.259738;0.723400;0.518355;-1.893274;1.721928;-1.173585;-0.267670
-0.569006;0.029562;0.985021;-1.811760;2.173998;-0.382363;0.922344
-1.293313;0.258025;0.716180;-1.323180;1.713377;-1.093212;0.557708
-0.688307;1.149211;0.940860;-1.722039;1.680919;-1.280706;0.106024
0.568489;-0.144498;0.171404;-1.746426;1.209003;-1.503931;-1.316661
3.105887;0.650274;-3.686921;-0.841262;1.602997;1.536760;2.065940
0.458090;0.499134;0.675034;-2.180901;1.166443;-1.971261;-1.511241
1.746772;0.377094;0.974752;-3.351335;2.453534;-0.400547;-0.529710
1.222252;1.485835;1.151283;-3.066376;2.225223;0.173704;1.160274
0.343336;0.494278;0.865821;-2.352238;1.850570;-0.594725;0.025986
0.954796;0.847537;1.114961;-3.038574;2.118175;-0.742005;0.016781
0.926188;-0.337074;1.084524;-3.365077;3.059545;-0.310656;0.837508
0.198788;0.082214;0.460997;-2.857108;2.520301;-0.250941;0.437658
0.290768;0.188271;0.725107;-3.396758;2.792632;0.176302;1.519490
0.054733;-0.541338;0.064654;-2.413228;1.495976;-1.565108;-0.891523
4.512479;-2.020514;1.785263;-5.038704;5.517353;3.363318;0.690914
4.535465;0.177716;1.455335;-5.227207;4.588426;1.492779;1.634119
1.403419;0.519462;-1.542534;-4.110174;2.512145;-3.055008;0.788905
2.092763;0.502153;-1.934910;-4.888374;3.197451;-2.797812;1.626547
1.210796;-0.619138;-0.326865;-4.577810;3.158124;-1.259121;1.418476
-0.332495;0.282269;0.004679;-3.800555;2.134693;-0.813987;0.394920
0.558248;1.304349;-0.472222;-3.662085;1.640571;-2.131527;-0.081255
0.124533;0.518836;-0.192284;-3.136517;1.443859;-1.792716;-0.115565
0.219954;0.325576;0.803731;-3.100574;0.673363;-0.384459;0.981034
0.215143;1.252941;1.232781;-2.918683;0.029498;-1.073189;0.427633
0.328577;1.386324;1.042727;-3.062240;0.507299;-1.205682;0.534982
0.474895;-0.168494;0.611271;-3.319036;1.378456;-0.505428;-0.041678
0.282631;-0.563596;0.330540;-2.841252;0.709852;-1.500778;-0.768269
0.384849;0.383907;0.684650;-3.293309;1.190878;-0.398257;0.665676
0.082101;-1.158457;0.717162;-3.298013;1.116155;-0.215230;0.118867
-0.769734;-0.389807;0.253935;-3.035205;0.963353;-1.627601;-0.596514
-0.420741;0.296199;0.801437;-2.949776;0.641715;-1.315451;0.939120
-0.739193;-0.644768;0.677537;-2.557770;0.681824;-0.524042;-0.069969
0.301872;-0.267153;0.971860;-2.751219;-0.214926;-0.186618;-0.562862
0.138244;-0.602908;1.786305;-2.622130;0.221622;0.315649;0.099974
-1.506759;-0.874375;1.508924;-1.555172;-0.842451;-0.007712;-0.058818
-0.635705;-0.490118;1.464857;-2.176725;-0.057350;-0.318277;0.878110
-1.081576;-0.171080;0.856918;-2.088771;0.389666;-0.389846;0.226591
-1.704617;0.033201;0.943229;-1.765654;-0.234919;-0.148757;0.346109
-1.043877;0.815113;0.876978;-2.282720;-0.292220;-0.776667;-0.426883
-1.119527;-0.707518;0.751053;-2.207790;0.187949;0.088062;-0.380921
-1.266449;-0.661821;0.680442;-2.167476;0.120667;0.119189;0.049645
0.392376;0.228444;1.365012;-3.405761;1.031766;0.011746;1.059681
0.068480;-0.843770;1.144899;-3.248174;1.486699;0.063735;0.663131
-0.662900;-0.420641;0.864762;-2.859165;0.839884;-0.053167;-0.298122
-0.613606;0.354011;0.671343;-2.616455;0.474813;-0.368348;-0.194075
-1.381410;-0.228841;0.699506;-2.696272;0.700239;-0.363638;1.175399
-0.720343;0.378150;0.560539;-2.728817;0.342012;-0.897000;0.542905
-0.609254;-0.204350;0.959262;-2.813344;0.594930;-0.842422;0.127107
-1.386501;0.743754;0.354184;-2.309840;-0.259338;-1.089034;-2.124813
-0.953406;0.418349;0.775479;-2.439213;-0.102325;-0.610998;-0.689841
-1.163278;-0.239694;0.745294;-2.359549;0.206563;-0.364781;0.354031
-0.723324;0.377357;0.437434;-2.455427;0.562977;-0.521585;0.108166
-0.757722;-0.099645;0.487290;-2.700968;1.136938;-0.316888;0.074211
-1.819672;-0.188824;0.438848;-2.286128;0.560843;-0.709545;-0.218887
-1.107239;0.576769;0.435076;-2.455923;0.689919;-0.565038;-0.476341
-0.900334;-0.335464;0.051297;-2.266125;0.703210;-0.237112;-0.710642
1.507272;1.239849;-7.347344;1.653376;-0.165246;-0.796392;-0.908826
1.708888;1.387097;-7.947937;1.821806;-0.307048;-0.690721;-1.543062
2.259107;1.424221;-9.244676;1.406673;-0.591897;-1.432177;-2.339200
2.868310;1.233820;-9.281353;0.542453;-0.581190;-2.865768;-2.630263
2.345579;0.825385;-9.104367;0.129239;-0.068873;-2.711053;-1.501768
2.682821;0.684627;-10.408076;0.436143;0.189080;-2.601467;-1.770416
2.575077;1.218888;-10.369380;1.145309;-0.693278;-2.483802;-2.540316
2.403519;1.585508;-9.435322;0.685523;-0.175688;-1.566252;-0.807329
2.601480;1.475855;-9.332775;1.150821;-0.442401;-1.079217;-1.251718
2.284560;1.500046;-8.942242;0.633257;-0.417114;-1.769245;-0.809906
2.313559;2.013842;-8.848345;0.384539;-0.476556;-2.264321;-1.845680
1.924405;1.953068;-7.619291;0.494250;-0.911170;-1.443989;-0.779357
1.628194;1.648987;-8.545312;0.951836;-1.375831;-1.736030;-2.823220
1.734373;0.991010;-9.337022;0.222138;-0.023312;-2.355173;-1.512332
2.936169;0.141253;-11.266099;-0.067384;0.691204;-5.077631;-2.286861
2.063605;1.296035;-9.125243;0.878717;-0.228580;-2.426732;-2.446752
2.378387;2.037852;-9.101653;1.627055;-0.905901;-1.986590;-3.794770
1.808238;2.120099;-7.759110;1.061331;-0.445160;-0.995218;-1.583993
1.666540;1.916609;-8.071076;0.971978;0.299288;-0.306291;-1.110326
1.852100;1.333822;-8.504811;1.220897;0.349576;-1.060053;-1.701796
1.384536;0.759426;-7.860739;0.848133;1.036464;-0.754753;-0.591640
0.559099;0.758543;-8.213832;1.038435;0.435402;-0.625366;-0.564345
1.735439;0.691577;-8.252337;1.709413;-0.246121;-0.895392;-0.991639
1.531099;1.025680;-7.666742;2.377347;-0.504435;-0.361232;-0.956884
1.333098;1.241991;-7.407266;2.231219;-0.626638;-0.752726;-1.673863
1.190577;1.569140;-7.628767;1.805278;-0.177089;-0.669484;-1.986901
1.092178;1.084056;-7.287050;1.679215;-0.025636;-0.094276;-0.869201
0.856325;1.234881;-7.614880;1.874086;-0.564032;-0.198898;-0.037231
1.825790;1.365937;-9.229139;1.924012;-0.436377;-1.939760;-3.738487
1.786525;0.819628;-8.001344;1.608271;-0.564060;-1.469290;-1.991773
1.769724;1.108368;-9.378793;3.142433;-0.887604;-1.010209;-3.358399
1.821959;0.183988;-8.945881;2.099372;0.011754;-0.906690;-1.155391
1.446574;0.198762;-8.054398;0.899429;0.457156;-0.627516;-0.027454
1.742261;1.052016;-8.056319;1.622890;-0.505990;-0.784488;-1.152117
1.221182;1.864195;-7.278577;1.738391;-0.371630;-0.620270;-1.754774
1.081193;1.602090;-6.916337;1.442580;0.026763;0.239065;0.085856
2.321003;1.260151;-9.198633;2.018662;-0.609616;-1.132466;-2.001030
2.445990;1.078710;-10.227628;1.542536;-0.308025;-1.710520;-2.369831
1.597640;1.711764;-8.135220;2.050940;-0.277305;-1.569663;-3.560932
2.046499;1.587938;-8.065154;1.532322;-0.243285;-0.913896;-1.444274
1.974382;1.058344;-6.372236;0.390652;0.870603;0.621392;1.674951
2.374092;1.722587;-7.204025;0.957915;0.068128;0.240875;0.563653
2.395645;1.355442;-7.533560;1.296331;-0.079274;-0.210048;-0.169955
2.523446;1.048620;-7.975017;1.390158;0.168614;0.544151;-0.009461
2.001510;0.824425;-6.744350;1.083889;0.415556;1.647992;1.956311
1.787414;1.733456;-8.467487;3.168339;-0.144783;-0.460183;-2.387191
2.507238;1.467740;-8.755203;3.148083;-0.217493;-0.156917;-2.339031
2.157644;2.246658;-8.484996;2.763258;-0.525183;-1.369453;-3.816820
1.283960;1.813243;-6.231218;1.554199;-0.087592;0.267311;0.347401
1.875047;2.218239;-8.127645;2.583947;-0.838606;-0.007101;-1.644403
2.420280;2.474285;-8.432746;2.797504;-1.045473;-0.392006;-2.343508
1.135376;2.530565;-6.748758;2.211683;-0.500435;-0.498164;-1.073643
1.597382;1.928321;-7.246870;2.112104;-0.421681;-0.751022;-1.943907
2.130031;1.219510;-8.134679;2.271931;-0.426984;-1.037875;-2.221372
2.119960;1.387503;-8.758107;2.354537;-0.605336;-1.569439;-3.147562
1.784786;1.968255;-8.961574;1.440252;-0.353812;-1.450531;-3.929221
22.862392;-15.722602;-6.689859;-8.401165;16.303067;20.025665;-19.579477
35.361015;-38.559383;-4.940342;-9.033268;27.850961;39.185247;-27.639780
3.591331;1.394152;-6.524485;0.799502;-0.446115;-0.665117;0.623271
3.697005;1.410088;-7.418436;1.208115;-0.256517;-0.078069;0.348449
3.890632;1.395749;-8.799453;2.096712;-0.204979;-0.290295;-1.434790
3.141958;1.700525;-8.027239;2.339917;-0.252208;-0.823563;-1.851282
3.042028;1.391928;-6.102527;0.865160;0.267717;-0.797358;-0.261162
2.743513;1.876422;-5.741530;0.266799;0.147607;-0.328144;1.198626
2.497706;1.282600;-5.869722;0.412441;0.625694;0.434912;1.393955
3.638938;1.083869;-7.113919;0.597385;0.670109;0.058865;-0.993739
4.325528;1.906144;-8.032117;0.528767;0.326992;-0.267343;-0.674066
4.841893;2.100501;-9.158963;1.316130;-0.136269;-0.591207;-0.789771
4.187399;1.411659;-8.644230;1.705250;0.189056;-0.142418;-0.325906
3.347093;1.451611;-8.439662;2.044961;0.179795;-0.624870;-2.173981
3.364913;0.227799;-7.500570;0.754067;0.641253;1.242783;2.041129
5.327459;0.454741;-8.280872;0.572817;0.038561;0.146384;1.378791
4.590187;1.434003;-7.518052;0.705982;-0.078402;-0.504260;0.113058
3.903014;1.007992;-7.178726;0.854218;0.333711;0.027235;0.487871
4.702061;0.436738;-8.042580;1.706664;-0.203155;-0.804835;0.438218
3.523871;0.677178;-7.170408;1.850956;0.063284;0.067510;0.658705
3.582971;0.586985;-6.190715;0.995278;0.942517;2.474283;2.064106
7.098085;0.942983;-6.737049;-0.856922;2.406672;4.674181;2.316431
4.919961;3.990273;-8.145791;0.877744;0.203836;-1.014960;-2.173553
4.270038;4.429538;-8.573506;0.926027;-1.034710;-2.264930;-4.002260
4.706882;2.334358;-6.795705;0.293793;0.139364;-0.328846;-0.279958
4.542042;0.763074;-6.466966;1.026479;0.456428;0.967965;1.439418
3.754836;1.150513;-6.156001;0.757713;0.405726;1.160590;1.408404
4.175739;1.778956;-6.134440;0.175345;0.622547;1.453804;2.858317
4.814818;3.294249;-7.994269;0.999605;-0.503546;-0.727781;-2.001148
4.530824;3.996278;-5.863737;0.840455;-0.503021;-1.206568;-1.827910
4.327283;4.286582;-5.510316;1.041059;0.446655;-0.575437;-2.083377
3.743789;1.835137;-5.792751;0.886335;1.415966;0.921596;0.597229
3.207527;1.737261;-6.437752;1.388546;-0.233751;0.497650;0.176185
3.672260;1.801787;-5.121272;0.405777;0.484681;0.779704;1.635909
4.236006;2.593093;-6.388916;0.329170;-0.184606;-0.685765;-0.077008
5.103762;0.952171;-6.680816;-0.811220;0.487487;-1.192186;-1.059897
5.745012;0.446113;-7.686245;0.785716;-0.729310;-1.827567;-1.716284
5.383993;0.687349;-7.886930;-0.028102;0.726680;0.304161;3.189321
5.359720;2.070625;-9.179277;-0.505373;0.280780;-1.297472;1.595200
6.094774;0.985924;-8.398151;0.928091;0.131506;-0.314862;1.216749
15.602584;-5.265634;-4.875775;-0.077474;-0.974342;-3.768464;1.239064
22.270798;-10.101375;-2.605336;-0.213928;-3.024683;-2.025367;2.342460
5.144237;0.718444;-7.302146;0.116973;1.097500;0.964002;2.974555
4.012221;0.735996;-7.240672;0.600577;0.640444;-0.200519;2.282652
4.023798;0.891898;-5.662715;0.664598;0.632459;0.337124;1.853975
4.983111;1.661506;-6.198462;1.668638;-0.832960;-0.798316;-1.247289
4.845509;1.733597;-6.452167;1.265174;-0.609508;-0.185187;0.154849
4.426870;1.305523;-7.264296;0.842462;0.749029;0.782438;1.418281
4.244900;1.586263;-7.592154;1.754826;-0.196127;-0.341483;-0.054258
4.079274;1.473472;-6.793166;0.441772;0.365138;-0.004123;1.795467
5.383276;1.350016;-9.241300;0.986915;0.048072;-1.072563;-0.856743
5.172689;-0.142406;-6.880306;1.061348;0.586947;0.588011;1.515261
3.585422;0.839727;-6.297997;1.089729;0.500145;0.283026;1.560434
4.563359;1.300300;-6.897887;0.799267;0.693683;0.614431;1.330726
4.564255;1.521489;-7.629009;-0.216071;0.445542;-0.111001;2.018325
4.566778;-0.512315;-7.268958;0.157783;0.644323;1.255771;3.291143
3.603168;0.097427;-8.020679;1.223707;-0.342704;-0.366786;2.311386
3.781586;0.625511;-7.444925;0.898131;-0.103501;-0.529567;1.616916
4.323480;1.332651;-9.051368;2.210551;-0.632137;0.412800;-0.020999
5.556883;0.922494;-7.598914;-0.273883;0.771102;0.871390;2.649121
6.261958;1.981005;-6.701336;-0.704231;0.237146;-0.586526;1.528402
7.829871;1.565073;-5.066250;-1.063111;-0.916590;0.117092;1.421664
7.395725;1.057332;-4.487941;-0.956958;-0.696502;1.608282;1.521268
8.269604;-0.325302;-5.671850;0.286160;-0.614718;-1.487025;2.451547
7.340529;0.206578;-5.109895;2.176920;-0.268452;0.228071;1.704726
5.940486;1.936246;-5.530254;3.450418;-0.416107;-0.334716;-0.059923
4.271272;2.869413;-5.706942;3.290904;-0.392714;-0.493303;-0.165957
5.196978;1.953821;-6.319753;2.235805;-0.748440;-1.008885;-2.315822
5.105822;1.384272;-6.131419;0.765823;0.372205;-0.627890;-0.082533
3.859120;2.491544;-6.338019;0.604833;0.543984;0.435484;1.112182
4.725128;2.214020;-6.678171;2.140370;0.091617;-0.663502;-0.538994
5.153765;1.136895;-5.974192;2.214770;0.046297;-0.339545;0.551330
4.813564;1.145322;-6.288290;1.294749;0.673199;0.441673;1.395012
5.830554;0.942081;-6.261987;0.010233;1.390239;1.791735;1.681517
6.740789;1.951291;-5.734315;0.275087;1.154093;2.206775;1.186122
6.919839;0.843074;-7.773304;1.004197;1.563211;3.863230;2.110111
5.367170;2.273302;-5.513553;1.490191;0.409716;0.569765;0.644951
3.390430;1.750915;-5.752779;1.420103;0.539016;1.235580;1.480763
4.324156;1.407738;-6.442101;2.882422;-0.005858;-0.068964;-0.985794
4.628001;1.758989;-6.678049;2.842119;0.026112;0.503766;-0.226492
5.573079;1.546150;-7.797006;1.579790;-0.528313;-0.182195;-0.925422
4.944028;0.982481;-7.448772;1.406653;0.108486;0.046430;-0.803929
4.531600;1.335770;-7.766953;2.055499;-0.602461;-0.389249;-1.181672
5.267142;0.569959;-6.530404;1.103868;-0.254619;-0.711969;0.948993
5.448555;0.291682;-5.387712;0.393452;0.737696;0.202072;1.797579
4.024338;2.092358;-5.437963;0.635373;0.954086;0.908354;2.309923
4.930587;1.863928;-5.714311;0.028643;0.785129;0.915546;0.997988
6.177351;2.069952;-7.414548;-0.274410;0.059276;-0.387279;0.765509
5.758957;1.104967;-7.013448;0.279662;0.830966;0.917188;1.965354
5.947100;0.762635;-7.685274;1.026974;-0.446375;-1.095637;-0.894779
5.520327;-0.444920;-7.499604;0.043880;-0.023148;-0.526094;0.744582
4.203991;-0.914503;-7.274420;-0.330533;0.972391;-0.255933;2.389314
3.864232;0.501290;-7.340024;0.465207;0.450653;-0.788999;1.134134
3.456738;0.418106;-6.841955;-0.036553;0.739049;-0.567585;1.997504
3.029205;0.534364;-6.888121;0.620988;-0.078948;-0.698805;0.619147
2.685348;1.099137;-7.370208;0.976888;0.239987;0.816727;1.535947
4.065582;1.641242;-8.495966;0.650337;-0.007226;-0.250359;0.421011
4.431924;0.941864;-9.430477;0.079108;0.622748;-1.248798;0.373129
8.564749;-1.684993;-6.568135;-0.354824;-1.074785;2.065801;0.662770
31.382578;-15.247798;0.196642;-2.540008;-4.008197;-3.163549;1.137813
8.044366;0.396120;-9.275113;-0.586416;1.372009;1.205106;3.696916
7.064511;1.445502;-5.703008;-0.442058;1.056835;1.174955;2.284870
7.551353;3.332019;-5.967430;-0.267293;0.039500;-0.370673;0.567468
6.436240;1.889318;-8.563506;1.393218;-0.394401;-0.491362;0.071753
5.295070;2.227331;-6.788295;1.194098;-0.299547;-0.349270;-0.433839
5.715265;2.013352;-7.279203;2.278386;-0.251801;-0.439439;-1.523513
7.381502;1.083121;-6.221853;2.266322;-0.858981;-1.232158;-1.562048
7.467776;0.853528;-4.742923;0.203104;0.581651;0.359668;0.685207
7.275454;2.017665;-5.306337;1.315580;-0.262412;0.069985;-0.502747
7.842502;2.115179;-4.563089;1.947890;0.370657;0.764910;-0.609935
8.425172;2.626379;-5.060883;1.890402;0.315648;0.558631;-0.740278
7.666786;3.300934;-5.827119;2.278912;0.419196;1.059547;1.051668
7.834924;2.712191;-5.892171;2.895643;0.167459;1.313611;2.210877
7.307709;3.063510;-5.282510;1.524750;0.014416;0.515564;2.407766
5.376166;2.702688;-5.845794;0.683507;0.822332;2.252466;2.454954
7.004024;1.837187;-6.806819;1.666301;-0.015282;0.751169;-0.216101
7.246864;2.052908;-6.537965;1.131109;-0.167854;-0.202893;-1.607889
5.662974;3.244138;-6.695812;0.651647;0.156957;0.480539;-0.398386
5.081016;1.840681;-5.908716;0.386239;0.752825;1.669989;2.502954
5.973641;1.611250;-5.096336;0.707936;0.810730;1.174854;1.290014
6.896987;3.308100;-6.853073;2.256204;-0.044733;0.733306;-0.961544
6.033470;3.474184;-6.823596;2.061848;0.097809;0.867823;0.849143
5.149009;2.629016;-6.097573;1.624898;0.447575;0.848253;0.639374
4.659772;0.790363;-4.800211;1.920194;0.539945;1.470014;1.440979
3.369049;1.403583;-4.102955;2.098256;0.333075;1.147820;1.259661
4.279346;2.454842;-5.960994;3.029998;-0.194726;-0.422161;-1.502152
4.331361;2.336038;-6.954761;3.282350;-0.332541;-0.181669;-1.205397
3.725057;2.248607;-5.958973;1.791896;0.411579;1.149277;1.565644
4.371838;2.488411;-6.794893;2.215076;0.409468;0.470105;-0.802048
4.053482;2.408357;-5.884756;2.071626;0.504177;0.494789;-0.088547
4.254218;2.991226;-5.836524;1.775320;0.069606;0.443997;0.663445
4.350610;2.220751;-6.452520;1.524308;0.344257;1.215128;1.019519
4.854108;1.260207;-6.505508;1.245201;0.225182;1.065686;1.594463
4.067755;0.979079;-6.275517;-0.249086;1.215581;-0.280962;1.566724
4.316120;0.675735;-8.879471;-0.136813;0.447500;-2.423468;0.012294
3.394221;1.222437;-8.290430;0.660617;0.011949;-1.191754;-0.160350
1.289307;1.979825;-6.125994;1.420178;0.531169;0.343161;0.323493
1.696212;1.393660;-5.755587;1.244551;0.130614;-0.350820;-0.037284
2.245462;1.105247;-6.654810;1.409459;-0.142508;-0.393047;-1.114018
3.239941;0.470806;-7.359858;1.061133;-0.131307;-1.249962;-0.842515
2.854366;-0.095469;-7.089211;1.197151;0.168303;-0.555325;0.113550
1.941208;0.663224;-7.339841;1.839762;0.737046;0.685136;0.839684
2.662295;1.889861;-7.022826;2.208423;-0.069182;0.076942;-0.482148
2.596308;1.587813;-5.861325;2.364915;-0.131490;-0.444910;-1.131013
1.860529;1.900805;-6.652101;3.252350;-0.390541;-0.566206;-1.399529
2.422730;2.167692;-5.601275;2.735914;0.524421;0.297220;-0.189261
3.006555;2.790984;-6.527278;3.895248;-0.487510;-0.368490;-2.346621
2.698755;2.679436;-6.158654;3.254705;-0.271872;0.711966;0.705327
3.376025;2.295085;-7.442660;3.045172;-1.054982;-0.230523;-1.031097
2.856704;2.701456;-7.637987;2.478042;-1.015665;-0.697668;-2.542314
2.509973;2.681596;-6.763519;1.730150;-0.677861;-0.565193;-1.915003
4.917720;2.043691;-12.094119;3.877885;-1.074960;1.520194;-0.002966
-6.061114;-4.487233;0.108451;1.750116;2.331436;-1.147556;0.142307
-6.520395;-4.817723;-0.575976;1.896016;1.397312;-1.921849;-0.471110
-6.939751;-4.512660;-0.539470;1.525995;1.651065;-1.297693;0.241913
-6.900950;-6.363803;-0.093646;1.144992;2.865813;-0.471865;1.036409
-7.734904;-6.510276;-0.799227;2.052018;2.075815;-1.889275;-0.624088
-8.060540;-5.847185;-0.517445;1.677424;2.359755;-0.789304;0.249843
-7.472395;-4.953561;-0.835620;1.907234;1.624406;-1.596426;-0.562240
-7.802106;-6.085717;-0.618770;2.296726;2.092890;-1.112066;0.210322
-7.536462;-6.106953;-0.392561;1.926843;1.913210;-0.574391;0.394665
-7.456644;-5.384608;-0.778360;1.648244;2.238989;-1.405499;-0.729209
-7.918555;-7.595370;-0.141169;1.383098;2.767621;-0.684505;1.204786
-7.734592;-7.709418;-0.111988;1.103767;3.006589;-0.330323;1.745868
-7.759634;-6.762736;-0.365883;1.454171;2.847501;-0.596219;0.871537
-8.622587;-7.348163;-0.539867;2.036858;2.676182;-0.778096;0.886392
-6.655289;-7.509433;0.652828;0.881464;3.822278;0.253313;1.812548
-6.366604;-7.249129;0.556896;1.125512;3.341575;0.211187;1.189377
-7.877881;-7.175050;-0.330746;2.293594;2.402162;-1.218684;0.423425
-6.644215;-6.546082;0.359487;1.360175;3.250853;-0.002257;1.482376
-6.551700;-7.469261;0.409521;1.236655;3.624798;0.222486;1.414693
-8.125047;-7.214982;-0.534199;2.393414;2.033365;-0.883377;0.015697
-7.191422;-6.666756;-0.057921;1.786422;1.977397;-0.530724;0.733465
-7.375517;-8.362530;0.013190;1.738002;2.621437;-0.115652;1.039070
-7.631864;-8.048779;-0.040725;1.739218;3.062653;-0.179508;1.058299
-7.074492;-6.767880;0.154860;1.514372;3.032495;0.004028;1.391562
-7.681992;-7.453635;0.029651;2.119265;2.761492;-0.646792;0.771857
-7.057608;-7.591133;0.538841;1.459925;3.245651;0.238940;1.504788
-6.894435;-7.076251;0.194689;1.306959;3.150283;-0.284539;1.292085
-7.717723;-6.977141;-0.301414;1.877959;2.693691;-0.949583;0.651511
-6.497049;-5.866179;0.410067;1.126887;3.309704;-0.231697;1.422650
-6.479028;-6.271283;0.593042;1.219340;3.267376;-0.129426;1.372113
-7.513859;-6.272283;-0.380965;2.266821;2.493390;-1.146747;-0.053228
-6.782484;-5.904432;0.368482;1.624334;2.954593;-0.462516;1.599884
-6.683489;-7.770369;0.633197;1.313022;3.702114;0.144697;1.797270
-8.124374;-6.866542;-0.649948;2.378053;2.262679;-0.947093;0.140489
-7.230428;-6.642504;0.614799;1.421158;2.981622;-0.316539;2.041580
-7.473755;-7.955130;0.303362;1.870579;3.355549;-0.339518;0.956899
-7.602175;-7.976114;0.325884;1.907487;3.458483;-0.240796;1.679883
-7.288021;-6.911411;0.263299;1.934241;3.414511;-0.255759;1.349738
-7.842917;-7.427527;0.046574;2.582739;2.789826;-0.650719;0.852096
-6.873273;-7.131059;0.960874;1.892795;3.651563;0.012631;1.677777
-6.808981;-7.483916;0.886094;2.137033;3.685168;0.198936;1.152187
-7.573419;-7.609397;0.417551;2.844087;3.018927;-0.279684;1.024927
-6.839709;-5.855049;0.668346;2.339985;3.139417;0.148742;1.578628
-6.884358;-7.249147;0.795669;2.151867;3.578447;0.025287;1.728820
-3.834025;-5.915971;-12.526468;7.733894;0.372345;2.240035;2.110233
-2.909147;-8.296676;-11.945586;4.146775;2.151750;3.458013;4.762743
-8.316116;-8.208045;-1.064275;0.686764;2.572389;-1.530599;0.884414
-8.181118;-7.469633;-1.236638;0.944257;2.575267;-1.101607;-0.234723
-8.087841;-6.735953;-0.845690;0.602881;2.574156;-1.044964;1.196090
-8.559465;-8.107100;-1.088457;0.960498;2.660906;-1.269462;0.842642
-9.462671;-7.720828;-1.545536;1.389537;2.223692;-1.373972;0.194191
-8.931175;-6.536137;-1.406644;1.130286;2.142121;-1.640678;0.154928
-8.589358;-8.668050;-1.525347;0.427045;3.010009;-1.413894;1.835799
-8.711147;-8.517460;-2.004649;0.236135;2.225313;-1.527893;1.280650
-7.875737;-7.424319;-2.172247;-0.470120;2.988071;-2.070752;2.114020
-7.959216;-8.531828;-2.366015;-0.265893;3.329676;-2.191173;2.114098
-8.379490;-8.388316;-2.917420;-0.022931;3.185962;-2.589285;1.779266
-8.369803;-6.869680;-1.729311;0.317664;2.256200;-1.635417;1.306735
-8.735019;-8.928897;-1.040817;0.906389;2.558774;-0.289396;0.942887
-10.019879;-8.216673;-2.031389;1.875219;1.731829;-1.373150;-0.405040
-9.077201;-7.733527;-0.990331;1.001533;2.498574;-1.305327;1.427960
-9.136127;-8.557120;-0.776521;1.166295;2.810942;-0.758876;1.238818
-8.694417;-8.759972;-1.080193;1.112148;2.362171;-0.485740;0.751726
-7.620890;-6.574038;-0.778308;0.166272;2.704675;-0.896429;1.076769
-7.512714;-8.121458;-0.595515;0.008761;3.421907;-0.354470;1.662217
-9.033208;-7.347040;-1.459343;1.041945;2.374865;-1.398776;0.456618
-3.979995;-7.317538;-2.691374;-0.481485;2.286632;-2.167782;-5.312249
12.520251;-14.639930;-5.333557;-3.142641;8.237670;7.433775;-5.847522
-0.219190;-5.491434;-11.158227;2.673182;1.133756;4.501873;4.542923
-3.157804;-5.753539;-0.195554;-3.003657;3.623824;-0.324667;3.176580
-3.318897;-7.646353;-1.167366;-2.823562;4.497664;-0.554497;3.148291
-4.316344;-7.108113;-0.619734;-1.967887;3.452482;0.002663;2.183330
-2.825732;-4.923620;-0.098383;-2.995269;3.606496;-0.135823;3.184344
-3.512600;-8.330946;0.167774;-2.349186;4.108765;0.735260;1.352175
-7.000544;-8.004822;-0.931722;-0.084783;2.055094;-0.783973;0.463670
-4.855921;-7.335000;-0.659051;-1.517450;3.328335;0.157222;0.806983
-4.417483;-2.318740;-1.941411;-1.506204;1.474244;-2.603496;0.143363
-4.235368;-1.497451;-1.958404;-1.631619;1.378601;-2.912814;0.054178
-4.688262;-3.592286;-0.730392;-1.790900;2.009404;-1.419427;0.738278
-5.342542;-4.876635;-0.011277;-1.262913;1.881961;-0.312631;1.878940
-3.799999;-4.311994;0.252566;-2.112561;2.642880;0.553598;1.978095
-3.847977;-3.706344;-0.074191;-2.031314;2.401987;0.329047;1.180412
-5.311438;-4.488708;-0.248563;-1.106500;1.683573;0.106594;0.979464
-4.453648;-4.068229;-0.032936;-2.157570;2.742603;-0.050796;1.959928
-3.442461;-2.205919;-1.649057;-2.745001;2.460156;-2.136667;2.124164
-3.634482;-5.477900;-1.916344;-2.911231;4.030204;-1.390643;3.431733
-5.883972;-3.916881;-1.814033;-1.043532;1.770391;-1.452181;1.234761
-5.027151;-3.173430;-1.149831;-1.987471;2.685833;-1.485734;2.815861
-4.857748;-4.486776;-1.106955;-2.226741;3.259107;-1.243848;2.775791
-5.653421;-3.882980;-1.326059;-1.268856;1.973598;-1.752144;1.342906
0.789411;-4.958924;0.130320;-0.889038;-0.150548;-4.104582;0.398054
14.775058;-14.201614;5.468748;1.671294;-3.974438;-9.633919;1.413703
24.419170;-26.129415;9.555793;0.942827;-2.851746;-9.635251;2.386568
30.747953;-29.920805;-1.823297;3.367598;-0.080990;-1.526883;1.347920
-1.226905;-5.817805;-10.944515;4.823818;1.131600;3.353861;3.782789
-3.314820;-5.646876;1.446035;-1.021028;4.082801;1.391730;1.974758
-3.543965;-4.459947;0.969191;-0.834847;3.686365;1.038532;1.845427
-5.635121;-4.931834;-0.032121;0.460824;2.242606;-0.644855;0.837530
-3.710285;-4.886238;0.967705;-1.050017;3.757907;0.868355;2.163094
-3.515284;-5.587462;1.134118;-1.267876;4.000862;0.998571;1.670533
-5.768702;-5.586727;0.161293;0.380384;2.565163;-0.623735;0.918417
-4.220389;-4.576839;0.873208;-0.729214;3.556216;0.832745;2.188298
-3.797997;-6.350226;1.023207;-1.175089;4.267573;1.218242;2.094253
-5.705102;-5.408264;0.028477;0.307216;2.764185;-0.459008;1.017799
-3.771661;-4.730396;1.324955;-0.473922;3.122429;0.397346;2.243929
-4.091996;-6.724852;1.243644;0.165284;3.524447;0.492249;1.424030
-4.680232;-6.671879;0.158105;0.166213;2.372242;-0.062709;0.896048
-4.262373;-5.056393;0.364455;-1.178542;3.315579;0.435587;2.144323
-5.047429;-6.513727;0.056331;-0.665022;3.176768;-0.066229;1.178316
-4.426775;-6.847103;1.007201;-1.460086;4.210053;0.664492;2.569176
-4.597355;-5.221807;0.765876;-0.982504;3.703950;0.611959;2.001145
-6.130864;-5.766147;0.015471;0.151103;2.866566;-0.211331;1.652942
-4.154935;-5.366822;1.079013;-0.931913;3.830117;0.406514;2.796023
-3.728596;-6.146015;1.085562;-1.003988;4.223501;0.837682;2.274212
-5.385924;-6.062488;0.749869;-0.299312;3.493083;0.019571;2.248836
-4.125444;-3.489574;0.715729;-0.604376;3.124713;-0.296629;1.131710
-3.888826;-5.909073;0.795611;-0.629963;4.245660;1.065682;1.481915
3.487371;-9.314823;1.002280;0.835450;-1.767208;-8.024618;-2.828859
21.147697;-21.313240;7.974170;0.888188;-0.116970;-8.716220;-0.411251
32.550193;-24.664170;-1.089949;5.146005;-0.271576;-3.007220;1.238256
13.321930;-6.265911;-6.695485;2.041283;-2.390218;5.537605;3.854423
8.574293;-13.372305;5.079637;-1.610296;2.273069;4.674779;0.198723
-0.115277;-8.266664;1.800188;1.012686;4.015901;0.267175;1.649471
-1.285912;-7.631203;0.925872;-2.519778;4.660380;1.087031;3.439426
-2.848318;-7.809596;-1.026150;-2.396241;3.991666;-0.395822;3.015289
-2.360663;-5.727112;-1.812112;-2.900867;3.653020;-1.536918;1.957807
-3.021722;-7.953278;-1.587584;-2.302328;4.407607;-0.298580;1.532373
-1.637935;-8.518039;-0.070672;-2.306535;4.111389;0.423995;2.365953
0.043212;-4.000863;0.031934;-3.356003;3.569169;-0.186133;3.150484
-1.514136;-7.384167;0.642251;-2.927417;4.768560;2.238672;1.733508
-3.559142;-6.200886;0.771962;-1.670613;3.770030;1.080602;1.800075
-2.639520;-3.714890;0.789994;-2.447153;3.656910;0.768899;2.081469
-3.845644;-5.341687;0.182665;-1.295918;3.115372;0.542620;1.293783
-2.392756;-5.525388;1.035307;-2.319930;4.432869;1.520102;2.177750
-1.761220;0.249117;0.409749;-1.767341;1.882255;-0.515732;1.061546
-1.517110;-6.245965;1.346529;-2.730027;4.934858;1.819202;2.265374
-3.438562;-6.180155;0.292237;-1.945575;3.810735;0.506356;1.721753
-2.185124;-4.216820;0.361736;-3.020063;4.420247;0.826589;3.016666
-1.997557;-6.614252;-0.921370;-3.336142;5.009530;-0.018056;2.995660
-1.417767;-6.644221;-1.251155;-3.820859;5.686256;0.412205;3.266934
-1.565183;-5.531238;-0.052602;-3.967039;4.966197;0.329690;3.461884
-3.650109;-5.471771;-1.752638;-2.312102;3.536755;-1.677511;2.034472
-2.297899;-4.874200;-1.115304;-3.250685;4.251655;-0.989187;3.713927
-2.264201;-7.613804;-0.877428;-3.246193;5.240278;-0.044294;3.345349
-3.364939;-6.655781;0.064319;-2.501691;3.508683;1.210218;2.035556
-3.172087;-5.238068;0.809629;-2.772828;3.479480;1.113380;2.106512
-4.810533;-6.639685;0.256515;-1.140230;2.196821;0.396573;0.814074
-2.146532;-6.842436;-5.358907;0.608539;2.666403;3.517476;3.000043
-4.005630;-5.978150;-5.449945;3.797766;1.455290;1.442690;2.239239
-4.021326;-6.083937;1.103335;0.440117;3.617794;1.393329;1.337489
-4.270662;-4.705522;1.339625;0.014957;3.387943;0.425356;2.151285
-4.905660;-4.483190;0.871814;0.736996;2.597759;-0.662221;1.239416
-3.646494;-3.365178;1.370510;0.404438;3.213098;0.591208;2.320231
-3.611757;-6.893671;1.469837;0.382282;4.241970;1.574901;1.595731
-4.444362;-6.550005;1.101904;1.130935;3.712058;0.524823;1.089276
-3.991695;-5.401155;1.635864;0.629377;3.731945;0.449957;1.761411
-4.917352;-5.944431;1.152044;1.087078;3.205181;-0.379648;1.269317
-3.652732;-5.376079;1.591762;0.341494;3.957793;0.639672;2.295286
-3.848843;-4.584698;1.422142;0.672795;3.601910;0.583581;1.846659
-4.033974;-4.492141;1.082971;0.847697;3.176799;0.349017;1.334980
-3.591246;-4.738323;1.478344;0.245749;3.404188;0.807725;1.636930
-4.736478;-6.237994;0.890694;1.263672;2.450542;-0.102459;0.351905
-3.883967;-6.394687;1.252620;0.588718;3.696303;0.882841;1.516052
-4.012864;-4.698464;1.083653;0.587887;3.523492;0.296591;1.500366
-5.196389;-5.185817;0.258806;1.751840;2.579801;-0.570821;0.118513
-3.981335;-5.315853;1.145073;0.687383;3.226413;0.532121;1.096646
-4.161326;-6.972072;1.384298;0.551264;3.975293;1.035376;1.383420
-4.865481;-6.987649;1.066687;0.775782;3.538368;0.516304;1.705173
-3.878989;-4.501182;1.555952;-0.033607;3.655830;0.569615;2.710315
-4.002632;-8.370062;1.397369;0.419889;4.415188;1.118628;1.518016
-4.923814;-7.901221;1.220620;0.825888;3.800262;0.182221;1.517253
-3.348981;-6.179083;1.125948;-0.472826;3.334371;-0.190463;2.827243
3.501971;-8.951794;-3.477123;4.278613;0.953177;-1.322305;2.912994
1.007656;-7.492035;-10.394218;4.274647;2.514703;4.945341;3.576056
-3.043380;-6.462863;1.435573;-0.161997;3.883722;0.906007;1.357052
-3.662316;-8.583047;1.089522;0.388206;4.253027;1.363203;0.885041
-3.188277;-8.693983;1.474464;-0.110418;5.205938;1.770594;1.464706
-3.100419;-7.985643;1.480009;-0.169377;4.983900;1.627548;1.640491
-6.140713;-7.986072;0.513658;1.198526;3.549628;0.140995;1.165416
-3.924545;-6.379440;1.059996;-0.021020;3.796866;0.471020;1.288542
-4.122931;-7.045892;1.095878;0.066358;4.094578;1.133830;1.632641
-7.252672;-5.759103;-1.231269;2.587096;1.376555;-1.757417;-1.895698
-2.140670;-7.319686;1.547201;-0.650000;4.784146;1.538787;1.168021
-1.678178;-4.376791;1.954149;-1.088302;4.277955;1.515877;1.815580
-3.312379;-6.509066;1.271836;0.132264;3.459551;0.285932;1.078557
-1.305558;-6.908577;2.221562;-1.159000;5.391616;2.331404;2.128888
-1.213115;-3.280625;1.453274;-0.176543;3.864886;0.793835;1.199269
-3.271197;-6.135358;1.259345;0.833651;3.866837;0.213025;0.891030
-2.628533;-6.713036;2.050500;-0.140204;4.915990;1.780923;1.824434
-2.781965;-5.526744;1.792807;-0.067408;4.330366;1.005163;2.010549
-4.743014;-6.461352;1.040182;1.233919;3.433086;0.212123;1.320576
-3.217651;-5.370635;1.945288;0.524448;4.152556;0.883294;2.296512
-3.257857;-5.845211;2.219073;0.580703;4.530963;1.367554;1.975668
-4.990388;-5.762145;1.306588;1.925316;2.907675;0.000988;1.067959
-3.477099;-4.083518;1.594718;1.022615;3.095868;0.927443;1.647667
-3.508606;-6.663776;1.688176;0.941584;4.116759;1.471657;1.250826
-4.070131;-6.400245;1.307314;1.504988;3.942118;0.800882;0.754339
-3.462671;-5.302883;2.074352;0.915608;3.975792;1.108638;1.907597
-4.528581;-6.102613;1.570366;1.821829;3.687928;0.472191;1.181531
-3.511779;-5.349174;1.694461;1.103007;3.961964;1.281278;1.643675
-3.134399;-7.052931;2.123377;0.169084;4.625157;1.257501;2.726510
-5.408087;-6.265100;0.905731;1.586787;3.091736;-0.331477;1.439900
-4.097289;-4.090206;1.495523;0.999281;3.344204;0.147064;1.533200
-4.072427;-5.987462;1.684833;0.738265;4.164012;0.925025;1.833715
-5.380430;-5.483995;0.942593;1.612902;3.445665;0.211869;1.620837
-4.200185;-3.162370;1.341737;1.227373;3.215619;0.091273;1.972196
-4.342799;-4.172018;1.404253;1.300686;3.252828;0.151574;1.934256
-3.949429;-4.177250;1.385514;0.682200;2.792167;0.870795;1.403449
-3.910742;-4.440105;1.340094;0.208239;3.530131;0.712000;1.522219
-5.548242;-5.159415;0.368740;1.273282;2.450401;-0.745225;0.806583
-3.830317;-5.466153;1.865885;0.207718;3.938043;0.505772;3.230078
-3.145179;-8.201495;1.867776;0.244657;4.481428;0.976009;1.984163
-5.967337;-9.239641;0.897092;1.704060;3.499489;-0.064777;0.995712
-5.183948;-7.239834;1.563801;1.178495;3.909518;0.406629;2.102120
-5.033763;-8.555332;1.476309;1.061329;4.396988;0.843534;2.267862
-7.560367;-7.832948;-0.172419;2.379597;2.462235;-1.107426;0.399542
-5.725203;-7.198476;1.172926;1.106361;3.770800;0.228457;2.276889
-5.897445;-8.796576;1.233586;1.271522;4.066021;0.413457;1.760182
-6.324445;-8.727219;0.850385;1.569026;3.396632;-0.093173;1.296453
-5.090571;-6.660979;1.453440;0.959746;3.926653;0.704637;2.484089
-5.775048;-8.466763;1.125891;1.525513;4.081474;0.426595;1.514267
-6.156495;-8.209205;0.706900;1.664702;3.734413;0.766457;1.166789
-5.612239;-6.728262;1.117147;1.093018;3.648435;0.326567;1.427811
-6.522041;-7.409980;0.445217;1.832594;3.062574;-0.650150;0.347727
-5.756319;-7.180136;0.963876;1.131396;3.936105;0.786226;1.848802
-3.417790;-5.490159;-4.803983;3.158598;2.364167;1.899447;2.359582
1.658133;5.810065;5.530359;6.760710;2.438186;0.486501;1.201609
1.924821;5.811615;5.093235;5.914595;2.303924;-0.442385;1.154199
1.791686;5.579566;4.697924;5.002084;2.515950;-0.140288;1.384254
2.084822;5.426537;5.241638;4.795917;2.702050;0.052951;1.829110
1.909529;5.577522;5.425357;5.817874;2.640619;0.821426;1.789157
1.752769;6.193790;4.943360;6.422490;2.655487;0.368880;0.802879
1.906013;6.578693;4.463551;6.254102;2.270351;-0.389383;-0.280736
1.768616;6.284857;4.849518;6.154956;2.489129;-0.051965;0.674135
1.855227;6.415138;4.899176;6.370321;2.739996;0.409067;0.821154
2.445099;6.805092;4.932290;6.286055;2.147783;-0.722737;-0.365664
2.782931;5.992825;4.841420;5.034156;1.712822;-1.486354;0.265012
2.257445;5.934702;4.187839;4.523984;1.657429;-0.938157;0.111946
1.960306;5.890086;4.621610;4.711673;1.971123;-0.115918;1.032914
1.992527;5.514804;4.812571;4.993467;1.850744;0.098238;1.359387
1.746073;6.229694;4.855303;5.839794;2.698874;0.056876;0.662043
3.433488;6.025069;4.818090;6.394236;2.259512;-1.153128;-0.483600
3.514608;5.032473;5.488537;6.485025;2.363762;-0.329778;1.022404
1.758312;4.914064;5.391522;6.612639;2.857988;0.642440;1.593991
1.127267;5.005528;4.986843;7.084306;2.829313;0.233132;0.941476
1.126431;5.078734;5.074590;7.046462;2.843529;0.203490;0.545472
1.208705;4.996973;5.266686;6.874590;2.981234;0.068118;0.932509
1.011306;4.821125;4.825559;6.533011;2.485387;0.164014;0.888765
0.912918;4.991707;4.883190;6.211657;2.753975;0.229420;1.437311
0.894974;4.776822;4.930174;6.630755;2.727801;0.418362;1.455574
0.943445;4.970420;5.204456;6.520851;3.058327;0.425989;1.343383
1.458645;5.876868;4.653341;7.127798;2.169001;-0.404958;-0.350204
1.162487;5.323340;4.716266;6.672848;2.694266;0.191920;0.720436
1.046041;5.261746;4.574790;6.793243;2.558109;0.289855;0.494652
1.498743;5.375123;4.508957;6.796587;2.379538;0.036376;-0.027400
1.414964;4.739077;5.108723;6.280417;2.945981;0.216722;1.114934
1.086191;4.937304;4.890397;6.461413;2.531210;-0.162661;0.577874
1.339285;5.292322;4.540785;6.498254;2.306149;-0.059506;0.203035
1.340875;5.163633;4.732930;6.514785;2.533346;0.096810;0.511276
1.202209;5.373478;4.556204;6.931535;2.550327;-0.288733;0.106836
1.103734;5.597866;4.830758;6.710962;2.641140;-0.076105;0.415048
1.189453;4.854123;4.909599;6.223362;2.673118;0.313383;0.924838
1.238011;4.874073;4.723017;6.052411;2.788561;0.585623;1.295719
1.245105;5.255333;4.889199;6.105623;2.664788;0.648595;1.733123
1.752744;5.239333;5.054323;5.793781;2.708181;0.954228;1.686756
1.636235;5.655193;4.889916;5.614524;2.878835;0.481774;1.176252
1.501992;5.685073;4.763625;5.572773;2.567521;0.248812;0.987251
1.757417;5.886113;4.678829;5.255766;2.516147;0.261592;1.269960
1.650591;5.777853;4.526208;4.971621;2.809097;0.047762;1.359566
1.551018;5.953120;4.196705;4.969339;2.484495;-0.095873;0.704046
1.445024;6.302326;4.164659;5.114766;2.302996;-0.253503;-0.346982
1.298555;5.647779;4.468972;5.356672;2.288346;0.049954;0.393747
1.533431;5.710615;4.367989;5.481428;2.552604;0.290925;0.382125
1.533911;6.097220;4.277359;5.578508;2.318031;-0.004351;0.401885
1.605120;5.601845;4.668566;5.332862;2.677314;0.153981;1.197789
5.799029;4.673045;-7.843669;8.416888;1.585149;3.479864;4.102376
4.239572;4.821837;-0.938400;9.051216;1.719828;1.259636;1.276789
2.852861;5.273692;5.705297;7.678361;2.269537;-0.551605;-0.101413
3.003921;6.142907;5.170896;7.594476;1.878571;-1.164582;-1.470244
2.145500;5.807472;5.290919;7.515165;2.455679;0.067090;0.106774
2.064728;5.839006;5.139747;7.950684;2.384464;-0.253259;-0.490301
2.109185;5.774134;5.050448;7.800790;2.022456;-0.426103;-0.459636
2.135743;5.833716;5.507175;7.235292;2.543037;-0.305269;0.308802
2.175747;5.616160;5.086120;7.288258;2.273289;-0.743446;-0.436734
1.894873;5.952547;4.498890;7.644495;1.989321;-0.838385;-1.007215
2.221524;6.210002;4.448286;7.869072;1.751903;-1.076995;-1.605758
2.179876;6.284251;4.571359;7.798917;1.719540;-1.202594;-1.491141
2.029270;5.965421;4.798600;7.579493;2.041122;-0.767902;-0.780513
1.946399;6.256935;4.801874;7.531564;2.205638;-0.622608;-0.882146
1.903309;6.166016;4.912987;7.406515;2.400181;-0.249152;-0.314753
2.042269;5.846016;4.934075;7.265098;2.266898;0.022376;0.035157
2.439161;6.472720;4.587126;7.089414;2.046038;-0.707571;-1.543132
2.276786;6.512410;5.094557;6.819187;2.291432;-0.423668;-0.920628
2.133864;6.238037;5.386348;6.805415;2.407080;0.246377;0.532965
2.449703;6.764724;4.867570;6.701278;2.350725;-0.082403;0.006600
2.199453;6.670069;5.087517;6.420760;2.724579;0.300463;0.643166
2.464385;6.517527;4.924670;6.635679;2.514246;-0.065654;-0.028879
2.609735;6.870248;5.071879;6.626188;2.463040;0.017356;-0.129968
17.414713;-3.366504;4.266861;1.211413;8.473267;11.112293;-12.739197
31.470736;-35.466899;9.420657;-9.122312;29.726165;34.964177;-26.901562
29.411939;-34.670597;2.757852;-5.352921;22.199708;24.941435;-19.421090
5.113700;5.596352;-1.654815;7.656073;1.747517;0.930556;0.316059
2.853629;5.988117;5.836602;5.426975;3.260160;0.609810;1.731916
3.148294;6.681145;5.538720;6.261707;2.930317;0.369056;0.420167
3.051491;5.806734;5.442890;6.421416;2.984960;0.592429;0.634020
2.686615;5.746821;5.527249;6.138568;3.007871;0.951836;1.175293
3.109740;6.208953;5.429393;5.830455;2.424613;0.299890;0.996490
3.044567;5.366673;5.672079;5.734812;2.918198;0.867673;1.213454
2.621165;5.623802;5.582536;6.253725;2.906297;0.337028;1.019811
2.968814;6.640392;5.441305;6.261455;2.724133;0.117193;0.354269
3.243016;5.512515;5.945150;6.410031;3.048139;0.886283;1.371397
2.987888;5.825476;5.794296;7.040455;2.751826;0.260316;0.865100
3.075165;6.704615;5.778301;6.832449;2.669039;0.153387;0.215317
3.082371;6.326065;5.961930;7.174176;2.901973;0.408813;0.454851
2.884096;6.401160;5.879626;7.195979;3.136803;0.800060;0.992756
3.288385;7.156096;5.367075;7.304362;2.584942;0.073385;-0.255704
3.370789;6.397014;5.636675;6.883023;2.922097;0.453691;0.484396
3.099651;6.351602;5.963933;6.576067;2.893361;1.063570;1.214398
3.947395;6.688837;6.079388;5.852272;2.922831;0.842926;0.890514
3.626580;6.445981;5.580104;5.736935;2.911142;0.673334;0.546899
2.991265;6.882117;5.095445;6.456971;2.669592;-0.147574;-0.098743
3.024663;7.174229;5.253456;6.432767;2.664501;0.052882;0.158813
3.052218;6.500624;5.542394;6.475491;2.676874;0.194506;0.271154
7.094913;3.989337;6.321744;6.606431;1.491504;-2.528082;-1.640394
20.514938;-6.448595;10.780900;6.665176;0.619864;-3.804868;0.135519
32.119020;-15.452122;7.306183;6.738132;0.192952;-3.083239;4.420547
5.272638;6.103291;-0.326900;7.637011;2.112073;1.793464;1.716051
3.422782;6.989458;5.536868;6.575821;2.553194;-0.020663;0.265228
3.491554;6.823164;5.561850;6.617199;2.650390;-0.162363;-0.142069
3.730797;6.773525;5.691549;6.487287;2.802128;0.426571;0.643302
3.688543;6.372999;5.970828;6.293188;2.907315;0.753396;1.273044
3.477394;6.647011;5.468106;6.903516;2.475604;0.174832;0.203141
3.968812;7.026687;5.693198;6.591605;2.583782;-0.017315;-0.229797
3.552745;6.314274;6.025103;6.402327;2.846742;0.782171;0.745316
3.115544;6.500124;5.504369;6.800252;2.327954;0.378656;0.397909
3.410843;7.123144;5.037868;6.894933;2.089196;-0.439419;-0.979409
3.012988;6.479492;5.613830;6.934189;2.654742;0.444494;0.562379
2.840195;6.658317;5.596555;7.617198;2.384784;-0.249840;-0.103091
3.146428;5.749806;6.079234;7.399072;2.735397;0.270971;0.607210
3.121905;5.811845;5.972116;7.190188;2.982456;0.517264;0.773282
3.130194;6.551431;5.413481;7.164160;2.465829;-0.150077;-0.186913
2.618057;6.019807;5.669060;7.011464;2.836972;0.494664;0.881335
2.737611;6.063424;5.368255;7.529445;2.317093;-0.670684;-0.843599
2.500582;5.656745;5.628163;7.880929;2.413638;-0.243303;-0.117743
2.163142;5.861918;5.410874;8.111352;2.598469;-0.002748;0.129801
2.663125;5.904525;5.926432;7.397074;3.001762;0.716910;1.000726
2.772290;6.493731;5.628892;7.506583;2.611981;0.087553;0.324130
2.757171;6.629911;5.452519;7.600702;2.285461;-0.162917;-0.042864
7.198218;5.751373;-7.517239;10.262667;0.810110;2.777254;2.412581
10.020054;3.458569;-5.872456;8.403264;1.469456;3.725179;3.551931
5.773825;4.728728;6.041267;6.271863;2.489337;0.241672;0.160864
4.238718;5.446915;5.574456;6.985836;2.389417;0.210942;-0.245538
3.211637;5.984978;5.606869;7.176127;2.675708;0.599815;0.958646
3.483666;6.484082;5.571058;6.947099;2.414290;-0.074591;0.064820
3.062756;5.673923;5.621090;6.598392;2.772193;0.534195;0.460397
2.873897;6.116087;4.672249;7.672549;2.145487;-0.765340;-0.899692
3.356729;6.045124;5.523279;7.632730;2.089877;-0.661037;-0.249259
3.009053;4.632482;6.071867;7.492229;3.175119;0.818449;1.205676
2.284865;5.370587;5.573392;7.864761;2.663367;0.105359;-0.107166
2.460381;5.760943;5.852886;7.616644;2.653391;0.289670;0.610611
2.454065;5.322241;5.567455;7.395634;2.535409;0.199175;0.849301
2.913694;5.299322;5.395445;7.061014;2.135182;-0.248075;0.298886
2.374350;5.420527;5.464830;6.642158;2.586834;0.200800;0.965737
2.040032;5.441603;4.502627;7.516964;1.882314;-0.734323;-1.444737
2.054312;5.684771;4.802180;7.820469;1.733552;-1.192029;-1.457859
1.917530;5.368695;5.127688;7.607356;2.193258;-0.539551;-0.338691
2.349525;4.786465;5.675205;7.064579;2.893521;0.366099;0.807570
3.017742;6.090572;4.834737;7.341701;1.625868;-1.423297;-1.917285
2.558725;5.526999;5.067361;6.862876;2.174799;-0.643565;-0.232614
6.191346;4.511497;-8.534510;10.332443;0.565718;2.662367;1.709290
4.410664;4.443995;-0.826791;7.254787;2.067056;1.506958;2.001342
2.592290;5.122327;5.136774;6.075507;2.469847;0.058347;0.589073
2.739951;5.301464;5.332562;6.457020;2.622233;0.006503;0.565234
3.102785;5.709512;5.202743;6.565198;2.691089;-0.022030;-0.045105
3.079468;5.369924;5.291784;6.430387;2.932175;0.419388;0.661335
3.543255;5.045624;5.481569;5.957056;2.669362;0.591220;1.054566
3.309464;5.487543;5.423835;5.680310;2.720726;0.503205;0.798204
2.905337;5.645644;5.091627;6.064499;2.638111;0.094756;0.462951
3.308771;6.026724;5.178485;5.947160;2.751915;0.301106;0.440881
3.827974;5.890787;5.170819;6.432956;2.296803;0.090708;0.104893
4.103920;6.134542;4.916808;7.217261;1.975531;-0.618550;-0.989317
3.999735;5.902250;4.969074;6.868114;2.115630;-0.755181;-1.767262
4.190539;5.661732;5.707481;5.519145;3.221881;0.922460;0.248717
4.100321;6.876492;5.446750;5.547767;2.697380;0.609020;0.747678
3.990188;5.848888;6.010403;6.007874;2.652590;1.109709;1.452869
3.468240;6.274339;5.016709;7.607634;2.101203;-0.452613;-1.068411
3.541250;6.037962;5.657791;6.946019;2.157302;-0.207831;-0.088423
3.572072;6.636150;5.456104;7.459181;1.655905;-0.707128;-0.978407
3.695860;6.268969;5.773710;7.174080;2.651899;0.384758;0.361942
3.783990;6.093095;5.674641;7.232473;2.893951;0.515647;0.361338
3.317561;6.171053;5.301235;7.611250;2.403745;0.016087;-0.278490
3.379490;6.270729;5.649195;7.183120;2.567159;0.234309;-0.140810
7.595528;5.105835;4.990740;7.839682;-0.231084;-2.427547;-5.554393
31.337684;-10.617092;10.875716;2.413583;-2.230704;-10.558094;0.509990
46.460865;-22.507192;9.172468;4.468519;-2.765857;-10.150587;4.581264
8.247655;3.104489;-6.705688;8.301867;2.980056;4.480527;3.478280
4.198510;4.198155;5.216241;5.922163;3.120230;0.459969;0.096120
4.550759;4.655142;5.584640;5.422850;3.449754;1.248593;0.791725
4.709745;5.341575;5.386992;5.643443;3.306998;0.703441;-0.107525
4.197390;5.349405;5.287065;5.936461;2.554613;-0.256600;-0.627004
4.596020;5.842064;5.250824;5.531390;3.105118;0.483140;-0.466674
4.713373;4.554926;5.534429;5.802598;3.013548;1.092223;0.311536
3.750132;5.397032;5.239357;6.604182;2.793928;0.499211;0.070755
4.163049;6.183613;5.262725;6.231644;2.996779;0.359609;0.068887
3.781714;5.437094;5.785903;5.842150;2.916575;0.238882;0.153907
3.913442;5.420303;5.569077;5.556415;3.086302;0.273400;-0.264335
4.232835;5.262819;5.334074;6.021715;3.102346;0.629766;-0.191365
3.595381;5.644782;5.424678;6.622987;2.476725;-0.323928;-0.391386
4.000125;6.342590;5.366562;5.928148;3.051151;0.330950;-0.143412
4.464931;6.062841;5.062649;5.839219;3.148260;0.194344;-1.344754
4.082539;5.790688;5.054361;5.912771;2.451670;-0.443922;-0.968981
8.608649;3.993423;5.600806;4.049082;4.488301;3.241210;1.941499
12.099807;4.804351;5.372412;3.913377;3.319573;1.221417;1.325442
8.380387;6.000739;5.604042;4.370181;2.977711;0.490517;-0.290629
4.835848;6.533812;5.026781;4.935273;3.010738;0.903684;0.492207
4.481383;7.314878;4.137147;6.007890;1.770467;-1.069724;-1.837290
4.049952;6.504800;5.190155;5.642411;2.916340;0.403752;0.034757
3.840863;6.270875;4.822903;6.074919;2.508654;-0.391208;-1.056090
4.008399;6.761590;4.477707;6.078595;2.135281;-1.003578;-1.866627
3.600837;5.706672;5.155772;5.537355;2.837910;0.649605;-0.256380
3.402134;5.651832;4.600724;5.981156;2.555362;-0.164229;-1.465057
4.193253;5.912717;4.723732;5.454929;2.514810;-0.128713;-1.442284
3.641084;6.225264;5.294773;5.239089;2.742247;0.553547;0.428033
3.412068;6.184835;5.211268;5.630082;2.533354;0.038463;0.325627
4.071074;6.589700;5.174242;5.650818;2.684416;0.186852;0.166165
4.419801;6.773144;4.974358;5.796984;2.345610;-0.469910;-0.757017
4.847507;6.580045;4.987308;5.290731;2.334878;-0.193936;-0.775826
4.397542;7.768254;5.008663;5.651803;2.152154;-0.457555;-0.902114
4.208096;7.292161;4.667016;5.907261;2.357816;-0.499084;-1.529828
3.601136;6.761608;4.777263;6.175497;2.173433;-0.091602;-0.523981
4.074881;6.409207;5.035088;5.971831;1.970533;-0.221875;0.006887
4.046365;7.040678;4.397150;6.158485;1.696600;-0.872028;-1.259182
3.962953;6.899001;4.800074;6.345090;2.316670;-0.362153;-1.170584
3.798483;6.280474;4.878214;6.373803;2.414703;-0.177827;-1.367138
3.706442;6.569988;4.467029;6.922744;1.733063;-1.138495;-1.910232
3.384267;6.406350;4.760318;6.674898;2.171571;-0.520020;-0.782910
2.802858;6.334063;4.587190;6.815733;2.164451;-0.639414;-0.614829
2.805280;6.192396;5.087857;6.325750;2.327063;-0.083978;0.246468
3.034348;6.112003;5.048248;5.817800;2.363721;0.126208;0.239728
3.265478;5.946588;5.002381;5.925551;2.162120;-0.100954;0.225840
3.316216;6.463202;4.814501;6.682695;2.173273;-0.556774;-0.905688
2.952741;6.644935;5.030749;7.019674;2.490334;-0.196228;-0.343022
3.000437;6.387172;5.461713;6.807626;2.802022;-0.090050;0.174771
3.467015;6.513916;5.644092;6.342563;2.689288;0.298124;0.656651
3.506401;6.254024;5.562537;6.378037;2.471303;0.505880;0.817361
3.464366;7.082655;4.685750;7.610079;1.757652;-1.066251;-1.792292
3.275209;6.364930;5.285892;7.264510;2.361344;-0.039246;-0.234510
2.849327;6.095625;5.707890;7.259598;2.303206;0.210964;0.393069
2.818921;6.373691;5.724997;7.525788;2.399608;0.116080;0.186003
3.270783;5.775165;4.863616;7.389798;2.459920;-0.012501;0.061257
1.956577;3.621224;1.857206;-3.319515;-0.690356;0.419900;0.492434
2.608265;3.971240;1.787694;-3.536491;-0.289957;1.071277;0.660020
2.962781;5.488455;1.395732;-3.101599;-0.758584;0.868864;0.175751
2.423679;6.473236;0.910237;-2.865559;-1.492174;0.352666;-0.982725
2.140622;6.387668;1.203819;-2.957499;-1.480465;0.210900;-0.932268
2.396069;5.826495;1.772472;-3.254147;-1.596772;0.311806;-0.574037
2.778369;6.153598;1.145501;-3.151579;-1.879302;-0.192440;-2.090225
2.700210;4.791188;1.074865;-3.067015;-0.867502;0.902032;-0.912229
2.369478;3.829375;2.115778;-3.078235;-1.021215;1.412092;0.754858
2.815142;4.275938;2.637953;-3.983137;-0.363576;1.791696;2.348842
3.483558;5.701465;0.807370;-3.646436;-0.599256;-0.392858;-0.023078
3.046077;5.762288;0.634341;-3.874280;-0.751498;-1.091005;-0.041312
2.798801;5.830156;1.307089;-4.536902;-0.173696;-0.007200;0.334381
3.223701;6.435254;0.823274;-4.763309;0.491541;-0.638682;-0.935419
3.175629;6.989325;-0.122517;-4.648299;0.409275;-1.403105;-2.061393
3.395252;6.041991;0.235665;-4.214080;0.110846;-0.808550;-0.247984
2.690344;5.616192;0.990182;-4.277477;0.574906;0.631549;0.503555
3.515223;5.442658;1.161232;-4.349520;-0.251192;0.596500;-0.056323
3.234930;7.076528;1.369732;-3.833569;-0.890002;-0.064020;-1.208116
3.346724;6.737781;1.209583;-3.616972;-1.057303;0.122953;-1.244652
3.097447;6.729162;1.033366;-3.481440;-0.466373;0.745350;-0.427095
2.875983;6.194928;1.399204;-4.155298;-0.516695;0.465438;-0.555907
2.847741;6.294086;0.456162;-3.265448;-1.645025;-0.922186;-2.742104
2.346743;6.444900;0.509276;-3.333743;-1.027093;-0.680538;-1.627367
2.910928;5.818740;0.710940;-3.454726;-1.381032;-1.189982;-1.800979
3.322712;4.613831;1.067887;-3.559226;-0.894935;-0.423308;0.039409
3.047211;5.280633;1.011754;-3.410062;-0.715758;-0.401938;-0.269784
2.107504;5.749051;1.491337;-3.407839;-0.691841;0.431320;0.231632
1.870763;6.179036;1.454078;-3.033816;-1.335692;0.462631;-0.633187
2.384605;6.786850;1.092361;-3.039584;-1.519430;-0.452040;-2.068171
2.405635;6.335976;0.993920;-2.984124;-1.138758;0.183253;-1.443638
2.288016;6.354665;0.432569;-2.713637;-1.799707;-0.302032;-2.399406
1.920266;6.499977;0.926546;-3.114886;-1.169133;0.337210;-0.841592
2.289716;6.322440;0.992119;-3.126879;-1.394384;-0.029623;-1.703857
2.364537;6.262043;1.072295;-3.415683;-1.143552;0.166837;-1.374185
2.420708;7.438977;0.800766;-3.248588;-1.431264;-0.320767;-2.220997
2.434918;6.406638;1.755020;-3.631429;-0.841921;0.475269;0.043983
2.146295;6.468765;1.088956;-2.900489;-1.596827;0.252287;-1.434141
2.542670;6.152655;1.721281;-3.415242;-1.228843;0.276848;-0.509865
2.612587;7.076921;1.125064;-3.071098;-1.670851;-0.422281;-1.633792
2.451231;6.236623;1.354933;-3.410662;-0.932866;0.682932;-0.681261
2.356604;6.163417;0.848975;-2.890606;-1.583862;0.001435;-1.717074
2.296050;6.302631;1.521755;-3.497904;-0.637040;0.379796;-0.095448
2.052874;6.647931;1.721063;-3.410199;-0.548877;0.527619;0.364280
6.216207;5.379481;-9.922758;0.865121;-2.178021;4.510564;2.907479
2.225048;5.330958;0.662582;-3.971209;0.649841;0.311042;2.080118
1.678094;6.036249;0.324909;-3.291728;-0.606137;-0.857987;-1.640206
2.291810;5.838829;0.374557;-3.808577;-0.425414;-1.375395;-1.676349
1.884674;5.042568;0.841542;-4.087015;0.628663;-0.486701;0.244081
1.387358;5.485655;-0.253017;-3.052508;-0.481584;-1.504091;-1.920761
1.705923;5.633476;-0.422866;-3.382923;-0.116230;-1.932941;-2.120091
1.329781;5.079015;0.464354;-3.581522;0.554670;-0.649577;0.733382
1.461970;5.396431;0.618160;-3.166274;-0.737649;-1.153681;-0.859357
1.542783;5.598152;0.929461;-3.627346;0.059480;-1.070943;0.023009
1.212221;5.205770;0.387927;-3.637834;0.612871;-0.139206;0.825889
1.128984;5.150192;0.331971;-3.438985;0.228716;-0.285906;0.594862
1.730400;5.574852;0.035499;-3.900643;0.482081;-1.474140;-0.321776
2.137066;5.066905;0.255973;-3.999063;0.335193;-1.377179;-0.356866
1.485385;5.302997;0.527473;-3.392289;-0.560955;-1.318487;-0.610622
1.628254;5.657697;-0.380144;-3.161883;-0.559792;-1.882929;-2.203429
1.381310;5.159700;0.100743;-3.408517;0.103412;-1.254639;-0.535095
1.196295;4.945917;0.032301;-2.771549;-0.582556;-1.425006;-1.149418
1.276675;4.793574;0.527661;-3.315884;-0.394149;-1.287684;-0.729326
1.144052;4.771236;0.719304;-3.478240;0.038792;-0.856644;-0.189134
4.915678;3.728107;-10.008975;1.097133;-1.508276;2.983603;3.111079
4.095408;4.895965;-6.632893;-0.124937;-1.653739;1.603286;0.087410
1.590963;5.624472;0.735911;-3.143950;-0.678337;-0.657097;-1.468427
1.873886;5.627164;0.854182;-3.552667;-0.882934;-0.754721;-1.701394
1.791174;5.783777;0.232431;-3.028426;-1.494601;-1.499264;-3.222913
1.884812;5.821709;0.436973;-3.339566;-0.461867;-0.632063;-1.549697
2.144201;5.617309;1.036105;-3.509066;-0.819617;-0.681262;-0.772994
1.853507;6.085451;0.789995;-3.195234;-1.098275;-0.964208;-1.742155
2.296281;6.066871;0.987150;-3.870795;-0.568015;-0.528272;-0.696970
1.940937;5.784316;0.883643;-3.633125;0.145083;0.070748;-0.353648
1.729705;5.955803;0.424754;-3.306729;-0.510347;-0.854605;-1.124469
1.798400;6.486567;0.510594;-3.953175;-0.079506;-1.178569;-1.493501
2.142469;5.785895;0.182257;-3.848840;-0.106486;-1.193616;-2.384031
4.453196;3.195194;0.183683;-5.191556;1.916746;-1.045323;1.304077
4.518870;3.607764;-1.053765;-5.449610;2.789769;-1.980040;1.275150
2.948429;5.075945;-0.342829;-4.648929;1.509916;-0.909449;1.244796
3.077503;6.218912;-0.718137;-4.082345;0.414689;-1.841046;-1.598204
3.001047;6.651901;-0.558473;-4.472130;0.272784;-1.984200;-1.138090
2.486344;6.911705;-0.196525;-4.141147;0.486652;-1.163193;-1.034698
2.163454;6.347564;0.138173;-4.023314;0.520818;-0.567941;-0.817483
2.026233;6.530849;-0.076905;-3.907508;0.302473;-0.869321;-1.412734
2.191485;6.993839;0.270674;-4.066684;0.067389;-0.908186;-1.077173
2.431577;6.454250;0.533851;-4.400849;0.391951;-0.851809;-1.548726
2.123267;6.660248;-0.117857;-3.684407;-0.157557;-1.405040;-2.486363
6.386313;4.487188;-0.808480;-3.918279;-0.393189;-3.644299;-2.511544
15.678023;-1.936607;1.635946;-0.284680;-6.264262;-2.704337;1.885589
3.410537;6.185283;-0.605910;-3.496123;0.030918;1.012121;1.390069
2.596023;6.099234;1.126676;-3.878841;-0.520134;-0.099503;-0.505108
2.643629;6.449910;1.415993;-4.104934;-0.329848;0.029468;-0.773153
2.354529;6.495544;1.252972;-3.772303;-0.312330;0.424600;-0.245706
1.933174;6.218420;1.177639;-3.717153;-0.405528;0.386317;0.171722
2.117908;6.157784;1.267755;-4.338676;0.451662;0.389639;0.748091
2.295213;6.174333;1.271047;-4.093738;0.310882;0.254429;1.018948
2.559155;5.879238;1.025549;-3.345371;-0.777575;-0.706729;-0.794693
2.364320;6.072661;0.777634;-3.412159;-0.765135;-0.886917;-1.137796
2.254226;6.234796;0.279285;-3.206181;-1.014227;-1.102595;-1.622772
2.191701;6.166489;0.803165;-3.604039;-0.395691;-0.411480;-0.468046
1.976526;7.060281;0.783145;-3.570636;-0.057959;-0.456127;0.069457
2.150277;6.238671;1.330157;-4.249486;0.239150;-0.218311;0.138181
2.272486;6.342438;0.554353;-3.588346;-0.277082;-0.796324;-1.443448
2.078216;6.313151;0.693287;-3.377672;-0.232768;-0.432513;-0.300212
1.937813;6.063017;0.600486;-3.333018;-0.328813;0.082055;0.043549
2.375594;5.932985;0.848645;-3.796410;-0.179154;0.055318;0.139543
2.146702;6.514601;1.219980;-4.021781;0.075058;-0.216310;0.212684
2.211391;5.251045;1.921905;-4.239968;0.435886;0.289337;1.385025
5.255485;5.111100;-8.484432;0.713443;-1.911070;2.115709;0.836298
4.246780;5.035358;-8.674051;-0.888597;0.279619;1.884423;3.332697
1.948220;5.287450;-0.435696;-4.784093;1.257989;-2.503428;-2.379352
2.913714;3.646514;-0.161526;-4.250932;0.187930;-1.890796;-0.897539
2.462794;3.953459;0.938751;-3.760217;0.421664;0.158597;1.809764
2.277441;5.260865;0.490001;-3.857650;0.094666;-0.964648;-1.167109
2.400471;4.909663;0.620352;-4.601914;0.973299;-0.887257;-0.560014
1.760221;5.659130;0.404495;-4.495403;1.297669;-0.267262;0.234635
1.787270;5.539030;-0.035155;-4.308106;0.957500;-1.105706;-0.351883
1.945433;5.396881;0.028395;-4.651233;1.323105;-1.051610;0.327110
1.837191;4.896992;0.655386;-4.641884;1.657030;-0.342416;1.893487
1.426557;5.586231;0.021204;-3.578095;0.304514;-1.467488;-0.725639
1.723948;5.623807;0.592784;-4.443958;1.388592;-0.746405;1.110315
1.838682;5.052383;0.721176;-4.696689;1.532616;-0.337904;1.382956
1.468856;5.393862;-0.011066;-4.036723;0.285192;-1.591595;-1.211902
1.893718;5.529114;0.003891;-4.426171;0.959967;-0.970956;-1.153880
1.717147;5.407180;0.575469;-4.286185;1.036536;-0.667247;0.178002
1.329991;5.297448;0.460183;-3.719635;0.203175;-1.145855;-0.831141
4.150622;4.981297;-8.218564;0.060825;-1.173427;1.888544;1.053040
4.537290;4.436493;-8.323017;-0.043080;-0.424516;3.709132;3.967920
2.105587;3.671676;1.888387;-4.154707;0.627911;0.052220;0.774892
1.983037;3.848424;1.185200;-3.310475;-0.242816;-0.453767;-0.896933
1.515041;4.648941;1.267275;-3.608137;0.714385;1.014721;1.382284
1.535966;3.963600;1.434228;-3.831510;0.654949;0.902435;1.262398
1.817920;4.130943;1.278235;-3.412055;-0.024474;0.640856;-0.385591
1.965687;3.681717;2.336893;-3.683637;0.129062;1.417584;2.290681
1.981492;3.425770;2.387360;-3.388013;-0.868823;0.714053;0.998620
2.748908;3.606677;2.246941;-3.901755;-0.184462;0.774200;0.553918
2.393842;3.790511;1.512503;-3.804895;0.150463;0.819879;-0.135157
3.690624;3.152659;1.559687;-4.056948;0.582058;1.622044;-0.464228
4.249136;4.166946;1.664977;-4.063857;-0.358326;0.697821;-0.458017
3.298189;5.408914;0.365473;-3.064117;-1.651987;-0.819919;-2.771362
2.719323;5.502207;1.406220;-3.336116;-1.348002;-0.295873;-0.364095
2.039566;5.664994;1.448781;-2.981181;-1.067629;0.553104;-0.650664
2.034150;5.646834;1.328162;-2.890689;-1.030421;0.266041;-0.954172
1.907279;5.640934;1.123570;-2.952127;-0.746767;0.156478;-0.921208
1.857059;4.862846;1.566510;-2.871786;-1.240223;0.242982;-0.535988
1.585976;5.329765;1.157695;-2.370085;-1.907322;0.029644;-1.436423
1.939100;4.355926;1.933996;-2.834381;-1.788348;0.201970;-0.905920
2.077878;4.166299;2.438649;-3.305394;-1.433213;0.835759;-0.430936
1.532225;4.950029;1.948187;-2.986123;-1.151232;1.153935;0.388504
1.968593;4.617586;0.843940;-2.194915;-1.093876;-0.005970;-2.160059
13.687605;-3.289619;6.937883;-0.098064;-7.199302;-0.019822;-1.452147
44.613831;-24.622047;15.168292;1.113136;-14.728171;-12.973557;9.896245
6.413130;5.590030;-9.099617;0.950779;-2.961000;3.477802;0.352025
3.043124;5.323796;1.736568;-3.377572;-1.047820;0.815313;-1.542332
2.763286;5.619000;1.312679;-3.281879;-1.531618;-0.067628;-2.511400
2.313155;5.915543;1.456182;-2.959758;-0.886137;0.935175;0.270799
2.689994;4.927327;2.202111;-3.410213;-0.823287;1.196318;1.169418
2.955013;4.931657;1.922933;-3.202423;-1.782383;-0.082827;-1.086440
3.830671;5.152023;2.115356;-4.604238;-0.239373;1.049041;-0.565607
3.335672;6.824011;1.465630;-3.732864;-0.465679;0.574625;-0.234362
3.749285;5.591060;1.618861;-3.348248;-1.053457;0.364322;-0.733981
3.446484;5.599996;1.254760;-2.979961;-1.630287;0.366441;-1.497937
3.902316;5.775629;1.837872;-4.238365;-0.508977;0.861357;-0.045190
4.535101;6.321537;1.185831;-4.266984;-0.780596;-0.353753;-2.630272
4.617909;6.193528;0.570036;-3.683078;-1.455932;-0.811020;-3.988539
3.903580;6.368752;1.551045;-4.207496;-0.145154;1.208034;-0.341033
3.627643;6.477894;1.791345;-4.159977;-0.309971;1.216149;0.627297
4.119322;6.130568;2.070743;-4.155316;-0.324665;1.467871;1.172964
5.139176;6.377316;1.744207;-4.543940;0.226716;1.944144;1.617512
4.901053;6.083451;1.606370;-4.418072;-0.271269;1.200880;0.235698
4.527170;6.659454;1.179426;-3.818843;-0.531259;0.859627;-1.386145
4.937204;6.609133;0.995807;-3.648751;-0.752797;0.526536;-1.593246
4.138841;5.797254;2.008367;-4.248479;-0.731913;1.114801;-0.285757
4.117972;5.852047;1.846505;-4.385078;-0.426743;1.511428;-0.248993
3.537104;6.421753;1.950359;-3.893228;-0.176366;1.882869;1.379659
3.739742;6.399348;1.476883;-3.509031;-0.811216;0.854447;-0.539356
4.025618;6.846589;1.310642;-3.710438;-0.907140;0.539960;-1.268285
3.746534;6.029900;1.770601;-4.024034;-0.446147;1.452631;-0.258388
4.063694;5.998405;1.733878;-4.286932;-0.187736;1.291565;0.017327
3.577751;6.883673;1.396483;-4.048571;-0.047225;1.583467;0.890775
3.805103;6.608972;1.115171;-3.863121;-0.702669;0.256831;-1.054075
3.844655;6.759276;1.273009;-4.092444;-0.347000;0.481936;-1.059761
3.517575;7.069364;1.329119;-3.948402;-0.487147;0.863771;-0.288915
3.469948;6.991002;0.472394;-3.682993;-0.438628;0.056837;-1.470804
3.949296;7.100980;0.468467;-4.450382;0.624828;1.083524;-0.526302
4.549585;6.863387;1.233884;-4.738621;0.193295;0.445964;-0.347329
3.645135;7.043898;1.278428;-4.022767;-0.786995;0.018447;-1.053732
3.802243;7.034155;1.301178;-4.040839;-0.419185;0.765110;-0.214828
3.585837;6.190788;1.461928;-4.208409;0.035625;1.410742;0.595983
3.500181;6.323259;1.339577;-4.000281;-0.059120;1.338389;-0.095300
3.871033;6.900206;1.395852;-4.025577;-0.232020;1.124000;0.832521
3.961106;5.669760;2.017988;-4.535109;0.461298;1.582528;1.384294
3.401038;5.931365;1.769172;-4.075109;-0.118219;0.986761;0.432130
3.482257;7.095333;0.838615;-3.922864;-0.263593;0.518605;-0.687197
3.350806;6.118238;1.428223;-4.125249;0.019497;0.938801;0.439092
2.908289;6.450732;1.351127;-3.840178;-0.429077;0.816490;-0.098805
3.056560;6.641828;1.517291;-3.818535;-0.247599;0.711565;0.457570
3.435372;6.668084;1.354977;-3.781516;-0.631703;-0.228154;-1.326999
4.300331;6.227963;1.640740;-4.451854;-0.171401;0.631673;-0.148860
3.848954;6.708760;1.090641;-4.103788;0.111280;1.286052;0.996567
3.588993;6.204594;1.389308;-4.101527;-0.073235;0.985634;1.098629
3.781267;6.340683;1.858237;-4.752798;0.328627;1.211933;0.854544
3.758418;6.419311;1.680547;-4.711378;0.347993;1.229976;0.842299
3.466634;6.162469;1.755449;-3.790750;-0.962066;0.610608;0.212926
6.546231;4.901099;-4.513471;-1.544680;-1.044554;2.908941;2.466362
-4.169017;-3.154850;2.126264;1.023835;-2.776059;2.198156;0.086527
-4.844161;-3.933322;2.234098;1.353534;-2.838008;2.596050;0.863578
-4.678259;-2.809633;2.154255;1.616829;-3.772674;2.435423;0.008693
-4.997020;-2.791501;2.422320;1.560131;-3.255856;2.546797;0.425832
-5.125915;-3.948154;2.876653;1.526614;-3.362659;2.589127;1.588666
-4.814995;-3.310524;2.313694;1.456497;-3.122170;2.489842;0.746249
-4.826085;-3.750853;2.302257;1.492608;-3.441301;2.598412;0.680939
-5.102922;-4.378063;2.371354;1.354374;-3.150892;2.463761;1.163543
-4.958851;-2.811973;1.484850;1.625398;-2.908318;1.569824;-0.381634
-5.132139;-3.338795;2.115603;1.246177;-2.599243;2.124530;0.908300
-4.931756;-3.265095;2.047684;1.120236;-2.323143;2.203765;0.604650
-4.719611;-3.115604;2.062538;1.120720;-2.389554;2.100305;1.043922
-4.970737;-3.178316;2.089801;1.285709;-2.475181;2.348819;1.129185
-4.441395;-2.024013;1.936427;1.236411;-2.650655;1.912779;0.253004
-4.398203;-4.463723;2.583420;0.645080;-2.012389;3.135051;0.991765
-5.153708;-4.801918;2.391524;1.207306;-2.204083;2.564411;1.123292
-4.731386;-2.982345;1.677044;1.382725;-2.840072;1.795507;-0.191045
-4.351794;-5.874665;2.130832;0.968485;-2.048548;2.749255;0.580701
-5.684668;-6.004403;1.796313;1.355720;-2.071094;2.084109;0.863591
-4.792877;-4.206462;1.743609;0.790594;-1.690452;2.296365;0.066482
-4.400397;-2.426619;1.708559;0.983296;-2.546981;0.768355;-0.564741
-4.888073;-5.232312;2.326040;1.052260;-1.988325;2.372239;1.490562
-4.576347;-5.412598;2.472711;0.961352;-2.132892;2.491277;1.757758
-3.831184;-2.203406;1.886923;1.373690;-3.758534;1.375383;-0.182952
-4.207833;-4.774190;2.713058;0.887470;-2.552351;3.233791;1.107197
-5.528040;-5.150607;2.253351;1.356228;-2.742182;2.423727;0.987018
-4.646414;-4.103256;1.894963;1.041428;-2.670516;2.311711;0.099845
-4.888849;-4.399441;2.369640;0.878819;-2.459590;3.043740;1.509087
-5.840405;-4.038424;1.445993;1.671093;-3.047281;1.733773;0.167039
-4.817726;-3.352842;1.865838;1.161080;-2.767677;0.996404;-0.276867
-4.892624;-3.033973;1.620823;1.237113;-2.625613;1.173998;-0.196426
-5.249413;-5.953064;2.046638;0.992982;-1.457950;2.746603;1.356683
-5.443404;-5.778372;2.112313;1.086792;-1.760046;2.768140;1.448442
-4.365422;-2.736050;1.855155;1.006408;-3.224727;1.962876;0.048113
-4.309256;-4.009767;2.236084;1.071693;-2.672172;2.548032;0.218277
-5.443367;-4.861231;2.205457;1.418479;-2.530708;2.584486;0.974611
-4.479100;-4.234688;2.319607;0.873760;-2.461316;2.854498;0.956895
-4.270167;-2.528990;2.121241;0.949929;-3.123306;1.871080;0.415328
-4.833451;-3.994874;2.063276;1.300203;-2.854425;2.176210;0.587007
-4.362610;-4.190756;2.753415;0.997553;-2.988520;3.262121;0.922862
-4.009782;-1.355499;2.342016;1.294376;-3.698083;2.022869;0.206247
-3.857347;-3.288231;2.421719;0.994394;-3.259709;2.585938;0.602716
-5.183276;-5.412647;2.144817;1.324852;-3.068952;2.460073;1.026500
-4.892207;-5.456572;2.319713;1.140735;-2.903232;2.630155;1.142787
0.029950;-3.652718;-9.949773;4.908981;-3.703220;6.284310;3.521719
-1.876099;-2.220247;-2.992566;3.841149;-5.144740;4.033776;1.746027
-3.825605;-2.190816;2.370333;2.245218;-5.323581;1.907062;-1.541297
-4.545155;-3.737558;3.070583;1.749399;-4.211191;3.248351;1.084546
-4.557201;-3.812057;3.313431;1.518417;-3.552359;3.414138;1.552583
-3.655771;-1.854668;3.262376;1.557951;-4.684888;2.721269;0.349963
-3.825327;-3.370258;3.476423;1.309471;-3.925889;3.864289;1.441843
-4.671292;-3.791762;3.068610;1.792954;-3.965954;3.149860;1.421777
-4.303019;-2.829605;2.641015;1.724877;-3.758642;2.568976;0.389415
-4.094929;-4.219732;2.975094;1.428347;-3.669664;2.819226;0.600406
-5.080965;-5.875270;2.444330;1.962587;-3.920159;2.333156;0.026670
-5.373041;-5.885634;2.314655;1.265722;-2.316269;2.053484;1.487403
-4.234683;-3.515960;2.068486;1.267781;-3.549316;1.377144;-0.073270
-4.339810;-3.922629;2.085807;1.278353;-3.095167;1.677392;0.106668
-4.802773;-4.205967;2.347254;1.197509;-2.602043;2.156499;0.579249
-4.013585;-2.957354;2.816654;0.956910;-3.405048;2.561022;0.496005
-3.949263;-3.360875;2.658148;1.067857;-3.146669;2.888164;1.157009
-4.541662;-3.884379;2.362758;1.192409;-2.789535;2.077797;1.182549
-4.124725;-2.782665;2.279250;1.227496;-3.213122;1.881521;0.667013
-4.190319;-1.370238;2.251389;1.523397;-3.819336;1.459633;-0.239264
-4.524817;-4.015322;2.729454;1.043424;-3.372565;2.769619;1.062187
-5.570919;-3.981272;1.709097;1.761936;-3.301289;1.618132;0.366382
-4.290496;-4.290759;2.364503;0.868275;-2.444108;2.687970;0.853841
0.572510;-1.974962;-10.227109;5.063683;-4.427860;5.237999;2.840528
-1.826900;-4.866674;-3.333447;2.069820;-2.262995;4.229336;2.976936
-3.520611;-4.323545;2.235637;0.332917;-1.855268;2.375608;0.539935
-1.886610;-2.635294;2.816818;-0.303063;-1.997212;3.116846;1.277017
-2.035458;-4.662965;3.229108;-0.368713;-1.525923;3.782173;1.335155
-4.881753;-5.888781;2.316346;1.195188;-2.188172;1.907077;0.886088
-4.990802;-5.643933;2.290794;1.365842;-2.548106;2.345912;1.064124
-3.639753;-3.342004;2.405529;0.723742;-2.646384;2.135090;0.641081
-3.386008;-1.014970;1.874756;1.202335;-3.527776;1.083318;-0.548978
-3.524635;-2.487102;2.085530;0.874962;-3.316309;1.487479;-0.910762
-3.802494;-6.008586;2.835123;0.705726;-2.694771;2.498972;1.252581
-4.951190;-5.386788;2.215285;0.852705;-1.870515;2.429732;1.612503
-4.101255;-2.769858;1.906163;0.721270;-2.704592;1.703776;0.683646
-4.414948;-4.234032;2.425716;0.396828;-1.747069;2.539604;1.755305
-5.289390;-3.985701;2.048384;1.315144;-3.019820;1.579862;0.601107
-4.151311;-3.537748;2.874599;1.048773;-3.436941;2.593106;0.841877
-3.823880;-2.858446;2.784750;1.312677;-3.306198;2.587185;0.846041
-4.262665;-4.247039;2.653418;1.832133;-3.524221;2.297269;0.683755
-4.865156;-4.255999;2.679731;1.389159;-2.775787;2.634298;1.461401
-3.997631;-3.073252;2.694323;0.866225;-3.386123;1.434536;0.870821
-4.748872;-4.975706;2.315344;0.632343;-2.163225;2.274382;1.092893
-4.902507;-4.937325;2.228606;0.926891;-2.511480;2.481907;1.414949
-2.608334;-3.798023;1.367922;1.637856;-2.596819;-0.299904;-0.551995
2.942262;-5.093768;-10.241612;5.054649;-3.487694;3.353610;3.612380
-0.677933;-1.758937;-3.009175;1.419015;-2.781579;3.986447;3.059104
-3.003548;-1.461576;2.402518;-0.129843;-2.075585;2.253168;1.318202
-2.888500;-1.265548;2.315715;-0.128235;-2.101919;2.444978;0.879270
-2.576200;-1.749680;3.137038;-0.413114;-2.024172;2.412458;1.678367
-2.903928;-2.202276;3.090325;0.496649;-2.987073;2.044263;1.000470
-2.667198;-2.006400;3.310123;-0.071802;-2.380421;3.139167;1.963601
-2.630861;-0.856931;2.847466;0.046614;-2.926578;2.840965;1.217984
-3.020350;0.117422;1.544380;1.284509;-3.624088;0.952790;-1.643240
-3.067010;0.179692;1.883208;1.268210;-3.891532;0.807674;-1.587420
-2.966615;0.348836;2.008949;1.392076;-4.103895;0.902830;-1.324858
-2.781603;0.178152;2.326047;1.062079;-4.200849;1.683715;-0.260721
-2.622343;0.244253;2.679486;0.582357;-3.821912;2.062760;0.382611
-2.947820;-1.321022;2.878494;0.174445;-3.381315;2.966791;1.379383
-2.732048;-1.379401;3.074828;0.136061;-3.056493;2.769636;1.304539
-2.687008;-1.484943;2.961866;0.056341;-3.182859;2.809764;1.095095
-3.514953;-2.124792;2.314024;0.364938;-2.953635;2.248985;0.963755
-2.410653;-2.180776;2.794516;-0.445598;-1.685043;2.962638;1.857578
-2.429482;-1.992006;2.712038;-0.512167;-2.060020;2.936054;1.686010
-3.290360;-2.512701;2.750242;0.316489;-3.106482;2.160747;1.132262
-2.437187;-2.073268;3.302923;-0.033441;-2.899299;3.396365;1.358246
-2.155376;0.939304;2.335953;0.629152;-3.921604;1.334226;-0.424592
-1.763901;-2.197349;2.663178;0.143468;-2.925464;1.774138;0.210626
2.916866;-3.292852;-9.584911;4.255829;-4.444712;4.115083;2.848195
2.720914;-1.419507;-9.753020;3.450095;-3.138656;4.023628;3.619053
-2.337860;-4.468737;2.472684;-0.956048;-0.425203;2.014186;1.441675
-2.744055;-4.464577;2.319890;-0.580306;-0.686022;1.845940;1.288365
-2.892866;-4.784607;2.537268;-0.695840;-0.377120;2.515572;2.096208
-2.897591;-4.558135;2.823997;-0.313483;-1.509052;3.192309;1.975289
-2.111240;-3.621260;3.169107;-0.588606;-1.178466;3.275801;2.197405
-2.926603;-5.049145;2.881918;-0.123413;-1.349829;2.508356;1.347836
-2.074095;-4.948659;2.922430;-0.799079;-0.527935;3.526541;1.390021
-2.333777;-4.330569;2.679187;-0.785583;-0.827346;3.429730;1.522335
-3.624531;-4.652004;2.402889;0.309508;-2.103476;2.345163;1.127379
-3.450209;-4.163257;2.886785;0.325659;-2.247419;3.092170;1.696084
-3.274546;-4.502502;2.957500;0.181637;-2.102341;2.982473;1.525578
-3.257775;-4.952945;3.111840;0.096061;-1.875592;2.945295;1.949857
-3.007535;-4.537067;3.166469;-0.045001;-1.682435;3.550932;2.095978
-3.201698;-4.458728;3.098812;0.200663;-2.011753;3.456651;2.120221
-3.702216;-3.941508;2.785178;0.540232;-2.430550;2.547379;1.561556
-2.780550;-3.886587;2.899149;0.182422;-2.238825;2.277984;0.863124
-3.634383;-5.290256;2.712295;0.745094;-2.293714;2.288511;0.826269
-4.370438;-5.229601;2.353222;1.371689;-2.967644;2.533509;0.685449
-2.313520;-3.573741;3.002257;0.116670;-2.440581;3.324864;0.995884
-1.966693;-0.317174;2.938212;0.224072;-3.486231;2.361096;1.117066
-2.016475;-3.182397;3.531362;-0.402641;-2.367285;3.645005;1.898512
-1.785389;-3.162736;3.640079;-0.599624;-1.851247;4.211790;1.933410
-1.726399;-2.279049;3.242018;-0.444674;-2.278485;3.919154;1.653475
-1.392508;-3.576954;1.945334;1.103509;-4.445660;0.838609;-3.192322
4.030846;-3.186599;-11.630219;5.875074;-7.306014;2.077866;-5.249011
2.237228;-5.099793;-7.811590;3.880215;-3.586872;7.902285;4.831538
-2.529055;-4.452713;4.187324;0.781644;-3.243868;4.307091;1.929311
-2.339246;-4.135665;4.227271;0.656433;-3.172518;4.401742;1.768083
-2.485079;-4.684093;3.894944;0.971158;-3.095029;4.185457;1.455898
-2.653067;-4.552719;3.970133;1.176033;-3.344591;4.430623;1.325451
-2.494141;-4.242407;4.008562;0.909256;-3.417683;4.453391;1.634549
-2.830243;-4.732124;3.720654;1.038076;-2.941865;4.101807;1.139720
-2.504014;-4.854785;3.915942;0.690091;-2.928084;4.128939;1.439845
-1.397364;-3.351224;3.949532;0.253739;-3.070899;4.532048;1.420132
-1.630705;-3.809687;4.144520;0.348898;-2.589561;4.950634;1.751461
-3.062159;-3.150293;3.435447;1.632148;-4.373831;3.751388;0.651059
-2.177771;-1.440153;3.768750;1.343763;-4.402238;2.922688;0.574412
-1.891061;-3.889483;3.898178;0.807310;-3.418615;4.029286;0.855039
-3.867588;-3.992494;2.906585;1.758011;-4.019632;2.932898;0.607903
-2.337977;-3.333189;3.444723;0.768469;-3.595997;3.912227;0.698431
-2.193465;-1.101606;2.909125;1.312619;-4.479834;2.472752;-0.484600
-3.149240;-3.733866;3.597240;1.141160;-3.631281;3.547605;1.275623
-3.561039;-3.539599;3.585867;0.963905;-2.767736;3.485597;1.677947
-3.092167;-3.248864;3.212675;0.946130;-3.138708;3.060028;1.144597
-3.784727;-4.193616;3.066317;1.567265;-3.989781;2.874324;0.418447
-3.335882;-3.913358;3.419992;1.459635;-3.728310;3.752166;1.067578
-3.261150;-3.893835;3.544173;1.400168;-3.665408;3.533627;0.821440
-3.836935;-4.459758;3.396346;1.729528;-4.123861;3.379379;0.657339
-2.056782;-3.544914;3.968280;0.674985;-3.282618;4.464269;1.206506
0.922101;-4.435317;4.025377;0.285104;-4.292918;1.837492;-0.943263
5.849872;-6.303182;-8.638090;4.556169;-5.325481;3.884402;1.516770
0.444992;-5.176686;-11.120077;5.105070;-2.930073;2.886142;1.699592
-2.786544;-5.538206;1.599347;-0.269746;-0.652195;1.578684;0.340968
-1.646849;-2.344146;2.211147;-1.320793;-0.814581;1.796394;0.971800
-1.483219;-3.478832;1.909953;-1.314350;-0.482401;1.836381;0.676617
-3.193514;-5.804077;1.384255;0.080901;-1.254638;0.796678;-0.389715
-2.337023;-6.409959;2.306834;0.164838;-1.747818;2.137110;0.425380
-1.636114;-2.514678;3.008517;-0.214621;-2.713767;2.595259;0.867771
-1.658389;-4.743194;3.551778;-0.403733;-2.052124;3.494526;1.713553
-2.756548;-4.203288;2.548487;0.201837;-2.374607;2.110972;0.958549
-0.542269;-2.718781;3.092481;-0.587363;-2.668821;2.682371;0.592999
-1.118327;-3.926665;3.559489;-0.700297;-1.536079;4.268534;1.721606
-3.143680;-3.864232;2.878432;0.801389;-2.927146;2.806611;0.595163
-1.678860;-2.860818;3.202853;-0.229493;-2.415402;2.670441;0.756633
-1.555328;-4.650005;3.291979;-0.523666;-1.643325;3.964206;1.345500
-3.882354;-4.496811;2.388586;1.076784;-2.714754;2.892605;1.320615
-2.023807;-3.468720;2.970348;0.014072;-2.157969;3.636638;1.410730
-2.129080;-3.101305;3.083403;0.002064;-2.568518;3.535897;1.176924
-3.367838;-4.155071;2.655374;0.309261;-2.267887;2.696120;0.895569
-1.762873;-3.409345;3.072224;-0.498925;-2.308610;3.308293;0.584136
-1.547764;-2.371254;3.404271;-0.278246;-2.506973;2.981274;1.390237
-2.226262;-4.259201;2.714801;0.607888;-3.299078;1.916099;0.333344
-2.253741;-4.477152;2.720006;-0.659330;-0.739516;2.482229;1.884597
-1.116708;-1.480372;2.715957;-0.906102;-1.880840;1.896174;1.047686
-1.334576;-5.713842;3.052902;-1.245675;-0.677049;3.602711;1.626706
-4.366901;-4.538730;1.538196;-0.097171;-1.123768;1.687922;1.422486
-1.840414;-3.156887;2.357654;-1.112556;-1.043239;2.504185;1.334875
-1.998228;-3.327735;2.410441;-1.217857;-0.687937;2.795568;1.740140
-3.918443;-3.240243;1.631232;-0.220823;-1.026885;1.285430;1.016364
-2.080479;-2.897949;2.255271;-1.664299;0.390199;2.485308;1.511149
-1.977051;-1.503807;2.104424;-1.374178;-0.644714;1.650598;1.835814
-2.795025;-3.683158;1.770163;-0.652258;-1.044823;1.571896;0.712394
-2.601456;-3.766011;2.428809;-0.759817;-0.981784;2.795023;1.711712
-2.207165;-2.241495;2.521755;-0.802459;-1.105529;2.320396;1.283860
-2.978131;-3.657063;1.981069;-0.187510;-1.898432;1.551132;0.217255
-2.979032;-3.715896;1.932230;-0.708043;-0.209594;2.219013;1.291303
-2.383462;-2.338976;2.304827;-1.051048;-0.750507;1.788387;1.556642
-3.149416;-3.824332;2.353464;-0.107294;-1.394157;1.922637;1.302796
-3.028732;-3.782858;2.666369;-0.344806;-1.380117;3.017586;1.267598
-2.502862;-1.540147;2.578653;-0.192591;-2.413284;2.144730;0.743234
-2.847925;-4.086285;2.333616;-0.040162;-2.173742;2.784539;0.967475
-3.922865;-3.439804;1.726615;0.487953;-2.164627;1.644288;0.591828
-2.462361;-2.279509;2.242220;-0.860874;-0.876237;2.502606;1.312728
-2.203005;-2.164955;2.338625;-0.924348;-1.149496;2.292176;1.354914
-3.248102;-2.880791;1.460382;0.052228;-2.286551;0.750894;-0.524538
-3.862552;-2.832732;1.548611;0.318620;-2.247839;1.323102;0.622227
-2.824050;-1.498758;1.695241;-0.192003;-1.692046;1.320535;0.298867
-2.716569;-2.211233;2.431597;-0.578817;-1.369925;1.804842;1.801192
-3.600891;-3.247666;1.967212;0.294646;-2.299507;1.342192;0.131140
-3.710725;-3.162864;1.988441;0.176080;-1.885129;2.196474;0.689879
-2.952706;-0.803634;1.757077;0.156566;-2.482014;1.174966;0.257496
-2.830096;-3.847358;2.088934;-0.181503;-1.648083;2.286334;0.784931
-4.482078;-3.811129;1.343559;0.297020;-1.405433;1.251261;0.892317
-2.521023;-3.501706;2.115370;-0.677894;-1.578900;1.997925;0.534978
-2.894886;-1.216827;2.067165;-0.303057;-2.029296;1.535227;0.913800
-3.644038;-3.960881;1.813970;-0.022376;-1.280966;2.097393;0.706516
-0.807017;-3.693227;-11.066683;5.248424;-2.995214;3.852246;2.034086
1.098017;1.636606;2.195604;-0.858407;-3.383903;0.431770;-1.302109
0.870120;2.395299;2.098037;-0.604820;-3.702282;0.526799;-2.155616
0.692613;2.900234;2.082015;-0.463800;-4.151410;0.058960;-2.100842
-0.130997;2.770044;1.588828;-0.367370;-3.207465;0.699663;-1.759073
-0.878672;2.071069;2.269447;-0.793979;-2.307768;1.282436;0.050915
-0.497287;2.202689;1.664476;0.372776;-3.975224;0.429444;-2.203277
-0.771032;2.041391;2.105245;0.010166;-3.451297;1.651789;-0.607288
-0.362877;2.311969;2.305996;-0.723452;-3.031041;1.614962;-0.327648
0.196435;3.503202;1.912469;-0.506175;-3.497286;0.776105;-1.779734
0.052347;2.870677;2.263764;-1.096539;-3.165723;1.259810;-0.818136
-0.071262;3.119734;1.875920;-0.958969;-2.890381;0.782901;-1.167081
0.006965;3.481102;1.548188;-0.887468;-3.055248;0.411046;-1.265219
0.258375;2.967182;1.933695;-2.117486;-1.748334;0.848842;0.693336
0.381405;3.173435;2.348510;-2.087210;-1.916835;0.902515;0.991641
0.440271;3.547564;1.943387;-1.245824;-2.353648;0.555917;-0.872143
0.626526;3.688184;1.352121;-1.269202;-2.520782;-0.483890;-1.662155
-0.089020;3.768934;1.068344;-1.599582;-1.982581;0.176914;-0.923863
0.108613;2.648904;1.461848;-1.702699;-1.722004;0.584863;0.058391
0.586038;2.180722;1.514892;-1.185724;-2.614303;-0.500753;-2.248977
-0.298735;1.076986;2.528042;-1.436914;-2.045374;0.865816;0.025895
-1.673490;1.299597;2.178421;-1.188649;-1.546393;2.151981;1.622954
-1.003574;2.018156;1.883822;-1.215083;-1.926244;1.478037;0.939538
-0.359535;2.580001;1.409512;-0.860611;-2.685689;0.439297;-1.053627
-0.513445;2.568069;1.342474;-0.504240;-3.109692;0.013133;-2.096021
-0.749372;1.703617;1.827007;-0.624699;-2.933650;0.745994;-1.097598
-0.754565;1.806291;1.915717;-0.391447;-3.185717;0.859373;-0.979550
-0.982788;2.118091;2.097246;-0.792688;-2.678354;1.156842;0.411485
-0.572309;3.060525;1.072953;-0.452056;-2.665116;0.218070;-1.795550
-0.344221;3.156868;1.389992;-0.268053;-3.243929;-0.113157;-2.285783
-0.175854;3.088333;1.488087;-0.203843;-3.174390;-0.353882;-2.499683
-0.569225;3.055546;1.340434;-0.725626;-2.088153;0.514743;-1.135710
-0.443044;3.532575;1.110572;-0.611088;-3.235706;0.394820;-2.060883
-0.444451;2.974522;1.445281;-0.784776;-2.860843;0.855406;-1.082848
-0.623976;2.628925;1.572351;-0.944982;-2.507934;0.594348;-0.940695
-0.923159;2.136299;1.755209;-1.089823;-2.384260;0.724086;-0.586684
-0.976816;2.360686;1.432701;-0.511337;-2.949253;0.393587;-1.108915
-1.005058;2.446475;1.792667;-0.730636;-2.311905;1.239421;-0.332290
-0.514913;3.079100;1.395662;-0.460034;-2.688055;0.483037;-1.676085
-0.567362;2.800885;1.872031;-0.852749;-2.694644;0.574592;-0.660871
-0.853492;3.442414;1.544020;-0.770952;-2.812329;0.207484;-1.551571
-0.574881;3.500356;1.200968;-0.577568;-3.278342;0.278255;-2.158912
-0.540457;3.386174;1.076985;-0.401248;-3.078400;0.604843;-2.357376
-0.895907;2.869994;1.366045;-0.446239;-3.003412;0.826554;-1.178991
-0.971493;2.959037;1.704523;-0.620366;-3.180998;0.490233;-0.926080
-0.588633;2.462761;1.461879;-0.860827;-2.863376;0.384475;-1.285867
-0.831441;2.989209;0.809279;-0.748909;-2.736351;-0.126928;-2.224610
-0.627338;3.575996;0.899138;-0.833506;-2.885494;-0.733549;-2.528033
-0.280272;3.238861;0.410269;-0.477924;-2.940112;-0.921407;-3.150285
-0.468999;3.257065;0.654251;-0.706025;-2.449568;-0.614134;-2.711188
-0.688151;3.170292;1.443749;-1.159950;-2.262117;0.328892;-0.848490
-0.904060;2.937618;1.283109;-1.215575;-2.307153;0.676000;-0.563812
-0.390803;2.618552;0.994948;-0.671030;-3.101057;-0.161881;-2.148126
-0.854899;2.882788;1.515386;-0.880116;-2.683107;0.287040;-1.021551
-0.642135;3.053699;1.148775;-1.170409;-2.404673;-0.033528;-1.177947
3.587944;2.509327;-10.971316;3.136460;-2.747037;3.780858;2.222945
0.573119;1.343704;-3.732783;2.165922;-3.863318;2.870070;0.862005
-1.358512;1.387772;1.817766;0.154250;-3.513805;0.912262;-1.193127
-1.490212;1.175803;1.702185;0.086236;-3.394658;1.178141;-1.036362
-1.452916;1.601546;1.110331;0.493060;-3.567897;0.383562;-2.379616
-1.047844;1.478052;0.964157;0.685697;-4.291551;-0.007415;-3.335374
-1.174234;1.633472;1.094626;0.802165;-4.078114;0.422918;-3.046881
-1.062001;1.651332;1.298068;0.647491;-4.026156;0.438660;-3.180685
-1.030294;1.538451;1.279143;0.401391;-3.963123;0.458726;-3.182791
-1.454812;1.671959;0.927968;0.319827;-3.539959;0.334545;-2.660632
-1.580170;1.768136;1.466502;0.082796;-3.550629;0.227353;-1.649083
-1.260864;1.495772;1.244397;0.201682;-3.593618;0.046957;-2.168067
-1.685100;1.714912;1.037457;0.197441;-3.224236;-0.102869;-2.545101
-1.694552;1.823084;1.324315;-0.150866;-2.939509;0.659717;-1.502112
-0.861177;2.682992;0.560069;0.177424;-3.891021;-0.710807;-4.157264
-1.123218;2.627995;1.261482;-0.119853;-3.356706;-0.118257;-2.217905
-1.046602;2.477359;0.944671;-0.037400;-3.136789;0.236820;-2.337796
-1.117191;2.096978;1.241203;-0.276710;-3.092552;0.029697;-1.988997
-1.310362;1.671702;1.131079;-0.280224;-2.846645;0.239060;-2.014994
-2.035369;1.601567;1.333902;-0.281288;-2.263326;0.507697;-0.677348
-2.024227;1.120327;1.191579;-0.187337;-2.565350;0.017397;-1.140783
-1.897505;0.887153;1.658401;-0.541888;-1.940219;0.262726;0.181985
-1.527599;1.513851;0.890053;-0.432778;-2.307344;-0.408915;-1.362179
3.026333;1.186974;-10.861207;3.732378;-3.435663;3.501584;1.891110
3.240447;0.337229;-3.518607;1.052971;-3.607845;1.578631;1.473608
0.404417;1.371444;2.043290;-0.865497;-3.073240;-0.058612;-0.777024
-0.605554;2.082555;2.187837;-0.418431;-3.365365;0.752652;-0.411647
-1.368180;2.487252;1.801912;-0.213465;-3.281424;0.987343;-0.696406
-0.721982;2.084023;1.155815;-0.269693;-3.333518;0.086735;-1.825452
-0.910793;1.951477;0.838606;-0.447311;-3.050067;0.168301;-1.913265
-0.923715;2.164323;0.835587;-0.488255;-2.740071;-0.027657;-2.045799
-0.624804;2.521762;0.935607;-0.620782;-2.615224;-0.335457;-2.082635
-0.714631;2.577630;0.821175;-0.750453;-2.277705;-0.111769;-1.724292
-0.797531;2.985587;0.750403;-0.820314;-2.417512;-0.469911;-1.988257
-0.803898;2.864946;0.948001;-0.840665;-2.294609;-0.348357;-1.651574
-0.898871;2.858334;1.185635;-0.832524;-2.422489;0.027300;-1.574878
-0.739400;3.115481;0.797715;-0.468152;-2.882186;-0.487961;-2.491919
-0.682791;3.137413;0.695253;-0.344432;-2.842149;-0.490036;-2.702870
-0.869932;2.721495;0.765705;-0.408014;-2.836830;-0.687664;-2.616783
-1.191440;2.672981;0.741158;-0.352795;-2.972009;-0.344549;-2.448538
-1.010504;2.255478;1.492445;-1.080577;-2.362917;0.217026;-0.605961
-0.903808;2.267574;1.297303;-0.880804;-2.251386;0.323066;-0.968329
-0.944848;2.308706;1.258675;-0.825921;-2.335153;0.228017;-0.872436
-0.743753;2.493759;1.018356;-0.712807;-2.481395;0.087373;-1.467095
-0.835163;2.829575;0.765467;-0.612862;-2.731589;-0.314141;-1.961803
-0.655917;3.345012;0.666770;-0.661684;-3.015169;-0.818400;-3.298519
0.024469;2.911165;0.650262;-0.887494;-2.884760;-1.610024;-3.417620
6.223609;-2.325202;3.157315;-0.564701;-6.219210;-2.212288;-2.380536
19.390017;-9.955744;1.422625;0.940464;-7.196595;-4.967981;5.419940
3.149040;0.953057;-10.292779;3.014651;-2.495714;3.749125;2.966790
-0.590598;1.270733;1.418719;-0.565992;-2.165928;0.022578;-0.267260
-0.391077;0.810429;1.297294;-0.712083;-2.329299;-0.089043;-0.114266
-0.433572;0.969541;0.818670;-1.137982;-1.761917;-1.026902;-0.428395
-0.260469;1.128055;-0.006677;-1.737266;-1.066933;-2.140776;-1.417213
-0.330892;0.924749;0.306821;-2.197380;-0.561170;-1.050574;0.200311
0.331829;1.286286;1.298105;-1.984701;-1.007072;0.215332;0.448868
0.229901;2.735811;0.595911;-1.300373;-1.881800;-0.585696;-1.710045
-0.529561;2.969923;0.677538;-1.370534;-1.149368;-0.338769;-0.718202
-0.583671;3.026177;0.632782;-1.363497;-1.554274;-0.715245;-1.171761
-0.701337;2.896643;0.875959;-1.918018;-1.440685;-0.610864;-0.273582
-1.016075;2.641305;0.583694;-1.812880;-0.732451;-0.316277;-0.293304
-1.238979;2.624080;0.239069;-1.340143;-1.620923;-0.650251;-1.369840
-0.965702;2.219181;0.075364;-1.375169;-1.383482;-1.315241;-1.759357
-0.732944;1.776787;0.915773;-1.535055;-1.446248;-1.161471;-0.863552
-1.295612;1.967202;1.188656;-1.593817;-1.298079;-0.061294;0.309027
-0.944452;2.071622;0.626563;-1.315602;-1.533033;-0.732780;-0.680782
-1.265846;2.178958;0.363527;-1.510052;-1.247293;-0.929273;-1.422042
-0.784717;2.377802;-0.345203;-1.003511;-1.663801;-1.801274;-3.616955
-0.812843;2.305146;-0.000382;-1.360265;-1.233438;-1.551121;-2.565790
-0.808535;2.814955;0.688338;-1.853939;-0.901048;-1.111148;-1.057163
-0.863366;2.979254;0.189832;-1.691801;-0.929395;-0.931932;-1.436845
5.005002;0.260963;-6.160528;0.246925;-2.507416;-0.914562;-2.800904
4.530291;2.098046;-10.160244;2.846746;-3.218975;3.818564;2.102908
0.185741;3.003778;0.681699;-0.889346;-2.524362;-0.353101;-2.361693
0.074214;3.101702;0.564568;-0.979807;-2.202726;-0.694174;-2.396037
0.098503;2.373613;0.871148;-1.324089;-1.406731;-0.087560;-1.350742
-0.215670;2.536244;1.314037;-1.452078;-1.443300;-0.183843;-0.594059
0.109912;3.255018;0.854558;-1.827508;-1.647112;-0.991329;-1.613938
-0.186989;3.571407;0.213083;-1.598917;-1.398749;-0.930094;-1.889650
-0.081681;3.576240;0.241281;-1.228141;-1.836524;-1.060182;-2.711283
-0.076914;2.774995;0.698045;-1.636458;-1.396121;-0.228129;-1.039162
-0.321060;2.576633;1.035933;-1.878642;-0.970341;0.057310;-0.311874
-0.370166;3.007610;1.102004;-1.832130;-1.087435;-0.226011;-0.295570
0.420925;2.983366;1.029323;-1.685104;-1.818407;-0.964087;-1.860800
0.529577;3.252831;0.737362;-1.524004;-2.857550;-2.215704;-3.339116
-0.600336;2.704190;0.642247;-1.714115;-1.271891;-0.372503;-1.068971
-0.798158;2.618144;0.937468;-1.641810;-1.394884;-0.166545;-0.834084
-0.593655;2.839049;1.071565;-1.718575;-1.407203;-0.431072;-0.631934
-0.511125;3.115744;0.685272;-1.531523;-1.812319;-0.615095;-1.142233
-0.589259;3.156950;0.318806;-1.458563;-1.459939;-0.827298;-1.788031
-0.277303;3.572924;-0.081983;-1.188202;-1.502843;-0.999617;-2.909296
0.049297;3.015081;0.581620;-1.552143;-1.545748;-0.966109;-1.944051
-0.078693;2.794806;1.053329;-1.578575;-1.848697;-0.520888;-1.229691
9.298827;-2.937988;2.746884;-3.534766;-1.412737;-4.309851;0.379458
28.340251;-14.400202;2.110865;-2.635909;-2.373452;1.947494;0.542213
4.200175;0.648836;-10.179943;3.730345;-3.920879;3.772368;0.770611
0.171450;0.847528;2.020060;-0.538112;-3.175778;1.279369;-0.642099
0.161867;1.636186;1.845466;-0.067729;-3.280762;1.009955;-1.359791
0.091492;1.587546;1.443157;0.237849;-3.369987;0.431929;-2.494043
-0.028465;1.245842;1.819062;-0.554466;-3.018570;0.353778;-1.639889
-0.008119;0.850306;1.530455;-1.126570;-2.236094;0.003772;-0.515190
-0.243390;0.815206;1.225919;-0.915287;-1.984202;-0.267275;-0.710534
-0.011233;1.410263;1.089399;-0.625261;-2.378502;0.158858;-2.059814
-0.251420;1.794085;1.103064;-0.657033;-2.711072;0.222900;-2.196170
-0.622799;1.627648;1.349231;-0.747182;-2.217646;-0.071775;-0.984760
-0.807984;1.569604;1.242051;-1.233183;-1.484697;0.154836;-0.710630
-0.928391;1.449105;1.006638;-1.082396;-1.487709;-0.103005;-0.734110
-0.507344;1.648941;0.802824;-1.129113;-1.573490;-0.436146;-1.582333
-0.428431;2.002335;0.492581;-0.978974;-1.886990;-0.697599;-2.276765
-0.956474;1.763230;0.966797;-1.072582;-1.718338;-0.191974;-1.135796
-0.836997;1.696888;1.378404;-0.997017;-1.998185;-0.273218;-0.822277
-1.117471;2.072099;0.750520;-0.378837;-2.023496;0.483110;-1.527174
-0.427622;1.837861;1.003874;-0.793438;-2.006738;0.432602;-1.292452
-0.479214;1.748989;1.166393;-0.946982;-1.750275;0.457107;-0.928899
-0.672719;1.789259;1.139431;-0.724790;-2.032333;0.033167;-1.434231
-0.580977;2.288226;0.805008;-0.715092;-2.250343;-0.016433;-2.504452
-0.118058;2.451850;0.497346;-0.604600;-2.523209;-0.927628;-2.989750
-0.630831;1.445294;1.185489;-1.076509;-1.474982;0.031194;-0.740496
-0.563174;1.238450;0.902928;-0.495085;-2.625364;0.183851;-1.992392
-0.448161;1.197551;0.991429;-0.533068;-3.035442;-0.552493;-2.159694
-0.991725;1.272170;1.072645;-1.237620;-1.619682;-0.254744;-0.586055
-0.276786;1.353925;0.985096;-1.176739;-2.034662;0.031795;-1.233103
9.380764;-2.831304;-3.913187;1.841688;-3.752086;-2.770650;-1.510009
1.697391;1.062606;-4.362509;1.708160;-2.832255;1.935565;-0.553202
-0.378423;1.268952;2.289089;-1.021946;-1.980963;1.236775;-0.317527
-0.246392;1.359754;2.457780;-1.087297;-2.277427;0.865894;-0.773352
0.568610;1.000390;1.978910;-1.261407;-1.883957;1.252084;-1.208321
0.070392;1.922309;1.539039;-1.113435;-1.854190;1.089601;-0.892301
-0.191526;1.408244;1.388882;-0.677697;-2.194428;0.442539;-1.152395
0.104949;1.040703;1.472178;-0.592431;-2.556680;0.349282;-1.411860
0.018210;1.126910;1.675124;-0.754819;-2.559936;0.393226;-1.519242
-0.385080;0.900144;1.519252;-0.977757;-1.892808;0.963854;-1.447754
-0.550266;0.807784;1.035995;-0.861288;-1.842374;0.442625;-1.884899
-0.900327;0.903559;0.816689;-0.692601;-1.230975;0.155957;-1.335439
-1.013206;-0.440691;1.014784;-0.802616;-0.993336;0.586648;-0.674799
-1.402259;-0.027541;0.834674;-0.557768;-1.926186;-0.519504;-1.773917
-1.769983;0.672064;0.740399;-0.520702;-1.917094;-0.393412;-1.622433
-1.141303;0.640722;0.633204;-0.849975;-1.394233;-0.405004;-1.791870
-0.934266;1.755786;0.209627;-0.849994;-1.639544;-0.832821;-2.961161
-0.434172;1.341296;1.010604;-1.240383;-1.544545;-0.921958;-2.161312
-0.092868;0.317377;0.912705;-1.154690;-1.421124;-0.726531;-2.121603
-1.131160;-0.242904;0.924218;-1.160836;-1.236138;-0.231098;-0.838910
-1.715063;0.380189;0.628170;-1.040661;-1.202372;0.250139;-0.265351
-1.877843;1.167260;0.292251;-0.764339;-1.031445;-0.356482;-0.828701
-1.503344;0.626007;1.003338;-1.595921;-0.536904;0.874531;0.673185
-0.874827;1.520317;1.089288;-1.807338;-1.050308;-0.362607;-0.137014
-1.053324;0.994546;0.949015;-1.584829;-0.821822;-0.744656;-0.093744
-0.753365;1.371706;0.740494;-1.471691;-1.037889;-1.099381;-1.028058
-0.829044;1.015755;1.027620;-1.704183;-0.795581;-0.803895;-0.346825
-1.403417;1.280941;-0.031043;-0.548655;-2.051439;-1.015021;-2.370266
-1.219766;1.170962;0.586431;-0.899453;-1.380909;-0.684119;-1.463613
-1.594986;1.014295;0.741259;-1.207020;-1.103650;-0.580326;-0.899014
-1.152739;1.474193;-0.092069;-0.731978;-1.635521;-1.644668;-3.092430
-0.958048;1.242330;0.035553;-1.198326;-1.060459;-1.114756;-2.084199
-0.996105;1.585155;-0.026754;-1.463159;-1.146501;-1.485171;-1.932011
-1.458833;1.362227;0.124743;-1.397032;-0.824268;-1.030279;-1.743366
-0.953156;1.159601;0.638840;-1.653445;-0.763953;-1.146625;-0.868742
-0.589098;1.954469;-0.218239;-1.438813;-0.989026;-1.589494;-2.335529
-0.981994;2.021530;-0.035883;-1.606444;-0.760655;-1.185520;-1.004489
-0.823290;1.886630;0.305223;-1.667902;-0.563098;-1.115113;-0.540085
-0.616914;2.024902;0.389048;-1.570107;-0.532016;-1.144509;-1.336556
-0.387886;2.020305;0.151425;-1.457285;-1.033785;-1.682313;-2.067274
-0.499365;1.661684;0.319522;-1.517985;-1.084818;-1.050271;-1.393312
-0.318868;1.927946;0.394368;-1.395106;-1.281955;-0.801702;-1.608211
-0.496360;2.304390;0.367355;-1.355489;-1.393282;-1.191709;-1.883287
-0.835512;2.238217;-2.112935;-0.459308;-1.259177;-0.179397;-0.449478
2.109773;1.958430;-8.083520;0.745199;-1.029037;-0.582510;-1.390400
2.730262;1.601797;-8.932570;-0.273289;-0.066243;-1.278561;-1.336141
2.934740;2.590164;-10.605530;-0.033352;-0.570624;-2.969628;-3.953949
2.018249;2.166558;-7.907919;0.194081;-0.417874;-0.061222;0.664177
2.251764;1.719816;-8.404153;0.018385;-0.282650;-0.741397;1.039412
2.494398;1.411753;-9.809399;-0.307702;1.035786;-1.006637;1.560188
2.831823;1.232471;-10.412933;-0.337611;0.985441;-1.606896;1.445836
2.534073;0.927824;-10.688344;-0.335663;0.902306;-2.000663;0.596988
3.151598;0.097382;-11.806071;-0.825629;1.796747;-3.523135;1.409300
2.238618;0.709251;-10.444704;0.544378;1.308778;-0.508777;0.777819
2.397330;0.406685;-9.869873;0.587766;0.620081;-0.885744;1.165595
1.562948;1.024481;-8.592766;0.106988;0.375579;0.052734;0.830129
2.020193;0.910146;-8.934460;0.091303;0.335119;-0.636019;0.621065
2.397208;1.279745;-9.154804;0.789268;-0.536683;-0.574065;0.785844
1.958649;1.049146;-8.666576;1.018590;-0.429704;0.517691;0.426581
1.428037;1.268652;-8.042446;0.771689;-0.653672;0.343636;0.191377
1.107715;1.425414;-7.662929;0.425806;-0.642122;0.593159;0.492670
1.781806;1.456964;-9.068999;1.069218;-0.982269;0.200426;-0.031143
1.110416;0.805761;-7.497131;0.628983;-0.372667;0.606532;0.236711
1.074023;1.024114;-7.402016;0.703457;-0.614090;0.681230;-0.152717
1.352214;1.168846;-8.073783;0.763745;-0.982350;0.025244;-0.911151
1.640532;0.086188;-8.150423;-0.158675;0.472715;0.114643;1.288339
2.566730;0.389064;-9.487945;0.541952;-0.084733;0.550773;1.950098
1.212679;1.002004;-6.925963;0.219351;-0.335045;0.760503;0.615126
0.768555;2.113316;-6.869047;0.679008;-0.595296;0.415675;0.304902
1.373424;0.866202;-7.447018;0.219283;-0.346100;0.439418;-0.093004
1.526128;0.741501;-7.960281;0.261082;0.133122;0.289908;0.478473
1.735424;1.804563;-8.789226;0.871213;-0.329147;0.139482;0.061364
2.146090;1.250497;-7.586426;1.132835;-1.717670;1.152767;0.480313
2.339726;1.536703;-8.099526;1.174437;-1.574176;0.915161;0.099828
2.894570;2.104438;-10.220735;1.890251;-1.971267;-0.242262;-2.710441
2.565140;2.301675;-9.642859;1.706837;-2.127486;-0.722181;-2.478077
2.296021;2.012662;-8.954389;1.335233;-1.364691;0.020774;-1.136890
1.789887;1.584286;-8.539698;0.355027;-0.152368;0.505914;0.857543
2.205066;1.771052;-7.737628;0.031064;-0.515382;-0.338798;0.108762
2.221954;1.854566;-7.994094;0.558588;-0.631407;-0.031133;0.227788
1.505701;0.881679;-7.035840;0.349979;-0.236570;0.732287;0.267067
1.144173;1.337030;-7.181381;0.683457;-1.016332;0.549068;-0.558630
2.414606;1.245794;-10.633977;1.943200;-1.197359;1.252979;-0.355518
2.516074;1.847701;-11.306368;2.338928;-1.175517;0.924714;-0.146865
1.362238;1.207777;-7.827612;0.845983;-0.473099;0.838328;0.693123
3.020459;0.513037;-8.327401;0.359427;0.243600;1.189504;1.090652
5.469918;1.486291;-13.824270;1.802161;-0.355159;0.363901;1.326426
0.966161;2.148006;-8.074685;1.124083;-1.010297;-0.290065;-0.729090
1.380164;0.884190;-7.902248;0.033163;-0.316092;-0.273975;0.868305
1.691648;0.904155;-9.556289;0.613148;-0.410507;-0.693495;0.303853
1.488317;1.409058;-9.279895;1.209282;-0.668084;-0.151487;0.230744
1.812063;1.446746;-10.434755;1.994732;-0.993782;1.017618;1.168080
2.314129;1.895350;-10.906305;2.454975;-1.822332;0.741829;-0.274291
1.523074;1.178801;-8.239757;1.316383;-0.789885;1.532231;1.308185
1.623062;0.820972;-8.709037;1.167804;-0.877609;1.719256;1.284844
2.511488;1.045707;-10.950759;2.234645;-1.075376;1.900721;1.489987
1.640606;1.249276;-8.434247;0.872955;-0.930043;0.543919;-0.094035
4.335103;1.200171;-13.928373;2.384466;-0.846971;-0.212590;0.901441
3.277396;2.082351;-8.557985;0.035883;0.313815;0.493556;2.058301
2.344557;2.303085;-7.716391;0.622481;-0.353820;1.677099;1.665426
2.351968;2.577235;-7.668064;0.364517;-0.845934;1.064461;0.591069
1.968335;2.401411;-7.090792;-0.023555;-0.017667;1.021696;1.383778
1.939698;2.532251;-7.478751;0.049340;0.103975;0.609071;1.432685
2.699649;1.760669;-8.998642;-0.154298;0.346228;-0.699364;-0.339942
3.865663;1.849553;-11.530882;1.524154;-0.962350;1.609386;1.055292
2.462430;2.189550;-7.903422;0.146394;-0.989795;0.224570;-0.580949
1.925521;3.251360;-7.836670;0.657785;-1.079579;0.047968;-0.720367
1.796718;2.277014;-7.153623;0.029831;-0.372685;0.564539;0.463595
2.166322;2.788662;-8.749754;0.925615;-1.151921;0.979443;-1.095032
1.600872;2.567399;-7.649088;0.800405;-0.190953;0.727534;0.108709
2.003905;2.807260;-7.822650;0.350349;-0.683799;0.409954;0.173330
2.095288;2.418822;-8.055002;0.564692;-0.537331;0.276428;0.286912
2.454752;1.106832;-8.412376;-0.201926;0.624983;0.325092;0.996036
2.694262;0.577774;-9.403754;-0.191007;0.742850;-0.320907;2.099703
3.243507;1.238655;-10.578343;0.076041;0.830710;-0.254673;2.615076
3.283013;1.582583;-9.990089;0.578985;0.011655;0.502652;2.217439
4.943798;0.753238;-10.518827;-0.243603;0.756402;-0.153539;1.922485
3.240891;2.249616;-8.877720;0.566004;-0.515006;0.095955;0.272611
2.757561;2.653288;-8.236623;0.363330;-0.404442;0.238991;-0.314831
3.337471;1.899222;-7.937534;-0.091010;0.269524;1.214516;0.788881
3.736862;1.466543;-8.735652;0.046014;0.070754;0.851847;0.617211
3.594176;1.631073;-9.197113;0.290843;-0.286559;0.234430;0.014684
3.290419;1.323407;-7.751310;-0.182393;0.215284;1.019991;1.264552
3.298815;0.884031;-7.288855;0.103726;-0.851650;1.243742;1.862206
3.369570;1.186379;-7.964471;0.596439;-1.294297;1.335195;0.733163
3.085704;1.692075;-7.616845;0.738977;-1.365415;0.895462;-0.058969
2.948229;1.916879;-7.429926;0.842796;-1.310262;1.186768;-0.279396
3.134064;1.531085;-7.940191;1.008686;-1.129447;2.131745;0.787576
3.794087;1.274132;-8.954327;1.264375;-1.154362;1.835328;1.352807
3.866367;0.839052;-8.699832;1.338848;-1.539270;1.695150;0.820514
3.261415;1.119081;-7.342498;0.989568;-1.754854;1.089160;0.116069
3.428385;0.957688;-7.214705;0.853461;-1.410188;0.732883;-0.508662
3.189848;1.778986;-8.374751;1.253644;-1.387521;0.555432;-1.725508
3.897595;0.938473;-9.511519;1.538945;-1.505334;1.863761;0.400477
2.754588;0.729541;-7.439025;0.550928;-0.684259;1.217331;0.042508
2.350611;0.681761;-5.874964;0.126983;-1.207792;0.538035;0.089504
2.585003;1.378855;-6.762178;0.868838;-1.775764;0.848098;-0.408797
3.450077;-0.531009;-6.607020;0.052152;-0.425751;2.024191;0.672578
3.257186;-0.285117;-5.872728;-0.629686;-0.090183;1.893429;0.150016
2.571611;1.310005;-6.574858;0.456785;-0.765570;1.482796;0.045292
2.469901;1.712748;-7.287891;1.072744;-1.596096;0.760168;-1.054003
1.949112;1.719032;-6.959292;1.048243;-1.556111;1.371247;0.772498
1.908783;1.606942;-6.661855;0.789834;-1.354014;1.674658;0.902845
2.123943;1.305759;-6.573897;0.323392;-1.480854;0.767036;-0.329837
3.164694;0.600334;-6.350995;0.597581;-2.082189;0.928348;0.889821
3.174567;1.376835;-6.828766;1.674237;-2.568734;1.587542;0.306411
3.190965;1.074660;-6.775301;1.105059;-2.143850;1.508800;1.214955
3.853562;0.811008;-7.029965;-0.552953;-0.259306;1.231044;2.926047
3.622895;0.411751;-6.213261;-0.953602;0.256162;1.207955;2.756798
4.318450;0.573321;-10.215931;1.211410;-0.530534;2.203460;2.975173
4.752831;1.368701;-10.781818;1.126661;-0.726204;1.882643;2.169918
2.907130;2.146233;-7.237398;0.155417;-1.216392;0.485908;0.433837
3.135084;2.253152;-7.904739;0.634225;-1.673492;0.797010;-0.284101
2.627693;2.201071;-7.322671;0.398533;-1.340808;0.870973;0.302852
2.870913;1.679037;-7.085868;0.391791;-1.260258;1.350169;0.844783
3.918918;1.954300;-10.102100;1.594762;-1.710960;1.990894;-0.093549
3.482339;2.078349;-9.955382;1.659456;-1.604231;0.298868;-1.133356
2.207861;1.567737;-8.158538;1.026369;-1.093282;0.646395;0.171423
2.343080;1.987020;-8.718364;1.539360;-1.422945;0.390995;-0.723800
2.112460;1.827907;-8.430464;1.382463;-1.660482;0.004393;-1.985229
2.328512;1.150623;-8.538081;0.540203;-0.559277;-0.064699;0.168947
2.299036;1.951996;-9.771462;0.588493;0.147469;0.245848;1.181277
2.636521;0.502398;-9.570231;0.607437;0.190616;0.812159;1.203982
2.101997;0.886705;-7.257991;0.775786;-1.243568;0.830758;1.470525
2.018181;0.458325;-6.021629;1.199379;-2.113486;0.846410;0.928802
1.530827;0.647423;-7.016669;2.029349;-2.531450;1.843487;-0.224735
1.720031;1.106967;-7.686175;2.186157;-2.700250;1.752465;-0.539113
2.108242;0.871534;-7.837133;1.930069;-2.629524;2.270173;0.493785
2.350962;0.746815;-8.203002;2.077783;-2.499459;1.734739;0.508641
1.766773;1.888808;-8.378856;2.188471;-2.527599;0.952242;-1.099780
1.656907;0.741832;-7.536038;1.562779;-1.637759;1.847140;0.521922
2.287757;0.451082;-6.750978;1.120237;-1.514174;2.042435;0.934269
2.456377;1.790401;-7.450347;1.642223;-2.472007;1.356516;-0.078931
1.823421;1.704133;-7.639316;1.615467;-2.245770;1.821681;0.651576
2.335062;1.495252;-8.055389;1.561148;-2.444922;1.105389;-1.154710
2.547524;1.337929;-8.145248;1.632156;-2.215032;1.512454;-0.487590
2.522146;0.966937;-6.847847;0.907456;-1.815196;1.912691;1.693720
2.436177;1.790986;-7.078517;0.960520;-1.877569;1.053586;0.324596
2.513824;2.285853;-7.982099;1.227402;-1.543667;1.034035;0.165041
3.382065;1.687659;-7.758628;0.574314;-1.151877;0.749809;0.029979
2.892235;2.135274;-7.503390;0.373463;-1.010490;0.549475;0.103639
1.970950;1.564505;-6.605419;0.060147;-0.529934;1.556681;1.558457
2.592435;2.172063;-9.024861;1.050088;-0.892837;1.888823;0.545379
2.527758;2.040219;-7.830474;0.825396;-1.646464;1.452553;0.842304
2.702616;1.857003;-8.192970;1.135216;-1.406124;1.615871;0.602145
2.470189;2.058989;-7.920519;1.253588;-1.715685;0.801947;-0.385424
2.442453;2.029056;-7.769412;0.950137;-1.740648;0.382485;-0.886036
2.407571;2.357362;-8.514789;1.053180;-1.476299;0.544983;-1.149168
2.387806;2.658635;-8.807364;1.254923;-1.495574;0.396719;-1.430300
2.438686;2.633497;-9.029558;1.142069;-1.741824;0.271486;-1.973590
1.949027;2.345681;-8.136761;0.858134;-0.616127;1.468157;0.173040
1.579770;2.257361;-7.440004;0.720411;-0.525334;1.022200;-0.071152
1.887253;2.523548;-7.176777;0.753899;-0.817826;1.093974;0.900712
2.257216;0.939889;-6.992148;0.378191;-0.771394;2.278739;2.467452
1.689451;1.976315;-7.102371;0.566623;-1.110158;1.224274;0.621718
1.842534;2.825534;-7.877581;1.080710;-1.528202;0.961877;-0.544783
2.391482;2.491878;-9.248064;1.442085;-1.625006;1.439241;0.131409
-7.743904;-7.939846;-2.499985;0.589451;1.904667;-3.238450;-0.476212
-8.003271;-7.675192;-3.967462;1.523708;0.998851;-3.897288;-2.669015
-7.064966;-8.260466;-3.962778;0.938190;1.572689;-3.577221;-1.516373
-7.046646;-7.576739;-2.448854;0.974825;1.021231;-3.284062;-1.212994
-7.403936;-6.375701;-1.714563;1.496696;1.205070;-2.197406;-1.927953
-6.608416;-6.596367;-2.825135;0.844531;1.189103;-3.409105;-1.038521
-7.038979;-7.753989;-2.315873;1.127078;1.059188;-2.765514;-0.586987
-7.830385;-6.828442;-2.139053;1.783290;1.105960;-2.554591;-1.796847
-7.809792;-6.294226;-2.516013;1.541884;1.390412;-2.749210;-1.338077
-7.862260;-6.825200;-2.540790;1.408131;1.668483;-2.865455;-1.835696
-7.266612;-7.158780;-3.256693;1.003714;0.912570;-3.323950;-1.702601
-5.931327;-7.384032;-1.753319;0.088443;2.004185;-2.485644;0.941140
-5.628898;-6.256149;-2.158614;0.705254;1.501690;-3.043991;-1.055377
-6.101639;-6.011819;-4.087535;0.597740;1.597671;-4.486282;-1.692734
-7.448392;-6.897201;-3.040867;0.376736;1.823295;-2.918781;-0.987782
-7.598231;-7.359575;-3.867187;0.678580;1.896370;-3.357059;-1.175321
-6.925120;-7.266957;-4.367653;0.276389;2.161521;-3.953068;-0.105555
-6.542012;-6.985831;-5.181258;0.491699;1.967907;-4.842950;-1.388675
-6.617950;-7.449192;-5.141079;0.394929;2.228878;-4.814387;-0.645391
-7.344749;-6.799311;-3.152915;0.862557;1.884527;-3.352614;-0.781308
-7.149499;-6.966106;-2.442132;1.521001;1.368808;-3.050967;-1.862579
-5.575858;-7.941540;-0.213146;1.580462;2.296611;-1.878357;0.608482
-5.189137;-4.850768;-0.874468;2.684695;1.472534;-2.343609;-2.491332
-5.721263;-5.983419;-0.312274;1.426573;1.929128;-2.025000;0.009619
-6.430278;-5.684602;-1.383221;1.384841;1.343696;-2.283448;-1.471489
-6.311991;-5.009498;-2.170762;1.234715;0.865744;-2.734094;-2.133905
-1.861092;-4.643479;-12.010338;4.514837;-0.256687;0.502552;0.145265
-3.964268;-4.271521;-4.121114;3.889149;0.740566;-0.914990;-1.254562
-5.869961;-5.243758;-0.024909;1.929370;1.791593;-1.753058;-0.102258
-6.357090;-5.712660;-0.654518;1.868787;1.317404;-2.621908;-0.943593
-6.980397;-7.389369;-1.472661;0.695466;2.321876;-2.568798;0.527161
-5.641654;-7.021628;-7.625263;2.036333;0.857447;-2.962013;-0.473592
-1.910676;-3.522354;-8.482123;3.902014;-2.427229;1.136890;-0.135159
-5.883326;-5.052179;0.022974;0.508618;-0.853763;-0.157319;-0.486194
-6.198628;-4.940228;-0.628661;0.825080;-0.384326;-1.179063;-1.280677
-5.530681;-4.303188;-0.892902;0.902000;-0.924441;-1.771520;-2.350512
-5.761718;-5.589327;-0.231619;0.789654;-0.338953;-0.915003;-1.134586
-5.450581;-5.919984;-0.391071;0.730906;-0.526190;-1.256228;-1.053248
-4.638283;-5.052855;-0.449800;0.758478;-1.395447;-1.441742;-2.459903
-4.948552;-5.137675;-0.145760;0.820833;-1.467989;-1.299750;-2.630448
-5.249126;-4.708630;-0.971287;1.603188;-1.989759;-2.283918;-3.742769
-5.382632;-4.905170;-0.937549;1.319699;-1.783610;-2.165785;-2.715275
-5.757751;-6.383899;-0.550285;1.000798;-0.593963;-1.380526;-1.055279
-5.794122;-6.477918;-0.710862;1.543785;-1.176474;-1.449101;-2.514732
-6.082313;-5.318269;-0.696867;1.789400;-1.673470;-1.620963;-2.813013
-5.805143;-6.567369;-0.572208;1.547649;-1.316117;-1.139741;-2.251341
-6.363842;-6.599394;-0.707964;1.972067;-0.866113;-1.082503;-2.336224
-5.709628;-6.320181;-0.366399;1.614528;-1.045228;-0.955779;-2.079426
-5.662505;-6.005118;-0.561762;1.478413;-1.492196;-1.353842;-2.756890
-6.056607;-5.606091;-0.753751;1.578895;-1.358731;-1.278443;-2.817191
-6.324616;-6.512089;0.174549;1.571251;-1.339613;-0.851768;-1.284657
-6.758824;-5.394824;-1.062348;3.042986;-2.934887;-1.809272;-4.822771
-6.687300;-6.148197;-0.756483;2.657516;-2.813430;-1.379286;-3.567667
-6.743354;-5.933301;-0.625129;2.419050;-1.994999;-1.276538;-3.032019
-6.043092;-6.380035;0.123650;2.438065;-2.703101;-1.462636;-2.508233
-6.373779;-6.637600;-0.552288;2.829306;-3.185824;-1.303756;-3.418882
-5.365775;-6.324683;-4.433451;3.713353;-2.417432;-0.122081;-2.027539
-6.304580;-5.654495;-3.010653;2.907601;-1.763264;-0.587954;-2.475787
-7.852757;-7.399389;-0.731333;2.155123;-0.941647;-0.672128;-1.410950
-7.901989;-7.417462;-0.438084;1.862244;-0.654197;-0.270945;-0.827330
-7.532429;-6.947665;-0.536337;1.991662;-1.106701;-1.215267;-1.776367
-7.468408;-7.321485;-0.460753;2.134787;-1.510607;-1.037320;-2.057272
-7.426661;-6.312478;-1.112243;2.729619;-2.109935;-0.940643;-3.465090
-7.819945;-8.008504;-0.157751;2.179860;-0.789937;0.588702;-1.200676
-8.409663;-7.912435;-0.445027;2.627163;-1.036043;0.061513;-1.397853
-7.258518;-6.878619;-0.528246;2.385274;-1.847527;-1.456648;-2.978563
-7.004256;-7.213109;-1.029848;2.648162;-2.399672;-1.925467;-4.015203
-6.413731;-7.519494;-0.352464;2.275322;-2.319603;-0.666643;-2.454230
-6.360887;-5.921482;-0.282379;2.357443;-2.513633;-1.126854;-2.760885
-6.492478;-7.191965;-0.129704;1.853298;-1.862164;-0.376707;-1.440981
-7.059805;-6.944158;-0.664010;2.129522;-1.652137;-0.994657;-2.626561
-6.917030;-5.997293;-0.646439;2.339550;-2.019122;-1.496337;-3.423214
-6.551642;-5.705332;-0.792797;2.205671;-1.927196;-1.515609;-3.602435
-4.079418;-6.594689;-3.776731;2.319999;-1.330983;-0.168915;-0.195749
-2.601621;-7.707602;-10.461645;3.737546;-0.431199;-1.020800;-0.303427
-6.387788;-6.728166;-2.385455;1.222761;0.055144;-3.430314;-2.972664
-6.765392;-6.525293;-2.013378;1.508084;-0.346653;-2.993674;-3.086189
-6.363089;-8.363549;-2.484732;1.063867;0.533350;-3.188736;-2.215920
-6.962640;-7.764254;-2.903595;1.622699;-0.019283;-3.743922;-3.901428
-7.396721;-7.341889;-2.267916;1.717696;-0.224576;-2.810840;-3.543480
-7.522401;-7.462411;-1.746807;1.403247;0.329658;-2.386661;-2.373447
-7.280006;-6.562311;-1.849478;1.546098;-0.171527;-2.588642;-3.069673
-7.090042;-6.283270;-2.181750;1.654697;-0.500030;-2.913229;-3.623251
-7.033295;-6.419144;-1.996699;1.560571;-0.646367;-2.773417;-2.930070
-6.663380;-6.473078;-1.595829;1.090648;-0.271122;-2.008600;-1.930352
-6.958758;-6.738608;-1.329449;0.934833;0.071370;-1.529379;-1.963720
-7.557029;-7.288370;-1.538063;1.458413;0.023929;-2.147907;-2.390319
-7.412307;-7.464812;-1.437012;0.905774;0.613888;-1.866415;-1.275537
-7.473285;-6.401133;-1.724643;1.086641;0.355129;-1.957207;-1.811709
-5.287522;-8.797088;-2.482983;-0.239816;2.344275;-3.255306;0.680759
-1.759496;-8.713052;0.102621;-0.874290;4.037733;-1.422510;1.495584
0.510906;-3.968744;2.335854;-0.526234;3.536455;0.151280;1.825775
1.730145;1.192042;0.919508;1.218833;0.978227;-1.948079;-2.699152
2.956887;0.887299;-3.221432;2.962205;0.679472;-0.640158;-3.267927
-4.723204;-6.199033;-2.898448;1.719133;-0.904947;-0.997678;-2.261550
-5.673111;-5.910631;-0.960164;0.932303;-0.624581;-1.552710;-2.270943
-5.662000;-7.845260;-0.813900;0.832505;0.078578;-1.193603;-1.394061
-4.993221;-8.736793;-1.158666;-0.414607;2.139713;-1.932452;1.014905
-4.488280;-7.400599;-1.832324;-0.314952;1.403450;-2.723710;-0.326509
-6.119402;-5.398029;-2.060382;1.618414;-0.717450;-3.096382;-3.784786
-6.637487;-7.831371;-1.056723;1.375293;0.337924;-1.691978;-2.151314
-6.492220;-8.485911;-0.896196;1.054833;0.332747;-1.307567;-1.724353
-6.833091;-7.073157;-1.031436;1.296138;-0.335297;-1.681437;-1.840345
-7.699453;-7.498559;-0.660611;1.542150;-0.125554;-1.146986;-1.095709
-8.162747;-9.351495;-0.545451;1.976234;0.053561;-0.798459;-0.778146
-8.912480;-8.882366;-0.931701;2.669047;-1.147275;0.051019;-1.559425
-8.354631;-7.332158;-1.751431;3.080582;-2.104755;-1.659976;-4.683649
-8.392113;-8.216149;-1.687133;3.441132;-2.038781;-1.572456;-4.736100
-4.457339;-8.157529;-10.949869;6.702216;-2.808326;2.010454;-1.686100
-2.906966;-7.549948;-8.054694;4.779424;-2.050470;1.999774;0.047506
-6.082812;-8.159792;-0.607499;2.215077;-1.567982;-0.752694;-3.204954
-6.080273;-8.095712;-0.087069;1.842244;-1.185513;-0.269338;-1.983363
-5.759990;-8.150011;-0.073738;1.455977;-1.017527;-0.386113;-1.559968
-5.441513;-8.149296;-0.218208;1.437629;-0.945528;-0.623879;-1.946593
-5.438805;-7.369053;-0.153051;1.500416;-1.204268;-1.038933;-1.425719
-5.446234;-7.112596;-0.404759;1.203356;-0.656577;-1.300138;-1.830364
-5.333377;-6.816088;-1.298353;1.728403;-1.016617;-1.935272;-3.891508
-4.594501;-7.314673;-0.902331;0.976272;-0.600053;-1.348728;-2.852775
-4.160333;-6.732223;-0.722852;1.124358;-0.860967;-1.862569;-2.844500
-4.682227;-7.539045;-1.064131;1.818281;-1.620976;-2.133851;-3.926900
-4.950148;-7.944228;-0.916483;0.647556;-0.077245;-2.055009;-1.469497
-4.527474;-7.192057;-0.636238;0.683219;-0.309765;-2.172534;-1.109174
-5.538276;-7.274672;-0.290650;1.566786;-0.970170;-0.896018;-1.735220
-6.034295;-7.561106;-0.317584;1.668888;-0.977041;-0.632169;-1.654110
-5.747037;-6.738562;-0.776547;1.726486;-1.613873;-1.214680;-3.055933
-6.114869;-6.881769;-0.440648;1.767035;-1.117746;-0.811532;-2.366284
-6.021226;-6.894791;-0.599904;1.544673;-0.611201;-0.948544;-2.573928
-5.777819;-6.522070;-1.308078;1.581099;-1.093857;-1.383645;-3.705530
-6.237526;-7.465707;-0.737772;1.220534;-0.456844;-1.320660;-1.524886
-5.196872;-7.085241;-0.791534;0.228422;0.522182;-1.574659;-1.690550
-3.711385;-6.290185;-0.738853;-0.040726;0.322902;-1.689110;-2.525108
-2.472281;-5.595535;-0.589269;-0.176077;0.290240;-1.728585;-2.600438
-2.267484;-3.799590;-1.421833;0.664188;-1.266002;-3.056923;-4.640320
-0.843190;-4.391520;-4.765042;1.409269;-1.212161;-1.857258;-2.146488
-2.177045;-6.690846;-2.023732;0.953554;-0.657711;0.290433;-1.544078
-2.672348;-8.235274;-1.009360;-0.591610;0.983108;-1.364290;0.148288
-2.942038;-6.256163;-3.106602;-0.882843;1.750173;-3.524786;-1.601637
-3.728632;-5.276414;-1.539838;-0.487935;0.642774;-3.019902;-1.726802
-3.994755;-7.715287;-1.681876;-0.140731;0.956274;-2.559958;-1.290684
-0.829292;-9.346910;-1.048661;-0.752508;2.590613;-2.503132;0.382165
-0.961167;-5.393068;-0.935034;0.021836;1.710779;-3.071821;-1.869907
-2.576816;-6.976588;-1.346835;-0.891072;2.053589;-3.317312;-0.382423
-3.951396;-6.905420;-1.996643;-0.292505;1.244095;-3.021482;-2.054789
-3.028964;-6.279402;-3.135264;-0.531020;1.173454;-3.853672;-3.238921
-4.116780;-6.890785;-1.538470;-0.491556;1.412755;-2.317238;-0.096068
-4.111189;-6.807439;-1.268883;-0.511229;1.516313;-1.324130;-0.609894
-3.742184;-3.942241;-1.951202;-0.299917;-0.153045;-2.959956;-3.085017
-4.692778;-6.663047;-0.846936;-0.488169;1.430181;-1.008438;-0.609830
-4.714450;-6.718727;-1.051577;-0.114382;1.202427;-0.920960;-1.425080
-4.256859;-4.644152;-1.928964;0.689967;-0.616102;-3.018669;-4.186722
-5.199676;-6.950994;-0.427657;0.215830;0.656335;-0.728717;-0.474279
-5.205352;-7.091317;-1.147581;0.320646;0.742565;-1.767898;-0.676204
-4.998782;-6.211520;-2.267716;0.870294;-0.154970;-2.694627;-3.895682
-3.538864;-7.786088;-1.584185;-0.442673;1.564822;-2.341264;-0.356282
-2.852425;-6.752369;-2.335532;-0.703610;1.612658;-3.258091;-0.997195
-3.590926;-6.402515;-1.407046;-0.210371;0.887905;-2.664015;-1.830899
-5.207585;-8.439772;-0.674018;0.418932;0.623805;-0.790737;-1.297183
-5.978691;-7.818957;-1.183160;0.973713;0.239189;-0.770363;-1.534857
-5.674974;-5.551707;-0.998810;0.805020;-0.343715;-1.295995;-1.694174
-5.258769;-6.575178;-0.599221;0.798378;-0.503888;-0.867499;-1.586665
-3.856190;-7.335066;0.065974;1.055378;-1.357856;-0.651410;-1.976374
-4.559052;-7.277721;0.321202;1.082495;-1.023170;-0.478924;-1.627348
-3.359357;-8.037899;0.171105;-0.071828;0.354522;-0.769869;-0.674054
-4.083907;-5.125865;-0.884259;0.226466;-0.080799;-1.635676;-2.418244
-4.948923;-8.271934;-0.316593;0.545121;0.323989;-0.371776;-0.889368
-5.433038;-8.187600;-0.632932;0.253847;0.976472;-1.150733;-0.578220
-5.280047;-6.903610;-0.835972;0.536815;0.318186;-1.748922;-1.086173
-5.181918;-7.796830;-0.881547;0.542197;0.242097;-1.494312;-1.206971
-4.823589;-7.100284;-1.462457;0.679078;0.241166;-2.258353;-2.284148
-5.096711;-7.961393;-1.038715;1.017019;0.053415;-1.973314;-2.202556
-1.107152;-10.369985;-0.027747;-1.296623;2.390255;-1.314020;0.088534
0.790754;-6.946852;-0.630413;-3.017633;4.217839;-0.907675;0.855813
0.713732;-4.870419;-2.298647;-2.510288;3.049854;-3.091691;0.730683
-2.270989;-7.376714;-0.176733;-1.584861;2.511908;-0.373176;0.308099
-5.639696;-8.946468;-0.281299;0.850212;0.609360;-0.317920;-0.880177
-6.821970;-8.403852;-1.327275;2.323587;-1.188314;-1.275458;-3.705968
-7.306802;-9.635407;-0.805094;2.407450;-0.882189;-1.036419;-3.075704
-7.627075;-9.565269;-1.141914;2.796569;-1.330375;-1.062545;-3.352369
-7.439920;-8.117592;-0.807273;2.528098;-1.354110;-0.718473;-2.238896
-7.061159;-8.599939;-1.257399;2.704796;-1.541204;-1.202144;-3.936504
-7.538279;-8.391190;-1.405531;2.665295;-1.617795;-1.980517;-4.348576
-7.804490;-8.117165;-0.950896;2.745871;-1.449257;-1.215883;-2.773156
-6.849590;-8.813361;-0.874251;2.216467;-0.907704;-0.988521;-2.419926
-6.837744;-7.503500;-2.012290;2.708242;-1.363611;-2.257209;-4.489262
-7.362355;-7.945850;-2.106438;2.759541;-1.217124;-2.094590;-4.182301
-5.701835;-8.038467;-4.982224;3.390135;-1.287913;-0.963074;-2.307407
-3.120102;-0.176598;-0.494428;1.222157;0.462619;-3.124054;-3.117079
-3.375574;-1.070329;0.048011;1.410026;0.919725;-2.043226;-1.449978
-2.945436;-1.881490;-0.250961;1.170321;0.868723;-3.153661;-3.063064
1.877317;-2.844460;-11.639072;4.609471;0.105772;1.442529;1.450432
-1.424916;-0.784843;-6.605976;4.927152;0.091268;0.079467;0.024863
-4.169215;-1.689900;0.356184;2.459214;1.400618;-2.011524;-1.115281
-3.915739;-2.033223;0.777273;2.622798;1.358524;-2.001265;-0.493599
-3.577633;-1.451311;1.337990;3.203618;0.967980;-2.045679;-0.476665
-3.484162;-1.341244;1.599527;3.083848;1.142034;-1.358855;0.118248
-3.056081;-0.680872;0.889877;2.444581;0.975277;-1.783225;-0.796617
-2.711370;0.129725;0.479869;2.701276;0.783811;-2.457531;-1.771470
-2.707015;0.630811;0.506817;3.057390;0.805320;-2.444037;-1.710901
-3.383015;-1.575188;1.794125;2.128299;2.247085;-0.800669;0.889058
-3.355742;-1.662489;1.687726;1.962247;1.682662;-0.619740;0.822902
-2.805199;0.425340;1.039529;2.191102;1.553934;-1.462672;0.161612
-2.242534;1.196003;0.188278;2.997407;0.634310;-2.506634;-2.786030
-3.115749;-1.405549;1.579139;2.065790;2.632240;-0.384407;1.018959
-3.536701;-1.727779;1.519708;2.125755;1.596836;-0.810908;0.917047
-3.016551;-0.385838;0.380520;2.049552;1.299021;-1.720592;-1.437638
-2.570691;1.188932;0.052350;2.353438;0.492491;-2.626246;-2.277410
-3.039271;-0.321315;1.071031;1.491905;1.753660;-1.377317;0.361045
-3.142727;-0.689609;0.595008;1.712079;1.408297;-1.760173;-0.412716
-3.194639;-0.509237;0.858762;1.207454;1.769160;-1.224179;-0.011520
-2.730670;1.299968;-0.256081;2.132440;0.595404;-2.633521;-2.816969
-2.048009;-1.230401;0.884451;1.778717;1.397652;-1.767230;-0.091748
-2.241798;-1.017309;1.061020;2.301478;1.342851;-2.039210;-0.225657
-2.352481;0.392968;0.890974;2.299761;0.815289;-1.908326;-0.783285
-2.863536;-0.874915;1.513792;1.844274;1.864512;-0.795001;0.844048
-3.229101;-0.566074;1.137593;2.133655;1.780237;-1.155291;-0.014702
-2.800006;0.367430;0.306083;2.199657;1.042212;-1.873683;-1.519702
-2.353774;0.937165;0.297395;1.946840;0.859777;-2.270192;-1.574584
-2.971740;-1.027568;1.270531;1.343727;2.192230;-0.349927;0.825755
-3.798030;-1.603257;1.288616;1.644423;2.043657;-0.979241;0.837978
-2.835183;-1.435987;1.082243;1.065318;2.181242;-0.634785;0.295569
-2.533078;1.388211;0.121799;1.511269;1.022771;-1.960961;-1.398499
-2.961407;-0.236108;0.525499;1.154544;2.101136;-1.023300;-0.177610
-3.487581;-0.447087;0.248305;1.951806;1.540126;-1.790130;-0.743853
0.598215;-0.916769;-9.791787;5.416670;0.221323;2.023114;2.757247
4.037718;2.117321;-5.908384;2.649653;0.212757;-0.706060;-0.644360
2.573980;2.444555;1.682968;0.051399;1.696344;-1.605249;-1.381122
2.423002;3.706426;1.505480;0.163326;1.111474;-1.395320;-1.190413
1.161234;3.036432;1.795130;-0.880133;1.776514;-0.901487;0.472603
0.316910;3.124770;0.939736;-0.522864;0.979224;-1.571932;-1.043433
-0.132446;1.997403;0.661215;-0.352803;1.522108;-1.717992;-1.110106
-0.704756;0.936296;0.748990;0.069556;1.210439;-1.697154;-0.870887
-0.641991;1.249990;0.244046;0.608803;0.650810;-2.242662;-2.217102
-0.543984;2.519574;-0.117633;0.510219;0.317571;-2.980900;-3.495593
-1.124590;0.885112;0.533676;0.153958;1.111088;-1.725492;-1.325478
-0.993143;0.672099;0.420752;0.393717;1.102626;-1.833681;-1.397061
-0.783428;1.791843;-0.148296;0.537707;0.612345;-2.630603;-2.705108
-1.095686;2.479408;-0.306197;0.585593;0.457739;-2.395142;-2.478030
-0.544693;1.031290;0.385613;0.099006;0.734960;-2.166172;-2.774001
-0.753038;1.011626;0.901628;0.165317;1.150934;-1.730495;-1.654638
-0.437724;1.874795;0.547678;0.421291;0.878788;-1.745509;-1.441550
-0.131695;2.428385;0.092989;0.422717;0.376744;-2.376069;-2.815106
-0.862098;1.929514;0.482021;0.567406;0.733493;-1.938029;-1.451706
-1.141117;0.392850;1.264334;0.556064;1.489450;-1.232534;-0.171666
-0.788084;0.357947;1.411782;0.628011;1.993827;-1.201208;-0.067309
-0.239916;2.244367;0.487008;0.692448;0.697298;-2.677044;-2.198328
-0.973738;0.909802;0.814095;0.429934;0.967853;-1.499326;-0.970362
-1.156839;1.225583;0.079292;1.634364;0.609251;-2.591978;-3.273136
-0.648342;0.647489;1.569678;0.429836;1.459651;-0.908261;-0.224847
11.326034;-4.965475;-3.135184;-2.412575;6.730092;9.375676;-6.317552
-0.218331;1.783895;-0.000444;0.499651;1.036121;-1.551571;-0.629836
-0.740046;0.935796;1.074692;0.109750;1.573200;-1.503641;0.000836
0.435895;0.578863;1.614013;-0.529686;2.587120;-0.078204;0.932477
1.097672;3.131747;0.921677;0.486556;0.729795;-2.158244;-1.889828
0.463045;3.446593;1.010468;1.127031;0.613517;-2.129709;-1.696598
0.148480;2.832302;1.398678;1.201994;1.210020;-1.843931;-0.969976
0.070442;2.495937;0.888406;1.103045;0.823439;-2.820547;-2.055533
-0.684928;0.895758;0.739712;0.496957;1.234249;-1.944394;-1.905677
-1.385531;0.201382;0.626132;1.019009;0.860820;-2.145519;-1.954874
-1.548526;0.113845;1.119903;0.895656;1.922599;-1.094702;0.161453
-0.636378;1.606572;0.532334;0.976510;0.427249;-2.779497;-2.248452
-1.248916;-0.319086;1.162562;-0.026296;1.755189;-1.235456;0.287698
-1.944882;-0.815491;0.962805;0.598747;1.243788;-1.152163;0.264193
-1.541036;0.033073;1.035846;0.328728;1.649038;-1.056258;0.106485
-0.809061;2.194840;0.084468;0.691147;0.206370;-3.051992;-2.769616
-1.475705;-0.503595;1.301090;0.087184;1.544460;-1.059106;-0.161685
-2.042555;-0.629912;1.272687;0.836595;1.796497;-1.271816;-0.122340
-1.284055;0.742037;1.258448;0.826283;1.322378;-1.186947;0.045866
-0.959540;2.166158;0.875629;1.115697;0.765480;-2.154601;-1.058612
-1.516429;0.041824;1.288183;0.750900;2.188546;-0.769651;0.056941
2.643764;-3.199934;1.372278;0.021087;-0.757431;-3.651468;0.583243
10.518929;-7.042039;5.492140;1.583147;-1.637561;-5.968242;3.123052
19.833137;-14.527849;8.714390;0.577470;-3.206494;-5.683286;1.645024
25.217786;-19.468223;8.355981;-0.166810;-1.066584;-3.027928;-1.577277
22.556587;-16.802616;7.633615;-1.358827;-0.739449;-3.847403;1.408729
18.973744;-15.312364;6.330228;-1.469235;-0.505473;-3.224251;1.044011
20.257121;-15.927365;2.856990;0.997427;-0.659153;-1.724230;2.498415
-1.982584;-1.471205;1.110686;2.200257;1.400156;-0.541335;0.512646
-2.997471;-0.664567;1.255136;2.759599;1.324425;-1.892744;-1.095495
-2.597329;0.121132;0.449684;3.110371;0.873070;-2.403510;-2.040491
-2.307951;-0.367756;1.073209;1.982418;1.356671;-1.404522;-0.379138
-2.620509;-2.453953;1.666803;1.517804;2.194270;-0.103868;0.935982
-3.444634;-2.115311;1.287791;2.251029;1.506486;-1.182956;-0.177086
-2.645450;-1.340604;1.456626;1.255758;2.016869;-0.844556;0.274571
-2.529083;-0.149614;1.223814;1.452564;1.483650;-1.102587;0.343787
-2.865634;-2.426962;1.563929;1.850783;2.427398;-0.193235;0.862631
-3.131670;-2.231374;1.355350;1.793017;2.160257;-0.436297;0.594916
-2.416322;0.073227;1.036652;1.371425;0.923323;-1.530162;-0.156204
-2.582191;-1.729025;1.294438;0.728766;1.893933;-0.522700;0.806534
-3.707924;-2.396673;1.018399;1.566840;1.934257;-0.769947;0.897294
-2.654604;-2.076161;1.210135;0.981355;2.334449;-0.312951;0.411316
-2.129214;1.011635;0.596982;1.103240;0.923931;-1.912595;-0.756939
-2.278854;-1.578688;1.324650;0.407171;2.196293;-0.302100;0.429292
-3.643489;-1.644719;0.882031;1.400218;1.635871;-1.236352;0.253226
-2.791954;-1.376280;0.921260;0.696466;2.343187;-0.432156;0.830312
-2.687470;-0.247624;0.785014;0.794531;1.559151;-0.881696;0.505552
-2.884422;-1.621706;0.738037;1.219414;1.596158;-1.312651;-0.284806
-0.741098;-2.825607;1.070159;0.388165;1.379625;-2.114783;-0.005253
7.407138;-4.589043;-0.646388;5.476462;-0.836360;-3.984917;2.766129
-1.286245;-1.721009;-1.922433;2.311904;0.699214;-2.101989;-1.780984
-2.026835;-0.960269;1.032029;0.999728;1.673175;-1.018080;0.348871
-2.369676;-2.990218;1.844206;0.386152;2.780542;0.336685;1.595751
-3.242066;-3.253343;1.025607;1.738141;1.596632;-1.489018;-0.081389
-2.783423;-2.218322;0.691013;1.732201;1.680260;-1.604211;-0.990820
-2.766089;-4.072381;1.754925;2.027374;2.268749;-0.178643;0.731938
-4.050758;-3.170679;0.815409;3.537562;1.412024;-2.116537;-1.302604
-3.878898;-2.857280;0.301587;3.609851;1.346717;-2.894280;-3.143415
-3.766273;-3.607483;0.911804;3.086686;1.520322;-2.055592;-1.283184
-3.307859;-3.060067;1.165975;2.055539;1.604388;-1.387669;0.377556
-3.493430;-3.852491;0.761817;1.523179;2.441552;-1.394720;0.252966
-4.142599;-3.449592;0.662679;1.551858;2.202533;-1.138038;0.289706
-3.293499;-1.410837;0.556580;1.598244;1.625267;-1.868898;-1.022876
-3.004076;-2.433089;1.197087;1.725520;1.520090;-1.164853;-0.386531
-3.762747;-3.616220;1.036517;2.582333;2.007144;-0.712934;0.021091
-3.589050;-3.783441;1.493116;1.824636;2.268404;0.101791;1.345791
-2.909421;-0.812913;0.767587;2.097847;1.018911;-1.995648;-0.835837
-3.000989;-2.396297;1.461437;1.834192;1.793063;-1.178375;0.171075
-3.615639;-1.810632;0.391160;2.979363;0.722855;-2.598361;-2.008719
-3.640144;-1.196923;0.284352;2.662085;0.846563;-2.459555;-1.556276
-3.918182;-1.844760;0.428079;2.459264;1.585671;-1.934431;-0.729064
-3.736756;-3.382672;1.270681;2.418072;1.759213;-1.793707;0.259666
3.494889;-8.178703;3.094775;0.994281;-2.651789;-2.711441;0.985729
23.151125;-16.214053;9.361271;-0.925408;-3.647982;-7.595900;3.934685
36.876826;-22.828111;5.023409;3.941611;-0.168501;-2.446988;4.717376
-1.698506;-1.553151;-1.520966;2.991477;1.523032;-0.977570;-0.516581
-2.070551;0.208086;0.917494;1.751678;1.347351;-1.643230;-0.820289
-1.753590;-0.491844;0.611334;1.050640;1.357614;-2.234807;-2.339836
-2.691380;-2.878679;1.303917;1.071734;2.022816;-0.829145;0.195863
-2.851214;-2.642441;0.901284;1.407261;2.049432;-0.913159;-0.032132
-1.739438;-0.676891;0.419346;0.859767;1.283362;-1.795230;-1.530660
-2.279752;-0.345748;0.382981;0.600259;1.537884;-1.482585;-0.437596
-2.791992;-1.471703;1.125916;0.859634;1.382862;-1.153352;0.268634
-2.654052;-1.127315;1.119901;0.832106;1.764780;-0.778193;0.493591
-2.016819;0.664626;0.005172;0.977001;1.090808;-2.348404;-1.833128
-1.142824;-0.069884;0.341309;0.455393;0.745046;-3.112098;-2.896920
-0.660192;0.185572;0.054583;0.846695;0.545182;-3.620882;-4.162165
-1.343686;0.482403;-0.188995;1.358898;0.849121;-3.068321;-3.143805
-2.078766;0.579967;0.199744;1.169312;0.822175;-2.672071;-1.899738
-2.369345;-1.069613;0.576109;1.015628;1.129488;-1.651516;-0.917253
-2.564808;-1.112891;0.660688;1.157581;1.543094;-1.362874;-0.267097
-2.039102;0.820724;-0.227290;1.616378;0.305430;-2.903926;-2.628861
-2.461053;-0.681180;0.238353;1.232078;1.473475;-2.169134;-1.649848
-2.667156;-0.629074;-0.524941;2.043610;0.697384;-3.343696;-3.575431
-2.547836;-0.538308;-0.056227;1.483994;1.275990;-2.178545;-1.732107
-2.323972;0.295691;0.019524;1.323605;1.095600;-2.186226;-1.459109
-2.450769;-1.295313;0.459288;1.180751;1.466395;-1.455201;-0.647405
-2.601113;-1.288609;0.565507;1.429407;1.535758;-1.564591;-0.900462
-1.857822;0.072803;0.777250;0.668512;0.815961;-1.803737;-0.851727
-1.932715;-1.365654;0.343042;0.260220;1.831430;-1.357005;-1.361769
-2.440973;-1.341382;-0.138828;1.025437;1.193187;-2.428703;-2.394570
-2.449792;-0.321028;0.561088;0.638222;1.923614;-1.119663;0.076331
-1.949464;-0.525657;0.290377;0.389713;1.768668;-1.867299;-1.604491
-2.448549;-0.879855;0.127489;0.818295;1.327642;-2.331507;-1.737168
-2.689371;-0.250460;0.314310;0.529346;1.736943;-1.197562;-0.152206
-2.619110;-1.422231;0.517901;0.388569;2.147352;-0.766759;0.302941
-3.089663;-1.589915;0.319930;0.718241;1.642759;-1.273304;-0.194439
-2.690922;-0.490385;0.751650;0.452580;1.543028;-1.201495;0.255077
-2.237711;-2.437441;1.095288;0.684184;2.077712;-0.567053;0.325030
-2.876510;-2.065500;0.738180;1.348425;1.976543;-1.140500;0.166374
-2.802805;-0.453298;0.548871;1.325580;1.182584;-1.848675;-0.187613
-3.634769;-2.312347;0.447335;1.007913;2.121680;-1.152898;0.244442
-3.287991;-2.689308;0.749882;1.150395;2.073649;-1.365323;-0.005420
-3.005436;-0.691989;0.262142;1.311690;1.051404;-1.940880;-1.201111
-2.077959;-1.477881;-0.372858;0.137345;0.924513;-3.035992;-0.041510
3.977477;-6.126811;2.760287;4.660253;-0.128901;-5.428730;1.725949
20.654663;-15.335616;4.851166;2.758382;-2.128870;-1.460817;-2.108584
4.769033;-1.083852;-8.946173;-0.060625;0.619449;-0.609766;0.223143
1.283628;0.503098;-0.230008;-3.043150;1.854074;-2.117773;0.115286
1.651340;-0.843118;-0.016476;-2.627000;2.397489;-1.240688;-1.059185
1.288594;-0.607366;-0.413403;-1.851627;1.234625;-2.797402;-1.646958
1.630958;0.661914;-0.021365;-2.582664;1.156458;-2.557673;-0.870185
1.488117;-1.610120;0.871016;-2.422257;1.544249;-1.532701;-0.136645
1.348410;-1.220321;0.732681;-1.771489;1.081930;-2.007599;-1.186277
2.001864;-0.684561;0.355636;-1.829373;0.874953;-3.084004;-2.785068
1.753892;-1.346635;0.517896;-0.285940;0.248641;-3.531063;-3.343202
1.190248;-0.423887;0.601245;0.070011;0.543032;-3.250673;-3.456442
0.769735;0.886273;0.568779;-0.430338;0.887456;-2.764901;-2.154513
0.274331;-1.096955;1.060261;-0.814469;2.251140;-0.805512;-0.520017
-1.058075;-2.385432;0.571682;0.577206;1.694239;-1.450549;-1.117696
-1.027282;-1.803497;0.618684;0.505327;1.653558;-1.496300;-1.014943
-1.139836;-0.147867;0.091728;0.501989;1.054815;-2.251019;-2.387507
0.094934;-0.877756;1.108723;-0.351207;1.431646;-1.991884;-1.451854
2.152181;0.020274;1.242667;-0.894724;2.106157;-1.279136;-1.507201
2.331311;1.289093;0.958894;-1.153873;1.673942;-1.936133;-2.144909
0.823470;1.544969;0.347231;-1.011036;0.603350;-3.248851;-1.948825
-0.165144;-1.522145;1.051219;-1.353314;1.677090;-1.249167;-0.298780
-1.062892;-0.789381;-0.106659;-0.024055;0.719820;-2.920084;-3.315930
-0.997763;0.092609;-0.708208;0.199293;0.334628;-3.092941;-3.452271
-1.067058;-1.641812;0.085988;-0.271820;1.576617;-1.828794;-1.650482
-1.540672;-1.030553;-0.376423;0.112317;1.321349;-2.429218;-2.791984
-0.575027;-0.092746;0.042562;-0.343537;1.061487;-2.641523;-2.570949
-0.306457;-2.742517;1.386384;-0.813276;2.104807;-0.794975;-0.470867
-1.603683;-1.726861;-0.174245;0.915055;0.900859;-2.962223;-3.460107
-1.457579;-0.897437;0.029730;0.553306;0.862121;-2.621864;-2.101273
-1.741165;-1.414461;0.491480;0.344262;1.110565;-1.640828;-0.562639
-2.625035;-2.000109;0.090321;1.532269;0.856289;-2.549019;-1.906942
-1.938877;-2.666329;0.815676;0.509536;1.870864;-1.050383;-0.202213
-1.098511;0.194742;-0.201520;-0.001890;0.903097;-2.182740;-2.406874
-1.332136;-2.117199;0.852595;-0.299312;1.845023;-0.750919;-0.101180
-1.780222;-2.014180;0.420173;0.620321;1.515115;-1.574863;-1.014979
-1.519654;-0.409445;0.408076;-0.067089;1.452484;-1.519034;-1.067690
-1.078831;-1.755120;0.514512;-0.418265;1.957653;-1.365807;-1.418868
-1.644156;-1.512932;-0.008038;0.395618;1.335277;-2.304939;-2.480923
-1.073224;-0.709285;0.917044;-0.562846;1.878774;-0.462740;0.576309
-1.001941;-1.811195;1.038061;-0.755583;2.475887;0.042000;0.211312
-2.252070;-1.383182;0.456919;0.306006;1.471347;-1.662061;-0.759204
-1.725183;-0.003370;-0.289820;0.527498;0.896788;-2.572834;-2.449261
-2.079658;-1.209032;0.407484;0.074463;1.559138;-1.432361;-0.546167
-2.101189;-0.986172;0.093577;0.334304;1.707017;-1.628801;-1.358567
-1.850329;-0.203935;0.160880;0.208894;1.361328;-1.905896;-1.458081
-2.321416;-1.662072;0.677932;0.496507;1.274222;-1.690896;-0.623763
-2.160577;-1.889235;0.847383;0.217215;1.610859;-0.943073;-0.116578
-1.816914;-0.117269;0.387719;-0.248290;1.301345;-1.625696;-0.186325
-2.421771;-1.400927;0.392214;-0.340948;1.725747;-0.971748;0.354087
-2.154778;-1.684036;0.520039;-0.535891;1.999834;-0.495463;0.686526
-1.928886;-0.025939;0.554604;-0.642295;1.083233;-1.407639;0.300325
-2.075618;-2.866026;0.900488;-0.130605;2.026951;-0.593360;0.581995
-2.584036;-2.534770;0.396146;0.333140;1.975301;-0.918132;0.002609
1.385514;-0.191231;-9.320777;3.612042;-0.376587;1.069934;0.520812
1.600272;6.505284;0.971192;-2.864034;1.849645;-0.530544;0.251080
1.805506;7.320549;0.581801;-2.482608;1.274012;-1.154980;-0.442625
1.958320;7.428207;0.633955;-2.441869;1.422916;-0.870100;-0.546539
1.652179;6.731547;1.084955;-2.835785;2.072418;-0.161923;0.921515
1.456404;6.840645;0.961964;-2.747580;1.708439;-0.622426;0.337119
2.096363;6.874150;1.095392;-3.104173;2.065427;-0.195585;0.565765
1.852554;6.592699;1.164652;-3.103386;2.250443;0.623525;1.593635
1.587987;6.473957;0.871971;-2.733021;1.772222;0.033141;0.739697
1.545143;6.821603;1.121261;-2.871967;2.011589;-0.111906;0.842740
1.644637;5.761918;1.503725;-3.097870;2.353158;0.659520;1.523810
1.147435;6.252962;0.956494;-2.073846;1.517109;-0.809610;0.216544
1.542076;6.580207;1.160809;-2.406363;2.026455;-0.235064;0.554839
1.487714;6.541374;1.115925;-2.355296;1.948373;-0.172352;0.489891
1.237586;6.159314;1.087900;-2.075693;1.606693;-0.678603;0.023906
1.438548;6.460059;1.214884;-2.122128;2.346384;-0.305406;0.514413
1.784537;6.733260;1.225397;-2.156539;2.021720;-0.582339;0.448487
1.708399;6.744610;0.912466;-2.039795;1.504090;-1.101936;-0.438409
1.463210;7.017741;0.771320;-1.869690;1.566473;-0.892267;-0.389311
1.230048;6.423004;1.554699;-2.088788;1.850455;0.093368;0.974331
1.246700;6.621430;1.264999;-1.809954;1.707690;-0.538733;0.145411
1.831328;6.779558;1.449948;-2.213243;1.937591;-0.615857;0.367366
1.921301;6.522043;1.494614;-2.083018;1.924029;-0.433845;0.529403
1.781957;6.233821;1.654997;-2.563331;2.337988;0.558184;1.479050
2.069444;6.665963;1.743198;-2.427903;1.749788;0.000807;0.903361
2.004301;7.127991;1.447144;-1.999419;1.943492;-0.247581;0.094875
2.018626;7.050423;1.521453;-2.100743;1.944808;0.078800;0.957029
2.155459;6.978542;1.657055;-1.958380;1.838372;-0.090457;0.661995
2.392992;7.158248;1.582549;-2.121621;1.697095;-0.256713;0.612177
2.136057;7.007495;1.894736;-2.311449;1.839325;-0.054565;1.003644
2.318661;7.139503;2.014357;-2.181695;2.280056;-0.038568;1.078022
2.437507;6.930602;1.708091;-1.841835;2.179080;0.427147;0.651596
2.063219;7.137075;1.629247;-1.500155;1.620282;-0.350266;0.196936
2.167378;6.686686;1.837453;-1.739254;1.929331;0.215432;0.863841
1.858123;6.741779;1.759890;-1.437152;1.983080;0.240872;1.100162
6.121234;6.100133;-10.037295;2.830031;0.499483;3.885512;3.683909
5.541343;6.389424;-4.146775;-1.285145;0.770021;1.928799;2.451920
3.336703;7.413563;1.325871;-2.829706;1.255317;-0.586183;-0.059518
3.362404;7.749913;1.358266;-3.156819;1.681926;-0.312743;0.367535
3.406843;6.874655;1.302350;-3.700463;2.180465;-0.073704;1.342084
2.769573;7.507986;0.524569;-3.126466;1.373816;-0.738408;-0.303514
3.023281;7.531904;0.593134;-3.304548;1.265726;-0.871027;0.255824
3.597351;7.544771;1.362741;-3.862486;1.624227;-0.393515;1.068352
3.718101;6.962997;1.453223;-3.609765;2.176739;0.418497;0.437935
2.788073;7.565140;0.426908;-2.386775;1.144535;-1.409146;-1.468432
3.041788;7.728072;1.026502;-2.936371;1.761138;-0.621943;-0.179567
3.357252;7.365490;0.771264;-2.915475;2.023519;-0.252550;-0.860075
3.166504;6.738298;1.259596;-2.698193;1.796100;-0.352620;-0.388243
2.972178;7.119351;1.238128;-2.799787;2.059865;0.065468;-0.071749
3.000456;7.541899;0.903189;-2.671516;1.928272;-0.297764;-0.272838
3.594418;7.098162;1.356244;-2.905110;2.189666;0.053456;0.391625
4.002909;7.131668;1.521522;-2.941385;2.219790;0.577333;0.839476
3.677643;7.176190;1.517140;-2.595376;2.141008;0.078960;0.072668
3.616664;7.786545;1.196626;-2.392912;2.119747;-0.047081;-0.300612
3.444341;7.684007;1.060636;-2.743771;2.460942;0.114307;-0.023583
3.140873;7.680126;1.236496;-2.723979;2.079168;-0.130536;0.094577
3.529577;7.781275;1.366539;-2.714335;1.930818;-0.026882;0.469572
3.359710;7.324325;1.281847;-2.549621;2.073500;0.085888;0.205923
7.056895;6.280616;-10.543734;2.258053;0.148054;3.354705;2.694157
7.715387;5.727133;-9.848940;1.693585;0.229547;3.007002;3.432162
3.748375;6.974154;1.623821;-2.750979;1.774863;-0.420928;0.668587
3.593385;7.617473;1.242210;-2.461585;1.363840;-0.856504;-0.493770
2.984064;7.904855;1.041633;-2.024189;0.853489;-1.335939;-0.696507
2.939475;8.131498;0.849981;-1.734305;0.945572;-1.636254;-1.721496
3.012920;8.360078;0.811304;-1.649023;0.946816;-1.745718;-2.099981
2.940684;7.985004;1.094309;-1.609722;1.128585;-1.004822;-0.856508
3.123634;7.453063;1.972778;-1.781295;1.330464;-0.574575;0.761961
3.201241;8.411621;1.419381;-1.033958;1.256345;-0.849642;-0.987502
3.245190;8.780139;1.548615;-1.423074;1.370501;-0.968901;-0.987188
3.481704;8.962486;1.566170;-1.413649;1.656479;-1.107474;-0.980386
3.393245;7.569403;1.998468;-1.713397;2.580505;0.479462;0.729566
2.766290;7.704174;1.378752;-1.154980;1.405470;-0.948853;-0.876647
2.694635;7.861605;1.087471;-0.999835;1.128496;-1.023414;-1.186878
2.677482;7.593460;1.781096;-1.283903;1.587436;-0.752947;-0.254167
2.545800;7.349075;1.698739;-1.024804;1.521831;-1.058359;-0.715054
2.250743;7.357988;1.643849;-0.961812;1.693720;-0.340668;0.087484
2.387663;7.778583;1.622330;-1.230294;2.100828;-0.187785;0.360705
2.264387;7.792738;1.626587;-1.332314;2.177056;-0.204950;0.518247
2.682024;7.484238;1.826126;-1.518962;2.030746;-0.119862;0.842500
7.102283;6.987593;-10.063255;2.851587;0.377920;3.617729;3.389475
6.851577;6.517600;-9.487120;2.662790;0.623612;3.205879;3.367768
2.583520;6.347673;2.036783;-1.749262;2.424304;0.295080;1.088054
2.061584;6.775656;1.209287;-0.953764;1.361695;-1.245646;-0.798305
2.582328;6.415784;2.011271;-1.540519;2.028478;-0.719078;0.627407
2.668924;5.959655;2.729710;-1.031436;1.986671;0.361619;1.413415
2.237706;6.541112;2.296767;-0.007445;1.303130;-0.947361;-0.242464
2.551883;6.652499;2.185492;-0.452032;1.626385;-0.451964;0.025168
2.584505;6.746967;2.298965;-0.576054;1.638938;-0.418353;0.249631
3.305758;6.477428;2.623908;-1.023324;2.807574;1.139989;1.169247
3.271879;6.423469;2.974954;-1.137038;2.632367;1.273561;1.620562
2.520275;6.830792;2.647505;-0.447915;2.064660;-0.001108;0.787247
2.641938;6.750668;2.399696;-0.838578;2.440160;0.414772;1.291584
2.993859;6.157419;2.505578;-1.598332;2.367209;0.041328;0.934395
3.805665;6.164590;2.530024;-2.074876;2.781222;0.733325;1.338387
3.370067;6.946636;2.780891;-1.430585;2.391988;0.869105;1.632800
3.800581;6.915963;2.590606;-1.336391;3.045681;1.299847;1.490716
3.687835;6.639171;2.474916;-1.196726;3.415562;1.871175;2.125860
2.881221;7.152552;2.278534;-0.694907;2.361976;0.181783;0.798518
3.609014;7.484385;2.471162;-1.120257;2.295273;0.360780;0.995236
3.541094;6.239906;2.840777;-1.261570;2.691763;1.318486;1.908906
6.590877;5.582781;-9.274904;3.729258;0.704933;3.401944;4.131470
4.609949;6.027834;-3.305833;2.345112;0.681460;0.832610;0.914784
2.750578;6.105241;2.554831;-0.386019;1.794752;-0.523219;0.417753
2.927166;6.080075;2.020960;-1.243744;1.742025;-0.786608;0.263890
3.240304;5.517493;2.446166;-1.238818;1.823245;0.035147;1.406980
2.509775;5.651628;2.834074;-0.408715;1.995613;0.455472;1.568988
2.424781;6.080951;2.645682;-0.132446;2.114879;-0.089182;1.185831
3.052959;5.314076;3.410663;0.226389;1.596702;-0.121948;1.197095
2.783326;5.969766;3.139922;0.973657;1.922216;-0.315873;0.258288
2.324701;6.171258;2.943348;0.691690;2.430368;0.379913;1.019218
2.395560;6.122672;2.927149;0.673655;2.657159;0.258317;0.971855
3.051374;6.400462;2.899618;0.698583;2.847086;0.517142;0.776204
2.707279;6.254812;2.963338;0.531608;2.643935;-0.050626;0.665522
2.327501;6.524848;2.408774;0.710523;1.568025;-0.671957;-0.483499
2.527424;6.677099;2.211434;0.157724;1.717088;-0.873210;0.038048
3.104347;5.475848;3.202291;0.367593;1.872242;0.015108;1.346253
2.515411;5.986516;3.218212;1.297114;2.243776;0.155616;0.901630
2.811748;6.361939;3.317337;1.006280;2.784977;0.317785;1.002748
2.758960;5.485888;3.691845;0.480262;3.217992;0.896675;2.116734
4.769872;5.266516;2.141467;1.116707;1.556845;-2.311630;-2.694590
13.508966;-0.400566;-0.079255;4.540417;-0.154686;-2.101039;1.578042
5.959095;4.978989;-4.682856;-1.768855;0.919526;1.855445;1.673775
3.133770;5.853128;0.890897;-3.613601;1.252688;-0.777426;0.048495
3.211499;5.115684;1.403334;-3.627215;1.676512;-0.074907;1.443344
2.380241;5.865809;1.118186;-2.604567;1.312565;-0.951266;0.304487
2.610424;5.614444;1.221014;-2.431986;1.099503;-0.807298;-0.111615
2.509550;5.811134;1.406719;-2.115174;1.500690;-0.477279;0.200776
2.838035;5.629308;1.460959;-2.526784;1.400963;-0.841666;0.144382
2.826741;5.623533;1.135306;-3.339387;1.444386;-0.730197;0.636882
2.500158;5.130383;0.900442;-3.882249;2.214139;0.069417;1.105025
2.887115;4.903925;0.792787;-3.950075;2.028200;-0.011893;0.645954
2.662544;5.487371;0.982846;-3.770018;2.022511;0.436640;1.460837
2.175728;5.662898;0.873276;-3.195601;1.509468;-0.696020;0.326904
2.394134;5.748131;1.216106;-3.178098;1.801814;-0.451518;0.308607
2.828768;5.777284;1.460126;-2.670314;1.554536;-0.421691;0.848370
3.210329;6.076010;1.828479;-2.499484;2.454393;0.104132;1.099515
3.420271;5.788817;1.732344;-1.888219;2.243715;0.347061;0.067513
2.928988;6.067291;1.909817;-1.568626;1.987451;-0.317980;-0.161764
6.956880;6.207549;-9.773501;2.458786;0.383890;3.137041;2.666850
5.674892;4.253650;-10.655184;3.248650;-0.575666;1.963486;1.751802
1.871387;4.677202;1.501276;-1.462765;1.675402;-0.766853;0.145091
1.921809;4.845623;1.308977;-1.190128;1.601905;-0.984373;-0.503121
2.061341;5.057562;1.139357;-1.218364;1.504076;-1.086446;-1.113732
1.767866;4.415683;1.905788;-1.350229;1.678060;-0.474356;0.317250
1.525336;4.746675;1.507622;-0.714579;1.258971;-1.324326;-0.873246
1.852150;5.006121;1.165314;-1.059768;1.501669;-1.308033;-1.643664
1.784767;4.818044;1.019610;-0.623531;1.113084;-1.629141;-1.689337
1.526916;5.116727;1.452605;-0.807466;1.580756;-0.745253;-0.176045
1.644446;4.858355;1.405210;-1.185712;1.788198;-1.266915;-0.867831
2.101113;4.369823;1.554635;-1.588321;1.859177;-0.566349;-0.571240
2.139968;4.891166;1.770788;-1.810118;2.220362;0.339905;0.858868
2.166168;4.614889;1.377541;-1.094041;1.742003;-0.244142;-0.632618
1.888729;4.806286;1.656492;-1.029788;1.821657;-0.461618;0.262726
1.745051;4.556563;1.989167;-1.347337;2.196092;-0.190922;0.875054
1.275575;4.554536;1.610691;-0.816785;1.310622;-1.052479;-0.056681
1.655864;4.962603;1.747187;-1.268994;1.625409;-0.392174;0.570445
1.775384;4.849724;1.497375;-1.365260;1.661779;-0.627558;-0.224601
2.058696;4.638717;1.707645;-1.314342;1.767710;-0.877002;0.016663
2.042642;4.112719;2.156656;-1.336328;1.808984;-0.457273;0.493869
1.792717;4.073425;2.284048;-1.529608;2.525251;0.159082;1.057369
1.727120;4.686093;1.968025;-1.294575;2.435975;0.157359;0.805265
1.124345;5.094030;2.123578;-0.796086;2.069377;-1.038072;-0.243975
1.196343;5.293514;2.184815;-1.102065;2.135080;-0.633312;-0.074754
1.476617;4.915423;1.481548;-0.764942;1.683479;-0.586247;-0.243575
1.532923;4.993336;1.699117;-0.834692;1.933041;-0.387817;0.415055
1.570851;4.738706;1.698098;-0.953023;1.964377;-0.402048;0.215617
2.059929;4.516961;2.118707;-1.448587;2.241085;0.221610;0.638788
2.142641;5.348386;1.989883;-1.151260;1.840149;-0.439679;0.472761
1.755534;5.804619;1.104248;-0.249078;1.270379;-1.539067;-1.112711
1.493615;4.727226;1.855352;-1.356963;1.996190;-0.517977;1.136579
1.542384;4.663444;1.720378;-1.554184;1.731722;-0.744786;0.318446
1.665505;4.633874;2.107734;-1.312751;1.899983;-0.330093;0.575763
1.557961;4.711128;2.210058;-0.886199;1.941880;-0.100939;1.223132
1.962523;4.936784;1.908495;-0.899911;1.832611;-0.307626;0.707494
2.254833;4.945199;1.698417;-1.422404;1.710633;-0.765023;0.725869
2.351977;5.355263;1.828395;-1.695168;1.585681;-0.744165;0.694237
2.228678;5.286511;1.798361;-1.570603;1.581821;-0.971472;-0.170269
1.943667;5.525117;1.603302;-1.746586;1.403672;-0.718260;-0.489136
1.996309;5.289738;1.660483;-1.675265;1.297824;-0.551100;0.567906
1.830692;5.415112;1.075297;-1.046582;1.212781;-1.407418;-0.591305
1.878112;5.647458;1.110390;-0.851037;1.611943;-1.208873;-0.460992
1.856736;5.370509;1.493871;-0.870507;1.619912;-1.095386;-0.679962
1.833634;5.283717;1.615307;-1.123229;1.515162;-0.812965;-0.327880
1.776602;5.019976;1.402012;-1.176180;1.824326;-0.548870;-0.003567
1.458899;5.122992;1.299805;-1.025700;1.568956;-0.906183;-0.088262
1.339041;5.054668;1.493637;-1.088573;1.822734;-0.358979;0.779469
1.314725;5.070780;1.562980;-0.747517;1.629694;-0.865278;-0.044718
1.704999;5.530354;1.583483;-0.852875;1.209043;-1.118211;-0.452693
2.126631;5.183520;0.451841;-0.716897;1.437465;-0.173882;0.148371
-3.374096;0.224062;-1.327499;-1.305905;0.952171;-3.180485;-1.414104
-3.694644;-2.669503;-1.587392;-2.475337;2.901471;-1.749059;2.403743
-4.020977;-2.937023;-2.619749;-2.048178;2.132767;-2.658964;2.068292
-3.347005;-2.883984;-2.556465;-2.868951;3.145583;-2.235950;3.274014
-3.264687;-0.328572;-2.078137;-2.437049;2.304803;-2.717339;1.259287
-2.999654;-1.827036;-1.958894;-2.900394;2.995326;-2.504150;2.006572
-3.392117;-2.624859;-2.508679;-2.279265;2.358537;-2.804529;2.018954
-4.032033;-2.226471;-1.723328;-1.966752;2.197924;-1.913585;2.231979
-3.455088;-1.196780;-0.623030;-2.379039;2.430194;-1.040570;2.325075
-3.621938;-0.310862;-0.635588;-2.148511;2.119941;-1.390192;1.060049
-3.617706;-2.652075;-1.482315;-2.793849;3.068695;-2.088697;3.283604
-3.568264;-2.080305;-3.295955;-1.953069;2.027997;-3.633842;0.934589
-3.347950;-1.666065;-0.896380;-1.850462;0.668025;-1.271602;1.307080
-3.648746;-0.121029;-0.426609;-1.454949;0.167620;-0.979374;0.338980
-3.720463;-2.234648;0.071609;-2.023306;1.202859;0.046900;1.512528
-4.543201;-1.983215;-0.854864;-1.235301;0.819389;-1.432180;0.518897
-4.168280;-1.212128;-1.584159;-1.221585;0.719232;-2.084054;-0.739788
-3.702620;-0.151828;-1.594738;-0.917704;-0.134237;-2.911173;-1.954980
-4.684069;-2.295137;-0.465897;-1.570784;1.242658;-0.657127;1.431118
-4.803430;-2.168522;-0.499791;-1.331201;0.850095;-0.739650;0.848558
-4.259361;-0.779848;-0.634994;-1.354894;0.340351;-1.273760;-0.441004
-3.864097;-0.586253;-1.063987;-1.156031;0.152583;-1.727223;-0.812196
-4.199066;-2.011031;-0.280391;-1.511429;1.030417;-0.909727;1.478903
-4.265533;-1.967841;0.095658;-1.994263;1.765906;-0.146979;2.155447
-3.621107;0.512514;-0.601772;-1.640742;0.801485;-1.601539;-0.491572
-2.681213;1.664777;-1.817106;-0.916120;-0.108956;-3.387849;-3.473447
-2.293579;1.042483;-2.260600;-1.568043;0.364283;-3.454463;-1.572396
-2.930504;-0.392646;-1.709254;-2.557706;1.694337;-2.251850;1.307163
-3.747786;-1.013772;-1.001289;-2.094294;1.865326;-1.468594;1.415827
-3.351821;-1.311843;-0.992130;-2.531869;2.251284;-1.404734;1.747432
-1.847115;-0.389220;-2.488031;-2.744412;1.525608;-3.515995;0.658352
-2.748392;-2.273114;-0.846007;-2.931597;2.621624;-1.451643;2.871957
-3.960684;-1.888283;-1.301283;-2.229607;2.131205;-2.294432;1.837196
-3.380019;-1.639868;-1.404599;-2.436978;2.078141;-1.689378;1.735795
-2.532828;-0.121797;-2.519300;-2.605110;1.554410;-3.423410;0.112504
-2.858977;-1.913024;-1.090462;-2.589420;1.896628;-1.508842;2.496226
-3.477717;-1.746469;-1.184227;-1.958320;1.286438;-1.693394;2.081852
-3.280932;-0.726543;-1.184878;-2.442535;1.716892;-1.434549;1.789793
-2.921052;0.638792;-1.698498;-2.522731;1.801617;-2.389256;0.639524
-3.641438;-1.773505;-0.213839;-2.772671;2.657220;-0.545126;2.246024
-4.346703;-2.005013;-0.575400;-1.962193;1.547163;-1.296574;1.353141
-1.493512;-2.177276;-6.220094;-0.145095;1.389323;1.117403;3.551132
-2.202627;-0.691725;-2.572349;-2.300622;1.494946;-3.104449;0.476497
-2.901924;-1.948383;-1.092161;-2.641364;1.869146;-1.460458;2.264007
-3.581027;-1.838201;-1.962466;-2.057175;2.280885;-2.520200;1.675097
-2.768709;-1.937561;-0.562863;-2.930470;2.910211;-1.509751;3.206864
-2.705583;-0.536527;-0.438754;-2.602069;2.255657;-1.410683;1.971344
-2.835038;-3.033925;-0.907597;-2.898616;3.083048;-1.551486;2.865228
-4.349873;-2.052565;-1.429137;-1.032154;0.764699;-2.242928;-0.287206
-3.100693;-2.901828;-1.804558;-2.343993;2.386782;-2.247388;2.317491
-0.217043;-2.503728;-1.517657;-4.361793;4.000958;-0.941312;3.560156
-0.017047;-1.910572;-1.278000;-4.190535;3.331111;-1.363276;2.488338
-2.069104;-4.022899;-0.751306;-2.772153;2.403530;-0.862977;2.408587
-3.982052;-3.357414;-2.111628;-1.811338;2.185943;-2.386615;2.343903
-3.583614;-1.751141;-1.990558;-2.131397;2.278756;-2.668006;0.809466
-3.488881;-0.156574;-1.300091;-1.691874;1.445049;-2.524618;-0.260104
-3.498276;-2.140246;-0.403727;-2.770712;2.685337;-1.551693;2.935065
-4.176935;-4.056245;-0.596474;-1.805443;2.213916;-1.222753;1.601499
-4.488683;-3.443313;-0.643231;-0.773336;0.673949;-1.334985;-0.724204
-4.299790;-2.361031;-0.646896;-1.096922;0.906837;-1.603613;0.294991
-3.960811;-1.588736;-1.195025;-0.965010;0.044386;-2.651328;-1.741139
-3.623744;-2.029453;-1.522261;-1.241776;0.392378;-3.482499;-0.737858
-3.604866;-1.446926;-2.617930;-1.356318;1.206404;-3.972164;-0.665844
-1.449497;-0.517852;-7.784739;1.248521;-0.673149;-2.850330;-1.986219
-1.479148;1.648967;-2.781225;-1.494453;0.089938;-2.943774;-1.554425
-1.855801;0.079177;-2.403563;-2.831039;1.646842;-3.027943;0.943776
-1.799537;0.189244;-3.421912;-2.677408;1.656135;-4.183364;0.105413
-1.650406;0.180282;-2.203206;-3.495560;2.532355;-3.124327;2.079543
-1.414736;0.428716;-2.188053;-3.263098;2.152877;-3.012674;2.324320
-1.629738;-2.220628;-1.309888;-3.283543;2.806373;-2.211208;2.373011
-3.101337;-2.493934;-0.581469;-1.724611;1.599323;-1.739042;1.144125
-3.818231;-1.864338;-0.168276;-1.570579;1.024736;-1.072932;1.130683
-2.653536;-1.189479;-0.867329;-2.703959;1.718349;-2.270711;1.643548
-1.826726;0.270496;-3.236995;-2.581721;1.879706;-4.517055;0.026391
-2.343524;1.069258;-1.660325;-1.897362;1.178989;-3.247145;-0.330425
-2.445807;-0.525245;-1.425347;-2.901527;2.409206;-2.700173;1.606211
-2.306246;-1.471380;-3.317419;-3.339408;3.026072;-3.970593;2.254136
-2.512701;-0.827344;-2.444296;-3.197443;2.933397;-3.031670;2.452410
-1.952875;0.818782;-3.002907;-2.741947;1.824422;-4.067813;0.228872
-1.925475;0.883305;-2.984117;-2.439501;1.526258;-4.018201;-0.764767
-2.518443;-1.579335;-1.322962;-2.809284;2.714896;-1.737412;2.522635
-3.355299;-1.075093;-1.342898;-2.236409;1.657399;-2.282407;1.658816
-2.597483;-0.038416;-2.168490;-2.357164;1.720746;-3.765355;0.555487
-2.675281;0.831488;-0.654284;-1.793199;1.177595;-2.912519;-0.539328
-2.395232;1.507866;-0.814587;-1.092410;0.530962;-2.701053;-1.667301
0.160469;0.268130;-1.429528;-2.531921;0.921900;-3.535234;-1.252459
6.457016;-3.120889;1.512369;-0.575397;-0.167162;-5.150229;-0.956576
26.467725;-18.780803;9.132545;-1.235046;-3.548166;-6.967090;-3.412785
37.793667;-27.230564;1.859478;1.434016;-2.532021;-0.344906;-1.554294
-0.196835;0.217778;-7.199244;0.939752;0.719966;1.361278;2.466588
-2.842617;-0.327640;-0.188752;-2.362540;2.312894;-1.497180;2.147441
-2.514093;-1.612028;-2.082023;-2.680537;2.841041;-3.051286;1.310682
-2.393636;-1.746703;-1.591671;-3.094473;3.344844;-2.204741;2.597984
-2.582017;0.417695;-0.980287;-2.208920;1.879665;-2.138536;0.592732
-2.906277;-1.554036;-1.041047;-2.651370;2.733191;-1.710918;2.489915
-3.304607;-1.242895;-0.595652;-1.900869;1.894341;-2.053878;1.677787
-2.669123;-0.501216;-0.060599;-2.180252;1.860855;-0.370937;1.492103
-2.525828;0.945718;-1.132347;-2.479608;1.864818;-1.922637;0.579438
-2.810565;-1.498014;-0.886121;-2.880298;2.902203;-1.185971;2.731765
-3.140800;-1.104584;-1.092428;-2.286417;2.356570;-2.384451;2.144745
-2.446417;-0.563335;0.420137;-2.390197;2.559392;-0.638573;2.997131
-2.154707;0.798973;0.179175;-1.677283;1.316771;-1.100268;0.066631
-2.746904;-0.014069;0.015011;-1.326782;1.631125;-1.368679;0.549948
-3.080949;0.113415;0.001392;-1.469917;1.897022;-0.882480;1.124137
-2.063879;0.808251;0.693788;-2.209897;2.144872;-0.792154;2.244534
-1.470727;2.338431;0.607874;-2.010762;1.213045;-1.296953;0.878794
-0.863371;3.037372;0.483734;-2.104677;1.268390;-1.286509;0.403184
-0.856520;1.087524;0.609152;-3.027034;2.680244;-0.581340;2.420538
-1.654532;0.086383;-0.546525;-2.945508;2.462254;-1.828842;2.066886
-0.004889;-0.676327;-1.172842;-2.580914;0.139955;-2.663613;0.755550
22.890897;-15.236554;6.513430;-3.296421;-4.203246;-7.872087;-5.323976
34.874071;-24.670232;1.402831;0.411176;-3.404995;-0.850166;-1.054395
3.439509;1.400914;-7.693937;-1.750709;2.073358;1.161790;4.669062
3.719040;1.591269;0.597349;-6.055781;4.729716;1.599015;3.505824
4.110766;5.826299;-0.034536;-4.982794;2.308773;-0.007304;1.774000
3.727892;4.545930;-0.492377;-5.917097;3.559457;0.083879;2.864275
1.480580;1.533385;0.998585;-5.144482;3.854420;2.140145;2.601962
-0.861653;2.984929;-0.426894;-2.756700;0.721149;-1.370434;-0.195605
1.641536;1.571387;0.849225;-5.173652;3.394888;1.214255;2.204711
2.565137;3.443484;0.589155;-5.417862;3.108472;0.945587;3.083636
1.803960;0.384272;1.253040;-5.061641;3.447011;1.870992;2.664965
-1.526161;0.893956;0.500754;-2.795226;0.900247;-0.085796;1.167916
0.043292;0.006043;0.457761;-4.191727;2.583251;-0.249101;3.120833
2.326220;1.615622;-0.611119;-6.092185;4.313381;-0.090066;3.756289
2.864027;0.904390;0.225800;-5.806386;3.839463;0.180845;2.202790
0.339273;0.778026;-0.035018;-3.359873;1.270712;-0.986801;-0.658158
-1.183699;1.355734;-0.981732;-2.917848;1.517393;-1.601646;0.543307
1.260893;0.507778;-0.653446;-5.680477;4.559780;0.236154;4.305481
2.945177;3.998036;-1.388068;-5.771897;3.811575;-1.026766;2.800275
3.124885;4.597213;-1.266424;-5.590105;3.034864;-1.684460;2.382574
1.612626;2.018653;0.160306;-5.127914;3.071447;0.481096;2.828157
-0.202602;2.716510;0.097897;-3.467370;0.950987;-1.035365;1.274257
1.034753;2.236669;0.131358;-4.987886;2.806382;-0.645800;3.301418
1.483339;2.424997;-0.934683;-5.222851;3.491660;-1.328630;3.753944
0.179448;0.735672;0.658463;-4.213214;2.600853;-0.494444;2.924283
-1.814679;2.006983;-0.078664;-2.628081;0.549091;-1.396194;0.287920
6.405932;-2.949958;-2.768168;-0.508178;-3.530757;-2.824356;-2.155087
0.639281;0.282349;-9.084822;0.202021;0.785413;-0.156582;2.924244
-1.921537;0.499419;-1.659363;-3.414678;2.558369;-2.450391;2.067777
-1.312703;-1.305452;-1.400332;-3.744749;2.259589;-2.193154;0.675298
-1.998495;-2.031527;-1.646057;-2.639012;1.246768;-2.431928;0.925434
-1.612322;-1.227275;-1.806093;-3.311439;2.137114;-2.302997;1.871289
-0.893152;0.067119;-0.612697;-3.987059;3.367670;-1.198317;3.818546
-0.147205;1.587375;-1.021530;-3.740914;2.435745;-2.369610;2.425307
-0.444663;-1.688854;-1.910272;-4.256864;4.428465;-1.830828;3.239368
-2.582117;-1.404441;-2.328947;-2.792047;2.288561;-2.587162;1.664463
-1.861464;-1.751816;-1.054831;-3.613678;3.303146;-1.255707;3.545918
-1.818842;0.062138;-0.398734;-3.339703;2.831714;-1.236531;3.133476
-1.699636;-2.195297;-1.732730;-3.730260;3.838559;-2.072449;2.800567
-2.442049;-1.626917;-3.755739;-2.724992;2.188483;-4.597932;0.426761
-3.145700;-1.046829;-1.815873;-2.731469;2.718722;-2.244765;2.446913
-3.134775;0.081151;-1.136212;-2.267188;2.165616;-1.936411;1.363198
-3.244603;-1.627222;-1.291015;-2.634307;2.844274;-1.931660;2.047584
-3.476122;-1.652594;-1.308500;-2.616875;2.494862;-1.995798;2.220220
-2.887571;-0.279936;-0.281648;-2.758846;2.264901;-1.098965;1.981768
-2.446774;0.564349;-1.191677;-2.804808;2.204258;-2.218014;1.403705
-0.842932;-2.089009;-5.301023;-2.165601;2.714689;-1.130385;2.919931
4.839420;1.392845;-6.800456;-1.401621;1.034271;3.445634;4.648786
3.355249;2.013029;0.239655;-5.790900;3.319950;0.126708;3.633737
3.248259;-2.872101;0.255476;-6.391420;6.196275;2.209842;3.695282
-1.948416;-2.228970;-0.133317;-2.904115;2.127589;-0.784144;2.261662
-1.316561;-2.207728;0.224592;-3.413835;2.396855;0.431216;2.848972
-0.918856;-0.921756;0.114737;-3.477085;2.131940;0.010743;2.606652
-2.303860;-2.913353;0.529622;-2.846151;2.482291;-0.423993;2.195627
-4.138616;-1.736567;-0.619147;-1.348690;0.862390;-1.665380;-0.226502
-1.495407;-2.468128;0.035043;-3.703669;3.910121;0.707458;2.628434
0.564980;0.828406;-1.184792;-5.043065;3.827950;-0.889745;3.678365
1.091959;2.995900;-2.496430;-4.369606;2.650955;-2.698985;1.718779
1.189488;-3.370671;-0.936403;-5.359217;5.594292;0.696441;2.909914
-2.908078;-1.862220;-1.352815;-2.101616;1.690898;-2.405676;0.279813
-2.659581;-2.032158;-1.339968;-3.066039;3.235467;-1.334526;2.419907
-2.316725;-0.641544;-1.948082;-3.437467;2.737332;-2.386685;2.545621
-2.581614;-3.242238;-1.662737;-3.563437;3.712972;-2.346762;3.360520
-3.305857;-2.497577;-1.498025;-2.546036;2.190400;-2.646877;1.087940
0.608750;-2.806154;-0.477479;-4.979474;5.386821;1.281224;2.787875
0.624743;-0.448532;-0.355683;-4.822167;3.817540;-0.264544;3.071134
-1.268895;-4.563323;1.066286;-3.222813;3.183003;0.827041;3.219251
-5.054217;-2.418396;-0.443795;-0.476638;-0.031887;-1.579473;-0.263457
-3.910359;-2.900824;0.265695;-2.076271;1.780209;-0.717283;2.226370
-3.209063;-0.968769;-0.120307;-2.301357;1.217007;-0.481004;1.408840
-3.359525;-2.233399;0.060736;-2.168059;1.527807;0.005118;1.761135
-4.727328;-2.481657;-0.735018;-0.858814;0.728948;-1.202920;0.692437
-5.144311;-2.000682;-0.454331;-0.757625;0.592273;-1.053875;0.328225
-4.057270;-1.583874;0.157698;-1.492260;1.120021;0.073745;0.848227
-3.640238;-0.610926;-0.415957;-1.389921;0.140946;-0.981025;-0.233709
-4.465978;-1.706545;-0.350762;-1.265517;0.895266;-0.659132;0.751057
-4.130349;-1.493545;-0.639612;-1.183857;0.639465;-1.110027;-0.245202
-1.923822;-1.464764;0.795332;-3.183871;2.682008;1.245593;1.779348
-0.412603;1.992982;0.482446;-3.759042;2.088055;0.560295;1.406141
0.386253;3.527586;-0.115947;-3.750954;1.242430;-0.969861;1.017559
0.137308;-1.343271;1.276917;-4.323782;3.395266;1.472010;3.425905
-2.646618;0.175161;-0.305368;-1.443175;-0.037613;-1.318400;-0.724471
-2.401180;0.109537;0.178296;-2.025515;0.764513;-0.275259;0.207603
-1.721902;1.337810;0.885399;-2.752433;1.236433;0.534517;1.396575
-1.624428;-1.431434;1.294405;-3.236339;2.475149;1.743817;2.305267
-3.971550;-1.826463;0.082312;-1.275398;0.791348;0.394465;0.923651
-4.432244;-1.812614;0.008404;-1.521634;1.354982;-0.198023;1.346878
-3.408668;-0.602973;0.457164;-2.136531;1.570902;0.186714;1.747593
-2.951570;-0.967910;0.644446;-2.272176;1.567980;-0.071776;1.759595
-3.268652;-1.741816;-0.515596;-1.136065;-0.037547;-1.291783;-0.395651
-3.592132;-1.612754;-0.970333;-1.569983;1.227948;-1.507535;-0.148408
-2.469218;-0.998861;-0.425671;-2.922031;2.281671;-0.731061;1.988965
-1.908794;-0.041659;0.235812;-3.225081;1.903064;-0.250009;3.009845
-2.341049;-2.803336;0.814257;-2.636243;2.672024;1.013698;2.277652
-4.634713;-1.771047;-0.555473;-0.828934;0.294080;-0.839575;0.343858
-3.054962;-2.318481;0.279544;-2.549708;2.170559;0.017171;2.565202
-1.927392;0.179342;-0.238394;-3.143501;1.918621;-0.994581;1.475541
-2.060326;-2.463945;1.015042;-3.352953;3.003310;0.601784;3.043866
-4.230588;-2.183895;0.262295;-1.535725;0.845738;-0.702648;1.064279
-0.566841;-2.083690;-9.166630;2.153657;-0.679472;2.071469;2.271756
-0.997766;2.962193;1.385120;-0.908728;-2.216026;0.640160;-1.280663
-0.970524;3.327650;1.215566;-0.819349;-2.171238;0.791567;-1.280239
-0.688181;3.790115;0.893111;-0.579082;-2.530147;-0.229474;-2.302834
-0.923503;2.618959;1.389247;-0.828199;-2.369146;0.421988;-1.162312
-1.166102;2.607433;1.372990;-0.815597;-2.928746;-0.309354;-1.621829
-1.339945;2.543138;1.598502;-1.309877;-2.014635;0.433099;-0.215179
-1.194156;2.903773;1.602049;-1.298475;-2.134332;0.507067;-0.000741
-1.599836;1.546240;1.799621;-1.459828;-1.236303;1.406701;0.956044
-1.923907;1.690394;1.168451;-0.736765;-2.035822;0.442431;-0.851801
-1.463274;1.749653;1.584783;-1.267786;-1.774771;-0.202550;-0.654727
-1.045229;2.822246;1.133659;-1.041575;-2.498942;-0.605869;-1.935433
-1.308707;2.307860;1.463308;-1.186273;-2.029887;0.144416;-0.330090
-1.665231;2.818603;0.740449;-0.409099;-2.661713;-0.212995;-1.955052
-1.146911;2.956440;0.792717;-0.696234;-2.623659;-0.185027;-2.409034
-0.688573;3.140657;1.281575;-0.852963;-3.198493;-0.372230;-2.707066
-1.401841;2.620653;1.711957;-0.837056;-2.438830;0.877489;-0.567941
-1.496993;3.201402;0.636739;-0.083663;-3.114330;-0.157113;-2.768108
-1.142276;3.445543;0.523764;-0.310970;-3.465509;-0.507371;-3.767112
-1.490829;2.649351;1.137999;-0.571969;-2.688078;0.243838;-1.691191
-2.005614;0.890218;2.527720;-0.970937;-1.676474;1.352032;1.471138
-1.886901;1.081878;1.962237;-0.352432;-2.700300;0.205810;-0.102073
0.546442;1.715218;-5.199324;2.174194;-3.755886;1.315393;-0.969436
1.875628;0.341784;-3.861497;1.275690;-3.470961;1.700539;0.024708
-0.115393;0.580299;2.189710;-0.934959;-3.092325;-0.428604;-0.933698
-0.913365;1.185512;1.940892;-0.611645;-2.789321;0.256981;-0.159550
-1.414515;1.151305;1.854465;-0.677622;-2.217571;0.810088;0.164795
-1.752957;1.231396;1.818337;-0.531652;-2.555803;0.331712;-0.370151
-2.010396;1.699710;1.428277;0.076391;-3.379042;0.520518;-1.641150
-1.733211;1.493057;1.705332;-0.007118;-2.928495;0.862228;-1.236565
-1.716380;2.087880;1.303051;0.203611;-3.262986;0.278289;-1.930968
-1.777173;2.397698;0.773204;0.347008;-3.526059;0.090846;-2.737179
-1.707597;2.188241;1.256174;0.168437;-3.541443;0.657942;-1.733288
-1.470658;2.507676;1.690373;0.080710;-3.711225;0.805380;-1.457652
-1.610691;2.153962;1.850256;0.135491;-3.576200;0.918756;-1.533997
-1.175501;1.524230;2.145377;-0.124722;-3.252575;0.260378;-0.737771
-0.903026;1.370071;2.334878;-0.530865;-2.673715;0.890006;0.369411
0.839462;1.219014;3.054481;-1.842634;-1.745197;2.351846;1.112715
2.107959;2.346369;3.006019;-2.776218;-0.980904;2.622638;1.389977
2.432190;3.308820;2.664909;-2.757461;-1.551958;1.964665;0.351798
2.974772;3.281198;2.704401;-2.941348;-1.605789;2.097138;0.142335
2.505802;4.965983;2.285768;-2.609885;-1.953358;1.099609;-0.539603
3.164601;4.440844;-3.335755;-0.655230;-2.203425;3.206004;2.134387
1.789400;2.339016;-4.650836;0.549528;-1.837743;1.439861;0.894426
-1.082641;0.731116;2.073829;-2.184366;-0.283363;1.021001;1.517760
-1.151184;0.848571;1.848788;-0.938723;-2.434344;0.587152;0.032480
-0.833367;1.527942;1.779990;-0.690611;-2.974842;0.342400;-0.652170
-1.006465;1.553329;1.739648;-0.797972;-2.928329;0.128461;-0.590964
-1.192867;1.555049;1.704810;-0.984513;-2.386390;0.478087;0.159272
-1.236716;2.303197;1.544570;-0.876068;-2.482624;-0.110102;-0.843572
-1.348751;2.397597;1.429080;-0.878359;-2.463336;-0.549400;-1.447431
-1.507197;2.542700;1.131828;-0.500155;-2.937712;-0.520578;-2.100336
-1.710405;1.559372;1.008184;-0.460364;-2.446869;-0.029448;-1.645813
-1.574251;1.119111;1.475326;-1.216872;-1.219906;0.375213;0.276388
-0.762184;2.060000;1.415410;-1.579505;-1.960895;-0.781636;-0.734162
-1.115567;1.017983;2.193434;-1.849092;-1.190921;0.260304;1.572461
-1.627612;2.143815;1.068484;-0.588068;-2.600771;-0.148267;-1.485499
-1.284110;3.242779;0.310802;-0.255755;-3.317173;-1.123131;-3.877373
-1.812786;1.443366;1.469777;-1.027621;-2.172155;0.832536;0.054021
-1.867492;1.904529;0.917681;-0.727016;-2.046526;-0.746252;-1.530546
-1.755634;1.472192;1.151396;-0.916586;-2.021751;-0.765439;-0.856750
-1.638375;1.757598;0.741821;-0.522783;-2.546465;-0.653417;-1.683954
-1.536517;2.722088;0.573183;-0.599581;-2.503101;-0.810956;-2.891195
-1.625022;2.216407;1.314225;-0.718589;-2.347139;-0.279531;-1.106579
3.110634;-0.365139;2.309397;-1.306003;-3.333677;-3.848556;-2.341239
10.684117;-5.957758;5.621534;-2.098583;-5.091840;-2.952498;-0.241781
20.833236;-13.793478;7.214076;-2.560063;-2.864208;-4.014582;0.812951
24.525504;-17.498770;7.035365;-3.057754;-1.499132;-4.570438;1.781381
25.959957;-19.119918;7.928524;-3.421358;-2.564461;-4.492136;0.924715
28.394736;-21.734017;8.540945;-4.426258;-0.016705;-4.178356;-0.794368
33.429499;-23.533977;-2.865563;-0.693646;-0.324929;0.432947;-0.141442
4.615959;4.260904;-3.160149;-1.636005;-0.875873;3.774938;2.438616
2.430965;4.363690;2.369147;-3.491764;-0.176052;2.477704;1.252678
1.388621;5.039722;1.683886;-2.168429;-2.163369;0.587005;-0.871700
1.026860;4.191462;1.771257;-2.492796;-1.338485;1.545399;-0.722097
0.712053;4.271011;1.874316;-2.337483;-1.372735;1.346016;-0.313203
1.086389;4.751615;1.712118;-2.234529;-1.772867;1.059872;-0.850398
2.755116;3.969771;2.533848;-3.895996;0.280415;3.125223;0.788682
3.178504;3.775215;2.771576;-3.664412;-0.166524;3.116192;1.616197
1.728779;3.945406;2.268917;-2.475193;-1.937501;1.386871;0.479849
3.476653;2.954284;1.628661;-2.712780;-1.149173;-1.442425;0.465143
3.334667;0.798345;2.272398;-3.109946;-0.080905;-0.334830;2.251411
1.136983;2.370810;2.555707;-2.403210;-1.213539;1.148175;1.043840
1.032420;3.776756;2.352597;-2.260617;-1.966497;0.503793;-0.301301
0.531500;2.697091;2.097536;-2.205070;-1.474373;1.226600;0.266233
0.475760;3.243105;1.465692;-2.132393;-1.386244;0.915671;-0.692995
0.435204;4.422623;1.637274;-1.946806;-1.983985;0.263759;-0.822450
0.158595;3.698003;2.391650;-2.032416;-1.941238;0.955780;0.384502
0.321945;4.006013;1.307524;-1.560986;-2.775312;-0.536370;-2.435967
0.019942;1.263333;2.356661;-2.032383;-1.494112;1.914124;1.099994
-0.625498;1.766235;1.826397;-1.458403;-2.148602;0.597937;0.149274
0.046670;2.898526;1.711614;-1.088962;-3.222978;-0.030037;-1.623797
6.955504;-2.059307;3.865150;-1.713045;-4.668814;-4.038522;-2.499554
20.931822;-13.783140;8.479301;-1.317382;-4.479170;-4.878728;0.984838
31.093504;-20.487980;9.903911;-2.515935;-4.561005;-5.107660;1.517275
36.225148;-23.958981;3.237179;-1.025030;-3.330672;-5.361754;1.501757
32.182018;-12.073731;1.827115;-2.468794;-4.492965;-0.079397;1.062350
17.954553;-6.151333;3.550995;-5.163869;-0.322347;-4.553814;0.995955
2.193176;0.779883;1.818453;-3.276837;0.014882;-0.042310;0.902566
0.042630;0.447079;1.729973;-1.904931;-0.965604;0.789212;0.515203
-0.682759;0.651759;1.551551;-0.938820;-2.414814;-0.104673;-0.320637
-0.227217;1.621619;1.252762;-0.674785;-2.965395;-0.581259;-2.354930
0.517505;-0.149077;2.021509;-0.931190;-2.566980;-0.193526;-1.477064
0.308384;-0.882150;2.479523;-0.989204;-2.518963;0.226813;-1.093240
-0.742185;-0.181543;2.334997;-1.051308;-2.314551;1.503795;-0.101859
-0.413484;0.053624;2.081058;-1.239325;-2.584829;0.417960;0.094722
-0.574064;0.448933;1.639694;-1.926875;-0.743150;0.591967;0.172348
-0.092022;2.018734;1.413859;-1.850189;-1.527704;-0.192387;-1.126727
-0.343451;2.284264;1.486463;-2.024514;-1.435350;-0.045747;-0.764695
0.132976;2.207280;1.566270;-2.126458;-1.305873;0.396277;-0.396770
0.304439;1.903245;1.587173;-2.035703;-1.291761;0.669819;0.185706
-0.083817;1.613961;1.665928;-2.299984;-0.974328;0.186574;0.907632
0.172330;2.819613;1.302485;-2.020796;-1.392021;-0.386594;-1.033231
0.157487;1.693877;1.953751;-2.147137;-0.835713;0.542026;0.475251
0.418483;1.757629;1.925103;-1.975385;-1.200006;1.110971;0.481734
0.201909;1.849343;2.035519;-2.159923;-1.326488;1.341110;0.320198
-0.393564;1.465817;2.108610;-1.990701;-1.423713;1.311295;0.994659
0.324400;2.392540;2.227385;-2.180057;-1.474165;0.792211;0.390025
0.243887;1.447874;2.568449;-2.360235;-1.005826;1.432909;1.102737
-0.577106;1.710892;2.060621;-2.024396;-1.092630;1.606005;1.046042
0.129821;2.535848;1.763102;-1.922240;-1.237230;0.933699;0.009990
-0.073466;1.375913;1.440561;-1.730453;-1.549038;0.591725;-0.326520
-0.855777;2.001897;1.307638;-1.497164;-1.717879;-0.125585;-0.761811
-0.826319;1.912345;1.921947;-1.866898;-1.270858;0.310527;0.102621
-0.997345;1.323742;2.374044;-1.786621;-1.301651;1.357922;1.813161
0.548566;1.735071;2.058544;-1.287453;-2.799663;1.360970;-0.771503
17.374978;-6.987369;6.923350;-0.943209;-7.757788;-6.461327;-1.333131
44.160773;-27.546575;14.351236;-1.372205;-3.992082;-9.032860;4.485412
53.248618;-33.438880;5.215794;2.559037;-5.704805;-8.479351;6.886466
4.456061;-0.176016;-3.906421;-1.663322;-0.006733;2.321225;1.031609
3.681770;1.402764;1.818153;-4.027893;0.497608;1.153220;-0.119628
5.449297;2.528543;1.842575;-3.873434;-0.534626;0.149665;-1.522607
5.171288;1.487458;2.467524;-3.807445;-0.403469;0.736328;-0.449628
2.251122;0.860699;2.464717;-2.168855;-1.994918;0.055459;-0.221703
1.819175;-1.025604;2.723515;-1.297446;-2.859648;-0.130705;-0.899983
-0.389902;-0.800214;1.876837;-0.128711;-3.482904;-0.049351;-2.257575
-1.395452;-0.352351;1.334311;0.163521;-3.610473;-0.406802;-2.689425
-0.306911;-1.388756;1.683010;0.706741;-4.487615;-1.111267;-3.037352
-0.786532;-2.789466;2.378375;0.291093;-3.657311;0.533674;-1.030902
-1.374346;-1.916476;1.694000;0.133914;-2.786252;0.297994;-1.797707
-1.275144;0.255395;1.013572;0.525648;-3.850254;-0.937406;-3.974281
-1.763551;-1.194177;1.668449;-0.108716;-2.984555;0.232990;-1.411134
-1.373097;-1.289495;1.923223;-0.865415;-1.534560;1.332515;0.107730
-1.274500;-0.790455;1.963201;-0.799478;-1.835564;1.010923;-0.044932
-1.881858;-0.880934;1.211415;-0.139159;-2.463664;-0.005912;-1.385383
-1.483785;-0.225073;1.083170;-0.704139;-2.387336;-1.201226;-2.416120
-1.326239;-0.238454;0.788192;-0.806506;-2.504220;-1.315444;-2.358138
-0.995244;-0.051074;0.237486;-0.064590;-3.370862;-2.261427;-3.889980
-1.545541;0.422051;0.746105;-0.165556;-3.092749;-1.499248;-3.356124
-1.810568;0.058734;0.800019;-0.360505;-2.793251;-0.949163;-2.798958
-1.400298;-0.234810;1.135816;-0.272823;-2.893629;-0.891432;-2.973576
-1.608520;-0.654262;1.915079;-0.326460;-2.985614;-0.135729;-1.446600
-1.680333;-0.110140;1.977309;0.070368;-3.520123;0.801562;-1.074452
-1.575324;-0.757851;2.018357;-0.016690;-3.465947;1.056514;-0.692276
-2.164257;-0.200424;0.928234;0.223647;-3.083421;-0.005588;-2.198480
-1.747985;0.384925;0.559175;0.188703;-3.148951;-1.337369;-3.158212
2.872749;0.097043;-11.345563;4.413976;-4.174259;2.425741;0.259418
4.615844;-1.637829;-8.935966;1.136056;-0.615596;5.181706;3.474278
0.396379;-0.574806;1.951901;-3.084900;0.806643;1.129130;1.381391
1.290829;-0.582657;1.372936;-3.126258;0.745278;0.989157;-0.139499
2.700608;-1.553681;2.093590;-3.384042;0.656858;2.723758;0.328177
3.423715;-0.578062;2.212985;-3.863710;0.812926;3.727335;0.542005
2.056415;0.078721;2.168391;-3.396184;0.379176;2.588626;0.455520
1.869554;-0.240377;2.472702;-3.251959;0.554479;1.622786;1.345794
2.114869;-0.791540;2.533669;-3.322897;0.569972;2.200040;1.732735
1.963715;0.352294;2.428973;-3.233964;0.262993;3.166640;1.508068
1.909968;0.404715;2.151444;-3.039363;-0.244925;2.463835;0.319799
1.069473;0.497454;1.871245;-2.659256;-0.357245;1.305910;0.173964
0.954148;-0.658190;2.042875;-2.832220;-0.051542;1.719290;0.086987
0.047974;0.264536;1.321466;-1.903485;-1.221159;0.141937;-1.174841
0.091797;0.603981;1.556171;-1.971655;-1.354584;0.118112;-0.218494
0.019258;0.825236;1.793140;-1.885486;-1.760447;0.178321;-0.264454
0.612719;2.070200;2.031566;-2.051848;-1.740624;0.650178;-0.500741
0.599407;0.649794;2.069092;-2.459395;-1.049467;1.428904;0.107853
0.923808;0.839488;1.575590;-2.635654;-0.270632;1.780714;-0.085667
0.577775;0.758285;1.959604;-2.771558;0.130846;1.840084;0.898006
3.848175;-3.023615;1.613964;-1.756430;-2.099993;-1.234735;-4.792298
4.280376;-2.889291;1.492851;-1.145465;-3.038189;-1.952397;-5.881676
0.567580;0.939298;1.449253;-1.025999;-3.010906;-0.641083;-2.794342
-0.506339;0.665451;1.797717;-1.206636;-2.255168;0.122674;-0.512939
6.243713;-5.140116;3.022233;-2.646615;-2.058310;-1.586327;-3.409829
6.506539;-4.064787;2.362699;-2.314320;-2.491231;-2.113622;-5.009714
-0.315739;1.029222;1.477232;-1.407502;-1.933151;0.097118;-1.048060
-0.795864;-0.684725;2.083901;-1.597901;-1.397731;1.237195;0.657242
6.816352;-5.798474;2.578544;-2.591570;-1.615172;-2.456334;-4.446621
6.804782;-4.012460;2.055334;-2.132190;-2.544936;-3.352672;-5.495256
-0.609989;0.895259;1.564743;-1.209262;-1.805181;0.434720;-0.438683
-0.649332;0.886920;1.348066;-0.746226;-2.564168;-0.440542;-1.912475
-0.464050;1.726606;0.579120;-0.342434;-3.491033;-1.765338;-4.113984
-0.780627;1.666927;0.369124;-0.644681;-2.916083;-0.930075;-3.390910
-0.745846;0.883657;1.118493;-0.864237;-2.525709;-0.275106;-1.802604
-0.043572;0.786230;1.599682;-1.163201;-2.494493;0.368923;-1.672306
-0.372572;1.015884;2.026450;-1.047878;-2.162384;0.718263;-0.889347
-0.108402;0.942299;2.208483;-1.295157;-2.119903;0.855460;-0.684714
0.329154;1.250730;1.854294;-1.405157;-2.673539;0.301384;-1.450572
0.008826;1.046849;1.644504;-1.555460;-1.571337;0.681018;-0.345009
0.223393;1.293173;2.150447;-2.372270;-1.007114;1.225728;0.878234
0.315442;1.114414;2.040508;-2.254825;-0.966656;0.952329;0.149247
0.717116;1.566835;1.948204;-2.542755;-0.653177;1.369579;-0.268623
0.481699;1.590024;1.989430;-2.411921;-0.583758;1.486945;0.441842
0.923946;1.291320;2.149225;-2.290289;-1.257380;1.704016;0.166181
0.871575;1.615775;1.947592;-2.168456;-0.910874;1.854328;-0.188021
0.249409;0.900240;2.166582;-2.198287;-0.876477;1.226504;0.379144
-0.048441;2.292562;1.812887;-1.914770;-1.358016;0.511188;-0.087792
-0.152926;2.876583;1.538679;-1.561234;-1.656218;0.638594;-0.358837
-0.775995;1.144622;1.901962;-1.806405;-1.081305;1.689944;0.415823
-0.179317;0.725342;1.994241;-1.589670;-1.865611;1.775379;-0.066348
-0.264204;1.039498;2.114143;-1.511479;-2.187449;1.431300;-0.095124
-1.220704;1.169226;1.857779;-1.277926;-1.987196;1.291373;0.028912
-0.890281;1.726625;1.798271;-1.305961;-1.764694;0.958363;-0.148018
-0.834029;0.736783;2.265333;-1.619571;-1.549146;1.619493;0.308037
-0.541313;0.870260;2.483725;-1.825354;-1.404552;2.512733;1.008783
-0.432237;0.984108;2.617443;-1.844722;-1.400149;2.495143;1.128750
-0.068263;1.077470;2.656396;-2.338596;-0.486480;2.613008;1.349549
2.227200;1.918736;-4.170270;0.160142;-1.368960;4.386798;2.911087
