-6.818470;2.270453;-0.336642;0.020894;-1.820837;-0.055663;-0.396275
-5.896998;4.075916;-0.783817;0.104656;-2.890970;0.463353;1.330958
-3.476871;7.136273;-1.453586;-0.912235;-2.648263;-4.130416;1.092904
-4.706923;4.897582;-0.311610;-0.108501;-3.699448;1.857509;2.269914
-5.463016;2.309565;-0.595028;-0.323597;-2.764388;0.113875;-0.173992
-5.972488;1.799953;-0.544403;0.100487;-2.650853;-0.742250;-0.771684
-6.165545;1.724889;-0.391257;0.133511;-2.396731;-0.469750;-0.623773
-5.927497;1.887609;-0.463818;-0.458119;-2.256757;-0.167372;-0.608520
-5.995326;1.811767;-0.478339;-0.488125;-2.218771;-0.197078;-0.623934
-5.877882;1.914452;-0.627473;-0.538197;-2.261347;-0.242812;-0.732609
-6.096485;2.019209;-0.410995;0.080979;-2.190966;0.124475;-0.355835
-5.576841;2.415005;-0.660087;0.208091;-2.625360;-0.306015;-0.493086
-5.546937;2.214879;-0.688834;-0.362715;-2.534295;-0.100121;-0.479879
-6.114381;1.724304;-0.514119;-0.502317;-1.950131;-0.142171;-0.583356
-6.195997;1.635464;-0.414649;-0.504100;-1.784019;-0.021600;-0.558552
-6.362753;1.656301;-0.490560;0.039378;-1.550620;-0.079189;-0.455440
-6.116384;1.706389;-0.666857;0.087207;-2.191003;-0.615800;-0.721471
-5.822006;1.806445;-0.736798;-0.414793;-2.476400;-0.713389;-0.840801
-5.663999;1.773215;-0.649335;-0.469899;-2.713571;-0.739420;-0.802337
-5.539270;1.887495;-0.681415;-0.495275;-2.643761;-0.696020;-0.816463
-5.990260;1.835689;-0.630712;0.117156;-2.403568;-0.577389;-0.784543
-5.905703;1.714837;-0.658437;0.161517;-2.679803;-0.873286;-0.779728
-5.608430;1.818602;-0.732591;-0.456702;-2.769784;-0.837796;-0.915561
-6.079203;1.858979;-0.594492;-0.475854;-2.217399;-0.012807;-0.620459
-5.957323;1.825664;-0.593248;-0.480974;-2.346515;-0.030199;-0.553595
-6.182860;1.872712;-0.593576;0.076564;-2.307085;-0.126365;-0.632699
-6.157973;1.867120;-0.717590;0.012263;-2.122420;-0.354966;-0.708684
-6.010013;1.839323;-0.711757;-0.529761;-1.922748;-0.221063;-0.684307
-5.663961;1.820629;-0.735308;-0.498141;-2.439268;-0.771062;-0.899636
-5.564095;1.817931;-0.793648;-0.479661;-2.649963;-0.926658;-1.002106
-6.141764;1.730121;-0.655948;0.100533;-2.472898;-0.623366;-0.867393
-6.224399;1.837710;-0.596337;0.047138;-2.309817;-0.138206;-0.692202
-5.881473;1.875721;-0.629002;-0.518154;-2.276630;-0.081365;-0.640257
-5.917856;1.799302;-0.669922;-0.545962;-1.906942;-0.347100;-0.679511
-6.027325;1.736405;-0.641538;-0.518143;-2.148193;-0.361168;-0.678666
-6.479165;1.660703;-0.440201;0.067492;-1.585591;-0.042420;-0.409552
-5.916560;1.697541;-0.772309;0.026361;-2.498683;-1.151362;-0.975116
-5.677422;1.742845;-0.793633;-0.532070;-2.476873;-0.987637;-0.964846
-5.879619;1.759230;-0.561148;-0.486418;-2.167424;-0.200741;-0.615836
-5.577636;1.906924;-0.699385;-0.408299;-2.699877;-0.654013;-0.879867
-5.787519;1.906604;-0.672355;0.132289;-2.721434;-0.787398;-0.875845
-5.941242;1.771636;-0.668523;0.077889;-2.519141;-0.625140;-0.718459
-3.315616;5.376111;-0.679252;0.683218;-3.207298;1.139405;1.699906
-2.624342;6.001809;-0.940231;0.596499;-3.061952;-0.719074;0.983211
-4.934012;2.040676;-0.751198;-0.507979;-2.827215;-0.478116;-0.660017
-5.548589;1.709802;-0.662450;0.067012;-2.182306;-0.476830;-0.606625
-5.773421;1.574649;-0.658489;0.038014;-2.186968;-0.424581;-0.602131
-5.148779;1.631032;-0.898711;-0.534854;-2.681639;-0.827862;-0.895809
-5.196154;1.742762;-0.725015;-0.445558;-2.729149;-0.525959;-0.850339
-5.055513;1.770673;-0.821223;-0.465784;-2.965511;-0.749841;-0.916176
-5.414753;1.671580;-0.834874;0.057508;-2.782044;-0.806935;-0.854237
-5.670639;1.578809;-0.608465;0.135758;-2.353802;-0.180531;-0.557668
-5.259238;1.574665;-0.688171;-0.410722;-2.527089;-0.305553;-0.619601
-5.378956;1.460223;-0.744420;-0.485539;-2.436645;-0.643205;-0.786986
-5.566061;1.362256;-0.668438;-0.446874;-2.401309;-0.502925;-0.674456
-5.637907;1.490659;-0.676480;0.107156;-2.520988;-0.777597;-0.800358
-5.739054;1.619222;-0.617653;0.108436;-2.284078;-0.257211;-0.643152
-5.610257;1.629063;-0.674639;-0.414532;-2.119263;0.074178;-0.513147
-5.669750;1.661879;-0.641346;-0.371898;-2.010840;0.364841;-0.310765
-5.504692;1.672298;-0.704559;-0.394808;-2.207008;0.055430;-0.378391
-5.470661;1.622676;-0.744762;0.072005;-2.692844;-0.542344;-0.737253
-5.684586;1.568723;-0.589360;0.132127;-2.564961;-0.081998;-0.535972
-5.514975;1.704510;-0.668304;-0.444369;-2.350465;0.142959;-0.489515
-4.979025;1.875943;-0.924948;-0.448740;-2.853633;-0.657179;-0.857023
-4.807733;1.825685;-0.998946;-0.427112;-3.193256;-1.276456;-1.125752
-5.108840;1.800753;-0.924030;0.132082;-3.080731;-1.251292;-1.085122
-5.297835;1.610789;-0.870753;0.107504;-2.920415;-1.136326;-1.075874
-5.468192;1.634572;-0.717360;-0.469967;-2.403352;-0.359503;-0.768431
-5.585037;1.705639;-0.694053;-0.427628;-2.171413;0.004527;-0.554840
-5.731752;1.565829;-0.552195;-0.416246;-2.131576;0.327459;-0.384888
-5.845051;1.696097;-0.617704;0.134753;-1.915226;0.064595;-0.482863
-5.617036;1.730457;-0.686988;0.143334;-2.588886;-0.329008;-0.690978
-5.004872;1.710684;-0.812796;-0.405550;-3.101204;-0.853401;-0.898063
-5.219277;1.634150;-0.717944;-0.424667;-2.782210;-0.541096;-0.731669
-5.358354;1.456782;-0.768156;-0.425815;-2.642973;-0.589717;-0.706089
-5.629402;1.455948;-0.670830;0.139548;-2.552983;-0.554045;-0.594352
-5.714565;1.590003;-0.669515;0.122756;-2.373633;-0.195156;-0.465855
-5.446858;1.556735;-0.664665;-0.452768;-2.241920;-0.257715;-0.581206
-5.386911;1.501392;-0.811464;-0.454701;-2.588923;-0.614490;-0.783407
-5.150078;1.574667;-0.910465;-0.433047;-2.740831;-0.809172;-0.875098
-5.523087;1.574720;-0.799824;0.157693;-2.649958;-0.553432;-0.727003
-5.856455;1.643463;-0.616221;0.134849;-2.207424;0.167632;-0.483482
-5.002421;1.629001;-0.971546;-0.382516;-3.057746;-1.262432;-1.116216
-4.601311;1.738986;-1.100709;-0.422155;-3.442824;-1.972562;-1.493956
-5.002693;1.709908;-0.890677;-0.340078;-3.028597;-0.751639;-0.818703
-5.200777;1.901568;-0.923741;0.265975;-3.034794;-0.616345;-0.695692
-5.226038;2.024067;-0.918184;0.200275;-2.818837;-0.522811;-0.658799
-5.214887;1.952530;-0.860070;-0.392608;-2.206044;-0.215609;-0.512843
-5.067540;1.916716;-0.932410;-0.407663;-2.518389;-0.555915;-0.790149
-5.439996;1.710905;-0.666074;-0.430276;-2.195008;0.023537;-0.588132
-5.418212;1.626813;-0.731320;0.161492;-2.524721;-0.545938;-0.620642
-5.195734;1.652490;-0.936398;0.142558;-2.938620;-0.955398;-0.878745
-4.992458;1.688551;-0.894309;-0.500632;-2.852995;-0.657547;-0.860229
-5.112680;1.822464;-0.841294;-0.454434;-2.592575;-0.405100;-0.839805
-5.098420;1.698159;-0.845415;-0.427306;-2.721478;-0.647288;-0.906540
-5.534645;1.533513;-0.718318;0.164681;-2.359103;-0.363305;-0.544085
-5.663189;1.495176;-0.624272;0.134163;-2.284055;0.001536;-0.426328
-5.614623;1.513456;-0.541489;-0.397626;-2.228473;0.169358;-0.491870
-5.666486;1.493911;-0.574991;-0.403453;-2.152834;0.243740;-0.458929
-5.471695;1.421676;-0.666212;-0.416711;-2.303298;-0.046216;-0.513110
-5.625110;1.476267;-0.761580;0.112449;-2.277911;-0.493769;-0.684307
-5.507576;1.549593;-0.848504;0.095388;-2.354894;-0.658186;-0.779456
-5.106687;1.516115;-0.906793;-0.452260;-2.748315;-0.814742;-0.890839
-5.347148;1.496579;-0.816030;-0.428418;-2.576998;-0.691727;-0.887111
-5.257222;1.597991;-0.802564;-0.426493;-2.406744;-0.562256;-0.761331
-5.663247;1.530318;-0.723535;0.188367;-2.348696;-0.409314;-0.553307
-5.756218;1.600007;-0.622269;0.182119;-2.220691;-0.003824;-0.494809
-5.513315;1.546517;-0.628679;-0.404567;-2.197988;0.016703;-0.509269
-5.410387;1.522373;-0.733473;-0.426691;-2.331827;-0.259134;-0.664447
-4.897058;2.040204;-0.699952;-0.201906;-2.740534;0.438086;-0.024957
-4.181599;2.466065;-1.264752;0.188180;-3.742765;-2.017857;-1.329411
2.191391;6.575050;-3.397211;-23.082197;-2.949112;1.334530;-0.768887
3.175162;-0.998110;2.431954;0.248934;0.201882;-0.826378;-0.221670
3.319629;-0.879231;2.394893;-0.300353;0.464186;-0.807366;-0.320271
2.387175;-1.258942;2.890249;-0.151647;0.906513;0.912568;0.452437
2.720664;-1.240656;2.822279;-0.136708;0.477256;0.361449;0.189204
2.833314;-1.181464;2.669539;0.331905;0.191080;-0.299969;-0.054618
3.235765;-0.918148;2.475350;0.275238;-0.187907;-0.987997;-0.362800
3.227959;-1.076342;2.641177;-0.316555;0.070714;-0.878407;-0.326078
3.461366;-1.014321;2.490430;-0.340680;-0.189514;-1.578081;-0.626835
3.188398;-1.200258;2.651417;-0.258875;-0.147753;-0.898073;-0.276400
2.361849;-1.650201;3.040976;0.329436;0.414555;-0.165795;-0.000029
2.437011;-1.682062;3.044390;0.311151;0.488703;-0.091677;0.107604
2.739073;-0.727544;3.070010;-0.133340;-0.170207;1.376734;0.636101
2.994773;-0.743984;2.848354;-0.256463;-0.148158;0.471347;0.170211
4.052482;-0.690442;2.298256;-0.333883;-0.418416;-1.918414;-0.798785
3.593564;-1.070722;2.486046;0.199173;-0.302944;-1.561664;-0.499309
3.351109;-1.346001;2.518575;0.097529;-0.182879;-1.518599;-0.611028
4.400974;-0.565227;2.116414;-0.379289;-0.361214;-2.286684;-1.001870
4.813277;-0.420944;2.045483;-0.395256;-0.442792;-2.743813;-1.201869
4.208998;-0.951260;2.342961;-0.443536;0.142109;-1.703436;-0.645025
15.554632;7.289045;-2.347721;-43.971164;1.591818;4.448962;0.412911
3.953096;-0.297265;2.247941;-5.530734;0.256673;0.457920;0.037395
3.447733;-0.543473;2.437547;0.127277;0.340872;-1.974115;-0.907844
2.211588;-1.644554;3.070457;0.244535;0.649690;0.378631;0.188366
2.254333;-1.774433;3.022591;-0.286793;0.694084;0.483227;0.213224
2.913343;-1.418341;2.721162;-0.394623;-0.132807;-0.162656;-0.116035
2.498685;-1.619655;2.844217;-0.372652;0.322744;0.178111;0.074859
2.122054;-1.809499;2.911300;0.140258;0.536457;-0.107445;-0.005003
2.106390;-1.935732;2.960828;0.182855;0.520857;-0.309747;-0.024135
2.329235;-1.694151;2.932736;-0.315368;0.354809;0.223222;0.074753
2.431072;-1.584588;2.905823;-0.400244;0.790923;0.193066;0.093852
2.075212;-1.933309;3.134584;-0.359573;1.043111;0.727040;0.438707
1.701933;-1.793460;3.230134;0.247151;1.338161;0.803118;0.436725
1.971430;-1.719517;3.071488;0.235591;0.493382;0.495289;0.228168
2.227776;-1.610814;3.145103;-0.312943;0.516263;0.752458;0.204994
2.562602;-1.442048;3.066478;-0.432983;0.531244;0.226569;0.082176
2.471988;-1.545089;2.947988;-0.380149;0.469277;-0.132806;-0.033871
2.278032;-1.549606;3.002750;0.145932;0.788028;-0.171158;0.041936
2.635446;-1.422359;2.815766;0.179710;0.042761;-0.772714;-0.263753
2.480360;-1.669179;3.011149;-0.319551;0.699325;-0.370487;-0.144630
2.347510;-1.658212;3.103280;-0.332956;0.693086;0.180226;0.106558
3.170724;-1.040689;2.703513;-0.438740;0.546785;-0.468350;-0.189793
4.494251;0.320185;2.097687;0.119653;0.076870;-3.413937;-1.488828
5.694053;1.454761;1.707960;0.132119;-0.153928;-5.141167;-2.392743
6.240358;2.993168;1.554140;-0.415580;0.421263;-6.477149;-3.182290
5.916624;2.583850;1.645908;-0.403474;0.112820;-5.968652;-2.997599
7.682694;3.349980;0.933693;-7.469198;0.370398;-4.365238;-2.510642
11.900243;5.920889;-1.044165;-36.443305;1.674410;4.865252;0.573633
2.711558;-0.997025;2.689470;-0.511826;0.416852;-0.988102;-0.560635
2.138719;-1.407356;2.937469;0.221300;0.363364;-0.296189;-0.027303
3.525354;-0.555781;2.385160;0.243976;-0.276688;-2.042710;-0.626711
3.480803;-0.846944;2.496503;-0.194609;-0.483513;-1.103623;-0.197123
3.324459;0.387115;3.015048;-0.040749;0.401930;1.227395;0.515384
3.229576;0.344465;3.084254;-0.105297;0.473310;0.937224;0.327627
2.320442;-1.453770;3.081706;0.364996;0.345199;-0.144660;0.069503
1.722694;-1.813826;3.360807;0.231668;0.824017;0.754358;0.379945
1.835876;-1.803742;3.344511;-0.313436;0.975354;0.812770;0.405644
2.138061;-1.717699;3.197602;-0.268145;0.726583;0.182121;0.105716
2.279119;-1.645146;3.207358;-0.316613;0.336278;0.289340;0.134518
2.230433;-1.629671;3.021562;0.155440;0.435040;-0.411178;-0.169192
2.361620;-1.553634;3.107387;0.226350;-0.009137;-0.445352;-0.008156
3.437037;-0.461637;2.599320;-0.424762;-0.281712;-1.345027;-0.667047
3.487107;-0.414700;2.583861;-0.397559;-0.169370;-1.217175;-0.546079
2.828136;-1.387708;2.889754;-0.340401;-0.194136;-0.408383;-0.211422
1.969634;-1.592344;3.250887;0.269615;0.473723;0.535857;0.328758
1.930986;-1.585872;3.384087;0.322865;0.356037;0.632421;0.517230
2.340600;-1.630438;3.249680;-0.369669;0.145666;0.195078;0.182427
2.477166;-1.401956;3.254401;-0.293234;0.456911;0.949747;0.431717
3.249662;-0.896190;2.869510;-0.240221;0.025021;-0.462142;-0.144863
3.890876;0.154623;2.409156;0.144142;0.078648;-2.720166;-1.361793
4.353632;0.624528;2.312382;0.123022;-0.067136;-3.238109;-1.597019
4.390445;-0.698412;2.445163;-0.426329;-0.413329;-1.588353;-0.685171
3.914990;-0.601843;2.771954;-0.365804;-0.122125;-1.120779;-0.463405
3.092637;-1.283070;3.128266;-0.422295;-0.208577;-0.432411;-0.099311
2.572240;-1.411096;3.200574;0.099931;0.629913;-0.289224;-0.082964
2.980814;-1.246804;2.994013;0.154292;-0.004208;-1.031567;-0.337011
3.730049;-0.341768;2.727035;-0.281438;0.139493;-1.449452;-0.619706
4.107881;0.213906;2.510210;-0.381801;0.521164;-2.681709;-1.211133
4.988873;0.633012;2.212883;-0.437481;-0.165590;-3.670053;-1.794251
4.577472;0.492240;2.299960;0.186646;-0.294733;-2.743345;-1.308650
4.894290;2.044434;1.979159;0.264035;-0.248346;-4.578300;-2.229950
5.614873;3.770775;1.920147;-0.303606;0.339985;-5.360566;-2.728487
14.155367;11.279877;-1.123645;-22.667541;1.178984;-4.640378;-3.371229
1.185216;-1.226081;-4.216715;1.120931;1.474410;1.837982;0.775681
1.547907;-1.121242;-4.257173;0.461508;1.257703;1.557663;0.629852
0.601983;-2.044075;-4.011286;0.201717;1.662054;0.795765;-0.004752
0.507854;-2.061967;-3.995407;0.226455;1.857619;0.849005;0.011150
0.424228;-2.086904;-3.976957;0.804227;2.075438;0.833219;0.159743
0.623565;-2.087580;-4.048178;0.761168;1.686137;0.539506;0.055755
0.687075;-2.031526;-3.947682;0.235455;1.762736;0.970539;0.150656
0.690627;-2.132172;-4.015617;0.239348;1.965210;0.792004;0.121047
0.926260;-2.025743;-4.130689;0.189402;1.780578;0.582375;-0.002370
0.635101;-1.942113;-4.184084;0.790389;1.557733;0.433847;-0.076874
0.350373;-2.162891;-3.977071;0.810394;1.922552;0.564657;0.047409
0.303848;-2.227901;-3.840172;0.228321;2.278029;1.274426;0.343110
0.321502;-2.289844;-3.861710;0.271191;2.097369;1.175058;0.278165
0.344180;-2.211598;-3.887430;0.324577;1.946174;1.126222;0.184008
0.275488;-2.147698;-3.969880;0.828591;1.874904;1.047858;0.194721
0.529027;-2.114401;-4.069958;0.825153;1.533661;0.598895;0.018139
0.702159;-2.063120;-3.915833;0.231294;1.506416;1.105213;0.135953
0.539704;-2.092378;-3.817857;0.195350;2.107328;1.352659;0.296510
0.803547;-2.083902;-4.061532;0.248525;1.275279;0.871672;0.197970
0.905965;-1.841215;-4.213129;0.863842;1.183757;0.035175;-0.259041
0.872867;-1.896078;-4.197357;0.877276;1.251187;0.066561;-0.213726
1.030563;-1.936633;-4.174468;0.322262;1.290287;0.345287;-0.132607
1.190448;-1.853858;-4.154079;0.277223;1.294988;0.594812;0.086934
1.221981;-1.847531;-4.158751;0.239552;0.988787;0.413616;-0.015843
0.912627;-1.980869;-4.191474;0.890752;1.185476;-0.085342;-0.317233
0.720021;-2.225008;-4.102730;0.828308;1.363452;0.297045;-0.099586
0.829560;-2.128765;-3.990487;0.262325;1.800646;0.766283;0.046609
1.058296;-1.959270;-4.083492;0.266862;1.633863;0.473792;-0.078426
0.859308;-2.044796;-4.053714;0.260394;1.312018;0.760865;0.022762
0.533595;-2.029412;-3.954624;0.849056;1.429788;0.911210;0.215003
0.729438;-1.962281;-4.069004;0.845784;1.547370;0.526435;0.039061
1.212229;-2.022721;-4.179242;0.240350;0.962786;0.223993;-0.176404
0.985689;-2.084838;-4.042322;0.279906;1.097759;0.752817;0.090237
0.397423;-2.047207;-3.837499;0.245116;2.118640;1.469245;0.257304
0.445356;-2.192035;-3.931975;0.844968;1.839286;0.878364;0.106605
0.494893;-2.239476;-3.830692;0.866226;1.966431;0.948046;0.301700
1.171817;-2.062220;-4.190438;0.237187;1.157047;0.068229;-0.209606
1.388366;-1.982752;-4.362497;0.227321;0.942192;-0.490431;-0.501553
1.318127;-1.998023;-4.325268;0.234911;1.011550;-0.349989;-0.467590
0.939804;-1.934754;-4.240490;0.805199;1.147717;-0.023070;-0.336892
0.837848;-1.789109;-4.113007;0.844793;1.240469;0.391987;-0.153539
0.897342;-1.778161;-4.072256;0.269375;1.517057;0.614758;-0.178692
1.140578;-1.571406;-4.186224;0.427982;1.263690;0.495183;-0.259140
1.184256;-1.619290;-4.172017;0.486157;0.992862;0.605338;-0.081328
0.691266;-2.080650;-4.045436;0.773044;1.456400;0.456434;-0.094480
0.714061;-2.064827;-3.987730;0.757941;1.496129;0.634689;0.089048
1.181293;-1.929418;-4.043309;0.314964;1.382708;0.519975;0.201885
1.287534;-1.964312;-4.122397;0.346588;1.129644;0.284402;-0.034902
1.194229;-1.990933;-4.114654;0.257241;1.068556;0.315582;-0.165127
0.725339;-2.134413;-4.057564;0.766278;1.782318;0.468072;0.015667
0.936300;-2.114060;-4.158861;0.774406;1.543281;-0.058770;-0.257915
0.886568;-2.204567;-3.964608;0.209713;1.520050;0.702504;-0.048614
0.563180;-2.273524;-3.780840;0.221158;2.265065;1.353373;0.346133
0.890064;-1.815824;-3.925082;0.470043;1.842744;1.799982;0.848038
1.179651;-1.594711;-4.170163;0.952332;1.161637;0.911524;0.354313
0.807210;-2.045902;-3.943322;0.845738;1.477233;0.772786;0.170385
0.502472;-2.167360;-3.721768;0.269073;2.382541;1.585643;0.503430
0.752096;-1.971375;-3.922502;0.256092;1.755933;1.088327;0.074921
1.116804;-1.983670;-4.015102;0.241253;1.351819;0.479361;-0.131743
1.192096;-1.938098;-4.192780;0.761388;1.219410;-0.019515;-0.263477
1.039471;-2.108471;-4.145032;0.779076;1.167066;0.142508;-0.140485
1.283073;-2.014938;-4.124813;0.213649;1.100711;0.252101;-0.236552
1.117578;-1.869219;-3.966069;0.250062;1.588371;0.962432;0.040208
0.656827;-2.115374;-3.727646;0.275440;2.382574;1.538728;0.461587
0.254622;-2.452040;-3.684511;0.778186;2.547448;1.345739;0.509183
0.651025;-2.094129;-3.925275;0.811848;1.529617;0.907635;0.101164
0.946141;-1.983213;-3.937435;0.256587;1.481229;1.021611;0.062297
0.771571;-2.147539;-3.975613;0.228895;1.580586;1.005931;0.127909
0.735873;-2.222268;-3.902125;0.231985;1.872001;0.990211;0.182934
0.569644;-2.229015;-3.909057;0.804035;1.825622;0.795679;0.114429
0.362869;-2.250073;-3.752981;0.773905;2.285620;1.373193;0.397156
0.500858;-2.300557;-3.612189;0.299707;2.395061;1.692967;0.520590
1.141727;-2.134572;-3.992726;0.309985;1.263230;0.385679;-0.153545
1.220644;-2.076416;-4.061423;0.305236;1.287907;0.247734;-0.156659
1.014293;-2.160426;-4.162500;0.825310;1.313309;-0.130310;-0.260072
0.886333;-2.046397;-3.975461;0.851668;1.841427;0.419058;-0.022790
0.917493;-2.178053;-3.970090;0.271047;1.494044;0.698714;-0.021537
0.652841;-2.157354;-3.851762;0.249510;1.730326;1.218193;0.126109
0.589906;-2.224248;-3.792837;0.264138;2.298123;1.355132;0.379083
0.636636;-2.256481;-3.880565;0.824709;1.832117;0.786235;0.222263
0.944323;-2.135906;-4.070595;0.873828;1.234672;0.172670;-0.141955
1.103260;-2.153644;-4.058901;0.287825;1.217912;0.482626;-0.103311
0.994279;-2.114299;-3.857292;0.347799;1.520786;0.978724;0.279481
1.477411;-1.893803;-4.120811;0.270401;1.224441;0.188973;-0.119106
1.056584;-1.811107;-4.123386;0.791990;1.379698;0.354432;-0.116733
0.952119;-1.837626;-4.115682;0.802138;1.525438;0.263692;-0.213829
1.263564;-1.946976;-4.191220;0.233356;1.256529;0.328656;-0.167144
1.105290;-2.005155;-4.076595;0.228713;1.483492;0.655103;-0.007130
1.157366;-1.995147;-4.122615;0.275940;1.260184;0.376121;-0.105286
0.596071;-2.104138;-3.844507;0.832770;1.933575;1.163241;0.328976
0.315216;-2.180659;-3.636656;0.802423;2.473135;1.696625;0.546626
0.334089;-2.277882;-3.624322;0.270525;2.472851;1.833347;0.529098
0.357314;-2.337223;-3.607508;0.273195;2.179259;1.866139;0.534785
0.772001;-2.199123;-3.842752;0.256774;1.706213;1.190712;0.221804
0.406727;-2.316218;-3.749080;0.827815;2.277443;1.341569;0.404279
0.368437;-2.291979;-3.833069;0.850549;2.310440;1.141905;0.294131
0.576331;-2.276038;-3.720616;0.298871;1.809876;1.545889;0.397934
0.671423;-2.329513;-3.872167;0.247473;1.562717;1.246681;0.261367
0.865613;-2.180338;-3.937741;0.207434;2.036142;0.931365;0.149812
0.581899;-2.099780;-3.846230;0.823545;2.350772;1.089541;0.296898
0.558029;-2.099860;-3.918691;0.864426;2.143823;1.016009;0.205608
0.638286;-2.135098;-3.789385;0.291161;1.851995;1.540033;0.332087
0.709883;-2.190774;-3.813956;0.257428;2.081825;1.475866;0.391274
1.617976;-1.526670;-4.228051;0.534739;0.893532;0.872246;0.176634
1.486527;-1.481865;-4.279141;1.034157;0.847488;0.307273;-0.045290
1.051829;-2.180436;-4.053820;0.753379;1.188086;-0.002379;-0.235427
1.059235;-2.014485;-3.919521;0.288917;1.483846;0.649833;-0.034062
1.646960;-1.663690;-4.307124;0.223620;1.045663;-0.401169;-0.541902
1.579612;-1.839147;-4.309417;0.226975;0.956865;-0.239271;-0.455939
3.592591;-1.744639;2.992207;0.103309;0.184602;-0.260243;0.004423
3.165568;-1.847116;3.015576;0.639712;0.313505;-0.007333;0.084498
3.060594;-1.893087;3.023025;0.544126;0.552546;0.055397;0.121201
3.272727;-2.035836;2.990042;-0.072919;0.595096;-0.035421;0.074454
2.998338;-2.134983;3.241125;-0.025238;0.799840;0.704521;0.437824
3.087163;-1.929425;3.194947;-0.002394;0.862083;0.732585;0.458685
2.893957;-2.115987;3.070544;0.506930;0.645298;0.245402;0.295439
2.886518;-2.102799;3.110485;0.486861;0.684408;0.296589;0.317777
3.002221;-2.091389;3.065784;-0.067880;0.764206;0.351213;0.254089
2.707659;-2.017989;3.227264;-0.038158;1.077823;0.959923;0.397173
2.849106;-1.943101;3.311048;0.038672;1.101849;0.947063;0.575329
3.019443;-1.735595;3.119918;0.524320;0.636928;0.253019;0.367120
2.782551;-1.835052;3.067617;0.534015;0.634306;0.227502;0.215888
2.991576;-2.091808;3.075980;-0.054178;0.838723;-0.031322;0.150817
3.165120;-1.997128;3.056206;-0.082027;0.694717;0.092704;0.238228
3.349020;-1.883353;2.913412;-0.096859;0.389215;-0.160578;0.015352
3.046843;-1.928473;2.980611;0.465902;0.397114;-0.099654;0.078026
2.931311;-1.890721;3.086956;0.499959;0.594177;0.196658;0.290076
3.315043;-1.829076;2.957994;-0.086807;0.432871;0.031953;0.115965
3.333802;-1.802005;2.894688;-0.077887;0.242459;0.114318;0.160604
3.205023;-1.808689;2.986006;-0.095734;0.503625;0.332139;0.172170
2.968199;-1.898679;2.977678;0.513840;0.509284;-0.094177;0.084895
3.018914;-2.017838;3.020679;0.474751;0.413535;-0.250065;0.001275
3.400837;-1.836390;2.975243;-0.063501;0.227847;-0.163776;0.004653
3.641500;-1.789403;2.750998;-0.057728;0.122284;-0.668516;-0.153173
3.460602;-1.829763;2.823247;-0.003247;0.187528;-0.344165;-0.049483
3.023507;-1.847211;2.974536;0.528848;0.440485;0.034012;0.162047
2.828349;-1.845399;3.155588;0.543028;0.736610;0.472347;0.340305
3.078719;-1.861963;3.120280;-0.036134;0.513647;0.444376;0.227599
3.325031;-1.841940;2.884816;-0.148881;0.208773;-0.107717;-0.052556
2.993812;-1.970195;3.075202;-0.155540;0.858650;0.342867;0.174731
3.011793;-1.239722;3.048364;0.711954;0.785882;1.042721;0.736958
3.679798;-1.027417;2.753733;0.635789;0.312511;-0.885534;-0.298653
4.401654;-0.154404;2.559830;0.167080;0.406122;-0.810852;-0.401770
4.273895;-0.241411;2.612043;0.161286;0.378208;-0.651718;-0.319973
3.623932;-0.999775;2.794585;0.073054;0.059020;-0.097479;0.005229
3.236734;-1.365081;2.991121;0.674239;0.311985;-0.015911;-0.012292
2.996227;-1.705658;3.106202;0.593654;0.678810;0.174098;0.248837
3.102916;-1.930274;3.077489;-0.015195;0.525986;0.234707;0.234585
3.339910;-1.810384;2.917077;-0.042899;0.292362;-0.117607;0.066269
3.361009;-1.937762;2.866142;-0.177584;0.447903;-0.510354;-0.170408
2.948083;-1.804089;3.045638;0.409689;0.693710;0.118411;0.096502
2.797630;-1.829449;3.146457;0.398289;0.819814;0.462346;0.215488
3.179561;-1.924555;2.998314;-0.124254;0.624377;0.006248;0.082213
3.418660;-1.890634;2.868229;-0.131878;0.389672;-0.316065;-0.033788
3.538829;-1.476730;2.903959;-0.043358;0.381610;0.153215;0.208464
3.292161;-1.274900;2.923827;0.616318;0.520487;0.104453;0.224350
3.246877;-1.540435;2.904144;0.596497;0.486289;-0.145153;0.079305
3.294046;-1.885052;3.024642;-0.068951;0.527086;-0.082776;0.117613
3.154141;-1.961185;2.983509;-0.124200;0.740970;-0.043837;0.122307
3.369683;-1.884633;3.006741;-0.118883;0.390031;-0.001776;0.111201
2.975282;-1.845929;3.101565;0.494147;0.696214;0.348876;0.359413
2.998806;-1.842398;2.998587;0.460562;0.481229;-0.150162;0.044007
3.285259;-1.792181;3.065525;-0.092092;0.462408;0.069770;0.078348
3.253859;-1.748117;3.073199;-0.028076;0.609099;0.306810;0.193903
2.945158;-1.929129;3.183848;-0.054003;0.886825;0.638069;0.351961
3.027658;-1.861407;3.079483;0.423452;0.554949;0.025325;0.072412
3.074731;-1.846762;3.017118;0.423364;0.489068;-0.268245;-0.054611
3.175113;-1.975550;2.981332;-0.165777;0.556000;-0.083068;0.070817
3.115415;-1.925338;2.991737;-0.119878;0.748214;0.081723;0.182703
3.089611;-1.861165;3.049626;-0.068840;0.734502;0.210400;0.186639
2.794406;-1.934597;3.130712;0.469943;0.689219;0.314969;0.226586
2.813240;-2.066750;3.128462;0.490439;0.578111;0.068072;0.147431
3.125951;-2.146297;3.004968;-0.108941;0.507453;-0.385475;-0.050256
2.893584;-1.937704;3.071929;-0.041406;0.863084;0.201781;0.189276
2.998102;-1.896819;3.141978;0.024032;0.511702;0.421982;0.274098
2.864816;-1.961917;3.118432;0.529224;0.599038;0.062018;0.181840
2.845853;-1.955351;3.167243;0.517156;0.788367;0.192029;0.256152
3.094574;-1.961270;3.088590;0.003036;0.465503;0.156306;0.187474
3.324147;-1.884717;2.961884;-0.036787;0.212980;-0.377654;-0.085297
3.255175;-1.870986;2.963338;-0.069718;0.244582;-0.357184;-0.103952
2.584142;-1.919005;3.249345;0.513504;0.861656;0.657174;0.389891
2.827870;-1.950599;3.169848;0.461317;0.527959;0.295989;0.250923
3.146321;-1.892298;3.093953;-0.063354;0.419650;0.247437;0.140670
3.143522;-1.790655;3.123839;0.017691;0.670979;0.500461;0.334346
3.073566;-1.949464;3.017802;-0.057319;0.607120;0.179492;0.165063
2.699453;-1.946973;3.102203;0.507156;0.803838;0.341837;0.249038
2.777158;-1.909282;3.154957;0.475912;0.699863;0.402860;0.323379
3.299789;-1.797506;3.040608;-0.047992;0.313377;0.070293;0.063460
3.210458;-1.641677;3.095100;0.057766;0.334727;0.386805;0.221074
3.072549;-1.766846;3.146677;-0.014224;0.486057;0.543102;0.275590
3.113378;-1.884621;3.013894;0.476033;0.143427;-0.284753;-0.073670
2.822589;-2.039850;3.154754;0.511241;0.603626;-0.056203;0.112370
2.754186;-2.134361;3.216287;-0.010322;1.004483;0.623702;0.393952
3.325234;-1.562317;2.942276;0.086470;0.449335;0.337874;0.315115
3.655006;-1.409010;2.738474;0.038611;-0.044976;-0.342185;-0.073850
3.288591;-1.518201;2.922038;0.562029;0.299804;-0.248313;0.063665
3.749131;-1.442534;2.738971;0.544453;-0.226613;-1.300909;-0.497750
4.318896;-1.092861;2.541223;0.042510;-0.401869;-1.682791;-0.688621
4.572344;-0.721241;2.427963;0.050420;-0.384400;-2.270804;-0.937627
4.520688;-0.730602;2.521535;0.197782;-0.307881;-1.854180;-0.610282
4.762023;0.901716;2.577005;1.212121;-0.182362;-1.017035;-0.288873
4.969283;1.217277;2.437163;1.096688;-0.095995;-1.650841;-0.738769
5.207810;0.609047;2.419521;0.530254;-0.717591;-1.828300;-0.681770
5.127279;0.594837;2.434155;0.554630;-0.597941;-1.794933;-0.653731
5.320727;0.499520;2.239719;0.352485;-0.679206;-2.869610;-1.186940
5.540981;0.848851;2.057244;0.960447;-1.024534;-3.584845;-1.515277
4.813795;0.051391;2.324045;0.929822;-0.943472;-2.030828;-0.743568
3.610075;-1.335932;2.872151;0.060100;0.268271;-0.454506;-0.109044
3.966140;-0.965178;2.838931;0.308929;-0.063843;-0.258902;0.084034
4.203649;-0.757436;2.655710;0.227518;-0.154406;-1.027945;-0.381795
3.369044;-1.189723;2.843607;0.656349;0.475000;-0.313273;-0.018378
3.452936;-1.450201;2.799217;0.647587;0.121407;-0.632948;-0.052022
3.750895;-1.305624;2.694531;0.143246;-0.042206;-0.724691;-0.173668
3.935178;-0.600446;2.772117;0.319606;0.272776;-0.111838;0.140609
4.263273;-0.247885;2.431182;0.315543;0.271255;-0.853798;-0.242516
4.206078;-0.177301;2.476829;0.854532;0.189726;-0.903595;-0.197668
3.561527;-1.057294;2.794380;0.663835;0.420758;-0.318961;-0.003961
3.345627;-1.361372;2.970165;0.228357;0.500161;0.442578;0.366218
3.631093;-1.638894;2.819459;0.059423;-0.073570;-0.556326;-0.124086
3.691033;-1.613471;2.785348;0.034233;-0.140797;-0.698845;-0.198717
3.662614;-0.870158;2.841268;0.834364;0.233972;-0.072016;0.161773
3.805140;-0.820748;2.793727;0.834553;0.098438;-0.316267;0.031075
3.522237;-1.806102;2.890910;0.006803;0.103126;-0.587470;-0.145673
7.048468;5.631382;4.101639;1.686363;-0.214099;0.803672;0.734003
18.814345;34.446047;3.575942;5.143833;3.175425;-19.925542;-7.585973
23.694412;40.676858;0.019557;-19.620582;3.244710;-11.522413;-8.124826
9.932360;35.506274;-0.982042;12.823196;-7.158260;20.486236;6.022362
9.188570;36.408783;-0.736819;13.828358;-6.419329;21.354431;6.741369
5.983528;29.759501;0.882142;11.001835;-7.315433;23.251854;10.909997
-2.831218;0.903161;1.432433;-0.923823;-5.910125;-0.750673;-0.225011
-3.077781;0.854798;1.497044;-0.830962;-5.713560;-0.388300;-0.097574
-3.379436;0.979137;1.503126;-0.276637;-5.536750;-0.429784;-0.147124
-3.546266;0.852946;1.562682;-0.259069;-5.361963;-0.431650;-0.188199
-3.317668;0.793135;1.571794;-0.794041;-5.295599;-0.276686;-0.059333
-3.020470;0.745119;1.406769;-0.872592;-5.775296;-0.879325;-0.361419
-2.683229;1.000110;1.323280;-0.813163;-6.247561;-1.101558;-0.498781
-2.985628;1.014742;1.444868;-0.250221;-6.103051;-1.044400;-0.439055
-3.101108;1.145689;1.357891;-0.279634;-5.716810;-0.811200;-0.398216
-2.706007;2.436493;1.348902;-0.440654;-5.398737;0.403737;0.045580
-1.587943;3.353950;0.860869;-0.235170;-6.059849;-1.635365;-1.145968
-0.378378;4.952855;0.456145;0.177437;-6.384331;-2.893273;-1.735171
0.391156;6.724398;0.110689;1.175996;-6.435741;-4.161012;-2.299148
-0.590733;5.278868;0.491871;1.004801;-6.356151;-2.715961;-1.401860
-1.275335;3.728349;0.780692;0.058003;-6.107827;-1.939636;-1.019392
-0.876692;4.072935;0.634260;0.099689;-6.268579;-2.719301;-1.398590
-1.262900;3.117423;0.812479;-0.209789;-6.405920;-2.848704;-1.345578
-2.038882;3.328203;1.118521;0.368477;-5.774974;-1.414155;-0.839502
-2.632067;2.751704;1.292764;0.170397;-5.373397;0.024194;-0.264398
-2.823099;0.968428;1.405803;-0.865774;-5.807114;-0.747447;-0.317122
-2.843702;0.877985;1.419164;-0.898336;-5.643678;-0.811597;-0.258207
-3.044835;0.672117;1.507307;-0.868451;-5.726720;-0.770334;-0.201324
-3.309582;0.752304;1.566593;-0.314820;-5.512089;-0.676878;-0.063996
-3.362933;0.746754;1.583533;-0.299123;-5.283847;-0.477114;0.001568
-3.108982;0.778599;1.521604;-0.807924;-5.617449;-0.521479;-0.103554
-3.203648;0.779427;1.587955;-0.795436;-5.499998;-0.307567;-0.083289
-2.710357;0.900295;1.412031;-0.794141;-6.124485;-1.027692;-0.443801
-2.982065;0.849955;1.428511;-0.293945;-6.027490;-1.132414;-0.381103
-3.383748;0.890495;1.444754;-0.325311;-5.350148;-0.799651;-0.248354
-3.265804;0.927880;1.474675;-0.877357;-5.260301;-0.556582;-0.275922
-2.900734;0.990419;1.360946;-0.847855;-5.695948;-0.900476;-0.411749
-2.810740;0.925205;1.336402;-0.819689;-5.737070;-1.030386;-0.414664
-3.460480;0.915920;1.565416;-0.257611;-5.262200;-0.462816;-0.143385
-3.462518;0.852924;1.620821;-0.271156;-5.030982;-0.442534;-0.043196
-3.033955;0.764479;1.478636;-0.863772;-5.393896;-0.674145;-0.149455
-2.873237;0.824137;1.411238;-0.824166;-5.776068;-0.887665;-0.288413
-2.805889;0.893310;1.332322;-0.814057;-5.989365;-1.133049;-0.497158
-3.157361;0.842398;1.416565;-0.297372;-5.790526;-1.099730;-0.382035
-3.491999;0.805693;1.538349;-0.256210;-5.350766;-0.598642;-0.104162
-3.317593;0.747356;1.600104;-0.804051;-5.423274;-0.346667;-0.092501
-3.176131;0.756541;1.440282;-0.806130;-5.501464;-0.757362;-0.224560
-3.095678;0.787624;1.432028;-0.837395;-5.521399;-0.765296;-0.233333
-3.126814;0.922481;1.471604;-0.284128;-5.734699;-0.967741;-0.425941
-3.082082;1.101978;1.399157;-0.289327;-5.791631;-0.942518;-0.504037
-3.079131;0.923754;1.453026;-0.848634;-5.684946;-0.894074;-0.519939
-3.236317;0.917808;1.589851;-0.804077;-5.431666;-0.462042;-0.262370
-3.364304;0.924822;1.579075;-0.848102;-5.183802;-0.164156;-0.136046
-3.687631;0.877998;1.685600;-0.263614;-5.229380;0.009590;-0.012596
-3.380306;0.925453;1.562741;-0.280047;-5.573530;-0.277442;-0.031159
-3.221907;0.824017;1.604786;-0.881606;-4.956655;-0.310406;-0.073160
-3.064790;0.913678;1.409717;-0.849132;-5.632042;-0.872807;-0.441660
-3.203284;0.873219;1.571840;-0.844292;-5.049460;-0.560010;-0.244060
-3.216560;0.976677;1.421918;-0.290421;-5.549124;-1.052156;-0.477540
-3.276151;0.935418;1.428797;-0.279953;-5.599393;-0.885775;-0.404756
-3.146402;0.830885;1.524456;-0.822498;-5.564216;-0.747799;-0.341358
-2.936015;0.939326;1.374814;-0.843964;-5.797824;-1.049529;-0.456588
-2.913101;0.964060;1.372070;-0.826940;-5.774019;-0.973857;-0.379989
-3.444826;0.917300;1.564173;-0.260696;-5.385350;-0.481602;-0.201276
-2.995182;1.892502;1.519265;-0.102634;-5.317409;-0.145005;0.041952
-2.383649;2.563917;1.131952;-0.486608;-5.293243;-1.245364;-0.739902
-2.188412;2.929899;1.010982;-0.320368;-5.693977;-1.374265;-0.943994
-2.250030;3.264919;1.261983;-0.171865;-5.569192;0.268038;-0.207827
-2.414122;3.026492;1.318861;0.308066;-5.751116;0.607908;0.201221
-0.005536;10.974111;2.525330;1.541743;-12.328236;14.991331;10.291614
0.061896;11.239675;2.752127;1.020853;-12.047696;16.524941;11.115887
-2.966468;0.967329;1.445331;-0.790840;-5.789668;-0.746121;-0.270869
-2.737503;1.006425;1.327678;-0.798771;-6.038160;-1.324173;-0.545920
-3.097006;1.003246;1.424356;-0.267823;-5.833695;-1.073299;-0.426523
-3.323226;0.975108;1.480386;-0.276955;-5.495408;-0.787410;-0.266631
-2.963331;0.931188;1.363632;-0.825072;-5.645323;-1.033077;-0.366905
-2.964298;0.845618;1.361304;-0.787630;-5.827128;-0.997342;-0.303069
-2.830593;0.940068;1.292032;-0.814113;-6.023082;-1.157743;-0.440599
-2.896425;1.030041;1.287280;-0.266600;-6.107264;-1.461227;-0.613251
-3.288766;0.985067;1.451566;-0.284642;-5.595918;-0.704366;-0.275845
-3.041721;0.958102;1.429351;-0.824523;-5.616210;-0.550407;-0.232148
-2.927308;0.916589;1.428300;-0.786703;-5.762081;-0.694070;-0.250008
-3.332377;0.846294;1.549862;-0.830248;-5.194471;-0.328010;-0.139898
-3.540737;0.769075;1.575223;-0.255541;-5.382173;-0.670462;-0.208763
-3.116570;0.877857;1.382234;-0.242935;-5.869741;-1.367592;-0.525634
-2.755491;1.036150;1.292777;-0.769664;-5.939940;-1.462112;-0.667310
-2.825165;1.022550;1.268523;-0.796132;-5.779938;-1.376774;-0.617272
-2.794307;0.902505;1.271406;-0.863359;-5.744843;-1.410227;-0.527004
-3.197346;0.860349;1.536367;-0.249269;-5.640403;-0.796093;-0.184416
-3.232613;0.856883;1.488632;-0.243275;-5.762839;-0.772717;-0.282788
-3.136226;0.816730;1.555766;-0.818919;-5.621786;-0.496783;-0.195269
-3.137986;0.941501;1.497332;-0.840896;-5.044977;-0.570173;-0.162928
-3.334069;0.944532;1.610750;-0.785715;-4.844210;-0.086218;0.070407
-3.445386;1.053533;1.559687;-0.233891;-5.380682;-0.320320;-0.069827
-3.371532;0.962687;1.519021;-0.316600;-5.478355;-0.515993;-0.157809
-3.140380;0.928015;1.476535;-0.860671;-5.430291;-0.353550;-0.111691
-2.688398;1.181578;1.249604;-0.846952;-5.980690;-1.007639;-0.418334
-2.699339;1.098956;1.290430;-0.842065;-6.082316;-1.131651;-0.510349
-2.894075;1.199771;1.330995;-0.225541;-5.853905;-1.136224;-0.485532
-3.210579;1.080082;1.444939;-0.239474;-5.419363;-0.829881;-0.312097
-2.942496;0.988662;1.363980;-0.826744;-5.722052;-0.907538;-0.481909
-2.899708;1.017570;1.316964;-0.814026;-5.862429;-0.779607;-0.397799
-2.984808;0.905045;1.429150;-0.876734;-5.726993;-0.677547;-0.263349
-3.227997;0.898691;1.410493;-0.304813;-5.524144;-0.917214;-0.297266
-3.319148;0.810740;1.465863;-0.256677;-5.498610;-0.883449;-0.253911
-2.863747;0.923283;1.428461;-0.778542;-5.863063;-1.026315;-0.448253
-2.808588;0.995897;1.331718;-0.802129;-5.773452;-1.318090;-0.592485
-3.094852;0.834206;1.395821;-0.842014;-5.366158;-0.868733;-0.254585
-3.216374;0.922481;1.461847;-0.240051;-5.421156;-0.802711;-0.189519
-3.104343;1.046201;1.419930;-0.243248;-5.840066;-0.912545;-0.305217
-2.938563;0.951459;1.321001;-0.803604;-5.873179;-0.941483;-0.372931
-3.068503;1.015452;1.392477;-0.805421;-5.721507;-0.599540;-0.286464
-2.918017;1.097735;1.391011;-0.859253;-5.728472;-0.676169;-0.361943
-3.142535;0.944520;1.429856;-0.286532;-5.727608;-0.920719;-0.360369
9.663959;21.038697;-1.904873;-21.676426;-3.211408;15.061037;1.647563
-4.153540;1.008381;2.734739;0.446785;2.116839;0.520124;-0.284816
-3.639251;1.101686;2.538721;-0.104877;1.328275;0.449553;-0.436101
-3.846305;1.026165;2.444327;-0.246237;1.861840;0.082581;-0.706795
-3.870195;1.030271;2.386361;-0.269579;1.769617;0.091093;-0.663081
-4.342163;0.964543;2.551888;0.327046;1.833089;0.404089;-0.514694
-4.466963;0.976506;2.617087;0.312300;2.270994;0.629661;-0.418181
-3.875233;0.993320;2.290584;-0.260272;1.589072;-0.095211;-0.779052
-3.373466;1.136303;2.164249;-0.267663;1.243453;-0.591383;-1.007402
-3.404013;1.215071;2.190514;-0.226500;1.476987;-0.296428;-0.880850
-3.752240;1.124334;2.234130;0.393524;1.319378;-0.384070;-0.879705
-3.807555;1.083637;2.246109;0.367435;1.378013;-0.494833;-0.900745
-4.010998;1.101387;2.437196;-0.254794;2.426630;0.458572;-0.513781
-3.855228;1.098099;2.244864;-0.270459;2.237753;-0.123397;-0.783642
-3.975264;1.009004;2.314712;-0.228513;1.889668;0.117570;-0.710380
-4.361406;0.837694;2.524274;0.343467;2.046911;0.476236;-0.499705
-4.284885;0.920459;2.435290;0.352066;2.280962;0.271636;-0.539393
-3.968816;1.069125;2.408550;-0.179880;1.939656;0.438724;-0.550421
-3.903234;1.174862;2.267427;-0.266634;1.851742;0.203214;-0.747964
-4.123372;1.239718;2.342788;-0.240164;2.148682;0.802805;-0.502063
-4.198171;1.149775;2.353034;0.302649;2.227084;0.351526;-0.548889
-4.134691;1.171880;2.286286;0.260381;2.120913;0.262124;-0.645791
-3.765455;1.110395;2.195122;-0.286315;1.712170;-0.078654;-0.861191
-3.778937;1.014207;2.271141;-0.224418;1.816703;-0.031941;-0.745305
-4.044660;1.017592;2.395756;-0.182186;1.993310;0.491794;-0.567560
-4.486099;1.020264;2.504908;0.375238;2.337003;0.632303;-0.415300
-4.653591;0.914784;2.564752;0.380576;2.548346;0.765716;-0.321662
-4.105869;0.984043;2.324141;-0.160302;2.066334;0.429145;-0.542317
-3.936584;1.040614;2.300750;-0.181785;2.014537;0.137058;-0.668095
-3.888852;1.176290;2.226194;-0.179914;1.949993;0.060286;-0.715906
-4.058785;1.097078;2.155505;0.375077;1.737956;-0.338577;-0.894619
-4.122904;1.177551;2.162389;0.348750;2.172717;-0.157681;-0.822968
-3.891881;1.083698;2.224758;-0.229837;1.940786;0.111202;-0.699594
-3.989194;0.958032;2.269099;-0.236440;2.278500;0.227897;-0.615920
-4.089972;1.191256;2.342883;-0.201482;1.985060;0.568026;-0.613719
-4.221582;1.176066;2.286881;0.348577;1.863657;0.246446;-0.670278
-4.158310;1.032511;2.213285;0.362942;1.574892;0.083240;-0.718759
-4.170954;0.956250;2.337031;-0.177582;2.070378;0.615685;-0.566025
-4.310939;0.755053;2.373799;-0.180665;2.403981;0.778041;-0.275383
-4.517127;0.836120;2.424376;-0.191245;2.684874;0.925808;-0.305189
-4.448130;1.054393;2.367818;0.424659;2.480641;0.641458;-0.407723
-3.851150;1.196534;2.027376;0.385564;1.640803;-0.308736;-0.821144
-3.444997;1.196805;1.917874;-0.214582;1.264787;-0.705486;-1.104444
-3.453577;1.185633;1.965285;-0.176023;1.010146;-0.522428;-1.023770
-3.744666;1.131974;2.057507;-0.151771;1.356547;-0.241831;-0.871772
-4.267856;1.102647;2.141034;0.357757;2.063444;0.085564;-0.715735
-4.242457;1.163398;2.165503;0.347504;2.339220;0.246890;-0.636069
-3.983114;1.262827;2.167851;-0.152732;1.979289;0.517125;-0.583147
-3.950125;1.300231;2.132542;-0.218875;2.035238;0.323867;-0.792589
-3.855355;1.157975;1.985728;-0.258520;1.852432;-0.273269;-0.906922
-4.218153;0.950388;2.062966;0.347849;2.027994;-0.246833;-0.792310
-4.518008;0.816069;2.195692;0.357755;2.363965;0.110371;-0.658005
-4.127160;0.833432;2.162349;-0.168230;1.969161;-0.072534;-0.819275
-3.987000;0.900228;2.131273;-0.175352;1.807394;-0.125802;-0.852572
-4.187360;0.934629;2.196964;-0.190883;2.033687;0.445904;-0.556986
-4.456744;0.979599;2.223123;0.398696;2.138908;0.513775;-0.517752
-4.472851;1.045283;2.208632;0.315141;2.439383;0.480788;-0.613324
-4.222360;1.031055;2.158964;-0.300327;2.608049;0.323485;-0.657794
-3.919130;0.965160;2.157003;-0.240162;2.188580;-0.020040;-0.739994
-3.547554;1.150844;1.877366;-0.197626;1.547912;-0.450212;-1.054513
-3.943165;1.168980;2.053084;0.393446;1.549540;0.029650;-0.720204
-4.353733;1.063960;2.164624;0.407398;1.975596;0.329384;-0.567371
-4.213056;1.083196;2.100364;-0.158428;1.992848;0.393263;-0.721953
-4.154458;0.937349;2.195080;-0.201031;2.320927;0.352425;-0.614580
-4.158510;0.923023;2.224049;-0.149989;2.103045;0.380622;-0.557890
-4.462845;1.248058;2.197513;0.479875;2.255071;0.746714;-0.361372
-4.410081;1.208278;2.147073;0.439117;2.276466;0.635385;-0.455972
-4.250596;0.999045;2.261213;-0.219631;2.415062;0.797597;-0.399065
-4.093331;1.117816;2.074979;-0.207268;2.210524;0.437712;-0.651710
-3.978537;1.067688;2.030944;-0.215774;2.136110;-0.076504;-0.896126
-4.259666;1.044186;2.058428;0.374159;2.110564;-0.159709;-0.850573
-4.354849;1.010592;2.158981;0.368120;2.262909;0.246131;-0.606210
-4.080946;0.911043;2.223171;-0.106370;2.047485;0.218844;-0.572660
-3.933861;1.070837;2.095524;-0.141848;2.066602;-0.008427;-0.761737
-4.098372;1.116968;2.109926;-0.197862;2.202398;0.393042;-0.701188
-4.427940;1.064776;2.220418;0.382212;2.431413;0.554861;-0.487420
-4.293509;1.049174;2.239429;0.369618;2.220893;0.364688;-0.565878
-4.216938;0.986870;2.213041;-0.191057;2.517192;0.456294;-0.590449
-4.149539;1.015138;2.162486;-0.172479;2.374225;0.487058;-0.582935
-4.188727;1.042747;2.197756;-0.169895;2.240220;0.814177;-0.452553
-4.459700;1.023893;2.142927;0.397244;2.337907;0.467029;-0.520531
-4.484997;1.016060;2.233491;0.448672;2.550088;0.569611;-0.377905
-4.395250;0.940776;2.274859;-0.154141;2.363281;0.840391;-0.400437
-4.123069;1.000177;2.097863;-0.168773;1.935934;0.334887;-0.639252
-4.103172;0.981724;2.114685;-0.222640;2.360255;0.462988;-0.583592
-4.545562;0.907951;2.180423;0.346325;2.483206;0.687086;-0.412563
-4.670267;1.024132;2.245648;0.389168;2.667566;0.842304;-0.399680
-4.602403;1.014177;2.342242;-0.138842;2.650401;1.176331;-0.387651
-4.510755;0.919447;2.333637;-0.185666;2.837841;0.780457;-0.444287
-4.451077;0.950653;2.348689;-0.189686;2.795384;0.732037;-0.438921
-4.595310;0.938595;2.248529;0.400314;2.544041;0.515092;-0.498120
-4.381858;1.013574;2.161559;0.325870;2.033336;0.224483;-0.678591
-4.405338;1.070827;2.247879;-0.196532;2.337202;0.809975;-0.447405
-4.317977;1.024816;2.123212;-0.152595;2.341886;0.584074;-0.519189
-4.111088;1.096503;2.047501;-0.192290;1.972995;0.301533;-0.710644
-4.387288;1.127841;2.138376;0.396405;1.863836;0.365191;-0.681483
-4.467382;1.081152;2.118684;0.366479;2.352206;0.469116;-0.585922
-4.072563;1.166633;2.055189;-0.188847;1.805014;0.474496;-0.637824
-3.863482;1.212566;1.937950;-0.178285;1.891434;0.017964;-0.781422
-4.036762;1.055128;2.053773;-0.185984;2.105424;0.243995;-0.680549
-4.277497;1.112438;2.037191;0.392525;2.027518;0.123108;-0.780591
-4.350983;1.129075;2.132474;0.443960;1.905662;0.116432;-0.800861
-4.433878;1.052839;2.259221;-0.105139;2.297511;0.698048;-0.505553
-4.286519;1.169004;2.135284;-0.114495;2.228213;0.528043;-0.628767
-4.013516;1.140424;2.045769;-0.127987;1.746656;0.112396;-0.879143
-4.125657;1.063287;2.022333;0.386497;1.556966;-0.172788;-0.933978
-4.357798;0.979474;2.105441;0.381356;1.985068;0.040945;-0.764983
-4.136052;1.104429;2.134788;-0.091385;2.144578;0.199720;-0.711632
-4.115309;1.138188;2.163365;-0.116015;2.099118;0.236886;-0.673046
-4.211836;0.952401;2.148234;-0.155447;1.982041;0.275208;-0.676286
-4.271533;1.098304;2.118204;0.461357;1.811348;0.088293;-0.700803
7.296287;29.336062;0.882874;6.907710;-0.271363;12.991931;4.674322
21.078116;48.025222;-1.682027;-14.963417;1.563007;6.706948;1.630818
-3.048255;-0.066945;-4.659434;1.061345;3.288567;1.275316;-0.582365
-2.900649;-0.053142;-4.539093;0.504138;3.216461;1.504442;-0.515806
-2.894029;-0.106718;-4.567021;0.538262;3.018322;1.291393;-0.541871
-2.765803;-0.074448;-4.691764;0.476183;3.329885;1.042248;-0.676984
-2.911461;-0.017189;-4.798710;1.036629;3.039202;0.759145;-0.975847
-2.974402;0.017486;-4.854655;0.998480;3.037178;0.794549;-1.058513
-2.804580;0.081934;-4.672926;0.477078;2.879140;1.235246;-0.826022
-2.825376;-0.104285;-4.679125;0.467400;2.931343;0.938783;-0.871068
-2.791179;-0.097116;-4.688771;0.465822;3.136294;0.944013;-0.775505
-2.828364;0.045703;-4.796827;0.950901;2.845064;0.851221;-0.879230
-3.236239;-0.125020;-4.618986;0.927228;3.466009;1.543837;-0.564907
-2.764312;-0.231897;-4.784620;0.402765;2.710458;0.930409;-0.859936
-2.607875;0.125230;-4.758877;-0.724972;3.097662;1.195808;-0.705561
-2.684061;0.130151;-4.706082;-0.653615;3.173424;1.433203;-0.556761
-3.303671;-0.327615;-4.491924;1.112905;3.363361;1.211991;-0.509138
-3.422572;-0.367693;-4.515370;1.006764;3.532322;1.176202;-0.585085
-2.722346;-0.234001;-4.819400;0.468555;2.688925;0.616188;-0.958773
-2.681292;-0.173585;-4.751211;0.501135;2.701212;0.767013;-0.854252
-2.635953;-0.183720;-4.776653;0.523127;2.516315;0.569897;-0.995921
-2.784217;-0.067501;-4.862841;0.978890;2.742687;0.351385;-1.177747
-2.897596;-0.163349;-4.804081;0.988336;2.905593;0.377210;-1.016618
-2.942407;-0.278383;-4.639848;0.454388;2.942382;0.942593;-0.762426
-2.956044;-0.260278;-4.690399;0.425076;2.957541;0.912859;-0.824557
-2.960467;-0.305582;-4.671676;0.546377;2.930845;0.757520;-0.804409
-3.195423;-0.273022;-4.648867;1.139188;2.883929;0.812033;-0.741310
-3.009966;-0.336926;-4.677121;1.093954;2.832538;0.512795;-0.859182
-2.653777;-0.239900;-4.731353;0.508389;2.785962;0.568784;-0.802656
-2.982524;-0.316359;-4.538008;0.585395;2.768836;1.055263;-0.608997
-3.034952;-0.165614;-4.620116;0.550747;2.747794;1.192487;-0.809300
-3.251501;-0.112262;-4.652730;1.124315;2.897056;1.191229;-0.781302
-3.246927;-0.170082;-4.610892;1.126324;3.141012;1.107063;-0.686004
-2.656527;-0.092314;-4.781163;0.414165;2.554541;0.853374;-0.928522
-2.491732;-0.050943;-4.906945;0.402218;2.386492;0.411148;-1.119169
-2.665462;-0.004620;-4.853320;0.361712;2.898723;0.744265;-1.032571
-2.909535;-0.076545;-4.762883;0.979359;2.790564;0.790846;-0.900868
-2.976362;-0.168492;-4.613900;1.080698;2.931784;0.880908;-0.671694
-2.867969;-0.148644;-4.659307;0.476705;3.199619;0.972241;-0.738936
-2.970933;-0.143828;-4.593246;0.559527;3.183945;1.072299;-0.767320
-2.762253;-0.210328;-4.673171;0.532491;2.540296;0.764263;-0.811793
-3.131118;-0.204275;-4.662644;1.114627;2.821451;0.774311;-0.718913
-3.602223;-0.350913;-4.431413;1.148709;3.576140;1.354873;-0.444769
-2.980747;-0.192186;-4.580954;0.445085;3.072712;1.130989;-0.697434
-2.773664;-0.147209;-4.758664;0.493168;2.610222;0.627142;-0.924825
-2.509575;-0.244319;-4.751711;0.452032;2.213500;0.312736;-0.986507
-2.841628;-0.265840;-4.633414;1.099389;2.393534;0.545504;-0.748478
-3.190314;-0.324332;-4.462892;1.108621;2.879015;0.995736;-0.552409
-2.488224;0.149227;-4.812313;-0.781778;2.991568;1.181025;-0.689697
-2.571485;0.214467;-4.804704;-0.767366;2.931773;1.223528;-0.648065
-2.814428;-0.221957;-4.707938;0.434673;2.532284;0.971975;-0.778421
-2.969381;-0.029721;-4.808935;0.944984;3.127322;1.072625;-0.885875
-2.963145;0.056168;-4.721784;1.006678;2.921614;1.115293;-0.798126
-3.101916;-0.251591;-4.469333;0.433939;3.130925;1.374971;-0.519126
-3.230949;-0.346671;-4.398706;0.521820;3.413314;1.432917;-0.366400
-3.116051;-0.307132;-4.429904;0.556026;3.340419;1.319405;-0.433760
-2.817906;0.010335;-4.845973;1.055673;2.552475;0.489591;-0.983542
-2.889457;-0.011496;-4.861063;0.950138;2.857737;0.426492;-1.042057
-2.994420;-0.140421;-4.605114;0.428081;3.367593;0.963696;-0.754242
-2.959525;-0.161651;-4.563475;0.433307;3.117033;1.022195;-0.713159
-2.873508;-0.279133;-4.662657;0.433641;2.987152;0.821864;-0.733711
-3.091336;-0.306548;-4.636475;1.044752;3.151740;0.671615;-0.674090
-3.208749;-0.268717;-4.570807;1.021646;3.219443;0.897640;-0.631109
-2.941372;-0.183578;-4.651557;0.499025;3.060891;0.853583;-0.738288
-2.831275;-0.237634;-4.615307;0.507506;3.086045;0.795196;-0.643221
-2.868255;-0.256270;-4.550103;0.463966;3.247963;0.847154;-0.597668
-3.056083;-0.178967;-4.658185;1.068498;3.224532;0.637404;-0.708152
-3.300070;-0.121113;-4.572390;1.029573;3.457871;1.302666;-0.565524
-2.867985;-0.146899;-4.591124;0.533149;2.644228;1.124654;-0.599800
-2.463512;-0.191635;-4.770288;0.495309;2.211055;0.294115;-0.899636
-2.656886;-0.199564;-4.691861;0.511030;2.384169;0.394614;-0.894808
-3.132150;-0.214578;-4.531712;1.091819;3.002763;0.820523;-0.628915
-2.928427;-0.193128;-4.705720;1.110479;2.408998;0.437808;-0.843945
-2.803688;-0.159036;-4.627995;0.505351;2.593835;0.853069;-0.742974
-2.943322;-0.144600;-4.568971;0.533983;2.869497;1.003949;-0.701800
-2.946386;-0.186602;-4.469803;0.538945;2.974185;1.107336;-0.604933
-3.139918;-0.237214;-4.535018;1.110947;2.776779;0.834166;-0.631072
-3.247426;-0.089764;-4.556451;1.080647;3.141014;1.127514;-0.571437
-2.995834;-0.012810;-4.573227;0.525970;3.342951;1.305471;-0.527910
-2.650534;-0.054748;-4.709196;0.472382;2.548888;0.742877;-0.850070
-3.045778;-0.086400;-4.570581;0.369478;3.158078;1.371300;-0.724565
-3.332250;-0.072496;-4.494560;1.061395;3.254671;1.438495;-0.503627
-2.885837;-0.269816;-4.599323;0.498810;2.900617;0.888282;-0.627844
-2.499016;0.053147;-4.811606;-0.700501;2.808825;0.740804;-0.675363
-2.842361;-0.096138;-4.640232;0.536731;3.129740;0.879288;-0.699230
-2.273971;-0.040674;-4.962897;0.466509;2.172156;-0.104141;-1.209424
-2.540816;-0.140849;-4.908936;1.016376;2.191970;-0.035820;-1.070156
-3.163405;-0.219363;-4.580733;1.081242;3.149863;0.824140;-0.637862
-2.703833;-0.070226;-4.716741;0.415951;2.618396;0.768054;-0.883929
-2.492031;0.002429;-4.918808;0.366364;2.412690;0.463657;-1.125860
-2.612990;-0.081541;-4.840030;0.392018;2.472891;0.661225;-0.976529
-2.762300;-0.011053;-4.844395;1.046877;2.374861;0.420580;-0.986347
-2.919712;-0.251511;-4.735381;1.130024;2.462132;0.278533;-0.859471
-2.612576;-0.164461;-4.750221;0.472943;2.599255;0.460577;-0.859291
-2.318367;-0.045784;-4.856365;0.422655;2.096870;0.078885;-1.164344
-2.553371;-0.273075;-4.765695;0.478714;2.169381;0.032003;-1.038878
-3.026356;-0.249330;-4.711609;1.129936;2.403905;0.475730;-0.778793
-3.176500;0.257878;-4.529071;1.157280;3.347468;1.860261;-0.158212
-2.871986;0.301171;-4.547884;0.622359;3.280700;1.815899;-0.167019
-3.034310;-0.185260;-4.402996;0.600746;2.888599;1.523684;-0.274044
-3.230188;-0.340924;-4.443398;0.574008;3.177150;1.231051;-0.533606
-2.968465;-0.243333;-4.622339;1.112121;2.519412;0.543988;-0.795581
-3.092763;-0.257157;-4.619920;1.075295;2.842059;0.632659;-0.698994
-3.166920;-0.440328;-4.409480;0.574355;2.905514;1.256443;-0.361769
-3.077372;-0.403206;-4.439576;0.571711;2.820575;0.999317;-0.476475
-3.133750;-0.375194;-4.491965;0.581072;2.759946;0.847919;-0.600761
-3.388845;-0.336493;-4.536252;1.178413;2.820398;0.877043;-0.627919
-3.263544;-0.288875;-4.575621;1.074202;2.825935;0.708401;-0.749748
-2.898440;-0.254403;-4.679589;0.513752;2.550543;0.526447;-0.801039
-2.926144;-0.215386;-4.579264;0.491536;3.130722;0.817051;-0.676055
-2.968615;-0.074376;-4.623442;0.579009;2.832522;1.031626;-0.693849
8.957723;8.268164;-7.936145;-43.407155;3.669416;7.782594;0.696124
-2.339371;0.294900;-1.974110;-0.088646;-2.052417;0.062417;-0.544355
-2.606718;0.293451;-1.963990;0.488337;-1.829183;0.013813;-0.465690
-3.048817;0.038267;-1.786918;0.423209;-1.164804;0.291402;-0.251404
-2.809814;-0.040822;-1.763774;-0.096570;-1.630132;0.180435;-0.428581
-2.366629;0.121876;-1.939875;-0.045515;-2.231838;-0.258745;-0.650733
-2.202862;0.108661;-2.002954;-0.053369;-2.135902;-0.331727;-0.539723
-2.658452;0.411971;-1.892720;0.548138;-1.337810;0.239943;-0.121063
-2.746189;0.425682;-1.840783;0.556811;-1.328541;0.360052;-0.109456
-2.347144;0.019885;-2.009850;-0.101683;-2.075002;-0.453200;-0.602595
-2.207656;0.078651;-1.962142;-0.083453;-2.115661;-0.305496;-0.501437
-2.509436;0.018459;-1.823613;-0.009989;-1.996648;0.027304;-0.321687
-2.425926;0.095776;-1.999246;0.485635;-2.337348;-0.641999;-0.621997
-2.477261;0.092191;-1.940221;0.384638;-2.092927;-0.393781;-0.465743
-2.420540;0.104464;-1.945694;-0.184035;-1.894546;-0.117894;-0.413172
-2.580576;0.012151;-1.989966;-0.156358;-1.624778;-0.197005;-0.444039
-2.483811;-0.048703;-2.041725;-0.148422;-1.808491;-0.438559;-0.510768
-2.450549;-0.012997;-2.079885;0.450196;-2.185405;-0.660064;-0.559683
-2.308652;0.015179;-2.105628;0.525696;-2.477961;-0.833626;-0.628206
-2.074858;0.065838;-2.148588;-0.035178;-2.541708;-1.008436;-0.784027
-2.278076;-0.021650;-2.043614;-0.062479;-2.261520;-0.807373;-0.689726
-2.473430;0.017234;-1.963032;-0.117828;-1.921405;-0.203681;-0.454530
-2.951601;0.065682;-1.877948;0.481010;-1.642528;0.131634;-0.318529
-2.787545;0.053647;-1.991346;0.483119;-1.937714;-0.286896;-0.509404
-2.311826;0.090138;-2.008725;-0.119253;-1.985160;-0.219861;-0.455142
-2.469578;-0.070454;-1.912667;-0.136654;-1.944143;-0.070403;-0.403346
-2.811887;-0.065485;-1.857129;-0.073553;-1.704662;0.106108;-0.361867
-3.038982;-0.098456;-1.784060;0.481537;-1.631132;-0.026368;-0.364232
-2.718072;-0.020962;-1.927165;0.466545;-1.912163;-0.492828;-0.590071
-2.509932;0.047580;-1.902643;-0.024790;-1.788373;-0.126996;-0.357898
-2.460447;0.125788;-1.895497;0.058863;-1.899296;-0.157874;-0.342589
-2.602293;0.020987;-1.868999;0.009325;-1.875613;-0.017231;-0.311959
-3.056039;-0.044780;-1.807272;0.460593;-1.332146;0.098588;-0.191387
-2.944065;-0.121998;-1.793755;0.413276;-1.620118;0.052281;-0.198256
-2.686907;-0.232091;-1.845875;-0.150329;-1.632035;-0.118739;-0.276871
-2.751788;-0.132184;-1.842607;-0.146123;-1.672780;-0.062416;-0.263572
-2.612757;-0.080098;-1.913725;-0.123310;-1.921871;-0.178211;-0.356616
-2.818236;0.068210;-1.877517;0.494404;-1.792313;-0.005074;-0.238070
-2.842791;-0.030156;-1.813872;0.424267;-1.670235;-0.053663;-0.232715
-2.577311;-0.049327;-1.811436;-0.145319;-1.615889;-0.064647;-0.332849
-2.573839;-0.030753;-1.909668;-0.135319;-1.812110;-0.249853;-0.484770
-2.748758;-0.142071;-1.847961;-0.113435;-1.540365;-0.183924;-0.431687
-2.963894;-0.219755;-1.852477;0.415220;-1.689450;-0.333503;-0.409186
-2.778338;-0.078878;-1.874118;0.512377;-1.813760;-0.380247;-0.364146
-2.696019;-0.161070;-1.801876;-0.050645;-1.673264;0.013172;-0.190859
-2.730080;-0.135058;-1.945838;-0.196436;-1.542018;-0.180838;-0.383165
-2.659805;0.235609;-1.877925;0.024685;-1.911530;0.230786;-0.329475
-2.716334;0.281615;-1.948331;0.614165;-2.026967;-0.174212;-0.471817
-2.918252;0.182765;-1.862186;0.591385;-1.694584;0.144987;-0.310916
-2.616348;0.207795;-1.911709;0.007311;-1.682034;0.111703;-0.332040
-2.625279;0.012877;-1.958173;-0.059360;-1.700139;0.038417;-0.255019
-2.675216;-0.162192;-1.909397;-0.088967;-1.651430;-0.102095;-0.286177
-3.016466;0.137979;-1.724254;0.628201;-1.867075;0.739416;0.266589
-2.882945;0.167614;-1.803341;0.599001;-1.934364;0.293563;0.017038
-2.575993;0.108551;-1.870329;-0.038086;-1.709234;-0.083071;-0.363414
-2.706095;0.109329;-1.853047;-0.063542;-1.785199;0.210780;-0.322652
-2.500507;0.094970;-1.933886;-0.101927;-2.062183;-0.266847;-0.583347
-2.864210;0.062145;-1.914071;0.486203;-1.768573;-0.128684;-0.449682
-2.993821;-0.047773;-1.896980;0.460394;-1.631951;0.028289;-0.377841
-2.665319;-0.128166;-1.899775;-0.077456;-1.760505;-0.156239;-0.407333
-2.646471;-0.023823;-1.983123;-0.060390;-1.800841;-0.226852;-0.495940
-2.626077;0.075298;-1.909828;-0.062242;-1.869940;0.048731;-0.416396
-2.727995;0.104038;-2.016658;0.508718;-2.022259;-0.432402;-0.598059
-2.689304;0.125410;-2.038927;0.486160;-1.957808;-0.564187;-0.635626
-2.595863;0.079956;-1.946485;-0.114579;-1.657561;-0.126875;-0.383351
-2.481614;0.034387;-1.966644;-0.091743;-2.133088;-0.270826;-0.459817
-2.483408;0.045169;-1.993563;-0.092985;-2.024501;-0.389620;-0.500181
-2.596716;0.147964;-2.069066;0.510750;-1.924885;-0.614303;-0.572937
-2.824030;0.126104;-1.855365;0.571852;-1.659188;0.110446;-0.255742
-2.424052;0.033538;-2.020334;-0.095765;-2.062255;-0.434373;-0.577122
-2.300997;0.087041;-2.058078;-0.070661;-2.194180;-0.607806;-0.680528
-2.552764;-0.015887;-1.888713;-0.093760;-1.881059;-0.229357;-0.532176
-3.089624;-0.056975;-1.783241;0.490738;-1.507599;-0.096413;-0.400533
-2.937850;-0.001102;-1.936522;0.423949;-1.548938;-0.379427;-0.520926
-2.791637;-0.002091;-1.890165;-0.157164;-1.478615;-0.103423;-0.489790
-2.914737;-0.061120;-1.722538;-0.126940;-1.499369;0.330472;-0.245621
-2.815908;-0.039105;-1.828803;-0.110287;-1.772258;0.107058;-0.388629
-2.940499;0.097891;-1.851026;0.480900;-1.633059;-0.241210;-0.546289
-2.779118;0.098144;-1.899079;0.448961;-1.970008;-0.167289;-0.399438
-2.648669;-0.000945;-1.966830;-0.132806;-1.975818;-0.094752;-0.393999
-2.715409;-0.063290;-1.931269;-0.180936;-1.823071;-0.035590;-0.370686
-2.280820;0.017335;-2.058524;-0.115742;-2.361434;-0.510041;-0.501254
-2.681981;0.070871;-1.998689;0.472774;-1.961671;-0.274764;-0.346346
-2.945734;0.011287;-1.894809;0.432598;-1.630324;-0.048156;-0.364056
-2.676368;0.108054;-1.879810;-0.029612;-1.827005;0.076649;-0.394080
-2.618104;-0.043393;-1.963725;-0.087809;-1.817893;-0.263699;-0.438438
-2.599694;0.025564;-1.879321;-0.106425;-1.750324;0.025692;-0.270376
-2.698575;0.010129;-1.998513;0.477918;-1.840429;-0.437982;-0.499845
-2.553414;0.015609;-2.083061;0.481126;-1.835325;-0.881982;-0.703475
-2.221925;0.229756;-2.167684;-0.051352;-2.120849;-0.829996;-0.713907
-2.484763;0.098940;-1.974425;-0.067532;-1.844467;-0.200310;-0.356139
-2.636388;0.009929;-1.905202;-0.076454;-1.662726;0.074679;-0.235009
-2.463009;0.109811;-2.119992;0.471714;-2.180730;-0.897567;-0.738209
-2.377263;0.170867;-2.086780;0.509867;-2.317534;-0.969916;-0.720250
-2.379973;-0.047644;-2.007104;-0.088170;-2.037053;-0.660533;-0.555125
-2.545522;-0.013741;-1.881245;-0.024414;-2.023620;0.003716;-0.247860
-2.452244;0.131119;-1.895643;-0.023919;-2.099731;-0.084538;-0.342690
-2.652689;0.095312;-1.903413;0.459108;-1.997873;-0.370231;-0.470993
-2.760813;0.035799;-1.895686;0.408594;-1.754813;-0.173748;-0.344990
-2.747201;0.001872;-1.793750;-0.093319;-1.614681;0.178107;-0.339792
-2.525003;0.031416;-2.010580;-0.102875;-1.902298;-0.348007;-0.612811
-2.227569;0.110086;-2.117883;-0.036539;-2.254903;-0.700294;-0.674297
-2.459165;0.064807;-2.084053;0.530457;-2.167890;-0.833007;-0.645242
-2.446456;0.160157;-2.004332;0.509120;-2.092240;-0.518013;-0.518269
-2.309133;0.157034;-1.998325;-0.034281;-2.105024;-0.212630;-0.421559
-2.372073;-0.023721;-1.951027;-0.068004;-2.156816;-0.330361;-0.484282
-2.572590;-0.032038;-1.922140;-0.064085;-1.883685;-0.388175;-0.575703
-2.736076;0.004026;-1.909416;0.424744;-1.691804;-0.445258;-0.481222
-2.695589;0.135950;-1.898351;0.619866;-1.919757;-0.180459;-0.312331
-2.243888;0.171920;-2.038245;0.048515;-2.362012;-0.500888;-0.523622
-2.634109;-0.057853;-1.832087;-0.033128;-1.829050;0.113543;-0.280355
-2.616503;0.080504;-1.791905;-0.065468;-1.833317;0.056368;-0.360894
4.866727;7.537780;-4.305980;-21.535989;-4.549041;7.527397;3.706568
2.570187;-1.887512;1.370834;0.675857;0.399292;-0.015021;0.067442
2.805896;-1.813177;1.387341;0.162710;0.341332;0.143960;0.114599
3.125905;-1.862296;1.155112;0.145256;0.050552;-0.749313;-0.252896
3.439620;-1.787535;1.078063;0.117943;-0.081550;-1.196325;-0.458677
3.080404;-1.787244;1.170947;0.637113;0.153819;-0.937549;-0.310014
3.222447;-1.806204;1.076612;0.595933;-0.031563;-1.331474;-0.492260
3.481422;-1.610996;1.118774;0.235148;-0.272069;-0.787774;-0.194147
3.545914;-1.485305;1.086035;0.230592;-0.241033;-0.652124;-0.191356
3.057350;-1.888573;1.279077;0.046473;0.164379;-0.262123;-0.080630
2.780718;-2.000724;1.377991;0.604230;0.334897;-0.357923;-0.014420
2.839881;-1.989197;1.396398;0.623202;0.416910;-0.428685;-0.048786
2.775390;-1.981878;1.537510;0.124795;0.598872;0.208748;0.177314
2.533224;-2.022362;1.565896;0.127685;0.832779;0.461679;0.300258
2.493205;-2.115791;1.561773;0.085403;1.141102;0.306091;0.208036
2.324717;-1.833390;1.732168;0.771823;0.892227;1.111133;0.632566
2.707002;-1.697739;1.428624;0.677542;0.682345;0.161042;0.143450
2.940740;-1.801890;1.347879;0.077903;0.538630;-0.129125;-0.019611
2.944566;-1.628965;1.460521;0.124412;0.753265;0.529025;0.287797
3.318306;-1.568391;1.158236;0.083131;0.518354;-0.490904;-0.208595
3.099137;-1.657483;1.218497;0.668769;0.172587;-0.671593;-0.202808
2.765535;-1.864754;1.366775;0.627995;0.419024;-0.144436;0.065495
2.643555;-1.966088;1.539577;0.084127;0.958725;0.631973;0.328117
2.615878;-2.057436;1.542844;0.110125;0.662232;0.682335;0.308505
3.208684;-1.396895;1.377348;0.224957;0.367791;0.616214;0.373223
3.570756;-1.199394;1.080824;0.757207;-0.039087;-1.179702;-0.395071
3.219751;-1.704218;1.173864;0.679190;-0.085976;-1.334427;-0.472642
2.651499;-1.922146;1.550243;0.092271;0.596804;0.428836;0.231947
2.736737;-2.008941;1.443474;0.101058;0.621228;0.116137;0.110596
2.527142;-2.016077;1.532125;0.060014;1.223543;0.328237;0.194696
2.506207;-2.084050;1.564861;0.653379;0.399171;0.106488;0.171670
2.487417;-2.033834;1.612536;0.648591;1.010332;0.215206;0.228463
2.852227;-1.908035;1.456772;0.064277;0.581792;0.120733;0.040353
3.498488;-1.660531;1.232908;0.203499;-0.308483;-0.293590;-0.102485
3.392599;-1.704493;1.258461;0.226810;-0.020088;-0.413936;-0.095719
2.342024;-2.035037;1.612548;0.637994;0.995909;0.495746;0.349753
2.855254;-2.060791;1.400944;0.638108;0.298994;-0.330570;-0.019981
3.210104;-1.947462;1.267270;0.073150;0.123644;-0.509301;-0.114091
3.155662;-1.887659;1.276973;0.096158;0.219030;-0.469038;-0.208016
3.459791;-1.679056;1.149286;0.173125;-0.133244;-1.009356;-0.390761
2.976781;-1.928672;1.313080;0.769558;0.088784;-0.658219;-0.132735
2.237178;-2.058786;1.569319;0.645508;1.352679;0.351523;0.196437
2.674348;-1.945476;1.521657;0.106326;1.154021;0.312612;0.210785
2.831013;-2.022872;1.495767;0.093272;0.897907;0.096001;0.192309
3.041603;-1.946692;1.370833;0.067873;0.409164;-0.172109;0.010635
2.711016;-1.786895;1.463398;0.701310;0.811359;0.008755;0.111221
2.690445;-1.898615;1.463761;0.676250;0.580692;-0.022708;0.114329
3.160261;-1.920511;1.337285;0.029662;0.457410;-0.368519;-0.098033
2.913762;-1.899313;1.400817;0.094837;0.563726;-0.016410;0.024026
2.527647;-2.003060;1.557889;0.087416;1.103054;0.416029;0.215941
2.331582;-1.955724;1.553682;0.616284;1.470328;0.119616;0.142315
2.344480;-1.949199;1.543361;0.633942;0.872010;0.243164;0.148790
2.401928;-1.997267;1.589011;0.073427;0.992004;0.789120;0.353786
2.432505;-2.114434;1.569741;0.066028;1.137463;0.411162;0.221931
2.487316;-2.076791;1.601846;0.061934;0.971190;0.498684;0.264548
2.293050;-1.981658;1.668091;0.676543;0.890251;0.603286;0.369834
2.441327;-1.912253;1.560396;0.667765;0.760004;0.356623;0.235890
2.570331;-1.919094;1.655391;0.099769;1.278795;0.794567;0.373668
2.807006;-1.883005;1.500182;0.064974;0.808170;0.325693;0.162359
2.703381;-1.935284;1.517742;0.113423;0.648649;0.350038;0.147411
2.580354;-1.953677;1.564547;0.635948;0.859151;0.151292;0.122505
2.700702;-1.949935;1.487696;0.617720;0.607539;0.076780;0.109494
2.744513;-2.024144;1.490387;0.008548;1.037819;0.487150;0.278010
2.698610;-2.066229;1.497733;0.031839;0.976791;0.215045;0.200147
2.970973;-1.971840;1.321576;0.060638;0.248688;-0.229728;-0.083687
2.562096;-1.951085;1.532319;0.660371;0.813167;0.373261;0.219196
2.651539;-1.909758;1.548780;0.695718;0.603853;0.391579;0.323242
2.783450;-1.874622;1.534449;0.151737;0.597775;0.512104;0.293242
2.495263;-1.922757;1.622749;0.116286;0.947347;0.618050;0.197735
2.281875;-2.088976;1.770465;0.094172;1.441039;1.138956;0.539529
2.404055;-2.211403;1.705989;0.698201;0.738939;0.767232;0.599230
2.867469;-1.936667;1.433804;0.610237;0.418175;-0.079479;0.063798
2.883874;-1.943229;1.425136;0.077575;0.640097;-0.028884;0.005049
2.890874;-1.870959;1.431225;0.133931;0.492956;0.172197;0.034610
3.147052;-1.923926;1.327963;0.090774;0.207719;-0.329281;-0.139928
2.763747;-2.084646;1.465058;0.642929;0.334404;-0.396765;-0.039014
2.549335;-2.100667;1.539895;0.662194;0.656528;-0.125480;0.083171
2.724725;-2.008544;1.497681;0.110881;0.667746;0.151955;0.079132
2.735973;-2.017864;1.446160;0.089152;0.544334;0.016569;-0.013951
2.752307;-2.082750;1.544909;0.091687;0.514604;0.272245;0.181718
2.452895;-2.123707;1.611912;0.651022;1.041129;0.283460;0.289673
2.887095;-1.937389;1.360745;0.686922;0.203928;-0.549662;-0.104559
3.318836;-1.745231;1.220155;0.149622;-0.021444;-0.845512;-0.352240
3.080106;-1.870531;1.320383;0.114341;0.300739;-0.377347;-0.119221
2.880819;-1.845750;1.482191;0.093760;0.773640;0.169398;0.095489
2.610207;-1.955211;1.522470;0.625342;0.623896;0.040337;0.063520
2.891548;-1.958455;1.335329;0.639710;0.292912;-0.682496;-0.231357
3.177171;-1.859208;1.303666;0.098770;0.138521;-0.461452;-0.194013
2.739905;-2.138396;1.568141;0.120589;0.479112;0.302144;0.183441
2.860897;-2.039819;1.363668;0.044662;0.454009;-0.180385;-0.023687
2.456344;-2.030288;1.601043;0.613262;1.090390;0.296172;0.273416
2.522805;-2.086783;1.561481;0.625987;0.695631;0.160740;0.174382
3.063343;-1.856239;1.392499;0.106517;0.544151;0.104279;0.167693
3.360162;-1.716646;1.238414;0.113053;0.089304;-0.456916;-0.139934
2.880569;-1.943023;1.386222;0.040914;0.518647;-0.204506;-0.096577
2.649726;-1.978255;1.404496;0.559417;0.801911;-0.128794;0.021126
2.612661;-2.146065;1.499371;0.621426;0.498732;-0.288520;-0.005154
2.795043;-2.102749;1.476675;0.104100;0.349720;-0.371198;-0.131416
2.861817;-1.892537;1.469147;0.138938;0.459859;-0.142229;-0.031450
2.963578;-1.851523;1.360335;0.188440;0.289930;-0.388347;-0.134492
2.631269;-1.979972;1.484980;0.691844;0.578704;-0.130320;0.117148
2.617053;-1.864479;1.599835;0.676883;0.764687;0.276203;0.299463
2.895199;-1.909220;1.500577;0.108777;0.658081;-0.010011;0.070330
2.511848;-1.970428;1.694483;0.174571;1.191283;0.538987;0.295198
3.025437;-1.755579;1.336354;0.160964;0.342591;-0.326330;-0.161959
2.807263;-1.750476;1.430181;0.682112;0.488892;-0.139508;0.024548
2.500471;-2.018171;1.559808;0.715846;0.403155;0.085918;0.093486
3.157385;-1.857445;1.336045;0.123320;0.157227;-0.869995;-0.381697
3.175367;-1.823592;1.266150;0.166483;-0.004187;-0.932485;-0.382899
3.157372;-1.885950;1.225608;0.149712;-0.202805;-0.938596;-0.437415
2.571226;-1.839584;1.490796;0.722265;0.419725;-0.016180;-0.032769
2.431018;-1.951770;1.576300;0.707910;0.698547;0.305159;0.151028
2.957397;-2.005974;1.444082;0.094588;0.446418;-0.237613;-0.076464
3.260639;0.360821;1.672664;1.051905;0.254521;3.303097;1.574724
16.958105;38.461116;-2.154492;18.340625;1.148634;7.120609;5.450885
1.850252;-2.232083;-1.071684;0.969353;1.032061;0.604612;0.210685
2.163399;-2.257954;-0.996652;0.416352;0.979607;0.437544;0.103475
2.407495;-2.227249;-1.104433;0.375470;0.920487;0.039106;-0.054987
2.347305;-2.278386;-1.161047;0.330102;1.069014;0.167858;0.073194
2.172449;-2.340959;-1.161586;0.919859;0.840203;-0.014132;-0.006523
2.185547;-2.264889;-1.201342;0.948123;0.806733;-0.035786;-0.058811
1.852498;-1.964217;-0.841797;0.451138;1.679146;1.644256;0.598491
1.994944;-2.010572;-0.888827;0.445484;1.575489;1.339440;0.518467
2.270173;-2.219758;-1.148382;0.380504;1.036946;0.399086;0.180822
2.012519;-2.217996;-1.117946;0.930665;1.078108;0.287522;0.195203
2.109145;-2.240909;-1.012922;0.917503;0.915353;0.489425;0.303798
2.475040;-2.160728;-1.243921;0.387292;0.633165;0.019646;-0.061692
2.655878;-2.036128;-1.317706;0.399630;0.383312;-0.239917;-0.206618
2.603355;-2.052901;-1.245558;0.442670;0.406813;-0.093589;-0.145638
2.201422;-2.062363;-1.126327;1.010837;0.645850;0.212211;0.040740
2.216770;-2.102554;-1.162065;0.929262;0.919466;0.158700;0.068170
2.694876;-2.144974;-1.317335;0.349861;0.543940;-0.335626;-0.176067
2.667186;-2.110002;-1.281206;0.375458;1.024723;-0.182208;-0.024367
2.703137;-2.139249;-1.313739;0.373831;0.421877;-0.239896;-0.125558
1.939115;-2.259019;-0.980610;0.902457;0.966819;0.717422;0.279547
1.965580;-2.140744;-1.118291;0.875483;1.149666;0.303099;0.093102
2.272029;-2.200027;-1.098859;0.381443;1.250446;0.176968;0.071444
2.622149;-2.213954;-1.280293;0.374173;0.462781;-0.357287;-0.228813
2.685527;-2.137232;-1.354164;0.380882;0.425114;-0.279629;-0.221266
2.478824;-2.106822;-1.357802;0.970742;0.488723;-0.464586;-0.231535
2.286417;-2.036432;-1.205989;0.974753;0.826021;-0.094712;-0.100280
2.345316;-2.113429;-1.072891;0.431684;0.882349;0.401394;0.136124
2.298761;-2.238789;-1.147050;0.353156;0.940601;0.242237;0.040816
2.540789;-2.200375;-1.286905;0.345496;0.591316;-0.170116;-0.123443
2.589608;-1.999627;-1.372924;0.925356;0.471832;-0.417724;-0.208792
2.353590;-2.069355;-1.274267;0.907994;0.692696;-0.127090;-0.106617
2.012265;-2.270680;-1.084709;0.286213;1.596729;0.395095;0.074205
1.917630;-2.240152;-1.035916;0.338142;1.587818;0.602961;0.197440
2.291135;-2.265465;-1.257632;0.351339;0.854881;-0.121765;-0.105981
2.021742;-2.259871;-1.096427;1.005769;1.172544;0.093804;0.097255
2.117525;-2.233559;-1.087150;0.972905;1.277521;-0.011227;0.063145
2.448444;-2.114720;-1.145719;0.418503;0.693677;-0.073692;-0.051203
2.243614;-2.211826;-1.030349;0.413863;0.823278;0.190458;0.006937
2.446590;-2.114339;-1.114374;0.454517;0.816248;0.159452;-0.002950
2.212575;-2.134046;-1.068819;1.050940;0.852426;0.135262;0.121689
2.119318;-2.079195;-1.121552;0.946604;0.979554;0.204644;0.076595
2.456049;-2.035346;-1.197913;0.346877;0.785689;0.270270;0.012472
2.044365;-2.211055;-0.966753;0.391252;1.079385;0.679002;0.140091
1.931570;-2.182512;-0.978723;0.349961;1.636006;0.760639;0.256058
1.933404;-2.276345;-1.058771;0.899478;1.026070;0.204486;0.144062
1.991395;-2.057695;-0.909479;1.041693;0.888589;0.769903;0.346672
2.648714;-1.954246;-1.175629;0.422368;0.436401;0.100064;-0.036430
2.598280;-2.145033;-1.203147;0.373687;0.598474;-0.250753;-0.147698
2.241868;-2.270884;-1.046886;0.379745;0.981378;0.152548;0.000938
1.678955;-2.321609;-0.880842;0.955111;1.331809;0.784025;0.269836
1.833878;-2.330876;-0.956014;0.989436;1.093992;0.658972;0.251511
2.040505;-2.195797;-1.024239;0.435722;1.370221;0.673834;0.221727
2.000980;-2.216008;-0.939243;0.441404;1.106937;0.926831;0.332593
2.457911;-2.040707;-1.151695;0.414062;0.768831;0.133029;0.023411
2.371808;-2.000971;-1.231076;0.976012;0.706467;-0.148499;-0.020933
2.420051;-2.101360;-1.225367;0.980852;0.575349;-0.325878;-0.130620
2.433998;-2.302031;-1.217667;0.366652;0.732034;-0.260810;-0.151258
2.519404;-2.173852;-1.187012;0.325823;1.064792;-0.084333;-0.005404
2.684252;-2.162673;-1.287525;0.357752;0.446103;-0.532674;-0.287470
2.017812;-2.287964;-1.026859;0.981629;0.773208;0.145802;0.053484
1.602421;-2.299583;-0.932528;0.973915;1.550549;0.689328;0.230045
2.095769;-2.221569;-1.003406;0.401570;1.152683;0.759742;0.222826
2.799371;-2.114232;-1.287111;0.346543;0.427829;-0.316625;-0.150446
2.955523;-2.003585;-1.369388;0.356433;0.267007;-0.494834;-0.236101
2.350253;-2.112640;-1.194652;0.928037;0.638155;0.125965;0.053121
2.429619;-2.172417;-1.323986;0.945343;0.549274;-0.417574;-0.153459
2.906600;-2.099047;-1.438037;0.395599;0.201630;-0.846770;-0.437153
2.481526;-2.150836;-1.110293;0.495980;0.483869;0.045863;-0.049740
2.394619;-2.237939;-1.084433;0.411045;0.762793;0.072721;0.043618
1.919120;-2.326970;-0.987374;0.975608;1.078343;0.241935;0.155742
1.800352;-2.338040;-0.984282;0.982623;1.017963;0.369284;0.121387
1.744170;-2.264618;-0.836429;0.383727;1.567001;1.132659;0.398912
1.821328;-2.303661;-0.908230;0.371758;1.856721;0.913773;0.320984
2.356295;-2.159782;-1.141870;0.362731;0.986762;0.206858;0.000491
2.147545;-2.081648;-1.004178;0.938758;1.003489;0.370075;0.061289
2.107937;-2.162134;-1.005058;0.975033;0.963178;0.213105;0.037087
2.620328;-2.087753;-1.224781;0.448516;0.364940;-0.298296;-0.277266
2.624477;-2.017993;-1.258184;0.462723;0.422787;-0.424137;-0.356098
2.512797;-2.103699;-1.207470;0.430766;0.578496;-0.145356;-0.185510
2.149705;-2.134396;-1.093848;0.969818;0.901968;0.263101;0.057472
2.331153;-2.167131;-1.244224;0.945154;0.697677;-0.118724;-0.078650
2.426612;-2.281113;-1.188112;0.387091;0.665041;-0.042245;-0.072672
2.036762;-2.259429;-0.980804;0.364018;1.410635;0.482300;0.138420
2.295024;-2.081889;-1.091734;0.352988;1.092908;0.334089;0.063813
1.981750;-2.193252;-1.075067;0.879770;1.235403;0.313767;0.086986
2.128249;-2.156959;-1.131831;0.917999;1.018853;0.283783;0.131731
2.541884;-2.140306;-1.151786;0.405629;0.611201;0.207978;0.074031
2.629131;-2.148150;-1.213260;0.410679;0.430372;-0.243433;-0.146621
2.734447;-2.091085;-1.273256;0.383904;0.316925;-0.366930;-0.211105
2.446575;-2.131945;-1.239850;0.893792;0.500041;-0.453685;-0.213397
2.160495;-2.293056;-1.090844;0.894339;0.837831;-0.119662;-0.037873
2.319604;-2.255604;-1.070469;0.410304;0.691178;0.249427;0.139739
2.767387;-1.836247;-1.326430;-0.786632;0.630890;0.141783;0.044983
2.803808;-1.803883;-1.317002;-0.760205;0.654244;0.207392;0.010045
2.182499;-2.160776;-1.120855;0.995191;0.840237;0.146897;0.043389
2.333026;-2.245730;-1.143285;0.932819;0.605224;-0.242528;-0.050665
2.494792;-2.234826;-1.130859;0.392892;0.572036;0.023808;0.005953
2.187174;-2.219151;-1.065627;0.385334;0.886991;0.358382;0.062111
2.306309;-2.176885;-1.157159;0.364962;0.972908;0.022675;-0.100872
2.270601;-2.188417;-1.208073;0.944906;0.553253;-0.173609;-0.133449
1.869232;-2.349402;-0.955326;1.012837;1.078576;0.271018;0.109604
2.221436;-2.130289;-1.068764;0.552908;0.868558;0.321614;0.112775
2.697366;-1.952321;-1.249878;0.483342;0.493045;-0.289945;-0.177656
2.623893;-2.138296;-1.178634;0.393167;0.641837;-0.297073;-0.177109
2.073390;-2.205078;-1.177590;0.937340;0.973254;-0.070592;-0.056237
2.133180;-2.172127;-1.182037;0.959253;0.856300;0.066384;-0.003640
2.210105;-2.185885;-1.110763;0.442114;0.859026;0.293301;0.052521
2.339169;-2.148596;-1.080258;0.480683;0.641145;0.183152;-0.048584
2.433058;-2.188250;-1.083615;0.449297;0.570746;0.171353;0.029684
2.240769;-2.252179;-1.093908;0.946717;0.615154;0.039946;0.026960
2.326069;-2.281643;-1.253852;0.870366;0.595888;-0.391969;-0.170756
2.187333;-1.195864;-0.803990;0.708590;0.418884;2.598772;1.188725
21.450674;42.856412;-4.839812;19.376323;0.662131;8.870489;4.085553
28.572845;56.251646;-5.231865;19.407923;2.362795;-5.030516;-3.486461
27.880303;32.447453;-5.745922;-44.063514;2.451564;-1.627325;-5.416072
-4.140119;0.779354;-2.510290;0.195991;0.437061;0.422239;-0.490353
-4.310304;0.809995;-2.577705;0.789767;0.408018;0.086418;-0.617733
-4.227277;0.849866;-2.570885;0.785521;0.649848;-0.067749;-0.649795
-3.972247;0.773052;-2.678345;0.192095;0.584654;-0.174132;-0.712381
-4.193820;0.767845;-2.610084;0.281758;0.717533;0.437706;-0.476452
-4.074355;0.947164;-2.583149;0.329028;0.531507;0.469418;-0.489033
-4.366767;0.918620;-2.550207;0.897646;0.651212;0.482136;-0.412760
-4.418108;0.937445;-2.570469;0.838522;1.024905;0.467421;-0.509078
-4.108106;0.810644;-2.550988;0.257103;0.788729;0.296238;-0.636916
-4.143559;0.605820;-2.567003;0.235949;0.523210;0.195857;-0.632592
-4.274114;0.688732;-2.637719;0.221950;0.602688;0.381013;-0.619142
-4.502006;0.716422;-2.576258;0.803676;0.684290;0.529035;-0.460619
-4.284761;0.502328;-2.635331;0.804999;0.652408;-0.013740;-0.510008
-3.643144;0.706443;-2.805344;0.256607;-0.323397;-0.551199;-0.938242
-3.846365;0.697617;-2.718453;0.221801;0.367086;-0.198535;-0.794258
-3.954869;0.518009;-2.698280;0.214853;0.355874;-0.130602;-0.662067
-4.240189;0.836312;-2.652538;0.992718;0.438114;0.412676;-0.306351
-3.775300;1.039404;-2.811868;0.905413;0.156875;-0.310945;-0.700390
-3.638145;0.768676;-2.687242;0.244821;0.028736;0.014993;-0.627431
-4.097787;0.595000;-2.699212;0.246941;0.474320;0.162524;-0.639518
-4.129901;0.671566;-2.664920;0.198481;0.603113;0.304360;-0.649882
-4.407031;0.727338;-2.563110;0.802462;0.577307;0.484082;-0.582147
-4.484912;0.653122;-2.521649;0.804335;0.569482;0.528254;-0.562970
-4.146951;0.663014;-2.505816;0.206736;0.686011;0.604861;-0.449822
-4.136558;0.646699;-2.519610;0.220305;0.694437;0.555762;-0.450162
-4.331406;0.579978;-2.582364;0.289772;0.801809;0.570816;-0.455907
-4.347119;0.455693;-2.562779;0.842070;0.428252;0.214160;-0.540225
-3.898268;1.389011;-2.511707;1.229023;0.350773;1.651479;0.382121
-3.780796;1.296515;-2.566464;0.618148;0.444476;1.298203;0.113340
-4.009279;0.787791;-2.634683;0.410256;0.385433;0.479018;-0.495726
-3.984369;0.731916;-2.639338;0.342162;0.370836;0.439057;-0.516270
-4.269173;0.795476;-2.590552;0.803944;0.552339;0.331189;-0.612140
-4.099745;1.010370;-2.672013;0.821404;0.646097;0.004198;-0.785455
-3.690319;0.920201;-2.805706;0.244397;0.409823;-0.345059;-0.933484
-3.932503;0.766435;-2.716579;0.319591;0.316141;0.107337;-0.701305
-3.916909;0.791627;-2.673215;0.291217;0.251048;0.146116;-0.775425
-4.168131;0.676437;-2.763881;0.809445;0.289476;-0.226216;-0.839059
-4.123106;0.654590;-2.700227;0.810104;0.288097;0.065871;-0.593786
-3.878399;0.543551;-2.651059;0.225617;0.226656;0.225661;-0.555576
-3.988640;0.467180;-2.666825;0.212389;0.279011;-0.017824;-0.728601
-4.075605;0.458737;-2.638953;0.282231;0.261868;0.005260;-0.752274
-4.337118;0.441228;-2.559818;0.841580;0.399589;0.172406;-0.540491
-4.305470;0.572971;-2.556900;0.797838;0.724459;0.354824;-0.451541
-4.101227;0.764511;-2.695129;0.272867;0.662287;0.355898;-0.613698
-3.933713;0.794769;-2.790773;0.229380;0.463299;0.156668;-0.724264
-4.063601;0.785655;-2.575089;0.298060;0.530935;0.787968;-0.435239
-4.314915;0.668353;-2.586215;0.871119;0.613278;0.547401;-0.408476
-4.270712;0.457060;-2.656018;0.834261;0.464558;0.140409;-0.450726
-4.267230;0.499032;-2.522396;0.275262;0.861650;0.691558;-0.283152
-3.727559;0.796513;-2.792377;0.261758;0.408924;0.045969;-0.588914
-2.796111;1.267192;-3.006644;0.167512;-0.098163;-1.044900;-1.133551
-4.023938;0.519873;-2.601017;0.840938;0.640996;0.255301;-0.466931
-4.149235;0.489697;-2.611186;0.841461;0.648320;0.239581;-0.476296
-3.765878;0.482894;-2.661778;0.269997;0.400426;0.276559;-0.495287
-4.008155;0.513053;-2.557749;0.287302;0.748972;0.729894;-0.299621
-3.875259;0.655858;-2.615307;0.272272;0.336230;0.519257;-0.589240
-4.247432;0.600200;-2.558289;0.878247;0.523894;0.546279;-0.507461
-4.451965;0.391593;-2.457975;0.853882;0.889036;0.616219;-0.358321
-3.888455;0.515108;-2.626247;0.315870;0.382234;0.335512;-0.478992
-3.848821;0.727587;-2.692479;0.279275;0.809401;0.240716;-0.582996
-3.822067;0.618926;-2.754442;0.281075;0.362040;-0.098705;-0.771912
-3.825478;0.717387;-2.832814;0.823398;0.276428;-0.562049;-0.843676
-3.941576;0.907011;-2.754988;0.814066;0.544820;-0.135284;-0.810171
-4.081788;0.859727;-2.623771;0.322244;0.736758;0.580884;-0.512190
-3.969966;0.861097;-2.610849;0.298564;0.964198;0.542691;-0.488318
-4.052486;0.660287;-2.557689;0.307502;0.599596;0.644784;-0.499697
-4.237876;0.838959;-2.630846;0.894305;0.653267;0.585835;-0.524783
-4.050337;0.897487;-2.733661;0.901389;0.409367;0.265780;-0.653375
-3.859503;0.644652;-2.744813;0.308382;0.264088;0.283822;-0.624452
-3.928009;0.621254;-2.650074;0.269912;0.523896;0.463230;-0.475590
-3.949714;0.573703;-2.625124;0.248117;0.579930;0.307955;-0.507755
-4.248695;0.667467;-2.673014;0.831904;0.771349;0.332090;-0.472371
-4.073256;0.729155;-2.744524;0.836343;0.462992;0.107016;-0.633709
-3.770058;0.529145;-2.814006;0.223592;0.151736;-0.083855;-0.773826
-3.930716;0.719737;-2.743833;0.242725;0.605172;0.470290;-0.544469
-3.943088;0.586203;-2.714842;0.259130;0.599714;0.333841;-0.545155
-4.112150;0.483803;-2.685137;0.804661;0.411299;0.035597;-0.635476
-4.223722;0.534779;-2.648731;0.836376;0.525243;0.276881;-0.570527
-3.671094;0.599618;-2.734461;0.312402;0.105846;0.145733;-0.628847
-3.814341;0.497848;-2.629789;0.305337;0.185847;0.385514;-0.485595
-3.742540;0.650738;-2.770488;0.284493;0.163926;-0.010807;-0.757054
-3.889815;0.759069;-2.823940;0.830639;0.233128;-0.063652;-0.767293
-3.900505;0.753736;-2.687720;0.834162;0.592341;0.212461;-0.510233
-3.687738;0.641010;-2.692936;0.250635;0.466855;0.103556;-0.629759
-3.714069;0.712559;-2.772201;0.228096;0.474735;0.219249;-0.662646
-3.900009;0.753100;-2.683722;0.313621;0.663100;0.750356;-0.387125
-4.185958;0.677120;-2.602203;0.825653;0.643787;0.742303;-0.372514
-4.199356;0.462390;-2.600048;0.748741;0.604415;0.617466;-0.352364
-3.813958;1.002121;-2.596185;0.554903;0.459168;1.345674;0.062333
-3.678476;1.008707;-2.621076;0.523644;0.460706;1.131222;-0.046244
-3.561134;0.634923;-2.777725;0.223250;0.312132;0.046236;-0.636065
-3.977487;0.618157;-2.724496;0.817442;0.504833;0.271921;-0.451222
-4.235290;0.316908;-2.493262;0.830897;0.781686;0.504835;-0.224650
-3.860926;0.672960;-2.626466;0.274976;0.615370;0.436514;-0.456219
-3.577213;0.931394;-2.761854;0.268831;0.423504;0.196087;-0.717608
-3.817652;0.729085;-2.621290;0.289895;0.509566;0.640100;-0.457985
-4.197111;0.390947;-2.583020;0.863174;0.410091;0.405641;-0.478771
-4.182102;0.536909;-2.635375;0.915501;0.671077;0.704558;-0.324558
-3.900139;0.551924;-2.577400;0.329814;0.480366;0.864025;-0.252880
-2.851804;0.913780;-2.990085;0.136632;0.072610;-0.857916;-1.049277
-3.056472;0.587377;-2.858150;0.234410;0.302911;-0.332206;-0.628852
-3.305014;0.199992;-2.901030;0.802076;-0.102905;-0.667738;-0.724276
-3.540713;0.247774;-2.665748;0.823546;-0.067350;0.005350;-0.572860
-3.427550;0.299150;-2.734653;0.258331;0.139779;0.082059;-0.597103
-3.438131;0.414129;-2.646253;0.314006;0.146672;0.515555;-0.405823
-3.315681;0.386960;-2.694305;0.344016;0.050704;0.520846;-0.361470
-3.507300;0.364020;-2.726232;0.868386;0.184097;0.186321;-0.493933
-3.661119;0.418977;-2.622075;0.829919;0.403066;0.459395;-0.402316
-3.266598;0.427475;-2.765510;0.279672;-0.140750;0.282619;-0.575464
-3.254662;0.365933;-2.758785;0.279706;-0.192210;0.018729;-0.712745
-3.219602;1.530999;-2.326559;0.763465;-0.234358;3.351601;0.827963
5.776720;11.448549;-5.263556;-21.954136;0.528938;7.275413;-0.077716
11.269514;-0.479821;-3.390898;1.352372;-2.150698;-3.122906;-0.879699
11.229827;-0.219469;-3.538816;0.181520;-2.250562;-2.942235;-0.918401
9.796556;-1.619165;-2.967143;1.220284;-1.962709;-0.784507;0.503940
11.843176;1.494327;-3.511921;1.983319;-2.255755;-2.857403;-0.827841
12.655289;3.192007;-4.070290;2.604623;-2.293788;-4.716140;-2.048164
11.642762;1.874062;-3.773823;2.486669;-2.062603;-3.627082;-1.309525
11.572195;2.269204;-3.699285;2.388294;-1.989177;-3.837065;-1.756488
12.868923;6.694495;-4.178721;4.488433;-2.043395;-2.700925;-1.109285
13.917742;7.509336;-4.616192;4.190341;-2.438312;-3.187287;-1.419443
13.974315;6.738274;-4.583722;4.185228;-2.148360;-4.863239;-2.167765
12.452094;4.383836;-4.077083;3.428182;-1.976495;-3.567810;-1.404817
10.348938;-0.793125;-3.094095;1.256191;-1.881169;-2.522053;-0.643812
9.561581;-2.291388;-2.846356;0.610835;-1.513797;-2.089642;-0.403089
9.720992;-1.522942;-2.860745;0.747696;-1.057899;-1.606190;-0.173562
9.601986;-1.543418;-2.660089;1.387534;-0.731520;-1.612840;-0.093247
10.339519;-0.843176;-2.839860;1.107179;-1.167219;-3.025154;-1.020113
9.441533;-1.732364;-2.445872;0.610308;-0.896435;-1.248580;-0.136187
9.456622;-2.212399;-2.699493;0.557501;-1.022357;-1.578052;-0.262314
9.434381;-2.362712;-2.781153;0.566153;-0.906910;-1.548718;-0.211061
8.322874;-3.349207;-2.381437;0.845015;-0.504181;-0.919863;0.128753
8.175898;-3.590279;-2.275504;0.872638;-0.733924;-0.522035;0.383048
8.319645;-4.105244;-2.281560;0.281932;-0.941496;-0.551926;0.388931
8.158410;-4.065200;-2.207654;0.270322;-0.631586;-0.319716;0.520894
8.336498;-3.945338;-2.277477;0.291639;-0.857091;-0.791025;0.292688
8.828625;-2.757266;-2.445471;1.371468;-1.383296;-0.590061;0.542889
8.576063;-2.937030;-2.344371;1.385467;-1.270834;-0.320255;0.696176
8.192909;-3.833371;-2.186773;0.365062;-0.711690;-0.258857;0.515042
8.382998;-3.608792;-2.143662;0.470983;-0.911504;-0.359916;0.545457
9.215720;-3.119613;-2.496808;0.592560;-1.769043;-1.788802;-0.194268
8.706592;-3.411858;-2.369321;1.141539;-1.494870;-1.374505;0.141308
7.792564;-3.985396;-2.067859;0.841390;-0.342251;-0.170027;0.696078
8.004387;-3.894845;-1.941408;0.374591;-0.773715;0.285691;0.937168
8.293095;-3.734593;-2.135206;0.389010;-0.926345;-0.336594;0.567477
8.341615;-3.869007;-2.219323;0.324484;-0.945071;-0.621276;0.376095
9.289758;-2.491676;-2.486277;0.803040;-1.709919;-1.458525;0.087470
9.586916;-1.971129;-2.656903;0.822381;-1.539866;-2.131001;-0.388355
8.564004;-3.201170;-2.303987;0.460188;-0.706504;-0.902630;0.211916
8.845159;-3.139710;-2.466298;0.521421;-1.303505;-1.342981;-0.057544
9.309429;-2.291364;-2.694811;0.866548;-1.773654;-1.759470;-0.259436
10.701068;0.560587;-3.179617;2.066856;-1.674109;-3.199499;-1.022446
11.246973;1.408756;-3.537287;2.138201;-1.725700;-3.999500;-1.578781
9.306924;-1.625568;-2.840025;0.906148;-1.589445;-1.685518;-0.321716
7.865176;-3.676744;-2.242380;0.418449;-0.634778;-0.489764;0.351012
7.681455;-3.796935;-2.141406;0.406010;-0.567827;-0.184653;0.492731
7.438938;-3.821673;-2.147925;0.865570;-0.256091;-0.497765;0.388166
7.930463;-3.444079;-2.359087;0.882228;-0.540177;-1.257920;0.048672
8.464467;-3.271162;-2.492085;0.359590;-0.678202;-1.542667;-0.074544
8.149238;-3.712626;-2.261957;0.411135;-0.620204;-0.680119;0.411257
7.798658;-3.917710;-2.068763;0.354175;-0.463994;-0.331111;0.514288
7.118542;-3.966307;-2.017080;0.873238;-0.074155;0.137341;0.521145
7.438258;-3.615353;-2.047320;0.961797;-0.332533;-0.006087;0.418864
7.781640;-3.608133;-2.103223;0.333552;-0.502272;-0.392213;0.257613
7.746530;-3.686740;-2.092566;0.315748;-0.356867;-0.319875;0.350414
8.040615;-3.576596;-2.302287;0.361022;-0.641914;-0.972342;0.138177
7.550441;-3.911114;-2.075482;0.889917;-0.660065;-0.406978;0.479706
7.335029;-4.060973;-1.962843;0.880610;-0.353290;-0.041604;0.602235
7.578396;-4.101551;-2.040659;0.256147;-0.536162;-0.208739;0.468167
8.079995;-3.799016;-2.163569;0.358771;-0.887963;-0.757440;0.293167
7.954500;-3.726151;-2.107687;0.372388;-0.628667;-0.354324;0.457319
7.782296;-3.759746;-2.122923;0.883779;-0.565312;-0.686808;0.281389
7.962079;-3.741839;-2.240812;0.866276;-0.838008;-0.902412;0.184204
7.968895;-3.842872;-2.185813;0.242338;-0.640177;-0.446410;0.374228
8.093668;-3.743679;-2.132831;0.303708;-0.533006;-0.474632;0.399431
8.308991;-3.728447;-2.217637;0.295927;-0.855913;-0.846697;0.252458
7.941724;-3.827845;-2.214602;0.923278;-0.919298;-0.829644;0.284965
8.063486;-3.782189;-2.301887;0.903605;-1.032740;-1.086142;0.107171
7.965936;-3.830223;-2.136003;0.318139;-0.735232;-0.582456;0.240054
8.046489;-3.721183;-2.135805;0.343377;-0.723444;-0.740287;0.263295
8.448058;-3.006749;-2.241409;-0.772994;-0.413032;-0.073736;0.558806
7.857347;-3.543993;-1.890499;0.413483;-0.252803;0.542824;0.889591
8.156022;-3.606587;-2.125764;0.955920;-0.926211;-0.798674;0.473787
8.635937;-3.358524;-2.291654;0.432875;-1.127011;-1.269255;0.115003
8.311812;-3.729137;-2.157841;0.421199;-1.053698;-0.762431;0.304037
8.312399;-3.762451;-2.184365;0.412085;-0.870183;-0.789890;0.316331
8.015171;-3.875703;-2.215456;0.877999;-0.768381;-1.044839;0.236361
7.899504;-3.749950;-2.078420;1.038515;-0.762899;-0.607435;0.463181
8.076308;-3.723966;-2.050791;0.471894;-0.686911;-0.306140;0.530137
7.500293;-4.039267;-1.858602;0.373429;-0.013324;0.186770;0.819008
7.520022;-4.033663;-1.897545;0.322285;-0.224233;0.240544;0.830299
7.721884;-3.935340;-2.063534;0.939676;-0.609618;-0.413362;0.565615
7.466328;-3.937129;-1.951877;0.932319;-0.287264;0.052454;0.772566
7.433364;-4.060466;-1.896812;0.196637;-0.029012;0.414350;0.762326
8.054566;-3.870970;-2.078810;0.336588;-0.706020;-0.564004;0.462381
8.520404;-3.737279;-2.352202;0.309737;-1.024983;-1.433482;0.054565
8.160432;-3.791569;-2.183623;0.924737;-0.735232;-0.801882;0.467363
7.803904;-3.955072;-2.035176;0.950363;-0.537264;-0.197528;0.737161
7.785068;-4.001305;-2.014249;0.291692;-0.588236;-0.243067;0.398751
7.993782;-3.494355;-2.123515;0.370673;-0.590004;-0.145428;0.440139
7.938307;-3.488357;-1.925796;0.428528;-0.462713;0.308514;0.777554
7.230353;-3.850373;-1.667584;0.955925;0.014668;1.106783;1.266322
7.393175;-4.129834;-1.914920;0.864241;-0.402310;-0.021926;0.640047
8.335470;-3.725482;-2.271070;0.359756;-1.042778;-0.997446;0.231566
8.361804;-3.543023;-2.224672;0.297365;-0.785351;-0.974559;0.175373
7.698975;-3.900396;-1.976789;0.275934;-0.328465;0.048090;0.594587
7.276754;-4.087311;-1.895420;0.876188;-0.390930;0.137121;0.716147
7.253100;-3.907647;-1.904311;0.833719;-0.194796;0.014655;0.627464
7.529466;-3.884248;-1.908572;0.255249;-0.302328;0.016227;0.628707
7.943658;-3.541870;-2.062184;0.333277;-0.601363;-0.278443;0.416857
8.025958;-3.268643;-2.122227;0.395771;-0.656065;-0.345951;0.277134
7.777901;-3.563844;-2.238192;0.824617;-0.479216;-0.978115;0.123022
8.032409;-3.093629;-2.379750;0.984886;-0.606975;-1.275166;-0.028538
8.241407;-2.678304;-2.282074;0.533068;-0.699578;-0.899930;0.154806
8.058355;-2.621398;-2.412958;-0.816841;-0.321268;-0.514278;0.285218
7.843447;-2.997131;-2.466359;-0.895871;-0.496406;-0.783630;0.060987
6.981530;-2.893746;-1.976278;1.034860;-0.535998;1.047103;1.227694
7.020429;-2.842508;-1.938950;1.001896;-0.758824;1.261781;1.341245
7.155057;-3.563782;-2.105430;0.323083;-0.548994;-0.338036;0.248973
7.325228;-3.449627;-2.167863;0.439451;-0.790202;-0.415002;0.248844
13.166262;13.939145;-4.667401;4.529034;-0.455604;10.443830;1.124193
19.703672;29.499730;-10.176752;-0.343642;4.074913;6.590913;-9.961083
15.995827;26.289994;-10.425862;-5.534894;4.110346;2.376280;-15.906150
18.765561;31.480027;-8.104542;-14.628893;0.949099;0.607883;-4.653090
-3.709663;1.239085;8.698297;-0.320880;2.109123;0.783480;-0.290517
-3.902671;1.194473;8.834362;-0.279993;2.749294;0.806377;-0.181447
-3.432369;1.205184;8.669220;-0.910689;2.306226;0.865733;-0.215253
-3.255626;1.416140;8.644816;-0.898186;1.998733;0.748648;-0.394855
-3.364566;1.297601;8.651277;-0.857334;1.865333;0.509863;-0.512742
-3.911255;1.168771;8.836894;-0.269181;2.658912;0.803843;-0.248041
-3.723929;1.186085;8.871798;-0.277305;2.428708;0.747682;-0.172201
-3.280688;1.201198;8.678508;-0.855274;1.801288;0.561090;-0.339276
-3.117126;1.414415;8.653677;-0.861128;1.746582;0.585376;-0.447213
-3.050190;1.384350;8.590236;-0.795947;1.569728;0.426566;-0.473512
-3.252178;1.304618;8.612198;-0.247941;1.452426;0.000282;-0.679846
0.660031;7.235791;10.490013;2.511108;-0.582203;10.050470;6.577337
1.456395;7.756327;10.140079;2.055320;-1.206885;10.328756;6.672091
-3.318118;1.390046;8.356712;-0.780467;1.869570;0.472946;-0.510541
-3.274131;1.379757;8.282215;-0.843459;2.028844;0.282017;-0.598893
-3.594969;1.343138;8.406997;-0.312804;2.332891;0.482468;-0.446727
-3.519148;1.328696;8.448289;-0.250793;1.929770;0.498797;-0.369332
-3.372222;1.309886;8.498580;-0.800341;2.353545;0.783623;-0.179057
-3.472604;1.114221;8.455836;-0.837388;2.193139;0.638548;-0.304731
-3.461982;1.374128;8.520981;-0.836732;2.277571;0.822381;-0.342287
-3.821532;1.374370;8.633304;-0.241264;2.573005;1.067998;-0.184218
-3.822763;1.283779;8.590790;-0.224205;2.353222;0.835512;-0.319412
-3.604751;1.251123;8.494144;-0.859574;2.529380;0.666121;-0.476426
-3.552575;1.190798;8.460726;-0.856007;2.376796;0.774000;-0.347488
-3.346048;1.177936;8.349858;-0.854057;2.182264;0.697247;-0.311571
-3.583970;1.220545;8.459529;-0.316090;2.244617;0.645211;-0.268654
-3.415385;1.349913;8.372972;-0.265271;1.813896;0.187549;-0.553906
-3.525813;1.276852;8.471202;-0.824452;2.376100;0.806916;-0.332101
-3.517694;1.415278;8.494500;-0.776059;2.133780;1.017439;-0.366491
-3.352817;1.281503;8.338026;-0.835959;1.912135;0.229030;-0.619659
-3.820688;1.288418;8.566481;-0.311241;2.771603;0.579735;-0.360744
-3.287016;1.426036;8.378070;-0.230779;1.531799;-0.132820;-0.725866
-3.018180;1.564785;8.281892;-0.783006;1.522607;0.228208;-0.643685
-3.415142;1.573128;8.385611;-0.797994;2.548432;0.796047;-0.407244
-3.692265;1.254677;8.543293;-0.784187;2.590164;0.941222;-0.296068
-3.392293;1.395919;8.341982;-0.284114;1.694857;0.183007;-0.626407
-3.461584;1.349330;8.414108;-0.281867;1.947808;0.146040;-0.616696
-3.490360;1.398131;8.579712;-0.741436;2.190049;0.847352;-0.283447
-3.273761;1.415903;8.454060;-0.737921;1.789223;0.599594;-0.356497
-3.264272;1.421743;8.372104;-0.809294;2.241596;0.537353;-0.440772
-3.415044;1.496577;8.336891;-0.302845;2.181388;0.075798;-0.685184
-3.578068;1.411689;8.487304;-0.135533;2.321564;0.304730;-0.453554
-3.264818;1.360998;8.388703;-0.712316;2.205325;0.133026;-0.606351
-3.312821;1.372011;8.391453;-0.811548;2.242829;0.499410;-0.550459
-3.288316;1.339199;8.377526;-0.851297;1.965729;0.542845;-0.516063
-3.653014;1.319977;8.490209;-0.229318;2.014404;0.628400;-0.378797
-3.493847;1.351428;8.363608;-0.244570;1.642297;0.359250;-0.544389
-3.230747;1.265439;8.352374;-0.832013;1.873407;0.290373;-0.532019
-3.317786;1.297266;8.417982;-0.832800;2.141577;0.415454;-0.497898
-3.473086;1.239728;8.448220;-0.792884;2.405940;0.487118;-0.438843
-3.243753;1.318412;8.304582;-0.250084;1.820928;-0.233007;-0.697373
-3.124951;1.459376;8.284976;-0.298297;1.853532;-0.300712;-0.729941
-3.211235;1.214057;8.366664;-0.828082;1.979717;0.026150;-0.585516
-3.559892;1.176216;8.534368;-0.860543;2.369367;0.888957;-0.200634
-3.303903;1.325281;8.281844;-0.868852;2.177907;0.355959;-0.487224
-3.387531;1.247032;8.265065;-0.300863;1.753517;0.198253;-0.440091
-3.591378;1.127814;8.346624;-0.370038;2.283307;0.432523;-0.358717
-3.366502;1.239258;8.433094;-0.826170;1.930194;0.554335;-0.458724
-3.316869;1.189843;8.377222;-0.843403;1.739808;0.258267;-0.564315
-3.275007;1.264823;8.312151;-0.848383;1.857745;0.290600;-0.509291
-3.655025;1.183071;8.470966;-0.265387;2.363268;0.603172;-0.246471
-3.616007;1.194194;8.502598;-0.261210;1.993991;0.515343;-0.341609
-3.492864;1.188246;8.496694;-0.826592;2.138530;0.853996;-0.269948
-3.560493;1.335997;8.491955;-0.782215;2.408459;1.047225;-0.221489
-3.464606;1.365287;8.470794;-0.767466;2.230307;0.733952;-0.382091
-3.445545;1.204414;8.434744;-0.259577;1.796262;0.188469;-0.508367
-3.504292;1.220704;8.532602;-0.271603;1.975568;0.517910;-0.357626
-3.571484;1.224259;8.556048;-0.856438;2.441534;1.122158;-0.228272
-3.389401;1.337225;8.377042;-0.921403;2.371189;0.601153;-0.383543
-3.345492;1.286124;8.367088;-0.881484;2.074052;0.388668;-0.442799
-3.534707;1.303812;8.424310;-0.295614;2.300558;0.318118;-0.448292
-3.613894;1.285375;8.580591;-0.294992;2.031515;0.753307;-0.221992
-3.348710;1.149905;8.430489;-0.837193;1.987447;0.495660;-0.333326
-3.011955;1.261596;8.238658;-0.858911;1.531114;-0.014216;-0.620948
-3.221590;1.272876;8.352508;-0.865598;2.174237;0.386727;-0.418772
-3.774157;1.230240;8.499822;-0.289214;2.746551;0.535693;-0.296449
-3.850684;1.302799;8.561064;-0.272755;2.855515;0.841716;-0.224791
-3.518568;1.128643;8.476523;-0.858986;2.478879;0.954792;-0.178655
-3.361571;1.222316;8.424492;-0.880060;2.419526;0.705569;-0.287226
-3.326055;1.278937;8.392026;-0.840934;2.114581;0.753601;-0.284229
-3.039561;1.549964;8.209333;-0.295600;1.583836;0.071086;-0.642286
-3.164443;1.531021;8.289081;-0.286282;1.900334;0.033914;-0.684256
-2.779489;1.640051;8.092097;-0.778551;1.271729;-0.154594;-0.821017
-2.811483;1.658831;8.134930;-0.721158;1.314218;0.051596;-0.685100
-2.955661;1.426665;8.191924;-0.825610;1.616023;-0.015941;-0.743481
-3.413626;1.497855;8.359016;-0.223509;1.939217;0.147460;-0.617607
-3.479948;1.421330;8.387698;-0.222836;1.957188;0.302487;-0.533665
-3.038736;1.425426;8.350978;-0.769869;1.958892;0.254050;-0.535456
-3.184526;1.337905;8.245530;-0.843652;1.854871;0.205048;-0.468386
-3.382531;1.289648;8.322563;-0.893012;2.193624;0.264702;-0.428455
-3.772335;1.273911;8.423082;-0.283937;2.381147;0.595145;-0.372946
-3.829960;1.225045;8.522299;-0.280213;2.654893;0.733850;-0.264662
-3.343030;1.371341;8.412013;-0.840714;2.236769;0.316257;-0.539996
-3.231277;1.402167;8.344725;-0.797144;1.894768;0.156931;-0.661355
-3.336619;1.371940;8.421506;-0.790885;1.940454;0.404707;-0.583599
-3.799013;1.293777;8.588204;-0.240667;2.444647;0.778453;-0.272456
-3.586508;1.147746;8.437810;-0.250589;2.116750;0.182365;-0.423690
-3.402413;1.206687;8.508712;-0.788984;1.992297;0.762633;-0.329225
-3.522852;1.196786;8.536224;-0.778788;2.380023;0.854799;-0.279036
-3.380928;1.137658;8.396311;-0.782101;1.938041;0.330698;-0.458216
-3.273387;1.430768;8.329283;-0.166627;1.674813;-0.137618;-0.693925
-3.344288;1.532564;8.375173;-0.097353;1.826665;0.163325;-0.518921
-3.473283;1.268904;8.478675;-0.721681;2.312232;0.692805;-0.261693
-3.442297;1.199950;8.500440;-0.787317;1.944553;0.400108;-0.475546
-3.483797;1.316070;8.587766;-0.769997;2.269447;0.773962;-0.343624
-3.752147;1.230743;8.632412;-0.165449;2.192593;0.786002;-0.275550
-3.743199;1.059503;8.610687;-0.163735;1.946580;0.690452;-0.177527
-3.417264;1.271039;8.507652;-0.767731;2.141522;0.565635;-0.329262
-3.016286;1.393727;8.256126;-0.781509;1.480828;-0.109602;-0.718805
-3.521542;1.248015;8.447370;-0.762803;2.143425;0.556681;-0.378131
-3.977595;1.272824;8.579907;-0.259851;2.634754;0.658687;-0.294875
-2.498394;3.992187;8.207587;1.416196;-0.414758;4.554760;2.250758
20.050516;57.659435;7.500667;14.947888;3.935376;0.167792;2.252742
29.423298;79.352900;4.004472;17.771854;9.905982;-29.829442;1.331706
8.591405;-4.722607;1.332201;-0.029279;-0.264154;1.377568;1.662251
8.304060;-4.945961;1.307461;-0.272074;0.391773;1.431406;1.560866
7.901836;-4.977853;1.441905;0.405194;0.305650;1.533767;1.597642
8.012626;-4.963158;1.371637;0.393852;-0.000823;1.265707;1.471731
8.383153;-4.990910;1.295916;-0.241823;-0.535069;1.056727;1.287740
8.384572;-4.939900;1.291665;-0.201448;-0.323512;1.141403;1.377987
8.357004;-5.012034;1.283932;-0.179510;0.091068;1.085220;1.493381
8.233469;-5.024466;1.211581;0.375837;0.042320;1.015427;1.524984
8.270162;-5.088639;1.260424;0.334844;-0.065912;0.942153;1.473937
8.362457;-5.121497;1.320493;-0.156188;-0.082505;1.089443;1.507747
8.803619;-5.044841;1.137447;-0.170740;-0.701876;0.443875;1.167652
9.193317;-4.478759;0.916335;-0.196031;-0.998203;0.358268;1.189220
9.399377;-4.172523;0.815872;0.468741;-1.301362;-0.246581;0.997485
9.068300;-4.540050;0.969204;0.456934;-1.146336;0.136708;1.176088
8.761237;-4.818545;1.046083;-0.235766;-0.802405;0.422545;1.062198
8.884433;-4.853610;1.062685;-0.225617;-0.879492;0.329008;1.030254
8.672171;-4.966098;1.184735;-0.235168;-0.529252;0.616714;1.225133
8.328564;-4.880433;1.318858;0.360566;-0.278725;1.110295;1.517067
8.574897;-4.900955;1.122992;0.384367;-0.568517;0.365255;1.222942
8.700199;-5.009282;1.083417;-0.190308;-0.436606;0.243984;1.109959
8.503627;-5.029252;1.209559;-0.207103;-0.373849;0.822032;1.304433
8.787871;-4.802975;1.114937;-0.166536;-0.799632;0.681611;1.132875
8.332888;-4.900127;1.288946;0.402093;-0.262411;0.861826;1.305024
8.330435;-5.069032;1.170099;0.401951;-0.417336;0.352572;1.165508
8.281057;-5.007155;1.305213;-0.201614;0.222950;1.193124;1.444491
8.381863;-4.877601;1.269174;-0.210852;-0.122046;1.326324;1.362672
8.415353;-4.962100;1.238964;-0.231402;0.095021;1.103415;1.379452
8.729418;-4.817433;1.098238;0.318174;-0.785977;0.284895;1.120625
8.650115;-4.870045;1.138056;0.345344;-0.875267;0.381422;1.114642
8.983902;-4.813192;1.018636;-0.216198;-0.836141;0.091245;0.968897
9.192268;-4.657601;0.945296;-0.223382;-1.039793;-0.222822;0.820967
8.912593;-4.773640;1.026424;-0.202405;-0.963929;0.379185;1.037472
8.615581;-4.822621;1.148668;0.421320;-0.904706;0.510686;1.175796
8.497812;-4.816054;1.171115;0.431155;-0.736537;0.474783;1.131764
8.806740;-4.790681;0.960149;-0.201008;-0.668745;0.081879;0.929081
9.296305;-4.607483;0.843709;-0.230603;-1.125350;-0.534959;0.735517
9.622086;-4.696635;0.704517;-0.235366;-1.490358;-1.010899;0.545673
9.193117;-4.807215;0.888041;0.383984;-1.358065;-0.819277;0.624441
8.647908;-4.842926;1.200728;0.457144;-0.620015;0.276681;1.069246
8.602028;-4.831138;1.226556;-0.161165;-0.197161;0.888211;1.315851
8.683332;-4.850272;1.131671;-0.243885;-0.145594;0.499231;1.106433
8.675336;-4.727701;1.129192;-0.222546;-0.584627;0.845258;1.090177
8.786482;-4.711984;1.091504;0.379167;-0.906265;0.574715;1.185339
8.892730;-4.815731;1.014691;0.383094;-0.707989;0.139699;1.079882
9.046719;-4.712711;0.997812;-0.060915;-1.036663;0.523327;1.162650
9.503543;-4.178852;1.028921;0.186398;-1.202290;0.438090;1.292396
9.385280;-4.240393;1.078027;0.219427;-1.349853;0.659826;1.421728
8.625817;-4.753810;1.164912;0.474664;-0.611532;0.577185;1.352034
8.591271;-5.025051;1.127646;0.389780;-0.627632;0.147726;1.126785
9.246239;-4.569649;1.068490;0.034659;-0.575567;0.482256;1.318049
9.395303;-4.511598;0.961493;-0.052405;-0.889434;-0.223681;0.991513
9.479231;-4.585179;0.802328;-0.136292;-1.404198;-0.687974;0.669820
9.448988;-4.372746;0.781679;0.542109;-1.674418;-0.835026;0.634756
9.104436;-4.548303;1.000195;0.593946;-1.382285;-0.150062;0.949698
9.391948;-4.480701;1.007030;0.098858;-1.383987;0.324297;1.225872
9.495412;-4.429405;0.992719;0.068807;-0.930752;0.305029;1.237870
9.312908;-4.939204;0.890439;-0.214200;-1.153713;-0.606380;0.785097
8.909715;-4.932986;1.017142;0.367139;-1.001070;-0.274514;0.877657
8.816780;-4.797092;1.142136;0.369135;-0.788032;0.217228;1.099042
9.660108;-4.328754;0.731616;-0.103057;-1.215568;-0.779509;0.614921
9.799651;-4.242006;0.636752;-0.097961;-1.290511;-1.177368;0.462706
9.627695;-4.413497;0.753916;-0.143706;-1.293856;-0.789347;0.685715
9.157507;-4.742726;0.922282;0.352342;-1.165492;-0.568985;0.753271
9.102783;-4.758413;0.957542;0.385645;-1.242681;-0.431513;0.756015
9.265503;-4.766332;0.990920;-0.152231;-1.083220;-0.182798;0.884174
9.048246;-4.774434;1.101684;-0.143523;-0.554146;0.141633;1.058768
8.583362;-4.925921;1.307834;-0.177090;-0.398502;0.822072;1.293164
8.778616;-4.706118;1.056874;0.327395;-0.610649;0.069090;0.919902
8.956469;-4.595142;1.019800;0.398435;-0.922894;-0.173223;0.806230
9.001409;-4.563589;1.128654;-0.017311;-0.965525;0.469066;1.082350
9.213238;-4.676329;1.059364;-0.054138;-0.997415;0.139580;1.028542
9.288427;-4.719619;1.061399;-0.191298;-1.069502;0.137074;1.076740
8.842170;-4.726428;1.020723;0.330672;-0.795519;0.124948;0.964416
8.735154;-4.655270;1.150063;0.528174;-0.867034;0.497967;1.235153
8.878114;-4.639891;1.124764;-0.049359;-0.681491;0.642959;1.251507
9.243926;-4.487182;0.991985;-0.016563;-0.971780;0.076647;1.027829
9.551931;-4.486416;0.879746;-0.046906;-1.341525;-0.470493;0.723083
8.816752;-4.845006;1.199877;0.506731;-0.938610;0.330716;1.214752
8.492345;-5.059741;1.355507;0.409356;-0.102007;0.801271;1.544527
9.104813;-4.760134;1.091623;-0.175213;-0.919589;0.341464;1.112128
9.237050;-4.648993;0.978278;-0.131829;-1.014690;0.023189;1.031613
9.098299;-4.813244;1.042374;-0.101319;-0.863259;0.123369;1.138048
8.838020;-4.957711;1.058060;0.380650;-0.618319;-0.166344;0.984445
8.656457;-5.055110;1.196546;0.350136;-0.560015;0.139481;1.110641
8.829037;-4.902842;1.094580;-0.214794;-0.740185;0.311857;1.003865
8.817458;-4.919714;1.121262;-0.179681;-0.843107;0.394813;1.016396
8.719136;-4.997065;1.206570;-0.103949;-0.869695;0.613388;1.147754
8.721409;-4.797698;1.141787;0.444976;-0.716450;0.404458;1.114322
8.506875;-4.723527;1.196127;0.416002;-0.271438;0.566997;1.136345
8.476473;-4.836057;1.249721;-0.182364;-0.197548;0.704990;1.084307
8.495555;-4.961618;1.327824;-0.184205;-0.270691;0.826475;1.236681
9.020028;-4.589898;1.038117;0.022628;-1.039257;0.414328;1.193868
8.695404;-4.511919;1.165433;0.589888;-0.531743;0.763189;1.426869
8.726607;-4.878479;1.055585;0.393249;-0.611875;0.137508;1.101720
8.846833;-4.833276;1.088823;-0.185545;-0.177225;0.433185;1.205253
10.277600;-3.164110;1.557500;1.123911;-1.633832;2.798909;3.075771
10.628328;-2.699475;1.252703;1.208728;-1.658507;1.985265;2.618011
9.312725;-3.593164;1.105032;1.158030;-1.702868;1.963472;2.511275
8.311600;-5.023608;1.347251;0.438138;-0.163122;0.844044;1.435815
8.571114;-4.997500;1.263536;-0.240006;-0.291696;0.827841;1.317582
8.735213;-4.913613;1.092712;-0.207603;-0.615987;0.648768;1.216096
8.744109;-4.939042;1.165531;-0.179567;-0.520331;0.701050;1.233216
8.907892;-4.902011;1.045089;0.376886;-0.850538;0.115892;1.058408
9.308550;-4.703877;0.861606;0.366219;-1.391696;-0.520954;0.771884
9.726364;-4.360571;1.395746;0.333988;-2.061700;1.220905;2.171178
9.438710;-4.397752;1.808871;0.560590;-2.090676;2.784116;3.187406
8.769687;-5.077276;1.154194;-0.238321;-0.100733;0.407694;1.192683
8.921167;-4.981048;1.006364;0.314996;-0.781379;-0.307094;0.856914
9.030277;-4.935639;1.098934;0.505765;-1.068989;-0.072549;1.083477
9.631823;-4.753126;0.970723;-0.061448;-1.370548;-0.130466;1.088326
9.446615;-4.755692;1.008900;-0.108717;-1.137809;0.098418;1.146922
9.102602;-4.888895;1.037273;-0.132885;-1.020427;0.058412;0.929422
9.185400;-4.645469;0.949300;0.461736;-1.170266;-0.126467;0.858847
8.975829;-4.617704;1.082608;0.440301;-0.777690;0.525932;1.227181
-8.300146;5.487965;-3.528591;-6.390567;3.304785;-9.958171;20.828377
-9.131350;5.988215;-3.887273;-6.791725;4.900477;-14.513497;32.249636
-8.959296;5.007160;-3.134467;-4.975911;3.392945;-8.673301;19.628006
-8.202628;3.872561;-2.592875;-3.095354;1.802950;-5.387754;11.724794
-7.927029;3.147370;-2.217864;-1.943813;1.137868;-3.235314;6.503372
-8.256898;3.696650;-2.392210;-2.920898;2.193270;-4.482242;9.814613
-8.849231;4.121831;-2.586034;-3.122641;2.806418;-5.900797;13.580525
-8.490680;3.214247;-2.198454;-1.624374;1.890289;-3.837736;7.732365
-7.889006;2.630617;-1.967516;-1.224814;0.905774;-2.186405;3.345736
-7.665819;2.722065;-1.897797;-1.237578;0.730801;-1.699471;2.754176
-7.899040;2.632633;-1.759639;-1.251157;1.031641;-1.358823;2.689702
-8.260366;2.578400;-1.683715;-0.475142;1.263622;-1.067334;1.973210
-7.898863;2.517040;-1.700614;-0.280233;0.528257;-0.831012;1.023471
-7.570406;2.528161;-1.670701;-0.764711;0.194444;-0.502285;0.689919
-7.451881;2.587618;-1.656869;-0.742694;0.206270;-0.364529;0.444566
-7.448686;2.377219;-1.728168;-0.719985;0.126006;-0.523500;0.196592
-7.709875;2.332694;-1.654038;-0.041876;-0.047364;-0.452708;0.104491
-7.818999;2.335987;-1.595213;-0.116300;0.287754;-0.472353;0.480345
-7.624946;2.402149;-1.713762;-0.805887;0.666676;-0.746168;0.733178
-7.614584;2.485297;-1.671114;-0.691965;0.685190;-0.550479;0.447361
-7.437781;2.528683;-1.690838;-0.750563;-0.006432;-0.510010;0.323608
-7.376435;2.685402;-1.993930;-0.304261;-0.250648;-1.417192;0.676534
-7.540477;2.741067;-1.967570;-0.455733;0.189547;-1.749143;1.455879
-7.450371;2.668890;-1.817482;-1.107544;0.470841;-1.256207;2.086303
-7.426165;2.611969;-1.842769;-1.025099;0.446097;-1.067818;1.503783
-7.690009;2.410702;-1.743055;-0.860545;0.496873;-0.734625;1.030544
-8.026063;2.301871;-1.700321;-0.305541;0.900361;-0.793878;0.986298
-7.620415;2.518388;-1.908119;-0.312889;0.281047;-1.452724;0.701904
-7.550695;2.434158;-1.753346;-0.698402;0.295843;-0.803988;0.609736
-7.795671;2.281336;-1.655433;-0.611889;0.451817;-0.486862;0.379059
-7.674033;2.470287;-1.725062;-0.797038;0.632292;-0.499201;0.803839
-8.070495;2.278791;-1.612449;-0.220443;0.823065;-0.347538;0.859222
-8.222138;2.217908;-1.544231;-0.166645;1.049915;-0.110182;0.650451
-7.824465;2.374317;-1.657489;-0.697034;0.800885;-0.274021;0.507863
-7.704230;2.357871;-1.629796;-0.762972;0.494774;-0.469527;0.603903
-7.627538;2.334982;-1.676720;-0.694868;0.259672;-0.599563;0.521608
-7.895372;2.564926;-1.647004;-0.252162;0.604243;-0.788070;1.841747
-8.019460;2.688406;-1.586104;-0.226394;1.035884;-0.591640;2.421883
-7.909315;2.446048;-1.656499;-0.804745;0.731129;-0.513464;1.678409
-7.795220;2.431681;-1.586860;-0.725966;0.597309;-0.216776;1.183909
-7.851028;2.332269;-1.630047;-0.792225;0.726291;-0.335982;0.743744
-8.227876;2.293880;-1.477458;-0.168566;0.890493;0.266200;0.849627
-7.820071;2.376197;-1.731680;-0.156582;0.431069;-0.492288;0.505928
-7.770950;2.411300;-1.772025;-0.980035;0.971132;-0.842474;1.127410
-8.059033;2.380719;-1.529030;-0.864172;1.310316;-0.336607;1.463399
-7.914386;2.274086;-1.599380;-0.735661;0.604813;-0.632950;0.932741
-7.825909;2.457386;-1.742643;-0.331552;0.213201;-0.862205;0.862174
-7.687332;2.415211;-1.684233;-0.095163;0.163991;-0.516663;0.079480
-7.510491;2.312968;-1.604129;-0.522968;0.284444;-0.016760;-0.207616
-7.512444;2.361253;-1.645904;-0.573484;0.322303;-0.141343;-0.205000
-7.443643;2.304658;-1.736955;-0.569760;0.095388;-0.492382;-0.032073
-7.664972;2.304048;-1.718862;-0.025193;0.134452;-0.515168;-0.049891
-7.663098;2.228922;-1.765084;0.008554;0.080430;-0.520595;-0.251364
-7.761085;2.024177;-1.560056;-0.467673;0.341047;0.157911;-0.065741
-7.605165;2.185311;-1.708572;-0.494403;0.416371;-0.211037;-0.178878
-7.413533;2.233015;-1.667471;-0.508992;0.107366;-0.303536;-0.372254
-7.882615;2.219924;-1.552611;0.044115;0.514759;0.028005;-0.320766
-7.933715;2.251110;-1.536561;0.018635;0.739496;-0.066873;-0.201300
-7.598279;2.059420;-1.600487;-0.558805;0.229368;-0.160893;-0.197005
-7.531585;2.136390;-1.690103;-0.504116;0.013989;-0.499085;-0.347161
-7.567872;2.139811;-1.595392;-0.520272;0.122740;-0.270361;-0.174631
-7.619199;2.345826;-1.706999;0.017990;0.254423;-0.451474;-0.158543
-7.715756;2.278780;-1.696385;0.002530;0.293330;-0.384840;-0.265982
-7.607897;2.175531;-1.623843;-0.540981;0.527470;-0.148414;-0.293551
-7.698169;2.089074;-1.586784;-0.521574;0.676581;0.022457;-0.150295
-7.500903;2.410461;-1.686674;-0.497096;0.164245;-0.061543;-0.310549
-7.700799;2.349792;-1.672072;0.075414;0.220801;-0.341657;-0.254392
-7.297837;2.840628;-1.940420;-0.296407;-0.173032;-1.541680;1.724009
-6.957699;3.257834;-2.178071;-1.136599;0.052819;-2.583145;3.873246
-7.207951;2.801036;-1.808204;-0.831387;-0.002095;-0.939763;2.717589
-7.592163;2.395704;-1.728063;-0.732055;0.366297;-0.554023;0.319311
-7.744851;2.388033;-1.756469;-0.147699;0.206368;-1.128709;0.325901
-7.879487;2.233721;-1.654410;-0.045050;0.245343;-0.775630;0.149146
-7.720410;2.230274;-1.661449;-0.516018;0.220520;-0.246523;-0.089746
-7.540949;2.282787;-1.705367;-0.643752;0.478371;-0.549009;-0.003434
-7.493281;2.177978;-1.716567;-0.584833;0.186698;-0.679753;-0.240773
-7.821427;2.246878;-1.670995;0.100346;-0.040363;-0.450566;-0.153639
-7.896411;2.311972;-1.679301;-0.064608;0.455673;-0.657899;0.150953
-7.751507;2.226278;-1.648047;-0.614898;0.519974;-0.369272;0.017865
-7.519432;2.209138;-1.760876;-0.606674;0.324995;-0.638936;-0.214837
-7.614597;2.068295;-1.690585;-0.581113;0.346755;-0.648877;-0.185147
-7.948760;2.058599;-1.539736;0.067426;0.278563;-0.244235;-0.142403
-7.739190;2.183832;-1.671870;0.030342;0.008954;-0.457625;-0.155156
-7.604463;2.195020;-1.682852;-0.543260;0.218725;-0.352764;-0.147097
-7.596974;2.154313;-1.734064;-0.549079;0.193137;-0.583622;-0.279475
-7.607294;2.184252;-1.737906;-0.578574;0.349073;-0.589276;-0.307617
-8.054410;2.151022;-1.481691;0.020888;0.611217;-0.037066;-0.128488
-7.824170;2.240702;-1.596503;0.038595;0.220590;-0.373829;-0.065126
-7.392451;2.289991;-1.743454;-0.523488;-0.147538;-0.593603;-0.035886
-7.558446;2.158014;-1.683507;-0.565017;0.293979;-0.485490;0.032114
-7.524041;2.349781;-1.641676;-0.696569;0.363045;-0.503041;0.410809
-7.975276;2.352873;-1.657278;-0.222054;0.869411;-0.428904;0.575209
-7.834304;2.297542;-1.693619;-0.116786;0.252067;-0.735831;0.052951
-7.444814;2.333343;-1.720929;-0.610656;0.366286;-0.646818;-0.010332
-7.477933;2.323112;-1.799360;-0.590713;0.326961;-0.701536;0.048454
-7.832120;2.270500;-1.583481;-0.553675;0.730494;-0.110794;0.288156
-7.898759;2.393804;-1.684410;0.008886;0.291959;-0.181794;0.266374
-7.711010;2.346787;-1.783677;-0.094286;0.269331;-0.645042;0.309296
-7.381064;2.322562;-1.862887;-0.661611;-0.106049;-0.918352;0.145150
-7.481665;2.393729;-1.810203;-0.702392;0.110833;-0.769170;0.360826
-7.443058;2.321826;-1.767684;-0.769070;0.040689;-0.997021;0.541732
-7.808193;2.373548;-1.688961;-0.208630;0.557120;-0.890800;0.465412
-8.042853;2.430190;-1.618153;-0.128928;0.786125;-0.256119;0.418288
-7.491741;2.470819;-1.751432;-0.749773;0.486036;-0.737752;0.356092
-7.152968;2.571806;-1.961571;-0.750503;-0.121464;-1.426610;0.640925
-7.531823;3.923918;-2.704059;-3.128883;1.152657;-5.524820;10.191365
-8.277578;5.130177;-3.417663;-4.924655;2.804649;-9.487307;18.703860
-8.520776;4.691630;-3.017153;-3.912193;2.769648;-7.818037;16.451337
-8.817998;5.648076;-3.487402;-6.536515;4.409260;-10.439090;23.238911
