Mean_X;Median_X;Std_X;Variance_X;RMS_X;AvgDerivative_X;Skewness_X;Kurtosis_X;IQR_X;ZeroCross_X;MeanCross_X;MedianAbsDev_X;Range_X;Mean_Y;Median_Y;Std_Y;Variance_Y;RMS_Y;AvgDerivative_Y;Skewness_Y;Kurtosis_Y;IQR_Y;ZeroCross_Y;MeanCross_Y;MedianAbsDev_Y;Range_Y;Mean_Z;Median_Z;Std_Z;Variance_Z;RMS_Z;AvgDerivative_Z;Skewness_Z;Kurtosis_Z;IQR_Z;ZeroCross_Z;MeanCross_Z;MedianAbsDev_Z;Range_Z;Correlation_XY;Correlation_XZ;Correlation_YZ;FFT_Max_X;FFT_Min_X;MeanFFT_X;StdFFT_X;FFT_Energy_X;FFT_DominantFreq_X;SkewnessFFT_X;KurtosisFFT_X;SpectralEntropy_X;FFT_Max_Y;FFT_Min_Y;MeanFFT_Y;StdFFT_Y;FFT_Energy_Y;FFT_DominantFreq_Y;SkewnessFFT_Y;KurtosisFFT_Y;SpectralEntropy_Y;FFT_Max_Z;FFT_Min_Z;MeanFFT_Z;StdFFT_Z;FFT_Energy_Z;FFT_DominantFreq_Z;SkewnessFFT_Z;KurtosisFFT_Z;SpectralEntropy_Z;AI;VI;SMA;EVA1;EVA2;CAGH;AVH;AVG;ARATG;DF;ENERGY;AAE;ARE;MaxAccel_X;MaxAccel_Y;MaxAccel_Z;MinAccel_X;MinAccel_Y;MinAccel_Z;RMSAccel_X;RMSAccel_Y;RMSAccel_Z;TotalEnergy;SignalMagnitude_X;SignalMagnitude_Y;SignalMagnitude_Z;Cov_XY;Cov_XZ;Cov_YZ;EntropyTime_X;EntropyTime_Y;EntropyTime_Z;Max_X;Max_Y;Max_Z;Min_X;Min_Y;Min_Z;MaxFFT_X;MaxFFT_Y;MaxFFT_Z
-1.031534;-1.286000;1.175888;1.382712;1.564217;0.364669;0.592199;-0.589703;1.653130;3.479612;6.462136;0.694600;5.013800;0.308253;0.618190;1.794060;3.218650;1.820349;0.931426;-0.728699;0.488927;2.028200;7.953398;10.935922;1.011980;9.094500;0.721416;0.881060;1.317592;1.736049;1.502162;0.376948;-0.092793;-1.268484;2.363765;4.473786;4.473786;1.184510;5.072200;-0.227272;0.689249;-0.007397;106.248031;0.163150;8.409034;16.953684;180.808178;0.000000;4.351056;20.242660;1.388234;82.859125;0.412571;11.942531;14.321144;175.547561;0.497087;2.662342;9.378381;2.456733;74.305890;0.106409;8.291439;14.646701;143.012011;0.000000;3.065229;9.022836;1.843553;2.691140;0.774701;4.115256;3.432992;2.531161;0.327554;0.623372;-1.038360;0.403808;0.000000;785.847368;166.455917;989.132273;1.872800;3.866800;3.380200;-3.141000;-5.227700;-1.692000;1.564217;1.820349;1.502162;499.367750;1.564217;1.820349;1.502162;-0.484156;1.078350;-0.017657;3.147144;2.958198;3.208143;1.872800;3.866800;3.380200;-3.141000;-5.227700;-1.692000;106.248031;82.859125;74.305890
-1.598470;-1.686200;1.274113;1.623363;2.044130;0.417579;-0.208130;0.054152;1.718360;2.730667;4.778667;0.885200;6.507600;0.688280;0.999310;2.123555;4.509485;2.232311;1.090055;-0.269547;0.560158;2.549225;8.192000;8.192000;1.283280;11.640400;0.677029;0.841530;1.207883;1.458980;1.384684;0.346148;-0.141781;-1.199761;2.251435;5.461333;4.096000;1.092570;4.599300;-0.383704;0.590543;0.149418;119.885222;0.341325;8.819232;20.508393;252.509012;0.000000;4.422366;20.178389;0.914947;51.620983;0.379704;13.140816;15.205412;204.635374;0.000000;1.278366;0.331445;2.451099;50.861281;0.454811;6.549748;11.529751;89.089410;0.682667;3.067648;8.678931;1.525528;3.125948;1.307483;4.728713;4.911988;2.390378;0.028596;0.359382;-1.054083;0.793638;4.778667;781.896769;182.077932;1078.093020;1.183100;6.412700;3.038700;-5.324500;-5.227700;-1.560600;2.044130;2.232311;1.384684;546.233797;2.044130;2.232311;1.384684;-1.052197;0.921114;0.388438;3.025053;2.851508;3.124649;1.183100;6.412700;3.038700;-5.324500;-5.227700;-1.560600;119.885222;51.620983;50.861281
-1.400706;-1.512200;0.707865;0.501074;1.569411;0.279636;0.907819;0.073733;0.811875;1.969231;6.892308;0.411150;2.771200;0.546568;0.688780;1.768783;3.128594;1.851305;0.509214;-0.461156;-0.247688;2.382910;4.923077;2.953846;1.223710;7.226200;0.712607;0.710770;0.423109;0.179021;0.828752;0.248309;0.337042;0.007806;0.408300;1.969231;11.815385;0.229390;1.772576;-0.750058;0.518396;-0.253800;72.836723;0.033877;6.142875;13.558922;115.050774;0.000000;4.400530;18.705815;0.584510;39.872136;1.049783;8.697903;10.541261;96.977613;0.984615;2.013369;2.863556;1.853684;37.055571;0.388921;3.533059;6.881107;31.066691;0.000000;4.275358;17.893907;0.750140;2.433378;0.655882;3.660170;3.513263;0.278350;0.178604;0.420269;-0.569927;0.654291;0.984615;324.993759;81.031693;468.183114;0.395000;3.581900;1.696800;-2.376200;-3.644300;-0.075776;1.569411;1.851305;0.828752;243.095078;1.569411;1.851305;0.828752;-0.957532;0.158306;-0.193665;2.929796;3.114215;2.942865;0.395000;3.581900;1.696800;-2.376200;-3.644300;-0.075776;72.836723;39.872136;37.055571
-1.385250;-1.516400;0.693097;0.480384;1.548968;0.301039;0.955100;0.510072;0.805700;1.491262;5.965049;0.398000;3.246190;-0.525319;-0.721150;1.866904;3.485332;1.939405;0.541021;0.300376;-0.895470;2.930875;3.976699;5.965049;1.439550;7.226200;0.378382;0.455540;0.639479;0.408933;0.743039;0.264412;-0.405128;0.445251;0.801083;4.970874;7.953398;0.413540;3.368800;-0.542449;0.247191;0.354153;142.680771;0.354043;7.314164;19.672390;222.388320;0.000000;6.278723;40.140224;0.629758;105.939035;0.662944;10.682757;17.254484;207.918479;0.497087;3.722642;16.045080;1.827415;38.973371;0.256611;4.637631;7.029763;35.806894;0.000000;3.259352;11.221516;1.983495;2.493510;0.495108;3.675207;3.723669;0.547033;0.310948;0.603280;-1.362630;-0.946582;1.491262;665.909997;155.371231;923.263661;0.770790;3.581900;1.696800;-2.475400;-3.644300;-1.672000;1.548968;1.939405;0.743039;466.113693;1.548968;1.939405;0.743039;-0.708781;0.110634;0.426950;3.025550;3.241376;2.973396;0.770790;3.581900;1.696800;-2.475400;-3.644300;-1.672000;142.680771;105.939035;38.973371
-1.125157;-1.158300;0.706180;0.498690;1.328408;0.288733;0.375875;-0.268505;1.038485;1.365333;7.509333;0.527050;3.246190;-1.132548;-0.979000;1.291009;1.666705;1.717373;0.515882;-0.014409;-1.335170;2.249029;4.778667;6.826667;1.112400;4.339600;0.440792;0.311090;0.831601;0.691561;0.941201;0.278926;-0.064087;-0.637064;1.331045;5.461333;5.461333;0.583190;3.711100;-0.123394;0.392790;0.623288;84.386749;0.216287;6.281567;13.595937;113.649175;0.000000;5.006687;25.711772;0.829589;84.941081;0.410048;8.880519;15.308905;158.701269;0.000000;3.899040;15.166850;1.330929;40.194274;0.234354;4.081434;7.955356;40.505868;0.682667;3.719153;12.837627;1.216162;2.264526;0.471817;3.306989;2.034223;0.701269;0.189040;0.950208;-0.979352;-1.199631;0.000000;402.299021;104.285438;617.479565;0.770790;1.051200;2.039100;-2.475400;-3.288400;-1.672000;1.328408;1.717373;0.941201;312.856313;1.328408;1.717373;0.941201;-0.114017;0.233787;0.678208;3.029544;3.215545;3.058762;0.770790;1.051200;2.039100;-2.475400;-3.288400;-1.672000;84.386749;84.941081;40.194274
0.239434;0.671600;1.532598;2.348858;1.551189;0.393699;-0.376750;-1.189501;2.697800;3.938462;3.938462;1.139060;5.295900;-0.946376;-2.632800;3.915260;15.329262;4.028013;0.775306;0.789515;-0.645191;5.386100;1.969231;1.969231;1.707500;13.385900;1.174575;1.411850;1.299919;1.689788;1.751974;0.397324;0.047440;-0.770447;1.840180;7.876923;2.953846;1.101965;5.640800;-0.591033;0.301837;0.445508;51.391185;0.030605;5.445400;9.680716;64.056792;0.984615;3.952285;15.849529;0.965479;121.680211;1.081457;13.698198;25.878704;445.161426;0.984615;3.083745;9.110435;1.123121;61.077879;0.023753;7.531591;12.886298;115.675027;0.000000;3.127974;9.294381;1.201058;4.402406;2.319311;6.398509;16.843468;2.607351;-0.330482;0.967361;0.325967;-0.678218;1.969231;1068.123895;208.297748;1203.498102;2.482400;7.308300;3.936800;-2.813500;-6.077600;-1.704000;1.551189;4.028013;1.751974;624.893245;1.551189;4.028013;1.751974;-3.616044;0.613126;2.311882;3.106350;2.891185;2.932802;2.482400;7.308300;3.936800;-2.813500;-6.077600;-1.704000;51.391185;121.680211;61.077879
-0.941062;-1.238400;1.788944;3.200321;2.021366;0.370549;0.285006;-1.152998;3.176050;2.982524;2.982524;1.551600;6.230000;-0.861363;-1.897800;3.697115;13.668658;3.796130;0.742035;0.267503;-0.861600;5.419100;1.988350;1.988350;2.985300;14.478600;0.703653;0.612780;1.193651;1.424802;1.385615;0.373990;0.264331;0.214192;1.431187;8.947573;4.970874;0.662484;6.198100;-0.479644;0.532971;0.192502;104.788664;0.245266;9.320366;20.500570;256.033159;0.497087;3.742719;13.304414;1.431634;157.704576;0.666926;19.591220;34.086508;780.356411;0.994175;2.707246;6.457545;1.956945;72.476296;0.739756;8.247103;13.354565;124.375470;0.000000;3.278057;10.897487;1.888067;4.273244;2.155841;6.111637;14.718006;3.290819;0.259888;1.604755;-0.176746;-0.885831;2.982524;1991.868872;386.921680;2299.207677;2.482400;7.308300;3.936800;-3.747600;-7.170300;-2.261300;2.021366;3.796130;1.385615;1160.765041;2.021366;3.796130;1.385615;-3.203432;1.149250;0.857851;3.277957;3.145042;2.976132;2.482400;7.308300;3.936800;-3.747600;-7.170300;-2.261300;104.788664;157.704576;72.476296
-1.863189;-1.734100;1.041827;1.085403;2.134684;0.320288;-0.050071;-1.138846;1.885230;1.365333;6.826667;0.876270;3.869710;0.172735;1.012800;3.454946;11.936652;3.459261;0.687577;-0.598653;-0.627230;4.756600;2.048000;2.048000;2.292700;12.850800;0.435460;0.612780;0.788917;0.622390;0.901119;0.311224;-1.287451;1.893881;0.833434;6.144000;7.509333;0.439920;3.904200;-0.410205;0.659150;0.017718;139.739193;0.142278;8.233220;22.943794;301.063157;0.000000;5.039074;25.561091;0.592702;152.315165;0.706942;13.627931;26.498406;449.862252;0.682667;4.023398;17.291572;1.208272;32.659522;0.248925;5.006142;7.005227;37.561562;0.000000;2.471122;5.582176;1.931603;3.893100;2.179152;5.552093;12.297995;1.332373;0.443735;0.776372;-1.435596;0.377633;1.365333;1218.435466;262.828991;1556.224286;0.122110;5.680500;1.642900;-3.747600;-7.170300;-2.261300;2.134684;3.459261;0.901119;788.486972;2.134684;3.459261;0.901119;-1.496469;0.549086;0.048945;3.155860;3.204961;2.842498;0.122110;5.680500;1.642900;-3.747600;-7.170300;-2.261300;139.739193;152.315165;32.659522
-0.883493;-0.895730;0.504317;0.254336;1.017298;0.221557;0.109001;-0.675221;0.771300;2.659740;9.309091;0.398960;2.323640;-0.819951;-1.125400;1.520203;2.311018;1.727234;0.456532;0.975280;0.606225;1.690340;3.324675;3.989610;0.904180;6.556700;0.275969;0.458850;0.748102;0.559657;0.797381;0.296085;-0.712705;-0.186724;0.985160;3.324675;8.644156;0.418130;3.289000;-0.507956;0.299116;0.221517;68.028991;0.087371;4.445223;10.873729;69.895087;0.000000;5.202279;27.122664;0.658425;63.136230;0.243535;9.055650;13.995429;140.742807;0.000000;2.825531;7.453436;1.766016;22.320019;0.275827;4.448139;5.859464;27.411054;0.664935;1.863007;2.413212;2.191764;2.019681;0.574941;3.030552;2.442133;0.598512;0.060395;0.891039;-0.613168;-1.246137;1.994805;336.226644;79.349649;469.994076;0.293640;3.212300;1.661100;-2.030000;-3.344400;-1.627900;1.017298;1.727234;0.797381;238.048947;1.017298;1.727234;0.797381;-0.394556;0.114336;0.255239;3.109349;2.896441;3.005739;0.293640;3.212300;1.661100;-2.030000;-3.344400;-1.627900;68.028991;63.136230;22.320019
-0.897782;-0.868870;0.439033;0.192750;0.999381;0.222858;-0.176627;-0.609287;0.671450;1.013861;9.124752;0.338090;2.131130;-0.308960;-0.598740;1.616636;2.613511;1.645894;0.425474;0.288126;-0.858811;2.533850;3.041584;4.562376;1.186290;6.556700;0.327450;0.458850;0.728085;0.530107;0.798330;0.300381;-0.608126;-0.043773;0.989260;6.083168;6.083168;0.422749;3.289000;-0.401238;0.403751;0.257694;90.675971;0.512728;4.782730;12.554706;91.141115;0.000000;6.287730;39.977132;0.617127;97.921114;0.310995;8.196225;14.604511;141.623384;0.506931;4.753557;25.383487;1.452585;33.072434;0.412181;4.870547;7.123236;37.599983;0.000000;2.490261;5.762149;2.188029;1.946275;0.557076;3.002020;2.711670;0.563301;-0.119191;0.652038;-0.840106;-0.756353;0.000000;410.718766;90.121494;535.427699;0.101130;3.212300;1.661100;-2.030000;-3.344400;-1.627900;0.999381;1.645894;0.798330;270.364482;0.999381;1.645894;0.798330;-0.287629;0.130351;0.306351;3.120368;3.245030;3.063409;0.101130;3.212300;1.661100;-2.030000;-3.344400;-1.627900;90.675971;97.921114;33.072434
-1.350954;-1.297800;0.673808;0.454017;1.509667;0.252807;0.028598;0.105294;0.943130;0.994175;5.467961;0.457080;3.634190;-0.691317;-0.507780;1.848098;3.415467;1.973166;0.860879;-0.419940;3.169428;1.789870;7.953398;8.947573;0.885780;13.238800;1.144951;0.961370;0.989485;0.979080;1.513272;0.528139;0.992133;1.432359;1.121025;3.976699;10.438835;0.508730;5.152210;-0.145849;-0.292966;-0.063643;139.148300;0.387167;6.648612;19.350995;211.364879;0.000000;6.219899;39.346948;0.573425;71.205613;0.800369;13.713173;16.058142;225.122162;0.000000;2.061631;3.862792;2.566206;117.929917;0.387697;9.742905;16.504624;185.446547;0.000000;5.466399;32.616582;1.384088;2.567290;1.871492;3.961749;3.464659;1.052826;-0.085540;1.603831;-1.418674;-0.543206;1.491262;775.252769;207.311196;1231.906914;0.640590;6.253300;4.303100;-2.993600;-6.985500;-0.849110;1.509667;1.973166;1.513272;621.933588;1.509667;1.973166;1.513272;-0.183401;-0.197242;-0.117523;2.969914;2.598099;2.915077;0.640590;6.253300;4.303100;-2.993600;-6.985500;-0.849110;139.148300;71.205613;117.929917
-1.358603;-1.326150;0.378551;0.143301;1.410355;0.214057;-0.398926;-0.232549;0.480425;0.000000;6.736842;0.233000;1.789600;-0.753523;-0.610085;1.619903;2.624084;1.786584;0.583118;-1.717025;5.316493;1.323543;6.736842;8.084211;0.673708;9.594000;0.684196;0.597615;0.674116;0.454432;0.960498;0.428109;0.662502;1.102730;0.663982;8.084211;14.147368;0.321825;3.712010;-0.247855;-0.131756;-0.248274;103.253820;0.053504;4.939784;16.111716;145.731124;0.000000;5.819094;32.552147;0.248985;57.267722;1.175488;10.966176;12.577905;142.894306;0.000000;2.074647;4.059108;2.298318;51.998920;0.122665;5.632207;8.443349;52.861368;0.000000;4.297850;20.461021;1.503391;2.148447;1.487717;3.304408;2.701536;0.435899;-0.003413;0.921279;-1.078976;-0.833581;0.000000;407.515995;113.828932;665.461451;-0.525900;2.608500;2.862900;-2.315500;-6.985500;-0.849110;1.410355;1.786584;0.960498;341.486797;1.410355;1.786584;0.960498;-0.154015;-0.034071;-0.274730;2.981946;2.583510;2.903984;-0.525900;2.608500;2.862900;-2.315500;-6.985500;-0.849110;103.253820;57.267722;51.998920
-1.367952;-1.446700;0.510336;0.260442;1.460046;0.142558;0.852139;0.087215;0.512000;0.000000;8.031373;0.291700;2.080930;1.043108;1.006200;0.641701;0.411780;1.224685;0.430302;-0.042567;-0.398295;0.664595;6.023529;13.050980;0.366000;2.783310;0.905296;0.865590;1.047304;1.096847;1.384344;0.405168;0.031662;-0.679232;1.665904;6.023529;6.023529;0.885510;4.238240;0.031817;0.223974;0.152872;69.765560;0.173351;4.713812;13.341978;102.077228;0.000000;4.454158;18.751594;0.331279;53.198511;0.445363;5.552992;9.930281;65.992179;0.000000;4.211573;17.405631;0.835193;46.170098;0.408163;6.450914;9.758931;69.767193;0.000000;2.837409;8.070740;1.390237;2.272245;0.384898;3.576339;1.151069;0.404964;0.079003;0.719999;-0.609357;0.856011;1.003922;273.132959;79.278867;466.525638;-0.177570;2.495800;3.247300;-2.258500;-0.287510;-0.990940;1.460046;1.224685;1.384344;237.836600;1.460046;1.224685;1.384344;0.010628;0.122103;0.104793;2.922837;3.011046;2.971896;-0.177570;2.495800;3.247300;-2.258500;-0.287510;-0.990940;69.765560;53.198511;46.170098
-1.299751;-1.404400;0.497487;0.247493;1.391706;0.162123;0.542508;-0.603174;0.762240;0.000000;7.456311;0.349300;2.080930;0.185896;0.167980;1.061624;1.127046;1.077777;0.456111;0.049377;-0.985029;1.667310;7.456311;5.467961;0.851020;4.457400;0.633606;0.610090;0.952427;0.907117;1.143929;0.380885;0.092274;-0.029667;1.189676;5.965049;10.438835;0.609497;4.937900;-0.177876;0.051631;0.271051;133.874320;0.240571;5.528325;18.421307;186.749123;0.000000;6.512108;42.330864;0.398486;57.306657;0.395920;6.296834;9.075776;61.602250;0.497087;3.822461;17.407543;1.969910;65.261464;0.292481;7.001652;11.198951;88.066619;0.000000;3.763290;15.113447;1.803545;2.013224;0.353950;3.151015;1.329167;0.739756;0.019234;1.004177;-1.329827;0.285385;0.000000;435.694841;112.139331;666.366408;-0.177570;2.495800;3.247300;-2.258500;-1.961600;-1.690600;1.391706;1.077777;1.143929;336.417992;1.391706;1.077777;1.143929;-0.094865;0.024704;0.276752;3.169673;3.136721;3.031393;-0.177570;2.495800;3.247300;-2.258500;-1.961600;-1.690600;133.874320;57.306657;65.261464
-1.014394;-1.019905;0.709609;0.503545;1.237958;0.180547;0.359168;-0.961001;1.140660;2.694737;4.715789;0.598145;2.633040;-0.449139;-0.506275;0.664992;0.442214;0.802459;0.469957;0.073232;-0.475433;0.889880;12.800000;13.473684;0.462197;3.155400;0.292501;0.327310;0.684082;0.467968;0.743992;0.324837;-0.445420;0.147382;0.891390;9.431579;8.757895;0.445400;3.357900;0.128085;-0.318802;-0.162779;77.093961;0.306694;4.905603;12.869594;97.341635;0.000000;4.721224;22.782009;0.751885;34.134566;0.209410;4.830210;6.274919;32.177840;0.000000;3.048038;10.510865;1.959840;22.773356;0.402520;4.350507;5.332871;24.306455;2.021053;2.412347;5.020381;2.121900;1.521316;0.415602;2.336975;0.688284;0.412563;-0.297656;0.444089;-0.928312;-0.993543;1.347368;191.687989;51.275310;299.763348;0.474740;1.193800;1.667300;-2.158300;-1.961600;-1.690600;1.237958;0.802459;0.743992;153.825929;1.237958;0.802459;0.743992;0.061247;-0.156820;-0.075037;3.161914;3.066794;2.926313;0.474740;1.193800;1.667300;-2.158300;-1.961600;-1.690600;77.093961;34.134566;22.773356
-1.380327;-1.408200;0.654332;0.428151;1.527565;0.226551;-0.145719;-0.275771;0.648855;0.000000;13.050980;0.350000;2.742157;-1.584427;-1.487400;1.463800;2.142709;2.157109;0.578254;-0.002108;-0.712417;1.975150;3.011765;9.035294;1.020070;5.929400;0.543467;0.764220;1.358169;1.844622;1.462866;0.346425;-0.007022;-0.889129;1.772465;4.015686;4.015686;1.030500;4.899600;0.029462;-0.448183;-0.417177;70.396683;0.103368;5.414892;13.516594;108.088301;0.000000;4.275912;17.570829;0.482036;80.805761;0.454385;9.718275;16.244050;182.669894;0.000000;3.351993;11.424036;1.154088;37.464641;0.199828;6.065532;9.220783;62.101008;2.007843;2.128514;3.672886;1.577671;2.801654;1.277282;4.391463;2.925819;1.271265;-0.357210;1.010595;-0.842748;-1.240366;0.000000;432.883297;117.619734;692.146897;-0.004143;1.672900;3.096100;-2.746300;-4.256500;-1.803500;1.527565;2.157109;1.462866;352.859203;1.527565;2.157109;1.462866;0.028784;-0.406264;-0.845973;2.846027;3.109164;2.997721;-0.004143;1.672900;3.096100;-2.746300;-4.256500;-1.803500;70.396683;80.805761;37.464641
-0.852506;-0.941800;0.851316;0.724738;1.204784;0.205558;0.028919;-0.507564;1.263015;1.988350;3.479612;0.547070;3.665460;-0.933153;-0.851920;1.411573;1.992538;1.692133;0.480340;-0.439683;-0.444597;1.919835;6.959223;5.965049;0.971980;5.929400;0.281664;0.143260;1.267134;1.605628;1.298061;0.287019;0.296136;-0.889748;2.118015;3.479612;2.982524;1.074880;4.899600;0.327377;-0.347896;-0.205755;87.808121;0.556899;6.083866;13.608497;112.180966;0.000000;4.559397;22.852209;1.250717;96.114786;0.929376;10.184637;16.648904;192.305511;0.000000;3.391794;12.546659;1.866613;66.263771;0.205918;6.811345;11.557719;90.861315;1.491262;3.224430;11.857940;1.893917;2.187862;1.213038;3.402722;2.409270;1.410658;-0.505395;1.494961;-1.257343;-1.277651;0.000000;555.505873;131.782597;783.092741;0.919160;1.672900;3.096100;-2.746300;-4.256500;-1.803500;1.204784;1.692133;1.298061;395.347792;1.204784;1.692133;1.298061;0.397264;-0.378965;-0.371631;3.069063;3.148399;3.227810;0.919160;1.672900;3.096100;-2.746300;-4.256500;-1.803500;87.808121;96.114786;66.263771
-0.403177;-0.425935;0.626537;0.392549;0.745051;0.185595;0.087119;-0.836249;0.970229;4.042105;4.042105;0.487313;2.537660;-0.037311;0.133285;0.959258;0.920176;0.959983;0.365879;-0.599867;-0.201654;1.305548;10.105263;10.105263;0.573275;4.363300;0.243459;0.147395;1.112258;1.237117;1.138591;0.242462;0.304368;-1.100303;1.955620;3.368421;3.368421;0.971295;3.764400;0.017531;-0.062865;0.271624;30.641478;0.112930;3.684994;6.295509;27.306474;0.000000;2.902335;7.840395;1.625469;29.964176;0.345786;5.301500;6.343744;35.073823;1.347368;2.212971;4.587498;2.212097;50.932188;0.043909;4.496690;8.954644;51.524062;1.347368;3.954146;16.447220;1.218842;1.555489;0.353513;2.319782;1.428779;0.761095;-0.166067;0.296980;-0.331805;-0.152069;2.021053;197.321960;37.968120;221.967470;0.919160;1.900200;2.418900;-1.618500;-2.463100;-1.345500;0.745051;0.959983;1.138591;113.904359;0.745051;0.959983;1.138591;0.010677;-0.044393;0.293672;3.039082;3.030694;3.233731;0.919160;1.900200;2.418900;-1.618500;-2.463100;-1.345500;30.641478;29.964176;50.932188
-0.560256;-0.521490;0.393905;0.155161;0.684871;0.206320;0.008696;-1.037573;0.657735;6.023529;13.050980;0.345880;1.409890;-0.377066;-0.376950;2.107889;4.443197;2.141349;0.588184;-0.422983;0.171537;2.284735;4.015686;6.023529;1.145450;9.728200;0.255322;0.182650;1.617042;2.614826;1.637075;0.409213;-0.176263;-0.295001;1.970160;4.015686;4.015686;0.901760;6.746100;-0.490548;0.083967;-0.227681;28.573065;0.168082;3.022579;5.479585;19.964854;0.000000;3.916220;15.251310;0.895372;53.407890;0.915233;9.561561;12.043472;120.552656;2.007843;2.336637;5.206748;1.728895;45.817740;0.186177;6.506210;9.745882;70.002703;1.003922;2.652187;7.514753;1.481678;2.457931;1.693013;3.521155;4.858325;2.380136;0.326099;0.377169;-0.253016;-0.975587;2.007843;351.284588;70.173404;412.943494;0.188990;3.740100;3.347800;-1.220900;-5.988100;-3.398300;0.684871;2.141349;1.637075;210.520212;0.684871;2.141349;1.637075;-0.415453;0.054553;-0.791581;3.107807;2.895086;2.999078;0.188990;3.740100;3.347800;-1.220900;-5.988100;-3.398300;28.573065;53.407890;45.817740
-0.689265;-0.719210;0.359839;0.129484;0.777541;0.180152;0.250350;-0.346312;0.493565;2.982524;6.959223;0.247700;1.724590;-0.529050;-0.439820;1.657434;2.747086;1.739822;0.517179;-0.313427;1.197537;1.785935;5.965049;6.959223;0.883240;9.728200;0.309992;0.398050;1.193641;1.424779;1.233237;0.290333;-0.356617;1.604289;1.139850;4.473786;7.456311;0.555000;6.746100;-0.280437;0.039343;-0.222404;70.994325;0.152020;3.905886;9.740610;55.602356;0.000000;6.287628;40.295546;0.697423;75.971307;1.342631;10.747618;14.893680;170.304027;1.988350;2.540946;6.587607;2.265548;47.024600;0.386250;7.333703;10.543394;83.273892;1.491262;2.219828;4.372311;2.298959;1.979693;1.233240;2.898930;2.918311;1.305304;0.335594;0.562234;-0.643816;-1.040779;1.988350;467.187904;103.060092;612.414776;0.188990;3.740100;3.347800;-1.535600;-5.988100;-3.398300;0.777541;1.739822;1.233237;309.180275;0.777541;1.739822;1.233237;-0.168895;0.017064;-0.444314;3.115884;2.895692;2.783917;0.188990;3.740100;3.347800;-1.535600;-5.988100;-3.398300;70.994325;75.971307;47.024600
-0.975256;-0.875065;0.463522;0.214852;1.079804;0.164937;-1.787162;3.644046;0.419350;0.000000;10.105263;0.222135;2.344600;-1.031022;-0.809210;1.137468;1.293834;1.535200;0.477511;-0.305444;-0.628874;1.551755;5.389474;6.063158;0.799720;5.114500;0.542696;0.560505;0.626752;0.392818;0.829058;0.202040;0.051102;0.011752;0.725125;4.042105;5.389474;0.381620;2.866490;0.514845;-0.436601;-0.495034;74.119450;0.277990;4.608050;11.642486;80.453713;0.000000;5.459924;29.604657;0.566195;78.357643;0.373134;8.433258;13.495807;129.960651;0.000000;3.754920;15.978379;1.552952;41.244890;0.054054;4.141038;7.454039;37.312166;0.000000;3.402923;13.227113;1.518396;1.832605;0.851710;2.865220;1.505334;0.281716;-0.597604;0.575207;-0.664140;-1.086278;0.673684;287.617296;82.575510;482.749135;-0.338500;1.239200;1.984900;-2.683100;-3.875300;-0.881590;1.079804;1.535200;0.829058;247.726530;1.079804;1.535200;0.829058;0.275066;-0.128529;-0.357621;2.720233;3.094123;3.035905;-0.338500;1.239200;1.984900;-2.683100;-3.875300;-0.881590;74.119450;78.357643;41.244890
-1.090727;-1.047000;0.818696;0.670263;1.363799;0.178317;-0.032709;-1.321858;1.513840;3.976699;2.485437;0.761800;2.857310;-0.313697;0.038213;1.502840;2.258527;1.535231;0.363734;-0.152638;-0.529973;2.033215;5.467961;2.485437;1.083287;6.517800;0.591767;0.510710;0.927612;0.860463;1.100296;0.188603;0.493687;-0.067752;1.012568;4.473786;5.467961;0.506390;3.962400;0.609574;0.331895;-0.078567;112.344868;0.078467;6.477985;16.405109;157.056103;0.000000;5.365719;30.732984;0.929898;67.641242;0.181887;8.439501;13.388167;126.449965;0.497087;2.797956;7.846234;2.048534;60.952043;0.181946;5.241078;11.478321;80.383288;0.000000;3.562104;12.478552;1.509248;2.107000;0.988083;3.184752;2.581819;0.993410;-0.331592;0.501958;-0.785754;-0.487438;0.994175;508.149615;121.296452;720.780838;0.293510;2.961100;2.928600;-2.563800;-3.556700;-1.033800;1.363799;1.535231;1.100296;363.889355;1.363799;1.535231;1.100296;0.757354;0.254522;-0.110600;3.191276;3.146209;3.110911;0.293510;2.961100;2.928600;-2.563800;-3.556700;-1.033800;112.344868;67.641242;60.952043
-1.684304;-1.754400;0.596729;0.356085;1.786887;0.191075;0.699258;-0.118557;0.962425;1.347368;4.042105;0.468600;2.604475;-1.514638;-1.641450;0.999608;0.999216;1.814758;0.312502;0.162509;-0.524982;1.261595;2.694737;3.368421;0.642810;4.167690;0.594037;0.491375;1.041116;1.083922;1.198667;0.185374;0.483808;-0.541058;1.154528;4.715789;4.715789;0.589881;3.962400;0.397566;0.722007;0.108961;128.007085;0.260981;5.884330;20.295261;229.136774;0.000000;5.604168;30.646499;0.302387;115.112517;0.198423;7.543825;18.891405;212.341911;0.000000;4.831106;24.133033;0.779922;45.146829;0.202865;4.914296;10.411193;68.015608;0.000000;3.083288;7.971312;1.352016;2.735156;0.442033;4.180704;1.424793;0.935108;0.104843;1.110171;-1.290779;-1.197034;0.000000;585.370964;169.831431;992.860673;0.011075;0.610990;2.928600;-2.593400;-3.556700;-1.033800;1.786887;1.814758;1.198667;509.494293;1.786887;1.814758;1.198667;0.240308;0.454537;0.114909;3.044082;3.114694;3.059380;0.011075;0.610990;2.928600;-2.593400;-3.556700;-1.033800;128.007085;115.112517;45.146829
-1.338531;-1.691100;1.527975;2.334707;2.031348;0.358786;0.980870;0.224349;1.571720;2.007843;4.015686;0.780830;6.116500;-0.421796;-0.585510;1.487563;2.212843;1.546207;0.455384;0.467051;0.070428;1.807015;7.027451;6.023529;0.942190;6.772500;0.694137;0.611480;0.869242;0.755582;1.112388;0.279287;-0.257997;-0.710161;1.294455;6.023529;4.015686;0.756420;3.471200;-0.287218;0.537150;-0.789072;68.265100;0.155489;7.526704;15.471409;150.910005;0.000000;2.805734;7.268001;1.123302;34.908341;0.948080;6.911104;8.984397;65.501004;1.003922;1.779557;2.155372;1.823257;35.401000;0.134910;4.532960;8.089936;43.840485;0.000000;2.557403;6.173810;1.329348;2.624821;0.864853;4.018766;3.548748;1.687653;0.110591;0.244053;-0.630483;-0.546029;0.000000;373.427596;86.750498;510.493314;2.582200;3.688600;2.104800;-3.534300;-3.083900;-1.366400;2.031348;1.546207;1.112388;260.251494;2.031348;1.546207;1.112388;-0.665892;0.727700;-1.040718;2.824367;2.977201;3.048488;2.582200;3.688600;2.104800;-3.534300;-3.083900;-1.366400;68.265100;34.908341;35.401000
-1.338526;-1.735400;1.486258;2.208964;2.000154;0.340750;0.941043;0.031900;1.736685;1.988350;3.976699;0.833800;6.116500;-0.270196;-0.529470;1.599575;2.558640;1.622235;0.507130;0.513633;-0.040040;1.984120;5.965049;5.965049;0.998230;7.715400;0.375863;0.392880;0.896952;0.804523;0.972520;0.305315;-0.095763;-0.808004;1.418430;5.467961;7.953398;0.701620;3.734000;0.062254;0.259343;-0.718177;137.868202;0.236879;9.393398;22.419438;298.301863;0.000000;4.073708;18.712937;1.370151;89.567509;0.548072;8.471575;14.287507;139.289541;0.497087;3.797855;17.647835;1.806474;38.713840;0.359445;5.643689;8.890454;55.984011;0.000000;2.282624;4.581643;2.201844;2.585200;0.894800;3.953141;3.064608;2.303549;-0.027638;0.662527;-1.443666;-0.623277;0.497087;734.457763;164.525138;977.658994;2.582200;4.308900;2.104800;-3.534300;-3.406500;-1.629200;2.000154;1.622235;0.972520;493.575414;2.000154;1.622235;0.972520;0.149453;0.349120;-1.040500;3.080849;3.074969;3.170955;2.582200;4.308900;2.104800;-3.534300;-3.406500;-1.629200;137.868202;89.567509;38.713840
-1.446949;-1.690800;1.228302;1.508725;1.897995;0.273565;1.214036;1.045548;1.204525;1.347368;4.042105;0.611550;5.203600;0.459857;0.596415;1.672093;2.795894;1.734175;0.442408;-0.196456;-0.784237;2.549805;3.368421;4.715789;1.314235;7.715400;0.147718;0.270115;0.706669;0.499381;0.721943;0.267651;-0.368137;-0.572256;1.082092;6.736842;6.736842;0.497335;3.134600;0.234614;-0.035778;-0.492656;109.968102;0.309004;7.929087;18.946300;216.466776;0.000000;4.206192;18.953156;1.020816;63.969020;0.343169;8.520030;12.875550;122.321809;0.673684;2.545009;6.955781;1.906027;19.228798;0.221582;3.992336;4.930580;20.654280;0.673684;1.554215;1.387683;2.341422;2.532528;0.717250;3.845895;3.120488;1.388868;-0.207471;0.241935;-1.184350;1.259983;2.021053;514.712539;119.814289;700.452764;2.098400;4.308900;1.505400;-3.105200;-3.406500;-1.629200;1.897995;1.734175;0.721943;359.442866;1.897995;1.734175;0.721943;0.488283;-0.031470;-0.589891;2.888303;2.868030;3.010607;2.098400;4.308900;1.505400;-3.105200;-3.406500;-1.629200;109.968102;63.969020;19.228798
-2.055964;-0.877980;3.143298;9.880324;3.755970;0.258412;-2.459727;4.590858;0.622293;0.000000;0.501961;0.262145;12.140720;0.036586;0.357090;1.521953;2.316341;1.522393;0.411357;-0.575514;-0.677421;2.669075;3.011765;3.011765;1.177810;6.160400;0.570977;0.735545;1.319496;1.741068;1.437736;0.259138;-1.204746;2.786068;0.764665;1.505882;5.521569;0.383505;7.097800;0.481936;0.728152;0.131460;209.708290;4.801402;21.568424;37.002447;935.173090;0.000000;3.388373;12.110806;1.795016;78.297036;0.185422;7.755959;13.108796;118.272186;0.501961;3.557747;14.686103;1.830666;58.239673;0.901301;8.030324;13.227554;122.074732;0.000000;2.241162;3.950288;2.147417;3.028451;9.320558;4.519367;11.558540;1.947356;-0.559446;0.787641;-1.071735;0.063988;0.000000;1411.002208;391.840003;2305.827708;-0.154280;2.094900;3.320900;-12.295000;-4.065500;-3.776900;3.755970;1.522393;1.437736;1175.520008;3.755970;1.522393;1.437736;2.328385;3.049960;0.266613;1.848120;3.068506;2.550546;-0.154280;2.094900;3.320900;-12.295000;-4.065500;-3.776900;209.708290;78.297036;58.239673
-3.261835;-0.842740;4.219188;17.801549;5.333022;0.422808;-1.009543;-0.466929;5.236160;0.664935;1.329870;0.805160;13.850200;-0.873911;-1.361600;1.504867;2.264624;1.740214;0.412878;0.446702;-0.809801;2.247670;2.659740;3.989610;0.793800;6.067100;1.078541;0.924180;1.911909;3.655395;2.195141;0.337563;-0.402887;0.570268;1.470960;1.329870;3.324675;0.524660;8.683600;0.431475;0.738987;-0.051403;251.161320;0.040577;17.694762;51.551225;1504.606521;0.000000;3.519335;11.359317;1.045186;67.291116;0.207681;8.599657;14.638693;145.994434;0.000000;2.655893;6.631324;1.732176;83.047649;0.343980;8.894823;19.379961;230.302978;0.000000;2.785058;6.992706;1.493749;4.822804;13.028671;6.827266;20.599509;2.821674;-0.110863;0.679226;-1.972519;-0.680973;0.000000;2292.580444;626.967977;3713.579559;1.555200;2.001600;4.906700;-12.295000;-4.065500;-3.776900;5.333022;1.740214;2.195141;1880.903932;5.333022;1.740214;2.195141;2.775617;6.039626;-0.149842;2.548999;3.004231;2.715137;1.555200;2.001600;4.906700;-12.295000;-4.065500;-3.776900;251.161320;67.291116;83.047649
-0.822210;-1.323150;1.587710;2.520824;1.787975;0.283998;0.422267;-1.069374;2.513912;2.694737;2.694737;1.229650;5.601900;-1.358136;-1.197450;1.804545;3.256383;2.258521;0.476155;-0.310126;-0.354364;2.374553;3.368421;3.368421;1.222306;7.857300;0.537724;0.333510;1.403402;1.969536;1.502892;0.288167;0.283471;-1.188158;2.658818;3.368421;4.715789;1.236470;4.862400;0.054336;0.529410;0.078531;62.487950;0.062661;7.149146;15.352227;147.174281;0.000000;2.704800;5.829037;1.485998;103.218369;0.408724;10.724102;19.982931;263.929369;0.000000;3.122227;10.191410;1.524416;62.419485;0.612929;6.824422;11.920744;96.821029;2.021053;3.412699;11.399643;1.460797;3.062201;1.179376;4.589093;3.670379;3.133703;0.268282;0.712152;-0.423640;-1.193805;0.000000;757.479275;169.308226;989.801937;2.239100;2.167300;3.229700;-3.362800;-5.690000;-1.632700;1.787975;2.258521;1.502892;507.924678;1.787975;2.258521;1.502892;0.157753;1.195357;0.201532;3.194625;3.137699;3.205516;2.239100;2.167300;3.229700;-3.362800;-5.690000;-1.632700;62.487950;103.218369;62.419485
-1.067809;-1.260150;1.345877;1.811384;1.718022;0.253121;0.505528;-0.677275;2.238341;2.509804;3.011765;1.100150;5.446800;-1.175715;-1.197450;1.991420;3.965753;2.312587;0.393388;-0.064436;-0.688604;2.831107;3.011765;3.011765;1.471250;8.315900;0.608017;0.555710;1.126235;1.268405;1.279879;0.222387;0.181384;-0.614303;1.733583;4.015686;3.011765;0.866495;4.862400;0.269233;0.647342;0.168253;108.916550;0.036377;8.197532;18.497178;208.685748;0.000000;4.060028;16.761078;1.331484;122.768326;0.423094;10.564268;23.700304;343.255131;0.501961;3.971551;15.478247;1.369248;62.017729;0.310947;6.215412;12.737123;102.402104;0.000000;3.170433;9.333201;1.669521;2.928182;1.363498;4.405193;4.376496;2.217849;0.124923;1.742971;-0.911836;-1.093526;0.000000;944.162467;218.114328;1283.518928;2.084000;2.625900;3.229700;-3.362800;-5.690000;-1.632700;1.718022;2.312587;1.279879;654.342983;1.718022;2.312587;1.279879;0.728744;0.990939;0.381094;3.106313;3.195514;3.166121;2.084000;2.625900;3.229700;-3.362800;-5.690000;-1.632700;108.916550;122.768326;62.017729
-1.172686;-1.371400;1.231676;1.517025;1.700652;0.220359;0.519823;-0.642185;1.791812;2.007843;2.007843;0.888905;4.696000;1.468251;1.599850;2.150552;4.624872;2.603965;0.468482;-0.058991;-0.771642;3.046868;4.015686;3.513725;1.602658;9.188100;0.991302;0.594915;1.749686;3.061403;2.010990;0.283213;0.351834;-1.242516;2.973477;2.509804;3.513725;1.331270;5.791300;-0.365911;0.717445;0.128156;119.613954;0.045620;7.000297;19.440089;217.646103;0.000000;4.525345;21.197844;1.075406;149.761645;0.030387;12.220758;27.288028;455.756228;0.000000;3.895646;14.967709;1.396572;115.776952;0.201648;8.425599;20.784111;256.416065;1.003922;4.364181;18.332391;1.153017;3.484982;1.571832;5.194368;4.952194;4.046734;0.351916;2.748952;-1.289782;0.976938;0.501961;1318.965429;309.939465;1823.874545;1.556300;5.927400;4.028700;-3.139700;-3.260700;-1.762600;1.700652;2.603965;2.010990;929.818396;1.700652;2.603965;2.010990;-0.978816;1.561436;0.486997;3.213381;3.221164;3.211140;1.556300;5.927400;4.028700;-3.139700;-3.260700;-1.762600;119.613954;149.761645;115.776952
-1.394252;-1.824750;1.677288;2.813296;2.181108;0.240864;-0.161710;-0.203241;2.083589;2.694737;2.694737;0.864220;7.219000;0.238181;0.162815;1.459610;2.130460;1.478915;0.399583;-0.257349;-0.666968;2.190208;5.389474;2.694737;1.092630;6.430300;0.771877;0.520665;1.611038;2.595444;1.786404;0.269807;0.250050;-1.111354;2.690162;2.694737;2.694737;1.273585;5.791900;-0.629905;0.798639;-0.348141;105.963124;1.135122;9.770547;20.022050;254.703911;0.000000;3.624805;12.844971;1.240467;63.022326;1.066087;6.826486;10.935584;85.280643;0.673684;3.788590;15.692365;1.517501;72.901242;0.202836;6.706641;15.345983;143.929609;1.347368;3.328365;9.958840;1.230065;3.019558;1.017933;4.506645;5.748881;1.533867;0.447908;0.908276;-0.612109;0.299304;1.347368;731.660460;161.304721;943.012214;1.556300;3.169600;3.929000;-5.662700;-3.260700;-1.862900;2.181108;1.478915;1.786404;483.914163;2.181108;1.478915;1.786404;-1.562687;2.186837;-0.829564;2.966266;3.101600;3.203567;1.556300;3.169600;3.929000;-5.662700;-3.260700;-1.862900;105.963124;63.022326;72.901242
0.411703;0.223330;2.929761;8.583501;2.958547;0.457295;-0.075546;-0.611795;3.589600;4.654545;2.659740;2.146430;11.457000;-0.571182;0.608820;4.364103;19.045398;4.401323;0.902460;-1.133073;0.700575;4.543700;3.324675;3.324675;2.124620;18.580400;-0.638739;-2.155300;4.743733;22.503002;4.786543;0.578843;0.482725;-0.790976;7.094500;2.659740;2.659740;2.885800;17.707700;-0.343517;0.427162;0.333114;120.713806;1.133539;11.243876;23.490416;343.516252;1.329870;3.599270;12.600716;1.250727;140.486179;2.214544;20.233389;32.983369;758.369002;0.664935;2.429351;5.094206;1.829477;199.597708;0.121585;14.410203;39.558656;897.780614;0.664935;3.771967;13.426360;1.005041;6.650827;6.802144;9.717443;28.497894;18.786277;0.556387;1.550632;0.979654;-2.411972;1.329870;3667.861500;666.555289;3948.058252;6.192500;5.374400;9.453800;-5.264500;-13.206000;-8.253900;2.958547;4.401323;4.786543;1999.665868;2.958547;4.401323;4.786543;-4.449926;6.014809;6.986916;3.117251;2.892028;3.153051;6.192500;5.374400;9.453800;-5.264500;-13.206000;-8.253900;120.713806;140.486179;199.597708
-0.496121;-0.299810;2.556308;6.534709;2.604006;0.448811;0.618793;0.472940;2.658900;6.590099;5.576238;1.312910;11.457000;-1.680259;-1.311200;3.438433;11.822824;3.827021;0.769387;-0.305776;-0.730107;5.400500;3.041584;3.548515;2.751000;14.249800;-0.121201;-1.306200;4.323772;18.695002;4.325470;0.629998;0.395912;-0.836905;6.393500;2.534653;2.534653;3.105200;17.309400;-0.113670;0.643131;0.169778;135.132785;0.659740;11.323883;23.969494;354.862519;1.013861;3.456900;12.828880;1.587943;197.615374;0.723604;18.527310;37.467937;882.202801;0.506931;3.540676;12.679170;1.586250;204.829023;2.966230;20.333253;38.199221;945.581245;1.013861;3.562071;12.322110;1.605338;6.017468;3.926711;8.747695;22.533696;12.037606;0.542219;0.774257;0.020194;-1.642804;1.013861;3855.500650;727.548855;4322.496140;6.192500;4.351400;9.453800;-5.264500;-9.898400;-7.855600;2.604006;3.827021;4.325470;2182.646566;2.604006;3.827021;4.325470;-1.009114;7.179541;2.549324;2.950369;3.151055;3.200887;6.192500;4.351400;9.453800;-5.264500;-9.898400;-7.855600;135.132785;197.615374;204.829023
-0.698310;-0.020602;4.377526;19.162738;4.432874;0.706139;-0.138314;-1.380958;7.770200;2.659740;2.659740;3.688802;14.501200;-0.278433;0.256300;4.076715;16.619603;4.086212;0.743897;-0.396479;-0.619935;4.491700;5.984416;4.654545;2.095300;15.147700;1.389531;-0.100320;4.646560;21.590516;4.849878;0.642879;0.161243;-1.362775;8.123900;1.994805;1.994805;3.671480;15.513800;-0.500780;0.647623;-0.456606;215.582638;0.216606;14.393479;36.380966;775.313402;1.329870;4.451102;21.167441;0.915083;146.680993;1.421133;19.041477;30.207795;645.824151;0.664935;2.744252;7.380616;1.765020;221.747026;1.468800;17.841632;40.204017;979.906297;1.329870;3.726979;14.781650;1.192070;7.231563;7.573318;11.162704;40.685053;10.358998;0.260308;1.057711;-1.318219;-0.197760;0.000000;4318.326113;800.347950;4740.522472;6.588300;6.565900;9.122500;-7.912900;-8.581800;-6.391300;4.432874;4.086212;4.849878;2401.043849;4.432874;4.086212;4.849878;-9.054465;13.346257;-8.763163;3.223935;2.929833;3.178957;6.588300;6.565900;9.122500;-7.912900;-8.581800;-6.391300;215.582638;146.680993;221.747026
-0.088765;0.390460;3.704162;13.720815;3.705225;0.625810;-0.328742;-0.974192;5.617000;3.548515;3.548515;2.738540;13.437000;1.242856;1.121700;3.843994;14.776291;4.039924;0.767085;-0.419383;0.150268;4.095120;6.590099;6.083168;2.029200;16.823500;1.764596;1.670400;3.912508;15.307717;4.292030;0.563908;-0.135949;-1.024395;6.656300;2.027723;3.041584;3.231800;14.332700;-0.536080;0.485502;-0.371989;186.499537;1.340186;15.529776;33.654392;693.696967;1.013861;4.084450;16.485180;1.342736;203.372579;1.613828;21.023451;36.670930;902.216562;0.506931;3.316210;11.692754;1.803304;231.253340;1.532801;18.607236;42.514865;1087.533587;1.013861;3.623899;13.417379;1.465460;6.496101;6.271869;9.792484;28.393818;9.618191;-0.172930;1.347200;-0.421271;0.613625;0.506931;4578.861328;894.482372;5314.277622;6.588300;8.241700;7.941400;-6.848700;-8.581800;-6.391300;3.705225;4.039924;4.292030;2683.447116;3.705225;4.039924;4.292030;-7.709449;7.106534;-5.650527;3.225261;3.056810;3.208765;6.588300;8.241700;7.941400;-6.848700;-8.581800;-6.391300;186.499537;203.372579;231.253340
0.450170;2.391400;6.974663;48.645926;6.989176;1.352917;0.009730;0.966303;7.423500;2.659740;2.659740;2.188400;35.996000;-2.456352;-0.017774;27.152035;737.232985;27.262917;6.002331;-0.486122;3.275153;9.471000;6.649351;5.319481;4.762726;161.781000;-2.216937;-1.515900;12.780696;163.346191;12.971546;2.309709;-0.389126;-0.935141;21.764600;3.324675;3.324675;11.009400;48.280000;-0.721072;0.543435;-0.369133;208.881620;0.363208;29.460089;53.484817;1888.472418;1.994805;2.014383;2.981665;1.906804;668.706395;0.466085;116.610316;208.226954;28848.062030;2.659740;1.700063;1.324723;2.025797;436.835561;2.290840;52.724770;101.900345;6667.268626;0.664935;2.299527;4.424820;1.750883;22.697978;445.178004;31.569133;802.721802;140.783812;0.022009;5.149589;-0.675962;-2.305009;0.000000;56809.616365;12467.934358;73848.534275;19.524000;73.832000;17.271000;-16.472000;-87.949000;-31.009000;6.989176;27.262917;12.971546;37403.803074;6.989176;27.262917;12.971546;-138.350677;49.079734;-129.782692;2.567853;2.277654;3.140567;19.524000;73.832000;17.271000;-16.472000;-87.949000;-31.009000;208.881620;668.706395;436.835561
0.751101;1.164000;5.709210;32.595082;5.758406;0.940457;-0.004347;3.143276;5.196700;3.041584;3.041584;2.618100;35.996000;-1.592020;-0.420610;23.347233;545.093283;23.401449;4.423832;-0.663877;5.804791;6.292500;9.124752;6.083168;3.058290;161.781000;0.910036;2.899800;10.190082;103.837775;10.230637;1.733618;-0.952665;0.857425;13.167500;2.534653;3.041584;6.267800;48.280000;-0.699456;0.422752;-0.345837;189.068192;4.552888;33.732006;47.273896;1703.031111;1.013861;1.837925;2.503992;2.416648;712.428246;9.768651;126.216481;197.714510;27783.198079;3.041584;1.773487;1.620097;2.324441;490.721187;0.208686;41.106756;94.131183;5327.452416;1.013861;3.068442;9.693929;1.681856;17.115974;392.496413;23.467864;582.682005;90.655030;0.032231;3.456597;0.846644;-1.051503;0.000000;49409.682829;11604.560535;68944.742003;19.524000;73.832000;17.271000;-16.472000;-87.949000;-31.009000;5.758406;23.401449;10.230637;34813.681606;5.758406;23.401449;10.230637;-94.165802;24.840552;-83.100982;2.546831;1.882082;2.940674;19.524000;73.832000;17.271000;-16.472000;-87.949000;-31.009000;189.068192;712.428246;490.721187
-0.589039;-0.657200;0.804994;0.648016;0.997488;0.227183;0.710814;0.260629;0.960190;3.479612;7.456311;0.497470;3.555500;-0.287634;-0.323250;0.651626;0.424616;0.712284;0.262528;-0.422900;-0.107011;0.860005;6.959223;7.953398;0.459830;2.900100;0.355762;0.348130;0.701053;0.491475;0.786156;0.193183;0.167064;-0.039963;0.781713;4.473786;6.959223;0.357166;3.215200;-0.417060;-0.294260;0.000788;60.671008;0.166768;5.175685;10.493046;69.110393;0.000000;3.923080;15.853216;1.483535;29.626253;0.117063;4.597829;6.249322;30.389233;0.000000;2.419480;6.089553;2.331334;36.643464;0.125094;4.146502;7.665750;38.347325;0.000000;2.952690;8.317460;1.844527;1.329791;0.352030;2.050384;0.849943;0.473650;-0.083054;0.441099;-0.498473;-0.679903;2.485437;200.268927;45.948984;273.043000;1.648600;0.738900;1.881500;-1.906900;-2.161200;-1.333700;0.997488;0.712284;0.786156;137.846951;0.997488;0.712284;0.786156;-0.220916;-0.167692;0.000363;3.095027;3.030612;3.084839;1.648600;0.738900;1.881500;-1.906900;-2.161200;-1.333700;60.671008;29.626253;36.643464
-1.208991;-1.207700;0.980246;0.960882;1.556451;0.198465;0.148561;-0.425677;1.299763;2.694737;2.021053;0.654075;4.374300;-0.611175;-0.574735;0.740301;0.548045;0.959990;0.252333;-0.416080;-0.209257;0.762872;6.063158;8.084211;0.389545;3.092000;0.583866;0.569135;0.386686;0.149526;0.700304;0.151904;-0.117786;-0.626714;0.632022;2.021053;6.736842;0.296405;1.692160;0.382668;-0.722360;-0.274646;91.883290;0.046902;6.180183;15.793520;147.599578;0.000000;4.319992;19.632714;0.918043;46.449316;0.275998;4.746426;8.566060;49.214897;0.000000;3.505013;12.756158;1.429975;44.373787;0.134816;3.174841;7.175086;31.590757;0.000000;4.893923;24.952925;0.857326;1.737604;0.815278;2.674829;1.192711;0.421302;-0.613593;0.460913;-0.668950;-0.808247;0.000000;260.448769;76.135077;445.097375;1.233800;0.738900;1.332100;-3.140500;-2.353100;-0.360060;1.556451;0.959990;0.700304;228.405232;1.556451;0.959990;0.700304;0.281396;-0.277460;-0.079670;3.074296;3.104543;3.106281;1.233800;0.738900;1.332100;-3.140500;-2.353100;-0.360060;91.883290;46.449316;44.373787
-0.901611;-1.034400;0.743935;0.553439;1.168906;0.160785;0.539647;-0.532397;0.955250;1.994805;3.989610;0.443700;2.845860;-0.066417;0.195760;1.180514;1.393613;1.182381;0.248004;-0.344750;-1.312477;2.328200;0.664935;0.664935;0.907140;3.976800;0.482489;0.611470;0.737657;0.544138;0.881438;0.174224;-0.259249;-0.973348;1.116460;4.654545;3.324675;0.591530;2.646170;0.114933;0.303871;0.247045;69.424037;0.198142;4.512751;12.053444;83.900875;0.000000;4.299264;19.153310;0.880866;56.327440;0.411951;4.981466;9.043674;53.993752;0.664935;4.754673;23.771438;1.121581;37.151639;0.148536;4.239199;7.666912;38.874568;0.000000;3.013729;8.501634;1.544052;1.832688;0.182552;2.819497;1.485273;0.659843;0.282058;0.597821;-0.653530;-0.136796;0.664935;265.651757;58.923065;349.005847;0.660360;1.856900;1.746800;-2.185500;-2.119900;-0.899370;1.168906;1.182381;0.881438;176.769195;1.168906;1.182381;0.881438;0.102265;0.168949;0.217961;2.957455;3.078339;3.179334;0.660360;1.856900;1.746800;-2.185500;-2.119900;-0.899370;69.424037;56.327440;37.151639
-1.083654;-1.099800;0.734401;0.539345;1.309065;0.175347;0.550150;-0.112089;0.875700;1.013861;5.576238;0.436060;3.134960;0.111559;0.578360;1.354767;1.835393;1.359352;0.294268;-0.824663;-0.385273;1.755230;3.041584;4.055446;0.681240;5.281800;0.499473;0.686200;0.829587;0.688215;0.968343;0.215985;-0.739410;-0.134792;1.125346;4.055446;4.562376;0.543250;3.419300;0.244343;0.091772;0.253911;109.449057;0.064962;5.734419;15.998139;145.841823;0.000000;5.469204;31.847860;0.824324;69.901072;0.273503;6.281671;12.107322;93.944347;0.506931;4.022264;16.591459;1.495386;50.446804;0.124597;5.164286;9.594687;59.951700;0.000000;2.946273;9.056453;1.849071;2.002285;0.490032;3.138758;1.966143;0.627370;-0.233796;0.823844;-0.922576;0.219746;1.013861;429.670379;99.912623;593.598525;0.660360;2.107800;1.746800;-2.474600;-3.174000;-1.672500;1.309065;1.359352;0.968343;299.737869;1.309065;1.359352;0.968343;0.245539;0.056471;0.288224;3.083844;3.076976;3.183289;0.660360;2.107800;1.746800;-2.474600;-3.174000;-1.672500;109.449057;69.901072;50.446804
-1.931755;-2.123500;0.799194;0.638711;2.090547;0.213048;0.077853;-0.587034;1.234700;0.000000;5.019608;0.449400;3.388520;-1.152995;-1.085100;1.061008;1.125739;1.566888;0.440911;-0.099160;-0.415949;1.311375;4.015686;6.023529;0.643660;4.503000;0.592550;0.391840;1.028606;1.058030;1.187075;0.240541;0.118670;-0.708027;1.588475;6.023529;4.015686;0.679780;4.063200;-0.079425;-0.114730;-0.559233;98.519510;0.270722;7.336722;18.746510;206.602697;0.000000;4.422581;18.546746;0.406006;58.802762;0.159969;6.749605;11.989261;96.505655;0.000000;3.263246;10.937523;1.123303;33.750393;0.154389;4.122834;8.429066;44.886664;2.007843;2.791231;6.446423;1.092310;2.702433;0.931530;4.190800;1.737455;0.712825;-0.187250;0.793278;-1.100505;-1.096073;0.000000;396.214249;115.998339;682.605609;-0.446380;1.047200;2.689600;-3.834900;-3.455800;-1.373600;2.090547;1.566888;1.187075;347.995016;2.090547;1.566888;1.187075;-0.068696;-0.096201;-0.622531;2.948662;3.081982;2.929499;-0.446380;1.047200;2.689600;-3.834900;-3.455800;-1.373600;98.519510;58.802762;33.750393
-1.602096;-1.496600;0.806616;0.650629;1.793694;0.222890;-0.077466;-0.175384;1.174050;0.994175;5.467961;0.599000;4.068810;-0.017363;0.143180;1.443436;2.083507;1.443540;0.378741;-0.376066;-0.703016;2.170300;3.976699;3.976699;1.126470;5.931300;0.602130;0.391840;0.950811;0.904041;1.125434;0.207577;0.088837;-0.839418;1.556318;5.467961;4.473786;0.776810;4.063200;0.170391;-0.273547;-0.161450;165.015839;0.183583;7.848761;22.987510;297.878543;0.000000;6.172997;39.061251;0.598090;78.432674;0.054514;7.309637;12.616197;107.331648;0.497087;3.814168;17.201082;1.747848;62.019406;0.721796;6.505411;11.129683;83.901861;0.000000;3.329075;11.727201;1.822287;2.368683;0.957089;3.725282;2.181350;0.958010;-0.389580;0.913642;-1.821254;-0.028829;0.000000;627.188072;163.037351;968.818102;0.233910;2.475500;2.689600;-3.834900;-3.455800;-1.373600;1.793694;1.443540;1.125434;489.112052;1.793694;1.443540;1.125434;0.200331;-0.211851;-0.223752;2.966004;3.217931;3.110911;0.233910;2.475500;2.689600;-3.834900;-3.455800;-1.373600;165.015839;78.432674;62.019406
-1.324059;-1.289550;0.623060;0.388204;1.463330;0.210922;0.168662;0.433904;0.592675;1.347368;8.757895;0.320925;2.872410;0.710321;0.816825;1.068270;1.141202;1.282871;0.296226;-0.943423;0.683612;1.099150;3.368421;6.063158;0.577075;4.516000;0.452174;0.233000;0.920935;0.848122;1.025955;0.180866;0.237382;-1.227847;1.661135;4.715789;2.694737;0.723560;3.231000;-0.006044;-0.275308;0.452619;100.628459;0.189676;5.507384;16.066279;148.023774;0.000000;5.342225;28.546610;0.504191;53.984431;0.429921;6.663675;10.718470;81.741009;0.000000;3.278113;10.483146;1.597037;38.358519;0.407487;4.584412;8.490817;47.780547;1.347368;2.977767;7.907246;1.516442;2.040920;0.674323;3.253093;1.491684;0.605569;-0.588859;0.772853;-0.916160;1.003915;1.347368;342.202335;92.515110;540.857568;0.233910;2.475500;2.127600;-2.638500;-2.040500;-1.103400;1.463330;1.282871;1.025955;277.545331;1.463330;1.282871;1.025955;-0.004077;-0.160078;0.451227;2.898406;2.979890;3.237991;0.233910;2.475500;2.127600;-2.638500;-2.040500;-1.103400;100.628459;53.984431;38.358519
-0.912732;-1.043900;0.735743;0.541317;1.172347;0.183711;0.422537;-0.423285;0.961305;2.007843;4.015686;0.426400;2.948230;0.427846;0.194960;1.070213;1.145355;1.152565;0.337024;0.542859;-0.486571;1.215860;5.019608;3.011765;0.661440;4.270400;0.527298;0.461410;1.220851;1.490477;1.329857;0.247684;0.226533;-1.031594;2.015335;3.011765;3.011765;1.033590;4.399000;-0.270871;0.574170;-0.749109;46.549314;0.249158;4.447673;9.520212;56.290624;0.000000;3.502954;12.066353;0.859152;29.325422;0.052464;5.003437;7.111091;38.542192;1.003922;2.179081;3.906190;1.624576;33.043652;0.242689;5.195046;8.682108;52.187358;2.007843;2.354401;3.929522;1.380551;1.991729;0.504340;3.007967;2.509584;0.534641;0.299854;0.386546;-0.544623;0.681649;2.007843;215.176798;49.006724;288.385724;0.657730;2.903700;2.901000;-2.290500;-1.366700;-1.498000;1.172347;1.152565;1.329857;147.020173;1.172347;1.152565;1.329857;-0.217549;0.526052;-0.998339;2.858212;3.027618;3.048137;0.657730;2.903700;2.901000;-2.290500;-1.366700;-1.498000;46.549314;29.325422;33.043652
-0.981125;-0.961540;1.005718;1.011468;1.405018;0.176870;-0.569856;-0.564204;1.297055;3.976699;2.982524;0.717010;3.833130;0.039904;-0.142710;1.027274;1.055291;1.028048;0.309896;0.557094;0.108422;1.247950;5.965049;5.965049;0.681340;4.784800;0.702408;0.627930;1.099432;1.208751;1.304656;0.233161;0.136776;-0.820182;1.725545;3.479612;3.479612;0.867070;4.399000;0.283822;0.122262;-0.550267;101.055872;0.283859;6.085157;16.203102;151.239042;0.000000;4.452471;21.148234;1.134938;48.842104;0.441410;5.582037;8.764448;54.511491;0.994175;3.165982;10.966994;1.983504;72.347973;0.205709;6.897644;13.281001;113.068442;0.000000;3.370956;11.606872;1.690996;1.931846;1.001054;2.937955;1.788216;1.157815;-0.266051;0.674460;-0.855744;0.056749;0.000000;435.953443;106.272992;631.506816;0.657730;2.903700;2.901000;-3.175400;-1.881100;-1.498000;1.405018;1.028048;1.304656;318.818975;1.405018;1.028048;1.304656;0.296105;0.136512;-0.627574;3.119990;3.085792;3.224792;0.657730;2.903700;2.901000;-3.175400;-1.881100;-1.498000;101.055872;48.842104;72.347973
-1.086786;-0.798530;1.046731;1.095645;1.508890;0.176538;-0.634125;-0.840502;1.449450;4.042105;2.021053;0.639920;3.524620;-0.766639;-0.782935;0.954875;0.911786;1.224549;0.289806;0.298173;-0.984387;1.580283;4.715789;4.715789;0.853765;3.614000;0.777010;0.660380;0.896725;0.804116;1.186533;0.203674;0.315919;-0.637697;1.220643;3.368421;4.715789;0.580670;3.527600;0.488923;-0.076415;-0.040634;82.595718;0.371575;5.536423;15.013602;131.399333;0.000000;4.072175;16.448743;0.908714;58.264544;0.570196;5.949171;10.917922;79.330961;0.000000;3.689590;13.396028;1.340049;59.052729;0.497122;5.619881;10.835232;76.452990;0.000000;3.630365;13.603209;1.325045;2.022901;1.091999;3.123348;1.529592;0.807472;-0.514624;0.597609;-0.609609;-0.778680;0.000000;352.505015;95.727761;559.639221;0.349220;1.224900;2.838900;-3.175400;-2.389100;-0.688700;1.508890;1.224549;1.186533;287.183284;1.508890;1.224549;1.186533;0.495192;-0.072682;-0.035258;3.130050;3.148290;3.158208;0.349220;1.224900;2.838900;-3.175400;-2.389100;-0.688700;82.595718;58.264544;59.052729
-0.893133;-1.017400;0.587400;0.345039;1.068983;0.180517;1.518734;2.202122;0.438660;1.988350;9.941748;0.233200;2.961100;0.115171;0.115320;0.926810;0.858976;0.933938;0.386442;0.091163;-0.040738;1.155145;8.947573;9.941748;0.607950;4.433800;0.559614;0.582290;0.343303;0.117857;0.656525;0.148431;-0.144929;-0.516505;0.517745;3.479612;8.450485;0.264410;1.596120;-0.569680;0.674209;-0.609526;91.992691;0.145530;4.722190;13.252983;99.931193;0.000000;5.632835;33.409540;0.779030;27.844803;0.296105;5.914265;7.439856;45.603494;0.497087;1.760541;2.034978;2.554201;57.640287;0.301819;3.414395;8.016033;38.325958;0.000000;5.991473;37.335789;0.837142;1.513555;0.155142;2.318992;1.072947;0.211559;0.546885;0.549317;-1.013374;0.202971;0.497087;243.947183;61.286882;364.185508;0.956000;2.377300;1.343300;-2.005100;-2.056500;-0.252820;1.068983;0.933938;0.656525;183.860645;1.068983;0.933938;0.656525;-0.313179;0.137291;-0.195838;2.768231;3.040833;3.105831;0.956000;2.377300;1.343300;-2.005100;-2.056500;-0.252820;91.992691;27.844803;57.640287
-0.815996;-1.065500;0.643054;0.413519;1.038926;0.167350;1.378618;1.021534;0.614290;2.730667;2.730667;0.199800;2.595500;-0.226232;-0.188760;1.105856;1.222917;1.128759;0.490459;-0.118982;1.100984;1.071840;9.557333;10.240000;0.546760;6.248600;0.876752;0.801750;0.484347;0.234592;1.001641;0.176098;1.816651;5.150244;0.397175;0.000000;8.192000;0.190940;2.817318;-0.259503;0.020541;-0.177908;61.199701;0.411852;4.350450;10.499650;65.445661;0.000000;4.418513;20.116526;0.880162;27.393021;0.124163;6.409243;7.550475;49.697952;4.778667;1.374426;0.677904;2.408793;65.756394;0.058648;4.420914;10.564342;66.449232;0.000000;5.153000;26.934080;0.696883;1.699146;0.469656;2.676588;1.288798;0.379795;0.163550;0.615371;-0.429593;-0.252526;0.000000;234.144256;60.530948;358.406930;0.956000;2.595000;2.881400;-1.639500;-3.653600;0.064082;1.038926;1.128759;1.001641;181.592844;1.038926;1.128759;1.001641;-0.187033;0.006484;-0.096578;2.796270;2.795843;2.597078;0.956000;2.595000;2.881400;-1.639500;-3.653600;0.064082;61.199701;27.393021;65.756394
-0.947849;-1.355800;1.418530;2.012227;1.706061;0.225494;0.730855;-0.915784;2.289450;0.664935;3.324675;0.817500;4.529300;-1.102845;0.074984;3.984161;15.873538;4.133982;0.456986;-0.714599;-0.685855;4.611800;2.659740;1.329870;2.125716;13.667000;0.663717;0.604450;1.198503;1.436409;1.370011;0.215491;0.377499;-0.630089;1.757050;4.654545;4.654545;0.886330;4.644500;-0.899744;-0.580795;0.675759;72.984408;0.112879;7.200355;15.417282;146.648968;0.000000;3.543959;11.396027;1.202711;174.616694;1.489741;15.779995;33.800707;704.783718;0.664935;3.479921;11.787168;1.255217;57.486478;0.380452;5.674090;11.998361;89.221858;0.664935;3.482105;11.263605;1.251886;4.077527;5.251150;5.793900;18.456928;0.778115;0.726999;2.273171;-0.302858;-1.029037;1.329870;1482.388953;313.551515;1857.189741;1.971700;4.871400;3.268400;-2.557600;-8.795600;-1.376100;1.706061;4.133982;1.370011;940.654544;1.706061;4.133982;1.370011;-5.151945;-1.000409;3.269225;3.025226;3.080867;3.117276;1.971700;4.871400;3.268400;-2.557600;-8.795600;-1.376100;72.984408;174.616694;57.486478
-1.043649;-1.375600;1.336602;1.786505;1.695791;0.294936;0.789521;-0.566429;1.966360;2.027723;2.534653;0.807380;5.203300;-0.275763;-0.202030;3.037072;9.223805;3.049566;0.639091;0.191686;0.986095;4.097900;3.548515;3.548515;2.098830;18.331900;1.180813;1.153900;1.774226;3.147878;2.131243;0.328670;-0.008986;0.097118;1.784050;1.520792;5.069307;0.792200;7.989600;-0.408596;0.566495;-0.018849;105.408531;0.265749;8.373233;18.067067;200.227986;0.000000;3.686604;14.850594;1.515032;128.242869;2.620764;19.586482;23.538292;473.482718;0.506931;2.704940;8.119774;2.382704;119.262136;0.412622;10.673146;21.904200;299.794163;0.000000;3.363073;11.746532;1.633975;3.652583;3.376395;5.659074;9.695943;3.860699;0.466213;1.049359;-1.561005;-0.229424;1.013861;1517.985432;324.501622;1927.921404;2.238700;9.785300;5.217400;-2.964600;-8.546600;-2.772200;1.695791;3.049566;2.131243;973.504867;1.695791;3.049566;2.131243;-1.675223;1.356840;-0.102582;3.042509;2.812537;2.990741;2.238700;9.785300;5.217400;-2.964600;-8.546600;-2.772200;105.408531;128.242869;119.262136
-0.366672;-0.323885;0.440282;0.193848;0.572972;0.205157;-1.705587;3.892089;0.420955;11.815385;11.815385;0.247783;2.224750;-1.667730;-1.548300;1.045848;1.093799;1.968533;0.462488;-0.593695;0.158044;1.374543;1.969231;9.846154;0.684215;4.798200;0.649215;0.582525;0.300333;0.090200;0.715318;0.157924;0.466949;-0.949348;0.483290;0.000000;10.830769;0.220825;1.060620;-0.485390;-0.004333;-0.149622;19.066946;0.276404;2.927786;3.821326;12.032893;0.000000;2.998701;9.352879;1.572878;86.721958;0.228462;7.907342;16.455706;173.068079;0.000000;4.061793;16.527504;0.772034;33.759190;0.187393;2.797395;6.237246;24.262957;0.000000;4.515109;19.501128;0.532514;1.980489;0.792762;2.736032;1.170732;0.146510;0.411609;0.955643;-0.243315;-1.199565;2.953846;224.579328;69.787976;403.219418;0.246450;0.340000;1.209900;-1.978300;-4.458200;0.149280;0.572972;1.968533;0.715318;209.363929;0.572972;1.968533;0.715318;-0.227889;-0.000584;-0.047918;2.678466;2.936330;3.079690;0.246450;0.340000;1.209900;-1.978300;-4.458200;0.149280;19.066946;86.721958;33.759190
-0.217377;-0.190910;0.558505;0.311927;0.599317;0.207275;-0.415844;1.034578;0.631260;7.953398;8.947573;0.338970;3.258500;-1.756830;-1.495200;1.428906;2.041773;2.264558;0.455596;-0.622073;0.311551;1.537135;1.988350;6.959223;0.829610;7.283600;0.454801;0.491070;0.595144;0.354197;0.749026;0.184012;-0.440259;0.290196;0.610330;2.485437;9.444660;0.327470;3.100800;-0.666611;0.332245;-0.601369;23.701693;0.166126;3.819750;5.183590;20.931312;1.988350;2.730905;6.657332;2.208593;180.953518;0.298771;11.435090;26.593511;423.055904;0.000000;5.140700;29.043035;1.095758;46.844481;0.113236;4.401241;7.678584;39.546039;0.000000;3.778146;16.138250;1.711210;2.141778;1.461231;2.948053;2.353136;0.233103;0.637279;1.921053;-0.316662;-1.317482;1.491262;547.736532;161.177752;957.767794;1.280200;1.255900;1.874200;-1.978300;-6.027700;-1.226600;0.599317;2.264558;0.749026;483.533255;0.599317;2.264558;0.749026;-0.537205;0.111518;-0.516421;2.876791;2.923754;2.981717;1.280200;1.255900;1.874200;-1.978300;-6.027700;-1.226600;23.701693;180.953518;46.844481
-0.586466;-0.458500;0.968051;0.937122;1.131841;0.206407;-0.311291;-0.985514;1.519500;2.730667;4.096000;0.762500;3.677600;-0.733621;-0.978700;2.224263;4.947347;2.342124;0.440279;-0.310387;-0.652036;2.967090;2.048000;3.413333;1.694600;8.921900;0.168801;0.060462;0.637417;0.406300;0.659389;0.193676;0.517685;0.173127;0.784615;8.192000;5.461333;0.391688;3.100800;-0.888507;0.439845;-0.620709;43.984983;0.281002;5.119602;9.698538;60.937792;0.000000;2.868952;7.048219;1.491462;73.787952;0.329946;11.429099;17.754217;225.890495;1.365333;2.276512;4.047340;1.877251;20.925665;0.093181;3.286071;4.846762;17.373275;2.048000;2.218672;4.013869;1.947062;2.352703;1.666195;3.301820;5.947190;0.300041;0.405321;1.244887;-0.145631;-1.344640;0.000000;477.623080;101.400521;600.397821;1.280200;2.894200;1.874200;-2.397400;-6.027700;-1.226600;1.131841;2.342124;0.659389;304.201562;1.131841;2.342124;0.659389;-1.938986;0.275075;-0.891923;3.093135;3.007305;3.073728;1.280200;2.894200;1.874200;-2.397400;-6.027700;-1.226600;43.984983;73.787952;20.925665
-1.337236;-1.273900;0.879961;0.774331;1.600790;0.241164;-0.001853;-0.815635;1.361750;2.659740;5.319481;0.678590;3.648040;-0.292997;0.340810;2.294719;5.265735;2.313349;0.687050;-0.385788;-0.451998;3.451600;2.659740;3.989610;1.444290;10.215800;0.709691;0.557270;0.816185;0.666157;1.081582;0.273142;0.794345;-0.189668;0.888210;7.314286;5.319481;0.419910;3.240880;-0.142110;-0.113873;0.073160;102.967137;0.093922;5.946942;17.185605;167.503043;0.000000;4.858507;23.609417;0.629784;91.031890;0.313691;10.675766;17.301514;209.341036;0.664935;3.017977;10.123511;1.716740;54.646204;0.018939;5.432346;9.884106;64.428975;0.000000;3.510566;13.479466;1.451214;2.698391;1.802618;4.046265;5.357938;0.806202;-0.118419;0.742322;-0.771561;-0.391536;2.659740;630.061846;147.091018;871.231414;0.436440;4.751300;2.599800;-3.211600;-5.464500;-0.641080;1.600790;2.313349;1.081582;441.273054;1.600790;2.313349;1.081582;-0.290733;-0.082861;0.138826;3.134815;3.008889;3.057576;0.436440;4.751300;2.599800;-3.211600;-5.464500;-0.641080;102.967137;91.031890;54.646204
-1.338970;-1.167400;0.705536;0.497782;1.513480;0.225161;-0.525856;-0.305819;0.844670;1.013861;7.097030;0.473700;3.314570;0.071508;0.088787;1.625605;2.642590;1.627177;0.557654;-0.060863;0.715426;2.129100;6.590099;5.576238;1.071313;9.289000;0.502957;0.418270;0.619573;0.383871;0.798020;0.218676;0.928024;1.352260;0.686038;10.138614;6.590099;0.347419;3.222600;-0.026508;-0.248975;0.383004;135.235990;0.334486;6.175624;19.241832;206.214935;0.000000;6.032351;36.920915;0.546902;55.816278;0.536578;9.439009;13.274518;133.967266;1.013861;1.950828;3.003995;2.382477;50.798641;0.277669;4.631550;8.218130;44.934994;0.000000;3.888344;17.428816;1.663792;2.099186;1.168580;3.197820;2.734768;0.549006;-0.423615;0.827741;-1.533520;0.141229;0.000000;504.078152;128.372398;762.683073;0.102970;4.751300;2.429100;-3.211600;-4.537700;-0.793500;1.513480;1.627177;0.798020;385.117195;1.513480;1.627177;0.798020;-0.030706;-0.109923;0.389612;2.974801;2.856718;2.893818;0.102970;4.751300;2.429100;-3.211600;-4.537700;-0.793500;135.235990;55.816278;50.798641
-1.315960;-1.237500;0.811333;0.658261;1.545966;0.182323;-0.796068;0.444257;0.897450;0.994175;4.970874;0.439150;3.772230;-0.008772;0.363960;1.200383;1.440919;1.200415;0.325004;-0.520128;-0.683174;1.872575;2.982524;2.982524;0.780840;5.165800;0.291622;0.255510;0.721126;0.520023;0.777860;0.170045;-0.314615;-0.597399;1.089540;3.479612;3.479612;0.607060;2.959100;0.162419;0.654870;0.234174;135.543908;0.283554;6.321640;19.506316;212.270818;0.000000;5.751716;34.380317;0.677424;72.344800;0.078766;5.353966;10.878341;74.215238;0.497087;4.715216;25.166000;1.348530;38.107280;0.108348;4.230523;7.245723;35.540645;0.994175;3.090471;9.820930;1.888925;1.983431;0.502074;2.990997;1.568275;0.877378;-0.031910;0.318153;-1.373604;-0.030070;0.497087;431.058801;107.342234;637.860581;0.206630;2.030900;1.681300;-3.565600;-3.134900;-1.277800;1.545966;1.200415;0.777860;322.026701;1.545966;1.200415;0.777860;0.159732;0.386903;0.204695;3.018389;3.101578;3.124779;0.206630;2.030900;1.681300;-3.565600;-3.134900;-1.277800;135.543908;72.344800;38.107280
-1.236580;-1.169600;0.817622;0.668506;1.482442;0.226594;-0.808389;0.612790;0.957745;1.365333;4.778667;0.496380;3.772230;0.164213;0.506570;1.457661;2.124774;1.466881;0.459486;-0.288955;-0.865838;2.336400;3.413333;2.048000;1.142330;6.108000;0.452787;0.353230;0.597919;0.357507;0.750016;0.164807;0.589927;-0.156963;0.890237;3.413333;6.144000;0.455400;2.552710;-0.057990;0.603801;0.096361;92.743468;0.408238;7.009434;15.056473;139.753640;0.000000;4.893587;24.741283;0.868358;59.253377;1.045728;7.360106;10.348032;81.701476;0.682667;3.480811;14.030285;1.744943;33.959028;0.506951;4.095265;6.327466;28.782731;0.000000;3.362085;11.760138;1.614468;2.083873;0.569373;3.084866;2.159699;0.857887;-0.034157;0.428480;-1.003802;0.347918;0.000000;347.040888;83.412616;493.890487;0.206630;2.973100;2.040400;-3.565600;-3.134900;-0.512310;1.482442;1.466881;0.750016;250.237847;1.482442;1.466881;0.750016;-0.070048;0.299170;0.085119;2.985000;3.159855;2.966129;0.206630;2.973100;2.040400;-3.565600;-3.134900;-0.512310;92.743468;59.253377;33.959028
0.553193;1.207700;4.683537;21.935522;4.716094;1.008012;-0.043238;-0.148226;5.574600;3.989610;3.989610;3.500400;20.764000;-2.180114;-3.207100;5.439519;29.588364;5.860142;1.459701;1.622722;2.556642;5.149470;6.649351;5.319481;2.603520;25.198500;0.255465;-1.812600;7.221981;52.157007;7.226498;1.386783;1.195201;1.812760;5.881600;3.324675;3.324675;2.750700;34.969000;-0.476859;0.857383;-0.186079;192.973111;0.341546;17.145493;37.682040;868.081292;1.994805;3.161465;10.392924;1.398851;167.868762;0.393711;31.527156;44.471289;1505.125029;0.000000;1.745140;2.145791;2.188698;216.953978;1.066485;27.506023;56.726902;2013.069973;1.994805;2.444862;4.395070;1.613507;8.851280;30.459915;13.607448;74.361202;28.068982;0.235554;2.715782;0.714563;-1.454148;0.000000;7205.283936;1462.092098;8660.083965;10.553000;16.043000;21.814000;-10.211000;-9.155500;-13.155000;4.716094;5.860142;7.226498;4386.276294;4.716094;5.860142;7.226498;-12.308389;29.382073;-7.406141;3.055835;2.708432;2.627891;10.553000;16.043000;21.814000;-10.211000;-9.155500;-13.155000;192.973111;167.868762;216.953978
-0.479529;-1.680000;4.247280;18.039391;4.274265;0.858665;0.615008;0.518631;4.272500;3.041584;3.041584;1.214800;20.764000;-1.232583;-1.082500;5.310051;28.196642;5.451230;1.379300;0.557275;1.826672;4.323300;5.576238;6.083168;2.180400;30.175000;0.566874;0.190870;6.548004;42.876356;6.572496;1.320221;1.040018;2.287899;6.249000;3.548515;4.055446;3.110570;34.969000;-0.500287;0.804381;-0.198637;152.646095;0.326666;19.290562;38.444561;934.213983;2.027723;2.287093;4.008117;1.993189;249.327214;0.147894;30.476402;46.850950;1577.375775;1.013861;2.512526;7.472357;2.196565;269.135204;0.617142;26.671558;60.340363;2197.711889;1.520792;2.647051;5.955161;1.778373;7.745989;31.182595;11.822581;60.978439;25.844101;0.374978;2.114054;0.205866;-1.139734;0.000000;7634.756266;1569.767216;9326.264045;10.553000;16.043000;21.814000;-10.211000;-14.132000;-13.155000;4.274265;5.451230;6.572496;4709.301647;4.274265;5.451230;6.572496;-11.395946;22.594524;-6.975708;2.785233;2.692022;2.712119;10.553000;16.043000;21.814000;-10.211000;-14.132000;-13.155000;152.646095;249.327214;269.135204
-1.928172;-1.056700;4.150137;17.223637;4.576187;0.398256;-1.615157;2.295471;2.310950;1.329870;1.994805;1.290000;17.780200;-0.160313;-0.620910;2.822600;7.967071;2.827149;0.481741;1.794138;3.788143;1.654750;5.984416;4.654545;0.729690;14.862800;-1.224639;0.893680;9.331916;87.084655;9.411928;0.905918;-1.240829;1.261660;8.117100;1.994805;1.994805;4.252720;38.576000;-0.788001;0.983242;-0.770087;159.929605;6.316429;24.133782;35.944204;949.384203;1.329870;2.729834;6.577250;1.806044;96.539410;2.206297;15.569529;19.159760;308.711147;1.329870;2.652629;6.992386;2.071934;386.376539;12.540611;46.632535;68.359022;3468.239205;1.329870;3.520537;13.493579;1.674389;7.740758;57.599316;11.376183;110.186159;3.110510;-0.719421;2.683467;-2.237666;-3.011426;0.000000;6831.362369;1575.444851;9331.481043;3.128200;10.078000;11.999000;-14.652000;-4.784800;-26.577000;4.576187;2.827149;9.411928;4726.334554;4.576187;2.827149;9.411928;-9.352243;38.580770;-20.551189;2.599017;2.560472;2.707615;3.128200;10.078000;11.999000;-14.652000;-4.784800;-26.577000;159.929605;96.539410;386.376539
-0.861229;-1.005000;1.123378;1.261978;1.415519;0.222329;0.843046;0.823691;1.441910;2.534653;4.562376;0.757130;5.540200;-1.301866;-0.846930;1.891600;3.578151;2.296303;0.485367;-0.297010;-0.701771;2.967501;6.590099;4.055446;0.949970;7.536400;0.265589;0.000117;2.842463;8.079597;2.854844;0.400868;0.358246;0.523527;3.391000;2.534653;2.534653;1.534817;14.492400;-0.188050;0.721835;0.103226;86.984130;0.618019;8.608562;14.158404;138.643122;0.000000;3.746470;16.307082;1.780161;131.488444;0.404712;11.699806;23.663662;351.876941;0.000000;3.681072;13.962421;1.552088;158.117447;4.156636;15.926970;23.842808;415.143966;1.013861;4.495946;22.679411;1.724789;3.616198;2.349945;5.133367;8.906784;3.677457;0.222240;0.999536;-0.851599;-1.369551;2.027723;1439.437949;301.888009;1793.569938;2.735700;2.183600;9.549200;-2.804500;-5.352800;-4.943200;1.415519;2.296303;2.854844;905.664028;1.415519;2.296303;2.854844;-0.403598;2.327983;0.560577;2.971824;3.061065;2.848801;2.735700;2.183600;9.549200;-2.804500;-5.352800;-4.943200;86.984130;131.488444;158.117447
-1.070806;-1.057900;0.823489;0.678134;1.350837;0.223396;-0.600745;0.004249;1.140880;7.979221;7.979221;0.520000;3.329760;-0.116089;0.314440;1.413544;1.998107;1.418303;0.374221;-0.551144;-0.837093;2.151290;3.324675;3.324675;0.865380;4.957100;0.725926;0.666650;1.158924;1.343106;1.367507;0.265071;-0.271532;-0.776320;1.948210;3.989610;4.654545;1.049690;4.395500;0.242782;0.367164;0.123702;82.452075;0.362680;5.396682;14.026376;114.398339;0.000000;4.484978;20.826878;0.843083;47.426545;0.144388;7.699766;9.728520;77.964798;0.664935;2.773764;7.847893;2.030723;55.896321;0.167005;6.162546;12.009540;92.286171;0.000000;3.242337;9.882548;1.413460;2.261501;0.592028;3.390237;2.180852;1.380156;-0.095668;0.774787;-0.641154;-0.158575;0.000000;416.601034;94.883103;561.999917;0.122460;2.032800;2.654000;-3.207300;-2.924300;-1.741500;1.350837;1.418303;1.367507;284.649309;1.350837;1.418303;1.367507;0.286326;0.355018;0.205313;2.994506;3.181132;3.162751;0.122460;2.032800;2.654000;-3.207300;-2.924300;-1.741500;82.452075;47.426545;55.896321
-1.167256;-1.221800;0.891190;0.794219;1.468572;0.259235;0.057788;-0.446140;1.275760;5.069307;5.069307;0.635730;4.049780;-0.320210;-0.118410;1.403832;1.970744;1.439888;0.496670;0.040930;-0.348872;2.131240;5.576238;7.603960;0.911290;6.565200;0.733355;0.555030;1.379434;1.902837;1.562257;0.310593;0.064102;-0.496458;1.879388;5.069307;5.069307;0.927540;5.675300;0.106536;0.296192;0.101936;117.892831;0.269584;6.894419;17.447652;177.719140;0.000000;5.195977;29.371389;0.985290;71.112770;0.884726;8.598261;11.986344;109.878513;0.506931;3.124674;12.292537;2.150972;74.068888;0.195653;8.555067;14.989522;150.412099;0.000000;2.675649;6.965937;1.969864;2.450120;0.667544;3.626052;2.243188;1.783201;0.146541;0.972107;-1.178607;-0.411686;1.520792;640.022686;146.003251;867.431079;0.842480;3.640900;3.694100;-3.207300;-2.924300;-1.981200;1.468572;1.439888;1.562257;438.009753;1.468572;1.439888;1.562257;0.134619;0.367761;0.199372;3.161416;3.001250;3.166625;0.842480;3.640900;3.694100;-3.207300;-2.924300;-1.981200;117.892831;71.112770;74.068888
-1.005487;-1.039300;0.367546;0.135090;1.070558;0.214367;0.299426;-0.480126;0.562765;0.000000;12.047059;0.290450;1.630765;0.368503;0.271210;1.076237;1.158286;1.137576;0.505066;-0.123927;0.475462;1.178690;9.035294;11.043137;0.619710;5.669900;0.543068;0.621615;0.920392;0.847122;1.068665;0.245616;-0.307973;-0.674759;1.422543;5.019608;6.023529;0.713260;3.686000;-0.046996;0.504673;-0.091908;102.559665;0.229114;4.620384;13.944536;110.014690;0.000000;6.657355;43.799966;0.411735;37.587288;0.229425;7.136952;9.599907;72.950030;0.000000;1.709611;2.002741;2.515189;55.392933;0.188473;5.478782;10.665080;73.289916;0.000000;3.421599;11.789793;1.672689;1.794019;0.363716;2.766403;1.198710;0.865760;0.100626;0.664290;-1.014587;0.596190;1.003922;346.837404;85.418212;502.653322;-0.085435;3.101900;2.087300;-1.716200;-2.568000;-1.598700;1.070558;1.137576;1.068665;256.254635;1.070558;1.137576;1.068665;-0.018774;0.172415;-0.091942;3.116887;2.987226;3.201982;-0.085435;3.101900;2.087300;-1.716200;-2.568000;-1.598700;102.559665;37.587288;55.392933
-0.904051;-0.864235;0.388757;0.151132;0.984094;0.226792;0.178870;-0.606578;0.511565;0.000000;10.778947;0.292055;1.649463;0.071910;0.112140;1.061809;1.127438;1.064241;0.457577;-0.871193;2.405566;1.423940;7.410526;7.410526;0.743130;6.233700;-0.164494;0.371525;1.901904;3.617238;1.909004;0.421292;-1.919614;3.814196;1.653698;4.042105;4.042105;0.697050;9.712500;-0.562253;0.286431;-0.172981;68.707875;0.249306;4.189860;10.710918;67.879857;0.000000;5.597970;30.765142;0.505983;31.401962;1.151610;6.789359;6.178650;43.244384;0.673684;2.206159;5.063386;2.546331;49.844935;0.343471;9.019895;13.803330;139.522718;2.694737;1.858945;2.104149;2.049281;2.019385;1.667428;2.990654;3.730997;1.135039;0.129779;0.287272;-0.738042;2.729466;2.021053;373.349536;83.548986;488.440228;-0.041737;1.998800;2.630900;-1.691200;-4.234900;-7.081600;0.984094;1.064241;1.909004;250.646959;0.984094;1.064241;1.909004;-0.235185;0.214604;-0.353985;3.124668;2.789833;2.657594;-0.041737;1.998800;2.630900;-1.691200;-4.234900;-7.081600;68.707875;31.401962;49.844935
-0.641182;-0.585540;0.580187;0.336618;0.864715;0.266649;-0.132358;-0.511461;0.938750;10.638961;8.644156;0.457160;2.791340;-1.134991;-1.195500;1.937823;3.755160;2.245743;0.523636;0.076612;-1.153094;3.373390;4.654545;3.324675;1.707400;7.513200;0.076674;-0.147690;1.263828;1.597261;1.266151;0.289188;0.692194;-0.167820;1.411940;4.654545;4.654545;0.719490;5.149200;-0.531036;0.151262;0.418131;49.371036;0.538910;4.838407;8.042204;44.615608;0.000000;4.461906;21.300010;1.300428;96.447915;0.482935;9.521381;19.764199;243.765321;0.664935;3.717267;12.791448;1.195312;39.238416;0.244598;5.579964;9.548300;61.947209;1.329870;2.562183;5.537297;1.729457;2.558139;0.850161;3.589240;4.287712;1.306315;0.607407;0.390987;-0.611677;-1.503344;0.000000;536.624897;116.776046;691.673502;0.416940;2.519300;2.931900;-2.374400;-4.993900;-2.217300;0.864715;2.245743;1.266151;350.328138;0.864715;2.245743;1.266151;-0.604900;0.112373;1.037507;2.985705;3.183747;3.033587;0.416940;2.519300;2.931900;-2.374400;-4.993900;-2.217300;49.371036;96.447915;39.238416
-0.563986;-0.571900;0.493851;0.243889;0.749646;0.237470;-0.075259;-0.614572;0.700480;9.124752;9.124752;0.352720;2.282240;-0.784738;-0.461130;1.911203;3.652698;2.066038;0.503477;-0.021905;-0.661385;3.239060;7.097030;4.055446;1.248570;8.560000;0.247111;0.366790;1.093423;1.195575;1.120999;0.264142;-0.071437;-0.869286;1.679940;4.562376;4.562376;0.906310;4.506700;-0.501780;0.248814;0.420962;56.962549;0.471044;4.446671;8.260785;44.442437;0.000000;5.218505;29.459079;1.276320;119.145608;0.568158;9.475298;19.967457;246.658520;0.506931;4.130886;17.906887;1.391523;46.712304;0.597184;6.441554;9.502082;66.543984;1.520792;3.006677;9.143823;2.046617;2.253960;1.006786;3.201871;4.020232;1.014115;0.336230;1.489048;-0.568274;-1.265730;0.000000;563.956421;119.214980;708.277236;0.416940;3.566100;2.289400;-1.865300;-4.993900;-2.217300;0.749646;2.066038;1.120999;357.644941;0.749646;2.066038;1.120999;-0.478341;0.135700;0.888504;3.077533;3.084390;3.194000;0.416940;3.566100;2.289400;-1.865300;-4.993900;-2.217300;56.962549;119.145608;46.712304
-0.573218;-0.399230;1.538672;2.367513;1.641978;0.371198;0.228679;-0.068208;1.872460;7.979221;3.989610;0.842970;6.641300;0.667360;0.204700;4.942401;24.427331;4.987254;1.658843;0.301679;3.430139;3.512240;8.644156;10.638961;1.504500;31.486000;0.414494;0.486290;1.928199;3.717950;1.972246;0.546341;0.170061;-1.161500;3.233000;4.654545;4.654545;1.643290;6.868400;-0.377590;0.195676;-0.411669;66.806080;0.294518;6.968059;13.466991;116.449786;1.329870;3.195128;9.627812;1.422339;121.426506;0.317262;24.927642;36.098624;974.745726;3.324675;1.402158;0.597441;2.274417;61.240865;0.756645;9.854908;14.546870;156.370067;2.659740;2.091643;3.503414;2.020617;4.269114;13.233210;6.061264;25.851989;3.042007;0.435156;0.435383;-0.365742;1.015010;0.000000;1912.829508;415.855193;2463.142296;2.996400;17.517000;4.114500;-3.644900;-13.969000;-2.753900;1.641978;4.987254;1.972246;1247.565578;1.641978;4.987254;1.972246;-2.909255;0.588183;-3.974800;2.988634;2.487209;3.155956;2.996400;17.517000;4.114500;-3.644900;-13.969000;-2.753900;66.806080;121.426506;61.240865
-0.772220;-0.934580;1.416787;2.007286;1.613570;0.358745;0.609555;0.436403;1.654094;4.562376;5.576238;0.817320;6.641300;1.063061;0.901900;4.420440;19.540289;4.546470;1.405534;0.069669;4.631562;2.894245;6.083168;8.110891;1.493600;31.486000;0.456602;0.482220;1.699577;2.888563;1.759843;0.456234;0.186753;-0.833203;2.501320;5.576238;5.576238;1.231880;6.594700;-0.342908;0.297012;-0.433542;77.994211;0.119988;8.164879;15.917268;161.596614;0.000000;3.153918;9.072320;1.688643;129.723681;0.194198;25.819695;38.905084;1100.924490;3.548515;1.501644;0.806664;2.474065;71.422131;0.329624;9.298812;15.624270;166.929422;3.041584;2.498084;5.667989;2.054124;3.989066;10.458399;5.706254;20.632188;2.433601;0.473091;1.267769;-0.732999;1.165107;0.000000;2135.326337;476.483509;2830.872610;2.996400;17.517000;4.114500;-3.644900;-13.969000;-2.480200;1.613570;4.546470;1.759843;1429.450526;1.613570;4.546470;1.759843;-2.169046;0.722340;-3.289724;2.989164;2.400853;3.218949;2.996400;17.517000;4.114500;-3.644900;-13.969000;-2.480200;77.994211;129.723681;71.422131
-1.049992;-0.859550;0.883991;0.781441;1.372561;0.342453;-0.887815;0.528880;1.078370;2.659740;7.314286;0.568970;4.177750;1.446597;1.377800;2.335213;5.453220;2.746974;0.908719;0.074424;-1.061981;3.277550;5.319481;6.649351;1.711050;8.285800;0.459768;0.535330;1.314706;1.728451;1.392781;0.439049;-0.094297;-0.706267;2.091200;5.319481;6.649351;1.073370;5.411000;-0.068742;0.363482;-0.292952;80.849364;0.319344;7.024847;13.328791;114.976624;0.000000;4.409495;21.240950;1.185487;111.388006;0.270035;14.225822;23.027727;371.082589;0.000000;2.759510;7.736288;1.769356;52.366254;0.215780;6.359282;11.094152;82.822164;1.994805;2.731663;6.992713;1.678761;3.065337;1.973334;4.494419;5.744771;1.703031;-0.057654;1.787103;-0.632776;1.263065;4.654545;799.487824;189.627125;1123.176050;0.507350;5.683000;2.628500;-3.670400;-2.602800;-2.782500;1.372561;2.746974;1.392781;568.881376;1.372561;2.746974;1.392781;-0.143771;0.427992;-0.911231;2.917726;3.212727;3.072066;0.507350;5.683000;2.628500;-3.670400;-2.602800;-2.782500;80.849364;111.388006;52.366254
-1.425525;-1.305700;1.361464;1.853585;1.971219;0.326149;-0.111394;-1.173788;2.464960;3.041584;3.548515;1.258136;5.256700;0.336206;0.012470;2.637079;6.954184;2.658424;0.858004;0.151550;-0.521146;3.718700;7.603960;7.603960;1.534630;11.097000;0.276254;0.604140;2.086364;4.352913;2.104573;0.475114;-1.031764;0.958205;2.531330;4.562376;4.562376;1.273170;9.383000;-0.147369;0.537198;-0.380719;143.977976;0.156077;9.240893;22.504366;298.850198;0.000000;4.631055;23.214905;1.145933;83.264325;0.285820;15.805193;21.640047;362.602809;3.041584;1.761910;2.146056;2.465752;68.991288;0.470503;10.405598;18.501953;227.530049;2.027723;2.207113;3.331782;2.068440;3.480486;3.268373;5.323045;8.433823;3.753598;-0.548950;0.845862;-1.589278;0.882975;0.506931;1388.544719;296.327685;1760.535072;1.085100;5.683000;3.866200;-4.171600;-5.414000;-5.516800;1.971219;2.658424;2.104573;888.983056;1.971219;2.658424;2.104573;-0.534389;1.541174;-2.115627;3.247133;3.087975;2.899386;1.085100;5.683000;3.866200;-4.171600;-5.414000;-5.516800;143.977976;83.264325;68.991288
-1.021960;-1.122000;2.305146;5.313699;2.521528;0.654508;0.132880;0.931119;1.981655;2.982524;7.456311;1.009800;12.417800;0.898384;0.095645;3.976718;15.814289;4.076933;1.329930;2.135366;7.991568;2.494360;9.941748;8.450485;1.222245;27.453700;0.677060;1.058100;3.557537;12.656070;3.621392;0.798764;-0.347517;-0.148243;4.903600;5.965049;3.976699;2.318200;15.952600;-0.716959;0.571056;-0.359426;105.261920;0.664826;15.159833;22.919558;381.229009;0.000000;2.327064;4.944855;2.223589;123.253064;0.698949;28.543796;31.034240;897.566622;2.485437;1.572550;1.022231;2.722511;201.420517;0.664828;16.822070;33.190108;699.003857;1.491262;3.671091;16.104015;1.666431;4.766617;13.373324;7.230631;23.427521;8.999747;-0.379509;1.577252;-0.729828;0.924969;1.988350;3028.952289;659.266496;3917.564370;4.597600;18.892000;7.583300;-7.820200;-8.561700;-8.369300;2.521528;4.076933;3.621392;1977.799488;2.521528;4.076933;3.621392;-6.636739;4.728937;-5.134773;2.774002;2.279873;3.139892;4.597600;18.892000;7.583300;-7.820200;-8.561700;-8.369300;105.261920;123.253064;201.420517
-1.378448;-1.394800;1.990303;3.961305;2.421038;0.595291;-0.402344;2.082474;2.123935;2.694737;4.715789;1.076190;11.480300;0.236402;-0.469775;4.403196;19.388136;4.409538;1.344414;2.518108;8.250686;1.472025;10.105263;8.757895;0.788215;27.453700;0.158946;-0.495040;3.011644;9.070000;3.015836;0.668608;0.674431;-0.374214;4.231125;5.389474;5.389474;2.157560;11.651800;-0.811786;0.655669;-0.290890;104.762069;0.632298;13.031054;20.129922;295.077158;0.000000;2.956254;9.265360;1.748895;105.246640;1.942933;26.134005;27.668651;743.329964;2.694737;1.637448;1.183382;2.444301;136.895498;0.324966;11.035829;23.529357;346.597195;1.347368;4.113236;18.315270;1.132874;4.351726;15.463194;6.550207;24.214710;8.136098;-0.279245;0.777123;-0.995320;0.978866;0.000000;2028.152470;461.668106;2698.982771;3.660100;18.892000;7.583300;-7.820200;-8.561700;-4.068500;2.421038;4.409538;3.015836;1385.004317;2.421038;4.409538;3.015836;-7.209099;3.982536;-3.908881;2.679899;1.981643;3.115369;3.660100;18.892000;7.583300;-7.820200;-8.561700;-4.068500;104.762069;105.246640;136.895498
-1.627929;-1.293300;1.871800;3.503634;2.480683;0.413915;-0.242952;0.154069;2.128240;3.011765;4.015686;1.077300;8.795700;-1.162200;-1.082200;3.251593;10.572857;3.453052;0.734336;0.250493;-0.644108;4.245235;5.019608;5.019608;2.233300;12.194100;0.141116;0.081109;1.245969;1.552438;1.253934;0.492991;0.076884;-0.699991;1.872540;9.035294;7.027451;0.954391;5.001000;-0.029046;0.381786;-0.121158;83.024401;0.925944;10.214106;18.331352;224.500526;0.000000;2.813540;7.476121;1.219739;99.843988;1.254060;12.757914;22.387598;338.493963;1.003922;2.634867;6.662683;1.313037;24.948094;1.422550;6.221290;6.398393;40.602760;4.015686;1.672644;1.569341;2.071034;4.154613;2.388892;5.787308;10.818821;3.908277;0.332994;1.191886;-0.830432;-1.449967;2.007843;941.218182;201.199083;1183.979219;3.002500;5.826800;2.638700;-5.793200;-6.367300;-2.362300;2.480683;3.453052;1.253934;603.597249;2.480683;3.453052;1.253934;-0.180321;0.908211;-0.500673;3.004383;3.022663;3.009338;3.002500;5.826800;2.638700;-5.793200;-6.367300;-2.362300;83.024401;99.843988;24.948094
-1.116944;-0.851160;1.885008;3.553253;2.191077;0.395087;-0.257419;0.712921;1.777245;3.976699;3.976699;0.808755;9.536300;-0.828641;-1.065200;2.763489;7.636870;2.885050;0.700612;0.304070;-0.025440;3.023635;4.970874;4.970874;1.472700;12.194100;0.133343;0.081109;1.703249;2.901058;1.708461;0.479734;0.187345;-0.564192;2.524250;6.959223;5.965049;1.223109;7.451000;-0.127206;-0.270853;-0.024694;115.045224;0.114137;10.355771;22.577666;311.491610;0.000000;3.108523;9.532784;1.685676;122.264694;0.212529;15.183348;26.240982;464.023367;0.497087;2.231498;4.693509;2.172198;78.867462;0.367496;8.464706;15.096758;151.235869;1.491262;2.704330;7.913664;2.000673;3.643706;2.766581;5.306469;7.817699;4.133627;-0.062450;1.167002;-1.319821;-1.411246;0.497087;1509.967771;308.916949;1835.679560;3.743100;5.826800;4.232400;-5.793200;-6.367300;-3.218600;2.191077;2.885050;1.708461;926.750846;2.191077;2.885050;1.708461;-0.669135;-0.878138;-0.117371;2.865112;3.030008;3.114384;3.743100;5.826800;4.232400;-5.793200;-6.367300;-3.218600;115.045224;122.264694;78.867462
-0.721878;-0.715465;1.501636;2.254912;1.666139;0.307700;-0.063373;2.894417;1.015359;4.042105;6.736842;0.558870;8.887300;-0.841399;-1.395800;1.852767;3.432746;2.034870;0.523989;1.552553;2.282300;1.497075;3.368421;6.063158;0.704780;9.405100;0.298604;0.415040;2.081382;4.332149;2.102692;0.480970;0.128691;-1.119942;3.708250;4.042105;4.042105;1.958550;7.451000;-0.332634;-0.665738;-0.035043;54.862756;0.454820;8.351910;13.206243;125.292245;0.000000;2.386986;5.093470;1.872441;63.946304;0.150028;10.374464;15.856706;184.256848;0.000000;1.861686;2.494830;2.077560;96.887552;0.110872;7.495932;16.667889;171.398597;1.347368;4.088122;18.440677;1.134997;3.045033;2.065806;4.735701;5.760865;3.687178;-0.462866;0.318315;-0.411947;-1.229771;2.021053;783.203919;160.315897;937.231396;3.743100;5.463500;4.232400;-5.144200;-3.941600;-3.218600;1.666139;2.034870;2.102692;480.947690;1.666139;2.034870;2.102692;-0.937788;-2.108491;-0.136939;2.394761;2.624291;3.194835;3.743100;5.463500;4.232400;-5.144200;-3.941600;-3.218600;54.862756;63.946304;96.887552
-0.414962;0.921190;6.544354;42.828569;6.557497;1.322595;0.086623;-0.599840;9.152400;3.324675;3.324675;4.388590;27.062000;-3.261043;-6.703200;23.394148;547.286184;23.620343;4.412539;-0.182856;-0.481698;34.172000;3.989610;3.324675;13.336400;96.519000;-2.086415;-3.255700;8.296715;68.835486;8.555034;1.636158;0.140409;-0.961111;12.048400;3.324675;3.324675;6.618900;29.928000;-0.974823;-0.732793;0.634943;257.457423;2.584858;26.472721;50.802492;1662.158836;1.329870;3.001824;9.256843;1.527967;955.616064;9.968679;94.501346;185.167395;21889.367106;1.329870;3.122566;10.254984;1.487883;284.604364;4.904672;38.765828;66.267466;2985.356993;1.329870;2.310219;4.389341;1.814548;22.695253;159.035436;32.462407;626.720076;39.775267;0.252174;3.250917;-0.276347;-2.139968;0.000000;45783.602839;8845.627645;52393.332977;14.284000;39.782000;13.397000;-12.778000;-56.737000;-16.531000;6.557497;23.620343;8.555034;26536.882936;6.557497;23.620343;8.555034;-151.208698;-40.311702;124.860496;3.109934;3.003332;3.199891;14.284000;39.782000;13.397000;-12.778000;-56.737000;-16.531000;257.457423;955.616064;284.604364
-0.449486;-0.816340;5.205665;27.098943;5.225034;0.949469;0.280153;1.143590;5.597300;2.534653;3.548515;2.878460;27.062000;-2.527447;0.025515;18.259004;333.391210;18.433101;2.833177;-0.558221;1.761188;17.327900;5.069307;3.548515;4.607485;96.519000;-0.454663;-0.581210;5.478846;30.017758;5.497679;1.001790;0.466642;0.210386;7.324200;4.055446;3.041584;3.570390;24.060000;-0.952049;-0.640701;0.608497;240.508606;0.647950;22.507213;47.370843;1388.902403;1.520792;3.092589;9.275079;1.681644;843.919169;3.597391;80.308727;167.841059;17481.443122;1.520792;2.988522;8.830662;1.739320;258.133769;0.950509;22.076732;50.557252;1536.775317;1.520792;3.400084;10.952542;1.499695;14.130197;197.642195;19.955195;373.703009;18.477212;0.253646;4.953391;0.066196;-1.748783;0.000000;30146.839478;6802.373614;40414.102060;14.284000;39.782000;13.397000;-12.778000;-56.737000;-10.663000;5.225034;18.433101;5.497679;20407.120842;5.225034;18.433101;5.497679;-91.397399;-18.456199;61.481711;2.806225;2.505496;3.015076;14.284000;39.782000;13.397000;-12.778000;-56.737000;-10.663000;240.508606;843.919169;258.133769
-1.668035;-1.452800;1.149979;1.322453;2.026029;0.265667;0.296960;-0.634880;1.899420;0.664935;2.659740;0.837070;4.697600;-1.601804;-2.545000;2.651890;7.032520;3.098112;0.594000;0.390842;-1.036249;4.615130;5.319481;2.659740;1.998800;10.624300;0.206445;0.256430;1.447170;2.094302;1.461821;0.499259;-0.206727;-0.511039;1.929420;7.314286;9.974026;0.946870;6.447200;0.433798;0.153418;0.467404;128.438720;0.265272;8.148382;21.380237;265.154755;0.000000;4.689020;22.900056;0.790568;134.419703;1.325258;12.884906;27.542783;468.316901;0.664935;3.830856;13.363675;1.113837;52.078928;1.240353;8.645788;9.535376;83.912328;0.664935;2.760651;8.789200;2.217849;3.750150;1.776387;5.628133;7.991585;1.583469;-0.215706;0.780561;-1.223317;-1.442620;0.000000;1151.290160;272.461328;1613.809405;1.073200;4.932400;3.365300;-3.624400;-5.691900;-3.081900;2.026029;3.098112;1.461821;817.383984;2.026029;3.098112;1.461821;1.340325;0.258680;1.817377;3.018054;3.086556;3.082167;1.073200;4.932400;3.365300;-3.624400;-5.691900;-3.081900;128.438720;134.419703;52.078928
-1.329480;-1.250100;1.301453;1.693780;1.860456;0.256455;0.434160;0.008541;1.812230;1.520792;5.576238;0.775520;5.668600;-0.886320;-0.665760;2.714496;7.368486;2.855530;0.544104;-0.106740;-1.451511;4.998900;2.534653;2.534653;2.529560;9.627300;0.267301;0.296930;1.373460;1.886391;1.399229;0.473965;-0.113804;-0.177720;1.754790;8.617822;8.617822;0.889570;6.447200;0.512192;0.330709;0.460254;134.277448;0.542108;8.789132;21.111222;264.055034;0.000000;4.527061;22.352393;1.182363;160.741477;0.250747;13.736087;26.558783;451.450514;0.506931;3.973332;17.220896;1.530605;46.258607;0.226179;8.177632;11.665134;102.479208;1.013861;2.068341;3.380108;2.326642;3.434096;1.780174;5.184302;8.484914;1.424682;-0.223460;2.023762;-1.467454;-1.277885;0.000000;1280.993175;272.661585;1619.930596;2.033000;3.935400;3.365300;-3.635600;-5.691900;-3.081900;1.860456;2.855530;1.399229;817.984756;1.860456;2.855530;1.399229;1.827560;0.597052;1.733102;3.053475;3.149305;3.132210;2.033000;3.935400;3.365300;-3.635600;-5.691900;-3.081900;134.277448;160.741477;46.258607
-1.036226;-1.031500;0.929778;0.864487;1.392211;0.232303;-0.106700;-0.892028;1.523905;3.479612;6.462136;0.766700;3.700150;-1.919194;-1.772600;1.421621;2.021005;2.388370;0.383805;-0.434274;-0.270753;1.656930;1.491262;6.462136;0.827840;6.481600;0.243989;0.088239;1.195713;1.429730;1.220353;0.255174;0.726985;0.187935;1.410655;4.970874;4.970874;0.706851;5.148500;0.469186;0.548020;0.421253;106.731273;0.300812;7.305193;15.933885;155.118785;0.000000;4.885113;26.555948;1.217557;197.676995;0.364043;11.843124;28.589642;483.462281;0.000000;5.417783;31.567170;0.972982;70.806415;0.037952;5.871365;11.113894;79.762732;1.491262;4.119873;19.933708;1.574015;2.747200;1.584716;4.038218;2.895068;1.002979;-0.317018;1.517943;-0.736924;-1.444344;0.000000;858.964841;239.447932;1422.873291;0.909250;1.232400;3.455500;-2.790900;-5.249200;-1.693000;1.392211;2.388370;1.220353;718.343797;1.392211;2.388370;1.220353;0.626247;0.615233;0.723087;3.143083;3.039381;3.105267;0.909250;1.232400;3.455500;-2.790900;-5.249200;-1.693000;106.731273;197.676995;70.806415
-1.230542;-1.128600;0.883003;0.779693;1.514572;0.253445;-0.106876;-1.058274;1.360445;4.096000;4.096000;0.682800;3.258020;-1.534592;-1.487500;2.064295;4.261313;2.572214;0.417259;-0.039643;-1.116746;3.495195;2.048000;7.509333;1.767150;7.058400;0.674730;0.517070;1.222297;1.494009;1.396163;0.254498;-0.072338;-1.152587;1.894455;4.096000;2.730667;1.036930;4.273900;0.509459;0.631764;0.581180;92.290671;0.507572;6.432476;15.507332;142.806076;0.000000;4.629048;22.072189;0.828942;115.094409;1.440697;11.340128;23.138555;336.422227;0.000000;3.633952;12.282620;1.202692;50.604783;0.210171;6.007343;11.911288;90.169925;0.000000;2.818039;7.024274;1.511989;3.044559;1.590148;4.543387;5.251235;1.000668;-0.377301;1.412764;-0.986542;-1.156557;0.000000;754.830781;189.799409;1123.812292;0.467120;1.809200;2.662500;-2.790900;-5.249200;-1.611400;1.514572;2.572214;1.396163;569.398228;1.514572;2.572214;1.396163;0.941179;0.691072;1.486240;3.114987;3.228337;3.208330;0.467120;1.809200;2.662500;-2.790900;-5.249200;-1.611400;92.290671;115.094409;50.604783
-0.903503;-0.707200;1.750585;3.064548;1.969991;0.403687;-0.726291;0.595535;1.954960;3.041584;5.069307;0.975540;7.788700;-0.442694;-0.169860;2.921319;8.534103;2.954671;0.625015;0.113347;-0.464104;4.166100;6.083168;5.069307;1.929740;12.733600;0.652004;0.324140;2.065617;4.266774;2.166075;0.491149;0.268611;-0.677717;3.096930;6.590099;3.548515;1.591660;8.110600;-0.323421;0.862133;-0.019968;91.253763;0.296815;9.966817;19.246475;237.207691;0.000000;2.708456;6.766355;1.874714;148.788355;0.357276;13.883322;26.456506;450.765964;0.506931;3.513434;13.442269;1.690653;77.470128;0.109227;11.486548;19.488678;258.408093;1.520792;2.302607;4.119633;2.094046;3.821649;2.697828;5.568362;9.336968;6.372409;-0.104934;0.395762;-1.341954;-0.596475;1.013861;1611.345372;315.460582;1874.206989;2.273600;6.595200;5.203600;-5.515100;-6.138400;-2.907000;1.969991;2.954671;2.166075;946.381747;1.969991;2.954671;2.166075;-1.670520;3.148681;-0.121701;3.033308;3.177887;3.199357;2.273600;6.595200;5.203600;-5.515100;-6.138400;-2.907000;91.253763;148.788355;77.470128
-0.571744;-0.619500;0.983517;0.967306;1.137628;0.329624;0.897897;0.775100;1.166860;2.659740;9.974026;0.582000;4.537900;-1.055704;-0.716000;2.227025;4.959642;2.464580;0.593669;-0.509797;-0.783310;3.323320;4.654545;4.654545;1.754700;8.634100;0.807446;0.628110;1.486033;2.208293;1.691231;0.399071;0.119833;-1.317956;2.805850;5.319481;3.324675;1.387490;5.423900;0.105673;0.763176;0.345153;44.024326;0.150437;5.966705;9.360662;62.411935;0.000000;2.530407;6.181957;1.849297;86.772929;1.280232;13.283051;19.235158;276.763624;1.329870;2.728273;6.941172;1.859684;62.173355;0.135739;8.078689;14.202444;135.220912;0.000000;2.666638;6.607181;1.704219;3.003386;1.208287;4.287408;5.527924;2.433476;0.138285;1.512785;-0.423023;-0.917864;0.000000;741.084214;158.132157;936.628930;2.273600;2.495700;3.924000;-2.264300;-6.138400;-1.499900;1.137628;2.464580;1.691231;474.396471;1.137628;2.464580;1.691231;0.234503;1.130087;1.157291;2.964251;3.168504;3.052931;2.273600;2.495700;3.924000;-2.264300;-6.138400;-1.499900;44.024326;86.772929;62.173355
-0.701500;-0.798670;0.948709;0.900049;1.179895;0.278567;0.645160;0.436094;1.170138;4.096000;4.096000;0.593080;4.628000;0.114717;0.077704;1.146311;1.314030;1.152037;0.447903;0.810560;1.192009;1.498425;6.656000;8.704000;0.800135;5.969700;0.406845;0.403785;1.317909;1.736884;1.379277;0.287432;0.579284;0.107580;1.685665;3.584000;3.584000;0.796240;6.114900;-0.033106;0.751308;0.307162;70.150024;0.074641;6.301210;12.047945;94.277698;0.000000;3.721429;14.907002;1.601538;38.472340;0.248697;7.186303;8.931096;67.017785;0.512000;1.986270;3.583299;2.500944;54.288537;0.222020;7.059709;12.366635;103.414303;1.024000;2.575379;5.516475;1.966188;1.911183;0.969125;2.958561;2.493905;1.281862;0.223886;0.401991;-0.625090;0.274831;0.000000;413.718501;88.236595;519.038796;2.111400;4.031000;3.863100;-2.516600;-1.938700;-2.251800;1.179895;1.152037;1.379277;264.709786;1.179895;1.152037;1.379277;-0.036367;0.948857;0.468728;3.023498;2.934929;2.934264;2.111400;4.031000;3.863100;-2.516600;-1.938700;-2.251800;70.150024;38.472340;54.288537
-0.732927;-0.816130;0.936378;0.876804;1.189111;0.305682;1.014946;1.281335;0.837273;4.594872;8.533333;0.497470;4.628000;0.319962;0.241405;1.099825;1.209614;1.145421;0.500983;1.021032;1.635335;1.173293;9.189744;13.128205;0.606620;5.474200;0.459120;0.379700;1.391369;1.935908;1.465162;0.298167;0.616135;-0.039958;1.650090;3.282051;5.907692;0.919035;6.114900;-0.127610;0.773323;0.269222;57.168288;0.772423;6.471187;10.321077;76.103022;0.000000;3.426398;12.645575;1.620438;28.760558;0.541809;7.215305;7.451484;55.171919;1.312821;1.490284;1.037489;2.545278;61.315478;0.198412;6.276847;11.827568;91.943684;1.312821;3.239803;10.550068;1.482944;1.940625;1.106649;3.009516;2.638438;1.270549;0.388119;0.369916;-0.589333;0.608644;0.000000;336.931174;74.406208;435.276318;2.111400;4.031000;3.863100;-2.516600;-1.443200;-2.251800;1.189111;1.145421;1.465162;223.218625;1.189111;1.145421;1.465162;-0.133126;1.020606;0.417331;2.812921;2.852309;2.871628;2.111400;4.031000;3.863100;-2.516600;-1.443200;-2.251800;57.168288;28.760558;61.315478
-0.994508;-0.816780;0.914873;0.836992;1.351310;0.230438;-0.706172;0.701647;0.954415;2.048000;3.584000;0.493055;4.617500;0.536795;0.883405;1.212759;1.470784;1.326248;0.340217;-0.719279;-0.034502;1.490625;4.608000;4.608000;0.725695;5.543700;1.118306;0.832795;1.619203;2.621819;1.967848;0.258944;1.146694;0.919484;1.623244;2.048000;4.096000;0.831255;6.556700;-0.101787;-0.232410;-0.105689;99.450792;0.273941;6.307568;15.369002;140.755740;0.000000;4.707875;24.229598;1.133299;53.679547;0.118913;8.084466;11.633426;102.354547;0.000000;2.086383;3.937471;2.335054;111.830568;0.727583;9.415721;20.337645;256.160559;0.000000;3.722081;14.122345;1.475063;2.401181;1.691725;3.613628;2.740645;1.489565;-0.282532;1.578677;-1.180731;0.447526;0.512000;661.185851;166.423615;978.962444;1.036000;2.814800;5.465800;-3.581500;-2.728900;-1.090900;1.351310;1.326248;1.967848;499.270846;1.351310;1.326248;1.967848;-0.114075;-0.347762;-0.209638;2.984424;3.010618;2.981861;1.036000;2.814800;5.465800;-3.581500;-2.728900;-1.090900;99.450792;53.679547;111.830568
-0.820801;-0.824540;0.707984;0.501241;1.083953;0.202130;0.371256;-0.338800;1.055285;2.592405;3.240506;0.526520;3.097400;0.470689;0.872340;1.338318;1.791095;1.418677;0.261009;-1.225387;0.392349;1.117375;1.944304;1.944304;0.568410;4.937400;0.903283;1.026300;0.826729;0.683481;1.224500;0.226077;-0.040673;-0.673727;1.252380;1.296203;3.240506;0.609800;3.496980;0.168183;0.420329;-0.027511;64.843262;0.335941;4.979012;10.928345;73.022423;0.000000;4.356487;20.073007;1.051450;44.216457;1.005650;7.712099;10.715336;88.250580;0.648101;2.387049;4.586707;1.996639;71.359348;0.183627;5.481940;12.270791;91.455173;0.000000;4.137251;18.311218;1.105399;2.086088;0.335238;3.178540;1.833703;0.861179;0.040852;1.110274;-0.410249;0.480375;0.000000;357.031055;84.242725;499.138148;1.036000;2.292400;2.751400;-2.061400;-2.645000;-0.745580;1.083953;1.418677;1.224500;252.728176;1.083953;1.418677;1.224500;0.161398;0.249178;-0.030829;3.110175;2.872345;3.115045;1.036000;2.292400;2.751400;-2.061400;-2.645000;-0.745580;64.843262;44.216457;71.359348
-1.309307;-1.541400;0.848887;0.720609;1.560415;0.263318;0.855273;0.272930;1.270455;0.994175;2.485437;0.540600;3.686600;0.571257;0.597700;1.866701;3.484571;1.952154;0.617409;0.380091;0.277335;2.542960;4.473786;4.473786;1.325850;9.198300;1.154258;0.892120;2.468817;6.095056;2.725320;0.658336;-0.115329;-0.917698;3.425215;4.970874;4.970874;1.969780;8.914900;-0.236582;0.047895;-0.016966;134.858660;0.139551;7.116715;19.303074;213.682799;0.000000;5.656120;34.012765;0.818942;102.362801;0.359060;11.516045;17.012316;213.067830;0.497087;3.426288;14.021883;2.019239;119.187569;1.003413;15.008739;25.851679;451.123495;1.491262;2.760788;7.625971;1.990437;3.441289;1.830696;5.197417;6.159533;3.565929;0.056649;0.914428;-1.346565;0.459569;0.994175;1314.055462;292.624708;1738.866053;1.165100;6.543900;5.228200;-2.521500;-2.654400;-3.686700;1.560415;1.952154;2.725320;877.874124;1.560415;1.952154;2.725320;-0.378568;0.101359;-0.078956;2.991715;2.998021;3.218585;1.165100;6.543900;5.228200;-2.521500;-2.654400;-3.686700;134.858660;102.362801;119.187569
-0.747395;-1.555200;1.794551;3.220415;1.943969;0.393741;1.089220;0.055025;2.429610;3.368421;3.368421;0.720950;6.759300;1.598927;1.578950;2.107826;4.442930;2.645656;0.917846;-0.242835;1.394101;1.707072;4.715789;12.800000;0.872700;10.901500;0.750387;0.858940;3.678854;13.533966;3.754603;0.994104;-1.281373;1.720123;4.026508;6.063158;7.410526;2.163960;15.890200;-0.280890;-0.271381;-0.418712;57.416054;0.338138;9.356023;15.286696;164.835672;0.673684;2.192614;3.687988;1.894755;121.518439;1.001052;15.450738;21.663284;363.327690;0.000000;3.309469;12.371076;1.795209;106.877907;1.359475;18.897709;26.992022;557.131752;1.347368;1.659190;1.597624;2.183331;4.489498;4.719964;6.752237;14.939925;4.847612;-0.059093;2.001027;-1.109427;1.132003;0.000000;1711.187907;361.765038;2114.934067;3.766100;6.718300;5.228200;-2.993200;-4.183200;-10.662000;1.943969;2.645656;3.754603;1085.295113;1.943969;2.645656;3.754603;-1.076660;-1.815514;-3.290142;2.824914;2.803138;2.773502;3.766100;6.718300;5.228200;-2.993200;-4.183200;-10.662000;57.416054;121.518439;106.877907
-1.344798;-1.476200;0.575361;0.331041;1.462711;0.220533;0.216175;-1.256003;1.052440;0.000000;4.654545;0.498200;2.134550;-0.346433;-0.280290;1.590992;2.531255;1.628272;0.398122;0.350786;-0.862081;2.710790;1.994805;4.654545;1.386010;6.126900;0.178334;0.152380;1.099568;1.209050;1.113936;0.311378;-0.004034;0.070671;1.237330;7.979221;10.638961;0.584860;5.128300;-0.505110;-0.588698;0.423507;103.549470;0.272235;5.420324;16.453544;151.998212;0.000000;5.475017;29.501791;0.412777;71.234256;0.331789;7.695400;12.305858;106.694532;0.664935;3.757129;15.703810;1.530706;39.483612;0.246146;5.689248;8.023132;48.997263;0.664935;2.497655;6.691836;1.989268;2.364903;0.438880;3.576756;3.027044;0.919684;0.109138;0.398934;-1.121371;-1.095400;1.329870;447.539926;102.563336;607.490526;-0.243050;3.375300;2.846300;-2.377600;-2.751600;-2.282000;1.462711;1.628272;1.113936;307.690007;1.462711;1.628272;1.113936;-0.468459;-0.377340;0.750633;3.117628;3.112254;3.037202;-0.243050;3.375300;2.846300;-2.377600;-2.751600;-2.282000;103.549470;71.234256;39.483612
-1.082694;-0.920050;0.915535;0.838205;1.417897;0.283913;-0.677180;0.491959;0.990300;4.055446;5.576238;0.501460;4.276270;-0.656075;-0.837410;2.706081;7.322876;2.784477;0.590118;0.041093;1.501829;2.697320;3.548515;4.562376;1.278790;15.949200;0.390893;0.260760;1.768114;3.126228;1.810808;0.425248;0.331688;0.617836;1.626630;5.069307;6.083168;0.856190;8.908400;-0.083467;0.402084;-0.148632;109.352121;0.127167;7.034577;16.395482;160.724276;0.000000;4.993506;27.181371;1.091230;111.909303;1.566026;17.068170;22.959359;413.279041;1.013861;2.503729;6.195056;2.284237;69.685013;0.315643;9.951946;15.626093;173.307087;1.520792;2.348246;4.634995;2.147374;3.150045;3.119983;4.544247;7.529359;3.198208;0.467889;0.490214;-1.048056;-1.033466;0.000000;1159.760361;249.103468;1479.967662;0.734970;6.965000;4.903700;-3.541300;-8.984200;-4.004700;1.417897;2.784477;1.810808;747.310404;1.417897;2.784477;1.810808;-0.208859;0.657392;-0.718263;3.012508;2.690941;2.953615;0.734970;6.965000;4.903700;-3.541300;-8.984200;-4.004700;109.352121;111.909303;69.685013
-0.957177;-0.794840;0.863272;0.745239;1.288964;0.249145;-0.842414;0.499168;1.226040;4.654545;3.324675;0.596960;3.998850;0.536995;1.121300;3.248952;10.555689;3.293031;0.400422;-0.088676;-1.495177;6.474000;0.664935;0.664935;3.235500;10.424500;0.227264;0.510770;1.596453;2.548661;1.612548;0.363500;-0.562064;-0.401649;2.300050;2.659740;4.654545;1.168230;6.398100;0.055289;-0.418558;0.385680;73.702661;0.278730;6.818082;12.224797;99.238233;0.000000;4.352284;20.312781;1.238826;170.939348;0.214792;10.261879;27.219481;428.597985;0.664935;5.297663;28.186558;0.585035;65.349182;0.138013;6.736700;12.497989;102.100414;1.329870;3.042511;10.249828;1.583713;3.672828;1.616126;5.336317;11.172786;2.335528;0.169109;0.827529;-0.837862;1.170439;0.664935;1100.924933;209.978878;1243.721044;0.569150;5.158600;2.757600;-3.429700;-5.265900;-3.640500;1.288964;3.293031;1.612548;629.936633;1.288964;3.293031;1.612548;0.157110;-0.584436;2.026765;2.944763;3.111732;3.208546;0.569150;5.158600;2.757600;-3.429700;-5.265900;-3.640500;73.702661;170.939348;65.349182
-1.110629;-1.204400;0.658685;0.433866;1.291264;0.250111;0.268875;-0.999199;1.033710;3.041584;7.603960;0.528100;2.453510;0.587998;0.636160;2.991203;8.947297;3.048449;0.474379;-0.069963;-1.413669;5.435000;2.027723;1.013861;2.818260;9.990500;0.234364;0.354320;1.519887;2.310057;1.537850;0.353308;-0.165524;-1.059324;2.344560;3.548515;4.562376;1.189780;5.303000;0.453293;-0.165581;0.304520;112.173548;0.250057;6.126013;15.892970;146.493467;0.000000;5.870494;35.944500;0.763063;202.948726;0.672930;11.397066;28.880433;486.758416;0.506931;5.799123;35.105910;0.799814;69.624733;0.127752;8.179677;13.232823;122.205453;2.027723;2.904250;8.925950;1.995476;3.455083;1.387783;5.177947;9.397828;2.118574;-0.040195;1.619653;-0.969205;1.191515;0.506931;1275.780858;251.819112;1496.101782;0.252610;5.158600;2.869900;-2.200900;-4.831900;-2.433100;1.291264;3.048449;1.537850;755.457335;1.291264;3.048449;1.537850;0.902038;-0.167425;1.398280;3.217469;3.270219;3.225836;0.252610;5.158600;2.869900;-2.200900;-4.831900;-2.433100;112.173548;202.948726;69.624733
-0.883661;-0.976790;0.555691;0.308792;1.043863;0.253213;0.601049;-0.729261;0.727520;6.023529;9.035294;0.346510;2.008300;1.685911;1.546200;1.693823;2.869037;2.389839;0.873540;0.146207;-0.513283;2.081050;6.023529;8.031373;1.045610;6.946800;0.243514;-0.078765;1.543698;2.383003;1.562787;0.328774;0.303507;-1.105435;2.747225;4.015686;6.023529;1.247935;5.312600;-0.304181;0.637439;-0.146828;45.066708;0.406591;4.341561;8.643617;47.697895;0.000000;4.027229;15.996028;0.764066;85.981438;0.313270;11.236564;17.366215;218.117462;0.000000;3.135428;10.451051;1.321342;46.367532;0.244455;5.685685;9.633336;63.790841;1.003922;3.039424;9.542939;1.234466;2.834658;1.207996;4.140788;3.240111;2.268392;0.037496;1.148018;-0.456122;1.427348;0.000000;440.603540;109.868733;646.535234;0.241500;5.081500;3.134900;-1.766800;-1.865300;-2.177700;1.043863;2.389839;1.562787;329.606198;1.043863;2.389839;1.562787;-0.292034;0.557743;-0.391597;3.009338;3.150203;2.881798;0.241500;5.081500;3.134900;-1.766800;-1.865300;-2.177700;45.066708;85.981438;46.367532
-1.222928;-1.165900;0.909818;0.827769;1.524244;0.256043;-0.647458;0.061939;1.107770;3.976699;5.965049;0.521100;3.844000;-0.478255;-0.408730;2.791502;7.792482;2.832174;0.773320;0.004365;-0.785904;4.292600;4.473786;3.479612;2.162570;12.010400;0.225907;0.201430;1.324841;1.755204;1.343964;0.350014;0.176353;-0.789334;2.146870;4.970874;6.959223;1.048200;5.312600;0.237715;0.433525;-0.116922;125.961556;0.421437;6.973371;18.464396;196.671977;0.000000;5.392334;30.675048;0.874506;140.415723;1.130502;16.337091;23.972328;424.871826;0.497087;3.089499;11.724285;2.108124;72.387218;0.464869;6.945229;11.883746;95.649516;0.994175;3.545156;15.328353;1.836470;3.247231;1.606263;4.744608;7.946126;2.006118;-0.069594;0.945224;-0.957514;-1.129507;0.000000;1168.806717;239.064440;1420.594458;0.241500;5.081500;3.134900;-3.602500;-6.928900;-2.177700;1.524244;2.832174;1.343964;717.193319;1.524244;2.832174;1.343964;0.609657;0.527678;-0.436653;3.116184;3.204237;3.145955;0.241500;5.081500;3.134900;-3.602500;-6.928900;-2.177700;125.961556;140.415723;72.387218
-1.058045;-1.272500;1.431046;2.047893;1.779706;0.268652;0.480290;-0.368208;1.875478;2.021053;2.694737;0.930145;5.649700;-1.929999;-2.116750;2.037338;4.150747;2.806358;0.631583;0.075180;-0.199900;2.917115;4.042105;5.389474;1.447340;9.996300;0.249056;0.227970;1.416216;2.005669;1.437949;0.376896;0.137595;-0.734122;2.230535;4.715789;6.063158;1.109865;5.644500;0.384495;0.638052;0.029066;80.411428;0.087284;7.331098;16.239238;162.905994;0.000000;3.618935;12.292698;1.178313;146.679924;0.179781;13.291324;26.122501;440.825397;0.000000;3.712342;15.058114;1.327545;43.446941;1.058091;7.334286;10.196400;80.954934;0.673684;2.102871;3.504508;2.061973;3.389625;1.621137;5.056956;4.847638;2.884393;-0.107274;1.646110;-0.946528;-1.442461;0.000000;934.817689;228.228775;1334.260531;2.047200;3.067400;3.424900;-3.602500;-6.928900;-2.219600;1.779706;2.806358;1.437949;684.686325;1.779706;2.806358;1.437949;1.135951;1.310364;0.084982;3.010842;2.931695;3.141260;2.047200;3.067400;3.424900;-3.602500;-6.928900;-2.219600;80.411428;146.679924;43.446941
-1.290459;-1.319700;0.647145;0.418797;1.443635;0.243783;0.457981;0.330473;0.706805;1.988350;7.953398;0.358400;3.250660;1.307575;1.410500;1.608110;2.586018;2.072624;0.385665;-1.615123;3.364726;1.835590;3.479612;5.467961;0.923500;8.238600;0.629996;0.644920;0.751290;0.564437;0.980475;0.213419;0.065730;-0.852299;1.141264;3.479612;4.970874;0.621749;3.100430;-0.382108;0.086707;0.018375;132.917320;0.122341;6.646023;18.392986;193.092437;0.000000;6.234163;39.742960;0.626277;134.680190;0.747321;12.128345;21.576009;309.284351;0.000000;4.211969;19.242011;1.570588;64.889579;0.084752;5.121887;10.598039;69.948667;0.000000;3.968953;17.728513;1.504186;2.521273;0.984365;3.901149;2.682825;0.579101;-0.491844;1.401578;-1.257435;1.121810;0.000000;705.447154;190.775152;1133.644651;0.529360;3.745100;2.203000;-2.721300;-4.493500;-0.897430;1.443635;2.072624;0.980475;572.325455;1.443635;2.072624;0.980475;-0.401550;0.042570;0.022417;2.997204;2.761747;3.178662;0.529360;3.745100;2.203000;-2.721300;-4.493500;-0.897430;132.917320;134.680190;64.889579
-1.206309;-1.200400;0.552964;0.305769;1.327008;0.204457;-0.212106;-0.279716;0.718013;0.673684;10.105263;0.378485;2.524500;1.131134;1.127050;1.055490;1.114059;1.547102;0.352676;0.387070;-0.611663;1.711023;4.042105;8.757895;0.916970;4.602230;0.517252;0.512725;0.758716;0.575651;0.918260;0.211812;0.215209;-0.506223;0.993703;4.715789;6.063158;0.500189;3.100430;-0.583188;-0.083364;0.247267;91.679500;0.425587;5.510357;14.415386;122.217474;0.000000;5.481840;29.758633;0.526904;85.966184;0.335989;7.724989;14.573902;139.616956;0.000000;4.280594;19.106336;1.180537;39.311183;0.019669;4.330148;7.968836;42.208533;0.000000;2.934987;8.350315;1.559032;2.023117;0.904672;3.167071;1.310273;0.531312;-0.571839;1.254638;-1.041892;1.141899;0.000000;345.480844;101.347654;592.493978;0.106300;3.745100;2.203000;-2.418200;-0.857130;-0.897430;1.327008;1.547102;0.918260;304.042962;1.327008;1.547102;0.918260;-0.344915;-0.035441;0.200656;3.041496;2.928874;3.175684;0.106300;3.745100;2.203000;-2.418200;-0.857130;-0.897430;91.679500;85.966184;39.311183
-1.302444;-1.248200;1.122757;1.260584;1.719577;0.249467;-0.006780;-1.326546;2.108910;3.989610;2.659740;1.021510;4.056070;0.182063;0.116680;1.507587;2.272818;1.518540;0.309759;-0.004152;-1.540006;2.929500;1.994805;0.664935;1.460780;5.166200;0.250130;0.167990;1.113060;1.238903;1.140819;0.210932;0.145460;-1.426483;2.246270;2.659740;2.659740;1.096030;3.621900;0.196388;0.834680;0.258462;100.288214;0.245967;7.139941;17.399201;179.152293;0.000000;4.183556;18.545152;0.995571;72.704308;1.067384;6.900107;11.410127;90.055800;0.664935;4.938502;25.448185;1.203719;39.074668;0.061386;4.646055;9.060805;52.515277;1.329870;2.840690;7.149046;1.528671;2.447999;0.571681;3.779333;2.862518;1.766182;0.013460;0.470347;-1.081128;0.629190;0.664935;483.447391;107.241123;635.197421;0.778070;2.869300;2.118000;-3.278000;-2.296900;-1.503900;1.719577;1.518540;1.140819;321.723369;1.719577;1.518540;1.140819;0.336791;1.056822;0.439415;3.146464;3.073695;3.239556;0.778070;2.869300;2.118000;-3.278000;-2.296900;-1.503900;100.288214;72.704308;39.074668
-0.874411;-0.875580;0.817386;0.668119;1.196960;0.246386;-0.414013;0.005419;0.957230;4.055446;6.590099;0.485620;3.853990;0.619835;0.967560;1.215431;1.477273;1.364356;0.295439;-0.857139;0.292103;1.508002;2.027723;3.041584;0.723250;5.811200;0.524399;0.503580;1.061434;1.126641;1.183907;0.200309;-0.049409;-1.219395;1.853920;4.055446;3.041584;0.940220;3.756100;-0.130966;0.502133;0.229067;88.315499;0.144589;5.815452;13.635720;110.964063;0.000000;4.680794;24.014518;1.167665;70.944976;0.304287;6.801269;13.354069;113.406035;0.506931;3.764877;13.818614;1.515389;58.457867;0.101431;5.101821;11.901718;84.669828;1.013861;3.419483;10.952427;1.475304;2.065887;0.427929;3.138201;1.676918;1.282605;-0.003602;1.051035;-0.804851;0.868611;0.506931;452.667215;103.013309;612.020245;0.858890;2.869300;2.252200;-2.995100;-2.941900;-1.503900;1.196960;1.364356;1.183907;309.039926;1.196960;1.364356;1.183907;-0.131412;0.440007;0.298474;3.063371;2.931103;3.232833;0.858890;2.869300;2.252200;-2.995100;-2.941900;-1.503900;88.315499;70.944976;58.457867
-1.018219;-1.005500;0.515648;0.265893;1.141343;0.231690;0.112447;-0.197806;0.633660;1.329870;9.309091;0.313240;2.374020;0.964295;0.988280;0.693311;0.480680;1.187663;0.259968;-0.187523;-0.620174;1.038170;2.659740;8.644156;0.522570;2.848690;0.443710;0.292830;0.687932;0.473251;0.818614;0.188784;0.626503;-0.669436;1.025630;8.644156;3.324675;0.471200;2.536800;-0.181630;0.004134;-0.196862;78.402893;0.309737;4.925279;12.392280;90.068217;0.000000;5.348327;28.715214;0.612281;74.250684;0.286057;5.459815;12.169282;90.105698;0.000000;4.732297;23.398857;0.911321;34.165638;0.297524;3.883807;7.128793;33.379768;0.000000;2.852821;7.818720;1.597528;1.752141;0.313337;2.659043;0.586101;0.401655;-0.095490;0.584860;-0.744717;1.139543;0.664935;248.453405;71.184561;421.631631;0.172320;2.287000;1.989600;-2.201700;-0.561690;-0.547200;1.141343;1.187663;0.818614;213.553683;1.141343;1.187663;0.818614;-0.065788;0.001486;-0.095129;3.080345;3.205554;3.143509;0.172320;2.287000;1.989600;-2.201700;-0.561690;-0.547200;78.402893;74.250684;34.165638
-0.657375;-0.758490;0.661576;0.437682;0.932644;0.233587;0.224189;-0.636711;1.017600;6.083168;5.069307;0.505610;2.947550;1.012956;0.927170;0.749919;0.562378;1.260340;0.291709;0.637685;0.942304;0.922530;2.027723;7.097030;0.461460;4.053990;0.150421;0.074273;0.892556;0.796655;0.905142;0.200580;-0.173482;0.091318;1.141960;6.083168;4.055446;0.568723;4.202500;-0.341769;-0.254157;-0.288621;66.394905;0.134035;5.191152;10.161761;65.749323;0.000000;4.540935;23.341073;1.400813;102.308512;0.038822;6.590548;14.766309;132.034056;0.000000;5.428726;31.786244;1.031505;39.310384;0.221684;4.560730;7.962338;42.516367;1.520792;2.606095;6.481344;1.985158;1.652105;0.548114;2.550747;0.920726;0.669346;-0.328278;1.213087;-0.714811;1.423377;0.000000;303.354149;80.099916;475.887734;0.745850;3.406000;1.989600;-2.201700;-0.647990;-2.212900;0.932644;1.260340;0.905142;240.299747;0.932644;1.260340;0.905142;-0.171256;-0.151579;-0.195118;3.110740;2.957447;3.071806;0.745850;3.406000;1.989600;-2.201700;-0.647990;-2.212900;66.394905;102.308512;39.310384
-0.868597;-0.902810;0.896800;0.804251;1.248483;0.262642;0.182698;-0.771586;1.173420;2.659740;4.654545;0.589090;3.500200;1.735530;1.318300;2.854874;8.150307;3.341014;0.451122;0.308224;-1.329685;5.586400;1.994805;0.664935;2.462100;9.625000;0.775924;1.112000;1.438621;2.069630;1.634530;0.226161;-0.579160;-0.764026;1.855961;2.659740;1.994805;1.026181;5.415100;-0.279963;-0.306088;0.622833;66.881950;0.725324;6.341138;11.645627;89.057093;0.000000;3.835938;16.208070;1.355448;135.400039;1.418086;14.999363;29.196883;545.715786;0.664935;3.502384;11.437243;1.322505;59.746185;0.148016;6.703613;14.279648;126.039270;0.000000;2.915938;7.263320;1.428825;3.430382;3.625249;5.157067;9.282091;1.187022;-0.138817;2.619810;-0.705473;1.150372;0.000000;1045.671286;253.604049;1502.116292;1.007300;7.373200;3.063200;-2.492900;-2.251800;-2.351900;1.248483;3.341014;1.634530;760.812148;1.248483;3.341014;1.634530;-0.726208;-0.400097;2.591682;3.103428;3.069513;3.088416;1.007300;7.373200;3.063200;-2.492900;-2.251800;-2.351900;66.881950;135.400039;59.746185
-0.907627;-0.937680;0.675378;0.456136;1.131336;0.259068;0.364983;0.016195;0.989460;2.027723;6.083168;0.480390;3.367800;-0.731702;-1.009900;1.507555;2.272722;1.675741;0.399369;1.144938;1.340227;1.368100;2.534653;8.617822;0.669000;7.758500;-0.200639;0.260750;1.650340;2.723623;1.662492;0.276155;-0.850225;-0.067448;2.498600;4.055446;3.041584;1.055450;6.535600;-0.304520;-0.165015;0.228102;91.670279;0.317086;6.027806;13.193065;106.237250;0.000000;5.433119;31.934203;1.054053;73.901875;2.014938;11.160459;14.485392;168.846575;0.000000;2.794873;7.468004;2.234655;74.209015;0.083173;6.727338;15.335706;141.608800;1.520792;3.332789;10.860930;1.553641;2.442903;0.884137;3.713260;3.180135;1.921845;-0.125325;0.120540;-0.827980;-1.838427;0.000000;647.393980;138.897542;825.214806;1.007300;4.327900;2.208400;-2.360500;-3.430600;-4.327200;1.131336;1.675741;1.662492;416.692625;1.131336;1.675741;1.662492;-0.313154;-0.185766;0.573188;3.039960;2.896706;3.086476;1.007300;4.327900;2.208400;-2.360500;-3.430600;-4.327200;91.670279;73.901875;74.209015
-1.268771;-1.413300;0.512261;0.262412;1.368280;0.184258;1.085235;1.072050;0.514150;0.994175;7.456311;0.250700;2.582650;0.667774;0.654700;1.002867;1.005742;1.204850;0.289874;0.105765;-0.342803;1.288540;4.970874;5.965049;0.653300;4.548700;0.460505;0.465570;0.512894;0.263060;0.689293;0.174722;0.134309;-0.443022;0.839567;4.970874;7.953398;0.413050;2.381230;-0.402570;0.191182;0.082973;130.683388;0.047733;6.038625;17.852995;179.321457;0.000000;6.548666;42.707690;0.461672;68.780733;0.042763;6.591703;12.252410;97.725720;0.000000;3.347823;12.174213;1.757197;47.432051;0.213548;3.830450;7.444976;35.390300;0.000000;4.199201;20.298036;1.512593;1.849452;0.378508;2.816744;1.070842;0.303340;-0.069190;0.806021;-1.252247;0.967076;1.491262;371.801809;104.145826;618.866540;0.353350;2.960800;1.784200;-2.229300;-1.587900;-0.597030;1.368280;1.204850;0.689293;312.437477;1.368280;1.204850;0.689293;-0.208840;0.050723;0.043097;2.951482;3.129169;3.030467;0.353350;2.960800;1.784200;-2.229300;-1.587900;-0.597030;130.683388;68.780733;47.432051
-1.375499;-1.511200;0.724448;0.524825;1.554613;0.243133;0.558026;0.131271;0.704735;2.730667;7.509333;0.309800;3.382150;-0.085657;0.149460;1.282001;1.643526;1.284859;0.347512;-0.913925;0.777190;1.734065;4.778667;4.778667;0.834680;6.184200;0.452185;0.629570;0.837932;0.702130;0.952156;0.276415;-0.400828;0.070867;0.996513;5.461333;6.826667;0.437600;4.038500;0.069640;0.725891;0.231936;103.162432;0.124381;6.212315;16.742656;161.580754;0.000000;5.123103;26.623412;0.611889;48.104166;0.378009;6.275648;9.129343;62.182521;0.682667;2.931028;9.519727;1.814632;33.913878;0.115081;4.779024;7.706812;41.665238;0.000000;2.389759;5.076190;1.829055;2.102534;0.553639;3.202310;1.755948;0.995356;-0.049033;0.498345;-1.076230;-0.187212;1.365333;352.310106;88.476171;523.872066;0.353350;2.206600;2.396800;-3.028800;-3.977600;-1.641700;1.554613;1.284859;0.952156;265.428513;1.554613;1.284859;0.952156;0.065552;0.446598;0.252519;2.927529;2.919564;3.010913;0.353350;2.206600;2.396800;-3.028800;-3.977600;-1.641700;103.162432;48.104166;33.913878
-1.680804;-2.495000;1.924845;3.705029;2.555412;0.271836;0.871728;-0.485293;2.230000;0.664935;1.994805;1.002800;6.762100;-1.639401;-1.677200;6.597798;43.530943;6.798425;1.175571;-0.772958;0.852532;7.417300;3.324675;4.654545;3.664300;30.395000;-0.154692;0.817180;3.817653;14.574472;3.820785;0.580919;-0.233415;-1.051652;5.775700;2.659740;2.659740;3.004680;13.449500;-0.593058;0.471390;-0.360052;129.421879;1.266784;11.796346;23.915763;360.176388;0.000000;3.599969;13.238727;1.275099;230.403268;11.771114;39.770446;46.214832;1882.889163;1.994805;2.450008;6.170254;2.197264;185.333484;0.142716;11.061488;31.450407;562.959741;1.329870;4.570000;21.628521;0.780773;7.292662;14.164187;10.720472;48.293333;12.278301;0.517479;1.058895;-1.966281;-1.664877;0.000000;4640.406161;935.341764;5540.101217;2.371200;9.967000;6.171800;-4.390900;-20.428000;-7.277700;2.555412;6.798425;3.820785;2806.025292;2.555412;6.798425;3.820785;-7.630779;3.509540;-9.188358;2.907064;2.870158;3.140711;2.371200;9.967000;6.171800;-4.390900;-20.428000;-7.277700;129.421879;230.403268;185.333484
-1.175923;-1.279300;1.663745;2.768048;2.037362;0.312739;0.526515;-0.605732;2.384570;2.027723;4.562376;1.241100;6.459900;-1.506789;-1.374300;6.069556;36.839513;6.253793;1.320177;-0.876864;1.350302;6.678500;4.055446;4.562376;3.336400;29.988900;0.370015;0.831610;3.367662;11.341146;3.387928;0.530268;-0.404996;-0.470332;4.452000;3.041584;2.534653;2.302610;13.449500;-0.400698;0.331367;-0.055490;118.768233;0.367569;10.035921;21.276711;279.448756;0.000000;3.458363;12.460197;1.564736;250.983673;1.601693;32.737707;55.377633;2089.707163;1.013861;2.088850;3.780924;2.197627;161.202952;0.286261;12.932312;31.533569;586.555903;1.520792;3.427769;11.686868;1.492056;6.453413;13.092293;9.187611;37.756724;11.702393;0.656163;1.944544;-1.200935;-1.329996;1.013861;4867.460761;985.237274;5853.468509;2.371200;9.560900;6.171800;-4.088700;-20.428000;-7.277700;2.037362;6.253793;3.387928;2955.711822;2.037362;6.253793;3.387928;-4.086793;1.875193;-1.145561;3.175093;2.907783;3.219682;2.371200;9.560900;6.171800;-4.088700;-20.428000;-7.277700;118.768233;250.983673;161.202952
-1.070152;-0.890355;1.017035;1.034360;1.476342;0.264175;-0.194183;-0.995650;1.806392;4.923077;6.892308;0.786405;3.757170;-1.911388;-1.830450;3.048749;9.294870;3.598371;0.651833;-0.220660;-1.024946;4.817395;1.969231;2.953846;2.461065;10.587100;0.167908;0.208810;0.470594;0.221459;0.499652;0.193966;-0.207874;-1.023733;0.782510;5.907692;7.876923;0.403655;1.784100;-0.340407;-0.046162;0.048055;55.647911;1.049491;6.915223;10.896776;86.483101;0.000000;3.404689;11.996308;1.237242;99.392180;0.309320;14.013955;25.197709;431.644570;0.000000;2.585564;5.448772;1.300129;9.626320;0.162190;2.374918;2.876828;7.225811;0.984615;1.520307;0.859145;1.986443;3.441871;3.531032;4.521756;9.613020;0.919570;0.315431;1.704211;-0.466947;-1.483175;0.000000;707.834948;175.117828;1011.791893;0.866170;3.100000;0.964700;-2.891000;-7.487100;-0.819400;1.476342;3.598371;0.499652;525.353483;1.476342;3.598371;0.499652;-1.076190;-0.022527;0.070297;3.011105;3.227909;3.067952;0.866170;3.100000;0.964700;-2.891000;-7.487100;-0.819400;55.647911;99.392180;9.626320
0.017130;-0.101040;1.726987;2.982484;1.727072;0.307908;0.267216;-0.723097;2.146305;3.479612;3.479612;1.044350;6.426600;-6.227153;-5.543000;5.687298;32.345360;8.433433;0.612469;-0.297027;-0.919392;7.832750;0.994175;1.988350;3.978500;20.769000;-0.475091;-0.377620;0.928848;0.862759;1.043298;0.203322;-0.353001;-1.009923;1.500135;3.976699;3.479612;0.797960;3.428400;-0.783379;-0.264604;0.476648;87.418475;0.345986;7.377665;15.807339;153.628149;0.497087;3.471289;12.572477;1.581383;641.396780;0.142145;30.338069;101.442014;5659.862078;0.000000;4.885952;24.457297;0.862781;48.934378;0.360377;5.311731;10.288084;67.680359;0.000000;2.956843;7.834634;1.774425;7.159207;23.939801;8.970281;34.770132;1.172615;0.791928;4.399335;-0.554381;-1.646942;0.000000;6512.086875;1960.390195;11649.241737;3.535600;3.100000;0.964700;-2.891000;-17.669000;-2.463700;1.727072;8.433433;1.043298;5881.170585;1.727072;8.433433;1.043298;-7.769693;-0.428615;2.542645;3.245240;3.263478;3.195919;3.535600;3.100000;0.964700;-2.891000;-17.669000;-2.463700;87.418475;641.396780;48.934378
0.519811;0.391960;1.630254;2.657727;1.711120;0.327594;0.144625;-0.865324;2.474940;4.096000;4.096000;1.267880;6.172100;-8.764602;-8.789600;4.759119;22.649212;9.973338;0.621850;-0.023506;-0.719656;7.057150;1.365333;4.096000;3.377900;18.454040;-0.942049;-1.187700;1.126041;1.267969;1.468137;0.255411;0.697302;-0.344987;1.476270;2.730667;2.730667;0.764020;4.620900;-0.684063;0.065165;0.277798;68.469329;0.551595;7.019447;13.690556;119.930008;0.682667;3.058024;9.298419;1.456647;657.345160;1.087719;33.234134;109.283826;6610.714227;0.000000;5.015794;25.208346;0.507624;70.653670;0.266599;5.759132;13.858053;114.108047;0.000000;3.618395;12.616454;1.107433;9.159226;20.659390;11.497114;24.383933;1.762810;0.690721;7.425365;0.608229;-1.677869;0.000000;7066.584173;2281.584094;13509.379504;3.535600;0.785040;1.917800;-2.636500;-17.669000;-2.703100;1.711120;9.973338;1.468137;6844.752282;1.711120;9.973338;1.468137;-5.379073;0.121242;1.508825;3.234327;3.072954;3.181946;3.535600;0.785040;1.917800;-2.636500;-17.669000;-2.703100;68.469329;657.345160;70.653670
-0.086462;-0.063679;3.495864;12.221063;3.496933;0.716171;0.355856;-0.858775;5.464900;6.892308;4.923077;2.585400;12.324000;-2.338604;-2.258300;6.574552;43.224731;6.978094;1.483477;-0.225596;-0.705858;7.552812;3.938462;5.907692;4.144850;23.406200;1.747277;1.842500;4.940206;24.405632;5.240096;1.225035;-0.057973;-1.091165;9.364625;4.923077;4.923077;4.708400;17.985900;0.442689;0.218499;0.701533;109.069048;1.036556;10.383098;22.471390;318.170119;1.969231;3.376198;11.224652;0.927651;155.297551;0.990956;26.734969;44.692625;1408.252128;0.984615;2.013322;2.756713;1.576587;98.199330;4.660060;23.346848;31.355480;793.509966;1.969231;1.654725;0.939416;1.829474;8.751738;11.788037;12.891656;61.959411;12.270622;0.184579;2.250099;-0.154058;-0.929125;0.000000;4289.340713;839.977405;4853.202782;6.522100;8.583200;9.855700;-5.801900;-14.823000;-8.130200;3.496933;6.978094;5.240096;2519.932214;3.496933;6.978094;5.240096;10.374155;3.847529;23.232324;2.883011;2.991846;3.054362;6.522100;8.583200;9.855700;-5.801900;-14.823000;-8.130200;109.069048;155.297551;98.199330
-0.820519;-1.055500;2.862327;8.192916;2.977611;0.542754;0.754141;0.297800;3.029900;4.970874;2.982524;1.534770;12.324000;-1.608611;-1.782000;5.278497;27.862534;5.518167;1.137667;-0.483606;0.183440;6.030450;3.976699;4.473786;3.300500;23.406200;0.995855;0.844790;3.709746;13.762218;3.841086;0.763681;0.414534;0.253807;2.999265;3.976699;6.462136;1.695660;17.985900;0.165916;0.177567;0.567634;123.751156;0.045036;12.534243;28.565803;491.280011;1.988350;2.722181;6.265455;1.757640;178.620320;0.428324;29.000505;50.290590;1701.446400;0.994175;2.015694;2.619501;2.199027;130.095877;1.873507;21.310661;33.942091;810.902022;2.485437;1.954178;2.371430;2.266253;6.431308;12.708556;9.414157;34.680540;8.266866;0.313360;2.531468;-0.583159;-1.016467;0.000000;4914.747692;1001.209478;5949.494782;6.522100;8.583200;9.855700;-5.801900;-14.823000;-8.130200;2.977611;5.518167;3.841086;3003.628434;2.977611;5.518167;3.841086;2.531367;1.903980;11.224317;3.002486;3.063564;2.922295;6.522100;8.583200;9.855700;-5.801900;-14.823000;-8.130200;123.751156;178.620320;130.095877
-1.193828;-0.621130;1.535563;2.357955;1.945040;0.316838;-0.671690;0.264676;1.700485;4.778667;2.730667;0.581670;7.266400;-1.069292;-1.526500;2.778843;7.721966;2.977474;0.634049;0.004405;0.064031;2.999825;2.730667;4.778667;1.166400;12.529300;0.244142;0.499980;1.132324;1.282158;1.158345;0.259970;-1.057331;0.780925;1.278695;3.413333;4.778667;0.554220;4.771100;-0.712666;-0.447619;0.081981;89.537113;0.399912;9.595474;17.129433;195.315239;0.000000;3.224512;10.790134;1.496584;100.938527;0.065832;14.007935;23.335721;375.327575;0.682667;2.291771;4.527289;1.835996;32.218744;1.091375;6.083046;8.168003;52.551327;1.365333;2.148118;3.240072;2.040577;3.323068;2.947516;4.756606;9.257631;1.752703;0.066342;0.300116;-1.158820;-1.346323;0.682667;938.740289;207.731381;1229.988438;2.412200;5.052900;1.898900;-4.854200;-7.476400;-2.872200;1.945040;2.977474;1.158345;623.194142;1.945040;2.977474;1.158345;-3.082102;-0.788818;0.261442;2.805828;2.919603;2.912200;2.412200;5.052900;1.898900;-4.854200;-7.476400;-2.872200;89.537113;100.938527;32.218744
-1.136273;-1.168600;0.530580;0.281515;1.254046;0.172479;0.790066;0.600656;0.598215;0.994175;9.444660;0.317800;2.582300;0.132804;-0.114600;0.831964;0.692164;0.842497;0.238848;0.559110;-0.708979;1.379030;2.485437;2.485437;0.575130;3.500400;0.711203;0.677530;0.915965;0.838992;1.159656;0.197604;-0.087737;-1.047231;1.565898;3.976699;2.982524;0.751870;3.505500;-0.128497;0.161181;-0.142440;117.036129;0.293122;5.030178;16.334846;147.483049;0.000000;6.239654;39.570266;0.503241;42.883848;0.222344;4.502910;7.343670;37.463065;0.497087;3.368539;12.970244;1.897803;73.253947;0.083141;5.014458;12.792009;95.306548;0.000000;4.129268;17.070712;1.227772;1.848569;0.210029;2.813473;0.920139;0.641222;0.297430;0.773447;-1.316726;0.184605;0.994175;362.788775;93.417554;555.115851;0.490100;2.302300;2.415100;-2.092200;-1.198100;-1.090400;1.254046;0.842497;1.159656;280.252662;1.254046;0.842497;1.159656;-0.057278;0.079101;-0.109611;3.023511;3.086291;3.256899;0.490100;2.302300;2.415100;-2.092200;-1.198100;-1.090400;117.036129;42.883848;73.253947
-0.697678;-0.634925;0.590999;0.349280;0.914349;0.157345;-0.173055;-0.998519;0.927235;4.042105;4.715789;0.450575;2.359700;0.042922;-0.318250;0.964969;0.931165;0.965923;0.208602;0.591806;-0.975290;1.667020;0.673684;0.673684;0.669585;3.500400;0.640745;0.686315;1.007015;1.014078;1.193580;0.206935;-0.059520;-1.345682;1.882555;3.368421;3.368421;0.954405;3.505500;-0.525700;0.151643;-0.141509;53.023528;0.270949;3.910844;9.092815;50.276124;0.000000;4.345530;19.584416;0.969095;42.177649;0.263838;3.900113;7.350542;35.531741;0.673684;3.846691;16.297711;1.328833;48.696610;0.981729;5.662874;10.191136;69.752217;0.000000;3.237717;9.634875;1.463214;1.677785;0.378712;2.581592;1.215706;0.885152;-0.075406;0.680940;-0.651677;0.066888;2.021053;228.335838;51.853361;303.142724;0.490100;2.302300;2.415100;-1.869600;-1.198100;-1.090400;0.914349;0.965923;1.193580;155.560082;0.914349;0.965923;1.193580;-0.303802;0.091453;-0.139343;3.196363;2.929491;3.179626;0.490100;2.302300;2.415100;-1.869600;-1.198100;-1.090400;53.023528;42.177649;48.696610
-1.241371;-1.221800;0.606085;0.367339;1.381427;0.168716;-0.020065;-0.493769;0.883450;0.000000;7.402410;0.453600;2.486323;0.267278;0.278790;0.414050;0.171438;0.492824;0.207753;-0.033783;-0.056843;0.441445;7.402410;9.253012;0.221956;1.998350;0.401748;0.411130;0.426482;0.181887;0.585908;0.129811;0.199413;-0.684958;0.534342;6.168675;7.402410;0.304550;1.708530;0.049073;0.420054;-0.586802;103.033768;0.076668;5.053434;16.042128;143.147669;0.000000;5.483244;30.217404;0.484336;22.184060;0.248863;2.990758;4.102771;13.043970;0.000000;2.984296;9.905644;1.970272;33.345054;0.211602;2.797159;5.793655;20.944606;0.000000;4.002000;16.848664;1.244089;1.511629;0.209481;2.113887;0.427327;0.252246;0.424267;0.352099;-1.211315;0.587047;0.000000;198.350314;59.045415;350.054959;-0.014677;1.223800;1.298200;-2.501000;-0.774550;-0.410330;1.381427;0.492824;0.585908;177.136245;1.381427;0.492824;0.585908;0.012465;0.109902;-0.104884;3.113311;3.064657;3.172225;-0.014677;1.223800;1.298200;-2.501000;-0.774550;-0.410330;103.033768;22.184060;33.345054
-0.979052;-1.020700;0.471252;0.222078;1.086563;0.158139;-0.202191;-0.090693;0.618307;0.000000;6.400000;0.316600;2.212923;0.426059;0.377000;0.415120;0.172325;0.594854;0.210290;-0.042822;-0.703047;0.669650;8.000000;9.600000;0.308868;1.849280;0.496802;0.480450;0.362317;0.131273;0.614886;0.127099;0.036813;-0.115418;0.404402;3.200000;7.466667;0.207885;1.713630;0.183194;0.208674;-0.314940;93.988948;0.151150;4.357259;13.497945;102.685739;0.000000;6.033451;36.781099;0.511040;40.901699;0.135819;3.333131;6.266283;25.712784;0.000000;4.781492;24.487673;1.310512;47.692964;0.043457;3.058977;7.030054;30.001780;0.000000;5.310624;30.303208;0.987496;1.340469;0.115699;1.992777;0.244655;0.203150;0.393736;0.567750;-0.990132;0.708892;1.066667;178.053303;52.800101;310.335290;-0.014677;1.223800;1.303300;-2.227600;-0.625480;-0.410330;1.086563;0.594854;0.614886;158.400304;1.086563;0.594854;0.614886;0.036215;0.036005;-0.047867;3.032247;3.102237;3.139669;-0.014677;1.223800;1.303300;-2.227600;-0.625480;-0.410330;93.988948;40.901699;47.692964
-0.669724;-0.741565;0.669883;0.448743;0.947245;0.164163;0.322556;-0.162546;0.837292;1.706667;4.266667;0.392865;2.753670;0.670812;0.652835;0.723004;0.522735;0.986267;0.205871;-0.150300;-0.209444;1.120137;5.973333;3.413333;0.561015;3.549200;0.553535;0.461160;0.971933;0.944654;1.118506;0.185049;-0.149940;-0.889576;1.565427;2.560000;2.560000;0.778260;3.759600;0.461768;0.867079;0.466526;40.183427;0.096050;4.240019;7.758988;40.392821;0.000000;3.402377;12.198920;1.227069;40.248701;0.210283;4.386137;7.961511;42.688987;0.000000;3.446912;11.672928;1.195654;33.212118;0.506287;4.820314;8.200356;46.748652;0.000000;2.651079;5.993341;1.467751;1.662766;0.356260;2.523756;1.503137;0.364215;0.572992;0.547718;-0.417509;0.880894;0.000000;176.576823;43.276820;251.284761;0.858570;2.205300;2.334700;-1.895100;-1.343900;-1.424900;0.947245;0.986267;1.118506;129.830460;0.947245;0.986267;1.118506;0.227438;0.574107;0.333390;2.848834;2.954750;3.157515;0.858570;2.205300;2.334700;-1.895100;-1.343900;-1.424900;40.183427;40.248701;33.212118
-0.735749;-0.851640;0.516110;0.266369;0.898719;0.170139;1.040251;1.312768;0.545670;0.994175;7.953398;0.231910;2.611570;0.304203;0.157850;0.703084;0.494327;0.766072;0.184860;0.649725;-0.181481;0.863415;8.947573;5.965049;0.410470;3.189580;0.741676;0.739540;0.727671;0.529505;1.039032;0.172434;0.022687;-0.753568;1.018335;2.485437;6.959223;0.559460;2.980660;0.550659;0.609050;0.306363;75.782197;0.035475;4.237715;10.938700;69.474727;0.000000;5.527683;32.471488;0.877442;37.396926;0.109339;3.974724;7.314883;34.989409;0.497087;3.288748;10.457132;1.741474;76.392650;0.194715;5.127848;11.829935;83.928093;0.000000;4.585809;23.203463;1.234490;1.489757;0.254776;2.240978;0.840713;0.357698;0.652619;0.995391;-0.562009;0.389231;0.000000;241.716607;62.797410;373.161531;0.858570;2.205300;2.334700;-1.753000;-0.984280;-0.645960;0.898719;0.766072;1.039032;188.392229;0.898719;0.766072;1.039032;0.201776;0.230976;0.158276;2.907962;3.047370;3.200699;0.858570;2.205300;2.334700;-1.753000;-0.984280;-0.645960;75.782197;37.396926;76.392650
-1.024547;-0.968750;0.386635;0.149486;1.095072;0.176776;-0.573995;-0.093306;0.432620;0.000000;9.170149;0.202270;1.769990;0.045050;0.043416;0.519035;0.269398;0.520987;0.179837;0.377250;-0.174292;0.657670;10.698507;9.170149;0.299754;2.264880;0.482612;0.526420;0.695555;0.483797;0.846588;0.174445;0.083891;-0.734580;0.971854;3.820896;5.349254;0.475022;2.620240;-0.353699;0.468382;-0.426208;68.644620;0.179942;3.954182;11.524906;75.337407;0.000000;5.198549;26.206862;0.370559;18.334325;0.084323;2.274235;3.588875;9.160802;0.764179;3.144699;10.152247;1.538698;32.335032;0.455629;3.916422;6.881203;31.812487;0.000000;2.990533;8.039761;1.421518;1.408185;0.204335;2.139544;0.618760;0.192160;-0.153092;0.394888;-0.610289;0.093075;0.000000;139.705303;38.770232;229.200489;-0.271610;1.280600;1.952200;-2.041600;-0.984280;-0.668040;1.095072;0.520987;0.846588;116.310696;1.095072;0.520987;0.846588;-0.072055;0.127869;-0.156200;3.018799;3.052371;3.022165;-0.271610;1.280600;1.952200;-2.041600;-0.984280;-0.668040;68.644620;18.334325;32.335032
-1.038973;-1.034800;1.080173;1.166774;1.498746;0.256563;0.067454;-0.708290;1.704820;4.404301;5.505376;0.870540;4.445900;0.035227;-0.067881;0.932378;0.869328;0.933043;0.356502;-0.349400;0.830617;1.039320;7.707527;7.707527;0.487329;4.862200;0.567541;0.281220;1.287649;1.658039;1.407175;0.318249;0.174617;-0.874169;2.099210;4.404301;3.853763;1.082660;5.314600;-0.275785;-0.023345;-0.188521;96.624517;0.077082;6.161757;16.371714;154.645292;0.000000;4.237836;18.675188;1.092870;31.020172;0.039229;5.282333;7.232755;40.539161;3.853763;1.782442;2.451620;2.381090;58.176047;0.916076;7.832051;12.267435;107.054374;2.202151;2.831428;7.660269;1.935066;2.053604;0.879662;3.059531;1.740514;1.328621;-0.117598;0.412417;-0.841176;0.061990;1.101075;433.112126;100.746276;598.047041;1.376800;2.004300;3.565100;-3.069100;-2.857900;-1.749500;1.498746;0.933043;1.407175;302.238827;1.498746;0.933043;1.407175;-0.280770;-0.032822;-0.228794;3.190494;2.889025;3.110336;1.376800;2.004300;3.565100;-3.069100;-2.857900;-1.749500;96.624517;31.020172;58.176047
-0.823727;-0.801960;1.381032;1.907250;1.608035;0.325926;0.120214;-1.180818;2.535430;3.614118;4.216471;1.259840;4.867200;-0.151381;-0.206840;1.047189;1.096605;1.058074;0.377124;-0.235353;0.101028;1.117370;6.023529;8.432941;0.531200;4.862200;1.027384;1.291800;1.638435;2.684468;1.933904;0.348031;-0.134613;-0.815786;2.255130;2.409412;4.818824;1.065500;5.976100;-0.506636;0.328214;-0.305084;70.016768;0.481079;7.222535;14.902155;138.732790;0.000000;3.034732;8.736833;1.538901;33.802333;0.091980;5.579554;8.052738;48.553581;3.614118;1.900234;2.904576;2.214600;87.327623;0.125608;8.135724;18.349060;203.808873;0.000000;3.106202;8.857600;1.445969;2.579402;0.791967;3.798079;3.475823;1.611296;0.245488;0.909513;-0.940761;-0.146293;0.602353;599.190345;130.365082;773.095251;1.798100;2.004300;3.841500;-3.069100;-2.857900;-2.134600;1.608035;1.058074;1.933904;391.095245;1.608035;1.058074;1.933904;-0.741420;0.751501;-0.529680;3.253800;2.998876;3.086709;1.798100;2.004300;3.841500;-3.069100;-2.857900;-2.134600;70.016768;33.802333;87.327623
-0.865390;-0.783270;0.347856;0.121004;0.932687;0.127136;-0.479052;-0.769123;0.506950;0.000000;8.947573;0.222110;1.388470;0.002723;-0.650210;2.238194;5.009512;2.238196;0.363271;0.842311;0.048019;2.257485;2.485437;2.485437;0.966290;9.675100;0.799130;0.871130;0.444963;0.197992;0.914659;0.162302;-0.879914;0.744866;0.491665;1.491262;8.947573;0.238280;2.245230;-0.772561;0.340967;-0.337461;89.135220;0.349215;3.708168;12.303788;83.368472;0.000000;6.457568;41.720804;0.411323;117.651774;0.280510;9.763201;20.388718;257.990644;0.497087;3.847860;15.274393;1.478560;82.310425;0.058287;4.245508;11.509185;75.973355;0.000000;6.032663;37.750872;0.702723;2.287058;1.485390;3.443468;5.156044;0.177275;-0.536671;0.944561;-0.954677;0.003408;0.994175;615.253084;139.110823;826.639316;-0.258030;5.419300;1.735400;-1.646500;-4.255800;-0.509830;0.932687;2.238196;0.914659;417.332470;0.932687;2.238196;0.914659;-0.607390;0.053293;-0.339377;3.176472;2.970769;2.968573;-0.258030;5.419300;1.735400;-1.646500;-4.255800;-0.509830;89.135220;117.651774;82.310425
-0.982070;-0.877220;0.423415;0.179280;1.069459;0.135967;-0.354983;-1.037629;0.696980;0.000000;0.682667;0.316240;1.686270;-0.802969;-0.880500;1.482016;2.196371;1.685565;0.298703;-0.136067;-0.930344;2.306390;2.730667;3.413333;1.207900;5.832700;0.988454;1.012200;0.317695;0.100930;1.038254;0.160756;0.249093;-0.180917;0.400855;0.000000;12.970667;0.212400;1.387020;-0.494607;0.173235;-0.133364;73.655260;0.100394;3.817556;11.893740;79.057627;0.000000;5.376636;28.365627;0.394316;60.222680;0.156746;7.274376;14.320795;130.720866;0.000000;2.908630;6.998207;1.447348;74.134020;0.268131;3.825692;11.724416;77.062912;0.000000;5.664078;31.034909;0.316940;2.140805;0.479797;3.379117;2.275391;0.139330;0.222676;1.044975;-0.588738;-0.682225;0.682667;361.720817;95.613801;566.134350;-0.258030;1.576900;1.802800;-1.944300;-4.255800;0.415780;1.069459;1.685565;1.038254;286.841404;1.069459;1.685565;1.038254;-0.314563;0.023618;-0.063640;3.099486;3.073102;3.103480;-0.258030;1.576900;1.802800;-1.944300;-4.255800;0.415780;73.655260;60.222680;74.134020
-0.017193;-0.045200;1.901880;3.617148;1.901958;0.266002;-0.937781;1.376316;2.848600;1.994805;3.324675;1.280300;9.017100;-6.728330;-6.977400;5.163323;26.659906;8.481175;0.814476;0.054692;-1.237350;9.514000;1.329870;1.994805;4.645600;19.625300;0.143987;-0.124800;1.200527;1.441266;1.209131;0.289660;0.164570;-1.420274;2.215840;2.659740;2.659740;1.123610;3.987600;-0.236457;0.412567;-0.632789;67.792952;1.323871;11.030899;12.381997;139.282968;0.664935;2.777039;9.014328;2.195285;518.081423;2.259797;35.408251;87.492949;4512.229242;0.000000;4.617106;21.529724;0.813365;51.730297;0.462752;5.629736;9.000701;57.085130;0.664935;3.785775;15.533495;1.512390;7.420422;21.947106;9.549932;27.866610;3.541190;0.213585;6.010943;0.709698;-1.549399;0.000000;5084.789079;1569.532447;9296.461415;2.773900;2.101300;2.178500;-6.243200;-17.524000;-1.809100;1.901958;8.481175;1.209131;4708.597340;1.901958;8.481175;1.209131;-2.352568;0.954393;-3.974085;2.833667;3.049040;3.133249;2.773900;2.101300;2.178500;-6.243200;-17.524000;-1.809100;67.792952;518.081423;51.730297
-0.739354;-0.915230;2.059444;4.241311;2.188140;0.477086;0.461676;1.749886;1.593317;3.548515;4.562376;0.799420;11.660700;-5.403959;-5.475400;6.031169;36.374995;8.098010;1.371738;-0.067437;-0.580104;7.984500;1.520792;3.548515;4.220000;26.675200;-0.320755;-0.419340;1.287219;1.656932;1.326580;0.461289;0.183729;0.808947;1.483030;5.576238;6.590099;0.734560;7.068800;-0.214979;-0.645529;-0.132419;74.674711;0.951398;12.860449;19.186481;269.397241;0.000000;2.149150;3.470325;2.247693;545.799823;2.296808;45.790173;85.919978;4786.416943;0.000000;4.220256;20.226167;1.513317;40.727922;0.205605;8.654382;10.554141;94.066325;3.041584;1.742601;1.902421;2.563836;7.118997;21.445411;9.229280;36.983956;5.028267;0.056862;5.786329;-0.500901;-1.630082;0.000000;6201.685837;1716.626836;10198.782969;5.417500;7.709200;3.305600;-6.243200;-18.966000;-3.763200;2.188140;8.098010;1.326580;5149.880509;2.188140;8.098010;1.326580;-2.696930;-1.728382;-1.038309;2.790878;3.120636;2.879526;5.417500;7.709200;3.305600;-6.243200;-18.966000;-3.763200;74.674711;545.799823;40.727922
-0.710158;-0.772875;0.732923;0.537176;1.020539;0.252236;0.263316;-0.160857;0.873915;3.938462;6.892308;0.459225;3.112500;1.299058;-0.075265;3.641687;13.261888;3.866451;0.728176;1.246560;0.526816;3.962200;5.907692;3.938462;1.447000;14.315300;0.623678;0.641715;0.881899;0.777746;1.080148;0.375386;-0.447240;0.397079;0.975143;4.923077;10.830769;0.499035;4.231900;-0.558725;0.620120;-0.487109;36.928234;0.021446;4.620314;7.487222;40.191470;0.000000;3.082454;10.096116;1.316882;95.162698;1.507400;14.965303;24.686104;432.708242;0.984615;2.334351;4.053969;1.449691;32.431280;0.415311;5.208218;7.126731;40.456292;0.000000;2.317558;5.486227;1.689553;3.129204;7.365742;4.366575;13.900856;0.727377;-0.391431;0.678341;-0.363897;1.123195;0.000000;700.749951;171.118668;988.685635;1.048000;11.300000;2.581200;-2.064500;-3.015300;-1.650700;1.020539;3.866451;1.080148;513.356003;1.020539;3.866451;1.080148;-1.520520;0.408683;-1.595074;2.988318;2.802475;2.966517;1.048000;11.300000;2.581200;-2.064500;-3.015300;-1.650700;36.928234;95.162698;32.431280
-1.117266;-0.928410;1.099176;1.208188;1.567314;0.258467;0.138612;-0.496048;1.596155;2.982524;4.473786;0.663830;4.605500;2.188051;0.668420;4.778968;22.838534;5.256054;0.871222;0.113521;-0.483498;7.260250;3.976699;1.988350;3.167920;21.705300;0.589522;0.573460;1.065612;1.135528;1.217812;0.404622;-0.186961;0.198153;1.130685;5.965049;8.947573;0.611940;5.336700;-0.109224;0.590612;0.014715;115.078428;0.307512;7.879322;17.771804;190.794931;0.000000;4.558311;23.180200;1.270234;269.208241;0.456568;23.669073;52.404971;1669.304001;0.994175;3.440210;11.520662;1.553237;60.720814;0.068884;7.366654;11.509621;94.275985;0.000000;2.731527;8.155394;2.113059;4.713862;9.345144;6.368697;23.077947;1.876517;-0.170391;2.076676;-0.817168;1.307618;0.000000;2769.985895;651.458306;3871.165702;1.523300;12.672000;3.111000;-3.082200;-9.033300;-2.225700;1.567314;5.256054;1.217812;1954.374917;1.567314;5.256054;1.217812;-0.579369;0.698562;0.075672;3.054473;2.991734;3.013535;1.523300;12.672000;3.111000;-3.082200;-9.033300;-2.225700;115.078428;269.208241;60.720814
-1.145333;-1.156200;1.387680;1.925656;1.799290;0.258705;0.692666;-0.179370;1.737275;2.048000;2.048000;1.052700;5.799000;2.611854;3.662500;4.824335;23.274205;5.485981;0.892993;-0.299306;-0.174442;6.747475;2.730667;3.413333;3.157400;21.705300;0.031178;0.284090;1.530589;2.342704;1.530907;0.389321;-0.638412;0.795899;1.376540;4.778667;4.778667;0.749910;7.481700;-0.002062;-0.180199;0.274184;85.899954;1.108187;8.960815;16.012704;170.596127;0.000000;3.617771;13.088984;1.361658;210.774240;4.954717;26.303007;45.172473;1384.416239;1.365333;3.224663;9.681752;1.499555;46.718395;0.575019;7.151762;11.062870;87.924298;1.365333;2.467039;5.175607;1.831531;5.382320;6.707734;7.299590;23.785493;2.465709;-0.041443;2.604414;-0.947503;1.558860;0.682667;2424.242821;547.645555;3242.638153;2.716800;12.672000;3.111000;-3.082200;-9.033300;-4.370700;1.799290;5.485981;1.530907;1642.936664;1.799290;5.485981;1.530907;-0.013991;-0.387910;2.051957;2.939209;3.022181;2.902604;2.716800;12.672000;3.111000;-3.082200;-9.033300;-4.370700;85.899954;210.774240;46.718395
-0.571079;-0.536720;0.528895;0.279730;0.778371;0.172877;-0.227366;-0.699679;0.688310;4.015686;10.039216;0.342770;2.036450;-2.556620;-2.016000;1.674056;2.802462;3.055940;0.407623;-0.498049;-1.016076;2.871200;0.000000;2.007843;1.187690;5.916527;0.807450;0.812090;0.644101;0.414867;1.032880;0.232934;0.176770;0.337524;0.635655;2.007843;6.023529;0.368370;3.255020;0.020656;-0.054836;-0.402821;29.125034;0.159297;3.085553;6.090725;23.765823;0.000000;3.255608;10.329005;0.996260;130.387643;0.662432;10.897556;25.986583;404.814494;0.000000;3.862341;14.443599;0.652599;41.179947;0.413576;4.329067;8.199579;43.829842;0.000000;3.565062;12.832865;0.956814;2.906385;2.564398;4.082599;2.936780;0.348856;-0.034956;1.654940;-0.337025;-1.264883;0.000000;496.193018;157.470053;926.650696;0.318550;-0.089673;2.658800;-1.717900;-6.006200;-0.596220;0.778371;3.055940;1.032880;472.410159;0.778371;3.055940;1.032880;0.018655;-0.019054;-0.443033;2.939408;3.066768;2.922268;0.318550;-0.089673;2.658800;-1.717900;-6.006200;-0.596220;29.125034;130.387643;41.179947
-1.113914;-1.186000;0.719563;0.517771;1.326113;0.188666;0.137980;-0.740055;1.129310;1.988350;5.965049;0.539690;2.825150;-0.478444;-0.623330;2.646649;7.004750;2.689546;0.442712;-0.104800;-0.734681;3.768700;2.485437;1.491262;1.863570;10.862500;0.819993;0.859000;0.761820;0.580370;1.119267;0.249863;0.120840;-0.508985;1.076640;2.982524;4.970874;0.553900;3.255020;-0.610239;0.191206;-0.229570;114.733134;0.375516;5.376999;16.644923;154.468055;0.000000;5.704674;33.445758;0.663816;136.354141;0.294427;13.074976;24.296063;384.322239;0.497087;3.368569;12.203321;1.755467;84.459247;0.250705;5.774176;12.768802;99.145020;0.000000;4.813076;25.427525;1.204990;2.941907;1.590178;4.280724;7.311387;0.554484;0.150675;2.054704;-0.880088;-0.528179;0.000000;973.340099;212.645105;1263.602643;0.318550;4.856300;2.658800;-2.506600;-6.006200;-0.596220;1.326113;2.689546;1.119267;637.935315;1.326113;2.689546;1.119267;-1.173552;0.105842;-0.467414;3.145644;3.211987;3.172755;0.318550;4.856300;2.658800;-2.506600;-6.006200;-0.596220;114.733134;136.354141;84.459247
-1.309100;-1.332050;0.624987;0.390609;1.450639;0.188335;-0.022431;-0.878615;0.933152;0.000000;7.410526;0.434900;2.364950;0.390417;0.893595;2.675101;7.156168;2.703441;0.468988;-0.703369;-0.408982;2.665995;4.042105;5.389474;1.306000;10.408600;0.648022;0.457795;0.786856;0.619143;1.019351;0.237129;0.499187;-0.522683;1.222175;4.042105;6.063158;0.592565;3.121170;-0.594384;0.053627;0.110940;99.491610;0.226823;5.386106;15.929014;145.092117;0.000000;5.343920;28.336759;0.475295;107.425135;0.532895;11.062932;20.743218;283.606748;0.673684;3.584899;12.512363;1.350081;49.249689;0.203048;5.143719;9.032436;55.442989;0.000000;3.420077;12.566579;1.498744;3.026305;1.293499;4.305094;7.404270;0.629118;0.242197;1.018828;-1.152935;0.542237;1.347368;745.201667;161.380618;943.455922;-0.141650;4.856300;2.581800;-2.506600;-5.552300;-0.539370;1.450639;2.703441;1.019351;484.141855;1.450639;2.703441;1.019351;-1.007003;0.026724;0.236635;3.197274;3.010014;3.160118;-0.141650;4.856300;2.581800;-2.506600;-5.552300;-0.539370;99.491610;107.425135;49.249689
