Mean_X;Median_X;Std_X;Variance_X;RMS_X;AvgDerivative_X;Skewness_X;Kurtosis_X;IQR_X;ZeroCross_X;MeanCross_X;MedianAbsDev_X;Range_X;Mean_Y;Median_Y;Std_Y;Variance_Y;RMS_Y;AvgDerivative_Y;Skewness_Y;Kurtosis_Y;IQR_Y;ZeroCross_Y;MeanCross_Y;MedianAbsDev_Y;Range_Y;Mean_Z;Median_Z;Std_Z;Variance_Z;RMS_Z;AvgDerivative_Z;Skewness_Z;Kurtosis_Z;IQR_Z;ZeroCross_Z;MeanCross_Z;MedianAbsDev_Z;Range_Z;Correlation_XY;Correlation_XZ;Correlation_YZ;FFT_Max_X;FFT_Min_X;MeanFFT_X;StdFFT_X;FFT_Energy_X;FFT_DominantFreq_X;SkewnessFFT_X;KurtosisFFT_X;SpectralEntropy_X;FFT_Max_Y;FFT_Min_Y;MeanFFT_Y;StdFFT_Y;FFT_Energy_Y;FFT_DominantFreq_Y;SkewnessFFT_Y;KurtosisFFT_Y;SpectralEntropy_Y;FFT_Max_Z;FFT_Min_Z;MeanFFT_Z;StdFFT_Z;FFT_Energy_Z;FFT_DominantFreq_Z;SkewnessFFT_Z;KurtosisFFT_Z;SpectralEntropy_Z;AI;VI;SMA;EVA1;EVA2;CAGH;AVH;AVG;ARATG;DF;ENERGY;AAE;ARE;MaxAccel_X;MaxAccel_Y;MaxAccel_Z;MinAccel_X;MinAccel_Y;MinAccel_Z;RMSAccel_X;RMSAccel_Y;RMSAccel_Z;TotalEnergy;SignalMagnitude_X;SignalMagnitude_Y;SignalMagnitude_Z;Cov_XY;Cov_XZ;Cov_YZ;EntropyTime_X;EntropyTime_Y;EntropyTime_Z;Max_X;Max_Y;Max_Z;Min_X;Min_Y;Min_Z;MaxFFT_X;MaxFFT_Y;MaxFFT_Z
23.228433;14.962000;26.038793;678.018742;34.893822;2.343706;0.410845;-1.401874;48.991750;2.485437;1.491262;17.281300;79.270500;17.305369;6.178200;29.070124;845.072085;33.831167;5.424872;1.317233;1.618890;32.972835;6.462136;4.473786;11.071300;138.032000;12.215870;4.274500;18.569177;344.814316;22.227051;2.153654;1.522543;0.794746;11.681705;7.456311;2.485437;4.015990;65.680700;0.508179;0.333816;0.736715;2392.528584;3.802468;126.602002;404.001237;90492.654788;0.000000;4.757946;21.715825;0.861782;1782.453017;1.669976;171.628940;343.289684;74367.219738;0.000000;3.218515;10.119068;1.694856;1258.234587;14.720310;123.280784;224.547319;33128.367134;0.000000;3.619301;13.099060;1.652708;39.537917;1292.921630;58.938438;1342.512961;422.707879;0.460130;7.627393;11.760006;0.956121;0.000000;227599.892601;65996.080553;392169.017133;72.536000;110.360000;59.703000;-6.734500;-27.672000;-5.977700;34.893822;33.831167;22.227051;197988.241660;34.893822;33.831167;22.227051;388.437968;162.988661;401.583783;2.713950;2.759238;2.484582;72.536000;110.360000;59.703000;-6.734500;-27.672000;-5.977700;2392.528584;1782.453017;1258.234587
26.323019;32.503500;29.844066;890.668282;39.794090;3.582263;-0.669969;-0.378926;38.426575;2.007843;3.011765;17.184000;111.722000;16.484070;14.368500;32.086990;1029.574915;36.073529;6.502034;0.749982;0.776496;37.984525;3.513725;5.019608;19.207150;155.331000;14.460697;8.934500;27.049964;731.700561;30.672664;3.180844;-0.136239;-0.746080;36.092335;3.513725;2.007843;20.847000;101.973000;0.161256;0.511528;0.190361;2684.947978;1.286911;148.295965;453.592050;116101.440687;0.000000;4.433596;19.716085;1.034786;1681.375177;5.638616;168.492661;359.139263;80228.244521;0.000000;3.318717;10.039423;1.589371;1582.666436;1.881729;112.923652;319.820186;58646.162031;1.003922;3.709606;12.813818;1.276459;56.405974;644.047536;86.658497;1390.525402;894.618710;0.127998;29.441277;35.602651;0.850692;0.000000;357373.097302;84991.949080;500144.931123;72.536000;110.360000;59.800000;-39.186000;-44.971000;-42.173000;39.794090;36.073529;30.672664;254975.847239;39.794090;36.073529;30.672664;155.948335;417.035412;166.860351;3.173746;3.068742;3.161099;72.536000;110.360000;59.800000;-39.186000;-44.971000;-42.173000;2684.947978;1681.375177;1582.666436
-0.715619;-3.532350;20.034274;401.372116;20.047050;2.521847;0.434272;-0.083826;21.446550;3.011765;3.011765;9.492150;85.659000;2.538242;5.657750;16.093480;259.000110;16.292415;3.370458;-0.849902;0.528740;19.259975;3.513725;3.513725;9.814600;77.746000;0.424180;-5.909200;22.552075;508.596079;22.556064;2.691603;0.581544;-0.134464;24.900750;2.007843;2.007843;10.075600;101.973000;-0.808396;0.859708;-0.701730;1044.560389;5.168790;77.577215;185.032816;20522.344123;1.003922;3.861722;14.961986;1.356546;736.158893;11.104110;86.945124;140.157308;13868.464007;1.003922;2.995527;9.263764;1.980194;1234.731427;16.423750;99.564188;202.496260;25958.075066;1.003922;4.480807;20.223711;1.308621;28.922480;339.593177;46.778071;1030.664493;103.950753;0.333012;3.378718;0.477357;1.405211;0.000000;102647.879227;20116.294399;118376.655500;46.473000;32.775000;59.800000;-39.186000;-44.971000;-42.173000;20.047050;16.292415;22.556064;60348.883196;20.047050;16.292415;22.556064;-263.224572;392.274466;-257.208616;3.048535;2.936720;3.012282;46.473000;32.775000;59.800000;-39.186000;-44.971000;-42.173000;1044.560389;736.158893;1234.731427
-2.199325;-2.582950;8.266528;68.335490;8.554094;1.061126;0.737169;0.330104;9.902975;1.505882;6.023529;4.810000;34.584000;-1.240733;1.681450;17.227440;296.784676;17.272061;2.195054;-1.518641;2.240061;15.821825;2.007843;2.007843;7.849800;76.095000;-2.652539;-1.717300;7.296545;53.239565;7.763732;0.994715;-0.091317;-1.022259;11.554850;4.015686;3.011765;4.974150;26.673000;-0.865685;0.665704;-0.309964;437.176626;0.325075;36.714715;80.351260;3978.660332;0.501961;3.423118;11.944341;1.572697;1016.489996;0.408590;68.114567;159.242872;15293.040094;0.501961;4.394893;21.888619;1.306377;373.245562;1.177108;32.156654;75.496365;3432.892899;1.003922;3.317597;10.064879;1.509478;16.480420;160.167901;25.251593;362.977261;55.754367;0.470079;5.198884;-3.893118;-2.704074;0.501961;35873.207329;7568.197775;44535.933061;19.665000;19.984000;11.106000;-14.919000;-56.111000;-15.567000;8.554094;17.272061;7.763732;22704.593325;8.554094;17.272061;7.763732;-124.503844;40.550896;-39.348495;2.991607;2.852255;3.185999;19.665000;19.984000;11.106000;-14.919000;-56.111000;-15.567000;437.176626;1016.489996;373.245562
0.531883;-1.345400;5.679320;32.254681;5.704172;0.747772;2.065870;3.572821;2.106166;2.485437;0.497087;1.014880;25.548500;-4.729848;-0.183690;14.508105;210.485123;15.259639;1.956616;-2.193185;4.340070;6.145750;5.467961;0.994175;3.085490;68.743000;0.406529;0.256480;3.047705;9.288505;3.074699;0.597381;1.051873;1.772365;2.858000;5.965049;4.970874;1.414380;14.829800;-0.928051;0.108784;0.097682;236.538324;0.626735;24.687799;52.330843;1690.254729;0.994175;2.956925;7.669270;1.713254;604.769071;1.116392;70.029204;145.367206;13144.243932;0.994175;2.634066;5.862820;1.855607;127.273215;1.755099;16.551752;26.594620;495.380417;0.994175;2.662337;6.461088;2.046237;9.746135;179.860783;13.873947;241.187735;10.900242;0.915082;10.081726;2.235129;-1.485057;0.000000;19046.506636;5109.959693;30364.952788;19.665000;12.632000;9.742200;-5.883500;-56.111000;-5.087600;5.704172;15.259639;3.074699;15329.879078;5.704172;15.259639;3.074699;-77.217505;1.901387;4.361492;2.472299;2.532031;2.835273;19.665000;12.632000;9.742200;-5.883500;-56.111000;-5.087600;236.538324;604.769071;127.273215
-2.237127;-1.733800;2.474686;6.124072;3.335987;0.613958;0.191912;0.519678;3.416400;2.982524;4.473786;1.207680;12.749200;2.069591;0.996770;4.330014;18.749020;4.799190;1.429151;1.094458;0.833271;4.083405;7.953398;6.462136;1.935160;20.961200;0.695455;0.388870;2.681829;7.192207;2.770535;0.533262;0.571310;-0.092588;3.565400;3.479612;3.479612;1.830570;11.820000;-0.567691;0.219897;0.301853;230.424037;0.796514;17.983583;36.364368;830.877467;0.000000;4.144351;19.999696;1.504675;213.167855;1.179488;29.645003;43.676202;1406.744784;0.000000;2.273617;5.240802;2.294653;152.923971;0.321964;12.901151;25.805233;420.215392;0.994175;3.811192;15.778774;1.557925;5.212038;14.671561;8.003882;21.933492;8.278360;-0.388930;2.141078;-1.587009;1.246616;0.000000;3553.615184;885.945881;5264.563024;5.787900;13.912000;7.806200;-6.961300;-7.049200;-4.013800;3.335987;4.799190;2.770535;2657.837643;3.335987;4.799190;2.770535;-6.142690;1.473696;3.539586;2.849160;2.883497;3.141410;5.787900;13.912000;7.806200;-6.961300;-7.049200;-4.013800;230.424037;213.167855;152.923971
-2.586705;-2.351200;2.816304;7.931571;3.823953;0.726165;0.554726;0.060004;4.164727;4.042105;5.389474;2.133200;12.749200;2.552597;1.745550;4.462817;19.916733;5.141253;1.584036;0.764895;0.270870;5.042990;8.084211;8.084211;2.282600;20.961200;1.730162;2.484500;3.014603;9.087830;3.475815;0.659962;-0.279154;-0.772147;4.536318;1.347368;2.694737;1.697950;11.820000;-0.523410;0.430617;0.397734;196.589600;0.223450;16.926898;35.941433;809.920410;0.000000;3.635083;14.101802;1.279341;193.997352;0.476094;27.740555;40.869608;1252.035086;0.000000;2.177454;5.108331;2.054673;131.492325;0.785876;14.597043;30.053934;572.844643;0.000000;2.989675;7.804631;1.431990;6.403315;12.133949;9.910688;24.036751;12.371464;-0.255828;2.641700;-2.072909;0.975122;1.347368;3577.275573;878.266713;5134.482321;5.787900;13.912000;7.806200;-6.961300;-7.049200;-4.013800;3.823953;5.141253;3.475815;2634.800138;3.823953;5.141253;3.475815;-6.666270;3.704701;5.422302;2.997748;2.897495;3.145495;5.787900;13.912000;7.806200;-6.961300;-7.049200;-4.013800;196.589600;193.997352;131.492325
39.970830;26.639000;43.497117;1891.999165;59.073399;3.267815;0.265507;-1.509639;80.295541;3.976699;0.994175;35.838000;128.469000;24.431462;9.648100;53.786916;2893.032383;59.075619;8.564945;1.740880;2.947540;42.981450;5.467961;2.982524;24.019100;250.585000;15.692772;19.194000;33.182182;1101.057205;36.705862;3.810404;-0.008491;-1.340685;63.912500;0.497087;2.485437;32.262000;110.973000;-0.564022;0.779807;-0.343472;4116.995492;2.212005;192.386975;694.222013;261997.684004;0.000000;4.830185;22.306218;0.790745;2516.440610;3.727594;285.297971;579.224069;210471.491431;0.000000;2.780185;6.737252;1.810079;2348.129107;6.697881;134.460399;380.106865;82069.544159;0.497087;4.924016;23.568905;0.880593;81.581847;1671.317661;112.936650;4276.928202;1399.416825;-0.288843;32.112693;60.206203;0.999840;0.000000;771599.430829;184846.239865;1098413.233043;112.410000;207.530000;73.158000;-16.059000;-43.055000;-37.815000;59.073399;59.075619;36.705862;554538.719594;59.073399;59.075619;36.705862;-1332.508589;1136.552454;-619.027673;3.130122;2.746512;3.193903;112.410000;207.530000;73.158000;-16.059000;-43.055000;-37.815000;4116.995492;2516.440610;2348.129107
0.922376;-0.640900;9.111072;83.011631;9.157642;1.987724;0.435881;-0.281535;11.698100;6.462136;4.473786;4.954600;42.698000;26.069941;8.647900;52.808912;2788.781224;58.893319;7.968065;1.789922;3.123561;42.893300;3.479612;3.976699;21.756900;247.135000;-4.440631;-8.177700;19.638416;385.667382;20.134214;3.731339;0.681697;0.092807;25.061750;2.485437;2.485437;13.399800;91.667000;-0.202667;0.188068;0.018455;530.134155;13.772341;53.955057;75.699480;4362.729029;0.994175;4.930215;27.434313;1.772875;2685.203900;4.716312;270.794751;591.449662;213625.339696;0.000000;2.823628;7.262035;1.766748;1048.538772;6.483076;109.607918;177.062086;21892.948128;0.497087;3.403807;13.465605;1.904835;45.135610;1920.448727;60.092481;2819.801015;393.151765;-0.257926;48.183604;0.294580;1.739512;0.000000;308737.109660;79960.338951;475148.937229;26.639000;207.530000;53.852000;-16.059000;-39.605000;-37.815000;9.157642;58.893319;20.134214;239881.016854;9.157642;58.893319;20.134214;-98.468591;33.980357;19.327061;3.016502;2.767900;2.997474;26.639000;207.530000;53.852000;-16.059000;-39.605000;-37.815000;530.134155;2685.203900;1048.538772
0.106921;-0.876295;6.143102;37.737705;6.144033;1.222239;0.869015;0.073299;7.202125;4.517647;3.513725;3.899755;26.426800;-1.681583;-2.113750;15.962607;254.804814;16.050936;4.558557;0.038304;-0.084765;17.237175;5.521569;7.529412;8.707250;72.648000;-0.477514;-2.222600;12.352759;152.590647;12.361985;2.611138;0.714180;1.031968;13.982275;4.015686;4.015686;7.296350;61.868000;0.077169;0.125696;-0.564992;259.948708;9.970414;36.519988;49.451480;1926.629763;2.509804;2.817816;7.769348;2.193490;673.752999;1.858177;76.014345;142.400498;13283.493032;2.509804;2.769018;7.115656;1.894861;586.004743;0.662839;52.149800;112.216677;7806.211507;1.003922;3.055573;9.569679;1.726107;18.088823;120.994806;26.562534;329.502871;85.115345;0.000665;2.663147;0.779001;-1.847480;0.000000;39546.171772;7672.111434;45147.424976;17.255000;33.043000;36.993000;-9.171800;-39.605000;-24.875000;6.144033;16.050936;12.361985;23016.334302;6.144033;16.050936;12.361985;7.642131;9.632821;-112.509326;2.908882;3.133220;2.908192;17.255000;33.043000;36.993000;-9.171800;-39.605000;-24.875000;259.948708;673.752999;586.004743
-0.963645;-0.824245;3.607167;13.011652;3.733666;0.635708;0.119707;0.656390;2.787035;5.019608;4.015686;1.457505;17.332100;2.157147;1.106350;10.389268;107.936888;10.610851;2.662706;0.909976;1.078343;10.771900;5.019608;6.023529;5.424850;52.982000;-1.594810;-0.194160;7.906558;62.513656;8.065797;1.385206;-1.005899;1.130869;9.650650;3.011765;3.513725;4.750190;38.522000;-0.143025;0.561331;-0.612161;143.475133;0.470611;18.617956;33.776253;758.314740;1.003922;2.458771;5.077153;2.004532;412.836683;1.108148;56.207015;92.572390;5979.426979;2.007843;2.280441;4.631812;2.172214;348.105858;3.005486;42.071077;70.661119;3447.788283;2.007843;3.067308;9.206786;1.893513;10.973716;71.165072;16.107759;143.165931;35.137877;-0.043709;4.120556;-1.027153;2.207424;1.003922;15912.809208;3395.176668;19979.308852;8.160300;33.043000;13.647000;-9.171800;-19.939000;-24.875000;3.733666;10.610851;8.065797;10185.530003;3.733666;10.610851;8.065797;-5.413036;16.167823;-50.782831;2.825204;2.886534;2.956792;8.160300;33.043000;13.647000;-9.171800;-19.939000;-24.875000;143.475133;412.836683;348.105858
-0.799294;-0.665765;1.662997;2.765558;1.845109;0.301764;0.145439;0.100399;2.030517;6.023529;4.015686;0.941935;8.238500;-0.248445;0.254320;4.821143;23.243420;4.827540;1.068689;0.208359;-0.503429;6.512275;4.015686;4.015686;3.116930;20.843900;-0.141185;0.086761;3.299169;10.884514;3.302188;0.551153;-1.079783;1.658524;3.328825;3.011765;4.015686;1.623250;16.596100;-0.188625;0.384780;0.295042;81.527940;0.858992;10.046415;17.424499;206.237928;0.000000;3.075859;8.757139;1.846493;263.455564;0.588592;23.075814;42.486524;1191.716558;0.501961;3.856451;17.606085;1.684166;152.948539;0.651546;17.945214;27.763854;557.145482;1.003922;3.056711;9.820682;1.997606;5.581423;6.461743;7.747759;25.096040;10.237073;0.274835;0.994432;-0.752938;-2.087562;0.000000;3507.611829;651.699989;3835.003783;3.225300;12.031000;5.619100;-5.013200;-8.812900;-10.977000;1.845109;4.827540;3.302188;1955.099968;1.845109;4.827540;3.302188;-1.527282;2.131999;4.739335;2.966938;3.150180;2.909275;3.225300;12.031000;5.619100;-5.013200;-8.812900;-10.977000;81.527940;263.455564;152.948539
-0.949341;-0.885090;1.047043;1.096300;1.413346;0.232415;-0.183744;-0.630413;1.504435;3.976699;4.473786;0.784810;4.477160;-0.375867;-0.171280;3.515398;12.358020;3.535434;0.854543;-0.673964;-0.302687;4.575650;4.473786;6.462136;2.318220;14.297000;0.858471;0.543270;1.385850;1.920580;1.630200;0.381876;0.710698;-0.009388;1.754425;3.976699;5.965049;0.914670;6.134200;-0.514854;-0.225937;0.191678;97.782087;0.893576;7.473431;15.487183;149.287965;0.000000;4.726042;22.574966;1.222202;154.806541;0.786218;18.062652;31.035472;650.989482;0.497087;3.282518;10.668496;1.820606;88.422492;0.391029;8.763347;16.415781;174.818007;0.000000;3.175375;10.522371;1.785399;3.743670;3.139331;5.159585;12.881086;1.878681;0.137380;1.198687;-1.118404;-0.412690;0.000000;1605.227266;325.031818;1931.439071;0.887660;5.484100;4.517400;-3.589500;-8.812900;-1.616800;1.413346;3.535434;1.630200;975.095454;1.413346;3.535434;1.630200;-1.913639;-0.331059;0.942976;3.161341;3.008567;2.999159;0.887660;5.484100;4.517400;-3.589500;-8.812900;-1.616800;97.782087;154.806541;88.422492
-0.958971;-0.943840;0.892876;0.797227;1.310287;0.224618;0.074795;-0.641963;1.087030;2.659740;7.314286;0.538560;3.465360;0.528066;0.040690;2.282385;5.209282;2.342677;0.892668;0.156598;-0.424637;3.416000;5.984416;6.649351;1.513890;10.869300;0.813647;0.654110;0.935764;0.875654;1.240030;0.333454;0.757173;0.873078;0.916050;4.654545;6.649351;0.413910;4.399700;-0.313633;-0.389768;-0.189986;73.840735;0.210550;5.474909;13.054935;101.504320;0.000000;4.042555;17.108539;1.044340;76.146883;0.508040;13.382969;16.101591;222.029067;0.664935;2.092025;4.581673;2.260846;62.650840;0.279609;6.562522;11.141746;84.688355;0.000000;3.507833;13.940924;1.538259;2.636163;1.793305;3.907351;5.398777;1.176774;-0.378655;1.133082;-0.921559;0.575679;0.000000;604.142729;136.073914;805.976260;0.887660;5.484100;3.346800;-2.577700;-5.385200;-1.052900;1.310287;2.342677;1.240030;408.221742;1.310287;2.342677;1.240030;-0.647558;-0.329944;-0.411107;3.174777;2.931782;2.882042;0.887660;5.484100;3.346800;-2.577700;-5.385200;-1.052900;73.840735;76.146883;62.650840
-8.342878;1.210200;27.436945;752.785950;28.677335;3.916026;-1.506871;1.338365;17.108000;5.467961;3.976699;7.804000;111.523000;25.839436;11.593000;48.270169;2330.009200;54.751124;9.424875;1.085482;0.367297;42.801100;5.965049;2.982524;24.413000;195.526000;-43.419366;-6.848000;67.107771;4503.452981;79.929308;5.030839;-1.269553;0.042450;74.717600;3.976699;0.994175;10.883100;207.344900;-0.573265;0.640037;-0.423237;1178.852969;3.815298;124.441362;274.783967;45937.648705;0.994175;2.887968;7.181296;1.713921;2661.461860;0.679436;269.929432;548.671373;188766.145961;0.000000;3.197055;9.928860;1.702242;4472.194671;0.617128;268.464302;878.605662;426107.684577;0.000000;3.820456;13.500859;1.174945;70.044651;5302.516422;100.648693;5623.405664;1703.359576;-0.711949;75.832474;-15.639031;2.604774;0.000000;778423.662277;220270.493081;1308915.045424;25.509000;150.810000;9.864900;-86.014000;-44.716000;-197.480000;28.677335;54.751124;79.929308;660811.479243;28.677335;54.751124;79.929308;-766.667607;1190.009828;-1384.432599;2.772890;2.939093;2.535386;25.509000;150.810000;9.864900;-86.014000;-44.716000;-197.480000;1178.852969;2661.461860;4472.194671
18.233736;5.244700;34.661012;1201.385745;39.164459;3.417390;1.492736;0.642065;11.494600;5.467961;1.491262;6.466700;122.632000;-29.270476;-13.714000;50.977862;2598.742454;58.783528;10.074656;-1.362957;0.834364;36.957000;5.467961;3.976699;18.279800;214.882000;32.520070;6.076200;53.220730;2832.446106;62.369873;4.163189;1.498094;0.885712;40.591215;3.479612;0.497087;10.708700;188.963000;-0.672952;0.783186;-0.877789;1878.074821;32.668747;195.522587;390.069113;96115.686587;0.000000;3.261234;9.653308;1.645926;3014.859000;8.097261;297.863624;592.595687;222081.593546;0.000000;3.186368;10.146901;1.727540;3349.567179;7.310982;242.758909;667.657392;254799.132582;0.000000;3.654503;12.549505;1.315709;59.882998;5293.385707;94.505096;5907.121899;535.847313;0.801809;17.497174;4.762236;-0.732856;0.000000;641964.625494;190998.804238;1134973.663647;106.910000;46.012000;174.090000;-15.722000;-168.870000;-14.873000;39.164459;58.783528;62.369873;572996.412715;39.164459;58.783528;62.369873;-1200.726812;1458.895018;-2404.858498;2.432526;2.742618;2.668238;106.910000;46.012000;174.090000;-15.722000;-168.870000;-14.873000;1878.074821;3014.859000;3349.567179
25.826109;5.401300;35.631932;1269.634545;44.007073;3.584354;0.880493;-0.632757;53.504725;3.513725;1.003922;9.834250;122.632000;-24.978878;-8.625950;53.286917;2839.495493;58.850997;8.908034;-1.329323;0.798303;25.755775;4.517647;1.003922;12.920550;216.668000;36.430564;12.845000;51.450993;2647.204660;63.042768;4.326741;1.509948;0.944659;40.602068;3.513725;1.003922;13.519670;179.728800;-0.510171;0.694135;-0.872672;2634.263161;0.486239;172.094893;480.462828;132784.131591;0.000000;4.089510;16.456380;1.195245;2547.845540;2.320647;283.078990;573.378429;208457.058338;0.000000;2.748403;6.729078;1.843454;3715.917519;1.442184;230.264327;690.897922;270380.423277;0.000000;3.868139;14.547535;1.224722;64.207643;5251.831528;102.049139;5759.022214;828.476454;0.722776;58.187204;27.541582;-0.601035;0.000000;688350.934382;203873.871069;1199719.318212;106.910000;47.798000;174.090000;-15.722000;-168.870000;-5.638800;44.007073;58.850997;63.042768;611621.613206;44.007073;58.850997;63.042768;-978.259989;1285.156267;-2416.263801;2.731983;2.599194;2.627690;106.910000;47.798000;174.090000;-15.722000;-168.870000;-5.638800;2634.263161;2547.845540;3715.917519
8.222389;-0.727265;18.809838;353.810021;20.528461;1.732674;1.656084;1.258062;4.766775;3.011765;0.501961;2.034800;73.035200;2.602901;1.119550;13.483917;181.816019;13.732848;3.828695;1.564260;3.463298;8.714625;7.027451;6.525490;4.245600;71.155000;3.036200;0.158120;7.709153;59.431035;8.285502;1.509802;1.768348;2.659194;6.149675;6.525490;2.509804;2.187270;37.551800;0.518566;0.884287;0.458105;878.292871;31.414945;120.300889;185.647351;24948.398398;0.501961;3.032626;8.572588;1.980496;388.699107;13.205526;98.259235;99.496750;9968.950795;4.015686;1.357990;0.821145;2.863059;345.895860;11.888099;54.198393;69.683992;3973.067427;0.501961;2.699171;7.160294;2.294843;15.977177;423.388194;24.063023;474.424235;115.021630;0.849180;7.235127;15.536390;0.708711;0.000000;47636.790985;12963.472206;76285.047984;68.385000;47.798000;31.913000;-4.650200;-23.357000;-5.638800;20.528461;13.732848;8.285502;38890.416619;20.528461;13.732848;8.285502;132.826370;129.498139;48.091267;1.939040;2.629621;2.656321;68.385000;47.798000;31.913000;-4.650200;-23.357000;-5.638800;878.292871;388.699107;345.895860
-0.884954;-0.943690;1.597141;2.550860;1.825925;0.407671;0.645389;1.033801;0.968465;3.011765;5.521569;0.471510;8.439300;0.575443;0.250975;2.747469;7.548584;2.807084;0.931696;-0.468074;1.476907;2.789043;9.537255;5.019608;1.245815;15.522400;0.571873;0.632745;1.921189;3.690968;2.004497;0.607990;0.307986;1.010892;2.061848;5.521569;7.027451;1.068405;10.807700;-0.200118;0.320164;-0.175558;90.265272;0.239717;9.532799;17.917281;209.989873;0.000000;2.992618;8.641685;1.820416;98.301002;0.263272;16.614806;23.352730;418.753836;1.505882;2.008669;3.319494;2.389778;64.910767;0.150813;11.875623;17.135986;221.597702;3.011765;1.699803;1.659006;2.451108;3.409321;3.608255;5.011449;8.056522;3.884002;-0.015844;0.842059;-0.790155;0.788510;0.000000;1369.825185;283.447137;1667.977382;3.974400;5.776600;6.233200;-4.464900;-9.745800;-4.574500;1.825925;2.807084;2.004497;850.341411;1.825925;2.807084;2.004497;-0.886830;0.992122;-0.935841;2.658866;2.653842;2.877971;3.974400;5.776600;6.233200;-4.464900;-9.745800;-4.574500;90.265272;98.301002;64.910767
15.254453;-0.739920;26.763956;716.309353;30.805968;1.144538;1.250753;-0.221232;22.630050;1.988350;0.497087;0.933080;77.158000;2.449764;0.140530;25.397752;645.045787;25.515625;2.673260;1.019251;2.910478;6.040800;7.953398;2.485437;2.110330;140.791000;-16.552433;-0.187390;26.695618;712.655997;31.410811;1.161555;-1.179648;-0.374638;24.482040;2.982524;0.497087;1.835110;74.866500;0.111784;-0.989308;-0.208164;1571.208627;26.387981;139.352080;318.003731;60857.859347;0.000000;3.694758;12.539656;1.388003;1083.024895;35.234131;143.426550;215.532101;33837.996370;1.491262;3.113069;9.099557;1.989111;1704.900592;21.482737;144.342852;328.269270;64922.036546;0.000000;3.814138;13.740162;1.368980;28.910678;1750.866554;47.825192;1464.839229;625.254663;0.957560;4.176650;3.353733;2.994659;0.000000;176259.838243;53205.964088;316166.209675;74.014000;86.472000;2.684500;-3.144000;-54.319000;-72.182000;30.805968;25.515625;31.410811;159617.892263;30.805968;25.515625;31.410811;76.729370;-713.771192;-142.521007;1.917303;1.995218;2.091573;74.014000;86.472000;2.684500;-3.144000;-54.319000;-72.182000;1571.208627;1083.024895;1704.900592
30.048881;12.495000;32.371520;1047.915317;44.168434;3.967682;0.557526;-1.125338;59.157790;1.994805;1.329870;14.548700;113.215100;17.164190;6.978000;41.314398;1706.879445;44.738002;5.508894;0.417165;-0.778809;52.521500;3.324675;1.329870;19.719000;154.639000;-20.488006;-16.870000;38.516574;1483.526449;43.626653;3.032314;0.345961;-0.964207;57.869860;1.329870;1.329870;34.032000;126.361000;0.291547;-0.823850;-0.199051;2313.763830;3.116542;176.487526;431.017936;109870.753479;0.000000;3.949528;15.226245;1.021024;1665.121197;3.320231;155.980952;387.560121;88399.782799;0.664935;3.145099;8.231438;1.225834;1887.336250;16.566511;166.704331;385.734019;89437.164223;0.664935;3.574158;11.842708;1.147917;62.312477;1972.779499;99.593466;2624.691344;1458.735328;0.826137;19.570265;19.485407;2.444243;0.000000;374931.056369;95902.566834;568038.280477;104.310000;100.320000;54.179000;-8.905100;-54.319000;-72.182000;44.168434;44.738002;43.626653;287707.700501;44.168434;44.738002;43.626653;395.047958;-1040.725281;-320.915119;2.841505;3.010674;2.878556;104.310000;100.320000;54.179000;-8.905100;-54.319000;-72.182000;2313.763830;1665.121197;1887.336250
-0.929373;-0.690740;1.646737;2.711744;1.890893;0.361751;-1.055726;1.044415;1.933325;4.876190;4.063492;0.984960;6.979000;-1.340602;-0.572620;5.313051;28.228511;5.479573;1.278805;-1.148439;3.116305;2.974910;5.688889;4.063492;1.644480;30.094000;1.049055;2.921200;6.060095;36.724751;6.150225;0.847960;-1.024624;-0.070253;6.996050;2.438095;2.438095;3.031900;21.083800;-0.197342;0.710794;-0.208213;58.550489;0.118216;7.810148;14.639059;139.835156;0.000000;2.730200;6.355635;1.402618;122.076278;2.261254;26.719637;35.490567;1002.422536;1.625397;1.396241;0.527841;2.122251;209.391808;0.640074;18.475605;45.526463;1226.162174;0.812698;3.261271;9.687262;1.035842;7.289021;18.296644;9.954438;42.366614;25.082813;-0.551683;1.087509;-0.488123;-0.906802;0.812698;3923.523260;789.473289;4662.826612;1.458300;10.865000;7.998800;-5.520700;-19.229000;-13.085000;1.890893;5.479573;6.150225;2368.419866;1.890893;5.479573;6.150225;-1.754429;7.207697;-6.812097;2.954736;2.536265;2.941037;1.458300;10.865000;7.998800;-5.520700;-19.229000;-13.085000;58.550489;122.076278;209.391808
-0.998013;-0.789640;1.574636;2.479479;1.864272;0.365284;-0.768556;0.594864;2.016100;4.517647;5.521569;1.018530;7.641700;-1.158910;-0.413795;4.662427;21.738228;4.804300;1.073351;-1.109973;3.794952;4.091985;5.521569;2.509804;1.776100;30.094000;0.077887;0.119115;4.976795;24.768484;4.977404;0.689509;-0.677930;0.293577;6.102550;2.509804;2.509804;2.951485;21.083800;-0.364553;0.501022;-0.122012;101.797348;0.424765;9.823219;18.731522;228.068709;0.000000;3.282072;11.131870;1.739598;161.791042;0.797241;27.558800;41.037682;1245.746039;1.003922;1.895518;2.680697;2.373061;302.218025;0.352198;17.753247;46.518389;1263.874436;1.003922;4.771589;24.713001;1.071051;6.008885;15.224661;8.365493;27.639868;20.244430;-0.344303;2.045232;-1.188769;-1.503690;0.000000;4459.349388;912.563061;5370.082629;2.121000;10.865000;7.998800;-5.520700;-19.229000;-13.085000;1.864272;4.804300;4.977404;2737.689183;1.864272;4.804300;4.977404;-2.702912;3.965207;-2.859179;3.027684;2.552402;3.023357;2.121000;10.865000;7.998800;-5.520700;-19.229000;-13.085000;101.797348;161.791042;302.218025
-1.353547;-1.547900;1.356844;1.841025;1.916537;0.312700;0.444002;-0.428199;2.062740;1.491262;4.473786;0.967800;6.262900;0.077493;0.665550;2.653752;7.042397;2.654883;0.697641;-0.645127;0.417308;2.274470;4.473786;5.467961;1.114150;13.879600;0.034322;0.055611;2.085897;4.350965;2.086179;0.405598;0.225249;-0.311773;2.669050;3.479612;3.479612;1.286289;9.084700;-0.695694;0.158739;0.268241;139.415309;0.257164;9.348461;21.775900;283.517906;0.000000;4.545826;22.670802;1.238973;107.108334;0.451915;15.022230;22.224986;363.301992;1.491262;2.539884;6.317294;2.189713;82.773346;0.482285;10.960232;17.998720;224.196036;0.994175;2.780486;7.175948;1.999927;3.545758;2.501259;5.326710;8.505493;4.285578;0.356597;0.763671;-0.953169;1.153866;0.000000;1423.772011;290.338645;1725.281563;2.121000;6.205300;4.418800;-4.141900;-7.674300;-4.665900;1.916537;2.654883;2.086179;871.015935;1.916537;2.654883;2.086179;-2.529561;0.453674;1.499391;3.098016;2.853581;3.100361;2.121000;6.205300;4.418800;-4.141900;-7.674300;-4.665900;139.415309;107.108334;82.773346
-1.400951;-1.174800;0.836187;0.699209;1.631524;0.223844;-0.582384;-0.732595;1.281295;0.000000;2.485437;0.577450;3.293189;1.093246;0.913900;2.160208;4.666500;2.421092;0.536995;-0.012924;-0.199607;3.094610;3.479612;3.479612;1.585190;10.905300;0.506668;0.635010;1.150845;1.324444;1.257440;0.305204;0.077934;-0.445024;1.706795;4.473786;4.970874;0.818090;5.239200;-0.157519;0.279030;-0.293608;144.297947;0.069780;7.129402;20.516304;238.163590;0.000000;5.844629;35.615305;0.709964;112.604378;0.126783;13.748932;23.039879;363.429089;0.000000;3.047673;9.520369;1.940379;60.656684;0.113158;6.432416;12.087358;94.650193;1.491262;2.980986;9.148734;1.855459;2.934774;1.491820;4.392939;4.893359;1.256836;0.067971;1.244602;-1.664687;1.136812;0.000000;963.957002;232.080957;1379.096458;-0.037011;5.993900;3.483100;-3.330200;-4.911400;-1.756100;1.631524;2.421092;1.257440;696.242872;1.631524;2.421092;1.257440;-0.287323;0.271149;-0.737085;3.106268;3.029503;3.066192;-0.037011;5.993900;3.483100;-3.330200;-4.911400;-1.756100;144.297947;112.604378;60.656684
-0.788188;-0.804860;0.437914;0.191769;0.901670;0.181114;0.917301;2.196245;0.572440;0.501961;8.533333;0.287680;2.606580;0.835696;0.871120;2.143108;4.592910;2.300282;0.410339;0.190095;-0.091957;2.950368;2.509804;4.517647;1.468695;10.871300;0.857592;0.962470;0.940161;0.883903;1.272544;0.241731;-0.166281;-0.518210;1.314928;3.011765;5.019608;0.676730;4.327500;-0.239414;0.016366;-0.346093;80.395128;0.468234;4.804695;10.973772;73.161333;0.000000;6.285716;40.309220;0.784354;96.412119;2.223237;13.579045;20.369821;305.535725;1.003922;2.810609;7.332411;2.080830;87.474390;0.104716;5.348170;14.386484;120.096464;0.000000;4.588711;21.080303;1.042572;2.499632;1.475515;3.724645;4.777405;0.766589;0.195770;1.675023;-0.842014;0.772468;0.000000;712.568225;166.264508;978.402679;0.880580;5.993900;3.109200;-1.726000;-4.877400;-1.218300;0.901670;2.300282;1.272544;498.793523;0.901670;2.300282;1.272544;-0.226914;0.006805;-0.704235;2.807403;2.954310;3.089831;0.880580;5.993900;3.109200;-1.726000;-4.877400;-1.218300;80.395128;96.412119;87.474390
-0.981717;-0.782325;1.291157;1.667086;1.621991;0.372771;-1.344444;2.500506;1.005482;3.513725;6.525490;0.526130;6.499630;0.629247;-0.358240;5.359814;28.727608;5.396625;1.172132;2.954379;10.004490;3.721950;4.015686;5.019608;1.840840;30.803400;0.415496;0.706430;2.708188;7.334280;2.739875;0.435389;-0.364257;0.398849;2.155940;3.011765;4.517647;1.084570;12.367200;-0.807448;0.278419;-0.033930;100.135148;0.220919;8.897274;16.746403;183.327266;0.000000;3.661131;15.299978;1.682135;160.765586;0.205885;29.844949;45.413935;1505.525665;2.509804;1.597040;1.409011;2.466199;132.742302;0.331713;12.046526;24.962811;391.662331;1.505882;3.320968;11.153094;1.650697;4.387022;20.015366;6.276236;30.151766;7.495127;-0.561178;0.462627;-0.869783;0.987209;0.000000;2983.915152;693.505088;4081.010707;0.998430;25.926000;6.417200;-5.501200;-4.877400;-5.950000;1.621991;5.396625;2.739875;2080.515263;1.621991;5.396625;2.739875;-5.643155;0.983186;-0.497381;2.786267;2.304743;2.907977;0.998430;25.926000;6.417200;-5.501200;-4.877400;-5.950000;100.135148;160.765586;132.742302
-1.291643;-1.094000;1.732261;3.000729;2.160803;0.515198;-0.511492;-0.594266;3.005115;5.349254;5.349254;1.457460;6.740800;0.105981;-2.100900;6.715195;45.093845;6.716031;1.663318;2.481451;5.803551;3.506880;6.877612;5.349254;1.789220;31.438600;0.234726;0.270530;3.701400;13.700362;3.708835;0.701813;0.118071;-1.116103;5.829550;3.820896;3.820896;2.934770;12.415600;-0.724258;0.386417;-0.106252;86.540093;1.310167;10.486015;17.561491;212.303352;0.000000;3.148884;9.665061;1.452055;179.801516;2.535033;30.104695;45.519745;1511.396338;3.056716;1.870145;2.502672;1.936503;118.369970;1.625749;14.801285;26.317707;462.653595;0.764179;2.641192;6.042614;1.521423;6.411133;22.426984;9.075879;47.711850;13.926857;-0.421682;0.480376;-0.651369;0.424108;0.000000;3505.179694;728.784428;4308.402061;1.239600;25.926000;6.465600;-5.501200;-5.512600;-5.950000;2.160803;6.716031;3.708835;2186.353285;2.160803;6.716031;3.708835;-8.552556;2.515168;-2.680985;3.048600;2.372337;3.144245;1.239600;25.926000;6.465600;-5.501200;-5.512600;-5.950000;86.540093;179.801516;118.369970
16.675827;15.794000;29.420850;865.586441;33.818185;2.445260;0.088463;-0.766862;34.587850;0.994175;1.988350;18.828000;106.193000;5.969370;5.312800;24.953518;622.678056;25.657580;3.763002;0.448700;-0.269912;35.468000;1.491262;3.479612;16.845200;100.289000;18.536085;17.879000;31.325529;981.288764;36.398836;2.976238;-0.068306;-0.684703;46.378450;0.994175;3.976699;22.720000;120.620000;0.657169;0.890095;0.581884;2000.952287;1.504574;113.397277;363.556758;73220.270243;0.497087;4.372486;18.319085;1.006254;1422.454312;3.542047;116.904396;239.002941;35738.158059;0.497087;3.830426;16.052386;1.539112;2002.679429;3.067264;131.821289;390.924907;85925.777082;0.497087;4.052412;15.603359;1.144818;48.838232;741.683403;78.159307;2072.386542;326.352711;0.661395;31.920812;26.868265;0.311553;0.000000;283869.503103;64961.401795;386020.637589;72.351000;63.945000;80.871000;-33.842000;-36.344000;-39.749000;33.818185;25.657580;36.398836;194884.205385;33.818185;25.657580;36.398836;487.192964;828.374728;459.307517;3.205407;3.157322;3.125169;72.351000;63.945000;80.871000;-33.842000;-36.344000;-39.749000;2000.952287;1422.454312;2002.679429
-3.247577;-1.334500;13.189235;173.955914;13.583176;1.438818;-0.799543;0.188980;10.677800;2.485437;2.982524;5.326600;53.348000;-6.446416;-0.306190;12.120829;146.914499;13.728466;1.868193;-0.947217;-0.306248;17.250100;5.467961;1.491262;4.270790;45.570100;-1.134378;1.177600;17.264691;298.069564;17.301918;1.803496;-0.357706;0.105414;17.386350;1.988350;1.988350;9.254400;76.887000;-0.579043;0.898269;-0.511744;686.917644;10.251489;58.537956;128.336375;10045.045622;0.994175;3.548421;12.228590;1.492555;663.980892;0.855265;61.814153;140.156995;11846.394038;0.000000;3.003149;8.160162;1.669572;1000.204323;17.702256;76.485472;157.538786;15483.124440;0.994175;4.423415;21.116209;1.346372;20.432268;254.852245;31.233457;510.337642;93.604227;-0.104666;9.239986;-5.433108;-1.744983;0.000000;56125.082320;12458.188033;74030.386582;19.506000;9.226100;37.138000;-33.842000;-36.344000;-39.749000;13.583176;13.728466;17.301918;37374.564100;13.583176;13.728466;17.301918;-93.475880;206.548372;-108.138700;3.006513;2.942342;2.987218;19.506000;9.226100;37.138000;-33.842000;-36.344000;-39.749000;686.917644;663.980892;1000.204323
-0.650640;-0.747635;3.289246;10.819141;3.352980;0.465246;1.713759;4.919622;2.749495;4.517647;3.513725;1.203705;19.909400;0.107065;0.104593;3.742940;14.009598;3.744471;0.665046;-1.615301;6.785425;2.105202;7.027451;7.027451;0.988708;24.722100;0.623334;0.973330;4.280592;18.323472;4.325739;0.506255;0.589192;3.310381;1.420883;4.015686;3.513725;0.905245;25.590200;-0.829415;0.849560;-0.858921;159.242869;7.205256;22.474440;25.745100;595.405419;2.007843;3.368855;13.456580;2.347668;134.809101;2.740395;23.409659;29.261800;715.899824;1.003922;2.230808;4.208905;2.426050;176.550298;7.004067;25.467684;35.535448;974.424405;1.505882;2.937892;8.249546;2.130002;4.302057;25.467857;6.929367;39.288834;2.259965;0.415825;0.985901;-0.024687;0.170101;0.000000;3187.310405;761.909883;4483.546617;13.073000;9.226100;15.791000;-6.836400;-15.496000;-9.799200;3.352980;3.744471;4.325739;2285.729648;3.352980;3.744471;4.325739;-10.312408;12.080170;-13.897880;2.582250;2.222994;2.218222;13.073000;9.226100;15.791000;-6.836400;-15.496000;-9.799200;159.242869;134.809101;176.550298
-1.371582;-1.261150;1.041610;1.084951;1.722262;0.178469;-0.072237;-1.056240;1.802862;3.011765;3.011765;0.910565;3.975140;0.252278;0.268340;1.052228;1.107185;1.082049;0.301781;-0.214870;-0.700232;1.519380;6.023529;4.517647;0.767075;4.249800;0.599447;0.723480;0.626158;0.392074;0.866839;0.183027;-0.747575;-0.080832;0.902285;4.015686;4.517647;0.432205;2.553550;0.383602;0.150457;0.078206;139.901327;0.182212;6.889604;20.915603;247.218741;0.000000;5.271472;29.272074;0.827267;42.657634;0.301556;5.889294;9.424150;62.959963;1.003922;2.777127;7.189465;2.034688;61.143590;0.082991;4.706528;9.432657;56.652682;0.000000;4.317372;21.995595;1.484945;2.075182;0.582047;3.066132;1.541562;0.686140;0.087237;0.613890;-1.181134;0.398352;0.000000;468.936193;122.277129;719.553875;0.655940;2.208400;1.563400;-3.319200;-2.041400;-0.990150;1.722262;1.082049;0.866839;366.831387;1.722262;1.082049;0.866839;0.424595;0.099102;0.052037;3.282584;3.222696;3.111932;0.655940;2.208400;1.563400;-3.319200;-2.041400;-0.990150;139.901327;42.657634;61.143590
-1.278128;-1.191900;1.059252;1.122015;1.660008;0.200710;1.069013;2.405703;1.314515;0.501961;3.513725;0.648810;5.645700;0.376192;0.375680;0.833069;0.694004;0.914071;0.317647;-0.407465;0.445834;0.962731;8.031373;8.031373;0.478340;4.249800;0.752144;0.716590;0.592726;0.351324;0.957624;0.208201;0.295717;-0.641041;0.936247;4.015686;6.023529;0.460835;2.639620;0.129645;0.417980;-0.187964;130.369054;1.585795;10.062973;18.382948;223.903944;0.000000;5.454693;32.396083;1.277528;39.107896;0.237400;5.561268;8.174050;49.829660;0.501961;2.677960;7.751329;2.193018;76.718701;0.206467;5.076325;11.071316;75.625901;0.000000;5.323357;30.901990;1.101054;2.000354;0.506780;2.958269;1.228207;0.721091;0.300953;0.817641;-1.619262;0.463776;0.000000;433.991133;116.453168;685.282105;2.690100;2.208400;2.359700;-2.955600;-2.041400;-0.279920;1.660008;0.914071;0.957624;349.359505;1.660008;0.914071;0.957624;0.115536;0.265026;-0.093732;2.709791;3.004745;3.004512;2.690100;2.208400;2.359700;-2.955600;-2.041400;-0.279920;130.369054;39.107896;76.718701
-0.995116;-1.069300;1.159441;1.344303;1.527926;0.221482;1.188802;1.469188;1.284710;0.994175;2.485437;0.651100;5.345000;-0.127459;0.001790;0.877309;0.769671;0.886520;0.266160;-0.326753;-0.623400;1.250150;8.947573;6.959223;0.645330;3.934300;0.659378;0.744490;0.701446;0.492027;0.962708;0.211458;0.028839;-0.678537;1.101128;4.970874;5.965049;0.511860;3.098740;0.269124;0.702958;0.259988;102.496964;0.217079;7.156570;16.968990;171.227975;0.000000;3.970942;17.466686;1.388431;42.947682;0.120581;4.949282;7.571852;41.311396;0.497087;3.127404;11.429233;2.052035;67.915935;0.182163;5.199939;10.576174;70.121661;0.000000;4.385383;21.809754;1.430490;1.899645;0.438630;2.829920;1.751981;0.673277;0.317236;0.758960;-0.861128;-0.190947;0.000000;394.280661;94.220344;559.886275;2.690100;1.747100;2.359700;-2.654900;-2.187200;-0.739040;1.527926;0.886520;0.962708;282.661032;1.527926;0.886520;0.962708;0.276433;0.577311;0.161561;2.849832;3.040100;3.108975;2.690100;1.747100;2.359700;-2.654900;-2.187200;-0.739040;102.496964;42.947682;67.915935
-1.310732;-1.606000;1.051733;1.106143;1.680524;0.192945;1.528485;2.457636;1.315940;0.664935;2.659740;0.586000;5.001900;-0.510384;-0.344120;0.702372;0.493327;0.868227;0.222284;-0.362399;-0.832719;1.041381;8.644156;4.654545;0.545360;3.001200;0.389147;0.254010;0.637099;0.405895;0.746546;0.162423;0.288012;-0.720042;0.948363;6.649351;3.324675;0.497180;2.719840;0.512347;0.708716;0.485283;100.926400;0.511076;7.575701;16.966815;174.873999;0.000000;4.482625;20.948989;0.958785;39.299578;0.367690;4.360898;7.621233;39.050961;0.000000;3.396396;11.077017;1.458482;29.964355;0.516203;3.804318;6.277144;27.287523;0.000000;3.464595;11.286777;1.504747;1.937995;0.379488;2.789967;1.549471;0.317279;0.214009;0.619378;-0.865873;-0.919368;0.664935;303.808725;80.404161;476.240030;2.291600;0.814000;1.980800;-2.710300;-2.187200;-0.739040;1.680524;0.868227;0.746546;241.212483;1.680524;0.868227;0.746546;0.383455;0.481130;0.220012;2.826575;3.045261;3.074448;2.291600;0.814000;1.980800;-2.710300;-2.187200;-0.739040;100.926400;39.299578;29.964355
10.952128;-1.040800;26.178003;685.287829;28.376697;2.009077;1.749178;1.860753;12.688200;1.491262;1.491262;3.092600;104.275000;7.114875;0.370260;17.579125;309.025639;18.964364;3.406503;1.030564;0.131853;17.815035;8.947573;1.491262;3.940540;71.399000;-0.243389;0.698420;11.117044;123.588670;11.119708;1.588720;-1.729261;3.469127;4.723610;3.976699;1.988350;1.356980;56.687000;0.578579;0.028361;-0.673346;1228.447466;10.757733;127.180984;279.647764;47647.082272;0.497087;2.992822;7.824994;1.665823;886.274076;3.205614;101.423375;177.664390;21128.830094;0.497087;3.279977;10.159717;1.789395;483.180458;1.659516;50.615497;100.286539;6370.918031;0.994175;2.871238;7.567449;1.805114;22.844936;766.640869;33.497018;835.431088;270.933676;0.480689;1.734447;0.966366;1.604991;0.000000;93236.785773;25048.943466;148848.529440;86.282000;52.112000;17.554000;-17.993000;-19.287000;-39.133000;28.376697;18.964364;11.119708;75146.830397;28.376697;18.964364;11.119708;268.864641;8.334533;-132.880701;2.276066;2.539561;2.370867;86.282000;52.112000;17.554000;-17.993000;-19.287000;-39.133000;1228.447466;886.274076;483.180458
3.754447;4.612500;37.222877;1385.542550;37.411742;3.676040;0.335948;-0.333338;44.694000;1.505882;2.509804;22.149000;144.858000;21.694120;28.032500;25.113421;630.683905;33.186123;7.578218;-0.676985;-0.234688;35.852600;3.513725;5.521569;13.607000;116.684000;5.466264;2.476250;28.687147;822.952402;29.203295;3.781187;0.910197;0.501691;29.534750;3.011765;2.509804;14.616500;121.640000;-0.100283;0.313445;-0.491278;2400.233446;2.077160;127.469720;353.806891;72100.470207;0.501961;5.271282;30.053685;0.913076;2212.800230;5.708984;202.425110;341.003598;80171.448004;0.000000;4.231653;20.905036;1.674489;1433.886171;0.044190;114.253725;274.319678;45018.337052;1.003922;3.374632;11.267405;1.521496;53.026242;542.007304;79.866251;1619.208491;902.971173;-0.084834;16.314533;12.848069;1.323965;0.000000;314446.385453;65763.418421;386992.423787;86.282000;67.232000;82.507000;-58.576000;-49.452000;-39.133000;37.411742;33.186123;29.203295;197290.255264;37.411742;33.186123;29.203295;-94.672154;338.015642;-357.437227;3.198845;3.040056;2.955196;86.282000;67.232000;82.507000;-58.576000;-49.452000;-39.133000;2400.233446;2212.800230;1433.886171
-8.190227;-3.401450;23.875121;570.021381;25.240864;3.267114;-0.633373;-0.573003;32.446500;3.513725;1.505882;14.530000;90.706000;9.186916;24.521500;42.002157;1764.181174;42.995123;10.826482;-0.919482;-0.055243;61.951250;3.513725;3.513725;20.158800;175.092000;5.690097;0.517060;27.068382;732.697306;27.659980;3.788981;1.252721;1.068238;20.467275;5.019608;2.509804;10.077060;113.600000;-0.392887;0.618495;-0.215850;1288.358565;9.899554;114.684881;239.378921;35918.179089;0.501961;3.572068;12.409338;1.533149;1451.995380;2.877400;227.591001;376.264219;98582.021305;2.509804;2.082541;2.986551;2.198962;1327.385536;2.231954;105.974670;261.811624;40670.095893;1.003922;3.394606;10.831203;1.477215;52.584560;485.620334;75.651867;2005.108675;863.646958;0.185367;20.505907;-8.540665;1.016256;0.000000;306811.579807;58390.098763;343603.273488;32.130000;67.232000;82.507000;-58.576000;-107.860000;-31.093000;25.240864;42.995123;27.659980;175170.296288;25.240864;42.995123;27.659980;-397.890605;403.666861;-247.836736;3.144214;3.014929;2.908772;32.130000;67.232000;82.507000;-58.576000;-107.860000;-31.093000;1288.358565;1451.995380;1327.385536
0.010350;1.506100;7.549795;56.999406;7.549802;1.954412;-1.020932;1.407851;7.491525;5.521569;5.521569;3.331750;38.341000;-6.454117;-5.525500;33.642494;1131.817411;34.255993;7.991741;-0.651644;0.935774;33.270500;4.517647;5.521569;17.840000;171.813000;0.543644;0.890660;6.868662;47.178524;6.890143;2.123715;-0.241210;-0.030458;7.950525;7.027451;9.035294;4.234150;33.328000;-0.425998;-0.020424;-0.344172;275.260760;1.055660;48.558082;57.841777;2907.696515;1.003922;2.427488;5.858378;2.461433;1493.488527;22.426479;196.609107;287.971154;61983.248874;2.509804;2.691342;7.277729;2.151041;299.760118;0.750057;37.991178;57.753969;2436.276743;2.007843;2.415309;6.573481;2.238945;27.344668;530.215771;35.917906;1159.643963;53.610002;0.068562;10.153826;-1.311056;-1.486763;0.000000;103310.549866;22442.407377;132064.935721;13.592000;63.953000;14.359000;-24.749000;-107.860000;-18.969000;7.549802;34.255993;6.890143;67327.222132;7.549802;34.255993;6.890143;-109.272328;-1.069604;-80.318246;2.844038;2.886151;2.958876;13.592000;63.953000;14.359000;-24.749000;-107.860000;-18.969000;275.260760;1493.488527;299.760118
0.414588;0.769890;3.486446;12.155307;3.511010;0.743329;-1.170327;1.530418;2.976425;5.467961;6.462136;1.524810;16.777100;-2.505085;-3.317200;10.157938;103.183702;10.462273;2.584586;0.040852;-0.228141;11.060800;3.976699;4.970874;5.464000;45.927000;1.565347;0.617230;4.054184;16.436404;4.345885;0.965695;1.187602;1.332892;2.250515;5.965049;4.473786;1.048140;19.901100;-0.325913;-0.030262;-0.014654;151.124026;3.503580;20.454977;29.268063;643.702244;2.485437;2.539731;6.665767;2.226903;472.077453;1.192528;55.457426;93.437230;5960.331872;1.491262;2.569821;6.842451;2.082266;161.230756;1.784207;26.026537;38.719521;1098.856915;0.000000;2.090919;3.721817;2.310396;9.830059;44.042991;13.706262;105.653580;16.637806;0.032442;3.632851;0.405651;-1.012292;0.000000;12221.110760;2567.630344;15257.649542;6.177100;18.754000;14.359000;-10.600000;-27.173000;-5.542100;3.511010;10.462273;4.345885;7702.891031;3.511010;10.462273;4.345885;-11.655413;-0.431931;-0.609389;2.859441;3.118726;2.654443;6.177100;18.754000;14.359000;-10.600000;-27.173000;-5.542100;151.124026;472.077453;161.230756
-0.546884;-0.630000;2.117258;4.482783;2.186748;0.406046;-0.422932;2.778574;1.776150;3.479612;3.479612;0.833000;13.293500;-1.350864;-0.876870;6.447636;41.572015;6.587628;1.275030;-0.457399;5.433650;4.049540;5.467961;2.485437;1.937870;45.927000;0.323981;0.200160;1.934873;3.743735;1.961810;0.421117;1.439226;5.842962;0.808910;5.965049;8.450485;0.406980;12.830900;-0.895160;0.725238;-0.695620;76.411183;2.196512;13.591202;18.264301;261.668786;2.982524;2.177594;3.790583;2.356896;202.456170;11.246775;45.915317;50.048278;2328.916696;2.982524;1.801366;2.234935;2.679239;70.401816;0.631399;10.935471;16.844198;203.613586;2.982524;2.003612;3.166064;2.308517;4.663871;30.275715;6.524461;47.633387;1.936688;0.083989;1.849898;-0.370872;-1.335410;0.000000;3799.624142;931.399689;5534.663538;5.916500;18.754000;8.375000;-7.377000;-27.173000;-4.455900;2.186748;6.587628;1.961810;2794.199068;2.186748;6.587628;1.961810;-12.339908;3.000157;-8.763190;2.558573;2.351610;2.234997;5.916500;18.754000;8.375000;-7.377000;-27.173000;-4.455900;76.411183;202.456170;70.401816
-1.075245;-1.220400;0.737302;0.543614;1.303750;0.167347;0.656323;-0.198191;1.080188;0.501961;4.517647;0.542135;3.044660;-0.598109;-0.670150;1.442220;2.079999;1.561324;0.540221;-0.285036;-0.228587;1.802223;7.529412;6.525490;0.918670;6.887700;0.251642;0.222210;0.464087;0.215377;0.527921;0.153935;0.146965;-0.713872;0.658797;6.023529;6.525490;0.335685;2.040030;-0.749194;0.144284;-0.064508;109.674961;0.447426;6.413604;15.639419;145.664113;0.000000;5.669225;33.810378;0.877749;67.404515;0.699096;10.435553;13.075161;142.674025;1.003922;2.782977;8.546439;2.344038;25.667488;0.035702;3.061928;4.984591;17.446283;0.000000;3.249349;10.497497;1.888249;1.983007;0.483881;2.834029;2.444048;0.240683;0.640191;0.874471;-0.832318;-1.172549;1.505882;425.774485;101.928140;599.807901;0.782560;2.467400;1.184300;-2.262100;-4.420300;-0.855730;1.303750;1.561324;0.527921;305.784420;1.303750;1.561324;0.527921;-0.804544;0.049859;-0.043603;3.104396;3.100880;3.106911;0.782560;2.467400;1.184300;-2.262100;-4.420300;-0.855730;109.674961;67.404515;25.667488
-1.468283;-1.605250;0.649116;0.421351;1.605368;0.205694;0.276190;-0.432901;0.849350;0.000000;6.525490;0.391600;2.980363;-0.044184;0.134387;1.630869;2.659735;1.631468;0.655924;-0.084319;-0.598707;2.446175;8.031373;8.031373;1.236200;7.583200;0.394545;0.333020;0.505422;0.255451;0.641184;0.184744;-0.111586;-1.084484;0.878722;7.027451;4.517647;0.443605;2.075000;-0.574018;0.537181;-0.194298;149.764907;0.333035;6.442977;20.784422;241.394282;0.000000;6.317335;40.501947;0.494923;56.179442;0.276668;9.392524;13.354921;135.900178;4.517647;1.941296;2.988823;2.400443;40.243586;0.122676;3.887221;6.449092;28.906536;0.000000;3.786857;17.130212;1.800226;2.285843;0.424935;3.360261;2.857442;0.389057;0.345171;0.591336;-1.307112;-0.111522;0.501961;554.629644;135.400332;796.778877;-0.082637;3.809600;1.357100;-3.063000;-3.773600;-0.717900;1.605368;1.631468;0.641184;406.200996;1.605368;1.631468;0.641184;-0.613686;0.177982;-0.161741;3.046186;3.036743;3.185254;-0.082637;3.809600;1.357100;-3.063000;-3.773600;-0.717900;149.764907;56.179442;40.243586
-1.626498;-1.725700;0.568857;0.323598;1.723106;0.195839;0.213598;-0.333475;0.682250;0.000000;6.023529;0.355200;2.758620;0.783300;0.877695;1.637930;2.682815;1.815592;0.732926;-0.176211;0.738695;1.859584;7.529412;9.537255;0.933383;9.534300;0.410033;0.495190;0.474659;0.225301;0.627238;0.215817;-1.094552;1.638808;0.499525;5.019608;12.549020;0.259275;2.641500;-0.528670;0.532498;-0.261487;165.902760;0.371963;6.471385;22.799799;286.361778;0.000000;6.573976;42.985784;0.353455;79.896624;0.172028;12.512309;15.316204;199.406731;0.000000;2.163949;5.545252;2.525682;41.823379;0.308418;3.941957;6.376813;28.652396;0.000000;4.265391;21.478619;1.726177;2.406032;0.869907;3.620147;2.829407;0.319270;-0.172948;0.766788;-1.630254;1.088551;0.501961;634.842519;171.473635;1009.056391;-0.304380;5.760700;1.357100;-3.063000;-3.773600;-1.284400;1.723106;1.815592;0.627238;514.420905;1.723106;1.815592;0.627238;-0.497464;0.145205;-0.205308;3.036900;2.907328;2.887084;-0.304380;5.760700;1.357100;-3.063000;-3.773600;-1.284400;165.902760;79.896624;41.823379
36.517223;8.680100;46.008145;2116.749413;58.738888;3.665271;1.155975;0.220443;52.814500;1.491262;1.491262;10.363300;157.173500;-5.206669;-4.305100;37.184022;1382.651498;37.546783;8.958617;0.876730;2.629287;18.314525;5.467961;5.467961;7.518400;221.958000;21.413037;0.673480;27.617017;762.699648;34.945927;2.557866;0.909897;-0.299685;42.078415;1.988350;2.485437;5.142820;97.683700;0.148495;0.940123;0.034340;3761.273990;4.712301;230.640993;659.389656;246363.876619;0.000000;4.216612;17.667770;1.134519;1383.800536;8.068214;239.630017;298.583391;73998.820379;0.994175;2.033728;3.860584;2.508853;2205.542780;9.381382;155.553026;383.604578;86506.400363;0.000000;4.262910;18.042996;1.205262;55.468110;3004.524498;83.607688;2879.142736;1364.768957;0.753300;10.230342;19.609837;-0.238525;0.000000;471634.264526;135623.032453;805913.789002;154.230000;140.480000;89.412000;-2.943500;-81.478000;-8.271700;58.738888;37.546783;34.945927;406869.097360;58.738888;37.546783;34.945927;256.530676;1206.238228;35.609870;2.365689;2.444538;2.395566;154.230000;140.480000;89.412000;-2.943500;-81.478000;-8.271700;3761.273990;1383.800536;2205.542780
20.624178;14.194000;60.756704;3691.377033;64.161778;4.871478;0.595306;-0.751289;85.628750;0.501961;1.003922;44.694500;212.378000;22.407162;32.656000;52.253215;2730.398514;56.854898;12.171404;-0.412075;-0.518876;73.095500;4.517647;3.513725;37.366450;247.820000;18.192003;10.787900;31.446842;988.903874;36.329779;3.621771;0.604168;-0.770580;51.974125;1.003922;2.007843;24.218500;108.216000;-0.402550;0.945818;-0.533700;4042.294681;2.011203;209.712768;640.631132;231648.627684;0.501961;4.678169;23.206561;1.001917;2644.586265;20.427201;309.949800;526.827439;190470.916804;0.501961;2.981995;8.919380;1.929438;2056.294561;0.888690;142.971093;380.398406;84190.896137;0.501961;4.220885;17.257315;1.161361;85.390542;1377.521325;128.797539;5516.267644;1904.313566;0.230124;33.316705;47.414657;0.888851;0.501961;814006.198905;168770.146875;993147.402765;154.230000;140.480000;89.412000;-58.148000;-107.340000;-18.804000;64.161778;56.854898;36.329779;506310.440626;64.161778;56.854898;36.329779;-1290.643747;1824.978624;-885.657929;3.009324;3.046767;2.927630;154.230000;140.480000;89.412000;-58.148000;-107.340000;-18.804000;4042.294681;2644.586265;2056.294561
-16.272504;-3.681400;19.332796;373.757012;25.269575;1.715115;-0.521485;-1.035775;32.629667;2.509804;1.003922;4.912905;82.644000;21.440842;4.528250;41.031564;1683.589281;46.295777;5.608130;-0.371787;0.606772;54.999263;3.011765;1.003922;10.737150;203.740000;-3.579658;-4.602950;9.734829;94.766893;10.372118;1.785001;1.244813;3.274421;11.901175;2.007843;2.007843;6.067550;59.586000;-0.697554;0.657710;-0.729797;1659.795420;5.846797;110.625287;279.524598;46071.977130;0.000000;4.369615;19.266617;1.162552;2186.965890;7.561952;237.737085;451.553845;132763.033313;0.000000;3.338220;10.797687;1.703389;437.517028;2.962110;69.417488;85.002389;6140.177258;0.501961;2.792750;7.809625;2.342457;39.804783;1305.010485;57.771129;1959.473876;174.898920;-0.606692;28.143203;-24.455345;1.736226;0.000000;228180.757573;61658.395900;362835.945105;24.496000;96.400000;40.782000;-58.148000;-107.340000;-18.804000;25.269575;46.295777;10.372118;184975.187701;25.269575;46.295777;10.372118;-558.816507;125.007553;-294.392700;2.520254;2.369267;2.723685;24.496000;96.400000;40.782000;-58.148000;-107.340000;-18.804000;1659.795420;2186.965890;437.517028
-0.902316;-0.741040;1.533058;2.350267;1.778888;0.390769;-0.255691;-1.041970;2.614372;4.517647;5.521569;1.300560;5.837100;0.048628;-0.337235;3.016795;9.101055;3.017187;0.930025;1.512834;4.792575;2.891938;6.525490;6.525490;1.541185;21.474300;0.160818;-0.133840;4.400095;19.360839;4.403033;0.673559;0.613904;1.418935;3.817300;3.513725;3.513725;1.959840;23.104000;-0.454230;-0.427623;-0.100978;92.036260;1.394990;9.951662;17.292756;202.940182;0.000000;3.753454;13.845196;1.666083;85.047079;4.960007;24.093151;18.191887;464.647863;0.501961;1.368049;1.085164;3.149390;220.520459;4.124208;22.454364;37.922237;990.189384;1.505882;3.675213;14.204882;1.738229;4.493837;11.459991;6.616177;20.125253;9.774705;-0.202062;0.784506;-0.970060;0.293635;0.000000;2645.048501;552.592476;3251.794186;1.717400;15.047000;12.618000;-4.119700;-6.427300;-10.486000;1.778888;3.017187;4.403033;1657.777428;1.778888;3.017187;4.403033;-2.121579;-2.913135;-1.353676;3.188595;2.550774;2.862023;1.717400;15.047000;12.618000;-4.119700;-6.427300;-10.486000;92.036260;85.047079;220.520459
-0.962650;-1.011600;1.168896;1.366318;1.514270;0.298674;-0.007770;-0.382743;1.528070;4.473786;3.479612;0.779160;5.237400;-0.813735;-0.797130;1.075212;1.156082;1.348424;0.511564;-0.100637;-0.432207;1.520896;7.953398;10.935922;0.772570;4.906000;0.159055;0.167720;1.256935;1.579886;1.266959;0.273056;-0.102258;0.219115;1.187110;6.462136;5.467961;0.591080;5.889900;-0.492167;-0.292097;-0.039434;99.152957;0.418202;8.172124;16.175833;165.814965;0.000000;3.985020;17.642030;1.523984;83.814699;0.298557;8.014038;13.740486;127.741165;0.000000;3.555854;15.568320;1.851225;59.058240;0.304217;6.905670;10.892048;83.969895;0.994175;3.517748;13.008947;1.878375;2.192813;0.908016;3.275003;2.106399;1.499524;0.407979;0.883347;-0.998673;-1.377767;1.491262;542.030948;125.842008;747.791934;1.717400;1.358700;2.989500;-3.520000;-3.547300;-2.900400;1.514270;1.348424;1.266959;377.526025;1.514270;1.348424;1.266959;-0.624626;-0.433364;-0.053816;3.174081;3.122979;2.982273;1.717400;1.358700;2.989500;-3.520000;-3.547300;-2.900400;99.152957;83.814699;59.058240
-0.780309;-0.800500;0.713069;0.508467;1.057048;0.245038;0.108734;-0.542794;1.020625;4.473786;6.959223;0.515840;3.159920;-0.262252;-0.389580;1.093236;1.195166;1.124252;0.462465;0.172352;-0.807785;1.640525;7.456311;8.450485;0.894100;4.577800;0.538250;0.336280;1.239757;1.536998;1.351559;0.308954;0.307531;-0.583955;1.775625;5.965049;5.467961;0.859020;5.426600;-0.311026;0.350512;-0.265666;80.371847;0.196275;5.320044;12.156867;88.900958;0.000000;4.824838;25.598496;1.178546;32.152633;0.770619;7.747173;8.713861;68.634985;1.491262;1.417031;0.836683;2.748385;55.439754;0.081414;7.290264;12.757259;108.995839;0.000000;2.487095;5.323302;2.036417;1.917866;0.529793;2.900097;1.895198;0.979381;0.278634;0.742535;-0.894547;-0.453381;0.994175;406.139928;88.843927;527.937953;0.834420;2.239100;3.386900;-2.325500;-2.338700;-2.039700;1.057048;1.124252;1.351559;266.531782;1.057048;1.124252;1.351559;-0.244838;0.312902;-0.363599;3.145381;3.214458;3.097752;0.834420;2.239100;3.386900;-2.325500;-2.338700;-2.039700;80.371847;32.152633;55.439754
-0.875747;-0.804080;0.729914;0.532774;1.140047;0.221056;-0.069900;-0.304060;1.013187;2.509804;7.529412;0.476265;3.289420;0.211910;0.286570;1.032422;1.065896;1.053946;0.359261;-0.184040;-0.686148;1.396853;5.521569;4.517647;0.708455;4.365400;0.258761;0.131752;1.333919;1.779339;1.358785;0.317752;0.251171;-0.838673;2.204457;3.513725;3.513725;1.071802;5.444700;-0.612982;0.606766;-0.435417;89.326201;0.349782;6.287345;12.936111;105.465011;0.000000;5.196771;29.837452;1.204103;40.613575;0.259142;6.527184;8.547565;58.966465;1.003922;1.925673;3.493410;2.487937;59.765330;0.352585;6.645884;12.134190;97.579706;2.007843;2.906532;7.841506;1.855311;1.942637;0.482967;2.983504;2.437926;0.751863;0.210709;0.263971;-0.761571;0.686186;0.501961;409.577731;87.337061;513.945011;0.834420;2.455400;3.386900;-2.455000;-1.910000;-2.057800;1.140047;1.053946;1.358785;262.011182;1.140047;1.053946;1.358785;-0.466504;0.596624;-0.605579;3.064054;3.178435;3.173461;0.834420;2.455400;3.386900;-2.455000;-1.910000;-2.057800;89.326201;40.613575;59.765330
-1.525303;-1.487450;0.721226;0.520167;1.687221;0.180929;-0.103483;-0.688080;1.029200;0.000000;4.517647;0.494960;3.012039;0.459908;0.566660;0.782473;0.612263;0.907623;0.255072;-0.590052;0.541571;0.894876;4.015686;6.023529;0.415295;4.075100;0.376985;0.325565;1.070771;1.146551;1.135196;0.263616;-0.106746;-0.576811;1.611660;4.517647;3.513725;0.721375;4.622600;-0.373994;0.293052;-0.488927;155.580871;0.275063;6.749895;21.725964;263.863600;0.000000;6.216875;39.400448;0.520197;46.910644;0.285761;5.306913;8.684103;52.803951;0.000000;2.956057;9.324382;1.987384;47.726748;0.281185;6.467508;10.067627;72.996674;2.007843;2.591021;6.126274;2.105613;2.130509;0.420096;3.205269;1.478576;0.488421;0.135114;0.427118;-1.322524;0.884161;0.000000;484.424810;129.888075;764.341365;-0.027661;2.455400;2.564800;-3.039700;-1.619700;-2.057800;1.687221;0.907623;1.135196;389.664225;1.687221;0.907623;1.135196;-0.213149;0.228556;-0.413703;3.141937;2.919885;3.195889;-0.027661;2.455400;2.564800;-3.039700;-1.619700;-2.057800;155.580871;46.910644;47.726748
-1.486440;-1.461500;0.792313;0.627759;1.684418;0.221314;0.421255;0.569759;0.819150;2.007843;5.521569;0.372450;4.087800;0.279295;0.377625;0.763653;0.583165;0.813124;0.321769;-0.532542;0.275738;0.966175;4.517647;7.529412;0.461525;3.967200;0.576457;0.340175;0.824119;0.679173;1.005721;0.263699;0.692562;-0.518590;1.192053;9.035294;4.517647;0.501175;3.346670;-0.361406;0.132669;0.008421;151.616870;0.190622;7.235559;21.272975;257.396317;0.000000;6.061973;37.882156;0.627413;28.488089;0.424616;5.684406;6.453736;37.706719;0.000000;1.801849;2.843324;2.660056;58.798567;0.318415;5.696297;10.099477;68.541728;0.000000;3.569898;13.973345;1.742671;2.015995;0.445674;2.932810;0.856613;0.675736;0.083447;0.881836;-1.586500;0.451173;0.000000;437.281471;121.214921;713.303189;1.048100;1.972200;2.564800;-3.039700;-1.995000;-0.781870;1.684418;0.813124;1.005721;363.644763;1.684418;0.813124;1.005721;-0.220834;0.087485;0.005352;2.931740;3.029658;3.122979;1.048100;1.972200;2.564800;-3.039700;-1.995000;-0.781870;151.616870;28.488089;58.798567
6.301207;0.771345;37.216719;1385.084203;37.746383;2.899181;0.445180;-0.869508;54.092000;0.501961;1.003922;24.085345;131.330000;25.423201;18.802000;34.240103;1172.384659;42.646498;5.690697;1.416361;2.335555;47.800725;1.505882;3.513725;21.927450;171.166000;17.965055;17.766500;16.858984;284.225343;24.636731;2.325813;-0.290977;-0.254567;25.461725;1.003922;2.007843;12.961250;74.974000;-0.510791;0.014350;-0.063867;2516.364794;0.705206;107.509455;367.352438;74689.382613;0.501961;5.565667;32.780584;0.704972;2593.166470;15.407917;217.094928;446.628575;125721.364483;0.000000;3.642370;14.438505;1.584525;1832.435560;1.609209;105.129018;286.282837;47416.849018;0.000000;4.900518;24.737903;0.972699;54.270482;905.196521;80.852174;1958.036266;626.815235;-0.569351;20.917198;19.358078;0.955628;0.501961;346587.420600;82609.198705;486123.361607;80.388000;146.790000;47.682000;-50.942000;-24.376000;-27.292000;37.746383;42.646498;24.636731;247827.596114;37.746383;42.646498;24.636731;-657.348000;9.092974;-37.232559;3.187760;2.738024;3.022336;80.388000;146.790000;47.682000;-50.942000;-24.376000;-27.292000;2516.364794;2593.166470;1832.435560
-11.878219;-5.592900;16.129921;260.174350;20.031636;1.749496;-1.033090;0.027994;21.804740;2.485437;0.994175;8.432500;57.623700;13.159357;12.266000;48.160480;2319.431878;49.925951;6.660613;0.220476;0.162043;54.845750;2.485437;2.485437;30.289000;217.634000;11.960673;7.825000;17.645414;311.360627;21.317090;2.383503;0.331596;-0.240137;17.079700;1.988350;1.491262;7.693320;74.974000;-0.687409;-0.425806;0.071176;1223.456570;1.395063;78.503285;221.727353;27931.464237;0.000000;4.191990;17.228319;1.152459;2628.325744;10.419112;223.277385;471.255029;137287.115103;0.497087;3.343462;11.988339;1.649484;1231.949370;6.044009;96.850649;227.086445;30770.016475;0.000000;3.708564;13.618225;1.418716;48.618303;984.545950;68.445719;2477.300591;358.664179;-0.629671;32.115950;-18.153861;0.833080;0.000000;294169.272378;65329.531938;388208.180171;6.681700;146.790000;47.682000;-50.942000;-70.844000;-27.292000;20.031636;49.925951;21.317090;195988.595815;20.031636;49.925951;21.317090;-539.231907;-122.380720;61.079427;2.900002;2.917868;2.909186;6.681700;146.790000;47.682000;-50.942000;-70.844000;-27.292000;1223.456570;2628.325744;1231.949370
-0.473355;-0.802760;2.751735;7.572043;2.792151;0.736472;-0.024119;0.556204;2.686975;5.965049;5.965049;1.224240;14.451200;-9.994976;-0.680580;27.162046;737.776720;28.942638;3.500883;-0.924078;0.140039;20.533750;3.479612;2.982524;9.000880;113.399000;1.749208;1.197100;5.391617;29.069532;5.668268;1.019007;-1.629007;5.071698;4.736275;5.965049;4.970874;2.148850;32.472000;-0.068703;0.378203;-0.618912;102.302198;0.201860;15.475954;24.054721;413.038901;0.994175;2.346865;4.593388;2.180914;1084.296307;12.035131;143.151341;274.133985;48285.154447;1.491262;2.726244;6.068948;1.853028;194.340983;7.853979;37.288279;46.895620;1812.232764;0.497087;2.270931;4.039577;2.401492;19.975147;478.595127;24.673822;756.575646;19.853638;-0.051646;16.911501;-0.469376;-1.397542;0.000000;65745.319237;16836.808704;100049.497875;6.681700;42.555000;10.802000;-7.769500;-70.844000;-21.670000;2.792151;28.942638;5.668268;50510.426112;2.792151;28.942638;5.668268;-5.185403;5.666140;-91.526624;2.961895;2.825379;2.574058;6.681700;42.555000;10.802000;-7.769500;-70.844000;-21.670000;102.302198;1084.296307;194.340983
-0.896817;-0.829215;1.173724;1.377629;1.477129;0.475254;-1.133883;3.453163;1.165167;6.023529;9.035294;0.587090;7.810300;0.426382;1.362050;7.863779;61.839014;7.875330;1.606306;-0.714154;4.343570;4.097615;4.517647;4.517647;2.047060;52.857000;-0.035690;0.174820;3.219604;10.365850;3.219802;0.822679;-1.456523;3.591745;2.129787;8.031373;8.031373;1.246600;18.534600;0.717752;-0.367845;-0.406204;91.475364;0.364973;9.208750;14.626662;152.298988;0.000000;3.803657;17.308476;1.858964;309.600023;1.810141;41.512960;67.083584;3172.781585;2.007843;2.576509;5.908800;2.069583;100.680184;0.108821;16.646088;27.572327;528.832585;2.007843;2.063094;2.883127;2.204526;5.930287;39.401544;7.925250;65.182012;8.471785;-0.164705;1.079263;-1.100279;1.654306;0.000000;5596.876767;1284.637719;7559.598886;1.885000;25.385000;6.856600;-5.925300;-27.472000;-11.678000;1.477129;7.875330;3.219802;3853.913158;1.477129;7.875330;3.219802;6.690379;-1.403822;-10.386211;2.730221;2.301064;2.578437;1.885000;25.385000;6.856600;-5.925300;-27.472000;-11.678000;91.475364;309.600023;100.680184
-0.954832;-0.979545;0.655667;0.429899;1.158276;0.256054;0.189006;0.015702;0.759375;3.011765;9.035294;0.391545;3.371050;0.065667;0.872225;2.913830;8.490407;2.914570;0.651577;-0.173247;-1.150554;5.338150;3.011765;3.011765;2.195450;11.181000;0.163398;0.817385;2.963334;8.781351;2.967836;0.579450;-2.362526;6.038175;1.657139;6.023529;4.015686;0.816634;16.615300;0.333185;-0.208417;-0.180249;97.392899;0.370531;6.102759;13.717896;114.922212;0.000000;5.746553;34.860608;0.947051;181.467618;0.405646;12.806376;26.195990;433.452197;0.501961;5.201346;30.179174;1.230568;106.381976;0.466067;14.104900;26.171620;450.616649;0.501961;2.074394;2.911886;2.120044;3.760298;4.504532;5.445529;10.354588;7.148537;0.239097;1.041193;-0.888229;0.382131;1.505882;1671.997839;332.997019;1959.559382;0.614850;5.556700;4.937300;-2.756200;-5.624300;-11.678000;1.158276;2.914570;2.967836;998.991058;1.158276;2.914570;2.967836;0.642853;-0.408956;-1.571796;2.982251;3.211473;2.370297;0.614850;5.556700;4.937300;-2.756200;-5.624300;-11.678000;97.392899;181.467618;106.381976
-1.185025;-1.194150;0.468559;0.219548;1.274297;0.201998;0.504489;0.225851;0.583947;1.003922;9.537255;0.290230;2.284840;-0.158714;-0.311425;3.102325;9.624420;3.106382;0.558056;0.736380;0.551331;3.938350;4.517647;4.517647;1.687525;14.096900;0.462281;0.222990;1.030558;1.062050;1.129493;0.262216;0.527867;0.199048;1.586293;7.529412;4.517647;0.611315;5.205800;0.335266;0.113588;-0.448852;120.872556;0.295007;5.364625;16.557521;154.435261;0.000000;6.536863;42.563089;0.432728;177.797916;0.275325;13.536793;28.011664;493.438237;0.501961;4.264745;20.646154;1.437861;56.572997;0.127914;6.386914;10.404765;75.987202;0.501961;3.360137;12.079718;1.890078;3.069031;3.130245;4.395334;9.979445;0.863052;0.648264;1.270200;-1.283988;-0.330718;1.003922;1120.388461;241.286900;1419.880603;0.272540;8.472600;3.341600;-2.012300;-5.624300;-1.864200;1.274297;3.106382;1.129493;723.860700;1.274297;3.106382;1.129493;0.492176;0.055392;-1.449246;3.025444;2.989395;2.945882;0.272540;8.472600;3.341600;-2.012300;-5.624300;-1.864200;120.872556;177.797916;56.572997
-1.262808;-1.387300;0.502666;0.252673;1.359175;0.230305;0.763575;0.596430;0.606150;1.329870;11.968831;0.285500;2.490240;1.559136;0.940820;2.521806;6.359508;2.964863;0.563466;1.090561;0.493251;2.687920;7.979221;3.989610;1.277250;10.279200;-0.124795;-0.165990;0.600814;0.360977;0.613638;0.271456;-0.133879;1.131316;0.638310;9.974026;11.303896;0.330130;3.251300;0.591044;0.010584;0.021161;97.236226;0.321348;5.288216;15.286401;132.518598;0.000000;5.580766;30.577510;0.418456;120.053457;0.200924;13.319360;25.991510;432.020697;0.000000;2.754048;7.042667;1.589288;14.989872;0.419369;3.752532;3.965478;15.096805;4.654545;1.476809;1.097275;2.502745;2.753025;3.435173;3.777961;6.535126;0.365557;0.612709;0.716219;-0.979157;1.650667;1.994805;715.848544;193.212034;1144.409737;0.272540;8.472600;1.387100;-2.217700;-1.806600;-1.864200;1.359175;2.964863;0.613638;579.636101;1.359175;2.964863;0.613638;0.759081;0.003238;0.032484;2.952727;3.022611;2.844058;0.272540;8.472600;1.387100;-2.217700;-1.806600;-1.864200;97.236226;120.053457;14.989872
-3.488904;-0.669840;24.161111;583.759269;24.411713;3.240506;-0.018092;3.002262;11.970650;4.473786;2.982524;6.363440;148.657000;6.536844;0.921790;30.877148;953.398261;31.561505;6.449390;1.431895;1.923323;25.154000;4.970874;6.959223;12.567790;143.944000;-1.921321;-1.599100;20.042397;401.697674;20.134278;2.707573;0.421624;1.387419;16.159050;2.485437;3.479612;7.787000;109.316000;-0.877318;0.863804;-0.739432;889.446372;39.272058;152.368533;197.018534;31317.364850;1.491262;2.331700;4.551111;2.359087;1201.894935;4.984917;159.576522;283.740959;53501.234076;0.994175;2.403546;4.907603;2.054362;909.374714;34.243676;121.390051;164.300373;21067.652175;1.491262;3.268868;11.293041;2.114637;31.282469;1018.856576;49.533106;1751.938493;157.402058;-0.476323;14.384600;-6.020406;1.856668;0.000000;153266.180381;35295.417033;209736.228141;85.083000;102.210000;69.080000;-63.574000;-41.734000;-40.236000;24.411713;31.561505;20.134278;105886.251100;24.411713;31.561505;20.134278;-660.919195;422.395253;-462.085502;2.450627;2.868888;2.639431;85.083000;102.210000;69.080000;-63.574000;-41.734000;-40.236000;889.446372;1201.894935;909.374714
1.516639;0.976590;6.117850;37.428085;6.303037;1.191067;0.596932;1.249977;5.006350;5.965049;5.965049;2.493890;31.886000;-5.123580;-3.223000;10.747514;115.509052;11.906306;3.583104;-0.839882;1.013776;12.886000;5.965049;4.970874;6.050000;53.894000;-1.660317;-1.448600;4.479181;20.063062;4.776998;0.857907;0.023890;-0.011220;3.801519;1.988350;5.965049;2.154800;20.247600;-0.460242;0.406341;0.233256;332.608147;1.028026;30.473274;57.954186;2164.466217;0.994175;3.450054;12.955216;1.701238;527.728700;5.343129;75.742903;106.779068;8652.576186;0.000000;2.332462;5.590480;2.315777;174.693475;1.880454;26.718998;43.533095;1317.182809;0.994175;2.443924;4.899236;2.092543;11.470847;72.727790;16.492343;127.575384;38.327392;0.502888;5.618107;2.913455;-1.884172;0.000000;17298.254306;4044.741737;24035.099938;18.862000;15.802000;8.763600;-13.024000;-38.092000;-11.484000;6.303037;11.906306;4.776998;12134.225211;6.303037;11.906306;4.776998;-30.558341;11.244112;11.339066;2.828927;2.921381;3.016260;18.862000;15.802000;8.763600;-13.024000;-38.092000;-11.484000;332.608147;527.728700;174.693475
0.775078;0.551840;3.766739;14.188320;3.845655;0.841932;1.182992;3.364894;2.188355;5.521569;5.521569;1.220260;21.328700;-2.478230;0.146870;11.955104;142.924520;12.209265;2.247622;-2.237477;6.460901;7.972475;6.525490;2.509804;3.212900;69.427000;0.105121;-0.718685;6.302947;39.727139;6.303823;1.167009;0.241238;0.406171;7.544300;2.509804;2.509804;3.688950;31.290000;-0.767766;-0.470687;0.675483;138.687478;1.494784;21.920921;32.544175;784.919664;2.007843;1.804987;2.366747;2.401672;373.456195;1.208873;67.608547;104.672212;7915.821089;1.505882;1.654483;1.394987;2.417768;228.525512;4.719881;32.370656;54.118460;2027.320434;2.007843;2.576692;5.574463;2.022793;10.035717;102.877782;14.400534;173.821841;19.581184;0.612475;4.264632;0.750275;-1.528404;0.501961;15519.887291;3576.020396;21043.504636;15.380000;14.865000;16.668000;-5.948700;-54.562000;-14.622000;3.845655;12.209265;6.303823;10728.061187;3.845655;12.209265;6.303823;-34.916146;-11.285481;51.403175;2.623507;2.496195;2.908043;15.380000;14.865000;16.668000;-5.948700;-54.562000;-14.622000;138.687478;373.456195;228.525512
-0.189888;0.429590;5.218500;27.232746;5.221954;0.930721;-0.225656;1.365677;4.437600;4.015686;3.011765;2.569350;29.786000;-2.130080;0.418525;13.256263;175.728517;13.426308;2.252306;-1.500078;3.158694;18.194375;5.019608;2.007843;8.682725;69.427000;-0.564749;-1.288050;6.663532;44.402653;6.687421;1.286709;0.457964;-0.008423;9.137850;3.011765;4.015686;4.569200;31.290000;-0.649502;-0.229562;0.619224;230.495825;3.700674;28.272964;43.960549;1392.728448;1.003922;2.689995;7.497483;2.096261;472.321928;12.397291;79.096520;110.602320;9425.832339;0.501961;2.150867;4.004360;2.349748;258.249113;3.149617;32.282708;58.854254;2297.174628;1.505882;2.629070;6.122616;1.950453;12.912245;85.530082;18.606581;208.854237;29.259128;0.340342;0.805733;0.352195;-1.829964;0.000000;21369.640350;4371.911805;25727.019469;15.380000;14.865000;16.668000;-14.406000;-54.562000;-14.622000;5.221954;13.426308;6.687421;13115.735416;5.221954;13.426308;6.687421;-45.376017;-8.061744;55.239828;2.696084;2.675151;3.083316;15.380000;14.865000;16.668000;-14.406000;-54.562000;-14.622000;230.495825;472.321928;258.249113
-0.840100;-0.749115;7.428925;55.188932;7.476276;1.905288;0.078739;-0.419705;10.709175;5.521569;6.525490;5.278450;32.999000;-2.600110;-6.501950;13.419193;180.074739;13.668771;4.645520;0.013543;-0.886017;22.889725;6.023529;6.023529;10.908050;57.512000;-1.248473;-1.190850;4.805801;23.095722;4.965320;1.303885;-0.087296;0.614031;4.855950;5.521569;5.521569;2.475500;25.345700;-0.722662;0.339993;-0.092249;232.555929;9.394378;46.390731;59.257700;2887.312736;1.003922;1.921124;2.798440;2.489720;466.102424;6.270599;85.759740;109.608071;9874.219929;3.011765;1.504562;1.549962;2.631443;176.064257;6.942133;33.127717;39.058742;1337.231473;2.509804;2.067629;3.603203;2.539542;15.069112;40.306272;21.742385;215.658403;31.272960;0.144051;2.309552;-0.762432;-2.018448;1.505882;25217.590670;4699.588046;27655.268118;18.380000;24.584000;9.707700;-14.619000;-32.928000;-15.638000;7.476276;13.668771;4.965320;14098.764138;7.476276;13.668771;4.965320;-72.755582;12.258597;-6.008058;3.085793;3.061951;2.961181;18.380000;24.584000;9.707700;-14.619000;-32.928000;-15.638000;232.555929;466.102424;176.064257
-0.824494;-1.014600;6.591155;43.443319;6.642523;1.654874;0.258409;0.553466;5.789050;4.473786;5.965049;3.118100;32.999000;0.392070;0.386660;11.119319;123.639251;11.126229;4.261555;-0.447471;1.118338;10.966850;8.450485;7.456311;5.452160;57.512000;0.519568;0.704920;5.208145;27.124770;5.233997;1.333091;-0.336455;1.414803;3.764950;5.965049;4.970874;1.921120;28.957000;-0.792472;0.382872;-0.376574;224.885080;0.153065;34.698414;58.020225;2307.349274;2.982524;1.926175;2.699985;2.288919;337.462069;1.752772;68.567286;89.119478;6383.254523;3.479612;1.417292;0.822208;2.631813;190.246192;0.809552;28.353068;44.924004;1424.730638;0.994175;2.084833;3.541451;2.259330;10.940443;75.617518;16.203274;160.576045;22.676410;-0.024046;0.346953;-0.559341;0.646444;0.000000;16222.710306;3371.778145;20036.143209;18.380000;24.584000;13.319000;-14.619000;-32.928000;-15.638000;6.642523;11.126229;5.233997;10115.334436;6.642523;11.126229;5.233997;-58.649022;13.271967;-22.021560;2.887367;2.845544;2.777942;18.380000;24.584000;13.319000;-14.619000;-32.928000;-15.638000;224.885080;337.462069;190.246192
-1.184368;-1.033300;3.057253;9.346793;3.278646;0.558387;-1.633066;4.682356;3.635200;2.659740;3.989610;1.932000;17.775500;1.132931;0.363300;4.104634;16.848022;4.258116;1.271967;3.074792;12.957706;2.349960;7.979221;8.644156;1.187400;28.834500;1.088629;0.667360;4.097261;16.787544;4.239417;0.750667;0.431004;3.494217;1.420939;5.984416;6.649351;0.723640;24.620000;-0.647650;0.248993;-0.299539;106.742464;4.707677;18.189216;24.349107;467.861531;0.664935;2.618658;5.887811;1.959435;100.302300;11.256408;30.552025;23.288824;747.480854;5.319481;1.345268;0.887744;2.853282;109.591992;4.122058;23.459505;30.097971;737.574209;3.324675;1.563403;0.970045;2.282971;4.616877;25.538183;7.067527;26.240877;13.106791;-0.722778;1.909485;-1.311443;0.805337;0.000000;2624.517406;650.972198;3855.758402;3.320500;23.769000;13.319000;-14.455000;-5.065500;-11.301000;3.278646;4.258116;4.239417;1952.916593;3.278646;4.258116;4.239417;-8.234237;3.160014;-5.103852;2.601144;2.177336;2.188076;3.320500;23.769000;13.319000;-14.455000;-5.065500;-11.301000;106.742464;100.302300;109.591992
23.185736;3.560600;43.494992;1891.814305;49.288870;3.153619;1.062028;-0.046973;44.339450;0.994175;1.988350;16.434400;156.661000;9.708900;0.850970;24.710214;610.594665;26.549151;4.667508;0.128516;-1.032761;39.244850;4.970874;2.485437;18.468030;93.584000;12.613071;1.802200;25.367740;643.522245;28.330404;2.140073;0.499017;-0.571991;28.995550;3.479612;0.994175;17.106800;95.133000;-0.303731;0.858300;-0.133889;2628.821329;12.648192;182.018430;519.161695;152799.008157;0.497087;3.847311;13.770687;1.220162;1125.212108;4.466089;130.040439;254.179901;41154.687021;1.491262;2.941038;7.845531;1.797752;1626.051057;2.932910;108.483176;293.826797;49527.620104;0.497087;4.097268;16.276769;1.181483;48.738445;1561.425840;72.429258;2483.966799;572.883750;0.572596;15.286221;21.783125;0.656021;0.000000;325083.342060;81160.438427;482280.297577;122.540000;54.846000;66.552000;-34.121000;-38.738000;-28.581000;49.288870;26.549151;28.330404;243481.315282;49.288870;26.549151;28.330404;-329.641080;956.306198;-84.749835;2.875992;3.105672;2.862851;122.540000;54.846000;66.552000;-34.121000;-38.738000;-28.581000;2628.821329;1125.212108;1626.051057
16.786738;-4.687350;46.894986;2199.139675;49.808978;3.612782;1.076700;-0.125129;50.252750;1.505882;1.505882;20.195650;157.088000;7.501414;8.229200;20.648856;426.375240;21.969216;4.089409;0.283971;-0.588835;28.542550;4.517647;4.015686;15.370600;84.464000;7.042573;-2.806100;28.365852;804.621534;29.227031;2.745414;0.623288;-0.907414;44.249250;1.505882;1.505882;18.104900;95.133000;-0.385957;0.863926;-0.255826;2313.920083;27.583223;206.777075;483.359292;140906.217017;0.501961;3.357378;9.998384;1.481332;958.627600;5.978166;112.095977;203.340927;27485.079491;0.501961;2.753407;7.103666;1.931905;1372.154966;34.994245;151.284833;259.901470;46104.563666;1.003922;3.152991;9.707467;1.838259;50.870066;1230.036440;76.597232;2939.064021;378.433860;0.691331;18.188877;34.067437;0.816936;0.000000;326689.931251;71498.620058;420741.879573;122.540000;54.846000;66.552000;-34.548000;-29.618000;-28.581000;49.808978;21.969216;29.227031;214495.860175;49.808978;21.969216;29.227031;-377.432791;1160.586425;-151.326499;2.967402;3.172147;3.087011;122.540000;54.846000;66.552000;-34.548000;-29.618000;-28.581000;2313.920083;958.627600;1372.154966
-1.715728;-2.455700;14.374740;206.633139;14.476770;1.635858;0.281900;0.746296;11.906225;2.007843;2.007843;6.017850;69.664000;0.129091;-0.645510;8.744801;76.471546;8.745754;2.230147;0.283798;0.195410;5.264200;6.525490;6.525490;2.896690;41.492000;1.170159;0.637500;16.791279;281.947038;16.832003;1.979708;0.980102;0.695315;20.403075;2.007843;3.011765;8.569100;67.426000;0.009081;0.878506;0.314916;648.713055;13.930727;69.340661;128.274206;10839.654441;1.003922;3.561472;12.453779;1.653700;364.468264;1.534862;49.088809;72.420080;3902.232510;0.501961;2.759173;7.887068;2.145669;865.275428;6.208898;69.709803;153.692700;14519.675837;1.003922;3.663941;14.011684;1.500889;18.518202;226.457594;28.991974;467.639558;88.078062;0.326159;2.294008;-2.957020;0.109875;0.000000;46529.372715;9753.854262;57397.680852;35.116000;19.851000;46.277000;-34.548000;-21.641000;-21.149000;14.476770;8.745754;16.832003;29261.562787;14.476770;8.745754;16.832003;1.152785;214.144648;46.698937;2.955895;2.777656;2.839384;35.116000;19.851000;46.277000;-34.548000;-21.641000;-21.149000;648.713055;364.468264;865.275428
0.108578;0.031156;3.481843;12.123234;3.483536;0.606333;0.338610;-0.740345;5.194350;3.011765;3.011765;2.402594;13.156100;-1.534203;-1.043250;2.349202;5.518749;2.805802;0.860397;-1.171465;2.128098;2.798764;6.023529;5.521569;1.243260;14.488000;1.653778;2.134700;4.792215;22.965320;5.069547;0.768317;-1.403265;3.826505;5.061298;2.509804;3.513725;2.544140;28.298200;-0.302874;0.521696;0.214277;130.742752;0.659554;15.011824;31.462127;619.524080;2.007843;2.933873;7.277295;1.711159;156.488670;1.901361;19.755824;25.168489;521.909424;0.000000;3.419000;14.496543;2.209705;187.491755;9.907624;33.786174;41.280328;1450.683241;1.505882;2.292025;4.407371;2.432863;5.885937;11.063602;8.747727;28.112497;9.936963;0.194514;2.434058;0.702495;-0.747908;1.003922;4098.430136;864.038915;5084.536692;7.753500;3.458000;9.812200;-5.402600;-11.030000;-18.486000;3.483536;2.805802;5.069547;2592.116745;3.483536;2.805802;5.069547;-2.501905;8.791075;2.436193;3.217124;2.781943;2.787700;7.753500;3.458000;9.812200;-5.402600;-11.030000;-18.486000;130.742752;156.488670;187.491755
-0.539314;-0.712630;2.407149;5.794367;2.466825;0.463332;0.458915;0.461502;3.023315;3.976699;3.479612;1.484270;11.450500;0.519224;0.671600;2.551898;6.512183;2.604184;0.730504;-0.505005;-0.069189;3.609400;4.473786;4.473786;1.842200;12.397900;0.878061;0.645220;2.280011;5.198448;2.443244;0.447382;0.410431;0.008447;2.369475;3.976699;5.467961;1.119190;10.008300;-0.244356;0.690235;-0.201151;98.881752;0.462426;11.112054;22.955269;328.368450;0.994175;2.787842;6.735407;1.795647;133.682145;0.191620;15.291862;22.033304;363.145551;0.497087;3.198118;13.525883;2.143671;121.853427;0.216631;11.295206;23.664472;347.132260;1.491262;3.165079;9.879696;1.692316;3.881482;3.770543;5.905027;10.358152;5.611265;0.186463;1.272215;-0.152821;0.534020;0.994175;1745.970739;346.215421;2057.318557;6.047900;5.253000;6.329900;-5.402600;-7.144900;-3.678400;2.466825;2.604184;2.443244;1038.646262;2.466825;2.604184;2.443244;-1.515746;3.825371;-1.181842;3.052559;3.123651;3.107866;6.047900;5.253000;6.329900;-5.402600;-7.144900;-3.678400;98.881752;133.682145;121.853427
-0.916077;-0.896470;1.112123;1.236818;1.440838;0.243010;0.145261;0.627990;1.111005;1.988350;4.970874;0.610630;5.810700;0.104964;1.066900;3.150930;9.928357;3.152677;0.517099;-0.565355;-0.893768;4.196800;1.491262;1.491262;2.166400;11.547900;0.195102;0.289270;0.960587;0.922727;0.980200;0.299999;-0.379175;-0.664140;1.376125;5.467961;7.456311;0.696380;3.648500;-0.053494;-0.146995;0.432809;94.355892;0.266013;6.800537;15.847153;150.133365;0.000000;4.059635;17.435547;1.347142;202.216810;0.183573;12.436287;29.332140;512.445207;0.497087;5.337565;30.984271;1.038033;40.776238;0.163103;5.537845;8.439505;51.441117;0.497087;2.691078;7.120296;2.117699;3.275445;2.247643;4.732159;10.219120;1.275887;-0.507528;1.571927;-0.750332;0.493581;0.497087;1220.793056;238.006563;1414.308229;2.036600;5.253000;1.808600;-3.774100;-6.294900;-1.839900;1.440838;3.152677;0.980200;714.019688;1.440838;3.152677;0.980200;-0.189294;-0.158573;1.322843;2.920427;3.099407;3.184824;2.036600;5.253000;1.808600;-3.774100;-6.294900;-1.839900;94.355892;202.216810;40.776238
-1.170222;-1.116550;0.631461;0.398742;1.329722;0.207947;-1.830046;6.909665;0.786338;0.000000;6.063158;0.394200;4.114750;0.505764;-0.981190;5.608537;31.455691;5.631295;0.640529;1.654660;4.057044;6.551900;1.347368;1.347368;3.372600;31.347900;0.610498;0.718935;1.224253;1.498796;1.368029;0.248283;-0.124110;-0.520863;1.645705;4.042105;2.694737;0.806936;5.081800;-0.510441;-0.134883;0.822173;88.936840;1.244720;6.801835;13.641726;119.238215;0.000000;5.586747;30.703742;0.759189;251.465211;12.546590;30.138609;38.221733;1215.792462;0.673684;4.991677;25.881451;1.603942;53.747684;0.189719;6.123346;11.346294;85.304167;0.673684;3.078239;9.150773;1.524862;4.535599;14.779497;6.391037;33.019022;0.629832;-0.752812;0.839791;-0.728930;0.691846;0.673684;2126.297178;473.444948;2767.832003;-0.224850;25.053000;3.243200;-4.339600;-6.294900;-1.838600;1.329722;5.631295;1.368029;1420.334844;1.329722;5.631295;1.368029;-1.831866;-0.105664;5.720532;2.659799;2.457383;3.087659;-0.224850;25.053000;3.243200;-4.339600;-6.294900;-1.838600;88.936840;251.465211;53.747684
9.991190;10.414000;23.857026;569.157693;25.864678;3.138741;0.492842;-0.767682;39.910500;0.994175;0.994175;20.692000;89.338000;15.484725;3.604300;39.325049;1546.459513;42.263888;8.384191;1.796423;3.082101;29.228000;6.959223;3.976699;14.151700;193.128000;28.941553;13.210000;40.368253;1629.595842;49.671011;3.902544;1.048755;-0.100935;55.070850;0.497087;0.994175;20.221000;142.878000;0.445665;0.701345;0.229540;1597.430242;4.691348;104.704685;259.735394;39593.479595;0.497087;4.510126;21.089676;1.166943;1781.879459;4.464619;231.071409;391.508367;104339.664770;0.497087;2.541372;5.900685;2.054369;2980.979910;0.711494;190.664546;548.425683;170198.372521;0.000000;4.037321;15.760552;1.177407;55.086674;1887.885405;80.686841;2332.584920;1245.911025;0.684058;41.630684;17.275515;0.491281;0.000000;409783.890500;104710.505629;622222.043064;67.269000;161.630000;128.090000;-22.069000;-31.498000;-14.788000;25.864678;42.263888;49.671011;314131.516887;25.864678;42.263888;49.671011;422.212204;682.063680;367.962738;3.099106;2.724739;2.911502;67.269000;161.630000;128.090000;-22.069000;-31.498000;-14.788000;1597.430242;1781.879459;2980.979910
-3.307311;-3.708100;14.445630;208.676220;14.819397;1.471717;1.869872;3.766410;11.602550;1.491262;3.976699;5.023800;71.565000;-4.665482;-4.835700;15.381055;236.576858;16.073070;4.701608;0.499286;0.688351;19.152250;3.976699;4.970874;9.873300;88.376000;12.014017;-0.424560;35.510121;1260.968670;37.487402;2.348720;2.188144;3.437796;7.368400;3.976699;0.497087;3.784340;142.878000;0.447473;0.907395;0.509958;648.637528;7.879161;82.485859;129.285301;11873.470942;0.497087;2.846053;7.974838;2.037345;773.901051;14.395529;105.674754;131.934797;14425.680538;0.497087;3.200085;11.643698;2.258279;1510.518812;50.680651;216.493056;333.480327;79806.556530;0.497087;2.728656;6.420911;2.053001;29.112675;1035.715558;41.174892;1520.940912;169.584854;0.840631;24.150884;-1.308045;-0.370411;0.497087;140636.776815;35368.569336;210170.921634;49.496000;52.018000;128.090000;-22.069000;-36.358000;-14.788000;14.819397;16.073070;37.487402;106105.708009;14.819397;16.073070;37.487402;100.398433;470.025984;281.261195;2.493091;2.935553;2.120417;49.496000;52.018000;128.090000;-22.069000;-36.358000;-14.788000;648.637528;773.901051;1510.518812
-1.710167;-0.962840;2.673382;7.146972;3.173585;0.556739;-1.989154;5.135032;2.964125;5.521569;3.513725;1.393865;14.370100;-3.676706;-0.519625;10.156683;103.158204;10.801684;2.000777;-1.204241;0.968585;10.797025;4.015686;2.509804;4.246050;48.175000;0.227797;0.439445;1.869730;3.495892;1.883556;0.759541;-0.700719;1.288490;1.835200;9.537255;9.537255;0.925105;11.303700;0.384551;0.471925;0.102393;174.437012;2.324774;21.707011;28.792165;662.838424;0.000000;3.433657;13.673627;2.132822;425.050263;3.642749;60.122705;97.017850;6641.319100;0.501961;2.368220;4.834103;2.143067;74.078979;1.344374;13.431016;13.406442;183.593072;3.513725;2.471438;7.117207;2.690689;8.142175;64.000784;10.766506;105.360988;7.303315;-0.455705;7.301977;-2.692818;-1.508919;0.000000;10026.314998;2495.916865;14687.510785;1.834100;11.817000;4.790400;-12.536000;-36.358000;-6.513300;3.173585;10.801684;1.883556;7487.750596;3.173585;10.801684;1.883556;10.544983;2.382276;1.963730;2.693172;2.904361;2.793834;1.834100;11.817000;4.790400;-12.536000;-36.358000;-6.513300;174.437012;425.050263;74.078979
-0.271148;-0.128110;1.094957;1.198932;1.128031;0.346347;-0.316089;-0.448382;1.493383;7.027451;6.023529;0.800520;4.941800;1.485564;0.904465;3.236831;10.477072;3.561456;0.939569;0.133837;-0.137479;4.221192;7.027451;5.521569;1.919600;15.004300;0.839296;0.658015;1.354832;1.835569;1.593734;0.432806;0.473775;-0.572791;1.872933;9.035294;6.023529;0.922375;5.685400;-0.509218;0.478824;-0.199918;46.704730;0.386585;6.672496;9.496431;68.672830;1.505882;2.550636;6.088364;2.211352;161.055585;0.679007;20.461799;32.730298;759.586227;1.505882;2.944095;8.944586;2.014183;85.608230;0.291955;9.290733;15.435466;165.467744;0.000000;2.964696;9.938717;1.985413;3.504986;4.211487;4.834582;11.032694;2.000437;-0.280265;1.443512;-0.177477;1.056534;0.501961;1467.850723;331.242267;1949.233340;1.852900;8.373600;4.097400;-3.088900;-6.630700;-1.588000;1.128031;3.561456;1.593734;993.726801;1.128031;3.561456;1.593734;-1.822636;0.717360;-0.885391;3.165128;3.080867;3.149041;1.852900;8.373600;4.097400;-3.088900;-6.630700;-1.588000;46.704730;161.055585;85.608230
-0.905772;-1.201600;1.051535;1.105726;1.387858;0.282765;0.810674;-0.302366;1.581043;2.509804;4.517647;0.638150;4.290500;0.890114;0.633370;2.272906;5.166103;2.440985;0.728541;0.569123;-0.116990;3.212662;7.027451;6.023529;1.630480;10.783300;0.871051;0.628690;1.458607;2.127535;1.698901;0.388883;0.380152;-0.929287;2.192160;6.023529;6.023529;1.016260;5.685400;0.011232;0.518835;-0.181071;92.388762;0.139269;7.891269;14.579478;140.111100;0.000000;4.386320;20.718895;1.477878;105.426945;0.211784;14.519209;21.552808;344.286381;1.505882;2.629686;6.927645;2.168749;88.847242;0.353867;8.920443;16.883928;185.895579;0.000000;2.872993;8.675610;1.882628;3.001148;1.763932;4.432524;5.336477;2.490799;0.302504;1.560318;-0.520329;0.796222;1.003922;1008.667479;223.431020;1314.805616;1.852900;7.662700;4.097400;-2.437600;-3.120600;-1.588000;1.387858;2.440985;1.698901;670.293059;1.387858;2.440985;1.698901;0.027112;0.803656;-0.606244;3.105662;3.066835;3.242888;1.852900;7.662700;4.097400;-2.437600;-3.120600;-1.588000;92.388762;105.426945;88.847242
-1.244369;-1.218600;0.566454;0.320870;1.367232;0.208455;0.012800;-0.976526;0.903070;0.000000;4.473786;0.456500;2.295950;-0.719708;-1.030800;1.692107;2.863224;1.838805;0.430394;0.630482;-0.186098;2.393955;3.479612;5.965049;1.174700;6.998600;0.657183;0.673670;0.955458;0.912901;1.159651;0.324571;0.339679;-0.046116;1.296778;4.970874;8.450485;0.604208;4.585800;-0.337217;0.214625;-0.239610;128.169970;0.360061;5.851007;17.731662;176.015521;0.000000;6.331267;40.577542;0.519463;84.600093;0.479078;9.533006;17.517877;200.807956;0.497087;3.062682;8.774652;1.807698;67.689882;1.005076;7.405061;11.242934;91.499053;0.000000;3.496895;14.200389;1.948501;2.434758;0.667272;3.720803;3.009878;0.851969;-0.080668;0.788742;-1.428103;-0.830777;1.988350;644.953297;156.107510;927.638859;-0.141650;3.531800;3.214400;-2.437600;-3.466800;-1.371400;1.367232;1.838805;1.159651;468.322531;1.367232;1.838805;1.159651;-0.326392;0.117299;-0.391184;3.207325;3.130230;3.068208;-0.141650;3.531800;3.214400;-2.437600;-3.466800;-1.371400;128.169970;84.600093;67.689882
-1.141450;-1.071800;0.515461;0.265700;1.252441;0.167567;-0.356099;-0.513236;0.667290;0.000000;6.649351;0.306740;2.119450;-0.773993;-0.880740;1.621119;2.628026;1.796411;0.401483;0.287087;-0.630042;2.689210;3.324675;5.984416;1.364450;7.051100;0.522126;0.495330;0.622028;0.386919;0.812117;0.218757;0.516519;-0.457241;0.979706;7.979221;6.649351;0.482010;2.446960;-0.432260;0.438165;-0.006051;87.891620;0.034504;4.642401;14.025692;110.553312;0.000000;5.375974;28.852680;0.472603;67.838719;1.648898;9.602163;14.093805;147.306991;0.664935;3.122492;9.005805;1.724659;40.203687;0.171522;4.009098;7.401516;35.887749;0.000000;3.434729;12.650459;1.447286;2.212625;0.559522;3.272788;2.717629;0.468645;0.170337;1.094131;-0.786032;-0.977330;0.000000;398.511285;97.916017;579.964101;-0.141650;3.584300;1.954300;-2.261100;-3.466800;-0.492660;1.252441;1.796411;0.812117;293.748051;1.252441;1.796411;0.812117;-0.365960;0.142338;-0.006182;3.071078;3.082143;3.112254;-0.141650;3.584300;1.954300;-2.261100;-3.466800;-0.492660;87.891620;67.838719;40.203687
12.630564;12.370000;27.775253;771.464696;30.512225;2.954173;0.042175;-0.262746;22.715890;0.994175;3.479612;11.683950;111.790000;15.338619;-2.932600;47.025955;2211.440405;49.464266;6.056099;1.212631;0.634030;49.537000;3.479612;1.491262;15.548400;201.285000;6.968402;7.629200;36.471490;1330.169594;37.131230;3.140186;-0.219552;-0.955949;59.202000;1.988350;1.988350;30.719200;121.323000;0.166129;0.778476;0.683459;1609.243106;8.304770;121.925276;310.448817;56162.140935;0.497087;3.643426;12.522513;1.360884;2158.212938;15.092684;236.176526;466.700221;138122.323292;0.497087;3.039873;8.383693;1.741066;2082.660572;1.238195;114.860799;363.873577;73505.273252;0.497087;4.263857;18.048422;1.076891;59.225370;1248.793262;88.052484;3224.141037;1080.198923;0.055422;25.041713;19.110022;1.144369;0.000000;425600.231281;89263.245826;530429.672314;68.792000;143.190000;59.555000;-42.998000;-58.095000;-61.768000;30.512225;49.464266;37.131230;267789.737479;30.512225;49.464266;37.131230;219.118685;796.331345;1183.696659;3.056633;2.893276;3.168593;68.792000;143.190000;59.555000;-42.998000;-58.095000;-61.768000;1609.243106;2158.212938;2082.660572
-0.825138;0.966510;20.145915;405.857892;20.162806;2.740894;-0.172455;-0.592930;27.929000;2.485437;2.485437;14.493510;81.224000;10.632319;-0.438560;37.129818;1378.623357;38.622138;4.980377;0.985097;0.978402;44.452000;2.485437;1.491262;19.094560;186.905000;-1.987560;-3.459300;36.272593;1315.700989;36.327006;3.833765;0.063800;-1.203720;61.556500;1.988350;1.988350;30.711700;121.323000;0.166026;0.706292;0.659531;1219.511825;12.329570;84.016115;185.692237;20971.809252;0.994175;4.785200;24.832002;1.200161;1736.661388;66.507837;236.628343;328.182061;82642.861889;0.994175;2.842918;7.954436;2.158738;2432.623810;18.548215;121.855617;346.657348;68165.491575;0.994175;5.817002;35.181070;0.707552;50.807577;636.449818;76.565733;2364.863284;673.758841;0.171670;19.994213;-1.339100;1.755599;1.491262;298662.382380;57260.054238;340256.860763;38.226000;128.810000;59.555000;-42.998000;-58.095000;-61.768000;20.162806;38.622138;36.327006;171780.162715;20.162806;38.622138;36.327006;125.407201;521.178700;896.961657;3.227574;2.858522;3.305373;38.226000;128.810000;59.555000;-42.998000;-58.095000;-61.768000;1219.511825;1736.661388;2432.623810
2.683314;0.438550;13.908865;193.456522;14.165334;1.994601;0.610366;-0.007576;17.771400;4.015686;3.011765;9.229950;58.150000;1.632666;-3.993650;18.890154;356.837926;18.960578;3.287859;0.448904;-0.518793;27.901125;3.011765;3.011765;8.455350;81.335000;3.512313;0.839415;23.594655;556.707734;23.854645;2.558505;-0.070659;-0.406231;32.183000;3.011765;1.505882;15.179415;96.827000;-0.101914;0.517145;0.326935;669.271644;11.081170;70.902714;125.570250;10601.414666;1.505882;3.102559;9.928866;1.850812;931.380147;0.412625;84.146293;170.734575;18470.651711;0.501961;3.795740;14.760568;1.541950;1512.162003;8.309280;85.454802;225.520923;29651.322690;1.003922;5.098496;28.227995;0.986740;29.397328;265.001387;44.420329;681.815327;335.697404;0.226536;10.804202;4.529833;0.435127;0.000000;101666.705805;19574.463023;115188.186248;38.226000;40.859000;48.061000;-19.924000;-40.476000;-48.766000;14.165334;18.960578;23.854645;58723.389068;14.165334;18.960578;23.854645;-27.042066;171.394466;147.159739;3.162523;2.864463;3.152438;38.226000;40.859000;48.061000;-19.924000;-40.476000;-48.766000;669.271644;931.380147;1512.162003
1.285738;0.423270;6.749840;45.560337;6.871205;1.291780;0.444702;-0.292951;9.416300;4.015686;4.015686;4.340170;28.953000;-2.581017;-2.071800;5.354041;28.665751;5.943686;1.904685;-0.629279;0.385052;7.100725;6.525490;4.517647;3.567300;25.255500;2.070313;0.768870;9.750529;95.072824;9.967900;1.133549;0.549698;0.367857;10.007150;3.513725;2.509804;4.740200;42.858000;-0.307271;0.209248;-0.235149;357.566659;0.719240;29.342584;63.464037;2492.263724;1.505882;3.403373;12.525259;1.618967;263.263703;7.196770;40.121847;50.908657;2141.917746;0.000000;2.481442;6.504395;2.381189;500.901336;6.258989;44.379697;91.647970;5286.109975;1.003922;3.301655;11.150710;1.643608;11.685501;45.348942;17.190628;102.641831;45.336997;0.131933;5.664202;2.390185;-0.894757;0.000000;16241.618864;3306.763815;19459.033219;17.392000;7.547500;26.200000;-11.561000;-17.708000;-16.658000;6.871205;5.943686;9.967900;9920.291445;6.871205;5.943686;9.967900;-11.214373;13.907895;-12.397410;3.152924;3.027813;2.959667;17.392000;7.547500;26.200000;-11.561000;-17.708000;-16.658000;357.566659;263.263703;500.901336
-0.487366;-0.640110;4.056384;16.454249;4.085557;0.742107;-0.061824;-0.461456;5.098200;2.509804;2.509804;2.338900;17.519200;0.326603;0.429110;2.741423;7.515398;2.760809;0.990292;-0.660228;1.621844;3.080745;8.031373;10.039216;1.481550;16.168400;1.008302;1.377550;3.053938;9.326536;3.216086;0.469641;0.228447;-0.356568;3.036525;2.509804;3.513725;1.854995;11.761200;-0.174681;0.749252;-0.105657;240.955426;0.685552;16.503891;37.701726;863.505142;1.505882;4.810067;23.761898;1.124173;89.848140;0.976562;17.405699;21.686688;394.216481;2.509804;1.773058;2.571139;2.577544;147.387912;0.457549;14.345908;30.506119;579.355656;2.007843;2.884848;7.535258;1.744026;5.161849;8.012366;7.929938;23.344959;7.335468;0.400898;1.656654;-0.014040;0.313249;0.000000;3126.390979;612.359093;3603.497739;7.993400;7.547500;7.535800;-9.525800;-8.620900;-4.225400;4.085557;2.760809;3.216086;1837.077278;4.085557;2.760809;3.216086;-1.961726;9.373589;-0.893336;3.170021;2.812532;2.987675;7.993400;7.547500;7.535800;-9.525800;-8.620900;-4.225400;240.955426;89.848140;147.387912
-0.728111;-0.459240;1.971512;3.886858;2.101667;0.375959;-0.555297;0.488483;2.805830;2.485437;2.485437;1.474240;10.244100;-0.162899;-0.119110;1.693149;2.866754;1.700967;0.474129;0.219329;-0.264741;2.239775;5.965049;3.976699;1.191490;7.809900;0.293236;0.858910;1.488561;2.215813;1.517169;0.265205;-0.736621;-0.507507;2.247260;2.982524;1.988350;0.880679;5.933700;0.329786;0.576820;0.431987;80.331281;1.106842;13.064193;18.275218;254.778157;0.994175;2.490195;5.273353;2.230178;86.472545;0.482523;8.633023;14.943936;150.371036;0.994175;3.868442;15.693453;1.684378;73.006914;1.290054;8.419432;13.141174;122.971058;0.994175;2.977817;9.866095;2.033333;2.880080;1.317235;4.315798;5.795926;2.184775;0.192963;0.641791;-0.911396;-0.507074;2.485437;922.208005;176.040084;1046.084343;3.423700;4.325600;2.246400;-6.820400;-3.484300;-3.687300;2.101667;1.700967;1.517169;528.120251;2.101667;1.700967;1.517169;1.111639;1.709397;1.099434;2.918042;3.116039;2.991186;3.423700;4.325600;2.246400;-6.820400;-3.484300;-3.687300;80.331281;86.472545;73.006914
-0.949137;-1.192000;1.284310;1.649452;1.596970;0.318462;0.252049;-1.345245;2.365530;2.659740;3.324675;1.096186;4.473200;-1.308568;-1.602500;1.368923;1.873951;1.893753;0.420910;0.494213;-0.886531;2.402800;3.324675;4.654545;1.025600;5.207000;0.021644;0.030825;1.250852;1.564630;1.251039;0.245119;-0.232980;-0.506632;1.649930;6.649351;6.649351;0.852515;4.954000;0.168995;0.494742;0.187144;73.083584;0.065280;7.535760;14.336872;132.870252;0.000000;3.046393;9.524063;1.521146;100.759720;0.355797;8.770518;18.051132;203.998037;0.000000;3.927736;15.850995;1.189354;52.591503;0.223254;4.936619;9.727949;60.274346;1.329870;3.387140;12.447902;1.403381;2.692764;0.450733;3.992817;2.683448;1.650593;0.114367;0.580849;-0.534518;-1.554257;0.000000;575.678690;132.380878;784.102125;1.526400;1.722700;2.246400;-2.946800;-3.484300;-2.707600;1.596970;1.893753;1.251039;397.142635;1.596970;1.893753;1.251039;0.301022;0.805252;0.324666;3.205032;3.153636;3.124946;1.526400;1.722700;2.246400;-2.946800;-3.484300;-2.707600;73.083584;100.759720;52.591503
6.947623;-1.304600;28.105755;789.933446;28.951734;2.733614;0.598618;-0.223704;25.252950;0.994175;0.994175;16.269400;113.086000;16.725210;9.748100;27.806156;773.182303;32.448651;7.099863;0.393643;1.154290;31.639650;2.982524;4.970874;10.167900;156.470000;10.521571;2.521500;35.631392;1269.596084;37.152383;4.295439;-0.264206;0.096042;36.054545;2.982524;0.994175;15.137500;158.916000;-0.397562;0.766261;-0.399136;1502.051904;2.398198;108.441567;280.480184;45653.327814;0.497087;3.611655;13.005396;1.406523;1722.696620;2.913446;178.036134;322.871497;68631.351172;0.000000;2.800760;8.683480;1.963294;1954.108326;0.410906;143.704351;362.554412;76786.654302;0.497087;3.295653;11.301266;1.559936;47.418284;1022.923787;70.745852;2054.075766;579.073211;0.105488;15.279044;4.578896;1.009265;0.000000;284275.417651;63690.444430;378468.217860;68.288000;101.110000;80.773000;-44.798000;-55.360000;-78.143000;28.951734;32.448651;37.152383;191071.333289;28.951734;32.448651;37.152383;-313.745983;774.892998;-399.329420;2.955134;2.775458;2.830570;68.288000;101.110000;80.773000;-44.798000;-55.360000;-78.143000;1502.051904;1722.696620;1954.108326
12.069116;8.380400;23.724220;562.838628;26.617704;2.044072;0.841827;0.438737;17.091550;1.003922;0.501961;7.753600;99.227000;-2.688926;0.229610;26.033058;677.720109;26.171558;5.362232;-0.182403;-0.432696;32.408000;3.513725;3.513725;16.286500;116.849000;18.475448;9.845800;25.369167;643.594650;31.383703;3.423166;0.817038;-0.198926;30.318675;2.509804;1.505882;9.221140;106.503000;-0.050727;0.591907;0.033259;1324.742167;13.705077;116.704527;268.014452;43563.608143;0.501961;3.458153;11.419978;1.499489;1119.436391;20.259313;135.578526;225.539905;35303.812155;0.501961;2.864166;7.784174;1.961555;1884.495730;28.396523;161.664658;326.425968;67645.563338;0.000000;3.671216;14.529138;1.583786;41.762882;634.251132;61.591056;971.339265;687.700338;0.418357;29.664956;19.746420;-0.144526;0.000000;210256.421859;48837.661212;287390.852516;68.288000;55.931000;80.773000;-30.939000;-60.918000;-25.730000;26.617704;26.171558;31.383703;146512.983636;26.617704;26.171558;31.383703;-31.639925;359.774603;22.183267;2.882523;3.144491;2.953976;68.288000;55.931000;80.773000;-30.939000;-60.918000;-25.730000;1324.742167;1119.436391;1884.495730
-0.195826;-1.693050;7.084299;50.187299;7.087005;1.214056;0.018511;-1.192369;12.461725;2.007843;2.007843;6.425150;25.709000;-4.162945;-3.040350;22.807507;520.182370;23.184315;4.545467;-0.205433;0.019535;26.453900;4.015686;5.019608;13.396500;107.246000;2.501268;4.027700;8.574898;73.528883;8.932258;1.799101;-1.239041;1.708640;9.976600;4.015686;3.011765;5.442650;40.193000;-0.468604;-0.199150;-0.148312;410.678871;1.363612;31.536264;63.514712;2563.627818;0.501961;4.358316;21.929898;1.446932;1110.436302;5.150062;107.801586;209.487117;28297.193897;0.501961;2.935777;9.099164;1.845646;339.198144;0.786187;43.317732;82.042953;4388.123043;2.509804;2.414279;4.845581;2.005019;22.002240;183.424768;31.062738;538.922376;79.433245;0.024602;13.609758;1.493669;-1.029759;1.505882;58732.799119;11749.648253;69142.160872;11.551000;46.328000;14.463000;-14.158000;-60.918000;-25.730000;7.087005;23.184315;8.932258;35248.944758;7.087005;23.184315;8.932258;-76.464498;-12.217582;-29.292908;3.138103;3.104680;2.903202;11.551000;46.328000;14.463000;-14.158000;-60.918000;-25.730000;410.678871;1110.436302;339.198144
-3.352578;-3.114000;4.832368;23.351780;5.881459;1.148986;0.150313;-0.249095;6.191240;3.513725;4.517647;3.364126;22.439500;7.692101;7.396150;21.038860;442.633636;22.400939;5.833066;-0.027036;-0.452958;29.054050;4.015686;5.019608;14.488500;93.593000;2.162995;2.085600;6.081307;36.982301;6.454522;1.388695;-0.262994;-0.960061;10.190075;4.517647;4.517647;5.222200;21.966000;-0.483139;-0.114727;0.361782;341.962930;3.623096;32.839186;59.216730;2337.467929;0.000000;3.354900;12.771033;1.798880;784.594254;1.795856;119.966626;204.271379;28609.578068;0.000000;2.052217;3.116282;2.215911;220.625527;3.310937;35.041231;58.383804;2363.734645;0.000000;2.268479;3.901927;2.128517;20.788061;145.910953;28.334010;457.963465;32.402477;-0.039653;8.776139;-3.654254;1.296678;1.505882;51520.180681;11103.593547;65340.377411;8.281500;50.803000;11.764000;-14.158000;-42.790000;-10.202000;5.881459;22.400939;6.454522;33310.780641;5.881459;22.400939;6.454522;-49.605870;-3.404890;46.746114;3.134515;3.159017;3.234755;8.281500;50.803000;11.764000;-14.158000;-42.790000;-10.202000;341.962930;784.594254;220.625527
-1.249194;-1.025900;3.354803;11.254706;3.579831;0.788082;-0.510997;0.128059;4.508650;4.970874;4.473786;2.233400;15.761500;-1.619140;-4.157900;19.189746;368.246336;19.257932;4.740682;0.780782;0.531299;18.902650;4.473786;4.473786;8.905100;93.593000;0.022576;0.293820;5.302080;28.112053;5.302128;1.049628;0.099285;-0.679368;6.354200;3.976699;3.976699;3.816880;20.300000;-0.444272;-0.247782;0.472886;128.666959;0.775525;18.781622;33.372262;740.347317;0.000000;2.311429;4.122244;2.073210;728.475104;1.760155;104.345597;164.959157;19234.712629;2.982524;2.038453;3.391785;2.278758;235.088089;0.839220;27.104104;46.186267;1447.823223;0.994175;2.887650;8.445715;1.955879;16.351936;144.409886;21.676963;380.907391;21.662422;-0.111687;1.356052;-1.554006;-1.556854;0.000000;34977.848387;7140.961056;42433.787815;5.541500;50.803000;10.098000;-10.220000;-42.790000;-10.202000;3.579831;19.257932;5.302128;21422.883169;3.579831;19.257932;5.302128;-28.881648;-4.450609;48.585740;3.071469;2.949528;3.078666;5.541500;50.803000;10.098000;-10.220000;-42.790000;-10.202000;128.666959;728.475104;235.088089
-0.789938;-0.740800;1.774267;3.148025;1.942171;0.352213;0.074604;0.980314;1.332725;3.976699;3.479612;0.714362;9.567400;-4.302134;-1.810300;6.603359;43.604347;7.881161;1.219210;-1.222266;0.906119;6.950985;3.976699;2.485437;1.864859;29.361400;-0.660401;0.220860;2.333152;5.443597;2.424815;0.331015;-1.692634;1.729822;1.177850;4.970874;0.994175;0.544650;9.387200;-0.343536;-0.056602;0.583223;81.363637;0.624082;10.328204;18.486900;226.395515;0.000000;2.320909;4.332729;2.061723;443.119769;6.227552;45.624829;78.374089;4151.984353;0.000000;3.486772;13.231893;1.806415;117.686575;0.680338;12.274716;22.217319;325.266527;0.497087;2.984256;9.308664;1.882611;6.005718;35.695799;8.107458;46.434771;3.868910;0.292442;7.129983;-0.619185;-1.723113;0.000000;5553.405092;1567.882132;9316.838051;3.896200;5.799400;1.453500;-5.671200;-23.562000;-7.933700;1.942171;7.881161;2.424815;4703.646395;1.942171;7.881161;2.424815;-4.064376;-0.236611;9.073602;2.788398;2.781328;2.546508;3.896200;5.799400;1.453500;-5.671200;-23.562000;-7.933700;81.363637;443.119769;117.686575
-1.129993;-0.977535;0.857693;0.735638;1.418634;0.219431;-1.303760;1.344269;0.912702;1.347368;6.063158;0.459480;3.809310;-0.556606;-0.763660;1.953220;3.815067;2.030979;0.469665;1.642869;3.058195;1.272037;4.715789;6.063158;0.682990;9.408700;0.575180;0.492575;0.598791;0.358551;0.830291;0.147410;0.666407;-0.328409;0.717950;5.389474;4.715789;0.373535;2.385960;0.124003;-0.175019;0.397225;85.879480;0.204277;5.846926;14.471064;125.004361;0.000000;4.496692;21.285536;0.894347;45.182288;1.121512;11.078540;14.343279;168.553742;2.021053;1.406487;0.371021;2.326708;43.713670;0.159056;4.023451;7.705481;38.775542;0.000000;3.903483;16.102576;1.275107;2.247337;1.776257;3.269324;3.940241;0.763273;-0.107025;0.453353;-0.926278;-0.768989;0.000000;451.380527;110.777882;647.624538;0.207110;5.799400;1.992300;-3.602200;-3.609300;-0.393660;1.418634;2.030979;0.830291;332.333645;1.418634;2.030979;0.830291;0.210508;-0.091085;0.470778;2.885360;2.637616;2.938580;0.207110;5.799400;1.992300;-3.602200;-3.609300;-0.393660;85.879480;45.182288;43.713670
19.937152;-1.041900;44.326653;1964.852193;48.603932;3.865100;1.118922;0.746034;46.717850;0.994175;0.994175;19.844100;192.465000;2.818940;-0.587270;34.913978;1218.985862;35.027593;6.883351;1.095998;3.799618;13.217700;4.473786;3.976699;6.579770;203.377000;16.264666;0.120880;30.674949;940.952492;34.720194;2.884266;1.104947;-0.310730;34.143900;2.485437;1.988350;8.977180;93.746200;-0.268440;0.846195;-0.083001;2182.918038;2.249389;210.891947;486.881928;142131.360401;0.497087;2.908137;7.580965;1.697152;1196.131203;11.138764;196.388157;295.636929;63596.253428;1.988350;2.290855;4.167732;2.215795;1822.178073;4.428829;136.810428;362.270925;75706.606110;0.497087;3.643816;12.778943;1.360868;49.131742;2380.838308;73.552977;2839.225800;1154.113235;0.345262;7.381751;13.806315;0.171612;0.000000;371247.760293;93811.406646;557456.243340;148.260000;125.040000;84.365000;-44.205000;-78.337000;-9.381200;48.603932;35.027593;34.720194;281434.219939;48.603932;35.027593;34.720194;-419.516753;1161.866233;-89.764671;2.516475;2.374248;2.639097;148.260000;125.040000;84.365000;-44.205000;-78.337000;-9.381200;2182.918038;1196.131203;1822.178073
18.539106;2.238150;46.212757;2135.618894;49.792744;4.772306;1.014120;0.388636;59.386750;2.007843;1.505882;25.958500;192.465000;1.282513;5.323850;38.192621;1458.676277;38.214148;8.715246;0.778153;2.178386;32.999750;5.019608;5.019608;11.678050;203.377000;19.190760;11.146000;29.841656;890.524430;35.479708;3.612819;0.904498;-0.297322;26.353647;2.509804;1.505882;13.735650;110.592000;-0.251144;0.818979;-0.037227;2051.701212;4.127745;218.720590;484.328122;143974.962526;0.501961;2.792497;6.607982;1.749702;1418.010891;3.674335;191.007224;331.314345;74560.329834;2.509804;2.402337;4.959535;2.073047;1957.457470;1.950400;149.612416;374.690879;82984.419203;0.000000;3.662559;12.927288;1.374576;57.781632;1859.731143;86.119742;2944.225429;1389.317671;0.305725;28.540867;33.399181;0.066730;0.000000;435395.644082;100506.570521;591442.511144;148.260000;125.040000;84.365000;-44.205000;-78.337000;-26.227000;49.792744;38.214148;35.479708;301519.711563;49.792744;38.214148;35.479708;-447.653670;1140.608463;-42.848335;3.010791;2.686836;2.992216;148.260000;125.040000;84.365000;-44.205000;-78.337000;-26.227000;2051.701212;1418.010891;1957.457470
-1.037203;-1.304350;11.579482;134.084410;11.625842;1.551666;0.893328;1.680772;8.818350;3.011765;3.011765;4.409000;55.995000;-4.116737;-0.175255;15.472768;239.406562;16.011061;2.709768;-1.587610;3.024646;11.536025;5.521569;2.509804;7.366400;86.734000;0.343897;0.816605;9.408562;88.521039;9.414845;1.502958;-0.510068;0.438021;8.080900;3.513725;3.513725;4.279150;43.805000;-0.456407;0.140276;0.192910;525.372662;6.592665;51.819455;104.613579;6948.248556;1.003922;3.167129;9.650911;1.696638;642.709444;34.338356;109.959532;123.547620;13945.743954;1.003922;2.338840;5.554928;2.543148;510.039959;0.675085;33.679412;88.006506;4526.777358;1.505882;3.789509;15.351094;1.369906;16.524595;207.091356;24.871943;288.389726;116.150231;0.141278;6.708945;-0.520732;-1.487453;0.000000;38422.073022;8473.589956;49863.817819;35.160000;20.718000;17.578000;-20.835000;-66.016000;-26.227000;11.625842;16.011061;9.414845;25420.769868;11.625842;16.011061;9.414845;-82.582551;15.433849;28.361168;2.748992;2.537104;2.853594;35.160000;20.718000;17.578000;-20.835000;-66.016000;-26.227000;525.372662;642.709444;510.039959
-0.823582;-1.355500;2.829597;8.006621;2.947017;0.364875;0.742626;0.248831;2.684865;2.509804;3.011765;1.371600;11.651600;-1.236740;0.454030;4.530870;20.528779;4.696627;0.467789;-1.775520;1.874310;1.847338;3.513725;1.505882;0.845205;17.636000;-0.326632;0.494580;3.272008;10.706033;3.288270;0.373566;-1.902272;3.184786;2.656995;3.513725;2.509804;1.376450;14.208500;-0.825966;-0.811435;0.886264;154.623262;0.459256;11.782378;28.246404;477.525061;1.505882;3.576473;12.713209;1.441323;212.727222;2.825762;22.933029;42.825444;1203.107943;0.501961;3.015777;8.453870;1.796192;141.545472;1.719851;16.352489;28.723581;556.934263;0.501961;2.886486;7.938455;1.904778;4.631926;20.101200;7.236318;36.079001;1.985748;0.735956;3.210694;-0.264857;-1.829007;0.000000;3213.649896;745.855755;4389.074253;6.048000;2.961000;3.184500;-5.603600;-14.675000;-11.024000;2.947017;4.696627;3.288270;2237.567266;2.947017;4.696627;3.288270;-10.694168;-7.587020;13.268990;3.010260;2.499187;2.698036;6.048000;2.961000;3.184500;-5.603600;-14.675000;-11.024000;154.623262;212.727222;141.545472
-1.146708;-1.227800;1.087004;1.181578;1.580037;0.242053;0.420945;0.710140;1.238540;1.988350;5.467961;0.632500;5.747600;-0.045834;0.072514;1.456675;2.121901;1.457396;0.308122;-0.095164;-0.615499;2.014650;2.485437;2.485437;0.978886;6.299800;0.626666;0.439640;1.127999;1.272381;1.290384;0.237521;0.355506;-0.854567;1.761720;4.970874;3.976699;0.857920;4.397200;-0.501725;0.318196;0.323091;118.110886;0.332433;7.398995;18.277307;196.289940;0.000000;4.644700;23.707825;1.165515;85.135755;0.837936;7.262574;12.811633;109.494295;0.497087;4.532182;23.658890;1.542797;64.546608;0.028303;6.463451;12.966855;105.976774;0.000000;2.896278;8.026287;1.804621;2.326656;0.872283;3.615979;2.661881;1.625128;-0.086323;1.029450;-1.285654;-0.073009;0.497087;602.495243;137.253670;815.603536;1.901800;2.961000;3.184500;-3.845800;-3.338800;-1.212700;1.580037;1.457396;1.290384;411.761009;1.580037;1.457396;1.290384;-0.802227;0.393978;0.536084;2.918638;3.103970;3.265451;1.901800;2.961000;3.184500;-3.845800;-3.338800;-1.212700;118.110886;85.135755;64.546608
-0.770592;-0.900880;0.740761;0.548726;1.068896;0.182032;1.527487;3.347042;0.660850;1.491262;4.970874;0.330960;4.145700;-0.891689;-0.857940;0.912166;0.832047;1.275601;0.250829;-0.247302;-0.023915;1.340995;2.982524;4.970874;0.673310;4.738100;0.283400;0.364200;0.924468;0.854641;0.966932;0.202239;0.088023;-0.595943;1.345910;3.976699;2.982524;0.679000;3.955000;-0.183151;0.535380;0.398149;79.370944;0.360226;5.367464;12.178450;89.421986;0.000000;4.592910;23.797371;1.268568;91.843973;0.064741;6.349478;14.379797;124.746709;0.000000;4.564707;22.599363;1.252376;51.900320;0.074886;4.653849;9.050373;52.286530;0.994175;3.410247;13.002663;1.716969;1.825417;0.372505;2.777352;1.251064;0.835999;0.398233;1.177626;-0.737001;-1.263069;0.497087;362.395106;88.818408;527.786310;1.901800;1.399300;2.359500;-2.243900;-3.338800;-1.595500;1.068896;1.275601;0.966932;266.455225;1.068896;1.275601;0.966932;-0.124968;0.370228;0.339038;2.700146;3.041426;3.060157;1.901800;1.399300;2.359500;-2.243900;-3.338800;-1.595500;79.370944;91.843973;51.900320
-0.919175;-0.870790;0.532916;0.284000;1.062489;0.175737;-0.350209;-0.170824;0.685603;1.347368;4.715789;0.322360;2.512200;-0.659063;-0.608635;0.618704;0.382795;0.903968;0.198289;-0.166243;-1.108718;1.030785;2.694737;6.736842;0.528115;2.245980;0.293987;0.527805;0.868045;0.753501;0.916477;0.157953;-0.540860;-0.769783;1.360510;3.368421;2.021053;0.710865;3.027500;-0.133917;0.099201;0.684431;69.857310;0.411361;4.299271;11.300948;75.021193;0.000000;5.073346;26.158033;0.655984;50.088754;0.032673;4.236143;8.644911;47.559160;0.000000;4.071565;17.859047;1.187604;34.402925;0.435146;4.228206;7.125338;35.227350;0.673684;2.867696;7.630887;1.646585;1.623614;0.149850;2.449211;0.993255;0.312727;0.508797;0.504531;-0.627784;-1.151217;0.673684;206.047782;52.602567;307.522702;0.246700;0.396480;1.432000;-2.265500;-1.849500;-1.595500;1.062489;0.903968;0.916477;157.807702;1.062489;0.903968;0.916477;-0.044744;0.046502;0.372484;3.019440;3.243290;3.049291;0.246700;0.396480;1.432000;-2.265500;-1.849500;-1.595500;69.857310;50.088754;34.402925
-10.795980;-3.393400;25.444080;647.401196;27.639725;2.676116;-1.530868;1.580365;11.288050;2.485437;0.994175;5.591500;103.933000;12.683098;14.593000;39.552641;1564.411431;41.536399;8.607435;0.883178;2.991535;46.696500;1.491262;4.473786;21.544900;235.758000;6.616336;-0.267030;20.247352;409.955268;21.300966;3.159988;0.891297;0.118984;24.867800;2.982524;2.485437;11.708970;81.639000;-0.273257;0.453369;-0.376131;1274.753830;2.602532;113.158031;277.516666;45346.140417;0.497087;3.072605;8.360136;1.581887;1306.359100;10.441658;248.612645;361.379986;97135.869265;0.000000;1.757084;1.736097;2.418424;829.149990;1.377405;98.152875;202.772083;25621.613863;0.994175;2.631562;5.656883;1.839153;44.347492;976.257908;62.602367;1752.659105;638.109525;0.148998;24.075445;-19.026584;1.089967;0.000000;252847.387891;56034.541182;332974.485100;23.345000;161.520000;57.680000;-80.588000;-74.238000;-23.959000;27.639725;41.536399;21.300966;168103.623546;27.639725;41.536399;21.300966;-277.696388;235.854097;-304.172070;2.622555;2.706694;3.081929;23.345000;161.520000;57.680000;-80.588000;-74.238000;-23.959000;1274.753830;1306.359100;829.149990
-1.012117;-2.197250;6.473973;41.912324;6.552611;1.368027;0.707650;0.045402;6.075200;4.517647;4.517647;3.181705;27.882000;3.604200;-1.870950;20.104588;404.194458;20.425100;4.580561;0.253938;-1.278808;35.707500;2.007843;2.509804;16.796000;67.328000;-0.576508;-1.884400;13.044718;170.164680;13.057452;2.014852;0.620645;1.545068;14.153500;4.015686;4.015686;7.625400;70.808000;0.566522;0.656267;0.453359;232.488419;4.923065;38.355178;54.100951;2242.134266;1.003922;2.547050;5.568178;2.203744;950.428887;2.757332;99.947925;181.787612;21940.086575;1.003922;2.890248;8.580965;1.898232;697.362719;16.814589;70.034558;110.399695;8714.043812;1.003922;4.021251;18.204298;1.765172;22.271141;134.614743;32.407837;477.308374;126.360415;0.379991;5.983060;-0.139772;1.729407;0.501961;57465.367585;10965.421551;64527.288359;15.645000;39.507000;46.236000;-12.237000;-27.821000;-24.572000;6.552611;20.425100;13.057452;32896.264653;6.552611;20.425100;13.057452;74.466611;55.971263;120.074652;3.041677;3.182758;2.842273;15.645000;39.507000;46.236000;-12.237000;-27.821000;-24.572000;232.488419;950.428887;697.362719
-2.323776;-2.599600;4.635062;21.483804;5.184953;1.098389;0.778031;1.826560;4.964389;5.019608;4.517647;2.503738;25.092000;4.472910;3.791100;20.323228;413.033582;20.809625;4.530947;0.344292;-0.438172;28.122750;2.509804;4.517647;15.007100;91.296000;1.491415;2.178650;10.075206;101.509772;10.184993;1.763430;-0.413423;0.378611;11.456825;4.015686;2.007843;5.665900;46.941000;0.562320;0.463298;0.577128;237.025192;0.858380;25.806632;50.634762;1646.595992;0.000000;2.554613;5.977351;1.940865;1081.430383;3.411186;104.122298;185.754975;23117.753958;1.003922;3.293481;12.731997;1.838702;501.230325;1.817707;42.114542;93.951458;5404.182157;1.003922;3.183004;10.302091;1.639275;20.547016;141.478460;28.557663;464.777646;62.636977;0.170589;6.275256;-2.280572;1.248956;0.501961;50284.272695;10056.177369;59176.736057;12.855000;62.581000;22.369000;-12.237000;-28.715000;-24.572000;5.184953;20.809625;10.184993;30168.532108;5.184953;20.809625;10.184993;53.494647;21.849862;119.343159;2.812936;3.106075;3.035311;12.855000;62.581000;22.369000;-12.237000;-28.715000;-24.572000;237.025192;1081.430383;501.230325
-2.021229;-1.537150;1.819689;3.311268;2.719675;0.336085;-0.740664;-0.231296;1.858105;4.015686;3.513725;0.921650;7.833200;4.806446;3.389900;14.944378;223.334430;15.698291;2.339431;0.770176;2.998234;8.351510;1.003922;4.517647;3.020975;91.296000;2.179782;0.792230;6.033453;36.402556;6.415139;0.910978;1.623672;2.876003;3.259765;3.513725;2.509804;1.754350;29.120500;0.468676;0.377141;0.385375;206.165368;1.253456;13.814131;30.950193;585.634531;0.000000;4.843037;26.121860;1.205066;723.690761;2.993961;79.890540;143.480730;13749.013295;1.003922;2.712376;7.275608;1.954806;263.678373;0.176467;31.055159;60.231954;2341.178266;1.003922;2.504754;5.290449;1.942936;12.348101;142.511394;16.176108;232.641790;30.570975;-0.178250;7.978879;-2.278973;1.145025;0.000000;22822.877770;5558.608698;32710.274259;1.373900;62.581000;22.369000;-6.459300;-28.715000;-6.751500;2.719675;15.698291;6.415139;16675.826093;2.719675;15.698291;6.415139;12.871422;4.181634;35.091852;3.014838;2.421057;2.723832;1.373900;62.581000;22.369000;-6.459300;-28.715000;-6.751500;206.165368;723.690761;263.678373
