Chest_Ax_Mean;Chest_Ax_Median;Chest_Ax_Std;Chest_Ax_Var;Chest_Ax_RMS;Chest_Ax_AvgDeriv;Chest_Ax_Skew;Chest_Ax_Kurt;Chest_Ax_IQR;Chest_Ax_ZCR;Chest_Ax_MCR;Chest_Ax_DomFreq;Chest_Ax_Energy;Chest_Ax_SpecEnt;Chest_Ay_Mean;Chest_Ay_Median;Chest_Ay_Std;Chest_Ay_Var;Chest_Ay_RMS;Chest_Ay_AvgDeriv;Chest_Ay_Skew;Chest_Ay_Kurt;Chest_Ay_IQR;Chest_Ay_ZCR;Chest_Ay_MCR;Chest_Ay_DomFreq;Chest_Ay_Energy;Chest_Ay_SpecEnt;Chest_Az_Mean;Chest_Az_Median;Chest_Az_Std;Chest_Az_Var;Chest_Az_RMS;Chest_Az_AvgDeriv;Chest_Az_Skew;Chest_Az_Kurt;Chest_Az_IQR;Chest_Az_ZCR;Chest_Az_MCR;Chest_Az_DomFreq;Chest_Az_Energy;Chest_Az_SpecEnt;Chest_Gx_Mean;Chest_Gx_Median;Chest_Gx_Std;Chest_Gx_Var;Chest_Gx_RMS;Chest_Gx_AvgDeriv;Chest_Gx_Skew;Chest_Gx_Kurt;Chest_Gx_IQR;Chest_Gx_ZCR;Chest_Gx_MCR;Chest_Gx_DomFreq;Chest_Gx_Energy;Chest_Gx_SpecEnt;Chest_Gy_Mean;Chest_Gy_Median;Chest_Gy_Std;Chest_Gy_Var;Chest_Gy_RMS;Chest_Gy_AvgDeriv;Chest_Gy_Skew;Chest_Gy_Kurt;Chest_Gy_IQR;Chest_Gy_ZCR;Chest_Gy_MCR;Chest_Gy_DomFreq;Chest_Gy_Energy;Chest_Gy_SpecEnt;Chest_Gz_Mean;Chest_Gz_Median;Chest_Gz_Std;Chest_Gz_Var;Chest_Gz_RMS;Chest_Gz_AvgDeriv;Chest_Gz_Skew;Chest_Gz_Kurt;Chest_Gz_IQR;Chest_Gz_ZCR;Chest_Gz_MCR;Chest_Gz_DomFreq;Chest_Gz_Energy;Chest_Gz_SpecEnt;Chest_Corr_AxAy;Chest_Corr_AxAz;Chest_Corr_AyAz;Chest_Corr_GxGy;Chest_Corr_GxGz;Chest_Corr_GyGz;Chest_Corr_AxGx;Chest_Corr_AyGy;Chest_Corr_AzGz;Chest_Corr_AxGy;Chest_Corr_AxGz;Chest_Corr_AyGx;Chest_Corr_AyGz;Chest_Corr_AzGx;Chest_Corr_AzGy;Chest_AI;Chest_VI;Chest_SMA;Chest_EVA1;Chest_EVA2;Chest_CAGH;Chest_AVH;Chest_AVG;Chest_ARATG;Chest_AAE;Chest_ARE
3.000000;3.000000;0.000000;0.000000;3.000000;0.000000;0.000000;0.000000;0.000000;0.000000;0.000000;0.000000;918.000000;-0.000000;0.000491;-0.106033;0.931144;0.867029;0.931144;0.295295;0.157709;-1.021462;1.518990;0.107843;0.107843;2.007843;44.219456;2.214729;9.889906;9.512100;2.215555;4.908682;10.135034;0.624162;0.930287;0.390204;2.408250;0.098039;0.098039;0.000000;10226.989554;0.156928;1.204659;1.250800;1.255651;1.576659;1.740075;0.452220;-0.432067;0.307545;1.385673;0.137255;0.137255;0.000000;228.433097;1.423560;-1.996715;-0.660550;20.443141;417.922030;20.540421;9.662164;-0.345622;-0.494960;28.665750;0.147059;0.147059;1.505882;21724.778838;2.706334;26.470599;30.776500;23.459758;550.360248;35.370226;5.783420;-0.728650;0.177853;30.788250;0.147059;0.147059;0.000000;99539.505082;1.121853;0.000000;0.000000;0.043694;-0.175093;0.250172;0.134408;0.000000;-0.072243;-0.010835;0.000000;0.000000;0.055736;0.167195;0.145155;0.039025;10.394135;4.547917;13.693631;4.959312;0.873584;0.000000;10.013477;3.017578;1.451272;112.585949;1675.989623
3.000000;3.000000;0.000000;0.000000;3.000000;0.000000;0.000000;0.000000;0.000000;0.000000;0.000000;0.000000;918.000000;-0.000000;0.250785;0.343660;0.885147;0.783486;0.919989;0.243566;-0.155808;-0.599604;1.308750;0.107843;0.107843;0.501961;46.374597;2.047405;9.872400;9.244600;2.352731;5.535343;10.148873;0.591485;0.966340;-0.056443;3.264350;0.058824;0.058824;0.000000;10223.681016;0.163134;0.848795;1.041550;1.242666;1.544218;1.504883;0.419234;-0.715953;-0.218776;1.585710;0.137255;0.137255;0.000000;152.241789;1.677465;1.030511;1.809800;17.175456;294.996297;17.206343;10.344650;-0.400673;-0.030304;23.622950;0.254902;0.254902;7.027451;15159.560286;3.051128;27.572615;28.697000;24.932099;621.609536;37.173359;5.209766;-0.536121;-0.137516;31.801750;0.078431;0.078431;0.000000;109247.597910;1.056512;0.000000;0.000000;0.191126;0.061253;-0.009011;0.159476;0.000000;0.206620;-0.015257;0.000000;0.000000;0.107531;0.414424;0.113194;0.076746;10.376457;5.175146;13.643739;5.623584;0.757807;0.000000;9.655280;3.017578;0.699171;112.846004;1680.181540
3.000000;3.000000;0.000000;0.000000;3.000000;0.000000;0.000000;0.000000;0.000000;0.000000;0.000000;0.000000;918.000000;-0.000000;0.344233;0.376505;0.837891;0.702062;0.905847;0.212743;-0.128058;-0.327351;1.198160;0.127451;0.127451;1.003922;47.894131;1.847976;9.730043;9.220950;1.815744;3.296927;9.898013;0.468382;1.224922;0.879867;2.121525;0.078431;0.078431;0.000000;9824.871756;0.117270;1.089856;1.277150;1.191981;1.420819;1.615118;0.338891;-0.899004;0.182326;1.401828;0.147059;0.147059;0.000000;193.616065;1.422314;-3.195583;-3.479500;17.120999;293.128597;17.416669;9.772763;0.153263;-0.352507;23.053875;0.245098;0.245098;1.003922;15991.346637;2.866837;72.352186;61.974500;42.583885;1813.387290;83.953714;4.775990;0.359096;-1.352403;84.858500;0.029412;0.029412;0.000000;626454.411755;0.617454;0.000000;0.000000;-0.005137;-0.291544;0.171753;-0.107028;0.000000;0.275297;-0.156814;0.000000;0.000000;0.026997;0.250967;0.142132;0.080380;10.231870;3.100069;13.468211;3.329594;0.708989;0.000000;9.904733;3.017578;0.994733;107.791225;7354.175106
3.000000;3.000000;0.000000;0.000000;3.000000;0.000000;0.000000;0.000000;0.000000;0.000000;0.000000;0.000000;918.000000;-0.000000;0.219237;0.136815;0.762370;0.581208;0.793267;0.195189;0.291619;-1.005293;1.384905;0.088235;0.088235;0.501961;34.547089;2.113930;9.261321;9.220950;1.081826;1.170347;9.324291;0.403161;0.313532;-0.193276;1.794650;0.137255;0.137255;0.000000;8808.464848;0.058407;1.568835;1.595100;0.985559;0.971326;1.852719;0.281648;-1.255434;2.533227;0.961375;0.186275;0.186275;0.000000;300.608047;0.904284;-8.214450;-6.921250;19.402685;376.464179;21.069916;8.343043;-0.228100;0.131198;26.760400;0.137255;0.137255;0.000000;26087.374084;2.384134;73.433081;76.869500;47.208564;2228.648469;87.298717;6.530287;-0.034121;-1.418138;89.692000;0.039216;0.039216;0.000000;663688.810684;0.569460;0.000000;0.000000;0.316034;-0.402867;-0.203964;0.206019;0.000000;0.343635;0.206532;0.000000;0.000000;-0.174518;0.539065;0.031305;0.276444;9.772598;1.068002;12.912086;1.281674;0.487223;0.000000;9.306239;3.017578;1.201546;96.571679;8068.439837
3.000000;3.000000;0.000000;0.000000;3.000000;0.000000;0.000000;0.000000;0.000000;0.000000;0.000000;0.000000;918.000000;-0.000000;-0.085884;-0.195940;0.773078;0.597650;0.777834;0.239453;0.151634;-0.542627;1.027930;0.088235;0.088235;1.003922;31.236871;2.507153;9.503458;8.993200;1.853569;3.435717;9.682532;0.499244;0.917967;0.009429;2.289275;0.078431;0.078431;0.000000;9387.681149;0.127243;2.394251;2.240050;0.854827;0.730730;2.542276;0.389294;0.666293;-0.213282;1.044400;0.205882;0.205882;0.000000;621.975735;0.381225;-2.167997;-3.351950;23.669898;560.264064;23.768977;11.094785;-0.183297;-0.082936;30.377500;0.196078;0.196078;1.505882;29054.280124;2.600856;16.212448;9.749200;36.759969;1351.295335;40.176346;8.059026;1.026515;0.811393;42.804400;0.127451;0.127451;0.501961;95802.860564;2.122908;0.000000;0.000000;-0.088166;0.036469;-0.469375;-0.072962;0.000000;0.097068;0.114939;0.000000;0.000000;-0.128464;0.295122;0.244268;0.258753;10.008993;3.176504;13.150375;3.475402;0.597899;0.000000;9.615638;3.017578;2.213218;103.356454;2185.566257
3.000000;3.000000;0.000000;0.000000;3.000000;0.000000;0.000000;0.000000;0.000000;0.000000;0.000000;0.000000;918.000000;-0.000000;-0.059153;-0.010804;0.806979;0.651215;0.809144;0.294929;-0.329839;-0.656524;1.219223;0.088235;0.088235;1.003922;33.575639;2.477886;9.786903;8.921800;2.215739;4.909501;10.034589;0.575303;0.549811;-1.102303;3.911975;0.078431;0.078431;0.000000;10020.305128;0.149772;2.744656;2.607200;0.851541;0.725122;2.873718;0.506823;0.463881;0.083946;1.165225;0.215686;0.215686;0.000000;805.370078;0.327084;-1.187555;0.655875;28.128635;791.220081;28.153692;13.541381;-0.856884;1.318328;30.550000;0.215686;0.215686;1.505882;40516.704162;2.548225;8.974978;1.988100;29.704000;882.327591;31.030273;6.982168;0.820191;0.016646;30.050175;0.127451;0.127451;1.003922;53221.605473;2.293867;0.000000;0.000000;-0.291056;-0.033773;0.159458;-0.236043;0.000000;0.103660;0.224308;0.000000;0.000000;-0.099303;-0.213785;0.352073;0.214011;10.287170;4.521811;13.471384;5.021411;0.594361;0.000000;9.831585;3.017578;2.788982;110.347683;1763.766455
3.000000;3.000000;0.000000;0.000000;3.000000;0.000000;0.000000;0.000000;0.000000;0.000000;0.000000;0.000000;918.000000;-0.000000;0.482780;0.686110;0.946913;0.896644;1.062883;0.307015;-0.136580;-0.207068;1.398718;0.127451;0.127451;0.000000;69.504193;2.261612;9.772854;9.440150;1.572707;2.473408;9.898590;0.402082;0.613246;0.189058;1.285475;0.117647;0.117647;0.000000;9868.084273;0.090336;2.409476;2.429850;0.864420;0.747222;2.559843;0.396239;0.148487;1.201803;0.976500;0.186275;0.186275;0.000000;630.277156;0.397412;2.460839;9.106700;24.837095;616.881300;24.958706;9.406470;-1.675420;4.035865;25.136775;0.107843;0.107843;1.505882;32084.990266;2.554299;74.325072;86.779500;55.896892;3124.462499;92.998273;6.537044;-0.105494;-1.481619;115.167000;0.009804;0.009804;0.000000;722856.474423;0.723885;0.000000;0.000000;-0.096577;-0.227236;-0.278761;0.300825;0.000000;0.330887;-0.009242;0.000000;0.000000;-0.558657;0.350833;0.251780;0.193411;10.287912;2.270670;13.655452;2.511038;0.892381;0.000000;9.854208;3.017578;2.629258;108.111802;9278.168689
3.000000;3.000000;0.000000;0.000000;3.000000;0.000000;0.000000;0.000000;0.000000;0.000000;0.000000;0.000000;918.000000;-0.000000;0.097221;0.117765;1.173914;1.378074;1.177933;0.303734;-0.004006;-0.696249;1.699032;0.107843;0.107843;0.501961;71.247946;1.827174;9.927247;9.665900;1.477345;2.182549;10.036572;0.401318;1.228916;2.394179;1.114800;0.127451;0.127451;0.000000;10163.466271;0.087489;1.563658;1.810050;1.193225;1.423785;1.966929;0.346559;-1.000846;1.280299;1.442833;0.107843;0.107843;0.000000;322.030342;1.066949;9.392273;10.646100;17.474780;305.367927;19.838919;10.661642;0.128289;0.324389;22.202400;0.186275;0.186275;0.000000;24582.561073;2.566801;78.913831;90.174500;51.575390;2660.020829;94.273080;7.055588;-0.112418;-1.342569;96.341250;0.009804;0.009804;0.000000;770857.579379;0.622204;0.000000;0.000000;-0.304672;-0.117371;0.304246;0.151470;0.000000;0.137653;-0.274034;0.000000;0.000000;-0.134304;0.735407;0.101388;-0.015945;10.443221;2.059434;13.901201;2.468581;1.127295;0.000000;9.925116;3.017578;1.964170;111.120308;9284.865133
3.000000;3.000000;0.000000;0.000000;3.000000;0.000000;0.000000;0.000000;0.000000;0.000000;0.000000;0.000000;918.000000;-0.000000;-0.546544;-0.456745;0.942437;0.888188;1.089449;0.282941;0.298828;-0.606807;1.355879;0.088235;0.088235;0.000000;75.770682;2.063052;9.986974;9.724750;2.052056;4.210932;10.195615;0.576642;0.656075;-0.187171;2.863150;0.088235;0.088235;0.000000;10388.246453;0.135876;0.772609;0.921650;1.089795;1.187652;1.335881;0.379887;-0.698241;0.662961;1.043505;0.156863;0.156863;0.000000;121.458944;1.867025;4.161392;4.250700;22.985147;528.316984;23.358813;12.909383;-0.242903;0.402658;29.994250;0.235294;0.235294;1.003922;28710.528929;2.804808;12.856241;6.323600;32.456603;1053.431097;34.910085;6.528844;0.585086;-0.221259;46.651250;0.049020;0.049020;1.003922;70603.607614;2.172378;0.000000;0.000000;-0.086284;-0.230873;0.101590;-0.032195;0.000000;-0.400777;-0.111681;0.000000;0.000000;-0.291695;0.261706;0.225021;-0.294977;10.497755;3.934605;13.880159;4.261066;0.888540;0.000000;10.179147;3.017578;0.948410;114.137471;1766.132778
3.000000;3.000000;0.000000;0.000000;3.000000;0.000000;0.000000;0.000000;0.000000;0.000000;0.000000;0.000000;918.000000;-0.000000;-0.032888;0.103930;1.019738;1.039866;1.020269;0.227928;-0.307375;-0.857875;1.661455;0.058824;0.058824;0.501961;53.151674;1.647456;9.876687;9.517400;2.161255;4.671025;10.110390;0.576417;0.492734;-0.740096;3.157050;0.058824;0.058824;0.000000;10188.215300;0.140392;-0.125850;0.175025;1.215402;1.477202;1.221900;0.384902;-1.141235;0.604090;1.364683;0.088235;0.088235;1.505882;76.955273;2.029370;1.900543;1.925150;20.981172;440.209581;21.067075;10.333909;-0.625815;0.779500;21.112100;0.225490;0.225490;2.509804;22819.542710;2.833964;11.272950;3.112100;29.475366;868.797230;31.557513;5.897293;0.083214;-1.357063;53.884500;0.039216;0.039216;0.501961;57270.911042;1.242623;0.000000;0.000000;0.030086;0.048901;-0.279363;-0.046899;0.000000;-0.341554;-0.202175;0.000000;0.000000;-0.141143;0.559316;0.141989;-0.138917;10.387563;4.359467;13.727034;4.718495;1.048940;0.000000;9.893063;3.017578;0.201086;112.260924;1441.191313
3.000000;3.000000;0.000000;0.000000;3.000000;0.000000;0.000000;0.000000;0.000000;0.000000;0.000000;0.000000;918.000000;-0.000000;0.515665;0.641415;0.884916;0.783076;1.024201;0.218026;-0.570703;1.042457;0.956015;0.107843;0.107843;0.000000;67.078174;2.075939;9.701131;9.570150;1.683540;2.834307;9.846129;0.469102;0.627886;0.185334;1.836350;0.127451;0.127451;0.000000;9743.990355;0.107141;0.236289;0.448040;1.430161;2.045361;1.449549;0.377887;-0.801487;0.197009;1.937207;0.137255;0.137255;0.501961;110.011751;1.995282;-4.138376;-0.257435;24.895755;619.798628;25.237369;8.604689;-0.713046;-0.282622;34.065750;0.147059;0.147059;1.003922;33357.492539;2.303339;72.259266;67.021000;47.879361;2292.433169;86.682378;5.388424;-0.055798;-1.192507;84.336250;0.029412;0.029412;0.000000;649515.283760;0.717030;0.000000;0.000000;-0.244377;-0.012298;0.724844;0.005815;0.000000;0.065515;-0.216335;0.000000;0.000000;0.096688;0.332858;0.032919;0.421876;10.215862;2.631399;13.543121;2.925693;0.727506;0.000000;9.858725;3.017578;-0.273764;106.995244;8152.860609
3.000000;3.000000;0.000000;0.000000;3.000000;0.000000;0.000000;0.000000;0.000000;0.000000;0.000000;0.000000;918.000000;-0.000000;0.457665;0.457390;0.821787;0.675334;0.940633;0.221676;0.275317;-0.322366;1.246585;0.088235;0.088235;0.000000;55.808159;1.930070;9.264107;9.363250;1.135895;1.290257;9.333485;0.370579;0.249139;-0.054463;1.676075;0.127451;0.127451;0.000000;8819.819684;0.060599;1.695788;1.764400;0.833312;0.694409;1.889473;0.367374;-0.532649;0.169209;1.071650;0.186275;0.186275;0.000000;328.741960;0.624380;-7.684266;-7.705950;24.881440;619.086077;26.041006;8.455321;-0.401061;-0.624926;37.118000;0.137255;0.137255;1.003922;37596.438011;2.157686;75.415618;75.409000;46.562391;2168.056261;88.631663;5.440523;-0.128141;-1.321946;91.237000;0.058824;0.058824;0.000000;690699.065491;0.513223;0.000000;0.000000;0.242504;0.041313;-0.321050;0.053498;0.000000;-0.071722;0.369131;0.000000;0.000000;-0.183697;0.491835;-0.009481;0.165897;9.789471;1.164989;13.007767;1.378112;0.606940;0.000000;9.497708;3.017578;1.418520;96.998724;8537.275820
3.000000;3.000000;0.000000;0.000000;3.000000;0.000000;0.000000;0.000000;0.000000;0.000000;0.000000;0.000000;918.000000;-0.000000;0.378745;0.324220;0.807821;0.652574;0.892201;0.353425;-0.095763;0.177365;0.901300;0.166667;0.166667;0.000000;47.913398;2.457823;9.650699;9.223200;1.911047;3.652100;9.838094;0.555621;0.848673;-0.093059;2.324550;0.127451;0.127451;0.000000;9686.145161;0.137017;2.207013;2.155350;0.814343;0.663154;2.352459;0.457962;0.258255;1.253179;1.032200;0.205882;0.205882;0.000000;530.654322;0.428221;-4.790354;-4.670400;21.136979;446.771884;21.673010;11.784436;-0.247409;0.062747;26.642275;0.254902;0.254902;0.501961;25161.771319;2.937791;18.960321;18.779500;31.384422;984.981916;36.667093;8.567640;0.602554;-0.465612;37.589700;0.127451;0.127451;0.000000;86916.462656;1.881221;0.000000;0.000000;0.246610;-0.209213;-0.085561;-0.235713;0.000000;0.085625;0.050956;0.000000;0.000000;-0.265236;0.299847;0.124620;0.068577;10.160023;3.358053;13.347499;3.736297;0.610997;0.000000;9.639839;3.017578;2.111927;106.584113;1819.729125
3.000000;3.000000;0.000000;0.000000;3.000000;0.000000;0.000000;0.000000;0.000000;0.000000;0.000000;0.000000;918.000000;-0.000000;0.366463;0.404175;0.909199;0.826642;0.980274;0.404543;-0.477345;0.232384;1.128221;0.186275;0.186275;0.000000;55.958347;2.754968;9.719325;8.903600;2.351713;5.530552;9.999791;0.619232;0.727482;-0.619928;3.489325;0.078431;0.078431;0.000000;9917.515605;0.174557;2.472835;2.466750;0.859136;0.738115;2.617829;0.469504;0.103313;0.876830;0.929350;0.274510;0.274510;0.000000;661.365621;0.395744;-3.318864;-3.410200;23.969237;574.524305;24.197916;13.885228;-0.069922;-0.035721;29.044500;0.284314;0.284314;1.003922;30448.711140;3.026006;11.067388;5.757750;26.689433;712.325859;28.893130;9.532135;0.887003;0.418326;30.814950;0.137255;0.137255;1.003922;48879.754694;2.210138;0.000000;0.000000;0.131498;-0.091235;-0.037078;-0.237291;0.000000;0.376847;-0.144306;0.000000;0.000000;-0.345803;-0.067617;0.190810;0.224052;10.240706;5.084695;13.524230;5.602222;0.817915;0.000000;10.095042;3.017578;2.314567;109.956759;1427.205123
3.000000;3.000000;0.000000;0.000000;3.000000;0.000000;0.000000;0.000000;0.000000;0.000000;0.000000;0.000000;918.000000;-0.000000;0.383402;0.498520;0.967107;0.935295;1.040333;0.330714;-0.395588;-0.311137;1.313560;0.107843;0.107843;0.000000;62.740676;2.491447;9.658929;9.429200;2.029412;4.118512;9.869824;0.482871;0.809853;0.167204;2.618400;0.127451;0.127451;0.000000;9726.135165;0.144621;2.415831;2.424000;0.871229;0.759040;2.568127;0.436908;0.124409;0.200787;1.109575;0.225490;0.225490;0.000000;634.007323;0.404562;4.552987;0.850025;23.143309;535.612729;23.586912;11.462950;0.240964;0.152999;24.412375;0.176471;0.176471;1.505882;29430.690970;2.842420;71.137401;85.854000;54.794574;3002.445324;89.794070;7.144563;-0.121763;-1.518040;99.334500;0.029412;0.029412;0.000000;669301.478726;0.692307;0.000000;0.000000;0.033139;-0.245489;-0.381721;0.283859;0.000000;0.420243;0.051696;0.000000;0.000000;-0.287181;0.118364;0.356252;0.159286;10.183644;3.789117;13.538049;4.160631;0.943214;0.000000;9.580561;3.017578;2.661983;107.495722;8625.912783
3.000000;3.000000;0.000000;0.000000;3.000000;0.000000;0.000000;0.000000;0.000000;0.000000;0.000000;0.000000;918.000000;-0.000000;0.027366;0.230580;1.121970;1.258817;1.122304;0.323963;-0.172232;-0.722391;1.505675;0.107843;0.107843;0.501961;64.277845;2.106500;10.184646;9.722350;1.702957;2.900063;10.326039;0.514240;0.832916;0.527753;1.658200;0.107843;0.107843;0.000000;10728.076368;0.104396;1.534384;1.625900;1.213919;1.473600;1.956511;0.391956;-0.394763;0.689229;1.279990;0.147059;0.147059;0.000000;315.296144;1.107319;7.198322;2.169350;22.250941;495.104370;23.386325;10.732876;0.542348;-0.147654;29.137600;0.166667;0.166667;2.007843;30541.426543;2.574184;73.963264;93.554000;52.560417;2762.597414;90.736772;6.569392;-0.159646;-1.441354;90.247000;0.009804;0.009804;0.000000;698892.931436;0.667260;0.000000;0.000000;-0.363389;-0.134743;0.409104;0.245204;0.000000;0.185951;-0.181905;0.000000;0.000000;-0.070425;0.572171;0.209717;0.127527;10.685347;2.710014;14.127499;3.185612;1.014445;0.000000;10.286502;3.017578;1.960854;116.886645;8783.909913
3.000000;3.000000;0.000000;0.000000;3.000000;0.000000;0.000000;0.000000;0.000000;0.000000;0.000000;0.000000;918.000000;-0.000000;-0.214269;-0.245905;0.997300;0.994608;1.020059;0.281326;-0.186573;-1.005537;1.681460;0.088235;0.088235;1.003922;55.431327;2.411266;9.876153;9.502100;2.098054;4.401830;10.096545;0.611654;0.755712;0.077912;2.706175;0.078431;0.078431;0.000000;10173.410122;0.144762;0.842040;0.962210;0.993234;0.986513;1.302131;0.371412;-0.653318;-0.029773;1.286163;0.156863;0.156863;0.000000;122.636752;1.551600;1.435370;-0.250440;22.406847;502.066772;22.452774;10.262984;0.246655;-0.244071;32.808250;0.186275;0.186275;1.003922;25815.720971;2.444982;16.514170;16.967000;27.358827;748.505408;31.956583;5.951510;0.483702;0.003974;37.150200;0.049020;0.049020;0.000000;65998.935262;1.797197;0.000000;0.000000;0.001326;-0.144364;0.061790;-0.061374;0.000000;-0.290356;-0.008781;0.000000;0.000000;-0.211816;0.479322;0.069640;-0.066559;10.386465;4.102087;13.752388;4.445414;1.004454;0.000000;10.150414;3.017578;0.900436;111.980746;1527.045819
3.000000;3.000000;0.000000;0.000000;3.000000;0.000000;0.000000;0.000000;0.000000;0.000000;0.000000;0.000000;918.000000;-0.000000;0.156406;0.461060;0.963303;0.927953;0.975918;0.219409;-0.691574;-0.824700;1.526130;0.058824;0.058824;0.501961;49.820967;1.780746;9.881313;9.355350;2.194560;4.816095;10.122077;0.603800;0.555344;-0.531295;3.197025;0.058824;0.058824;0.000000;10204.965442;0.144614;0.514510;0.832310;1.240665;1.539249;1.343119;0.382552;-0.993499;0.151362;1.374677;0.137255;0.137255;1.505882;105.525701;1.846480;2.790031;6.024600;23.171521;536.919403;23.338888;9.537803;-0.208058;-0.019535;26.988775;0.147059;0.147059;1.003922;28182.177049;2.596846;15.667506;19.498500;24.932723;621.640694;29.446756;5.099191;-0.060058;-0.982530;39.803575;0.058824;0.058824;0.000000;56741.892211;1.326677;0.000000;0.000000;0.095586;0.007855;-0.020921;0.081301;0.000000;-0.123442;-0.138750;0.000000;0.000000;-0.106561;0.641367;0.129824;-0.059905;10.388860;4.480437;13.746006;4.874357;0.926563;0.000000;9.778031;3.017578;0.680035;112.408852;1413.619080
3.000000;3.000000;0.000000;0.000000;3.000000;0.000000;0.000000;0.000000;0.000000;0.000000;0.000000;0.000000;918.000000;-0.000000;0.314040;0.431850;0.911386;0.830624;0.963974;0.218282;-0.797771;0.191772;0.834930;0.107843;0.107843;2.007843;52.421900;2.220172;9.806182;9.321600;1.658558;2.750815;9.945453;0.471366;0.810236;0.403070;2.007475;0.078431;0.078431;0.000000;9948.738817;0.101752;0.813280;1.106400;1.456525;2.121465;1.668200;0.365661;-0.764990;-0.208772;1.480777;0.098039;0.098039;0.000000;175.665049;1.883650;-3.907315;-1.196400;29.105579;847.134735;29.366679;11.330894;-0.263963;-0.183975;39.594500;0.147059;0.147059;1.003922;44761.918949;2.322321;63.800649;56.384500;46.389676;2152.002002;78.882981;4.492376;0.086848;-1.197050;79.961250;0.029412;0.029412;0.000000;524974.526830;0.866059;0.000000;0.000000;-0.269070;-0.110778;0.475367;-0.072641;0.000000;0.198362;-0.314376;0.000000;0.000000;-0.160402;0.326924;0.140531;0.373192;10.307193;2.603050;13.609340;2.861465;0.755434;0.000000;10.051414;3.017578;0.522989;108.841272;7087.709488
3.000000;3.000000;0.000000;0.000000;3.000000;0.000000;0.000000;0.000000;0.000000;0.000000;0.000000;0.000000;918.000000;-0.000000;0.148599;0.153490;0.801321;0.642116;0.814983;0.187068;0.293290;-0.690013;1.341180;0.107843;0.107843;0.501961;35.000250;2.093926;9.388969;9.229850;0.786373;0.618383;9.421842;0.275187;0.724811;-0.051692;1.198500;0.117647;0.117647;0.000000;9023.131937;0.030778;1.402664;1.552150;0.908273;0.824960;1.671055;0.275515;-0.822088;1.023740;0.965475;0.107843;0.107843;0.000000;242.759871;0.862349;-7.789515;-7.307000;23.525427;553.445729;24.781491;8.809047;-0.517923;0.898046;23.886675;0.176471;0.176471;0.501961;34416.651823;2.270955;76.683990;76.112500;41.554525;1726.778560;87.219338;4.622515;-0.089370;-1.437218;85.621000;0.039216;0.039216;0.000000;687874.110059;0.440578;0.000000;0.000000;0.145022;-0.060532;0.200711;0.172562;0.000000;0.277391;0.235001;0.000000;0.000000;-0.166175;0.675494;0.138307;0.412101;9.892098;0.581717;13.060192;0.729553;0.543426;0.000000;9.409648;3.017578;1.273172;98.435312;8224.127618
3.000000;3.000000;0.000000;0.000000;3.000000;0.000000;0.000000;0.000000;0.000000;0.000000;0.000000;0.000000;918.000000;-0.000000;-0.070953;-0.082341;0.913819;0.835065;0.916569;0.269201;-0.243989;-0.888711;1.563293;0.078431;0.078431;1.003922;43.110095;2.214164;9.688992;9.288300;1.803535;3.252740;9.855420;0.507494;0.947493;0.823310;1.644925;0.098039;0.098039;0.000000;9741.322550;0.121325;1.996593;1.926750;0.840211;0.705955;2.166181;0.414849;0.220041;0.117681;1.045450;0.186275;0.186275;0.000000;442.615948;0.485573;-0.827908;-6.495700;20.258331;410.399993;20.275242;10.545732;1.168645;1.668320;22.631700;0.225490;0.225490;0.501961;21010.864635;2.726889;21.788860;17.082000;41.878921;1753.844018;47.208034;8.845288;0.825891;0.149799;54.216750;0.088235;0.088235;0.000000;137920.111700;1.941902;0.000000;0.000000;-0.190576;-0.020305;-0.517873;0.078901;0.000000;-0.149316;-0.043851;0.000000;0.000000;-0.148573;0.297307;0.093867;0.117844;10.197388;2.982694;13.473783;3.325481;0.802797;0.000000;9.642429;3.017578;1.677119;106.969408;2644.376195
3.000000;3.000000;0.000000;0.000000;3.000000;0.000000;0.000000;0.000000;0.000000;0.000000;0.000000;0.000000;918.000000;-0.000000;0.348227;0.581080;1.123692;1.262683;1.176412;0.357464;-0.581480;-0.673261;1.426777;0.098039;0.098039;0.501961;76.767422;2.416939;9.470164;8.814000;2.182661;4.764011;9.718437;0.659433;0.692795;-0.337295;3.197775;0.078431;0.078431;0.000000;9390.734329;0.167773;2.610073;2.554400;0.813231;0.661344;2.733829;0.515796;0.273090;0.468266;0.799025;0.235294;0.235294;0.000000;728.601452;0.324565;-1.578024;-3.352350;30.508693;930.780326;30.549476;14.303931;-0.278928;0.790233;30.964000;0.235294;0.235294;1.003922;47727.145576;2.490921;4.097589;1.751050;27.972421;782.456312;28.270949;10.167660;0.897776;0.659668;30.154000;0.176471;0.176471;1.003922;41643.116292;2.665616;0.000000;0.000000;-0.150586;-0.014915;-0.206809;-0.062858;0.000000;-0.009449;-0.213138;0.000000;0.000000;0.134440;0.079257;0.295176;-0.043680;10.024277;4.345832;13.491112;4.850095;1.236268;0.000000;9.728509;3.017578;2.543947;104.831956;1739.990858
3.000000;3.000000;0.000000;0.000000;3.000000;0.000000;0.000000;0.000000;0.000000;0.000000;0.000000;0.000000;918.000000;-0.000000;0.432202;0.545070;1.174764;1.380071;1.251747;0.381100;-0.403464;-0.945802;1.828937;0.107843;0.107843;0.000000;89.501214;2.351084;9.635600;9.164100;1.888814;3.567618;9.818982;0.550049;0.405392;-0.479630;2.826400;0.088235;0.088235;0.000000;9652.126720;0.134935;2.382684;2.420650;0.912827;0.833252;2.551555;0.463970;0.234340;0.245080;0.872400;0.274510;0.274510;0.000000;621.637598;0.444107;0.426122;0.912535;27.620297;762.880797;27.623584;11.386257;-1.077086;1.879922;26.934175;0.274510;0.274510;1.003922;38925.623478;2.603972;65.619180;77.060500;58.293419;3398.122752;87.772431;7.670024;0.139068;-1.158416;99.038525;0.009804;0.009804;0.000000;612508.360610;0.804402;0.000000;0.000000;-0.140108;-0.210084;-0.379027;0.115310;0.000000;0.185845;0.139109;0.000000;0.000000;0.158845;-0.232032;0.353202;-0.155784;10.186656;3.211319;13.714037;3.646695;1.349981;0.000000;9.535116;3.017578;2.573659;106.979275;8473.572398
3.000000;3.000000;0.000000;0.000000;3.000000;0.000000;0.000000;0.000000;0.000000;0.000000;0.000000;0.000000;918.000000;-0.000000;0.011713;-0.021067;1.109662;1.231350;1.109724;0.320710;0.075209;-0.988767;1.753318;0.117647;0.117647;1.003922;62.821976;2.206537;10.199495;9.838050;1.682971;2.832391;10.337412;0.588258;0.715756;0.131495;2.215950;0.107843;0.107843;0.000000;10755.517891;0.105374;1.708386;1.691800;0.852137;0.726138;1.909115;0.447389;0.216670;0.034567;1.311925;0.196078;0.196078;0.000000;334.742008;0.644470;5.265755;5.717800;20.481591;419.495567;21.147665;9.286719;-0.418537;-0.055317;28.616875;0.186275;0.186275;1.003922;24224.707685;2.628912;79.091127;81.947000;45.810433;2098.595759;91.400231;6.045921;0.332497;-0.727400;71.151750;0.039216;0.039216;0.000000;745086.139090;0.562374;0.000000;0.000000;-0.240147;-0.087333;0.362579;-0.000369;0.000000;-0.057176;-0.092889;0.000000;0.000000;-0.062915;0.292564;0.140642;-0.081338;10.702034;2.560037;14.130914;2.978662;1.125315;0.000000;10.353630;3.017578;1.945560;117.093579;8804.870667
3.000000;3.000000;0.000000;0.000000;3.000000;0.000000;0.000000;0.000000;0.000000;0.000000;0.000000;0.000000;918.000000;-0.000000;-0.005779;0.235885;0.972414;0.945589;0.972431;0.264729;-0.315556;-1.170254;1.679143;0.088235;0.088235;1.003922;48.240305;2.210917;9.950158;9.660700;2.228712;4.967159;10.196705;0.668502;0.712639;0.090290;2.336025;0.127451;0.127451;0.000000;10351.900526;0.161568;0.099079;0.104005;1.542433;2.379100;1.545612;0.484445;-0.636410;-0.055426;2.257975;0.088235;0.088235;0.501961;122.339302;1.828221;5.039833;3.341350;24.009007;576.432405;24.532271;11.810273;0.304855;-0.010434;33.756500;0.205882;0.205882;1.003922;31989.131413;2.671689;30.258395;29.592000;28.546950;814.928374;41.599265;5.548378;-0.046070;-0.571678;36.592000;0.088235;0.088235;0.000000;134961.456050;1.220910;0.000000;0.000000;-0.033381;0.056634;0.490748;0.059952;0.000000;-0.198729;-0.127400;0.000000;0.000000;-0.034471;0.630314;-0.050166;0.132000;10.457486;4.559407;13.803099;5.017653;0.953637;0.000000;10.083329;3.017578;0.700321;113.918422;2334.720058
3.000000;3.000000;0.000000;0.000000;3.000000;0.000000;0.000000;0.000000;0.000000;0.000000;0.000000;0.000000;918.000000;-0.000000;0.028760;0.438060;1.017837;1.035993;1.018244;0.238255;-0.563422;-0.868514;1.532573;0.068627;0.068627;0.501961;52.924525;2.136421;9.686341;8.820450;2.523780;6.369467;10.009729;0.643844;0.796911;-0.256765;3.091125;0.058824;0.058824;0.000000;9895.030143;0.190458;-0.613582;-0.449845;1.329501;1.767572;1.464259;0.469159;-0.372819;0.128913;1.450507;0.127451;0.127451;1.505882;128.566769;2.027470;0.228022;2.343850;28.932049;837.063486;28.932948;12.637467;-0.305885;0.448904;28.773750;0.186275;0.186275;1.003922;42705.974067;2.665838;11.355401;16.975500;29.935695;896.145836;32.017042;5.150025;-0.023581;-1.439370;57.681000;0.029412;0.029412;0.501961;58855.847780;1.367640;0.000000;0.000000;-0.251183;0.227604;0.430206;0.231168;0.000000;0.072726;-0.252648;0.000000;0.000000;0.327080;0.736569;-0.212866;0.035456;10.213294;5.920118;13.583578;6.510243;0.968538;0.000000;9.832832;3.017578;-0.990768;110.231493;1864.350513
3.000000;3.000000;0.000000;0.000000;3.000000;0.000000;0.000000;0.000000;0.000000;0.000000;0.000000;0.000000;918.000000;-0.000000;0.144293;0.270680;1.026001;1.052677;1.036097;0.230321;-0.259374;-0.631023;1.545437;0.088235;0.088235;1.003922;55.827715;2.185961;9.683741;9.130100;2.120324;4.495773;9.913154;0.500740;1.042597;0.614506;2.005025;0.058824;0.058824;0.000000;9794.321221;0.155068;0.120268;0.513450;1.377887;1.898571;1.383125;0.395138;-0.702640;-0.297669;1.984035;0.049020;0.049020;1.003922;98.304999;1.829409;-4.135374;-0.323815;33.312622;1109.730792;33.568320;12.379776;-0.131296;-0.813269;51.474000;0.137255;0.137255;1.003922;58350.264731;2.188671;42.432732;39.860500;53.359557;2847.242283;68.174622;4.962236;0.419112;-0.751637;61.205625;0.049020;0.049020;0.000000;328888.895778;1.360622;0.000000;0.000000;-0.156736;0.141813;0.597844;0.073990;0.000000;0.363360;-0.129705;0.000000;0.000000;0.301439;0.268828;-0.197932;0.145660;10.202361;4.255945;13.558955;4.574059;1.029327;0.000000;9.818178;3.017578;-0.228598;108.344114;5776.524203
3.000000;3.000000;0.000000;0.000000;3.000000;0.000000;0.000000;0.000000;0.000000;0.000000;0.000000;0.000000;918.000000;-0.000000;0.484837;0.537300;0.971476;0.943765;1.085740;0.236638;0.025720;-1.316742;1.888548;0.088235;0.088235;0.000000;72.109740;2.020630;9.755268;9.646800;1.510100;2.280401;9.871456;0.396572;1.405599;2.544533;1.238475;0.107843;0.107843;0.000000;9823.168454;0.092769;0.514462;0.924405;1.113747;1.240433;1.226827;0.341096;-1.429058;1.924629;1.120963;0.098039;0.098039;0.000000;90.258590;2.064398;-0.582356;0.578020;27.788816;772.218271;27.794917;11.266503;0.016501;-0.521878;38.626000;0.166667;0.166667;1.003922;39425.706000;2.327526;76.972127;63.870500;41.193313;1696.889020;87.301761;5.612515;0.176888;-1.366759;69.024750;0.039216;0.039216;0.000000;690862.974707;0.455967;0.000000;0.000000;0.450776;-0.077573;0.470636;0.076712;0.000000;0.402618;-0.017290;0.000000;0.000000;0.021427;0.256828;-0.086502;0.286574;10.269043;2.171236;13.677250;2.577549;0.678540;0.000000;9.942241;3.017578;0.304008;107.624480;8395.659938
3.000000;3.000000;0.000000;0.000000;3.000000;0.000000;0.000000;0.000000;0.000000;0.000000;0.000000;0.000000;918.000000;-0.000000;0.445687;0.505410;1.019888;1.040171;1.113018;0.309949;-0.066689;-0.252730;1.548105;0.127451;0.127451;0.000000;73.366621;2.405911;9.570685;9.619800;1.426771;2.035677;9.676450;0.551703;0.630356;0.069521;1.646650;0.186275;0.186275;0.000000;9447.003190;0.087735;0.777610;0.803780;0.793687;0.629939;1.111133;0.416346;0.154695;0.537093;0.828682;0.235294;0.235294;0.000000;93.825537;1.617006;0.224234;-1.973650;23.641202;558.906446;23.642266;12.898459;0.417228;-0.370128;33.034250;0.205882;0.205882;1.505882;28658.599348;2.965509;43.478266;33.239500;43.414239;1884.796168;61.442296;7.202560;0.610974;-0.604776;60.429850;0.068627;0.068627;0.000000;288951.412042;1.210309;0.000000;0.000000;0.374464;-0.106170;-0.000452;0.074195;0.000000;0.283691;0.189072;0.000000;0.000000;-0.425189;0.508715;-0.117565;0.401660;10.097488;1.913243;13.494166;2.298479;0.807823;0.000000;9.811309;3.017578;0.778403;103.872502;4335.347108
3.000000;3.000000;0.000000;0.000000;3.000000;0.000000;0.000000;0.000000;0.000000;0.000000;0.000000;0.000000;918.000000;-0.000000;0.300704;0.418390;1.050339;1.103211;1.092536;0.431236;-0.153966;-0.098193;1.496158;0.147059;0.147059;2.509804;65.489675;2.634063;9.794809;9.033800;2.367422;5.604687;10.076853;1.046456;1.438978;3.458194;3.451425;0.137255;0.137255;0.000000;10071.604220;0.193213;0.833628;0.833440;1.096297;1.201868;1.377245;0.725400;-0.312842;3.301298;0.906247;0.274510;0.274510;0.000000;132.283757;2.316040;-1.173626;-6.702000;31.435249;988.174901;31.457150;20.417364;-0.485598;2.005914;45.792500;0.254902;0.254902;1.003922;50778.283797;3.280548;11.704494;8.908100;20.453602;418.349841;23.565760;10.416597;0.052646;0.367961;29.966375;0.156863;0.156863;0.000000;35345.272832;2.363076;0.000000;0.000000;0.035322;-0.324899;0.132785;-0.183189;0.000000;0.227043;-0.235996;0.000000;0.000000;-0.367215;0.114643;-0.330865;0.403173;10.320601;5.221803;13.698630;5.661909;1.112404;0.000000;9.777485;3.017578;0.895586;111.736601;1546.794126
3.000000;3.000000;0.000000;0.000000;3.000000;0.000000;0.000000;0.000000;0.000000;0.000000;0.000000;0.000000;918.000000;-0.000000;0.431787;0.489710;1.076302;1.158426;1.159684;0.400091;0.065808;-0.298619;1.568117;0.166667;0.166667;0.000000;78.103066;2.463940;10.105738;9.376450;2.279778;5.197389;10.359698;0.935471;1.324093;3.574228;3.249400;0.117647;0.117647;0.000000;10682.862660;0.173428;1.337103;1.381350;1.240422;1.538647;1.823867;0.678996;-0.440249;2.429023;1.267730;0.215686;0.215686;0.000000;261.007794;1.539507;-3.250205;3.075000;35.762124;1278.929541;35.909516;17.936050;-1.091538;1.445521;44.722000;0.196078;0.196078;1.003922;66415.336517;2.975720;56.026699;42.262000;52.097531;2714.152758;76.505841;9.300760;0.182442;-1.316029;94.459700;0.029412;0.029412;0.000000;458668.850422;0.899629;0.000000;0.000000;-0.106760;-0.246498;0.376198;0.146205;0.000000;-0.060973;-0.117241;0.000000;0.000000;-0.172657;0.074602;-0.207876;0.338660;10.624757;4.782732;14.054907;5.265935;1.152809;0.000000;10.319522;3.017578;1.175790;117.668201;7145.963615
3.000000;3.000000;0.000000;0.000000;3.000000;0.000000;0.000000;0.000000;0.000000;0.000000;0.000000;0.000000;918.000000;-0.000000;0.110582;0.011898;1.383512;1.914104;1.387924;0.322524;0.202817;-0.957527;1.990790;0.068627;0.068627;0.501961;98.886611;2.007533;10.223659;9.966800;1.719392;2.956310;10.367232;0.551014;0.835850;0.195510;2.355175;0.127451;0.127451;0.000000;10812.834375;0.107144;1.324292;1.294650;1.065123;1.134488;1.699481;0.446237;0.051728;1.131504;1.354617;0.137255;0.137255;0.000000;236.760941;1.223407;0.774423;7.149850;32.408209;1050.292032;32.417461;12.452093;-1.103914;1.087344;33.171750;0.156863;0.156863;1.003922;53673.386117;2.251386;80.055639;85.036000;39.944363;1595.552115;89.467634;6.334625;-0.254837;-0.944665;65.628000;0.039216;0.039216;0.000000;735082.971023;0.452143;0.000000;0.000000;-0.269935;-0.104995;0.483284;0.247951;0.000000;-0.160249;-0.289501;0.000000;0.000000;0.266003;0.570519;-0.196638;0.016453;10.756331;2.707176;14.397828;3.294469;1.624167;0.000000;10.057604;3.017578;1.766420;118.405842;9058.237483
3.000000;3.000000;0.000000;0.000000;3.000000;0.000000;0.000000;0.000000;0.000000;0.000000;0.000000;0.000000;918.000000;-0.000000;0.052488;0.094932;1.286179;1.654256;1.287249;0.289836;-0.037964;-1.185451;2.304050;0.068627;0.068627;1.003922;84.667726;2.005356;9.942633;9.779400;2.211760;4.891881;10.185668;0.676803;0.560874;0.022011;2.282775;0.107843;0.107843;0.000000;10332.911607;0.161182;0.253539;0.461115;1.220638;1.489956;1.246691;0.399578;-0.856345;0.229922;1.219718;0.137255;0.137255;1.505882;82.544853;2.268284;6.463442;5.778100;22.516811;507.006790;23.426115;11.783566;-0.270638;0.222736;28.548850;0.186275;0.186275;0.000000;30129.251135;2.791135;35.305343;29.408500;37.399372;1398.712992;51.431316;5.911671;0.822904;0.016681;38.618000;0.049020;0.049020;0.000000;198496.012327;1.416828;0.000000;0.000000;-0.149231;0.068120;0.610924;0.069344;0.000000;-0.076444;-0.088069;0.000000;0.000000;0.296148;0.429945;-0.050257;-0.054190;10.482728;4.517254;14.075298;4.995596;1.615355;0.000000;10.078665;3.017578;0.605007;114.404850;3195.517365
3.000000;3.000000;0.000000;0.000000;3.000000;0.000000;0.000000;0.000000;0.000000;0.000000;0.000000;0.000000;918.000000;-0.000000;0.192801;0.398895;0.991136;0.982351;1.009714;0.213409;-0.556090;-0.689843;1.500435;0.088235;0.088235;0.501961;53.946149;1.963171;9.576206;9.523600;2.262252;5.117785;9.839792;0.644778;0.571168;-0.354887;3.184625;0.117647;0.117647;0.000000;9614.792537;0.168223;-0.397801;-0.159425;1.183464;1.400586;1.248532;0.371465;-0.870693;0.347523;1.313948;0.127451;0.127451;1.505882;87.618523;2.019695;3.968669;4.409650;16.965973;287.844246;17.423966;9.199430;0.012520;-0.459004;23.822925;0.186275;0.186275;4.015686;16298.366819;2.951918;14.046030;14.857000;19.471324;379.132460;24.008820;4.642055;-0.061713;-1.318135;33.093775;0.088235;0.088235;0.000000;39461.567517;1.486061;0.000000;0.000000;-0.166855;-0.124097;0.225472;0.053559;0.000000;0.122947;-0.233357;0.000000;0.000000;0.317131;0.575156;0.005211;0.143734;10.104046;4.749275;13.437389;5.202362;0.958172;0.000000;9.535687;3.017578;-0.353406;106.841027;881.576841
3.000000;3.000000;0.000000;0.000000;3.000000;0.000000;0.000000;0.000000;0.000000;0.000000;0.000000;0.000000;918.000000;-0.000000;0.136804;0.114110;0.932484;0.869526;0.942466;0.201572;-0.281052;-0.336628;1.308080;0.127451;0.127451;0.501961;46.255065;1.904759;9.694711;9.326500;1.914179;3.664082;9.881877;0.475012;0.695884;-0.334664;2.396975;0.117647;0.117647;0.000000;9773.600789;0.131400;0.223249;0.001183;1.747657;3.054304;1.761858;0.391519;-0.073768;-0.309608;2.128697;0.098039;0.098039;0.501961;160.859775;1.714510;-9.913975;-3.973650;29.356312;861.793053;30.985157;9.525781;-2.073036;5.853452;32.172400;0.117647;0.117647;0.501961;53983.390676;2.420295;43.337101;33.552500;38.527614;1484.377012;57.986907;4.568594;0.325241;-1.079423;58.380500;0.029412;0.029412;0.000000;267304.039518;1.064340;0.000000;0.000000;-0.111230;-0.050086;0.715192;-0.130814;0.000000;0.111830;-0.263899;0.000000;0.000000;-0.157750;0.121061;-0.188837;0.244110;10.201237;3.474507;13.441343;3.714534;0.863961;0.000000;9.849456;3.017578;-0.403951;107.539741;4325.665437
3.000000;3.000000;0.000000;0.000000;3.000000;0.000000;0.000000;0.000000;0.000000;0.000000;0.000000;0.000000;918.000000;-0.000000;0.395902;0.368135;0.785447;0.616926;0.879582;0.210593;-0.053050;-1.020682;1.363895;0.088235;0.088235;0.000000;47.455530;1.960404;9.658706;9.613700;1.370877;1.879303;9.755506;0.386159;0.994359;1.533850;1.398275;0.127451;0.127451;0.000000;9611.494125;0.081663;1.028087;1.170550;1.424325;2.028702;1.756606;0.337784;-0.998258;1.488011;0.983763;0.156863;0.156863;0.000000;211.284185;1.561878;-6.685821;-1.692350;32.890171;1081.763332;33.562830;10.190374;-1.457524;3.646289;35.425250;0.117647;0.117647;0.501961;59734.691377;2.319238;73.005462;75.783500;40.416984;1633.532594;83.446570;5.400879;-0.070004;-1.212513;73.460250;0.039216;0.039216;0.000000;626949.545711;0.468973;0.000000;0.000000;0.422787;0.169027;0.468970;0.332926;0.000000;0.218403;-0.149294;0.000000;0.000000;-0.402012;0.331809;-0.340499;0.359964;10.157674;1.765232;13.394110;2.046406;0.474539;0.000000;9.830715;3.017578;0.762493;104.943567;8092.879244
3.000000;3.000000;0.000000;0.000000;3.000000;0.000000;0.000000;0.000000;0.000000;0.000000;0.000000;0.000000;918.000000;-0.000000;0.368842;0.503400;0.919500;0.845480;0.990719;0.240451;-0.677687;-0.206352;1.289488;0.088235;0.088235;0.501961;57.001625;1.755383;9.510235;9.529900;1.399907;1.959739;9.612716;0.472707;0.582385;0.480202;1.719225;0.156863;0.156863;0.000000;9325.294653;0.082742;1.555101;1.380900;0.780089;0.608539;1.739792;0.305453;0.796315;0.055323;0.926225;0.088235;0.088235;0.000000;277.714641;0.583358;-0.002984;4.453800;29.978456;898.707838;29.978456;11.397026;-1.421040;3.243853;32.489250;0.166667;0.166667;1.505882;45841.645583;2.583379;44.947723;31.771000;47.138283;2222.017678;65.133059;6.322399;0.780310;-0.644634;60.127850;0.029412;0.029412;0.000000;319400.580930;1.090583;0.000000;0.000000;0.063820;-0.235609;-0.538223;0.295541;0.000000;0.359720;0.003558;0.000000;0.000000;0.058681;0.386218;0.052649;-0.109200;10.030870;1.767482;13.356586;1.985226;0.847767;0.000000;9.729855;3.017578;1.264312;102.385839;5144.050162
3.000000;3.000000;0.000000;0.000000;3.000000;0.000000;0.000000;0.000000;0.000000;0.000000;0.000000;0.000000;918.000000;-0.000000;-0.126923;-0.104161;1.031080;1.063126;1.038863;0.312651;-0.032239;-0.921984;1.520130;0.098039;0.098039;1.003922;55.932640;2.134782;9.767064;9.272150;2.242231;5.027601;10.021134;0.714967;0.664902;-0.837862;3.560325;0.137255;0.137255;0.000000;9986.761317;0.158028;2.083370;2.044550;0.734297;0.539192;2.208987;0.439818;0.132331;-0.299671;0.990900;0.235294;0.235294;0.000000;470.238731;0.392858;-2.130625;0.444490;31.847830;1014.284284;31.919020;13.495814;-0.893816;1.959616;39.842250;0.186275;0.186275;1.003922;52191.607032;2.549744;10.839217;6.507100;19.035311;362.343080;21.905061;8.360500;0.659659;-0.265585;27.864025;0.117647;0.117647;0.000000;30464.904139;2.114792;0.000000;0.000000;-0.018062;0.129215;-0.373514;-0.130222;0.000000;0.245236;-0.218585;0.000000;0.000000;0.220136;-0.084579;0.229760;0.322250;10.291136;4.594880;13.638189;5.077823;1.073208;0.000000;9.703813;3.017578;1.988017;110.502370;1503.535181
3.000000;3.000000;0.000000;0.000000;3.000000;0.000000;0.000000;0.000000;0.000000;0.000000;0.000000;0.000000;918.000000;-0.000000;-0.243144;-0.372540;1.007064;1.014178;1.036001;0.317900;0.132134;-0.683269;1.522585;0.068627;0.068627;0.501961;57.822022;2.180153;10.026139;9.127500;2.243414;5.032906;10.274063;0.628589;0.619760;-0.949110;3.669100;0.107843;0.107843;0.000000;10510.082743;0.148971;1.677559;1.638000;0.838931;0.703805;1.875636;0.500491;-0.050046;0.122092;1.203175;0.205882;0.205882;0.000000;323.035315;0.670567;-1.077996;2.414850;29.399730;864.344115;29.419487;13.517832;-0.295034;0.187699;45.948500;0.127451;0.127451;1.003922;44200.657444;2.418129;56.723407;40.327500;58.700203;3445.713776;81.628786;8.288446;0.487857;-1.200393;108.688975;0.029412;0.029412;0.000000;503924.521560;0.934645;0.000000;0.000000;0.042575;0.230352;-0.409240;-0.270203;0.000000;0.189780;0.038148;0.000000;0.000000;-0.219734;0.149386;0.111328;0.276539;10.536490;4.612045;13.908402;5.085060;1.021896;0.000000;10.121502;3.017578;1.838811;115.629671;7532.282929
3.000000;3.000000;0.000000;0.000000;3.000000;0.000000;0.000000;0.000000;0.000000;0.000000;0.000000;0.000000;918.000000;-0.000000;0.184135;0.377235;1.137744;1.294460;1.152548;0.283969;-0.160286;-0.901132;1.831715;0.068627;0.068627;2.007843;69.480390;1.846688;9.960217;9.252950;1.996687;3.986759;10.158380;0.514092;0.937572;0.257753;2.500425;0.098039;0.098039;0.000000;10322.328334;0.138238;0.684620;0.928395;1.307548;1.709681;1.475935;0.480861;-1.912405;4.339106;0.889668;0.235294;0.235294;0.000000;135.001999;2.197477;-1.652286;8.462550;32.194556;1036.489452;32.236928;12.289228;-0.632494;0.096047;44.018250;0.107843;0.107843;0.501961;53139.502040;2.438160;80.829172;89.226000;48.969572;2398.018986;94.505947;6.035263;-0.084758;-1.023467;75.963250;0.039216;0.039216;0.000000;788701.701110;0.530723;0.000000;0.000000;0.316633;0.029630;0.465140;0.127495;0.000000;0.511848;0.175243;0.000000;0.000000;0.042606;0.158500;-0.190669;0.102726;10.482849;3.630928;13.959467;4.208140;1.125369;0.000000;10.017348;3.017578;0.969559;113.521041;9972.771850
3.000000;3.000000;0.000000;0.000000;3.000000;0.000000;0.000000;0.000000;0.000000;0.000000;0.000000;0.000000;918.000000;-0.000000;-0.026001;0.218985;1.192165;1.421258;1.192449;0.250607;-0.138374;-0.758479;1.794922;0.039216;0.039216;0.501961;72.555955;1.448092;9.979795;9.602800;2.178169;4.744421;10.214731;0.578125;0.675921;-0.137516;2.761375;0.098039;0.098039;0.000000;10400.862078;0.149889;0.002353;0.309345;1.488332;2.215131;1.488333;0.462026;-0.908838;0.296327;1.903347;0.088235;0.088235;1.003922;112.980724;1.994399;8.414291;12.315000;28.665336;821.701515;29.874769;10.489472;-0.678358;0.876604;37.165950;0.176471;0.176471;1.003922;49128.547710;2.467718;32.724502;18.933000;38.766003;1502.802985;50.731608;4.852570;0.987646;-0.271347;42.016850;0.029412;0.029412;0.000000;185912.975048;1.345745;0.000000;0.000000;0.056843;0.022138;0.213130;0.392236;0.000000;0.266869;-0.054724;0.000000;0.000000;-0.030150;0.693906;-0.036755;0.320514;10.504433;4.419546;13.978502;4.798003;1.428721;0.000000;10.114718;3.017578;0.275420;114.762665;3468.412951
3.000000;3.000000;0.000000;0.000000;3.000000;0.000000;0.000000;0.000000;0.000000;0.000000;0.000000;0.000000;918.000000;-0.000000;-0.419807;-0.522295;0.966585;0.934287;1.053815;0.237598;0.060657;-0.361847;1.404070;0.068627;0.068627;0.000000;65.645872;2.124551;9.853351;9.331200;2.293526;5.260263;10.116758;0.611814;0.629415;-0.660590;3.423875;0.078431;0.078431;0.000000;10171.307923;0.165503;-0.955987;-0.814500;1.572154;2.471669;1.839995;0.460515;-0.056848;-0.308754;1.752670;0.186275;0.186275;0.000000;219.286418;1.849363;5.853865;6.879900;24.303336;590.652117;24.998397;11.338466;-0.978276;3.948237;26.444100;0.235294;0.235294;1.003922;33625.805151;2.824231;11.077989;6.430650;23.270729;541.526827;25.773022;5.042290;0.963057;0.411545;28.158000;0.068627;0.068627;0.000000;40143.766869;1.979271;0.000000;0.000000;-0.383371;0.036037;-0.316673;-0.238013;0.000000;-0.291573;-0.096144;0.000000;0.000000;-0.416024;0.527169;0.010539;0.246848;10.370212;4.918017;13.715894;5.474919;0.780963;0.000000;9.922384;3.017578;-0.435085;112.459313;1292.554095
3.000000;3.000000;0.000000;0.000000;3.000000;0.000000;0.000000;0.000000;0.000000;0.000000;0.000000;0.000000;918.000000;-0.000000;0.335888;0.453540;1.055654;1.114404;1.107802;0.197993;-0.266713;-1.152255;1.955025;0.078431;0.078431;0.501961;68.344021;1.468945;9.610007;9.407350;1.893967;3.587112;9.794863;0.544782;0.854727;0.322901;2.237700;0.127451;0.127451;0.000000;9603.018940;0.138038;-0.561687;-0.261215;1.563744;2.445295;1.661562;0.391777;-0.744307;-0.347282;2.317753;0.088235;0.088235;0.501961;156.930021;2.156489;-4.477060;-0.258250;25.196173;634.847140;25.590842;10.398381;-1.592733;3.275790;22.721250;0.176471;0.176471;0.501961;34426.764378;2.667116;49.244815;67.564000;43.854123;1923.184139;65.941155;4.846178;-0.362603;-1.519245;88.251247;0.029412;0.029412;0.000000;345465.521244;0.910600;0.000000;0.000000;-0.190709;-0.077763;0.576034;-0.137298;0.000000;-0.181046;0.013866;0.000000;0.000000;0.410802;0.781095;-0.167864;0.332281;10.142639;3.293433;13.588766;3.680659;1.067407;0.000000;9.638124;3.017578;-1.202825;106.166569;5005.887938
3.000000;3.000000;0.000000;0.000000;3.000000;0.000000;0.000000;0.000000;0.000000;0.000000;0.000000;0.000000;918.000000;-0.000000;0.857457;0.828180;0.594554;0.353495;1.043421;0.187893;-0.088823;-0.550177;0.873540;0.117647;0.117647;0.000000;93.029138;0.870349;9.367776;9.477050;1.109300;1.230545;9.433228;0.389147;0.054025;-0.532949;1.594925;0.117647;0.117647;0.000000;9013.791963;0.056050;1.186875;1.116950;0.825757;0.681874;1.445872;0.284935;-0.382885;0.759916;1.025848;0.166667;0.166667;0.000000;178.476883;0.947907;-5.825551;-0.042140;26.265159;689.858572;26.903450;8.074788;-1.128002;1.341256;25.975875;0.088235;0.088235;1.505882;38646.573203;2.474932;77.650339;88.790000;28.636473;820.047614;82.762448;5.355789;-1.355121;0.859070;26.287750;0.117647;0.117647;0.000000;656851.183481;0.347628;0.000000;0.000000;-0.118608;0.273186;-0.375944;0.062482;0.000000;0.020535;0.385718;0.000000;0.000000;-0.153118;-0.042829;-0.073347;0.133944;9.898043;1.103261;13.268746;1.249720;0.350004;0.000000;9.506480;3.017578;0.817795;99.074509;7575.508956
3.000000;3.000000;0.000000;0.000000;3.000000;0.000000;0.000000;0.000000;0.000000;0.000000;0.000000;0.000000;918.000000;-0.000000;0.165281;0.136590;0.921071;0.848372;0.935783;0.318296;0.009344;-0.725048;1.365110;0.078431;0.078431;0.501961;46.177091;2.220155;9.701634;9.292250;1.742070;3.034808;9.856801;0.578078;1.343235;1.315785;1.813125;0.127451;0.127451;0.000000;9755.285436;0.119376;1.612251;1.659250;0.624558;0.390073;1.728996;0.396457;-0.110943;-0.031829;0.898050;0.225490;0.225490;0.000000;285.055236;0.457377;-0.274739;4.209900;23.559127;555.032473;23.560729;10.452357;-1.036791;1.171714;24.155250;0.196078;0.196078;1.505882;28315.177349;2.606006;36.959604;17.556000;42.369147;1795.144642;56.224167;8.111026;0.475971;-1.286131;80.810825;0.049020;0.049020;0.000000;230926.213636;1.291860;0.000000;0.000000;-0.229340;0.005724;-0.087084;-0.071714;0.000000;-0.117900;0.033504;0.000000;0.000000;-0.008810;0.285269;-0.277153;0.193226;10.209283;2.802756;13.487424;3.125727;0.795900;0.000000;9.631791;3.017578;1.642965;107.032206;3719.254332
3.000000;3.000000;0.000000;0.000000;3.000000;0.000000;0.000000;0.000000;0.000000;0.000000;0.000000;0.000000;918.000000;-0.000000;-0.153366;-0.252305;0.896755;0.804169;0.909775;0.339681;0.417729;-0.335568;1.407563;0.088235;0.088235;0.501961;43.561934;2.635851;9.767304;8.866750;2.339468;5.473111;10.043572;0.804935;0.960380;-0.329289;2.962975;0.078431;0.078431;0.000000;10009.964812;0.177406;1.528420;1.520150;0.739165;0.546364;1.697772;0.527936;-0.217329;-0.124666;1.025575;0.264706;0.264706;0.000000;266.143416;0.686751;-1.611126;-2.629050;21.038930;442.636596;21.100529;12.878580;-0.428642;1.293120;26.052750;0.245098;0.245098;1.003922;22839.240785;2.999324;16.748210;5.948900;26.730470;714.518042;31.543947;9.338064;0.973740;0.594655;31.281263;0.107843;0.107843;0.000000;65065.744964;2.030733;0.000000;0.000000;-0.136130;-0.171482;0.246681;-0.039474;0.000000;0.140729;-0.051217;0.000000;0.000000;-0.296733;-0.161793;-0.241222;0.112162;10.278614;5.051129;13.528936;5.544877;0.794555;0.000000;10.056480;3.017578;1.472243;110.701028;1443.135320
3.000000;3.000000;0.000000;0.000000;3.000000;0.000000;0.000000;0.000000;0.000000;0.000000;0.000000;0.000000;918.000000;-0.000000;0.543968;0.562940;1.103601;1.217936;1.230381;0.305858;-0.166906;-1.068086;2.060192;0.107843;0.107843;0.000000;92.296864;1.978460;9.907871;9.574750;2.197987;4.831147;10.148746;0.716109;0.683069;-0.450145;3.411600;0.117647;0.117647;0.000000;10259.320576;0.160251;1.128683;1.084100;1.046115;1.094356;1.538922;0.487734;-0.095612;-0.226617;1.325730;0.215686;0.215686;0.000000;185.754385;1.361079;3.344395;3.051550;24.133498;582.425741;24.364128;12.965131;-0.015676;1.303390;27.689375;0.186275;0.186275;0.501961;30855.866267;2.771223;63.697622;67.961500;47.061269;2214.763002;79.196906;8.864899;0.040657;-1.185982;86.560250;0.029412;0.029412;0.000000;526824.926859;0.839181;0.000000;0.000000;0.169859;-0.203759;-0.366728;0.130689;0.000000;0.418592;0.041828;0.000000;0.000000;-0.175809;0.279223;-0.116125;0.016387;10.443124;4.452039;13.951965;4.925829;1.183146;0.000000;9.828952;3.017578;1.422899;113.510885;6868.128993
3.000000;3.000000;0.000000;0.000000;3.000000;0.000000;0.000000;0.000000;0.000000;0.000000;0.000000;0.000000;918.000000;-0.000000;0.386633;0.672810;1.352252;1.828586;1.406439;0.293742;-0.394970;-1.165014;2.493340;0.068627;0.068627;0.501961;108.511313;1.850207;10.083031;9.888100;1.975638;3.903145;10.274759;0.603934;0.469732;-0.232764;2.300325;0.127451;0.127451;0.000000;10569.150783;0.136045;-0.004065;0.114935;1.345666;1.810817;1.345672;0.466242;-0.397089;0.766251;1.540838;0.127451;0.127451;0.501961;92.356402;2.375111;10.745751;11.320000;20.830989;433.930103;23.439310;12.618364;0.283164;0.275179;28.175025;0.254902;0.254902;0.000000;33910.400400;2.406151;76.061941;69.093500;34.365980;1181.020567;83.465199;7.469723;0.428614;-0.936895;56.861500;0.098039;0.098039;0.000000;650344.776641;0.421031;0.000000;0.000000;-0.120422;0.118159;0.249402;-0.082278;0.000000;0.071893;-0.138339;0.000000;0.000000;0.212681;0.415930;0.114325;0.159263;10.626406;3.628228;14.354056;3.991017;1.797464;0.000000;10.426908;3.017578;0.518313;116.548738;7517.651566
3.000000;3.000000;0.000000;0.000000;3.000000;0.000000;0.000000;0.000000;0.000000;0.000000;0.000000;0.000000;918.000000;-0.000000;-0.343604;-0.341260;1.221022;1.490894;1.268447;0.308732;-0.056377;-1.460591;2.353440;0.049020;0.049020;2.509804;88.080961;2.275933;9.819422;9.440050;2.444343;5.974812;10.119084;0.673823;0.437153;-0.747016;3.661000;0.068627;0.068627;0.000000;10139.716747;0.184756;-1.143929;-0.774665;1.604950;2.575865;1.970898;0.527314;-0.432977;-0.576499;2.475756;0.117647;0.117647;0.000000;264.843662;1.619428;8.360209;10.928000;29.210780;853.269689;30.383594;14.231503;0.261111;0.513713;34.685650;0.176471;0.176471;1.003922;50649.015460;2.697110;29.575213;38.010500;32.909114;1083.009764;44.245938;6.326983;-0.338745;-0.970785;56.278057;0.078431;0.078431;0.000000;144457.818489;1.144328;0.000000;0.000000;-0.325584;0.082016;-0.003550;0.042900;0.000000;-0.106343;-0.083783;0.000000;0.000000;-0.120738;0.330355;-0.138985;-0.123908;10.367638;5.516884;13.947417;6.237497;1.302127;0.000000;10.029822;3.017578;-0.773361;113.004810;2884.750238
3.000000;3.000000;0.000000;0.000000;3.000000;0.000000;0.000000;0.000000;0.000000;0.000000;0.000000;0.000000;918.000000;-0.000000;0.004984;0.190630;1.115934;1.245310;1.115946;0.338571;-0.330257;-0.659636;1.730100;0.127451;0.127451;0.501961;63.521160;2.278934;9.705249;9.359150;2.392101;5.722146;9.995699;0.628976;0.479476;-0.790960;3.708250;0.088235;0.088235;0.000000;9899.399079;0.180079;-0.948898;-0.739070;1.691598;2.861503;1.939564;0.530457;-0.360160;-0.630659;2.301435;0.137255;0.137255;0.000000;237.800205;1.957417;-6.592010;-4.487950;39.038153;1523.977396;39.590807;14.544616;-0.341340;1.095643;43.710000;0.196078;0.196078;1.003922;82156.072254;2.330061;34.285321;31.496000;39.140329;1531.965331;52.033149;6.084607;0.038289;-0.925944;67.376557;0.058824;0.058824;0.000000;198032.787779;1.201267;0.000000;0.000000;0.074770;-0.044432;0.117495;-0.101655;0.000000;-0.372348;-0.189542;0.000000;0.000000;0.051429;0.311817;-0.037468;-0.238312;10.240200;5.297639;13.620445;5.787770;1.248671;0.000000;9.987249;3.017578;-1.290183;110.159339;4278.642481
3.000000;3.000000;0.000000;0.000000;3.000000;0.000000;0.000000;0.000000;0.000000;0.000000;0.000000;0.000000;918.000000;-0.000000;0.530859;0.601515;0.879698;0.773868;1.027462;0.266838;-0.438471;-0.204672;1.229440;0.078431;0.078431;0.000000;68.223980;2.020861;9.706481;9.822100;1.418096;2.010997;9.809525;0.364287;0.589936;1.421942;1.344200;0.117647;0.117647;0.000000;9712.586694;0.079864;-0.123820;0.048067;1.030627;1.062192;1.038038;0.373996;-0.733993;-0.003370;1.254370;0.127451;0.127451;2.509804;55.830156;2.583086;-11.691127;-4.572850;28.901885;835.318949;31.176937;9.511588;-1.818822;4.026701;23.734000;0.156863;0.156863;0.501961;56543.804450;2.309844;82.564221;76.051000;39.283978;1543.230930;91.433481;5.192673;0.003123;-1.066954;60.025250;0.039216;0.039216;0.000000;774024.396976;0.410267;0.000000;0.000000;0.355658;0.126293;-0.004048;0.496792;0.000000;-0.342075;-0.210532;0.000000;0.000000;-0.190980;-0.000464;0.276889;-0.289313;10.217167;1.891954;13.563435;2.174988;0.637449;0.000000;9.718807;3.017578;-0.364944;106.282457;9333.160365
3.000000;3.000000;0.000000;0.000000;3.000000;0.000000;0.000000;0.000000;0.000000;0.000000;0.000000;0.000000;918.000000;-0.000000;0.338391;0.379365;0.897897;0.806220;0.959546;0.275474;-0.264369;-0.941545;1.403490;0.107843;0.107843;0.501961;52.803435;2.318950;9.804039;9.812350;1.392801;1.939895;9.902478;0.420799;1.502854;3.211054;1.444675;0.156863;0.156863;0.000000;9903.237406;0.079516;0.692419;0.664085;0.906963;0.822581;1.141063;0.371115;-0.067816;-0.838633;1.447729;0.156863;0.156863;0.000000;90.856921;1.670415;-5.160929;-4.719400;21.144502;447.089963;21.765228;9.581467;-0.138754;0.323771;23.734000;0.225490;0.225490;1.505882;25518.377308;2.693423;54.884519;38.217000;57.495305;3305.710125;79.485977;6.014535;0.293968;-1.430122;111.073350;0.029412;0.029412;0.000000;475855.184771;1.078926;0.000000;0.000000;0.235742;-0.505191;-0.733622;0.175370;0.000000;-0.081731;0.053311;0.000000;0.000000;-0.375292;0.391023;-0.252365;0.398010;10.304398;1.799191;13.616522;2.031900;0.741403;0.000000;9.859951;3.017578;0.315069;107.979808;6793.047688
3.000000;3.000000;0.000000;0.000000;3.000000;0.000000;0.000000;0.000000;0.000000;0.000000;0.000000;0.000000;918.000000;-0.000000;-0.040096;-0.080593;0.821551;0.674946;0.822529;0.281522;0.119465;-0.675334;1.224823;0.107843;0.107843;0.501961;34.671211;2.605283;9.484666;8.715500;1.950469;3.804330;9.683141;0.595836;1.303261;0.687217;2.012500;0.068627;0.068627;0.000000;9369.972287;0.138607;1.697564;1.714500;0.827774;0.685209;1.888632;0.422160;0.068665;0.890463;0.845875;0.235294;0.235294;0.000000;328.955187;0.622755;-1.398090;0.683460;23.542632;554.255521;23.584109;10.717267;-0.296023;-0.348743;36.565250;0.166667;0.166667;0.501961;28475.401388;2.681301;1.685504;-0.749350;20.733683;429.885611;20.802080;7.159035;0.630289;0.167015;28.838000;0.088235;0.088235;1.003922;22226.682598;2.399045;0.000000;0.000000;-0.098053;-0.059817;-0.002087;0.047349;0.000000;-0.209168;0.302303;0.000000;0.000000;-0.203281;-0.137371;0.055545;0.404659;9.995921;3.521325;13.153570;3.849943;0.673682;0.000000;9.632454;3.017578;1.541203;103.439767;992.503641
3.000000;3.000000;0.000000;0.000000;3.000000;0.000000;0.000000;0.000000;0.000000;0.000000;0.000000;0.000000;918.000000;-0.000000;-0.055093;0.019511;1.081300;1.169209;1.082702;0.313667;-0.323655;-0.445565;1.459658;0.088235;0.088235;1.505882;60.020525;2.557782;9.716331;8.631250;2.546309;6.483691;10.044441;0.772008;1.063847;-0.023161;3.378675;0.058824;0.058824;0.000000;9960.508226;0.196246;1.948536;1.861800;0.905675;0.820247;2.148730;0.544874;0.296831;0.447578;1.046475;0.284314;0.284314;0.000000;429.111164;0.622373;5.082379;6.876350;22.356116;499.795912;22.926545;10.980164;-0.173371;-0.616277;31.518350;0.147059;0.147059;1.505882;28125.817575;2.918493;-19.024789;-16.799000;29.518230;871.325925;35.117923;8.902746;-0.280387;-0.139655;38.496150;0.107843;0.107843;0.000000;81363.485845;1.805373;0.000000;0.000000;-0.443980;0.264949;0.351892;0.404525;0.000000;-0.528620;0.265038;0.000000;0.000000;-0.268147;-0.357712;0.190847;0.370070;10.248741;6.026346;13.572587;6.818229;0.910442;0.000000;9.618593;3.017578;2.001949;111.063030;1763.512032
3.000000;3.000000;0.000000;0.000000;3.000000;0.000000;0.000000;0.000000;0.000000;0.000000;0.000000;0.000000;918.000000;-0.000000;-0.205320;0.032150;1.195926;1.430239;1.213423;0.331011;-0.208852;-0.982878;1.974657;0.088235;0.088235;0.501961;77.242171;2.441769;10.098132;9.926000;2.448345;5.994391;10.390701;0.794745;0.595582;-0.227411;3.518125;0.117647;0.117647;0.000000;10707.010140;0.190100;1.281892;1.278000;1.203118;1.447492;1.758050;0.583296;-0.238826;0.373480;1.169500;0.254902;0.254902;0.000000;241.440821;1.393894;-0.715123;6.661250;30.134406;908.082397;30.142890;13.883190;-0.371167;-0.249203;39.972500;0.166667;0.166667;0.501961;46365.249072;2.733008;-44.418700;-44.112500;27.474099;754.826131;52.228795;9.047932;0.432154;-0.376575;41.232750;0.068627;0.068627;0.000000;239750.095498;0.812066;0.000000;0.000000;-0.321328;0.008149;0.273722;0.361149;0.000000;-0.367871;0.284114;0.000000;0.000000;-0.075551;-0.246517;0.158615;0.065539;10.626606;5.514312;14.092791;6.241929;1.256212;0.000000;10.299333;3.017578;1.467962;118.439063;3639.531577
3.000000;3.000000;0.000000;0.000000;3.000000;0.000000;0.000000;0.000000;0.000000;0.000000;0.000000;0.000000;918.000000;-0.000000;-0.164961;-0.157455;0.974906;0.950441;0.988763;0.308874;-0.130028;-0.700062;1.448867;0.127451;0.127451;1.003922;51.254756;2.405071;9.700611;9.552500;2.121593;4.501158;9.929905;0.698591;0.586852;-0.045754;2.857025;0.127451;0.127451;0.000000;9828.273039;0.162206;0.999551;1.180050;0.970909;0.942665;1.393473;0.469568;-0.831324;0.371622;1.266942;0.176471;0.176471;0.000000;149.997217;1.479399;-1.807121;2.184500;29.523504;871.637264;29.578758;14.359412;-0.282592;0.173627;31.970500;0.205882;0.205882;3.513725;44832.167014;2.896103;-24.253592;-26.839000;38.609750;1490.712773;45.595498;8.009513;0.190728;-0.982645;65.709225;0.078431;0.078431;0.000000;136035.177651;1.303962;0.000000;0.000000;-0.061407;-0.208482;0.108009;0.046279;0.000000;-0.146611;-0.199119;0.000000;0.000000;-0.035649;0.156099;0.067750;0.028319;10.221566;4.100243;13.500407;4.550306;0.955269;0.000000;9.928416;3.017578;0.830539;108.580661;2955.794195
3.000000;3.000000;0.000000;0.000000;3.000000;0.000000;0.000000;0.000000;0.000000;0.000000;0.000000;0.000000;918.000000;-0.000000;-0.501480;-0.774645;1.097130;1.203694;1.206307;0.306933;0.151225;0.541657;1.364257;0.107843;0.107843;0.000000;87.043989;2.149303;9.886875;9.521400;1.650827;2.725230;10.023749;0.447824;0.619240;-0.002374;2.016350;0.078431;0.078431;0.000000;10109.518044;0.095137;-0.603184;-0.452890;1.774912;3.150311;1.874604;0.438155;-0.389195;-0.273047;2.468612;0.127451;0.127451;1.505882;197.836928;1.787365;4.634798;5.526500;11.945640;142.698316;12.813261;7.943217;-0.090471;-0.138441;16.921875;0.196078;0.196078;0.000000;9473.678632;2.895263;34.730218;25.554500;41.655721;1735.199090;54.234556;6.652164;1.393108;1.240650;33.487750;0.088235;0.088235;0.000000;211527.037659;1.330638;0.000000;0.000000;-0.011572;0.252077;-0.093399;0.007463;0.000000;-0.105929;0.030598;0.000000;0.000000;-0.186309;0.403575;-0.065798;-0.061597;10.409327;2.576616;13.886654;2.752504;1.215320;0.000000;9.866206;3.017578;0.014841;110.930712;3109.080918
3.000000;3.000000;0.000000;0.000000;3.000000;0.000000;0.000000;0.000000;0.000000;0.000000;0.000000;0.000000;918.000000;-0.000000;-0.565275;-0.588475;0.977997;0.956478;1.129608;0.299491;-0.287348;0.832966;1.374297;0.088235;0.088235;0.000000;81.385964;2.189584;9.675264;9.329800;1.865059;3.478447;9.853384;0.459582;0.502384;-0.423144;2.645525;0.078431;0.078431;0.000000;9725.695800;0.110522;-1.648931;-1.328900;1.255309;1.575802;2.072384;0.441450;-0.598731;0.388894;1.740950;0.098039;0.098039;0.000000;357.715875;0.982802;0.920734;0.673175;10.542150;111.136933;10.582282;7.073762;0.070044;0.520054;11.124150;0.254902;0.254902;1.505882;5754.763593;3.080539;17.589664;16.485500;25.069936;628.501702;30.625120;5.127350;0.242376;-0.936875;42.174025;0.078431;0.078431;0.000000;63612.701577;1.381847;0.000000;0.000000;-0.028934;0.546050;0.011359;-0.028266;0.000000;-0.373730;0.118781;0.000000;0.000000;-0.233079;0.528486;-0.251755;-0.096810;10.202917;3.265676;13.583383;3.514002;0.964833;0.000000;9.912205;3.017578;-1.577004;107.365188;1054.177432
3.000000;3.000000;0.000000;0.000000;3.000000;0.000000;0.000000;0.000000;0.000000;0.000000;0.000000;0.000000;918.000000;-0.000000;0.011127;0.035584;0.879507;0.773532;0.879577;0.242794;0.265179;-0.646176;1.327007;0.078431;0.078431;0.501961;39.463630;2.153757;9.469958;9.172300;1.587044;2.518709;9.602021;0.405122;0.577129;0.234806;1.701200;0.117647;0.117647;0.000000;9275.824516;0.101747;-1.046380;-1.175750;1.230406;1.513899;1.615181;0.336491;0.019730;0.251089;1.337945;0.166667;0.166667;0.000000;188.917423;1.517974;-7.532923;-3.597200;14.034894;196.978258;15.928691;6.579885;-0.923434;0.389057;17.133750;0.127451;0.127451;0.000000;15834.198551;2.334122;53.322735;48.119000;48.612711;2363.195662;72.156148;5.230687;0.170101;-1.163814;88.106000;0.049020;0.049020;0.000000;410549.357739;0.749875;0.000000;0.000000;-0.036885;0.036366;0.554545;-0.293888;0.000000;-0.215833;-0.095311;0.000000;0.000000;0.137005;0.675226;-0.266744;-0.143364;9.983419;2.303814;13.201901;2.545179;0.779659;0.000000;9.497453;3.017578;-1.456975;101.972466;5462.841759
3.000000;3.000000;0.000000;0.000000;3.000000;0.000000;0.000000;0.000000;0.000000;0.000000;0.000000;0.000000;918.000000;-0.000000;0.081494;-0.026448;0.772440;0.596663;0.776727;0.214743;0.447960;-0.156812;0.920342;0.068627;0.068627;0.501961;31.110347;2.351652;9.772694;9.600500;1.050967;1.104532;9.829043;0.384987;1.564004;3.243045;0.920925;0.186275;0.186275;0.000000;9797.898234;0.049978;-0.113705;0.071992;1.017964;1.036252;1.024295;0.344332;-0.655773;0.310187;1.377485;0.147059;0.147059;1.003922;54.230177;2.153814;-8.146772;-3.948450;13.646951;186.239283;15.893684;6.588192;-0.955989;0.441767;16.234908;0.205882;0.205882;0.000000;16275.801205;2.304252;76.394078;76.976500;32.354406;1046.807572;82.963021;5.307287;0.102043;-0.940059;58.116750;0.058824;0.058824;0.000000;648666.038887;0.391334;0.000000;0.000000;-0.292162;0.384669;0.201650;-0.150599;0.000000;-0.229841;-0.462683;0.000000;0.000000;-0.206336;0.569769;-0.310546;0.040196;10.256917;1.009033;13.372358;1.209931;0.508107;0.000000;9.817341;3.017578;-0.411194;106.213386;7136.521154
3.000000;3.000000;0.000000;0.000000;3.000000;0.000000;0.000000;0.000000;0.000000;0.000000;0.000000;0.000000;918.000000;-0.000000;-0.015650;-0.014429;0.614019;0.377019;0.614218;0.237181;-0.311400;-0.007638;0.761320;0.137255;0.137255;0.501961;19.263000;2.626704;9.771361;9.613300;1.500641;2.251924;9.885920;0.433430;1.148136;2.289863;1.119750;0.166667;0.166667;0.000000;9853.756288;0.093839;0.571058;0.710980;0.745186;0.555302;0.938834;0.322420;-0.278643;0.453304;0.805290;0.147059;0.147059;0.000000;61.656519;1.908005;-1.731703;-0.824880;9.048143;81.868885;9.212366;6.985544;-0.559410;0.839488;10.289225;0.343137;0.343137;2.007843;4494.038658;3.228105;38.501701;44.839000;35.335197;1248.576112;52.258560;5.272205;-0.197229;-1.456404;66.585025;0.029412;0.029412;0.000000;214880.810045;0.892345;0.000000;0.000000;-0.360057;0.289058;-0.305919;0.021447;0.000000;0.114274;0.021802;0.000000;0.000000;0.319381;-0.070354;-0.281203;-0.396386;10.248894;2.068852;13.255349;2.331758;0.323214;0.000000;9.917365;3.017578;0.350804;107.108679;2816.706188
3.000000;3.000000;0.000000;0.000000;3.000000;0.000000;0.000000;0.000000;0.000000;0.000000;0.000000;0.000000;918.000000;-0.000000;-0.127858;0.035905;0.818362;0.669716;0.828290;0.295488;-0.403136;-0.784913;1.302237;0.107843;0.107843;2.509804;35.823006;2.636137;9.609215;8.988250;2.012068;4.048418;9.817608;0.559754;1.044567;0.262812;1.785725;0.088235;0.088235;0.000000;9624.864862;0.143117;1.254983;1.154950;0.725354;0.526139;1.449524;0.379345;0.060611;0.063043;0.981577;0.147059;0.147059;0.000000;187.495749;0.784824;-4.480908;-2.782500;19.010446;361.397066;19.531400;9.543104;-0.359359;1.277631;20.264600;0.264706;0.264706;1.505882;20495.868099;2.775337;7.412534;4.282000;21.226969;450.584221;22.483992;5.786730;1.035484;0.826777;22.946750;0.098039;0.098039;1.505882;28627.667166;2.261100;0.000000;0.000000;-0.219674;-0.357112;-0.056181;0.293763;0.000000;0.219156;-0.053314;0.000000;0.000000;0.100522;0.191393;-0.168181;-0.117182;10.116417;3.729590;13.285795;4.127171;0.637678;0.000000;9.606650;3.017578;1.143328;106.071490;889.106597
3.000000;3.000000;0.000000;0.000000;3.000000;0.000000;0.000000;0.000000;0.000000;0.000000;0.000000;0.000000;918.000000;-0.000000;-0.357743;-0.323555;0.878007;0.770896;0.948091;0.354216;0.057371;-0.578789;1.241033;0.127451;0.127451;0.000000;52.373726;2.476943;9.871652;9.012750;2.335672;5.455365;10.144204;0.660064;1.037938;0.009940;3.155225;0.078431;0.078431;0.000000;10218.076059;0.169182;1.538998;1.668750;0.875476;0.766458;1.770586;0.452380;-0.820561;1.953260;0.998300;0.196078;0.196078;0.000000;280.691655;0.794119;-3.137731;-0.178010;19.763783;390.607110;20.011309;11.244428;-0.482736;0.841798;23.806175;0.274510;0.274510;1.505882;20946.260643;2.816755;35.337974;24.116500;40.001521;1600.121676;53.375032;6.147410;0.538394;-0.756953;66.359750;0.029412;0.029412;0.000000;209017.739972;1.275463;0.000000;0.000000;0.050103;-0.231122;-0.197566;0.363874;0.000000;0.117971;-0.079739;0.000000;0.000000;-0.227591;0.045151;-0.090885;-0.023275;10.379968;5.060015;13.639555;5.511653;0.776254;0.000000;9.817174;3.017578;1.628384;112.803754;3252.481505
3.000000;3.000000;0.000000;0.000000;3.000000;0.000000;0.000000;0.000000;0.000000;0.000000;0.000000;0.000000;918.000000;-0.000000;-0.597724;-0.481310;1.034845;1.070904;1.195064;0.382340;0.048023;-0.755632;1.519125;0.117647;0.117647;0.000000;91.061086;2.118696;9.926151;9.568100;1.958563;3.835971;10.117532;0.540219;1.313606;1.568387;2.017950;0.127451;0.127451;0.000000;10245.604926;0.134838;1.128857;1.096850;0.937801;0.879470;1.467579;0.391460;-0.147345;0.434362;1.180685;0.127451;0.127451;0.000000;174.833457;1.247088;-0.875914;-0.337314;13.782093;189.946075;13.809899;8.352547;0.122372;0.029987;18.005125;0.254902;0.254902;0.501961;9776.504699;2.872432;70.712082;72.075000;25.931568;672.446198;75.316962;6.547380;-0.389520;0.723349;26.896750;0.117647;0.117647;0.000000;544315.270367;0.344958;0.000000;0.000000;0.134364;0.090461;-0.339539;-0.094322;0.000000;-0.210082;-0.322195;0.000000;0.000000;0.013943;0.283543;-0.030311;-0.259598;10.451443;3.559963;13.893662;3.900780;1.054678;0.000000;10.148536;3.017578;1.410667;112.792622;5865.511877
3.000000;3.000000;0.000000;0.000000;3.000000;0.000000;0.000000;0.000000;0.000000;0.000000;0.000000;0.000000;918.000000;-0.000000;-0.627256;-0.367565;1.074782;1.155156;1.244430;0.329923;-0.476356;-0.951421;1.693692;0.088235;0.088235;0.000000;99.045086;1.824675;10.024051;9.967900;1.498865;2.246597;10.135492;0.406296;0.928037;1.172209;1.535250;0.137255;0.137255;0.000000;10363.709725;0.083605;-0.190636;-0.041238;1.328075;1.763783;1.341687;0.333821;-0.740379;-0.146604;1.450260;0.166667;0.166667;1.505882;93.660287;1.889674;-0.934582;-1.730300;13.854205;191.938985;13.885692;6.009825;0.489659;0.357874;17.574200;0.176471;0.176471;1.003922;9879.546319;2.390426;57.674108;61.851500;28.756807;826.953973;64.445765;6.631556;-0.670490;0.149307;35.567000;0.147059;0.147059;0.000000;381474.419798;0.624231;0.000000;0.000000;-0.251823;0.086241;0.645190;-0.144430;0.000000;-0.295289;-0.481173;0.000000;0.000000;-0.120941;0.198894;-0.248691;-0.289387;10.541493;2.153722;13.967944;2.404437;1.030997;0.000000;10.047188;3.017578;0.331683;113.276801;4347.869243
3.000000;3.000000;0.000000;0.000000;3.000000;0.000000;0.000000;0.000000;0.000000;0.000000;0.000000;0.000000;918.000000;-0.000000;-0.567464;-0.406395;1.060269;1.124170;1.202575;0.263982;-0.540800;-0.775059;1.595087;0.049020;0.049020;0.000000;90.186727;2.032980;9.795579;9.258550;1.958475;3.835625;9.989444;0.437172;0.745472;-0.202521;2.409225;0.058824;0.058824;0.000000;9982.861676;0.122905;-1.272640;-0.924605;1.176436;1.384001;1.733094;0.370839;-0.640208;-0.621171;1.816125;0.078431;0.078431;0.000000;235.787267;1.159443;2.360067;2.742800;11.962714;143.106515;12.193295;5.988522;0.050038;0.094577;14.980475;0.196078;0.196078;1.505882;7868.173319;2.614967;20.918108;21.073500;34.183434;1168.507131;40.075858;5.751208;0.073560;-1.230482;60.016750;0.039216;0.039216;0.501961;104229.294294;1.261685;0.000000;0.000000;-0.520248;0.534780;0.254719;-0.074979;0.000000;-0.343321;-0.276924;0.000000;0.000000;-0.230226;0.478539;-0.229798;-0.102526;10.322400;3.683238;13.732679;4.255121;0.753780;0.000000;10.144167;3.017578;-1.103245;110.235186;1757.754427
3.000000;3.000000;0.000000;0.000000;3.000000;0.000000;0.000000;0.000000;0.000000;0.000000;0.000000;0.000000;918.000000;-0.000000;-0.089998;0.332340;1.045206;1.092456;1.049074;0.216100;-0.733698;-0.455610;1.637878;0.068627;0.068627;0.501961;56.542837;1.788957;9.467512;9.218550;1.769481;3.131062;9.631451;0.408904;0.632637;-0.040946;2.393400;0.078431;0.078431;0.000000;9302.330967;0.115016;-1.343355;-0.970040;1.182779;1.398967;1.789852;0.372988;-0.781121;-0.381671;1.448280;0.088235;0.088235;0.000000;255.430851;1.238759;-6.196032;-2.341000;23.495358;552.031859;24.298615;6.983293;-0.130944;-0.428294;35.002875;0.078431;0.078431;1.003922;32071.725561;2.069698;24.937336;25.692000;38.756711;1502.082656;46.086369;5.300550;0.690584;0.692597;57.814700;0.049020;0.049020;0.000000;140052.173253;1.880242;0.000000;0.000000;-0.176697;0.012184;0.317690;-0.445937;0.000000;-0.278886;-0.177046;0.000000;0.000000;-0.165683;0.605855;-0.344620;0.138143;9.996467;2.936035;13.349775;3.213674;1.051660;0.000000;9.501207;3.017578;-1.412468;102.865396;2717.579630
3.000000;3.000000;0.000000;0.000000;3.000000;0.000000;0.000000;0.000000;0.000000;0.000000;0.000000;0.000000;918.000000;-0.000000;0.122451;0.163415;0.767570;0.589163;0.777276;0.222519;-0.135320;-0.834543;1.199958;0.078431;0.078431;0.501961;31.578110;2.340890;9.651886;9.540700;1.204002;1.449622;9.726692;0.369667;0.278672;1.395923;0.980700;0.137255;0.137255;0.000000;9576.221386;0.061325;-0.126588;-0.144270;1.581921;2.502474;1.586978;0.370334;-0.426368;-0.315108;2.263300;0.049020;0.049020;0.501961;129.276939;1.737344;-11.898432;-11.610500;24.845878;617.317660;27.547964;8.821509;0.280040;-0.450797;38.061250;0.068627;0.068627;0.000000;45924.041800;2.178798;80.014578;69.077500;50.712468;2571.754375;94.731658;7.114731;0.268144;-1.154454;86.271500;0.039216;0.039216;0.000000;784206.359957;0.669416;0.000000;0.000000;0.269675;0.109934;0.538510;0.016485;0.000000;-0.081335;-0.111367;0.000000;0.000000;-0.584987;-0.400199;-0.201159;0.180430;10.142856;1.335165;13.304668;1.531609;0.527362;0.000000;9.770652;3.017578;-0.731741;104.212688;9735.495877
3.000000;3.000000;0.000000;0.000000;3.000000;0.000000;0.000000;0.000000;0.000000;0.000000;0.000000;0.000000;918.000000;-0.000000;-0.192851;-0.249005;0.858146;0.736415;0.879549;0.300481;0.250425;0.244100;0.984015;0.147059;0.147059;0.501961;41.351242;2.468977;9.533571;9.314250;1.443241;2.082945;9.642194;0.420059;1.731714;3.389705;1.097675;0.156863;0.156863;0.000000;9376.945896;0.085686;1.314666;1.461800;0.869193;0.755497;1.576021;0.335498;-1.037605;0.890060;0.934763;0.147059;0.147059;0.000000;214.843178;0.948021;-6.810896;-5.833650;17.543221;307.764614;18.818951;8.739893;-0.264731;0.216203;25.306200;0.196078;0.196078;0.000000;20427.860646;2.671614;60.027315;44.387500;62.332313;3885.317269;86.536673;7.180160;0.402059;-1.305857;111.000675;0.029412;0.029412;0.000000;565711.910403;1.167319;0.000000;0.000000;-0.256324;0.186115;-0.417881;-0.019530;0.000000;-0.119246;0.034985;0.000000;0.000000;-0.207834;-0.168264;-0.242458;-0.019097;10.039518;1.953593;13.240115;2.175364;0.671911;0.000000;9.687577;3.017578;1.154561;102.745520;7845.232533
3.000000;3.000000;0.000000;0.000000;3.000000;0.000000;0.000000;0.000000;0.000000;0.000000;0.000000;0.000000;918.000000;-0.000000;0.187020;0.370265;0.918622;0.843867;0.937467;0.376891;-0.623520;0.163934;1.179262;0.078431;0.078431;2.007843;46.624694;2.667428;9.895019;8.976050;2.321712;5.390346;10.163746;0.647551;1.196298;0.475499;2.992725;0.078431;0.078431;0.000000;10261.891300;0.168363;1.697044;1.791300;0.763382;0.582752;1.860835;0.392896;-0.530865;1.722107;0.771950;0.205882;0.205882;0.000000;323.499723;0.553305;-3.865546;-2.868600;15.352108;235.687208;15.831287;11.470953;-0.283469;1.187742;21.763825;0.303922;0.303922;1.505882;13548.352850;3.288211;8.913757;6.254800;18.992051;360.698003;20.979825;6.600423;0.419657;-0.769767;28.563625;0.147059;0.147059;1.003922;26512.752422;2.121737;0.000000;0.000000;-0.247178;-0.134274;0.207022;-0.005689;0.000000;0.050426;0.144288;0.000000;0.000000;0.049633;-0.364675;-0.004158;0.067168;10.399468;5.031645;13.677915;5.504640;0.791298;0.000000;9.715247;3.017578;1.580981;113.180583;694.245438
3.000000;3.000000;0.000000;0.000000;3.000000;0.000000;0.000000;0.000000;0.000000;0.000000;0.000000;0.000000;918.000000;-0.000000;0.152844;0.516925;0.903177;0.815728;0.916018;0.308443;-0.720009;-0.494291;1.265480;0.078431;0.078431;0.501961;43.990044;2.172406;9.935775;8.930850;2.540845;6.455894;10.255511;0.739499;1.062679;0.071292;3.847150;0.088235;0.088235;0.000000;10398.716473;0.202437;1.851196;1.760750;0.902702;0.814871;2.059563;0.522450;0.254226;1.359814;0.947825;0.235294;0.235294;0.000000;391.128719;0.651676;-0.211876;1.315650;16.202959;262.535889;16.204345;11.957116;-0.658060;1.336436;22.556375;0.303922;0.303922;0.501961;13394.932022;3.420253;40.319768;38.056500;36.690392;1346.184856;54.514847;6.952945;0.036153;-1.398252;70.056650;0.088235;0.088235;0.000000;234483.155185;1.063156;0.000000;0.000000;0.092171;-0.085294;0.032028;0.185232;0.000000;0.084174;-0.275457;0.000000;0.000000;-0.191138;-0.402362;0.191334;-0.182350;10.442723;5.964140;13.736775;6.527813;0.815805;0.000000;10.106996;3.017578;1.768036;115.014598;3238.691146
3.000000;3.000000;0.000000;0.000000;3.000000;0.000000;0.000000;0.000000;0.000000;0.000000;0.000000;0.000000;918.000000;-0.000000;-0.429231;-0.493625;0.902710;0.814884;0.999562;0.224918;0.186033;-1.365538;1.828740;0.068627;0.068627;0.501961;60.351973;1.840304;9.724792;9.524650;1.860420;3.461162;9.901149;0.559895;1.315332;1.899349;2.128075;0.147059;0.147059;0.000000;9822.877326;0.133205;1.568201;1.498850;0.911092;0.830088;1.813654;0.433839;0.571899;1.254571;1.118325;0.196078;0.196078;0.000000;293.191750;0.778295;0.495471;2.627150;15.111752;228.365046;15.119872;7.872193;-0.587557;0.138225;18.869900;0.176471;0.176471;1.003922;11675.211925;2.436691;72.015701;78.804000;18.915215;357.785360;74.458354;5.785119;-1.144973;1.041217;25.642250;0.098039;0.098039;0.000000;547247.314922;0.216746;0.000000;0.000000;0.279708;0.256740;-0.211096;0.151940;0.000000;-0.047403;-0.567290;0.000000;0.000000;-0.007004;0.119854;0.111178;-0.292182;10.240685;3.160250;13.599301;3.577144;0.741240;0.000000;9.588535;3.017578;1.777582;108.031869;5775.946428
3.000000;3.000000;0.000000;0.000000;3.000000;0.000000;0.000000;0.000000;0.000000;0.000000;0.000000;0.000000;918.000000;-0.000000;-0.432837;-0.326020;1.021837;1.044151;1.109729;0.246732;0.254269;-1.014379;1.690288;0.068627;0.068627;0.000000;72.363469;2.221638;10.073780;9.682750;1.721312;2.962913;10.219783;0.525337;1.224984;1.486095;1.170675;0.156863;0.156863;0.000000;10502.178650;0.107439;0.262055;0.409330;1.411642;1.992734;1.435760;0.387168;-0.654851;-0.135517;1.614552;0.127451;0.127451;1.505882;108.645591;1.957085;0.161386;1.485050;15.687228;246.089112;15.688058;7.700233;-0.120702;-0.101864;19.240350;0.137255;0.137255;1.505882;12556.238991;2.691636;51.119731;68.963000;42.409788;1798.590080;66.421510;5.885503;-1.026081;-0.144955;52.462250;0.049020;0.049020;0.000000;358295.650195;1.047136;0.000000;0.000000;0.037369;0.346755;0.521231;0.088504;0.000000;-0.140151;-0.406512;0.000000;0.000000;-0.132601;0.247293;-0.214242;-0.203208;10.578850;2.763406;14.008697;2.994520;1.052218;0.000000;10.132437;3.017578;0.732792;114.675463;4659.993590
3.000000;3.000000;0.000000;0.000000;3.000000;0.000000;0.000000;0.000000;0.000000;0.000000;0.000000;0.000000;918.000000;-0.000000;-0.376855;-0.168335;1.072852;1.151011;1.137115;0.261885;-0.247273;-0.679072;1.470870;0.068627;0.068627;0.501961;73.189404;2.316857;9.748328;9.423000;1.975308;3.901843;9.946444;0.479844;1.037919;0.508181;2.221850;0.107843;0.107843;0.000000;9892.061898;0.126201;-0.559101;-0.138530;1.272564;1.619420;1.389969;0.464926;-0.749458;-0.327505;1.675250;0.098039;0.098039;1.505882;114.492640;1.861297;0.064469;0.310820;16.709727;279.214977;16.709851;8.703780;-0.277167;0.279654;22.159750;0.176471;0.176471;1.003922;14247.182899;2.729694;25.779340;28.582500;44.470221;1977.600559;51.402091;5.897897;-0.042142;-1.322056;74.568500;0.039216;0.039216;0.000000;168645.978497;1.383628;0.000000;0.000000;-0.179158;0.403622;0.159533;-0.117417;0.000000;-0.178701;-0.365145;0.000000;0.000000;-0.151927;0.581721;-0.317613;-0.023695;10.272447;3.701608;13.620956;3.992426;1.110457;0.000000;10.053258;3.017578;-0.620441;109.224781;2923.326093
3.000000;3.000000;0.000000;0.000000;3.000000;0.000000;0.000000;0.000000;0.000000;0.000000;0.000000;0.000000;918.000000;-0.000000;-0.222024;-0.020022;0.966322;0.933779;0.991501;0.246482;-0.507030;-0.094166;1.206705;0.078431;0.078431;0.501961;52.653112;2.274086;9.591992;9.236050;1.628822;2.653062;9.729305;0.386133;1.186796;1.275151;1.850050;0.098039;0.098039;0.000000;9519.951708;0.100291;-0.505394;-0.242315;1.142475;1.305248;1.249268;0.397969;-1.007880;0.516869;1.195105;0.156863;0.156863;0.000000;92.630051;2.048542;-3.607980;-2.962750;16.294690;265.516922;16.689351;8.012802;-0.120431;-0.014547;22.745400;0.166667;0.166667;1.003922;14869.230836;2.248082;50.681795;47.163000;54.021572;2918.330236;74.074116;6.228562;0.781042;0.642946;45.809750;0.049020;0.049020;0.000000;410869.139104;1.374161;0.000000;0.000000;0.000739;0.274390;0.039612;-0.492357;0.000000;-0.257737;-0.051296;0.000000;0.000000;-0.214279;0.387675;-0.166567;0.141284;10.106008;2.511053;13.335549;2.679331;0.943023;0.000000;9.613474;3.017578;-0.474815;104.642449;5767.069706
3.000000;3.000000;0.000000;0.000000;3.000000;0.000000;0.000000;0.000000;0.000000;0.000000;0.000000;0.000000;918.000000;-0.000000;0.178462;0.179625;0.746063;0.556610;0.767111;0.305019;-0.415262;-0.208669;0.971023;0.176471;0.176471;2.007843;31.645858;2.640957;9.522245;9.138750;1.433150;2.053919;9.629490;0.422535;1.784349;3.552423;1.576500;0.117647;0.117647;0.000000;9353.412639;0.086038;0.490995;0.346365;1.468992;2.157939;1.548875;0.363160;-0.228156;-0.508446;2.494445;0.088235;0.088235;0.501961;134.644714;1.703664;-8.340700;-9.266600;17.295255;299.125830;19.201383;8.047160;-0.769229;3.083723;19.869725;0.156863;0.156863;0.000000;22357.075527;2.386842;72.478255;59.374500;54.534246;2973.983947;90.703260;7.433081;0.280614;-0.764109;78.936000;0.019608;0.019608;0.000000;687502.756978;0.766336;0.000000;0.000000;0.078876;0.225315;-0.263975;-0.435333;0.000000;0.120511;0.213352;0.000000;0.000000;0.156887;-0.264158;-0.247994;-0.041722;10.021058;1.893926;13.140050;2.079037;0.557339;0.000000;9.942208;3.017578;-0.130319;102.315530;8598.173499
3.000000;3.000000;0.000000;0.000000;3.000000;0.000000;0.000000;0.000000;0.000000;0.000000;0.000000;0.000000;918.000000;-0.000000;-0.135147;-0.114320;0.813431;0.661669;0.824581;0.350404;-0.228625;-0.579549;1.227568;0.156863;0.156863;2.007843;35.622163;2.669576;9.816253;9.086350;2.086981;4.355490;10.035652;0.668864;1.171776;0.655758;2.440675;0.098039;0.098039;0.000000;10050.741238;0.152793;1.646410;1.974200;1.019740;1.039869;1.936630;0.464052;-0.815515;0.133885;1.379250;0.137255;0.137255;0.000000;329.526554;0.851194;-4.088255;-6.799300;20.133435;405.355197;20.544319;10.505304;-0.478890;1.884556;23.582575;0.166667;0.166667;1.505882;22379.219192;2.852315;34.540933;10.514000;51.736900;2676.706801;62.207579;7.157517;0.806742;-0.959770;99.633300;0.009804;0.009804;0.000000;258213.750104;1.418209;0.000000;0.000000;-0.148722;0.434948;-0.376264;-0.423262;0.000000;0.020749;-0.101543;0.000000;0.000000;-0.083420;0.079048;-0.231802;0.058746;10.313348;4.029105;13.496266;4.415960;0.650874;0.000000;9.634492;3.017578;1.535504;110.394246;4295.602438
3.000000;3.000000;0.000000;0.000000;3.000000;0.000000;0.000000;0.000000;0.000000;0.000000;0.000000;0.000000;918.000000;-0.000000;-0.238613;-0.414175;0.821589;0.675009;0.855538;0.296327;-0.164828;-0.631874;1.191040;0.107843;0.107843;0.501961;40.241080;2.528910;9.892968;8.917950;2.459779;6.050512;10.194181;0.708526;0.922549;-0.385481;3.504000;0.078431;0.078431;0.000000;10291.399115;0.198198;1.570717;1.649600;0.832966;0.693833;1.777916;0.407207;-0.611487;1.133653;0.873475;0.196078;0.196078;0.000000;287.037485;0.709147;0.713293;-0.908215;15.530272;241.189351;15.546644;8.901361;0.263047;0.175034;21.423750;0.225490;0.225490;2.007843;12358.172920;3.024670;14.660550;6.629450;30.322529;919.455768;33.680670;6.109556;1.228099;0.924560;28.280200;0.088235;0.088235;0.000000;68834.961264;2.154791;0.000000;0.000000;-0.192371;0.103839;0.071873;0.083627;0.000000;0.063819;-0.216717;0.000000;0.000000;-0.129354;-0.207486;-0.116104;0.022555;10.394443;5.608817;13.620987;6.138666;0.653444;0.000000;10.174252;3.017578;1.684162;113.653266;1379.246627
3.000000;3.000000;0.000000;0.000000;3.000000;0.000000;0.000000;0.000000;0.000000;0.000000;0.000000;0.000000;918.000000;-0.000000;0.074154;0.368290;0.926588;0.858565;0.929550;0.270421;-0.884346;-0.078537;1.289700;0.068627;0.068627;0.501961;44.359801;2.227811;9.709551;9.228500;1.957409;3.831450;9.904889;0.535080;1.215116;0.851893;1.676050;0.088235;0.088235;0.000000;9811.499605;0.140793;1.486546;1.470700;0.674181;0.454520;1.632281;0.372206;-0.188382;0.524265;0.755025;0.186275;0.186275;0.000000;248.610635;0.592048;-1.317096;-1.066170;11.806965;139.404415;11.880200;7.649256;-0.007424;0.488391;17.281950;0.264706;0.264706;1.505882;7295.660216;3.262892;49.252176;67.732000;36.808903;1354.895349;61.487171;6.277914;-0.507864;-1.248856;60.609000;0.068627;0.068627;0.000000;316529.119184;0.863161;0.000000;0.000000;-0.041288;0.154727;0.121642;0.084379;0.000000;0.013574;0.013948;0.000000;0.000000;0.167788;-0.269591;-0.043584;-0.180716;10.219249;3.537850;13.505794;3.871289;0.865162;0.000000;9.537216;3.017578;1.397075;107.970894;3924.475667
3.000000;3.000000;0.000000;0.000000;3.000000;0.000000;0.000000;0.000000;0.000000;0.000000;0.000000;0.000000;918.000000;-0.000000;-0.144095;0.053817;0.927611;0.860462;0.938736;0.288660;-0.666213;-0.118792;1.344385;0.107843;0.107843;0.501961;46.001522;2.392657;10.229634;9.782350;1.771227;3.137244;10.381843;0.556902;1.180748;0.969891;1.570925;0.088235;0.088235;0.000000;10833.852614;0.112817;1.230092;1.320450;0.987034;0.974236;1.577137;0.420852;-0.686422;0.819516;1.371540;0.225490;0.225490;0.000000;204.024966;1.245473;0.701380;-1.271150;17.571516;308.758167;17.585508;9.438746;0.234631;0.101448;23.464500;0.186275;0.186275;1.003922;15798.464508;2.756461;70.265403;74.079000;27.680655;766.218655;75.521159;6.558062;-0.318508;0.068336;32.455750;0.088235;0.088235;0.000000;542682.952005;0.410276;0.000000;0.000000;0.012653;0.267967;0.086891;-0.416390;0.000000;-0.182283;-0.467512;0.000000;0.000000;-0.013746;-0.064800;-0.169319;0.014870;10.711348;2.930911;13.980536;3.168498;0.868790;0.000000;10.167286;3.017578;1.329381;117.663888;6015.182969
3.000000;3.000000;0.000000;0.000000;3.000000;0.000000;0.000000;0.000000;0.000000;0.000000;0.000000;0.000000;918.000000;-0.000000;-0.286872;-0.052072;0.861743;0.742601;0.908238;0.256586;-0.427940;0.063071;1.149293;0.068627;0.068627;1.003922;46.267161;2.520628;9.936675;9.762250;1.938557;3.758004;10.124006;0.490277;0.794597;0.391453;2.021225;0.127451;0.127451;0.000000;10262.919503;0.134559;0.000821;-0.102989;1.355383;1.837063;1.355383;0.328955;-0.184465;-0.334662;1.732098;0.107843;0.107843;0.501961;93.697925;2.042210;1.676087;-0.386905;18.889102;356.798160;18.963318;8.791676;0.284384;-0.217395;26.494750;0.127451;0.127451;0.501961;18483.321646;2.442036;43.110360;48.425000;46.026340;2118.423928;63.062882;5.988734;-0.215323;-0.703652;63.419325;0.068627;0.068627;0.000000;297628.641620;1.120505;0.000000;0.000000;-0.024486;0.019046;0.455615;-0.189170;0.000000;-0.102660;-0.143723;0.000000;0.000000;-0.210877;0.281039;0.010464;-0.056968;10.433208;3.468574;13.607885;3.795772;0.749393;0.000000;10.125051;3.017578;0.359891;112.320400;4338.371525
3.000000;3.000000;0.000000;0.000000;3.000000;0.000000;0.000000;0.000000;0.000000;0.000000;0.000000;0.000000;918.000000;-0.000000;-0.287922;-0.048938;1.094228;1.197334;1.131474;0.235907;-0.221656;-0.844314;1.579903;0.039216;0.039216;0.501961;69.525709;1.777707;9.530233;9.319850;1.692449;2.864384;9.679346;0.359977;0.785344;0.225186;2.324300;0.078431;0.078431;0.000000;9410.269051;0.102640;-0.536100;-0.279870;1.093069;1.194800;1.217458;0.316985;-0.642266;-0.298704;1.236268;0.107843;0.107843;0.000000;90.250348;2.017168;0.447575;3.437500;15.925958;253.636132;15.932246;7.827252;-0.386451;1.364130;20.895325;0.156863;0.156863;1.003922;12956.075194;2.408293;17.529629;15.981000;49.085965;2409.431994;52.122163;6.663433;0.126589;-1.320403;86.619250;0.029412;0.029412;0.501961;154226.366185;1.127830;0.000000;0.000000;-0.133894;-0.105975;0.124199;-0.213996;0.000000;-0.244663;-0.340691;0.000000;0.000000;-0.330253;0.624884;-0.147544;-0.029055;10.065429;2.657099;13.426477;2.929203;1.172731;0.000000;9.613755;3.017578;-0.752979;103.969965;2972.038553
3.000000;3.000000;0.000000;0.000000;3.000000;0.000000;0.000000;0.000000;0.000000;0.000000;0.000000;0.000000;918.000000;-0.000000;-0.268052;-0.176430;1.044886;1.091786;1.078720;0.244688;-0.279263;-0.729525;1.592923;0.078431;0.078431;0.501961;63.010013;2.213890;9.711576;9.490100;1.641537;2.694642;9.849333;0.393446;1.039542;1.045651;1.950325;0.117647;0.117647;0.000000;9757.531505;0.098129;-0.101199;0.156875;1.218264;1.484168;1.222460;0.372539;-0.967672;0.628334;1.281988;0.127451;0.127451;1.003922;76.750284;2.079717;-6.439074;-2.210050;19.725569;389.098074;20.749934;8.451818;-0.698822;-0.453977;25.624800;0.137255;0.137255;1.003922;24073.091887;2.280437;49.457673;46.337500;64.593620;4172.335776;81.353532;8.008693;0.429376;-0.081800;71.624400;0.049020;0.049020;0.000000;462368.451877;1.495764;0.000000;0.000000;-0.040599;0.094163;0.318702;-0.292048;0.000000;-0.350961;-0.135561;0.000000;0.000000;-0.198993;0.279730;-0.003831;0.181159;10.229769;2.524822;13.593692;2.724371;1.099546;0.000000;9.857994;3.017578;-0.222172;107.172998;7050.451300
3.000000;3.000000;0.000000;0.000000;3.000000;0.000000;0.000000;0.000000;0.000000;0.000000;0.000000;0.000000;918.000000;-0.000000;0.043805;0.202020;0.771952;0.595911;0.773194;0.217755;-0.590736;-0.016280;1.056940;0.078431;0.078431;1.505882;30.591133;1.911631;9.651393;9.603300;1.464873;2.145852;9.761928;0.428433;1.132313;2.374148;1.547875;0.117647;0.117647;0.000000;9610.680567;0.084673;0.774082;0.968925;1.304439;1.701560;1.516826;0.353302;-1.307490;1.964801;1.442240;0.127451;0.127451;0.000000;147.900531;1.715986;-8.984320;-7.799000;20.946347;438.749473;22.791829;9.286076;-0.219587;-0.995734;36.379750;0.147059;0.147059;0.000000;30611.160486;2.338551;75.654434;70.614500;52.595974;2766.336438;92.140815;7.786032;0.481752;-0.094751;68.749500;0.039216;0.039216;0.000000;724907.356051;0.728419;0.000000;0.000000;0.264616;0.132286;0.115451;0.066134;0.000000;0.035136;0.166966;0.000000;0.000000;0.164430;-0.231199;-0.100386;-0.038674;10.145487;1.962160;13.277402;2.223414;0.545496;0.000000;10.003938;3.017578;0.283589;104.893071;9011.698109
3.000000;3.000000;0.000000;0.000000;3.000000;0.000000;0.000000;0.000000;0.000000;0.000000;0.000000;0.000000;918.000000;-0.000000;0.032551;0.171550;0.851503;0.725057;0.852125;0.276337;0.232231;-0.502438;1.180005;0.068627;0.068627;0.501961;37.153343;2.543995;9.728176;9.272500;1.957666;3.832458;9.923199;0.583058;1.174676;1.003909;2.337000;0.127451;0.127451;0.000000;9848.486297;0.145269;1.749387;1.763900;0.810637;0.657133;1.928079;0.447240;-0.116722;-0.556341;1.124350;0.196078;0.196078;0.000000;345.687518;0.591296;-3.510278;1.582100;22.963184;527.307797;23.229934;11.703768;-0.107144;-0.625376;35.244250;0.196078;0.196078;1.505882;28150.563363;2.872992;39.822344;18.474000;46.292858;2143.028711;61.064292;7.204384;0.600338;-0.974599;77.247925;0.029412;0.029412;0.000000;271076.155121;1.236487;0.000000;0.000000;-0.069219;0.132185;-0.291797;0.024915;0.000000;0.034360;0.051503;0.000000;0.000000;-0.044307;0.028162;-0.197368;0.149296;10.229958;3.543954;13.431441;3.874724;0.727915;0.000000;9.667946;3.017578;1.648462;108.195992;4272.195125
3.000000;3.000000;0.000000;0.000000;3.000000;0.000000;0.000000;0.000000;0.000000;0.000000;0.000000;0.000000;918.000000;-0.000000;0.068760;0.248575;1.043566;1.089030;1.045829;0.368493;-0.283008;-0.445624;1.489457;0.078431;0.078431;2.007843;56.056417;2.430188;9.910865;8.827850;2.578231;6.647275;10.240728;0.800222;1.152355;0.661189;3.881750;0.058824;0.058824;0.000000;10357.987290;0.215419;1.740379;1.701550;0.927395;0.860061;1.972050;0.547062;0.144484;-0.689872;1.530218;0.225490;0.225490;0.000000;352.838725;0.768178;0.282601;2.500950;23.335952;544.566659;23.337663;14.973269;-0.262466;-0.111964;31.335500;0.225490;0.225490;1.505882;27786.718299;3.223021;13.727734;11.920500;26.336216;693.596267;29.699275;7.626693;0.490983;-0.389652;29.622175;0.186275;0.186275;0.000000;54632.794911;2.238732;0.000000;0.000000;-0.309545;0.121041;0.082864;0.033075;0.000000;0.031709;0.105652;0.000000;0.000000;0.102128;-0.214579;-0.005471;0.061004;10.427589;6.231652;13.804150;6.836410;0.976492;0.000000;9.925049;3.017578;1.858756;114.966272;1430.582446
3.000000;3.000000;0.000000;0.000000;3.000000;0.000000;0.000000;0.000000;0.000000;0.000000;0.000000;0.000000;918.000000;-0.000000;0.079400;0.544875;1.198199;1.435680;1.200827;0.329069;-0.945034;-0.208158;1.402735;0.088235;0.088235;0.501961;73.892256;2.267501;9.798262;8.882050;2.475453;6.127870;10.106127;0.705646;1.451971;1.568115;2.460325;0.068627;0.068627;0.000000;10105.131045;0.202709;1.147081;1.057300;0.958727;0.919158;1.494976;0.526219;0.287509;0.827814;1.015740;0.186275;0.186275;0.000000;181.088190;1.355554;-0.079551;1.210400;20.457912;418.526173;20.458067;12.490495;-0.482629;0.526233;27.083000;0.186275;0.186275;1.003922;21351.723451;3.120681;46.731991;49.992000;44.296610;1962.189691;64.389973;6.236410;-0.122549;-1.269824;79.764000;0.088235;0.088235;0.000000;322843.814386;1.111566;0.000000;0.000000;-0.069037;0.303941;-0.112909;0.088145;0.000000;-0.184457;-0.184052;0.000000;0.000000;0.211734;-0.202852;0.057675;-0.283460;10.338656;5.687988;13.804839;6.197549;1.440887;0.000000;9.743650;3.017578;1.321302;112.575788;4566.836117
3.000000;3.000000;0.000000;0.000000;3.000000;0.000000;0.000000;0.000000;0.000000;0.000000;0.000000;0.000000;918.000000;-0.000000;-0.542749;-0.648745;1.105344;1.221785;1.231406;0.281692;0.087800;-1.001225;1.774302;0.088235;0.088235;0.000000;92.373208;2.002000;9.799970;9.432450;1.775847;3.153631;9.959570;0.503109;1.628900;2.742172;1.114775;0.127451;0.127451;0.000000;9956.854465;0.118058;1.012090;0.961800;1.009058;1.018199;1.429170;0.478603;0.096350;0.046384;1.384793;0.147059;0.147059;0.000000;156.429353;1.552183;-3.823590;-0.696490;16.985839;288.518721;17.410875;9.348928;-0.529652;0.340461;22.365100;0.215686;0.215686;2.509804;16208.913872;3.000982;66.717150;69.498000;30.073839;904.435799;73.182060;6.744905;-0.213801;-1.239008;58.827750;0.088235;0.088235;0.000000;500173.909391;0.466810;0.000000;0.000000;0.348103;0.285719;0.167886;0.317995;0.000000;-0.304626;-0.528771;0.000000;0.000000;-0.154904;0.106412;-0.088436;-0.391831;10.337759;2.840140;13.868375;3.404259;1.014478;0.000000;9.864062;3.017578;0.844492;109.709397;5660.794968
3.000000;3.000000;0.000000;0.000000;3.000000;0.000000;0.000000;0.000000;0.000000;0.000000;0.000000;0.000000;918.000000;-0.000000;-0.519592;-0.502945;0.925168;0.855936;1.061090;0.269985;-0.364060;-0.363820;1.430087;0.078431;0.078431;0.000000;71.220103;1.921782;10.119685;9.699550;1.753403;3.074421;10.270465;0.471224;1.120565;1.199399;1.267225;0.058824;0.058824;0.000000;10602.426777;0.106672;0.585188;0.411995;1.295946;1.679476;1.421943;0.406440;-0.086004;-0.302917;1.872308;0.107843;0.107843;0.000000;120.664606;2.288602;1.525007;3.434600;14.164472;200.632256;14.246329;8.102684;-0.500929;-0.079694;18.919975;0.245098;0.245098;0.501961;10474.690493;2.752011;48.047547;50.504500;26.022486;677.169770;54.641894;6.703785;-0.163127;-0.708261;39.940750;0.068627;0.068627;0.000000;270011.741219;0.663176;0.000000;0.000000;-0.131096;-0.090915;0.318478;0.035088;0.000000;0.229120;-0.667468;0.000000;0.000000;-0.547086;-0.014084;-0.185670;-0.250510;10.615592;2.917560;13.967147;3.125262;0.844009;0.000000;10.085246;3.017578;0.956150;115.608362;3190.716403
3.000000;3.000000;0.000000;0.000000;3.000000;0.000000;0.000000;0.000000;0.000000;0.000000;0.000000;0.000000;918.000000;-0.000000;-0.313141;-0.233060;0.941953;0.887276;0.992640;0.227661;-0.429327;-0.022637;1.264760;0.068627;0.068627;2.007843;55.272109;2.246171;10.056515;9.698150;2.038387;4.155022;10.261019;0.488220;0.742940;0.094448;1.839825;0.068627;0.068627;0.000000;10527.524601;0.137634;-0.420103;-0.091391;1.201028;1.442467;1.272381;0.367400;-0.222547;-0.583274;1.598630;0.088235;0.088235;1.505882;91.572109;2.177153;3.290275;4.071350;13.045736;170.191232;13.454261;7.042499;-1.113329;3.001979;13.377350;0.264706;0.264706;1.003922;9784.101975;3.064546;13.426545;9.833550;35.788283;1280.801220;38.223989;5.245440;0.205380;-1.319140;65.250250;0.039216;0.039216;0.501961;83708.997293;1.196876;0.000000;0.000000;-0.296130;0.331782;0.065388;0.224666;0.000000;0.019583;-0.279531;0.000000;0.000000;-0.402245;0.601313;-0.044768;-0.023040;10.551962;3.929946;13.855849;4.293220;0.799001;0.000000;10.184204;3.017578;-0.218616;115.273843;1643.709415
3.000000;3.000000;0.000000;0.000000;3.000000;0.000000;0.000000;0.000000;0.000000;0.000000;0.000000;0.000000;918.000000;-0.000000;-0.001834;0.088264;0.913262;0.834047;0.913264;0.185088;-0.116534;-1.045273;1.571368;0.058824;0.058824;0.501961;42.536907;1.359790;9.614827;9.455700;1.863050;3.470956;9.793664;0.417251;0.817745;0.799215;1.782800;0.068627;0.068627;0.000000;9606.415945;0.126203;-0.451923;-0.106235;1.098579;1.206877;1.187902;0.341971;-0.790104;-0.507600;1.501010;0.107843;0.107843;1.003922;82.383584;2.174744;-2.892969;1.036925;15.832875;250.679929;16.095005;7.046511;-0.850029;0.572689;19.589475;0.107843;0.107843;1.003922;13641.075544;2.497691;17.911408;19.636000;38.522635;1483.993397;42.483078;4.933711;0.090018;-1.405439;67.789250;0.049020;0.049020;0.501961;108412.119454;1.645913;0.000000;0.000000;0.155072;0.320178;0.002929;-0.307886;0.000000;-0.140996;-0.332776;0.000000;0.000000;-0.141420;0.574915;-0.081816;0.154131;10.125427;3.225645;13.413941;3.531723;0.815905;0.000000;9.565440;3.017578;-0.543994;105.749914;2065.272239
3.000000;3.000000;0.000000;0.000000;3.000000;0.000000;0.000000;0.000000;0.000000;0.000000;0.000000;0.000000;918.000000;-0.000000;0.391109;0.425575;0.762941;0.582078;0.857348;0.243760;-0.217312;0.137705;1.037780;0.088235;0.088235;0.000000;45.295073;2.150437;9.629955;9.512550;1.592663;2.536574;9.760769;0.402996;0.747555;2.100248;1.267475;0.137255;0.137255;0.000000;9588.442345;0.097604;0.361921;0.387895;0.973699;0.948090;1.038786;0.363765;-0.714688;2.096845;0.832755;0.166667;0.166667;0.501961;61.727211;2.494084;-4.145426;-4.088450;15.646843;244.823680;16.186669;7.846296;-0.218797;-0.164780;22.051075;0.186275;0.186275;0.501961;14241.818296;3.010331;80.007731;74.912000;41.942525;1759.175370;90.335001;6.436909;0.212047;-0.839838;65.351500;0.029412;0.029412;0.000000;742646.125090;0.517034;0.000000;0.000000;0.461845;0.297959;0.318086;0.014410;0.000000;0.163100;-0.224074;0.000000;0.000000;-0.176795;-0.222460;0.026422;0.071912;10.132565;2.338773;13.318034;2.712843;0.436687;0.000000;9.593572;3.017578;0.149018;105.007650;8423.499766
3.000000;3.000000;0.000000;0.000000;3.000000;0.000000;0.000000;0.000000;0.000000;0.000000;0.000000;0.000000;918.000000;-0.000000;0.210837;0.273645;0.843098;0.710814;0.869061;0.326970;-0.390830;0.509727;1.000855;0.117647;0.117647;1.505882;40.797036;2.512463;9.645486;9.365250;1.284312;1.649458;9.730615;0.461084;0.789617;1.132877;1.420725;0.137255;0.137255;0.000000;9573.737425;0.071582;0.962098;1.013900;0.720328;0.518872;1.201875;0.427547;0.029512;-0.490231;1.098433;0.225490;0.225490;0.000000;120.984879;1.213019;0.785667;-2.243900;16.429296;269.921782;16.448071;9.401935;0.718811;0.123380;18.379525;0.245098;0.245098;1.003922;13829.404551;2.752487;64.864498;65.300500;54.077077;2924.330246;84.449591;7.805958;0.207580;-1.246377;98.101250;0.029412;0.029412;0.000000;578296.409711;0.814682;0.000000;0.000000;-0.141714;-0.101596;-0.112311;-0.239460;0.000000;-0.023758;-0.072315;0.000000;0.000000;0.278919;0.133501;-0.195019;0.083299;10.144477;1.529707;13.329342;1.690480;0.693161;0.000000;9.654136;3.017578;0.962251;104.440129;7403.716911
3.000000;3.000000;0.000000;0.000000;3.000000;0.000000;0.000000;0.000000;0.000000;0.000000;0.000000;0.000000;918.000000;-0.000000;0.220064;0.319940;0.780954;0.609890;0.811368;0.310038;-0.620269;0.600681;0.908785;0.127451;0.127451;2.007843;36.078050;2.438404;9.582179;8.940000;1.719869;2.957949;9.735302;0.575946;1.215468;0.500345;1.992425;0.098039;0.098039;0.000000;9516.327220;0.116814;1.371204;1.428950;0.795488;0.632802;1.585245;0.427098;-0.553858;-0.135061;0.954220;0.264706;0.264706;0.000000;224.110184;0.816923;-3.512452;-3.011200;22.951126;526.754176;23.218344;10.299235;-0.606632;1.059884;24.078300;0.186275;0.186275;1.505882;28128.251474;2.320520;12.831312;11.003000;19.727765;389.184699;23.533535;6.802315;0.563473;1.431839;21.188150;0.117647;0.117647;0.000000;36654.188882;1.738868;0.000000;0.000000;0.113947;-0.203105;0.183469;0.109353;0.000000;0.106048;-0.244866;0.000000;0.000000;0.409935;0.144776;-0.306582;0.013375;10.082225;2.783165;13.237676;2.997268;0.605896;0.000000;9.668349;3.017578;1.190395;104.434430;1095.431765
3.000000;3.000000;0.000000;0.000000;3.000000;0.000000;0.000000;0.000000;0.000000;0.000000;0.000000;0.000000;918.000000;-0.000000;-0.305612;-0.133090;1.017582;1.035474;1.062484;0.306817;-0.156933;-0.738712;1.576338;0.078431;0.078431;0.501961;62.339793;2.075435;9.634926;8.763800;1.922769;3.697043;9.824910;0.606036;1.358790;1.071011;2.017675;0.107843;0.107843;0.000000;9657.403219;0.138289;1.779916;1.813500;0.721483;0.520538;1.920583;0.406895;-0.474599;0.879830;0.962300;0.254902;0.254902;0.000000;349.695705;0.489117;-8.741549;-4.576900;22.076875;487.388407;23.744538;11.335202;-1.145444;1.043841;27.171625;0.225490;0.225490;0.000000;32656.674761;2.732320;34.132912;30.402000;33.965111;1153.628744;48.152720;6.380574;0.514497;-0.657061;51.487150;0.078431;0.078431;0.000000;177671.018253;1.040208;0.000000;0.000000;0.098567;0.093707;0.081904;0.336250;0.000000;-0.017881;-0.104254;0.000000;0.000000;0.028901;-0.374056;-0.120031;-0.076012;10.159058;3.451263;13.495945;3.747686;1.031687;0.000000;9.837196;3.017578;1.698557;106.657723;2886.176163
3.000000;3.000000;0.000000;0.000000;3.000000;0.000000;0.000000;0.000000;0.000000;0.000000;0.000000;0.000000;918.000000;-0.000000;-0.541856;-0.366730;0.882519;0.778839;1.035590;0.302508;-0.363563;-0.479144;1.299225;0.107843;0.107843;0.000000;69.674689;2.112002;10.028362;9.568400;1.737497;3.018897;10.177767;0.517550;1.087637;0.774772;2.514625;0.058824;0.058824;0.000000;10411.912708;0.110812;1.393452;1.640950;1.121864;1.258579;1.788934;0.483277;-0.944060;0.971637;1.080380;0.205882;0.205882;0.000000;262.242543;1.237418;-1.677489;-0.406632;21.110216;445.641219;21.176761;11.957846;-0.476632;1.036256;25.240500;0.196078;0.196078;1.003922;23015.966382;2.991233;58.808728;60.353500;27.134191;736.264323;64.766742;6.900648;-0.149702;-1.031609;47.052500;0.117647;0.117647;0.000000;390314.814200;0.441264;0.000000;0.000000;-0.048024;0.086412;0.119963;0.285435;0.000000;0.076512;-0.452443;0.000000;0.000000;0.160007;0.036488;-0.021206;-0.043222;10.529607;2.786767;13.831021;3.051229;0.784108;0.000000;10.122698;3.017578;1.737760;113.659384;4646.386339
3.000000;3.000000;0.000000;0.000000;3.000000;0.000000;0.000000;0.000000;0.000000;0.000000;0.000000;0.000000;918.000000;-0.000000;-0.521737;-0.440905;0.926874;0.859095;1.063628;0.287947;-0.357206;-0.091606;1.295500;0.078431;0.078431;0.000000;71.584839;1.849979;10.132681;9.672350;1.715269;2.942149;10.276837;0.489071;1.521934;2.838263;1.696925;0.088235;0.088235;0.000000;10622.548212;0.108593;0.160780;0.356135;1.611017;2.595374;1.619020;0.474582;-0.951774;1.272743;1.859435;0.137255;0.137255;1.003922;135.001137;2.113399;2.342626;1.670350;20.422289;417.069896;20.556211;10.686579;0.334717;-0.102491;28.740500;0.176471;0.176471;1.003922;21830.361288;2.851561;54.327633;58.349500;31.232181;975.449104;62.665308;7.255169;-0.447541;-0.397663;44.376000;0.117647;0.117647;0.000000;350803.033436;0.678575;0.000000;0.000000;-0.296910;0.173237;0.468666;-0.005108;0.000000;-0.049202;-0.562695;0.000000;0.000000;0.054432;-0.037631;-0.017221;0.156807;10.626880;2.814098;13.972249;3.074264;0.764616;0.000000;10.403563;3.017578;0.785267;115.744685;4352.119810
3.000000;3.000000;0.000000;0.000000;3.000000;0.000000;0.000000;0.000000;0.000000;0.000000;0.000000;0.000000;918.000000;-0.000000;-0.478499;-0.711215;0.973425;0.947557;1.084674;0.281412;-0.125250;-0.617020;1.656707;0.058824;0.058824;0.501961;71.682197;1.805991;9.724551;9.495450;2.015228;4.061143;9.931165;0.560175;1.569096;3.028081;1.539175;0.176471;0.176471;0.000000;9852.956363;0.148305;-0.475888;-0.133330;1.305276;1.703746;1.389322;0.422527;-1.411920;2.273084;1.354805;0.107843;0.107843;1.003922;109.990937;2.061084;0.032082;1.095625;17.341677;300.733778;17.341707;9.950149;0.283871;1.144517;19.020875;0.225490;0.225490;1.003922;15343.013263;2.808004;28.591837;31.939500;37.990640;1443.288741;47.547680;6.319452;0.122267;-0.610935;59.405575;0.068627;0.068627;0.000000;156999.278840;1.512688;0.000000;0.000000;-0.121386;0.008002;0.338999;-0.071090;0.000000;-0.296956;-0.080154;0.000000;0.000000;-0.182462;-0.052348;-0.181844;0.336062;10.245621;3.831806;13.648276;4.119637;0.938654;0.000000;9.929054;3.017578;-0.377481;108.804553;2563.446910
3.000000;3.000000;0.000000;0.000000;3.000000;0.000000;0.000000;0.000000;0.000000;0.000000;0.000000;0.000000;918.000000;-0.000000;-0.228635;0.108346;1.011993;1.024131;1.037499;0.266577;-0.342866;-0.860546;1.740775;0.058824;0.058824;0.501961;57.571726;1.916604;9.647349;9.540600;1.899640;3.608632;9.832598;0.493592;1.083126;1.705622;1.827500;0.166667;0.166667;0.000000;9677.320628;0.133004;-0.244339;-0.163360;0.974414;0.949482;1.004581;0.374662;-0.697889;0.743963;1.053578;0.147059;0.147059;1.003922;54.514293;2.315731;0.405980;2.290200;13.539803;183.326252;13.545888;8.992364;-1.020727;1.538678;14.130325;0.284314;0.284314;1.505882;9368.885006;3.175346;15.038628;19.965000;31.895397;1017.316332;35.262965;5.372618;-0.014656;-1.309363;57.719250;0.019608;0.019608;0.501961;74952.699244;1.278483;0.000000;0.000000;-0.146388;-0.031842;0.086406;0.109914;0.000000;-0.100248;-0.192400;0.000000;0.000000;-0.111052;0.745543;-0.113603;0.129038;10.169428;3.339108;13.528122;3.674949;1.003683;0.000000;9.780032;3.017578;-0.236334;106.756380;1427.976929
3.000000;3.000000;0.000000;0.000000;3.000000;0.000000;0.000000;0.000000;0.000000;0.000000;0.000000;0.000000;918.000000;-0.000000;-0.042545;0.283795;1.042046;1.085861;1.042915;0.257813;-0.745275;-0.491604;1.589687;0.078431;0.078431;0.501961;55.577818;1.835935;9.812675;9.732000;1.818771;3.307928;9.979806;0.484746;0.920142;1.122878;1.683200;0.147059;0.147059;0.000000;9990.148642;0.118201;-0.402990;-0.139395;1.215245;1.476821;1.280321;0.389183;-1.337038;2.078883;1.327417;0.098039;0.098039;1.003922;91.896050;2.231099;0.461031;2.093450;13.757226;189.261259;13.764949;9.637918;-0.397198;-0.019459;19.327300;0.284314;0.284314;0.501961;9677.263686;3.130445;43.485196;44.510000;38.387028;1473.563939;58.004536;5.790915;0.052800;-0.293191;36.638250;0.107843;0.107843;0.000000;268031.047621;1.064552;0.000000;0.000000;-0.244210;0.125934;0.109320;-0.073554;0.000000;0.034189;-0.311451;0.000000;0.000000;-0.320117;0.447439;-0.041103;-0.054269;10.324274;3.093563;13.667978;3.434146;1.003145;0.000000;10.018459;3.017578;-0.335581;109.684199;3555.639212
3.000000;3.000000;0.000000;0.000000;3.000000;0.000000;0.000000;0.000000;0.000000;0.000000;0.000000;0.000000;918.000000;-0.000000;0.544413;0.595485;0.839085;0.704063;1.000224;0.232181;-0.271727;1.070043;0.801053;0.107843;0.107843;0.000000;66.142386;1.776258;9.861362;9.743600;1.474000;2.172676;9.970914;0.447359;1.128887;3.282090;1.241850;0.127451;0.127451;0.000000;10029.954617;0.084686;-0.122294;0.101625;1.299590;1.688934;1.305331;0.388091;-1.151325;2.217233;1.333725;0.117647;0.117647;1.003922;87.689919;1.865245;-5.743891;-7.831300;12.734459;162.166453;13.969923;8.351424;0.301879;0.236630;17.236850;0.225490;0.225490;0.000000;11635.932274;2.901019;71.624376;55.360000;39.803650;1584.330554;81.941332;7.153008;0.524381;-0.843317;61.411250;0.039216;0.039216;0.000000;604071.302483;0.578787;0.000000;0.000000;0.178750;-0.187826;0.161342;0.126903;0.000000;0.123217;-0.150488;0.000000;0.000000;-0.174701;0.017729;-0.010363;-0.003464;10.362138;2.045684;13.651472;2.227069;0.678153;0.000000;10.028397;3.017578;-0.576252;109.419580;6911.244489
3.000000;3.000000;0.000000;0.000000;3.000000;0.000000;0.000000;0.000000;0.000000;0.000000;0.000000;0.000000;918.000000;-0.000000;-0.185064;-0.000375;1.251471;1.566181;1.265081;0.222934;0.306364;-0.936634;2.085540;0.068627;0.068627;0.501961;83.372771;1.289543;9.570792;9.541800;0.965587;0.932358;9.619377;0.400406;-0.008771;0.024136;1.099225;0.215686;0.215686;0.000000;9390.766636;0.044765;0.961436;1.123000;1.031496;1.063984;1.410086;0.353833;-0.178904;-0.596043;1.262552;0.137255;0.137255;0.000000;148.571143;1.391247;-8.241817;-10.058650;14.469693;209.372008;16.652314;8.831583;0.128786;-0.238949;19.688300;0.235294;0.235294;0.000000;17611.980084;2.407407;44.040361;26.250500;49.055519;2406.443993;65.924179;6.171111;0.889732;-0.286667;61.052950;0.049020;0.049020;0.000000;320569.981248;1.103540;0.000000;0.000000;0.453785;-0.107290;-0.566403;0.194172;0.000000;-0.011966;-0.002867;0.000000;0.000000;-0.736850;0.609873;-0.329025;-0.009502;10.114254;0.834714;13.651319;1.901255;0.622022;0.000000;9.795223;3.017578;0.530623;103.132850;4625.285297
3.000000;3.000000;0.000000;0.000000;3.000000;0.000000;0.000000;0.000000;0.000000;0.000000;0.000000;0.000000;918.000000;-0.000000;-0.773101;-0.768050;0.797659;0.636260;1.110831;0.273317;-0.161795;-1.032398;1.376108;0.078431;0.078431;0.000000;93.413334;1.344199;9.748972;9.412500;1.703143;2.900696;9.896623;0.593919;0.888531;0.724712;2.217600;0.137255;0.137255;0.000000;9842.267241;0.109627;1.506324;1.497150;0.798598;0.637759;1.704926;0.476324;-0.099607;-0.387973;1.158765;0.215686;0.215686;0.000000;263.985513;0.733886;-0.153975;-2.414700;23.220578;539.195223;23.221088;14.200653;0.021001;-0.882621;38.060000;0.225490;0.225490;1.003922;27540.486350;3.046340;1.181317;2.018650;17.117222;292.999273;17.157936;6.215701;-0.949377;2.094093;22.457275;0.088235;0.088235;1.003922;15109.826161;2.767690;0.000000;0.000000;0.004914;0.031214;0.034191;-0.047717;0.000000;0.118687;-0.242829;0.000000;0.000000;-0.055811;-0.322120;-0.165710;0.219296;10.272348;2.655961;13.634438;2.929435;0.642540;0.000000;9.610018;3.017578;1.490683;108.177088;836.520485
3.000000;3.000000;0.000000;0.000000;3.000000;0.000000;0.000000;0.000000;0.000000;0.000000;0.000000;0.000000;918.000000;-0.000000;-0.295043;-0.175850;0.722862;0.522530;0.780756;0.276669;-0.961236;0.782623;0.866595;0.137255;0.137255;0.000000;35.529163;2.314867;9.916453;9.173150;1.960062;3.841845;10.108308;0.624760;0.742534;-0.386178;2.882775;0.068627;0.068627;0.000000;10226.211259;0.133017;1.226440;1.211950;0.835776;0.698521;1.484142;0.531349;-0.612465;2.002123;0.919463;0.254902;0.254902;0.000000;189.057462;1.043785;5.417171;5.439150;23.947656;573.490223;24.552718;13.112552;-0.324734;-0.701842;36.599550;0.205882;0.205882;1.003922;32249.915130;2.936557;5.838578;5.849550;22.065942;486.905812;22.825311;6.700091;-0.190167;0.444179;30.306525;0.107843;0.107843;0.501961;28312.048994;2.266630;0.000000;0.000000;-0.055823;0.201567;0.002879;0.118067;0.000000;0.021596;-0.252752;0.000000;0.000000;0.074623;0.107761;-0.083790;-0.048923;10.402233;3.581008;13.486398;3.881785;0.525801;0.000000;10.015401;3.017578;1.397194;111.787464;1126.033454
3.000000;3.000000;0.000000;0.000000;3.000000;0.000000;0.000000;0.000000;0.000000;0.000000;0.000000;0.000000;918.000000;-0.000000;-0.353779;-0.239520;0.896754;0.804167;0.964016;0.270301;-0.461056;-0.599133;1.325953;0.068627;0.068627;2.007843;53.790958;2.087182;9.779967;9.030200;1.875212;3.516419;9.958121;0.517364;1.126062;0.226029;2.056025;0.058824;0.058824;0.000000;9935.418930;0.124040;1.211529;1.205400;0.827058;0.684026;1.466911;0.449672;-0.601763;2.272525;0.909218;0.205882;0.205882;0.000000;184.606460;1.014589;-4.403236;-2.806500;23.223691;539.339820;23.637435;9.412049;-0.028137;-0.935265;37.108750;0.127451;0.127451;1.003922;29490.933704;2.622747;50.498511;43.263500;43.814074;1919.673099;66.856359;7.237424;0.528592;-0.347008;60.414250;0.039216;0.039216;0.000000;358030.977392;0.936789;0.000000;0.000000;-0.171381;-0.068769;0.167759;0.071282;0.000000;0.122372;-0.086371;0.000000;0.000000;0.081552;-0.119504;-0.063189;-0.258306;10.284884;3.314662;13.544779;3.581820;0.781545;0.000000;9.660335;3.017578;1.088620;109.093494;5030.652830
3.000000;3.000000;0.000000;0.000000;3.000000;0.000000;0.000000;0.000000;0.000000;0.000000;0.000000;0.000000;918.000000;-0.000000;0.137216;0.304955;1.081699;1.170073;1.090368;0.288416;-0.496113;-0.341695;1.499255;0.098039;0.098039;0.501961;61.598316;2.042006;9.898858;9.625850;1.472349;2.167811;10.007757;0.446460;1.418606;2.207350;1.420250;0.127451;0.127451;0.000000;10105.290971;0.084968;1.478136;1.499400;0.772078;0.596105;1.667631;0.424244;-0.029347;0.260875;1.084853;0.176471;0.176471;0.000000;253.260582;0.720558;-1.173156;0.084705;25.903275;670.979632;25.929827;9.563454;0.056710;-1.105438;43.179500;0.068627;0.068627;1.003922;34374.436559;1.881486;84.263010;79.102500;42.829346;1834.352891;94.523054;8.375386;0.386517;-1.047834;73.135500;0.058824;0.058824;0.000000;817779.478623;0.494992;0.000000;0.000000;-0.363418;-0.348059;-0.361082;0.651338;0.000000;0.387846;-0.178066;0.000000;0.000000;0.050406;0.078621;0.051234;-0.157209;10.405421;2.071313;13.806771;2.457147;0.913786;0.000000;9.925564;3.017578;1.538993;110.344099;9609.744631
3.000000;3.000000;0.000000;0.000000;3.000000;0.000000;0.000000;0.000000;0.000000;0.000000;0.000000;0.000000;918.000000;-0.000000;-0.014189;-0.015603;1.114161;1.241354;1.114251;0.246506;-0.096428;-0.917698;1.760088;0.049020;0.049020;0.501961;63.332056;1.644706;10.068409;9.694550;1.458552;2.127375;10.173506;0.421785;1.054045;0.581061;1.566975;0.117647;0.117647;0.000000;10448.533882;0.077236;0.565074;0.854715;1.385638;1.919992;1.496429;0.489434;-0.708374;0.017818;1.473447;0.186275;0.186275;0.000000;130.521794;2.339161;6.479423;6.308600;21.179845;448.585846;22.148787;10.749236;-0.077084;-0.636209;28.268375;0.225490;0.225490;1.003922;27183.081742;2.635778;35.734591;28.032000;62.956979;3963.581180;72.391589;7.499049;0.639343;-0.640201;89.929000;0.078431;0.078431;0.501961;332392.811167;1.058397;0.000000;0.000000;0.039345;-0.117133;0.385567;0.441669;0.000000;0.179739;-0.047409;0.000000;0.000000;0.328423;0.674563;-0.095766;-0.280015;10.571981;1.975001;14.031263;2.153074;1.249009;0.000000;9.999794;3.017578;1.091241;113.741786;5733.350224
3.000000;3.000000;0.000000;0.000000;3.000000;0.000000;0.000000;0.000000;0.000000;0.000000;0.000000;0.000000;918.000000;-0.000000;-0.230931;-0.000901;0.875132;0.765856;0.905088;0.205038;-0.541438;-0.636602;1.296158;0.029412;0.029412;0.501961;44.500004;2.070122;9.942430;9.459500;1.888084;3.564863;10.120118;0.452443;0.778443;-0.218603;2.236900;0.068627;0.068627;0.000000;10264.752304;0.128502;-0.730862;-0.604830;1.189762;1.415534;1.396314;0.449108;-0.313181;-0.474728;1.623047;0.147059;0.147059;0.000000;126.683166;2.044999;2.353792;2.352000;13.611321;185.268055;13.813341;9.658704;-0.108748;-0.224764;20.018875;0.235294;0.235294;2.007843;10015.285244;3.098311;12.869726;12.609000;36.955714;1365.724807;39.132527;6.331559;0.115649;-0.992706;54.037250;0.049020;0.049020;0.501961;86552.791844;1.437778;0.000000;0.000000;0.021984;0.129991;-0.150628;0.060694;0.000000;-0.094566;-0.075817;0.000000;0.000000;-0.229262;0.712315;-0.047983;-0.274490;10.437165;3.301552;13.688959;3.600635;0.772962;0.000000;10.052902;3.017578;-0.480941;112.235970;1724.112737
3.000000;3.000000;0.000000;0.000000;3.000000;0.000000;0.000000;0.000000;0.000000;0.000000;0.000000;0.000000;918.000000;-0.000000;-0.028034;0.017608;0.854252;0.729747;0.854712;0.198470;0.126702;0.053555;1.017185;0.078431;0.078431;0.501961;37.300608;2.012775;9.765002;9.520000;1.967876;3.872534;9.961315;0.476437;1.116665;1.274498;1.787000;0.117647;0.117647;0.000000;9923.736426;0.133119;-0.597569;-0.368530;1.470357;2.161950;1.587148;0.463580;-0.397804;-0.014825;1.639635;0.176471;0.176471;1.003922;146.683090;2.027004;-0.226834;2.290500;21.052218;443.195887;21.053440;8.951075;-0.809657;1.180677;23.506500;0.166667;0.166667;2.007843;22608.988610;2.350294;35.178222;31.679000;28.392893;806.156391;45.206898;5.632871;0.210619;-0.670715;41.677250;0.049020;0.049020;0.000000;167360.969869;0.919499;0.000000;0.000000;-0.209324;0.118140;-0.078212;0.228117;0.000000;-0.038836;-0.163656;0.000000;0.000000;-0.668327;0.585714;0.021603;0.070337;10.265159;3.584838;13.445336;3.950179;0.697670;0.000000;9.512591;3.017578;-0.712109;108.958331;2489.430043
3.000000;3.000000;0.000000;0.000000;3.000000;0.000000;0.000000;0.000000;0.000000;0.000000;0.000000;0.000000;918.000000;-0.000000;0.034234;0.114507;0.890381;0.792779;0.891039;0.216324;0.046115;-0.253291;1.146942;0.117647;0.117647;0.501961;40.551572;2.040283;9.629304;9.638550;1.691112;2.859860;9.776674;0.461100;1.428175;3.225885;1.622150;0.166667;0.166667;0.000000;9603.673280;0.113811;-0.089924;-0.007683;1.350922;1.824991;1.353912;0.439007;-0.916121;1.288718;1.410963;0.078431;0.078431;1.003922;93.899836;2.018329;-6.620161;-6.242350;21.552898;464.527408;22.546706;9.180453;-0.189463;0.397779;27.284700;0.166667;0.166667;1.505882;28172.247381;2.226597;55.421536;44.403000;45.057551;2030.182914;71.426393;6.512301;0.453966;-0.943908;77.684000;0.049020;0.049020;0.000000;416840.727167;0.876923;0.000000;0.000000;-0.392756;0.045144;-0.368646;0.035658;0.000000;-0.189908;-0.257640;0.000000;0.000000;-0.691568;0.609254;0.208879;0.186388;10.135287;2.653264;13.353244;3.046966;0.641838;0.000000;9.595954;3.017578;-0.098847;105.377305;5611.916614
3.000000;3.000000;0.000000;0.000000;3.000000;0.000000;0.000000;0.000000;0.000000;0.000000;0.000000;0.000000;918.000000;-0.000000;0.019113;0.217430;0.781340;0.610492;0.781573;0.261780;-0.334521;-0.496242;1.071223;0.088235;0.088235;0.501961;31.189293;1.905545;9.621016;9.551300;1.635220;2.673945;9.758990;0.544757;1.409158;2.800179;1.582675;0.156863;0.156863;0.000000;9577.896869;0.107560;0.697409;0.524450;1.222015;1.493321;1.407018;0.402868;0.160709;-0.396720;1.505990;0.166667;0.166667;0.000000;125.792489;2.103472;-7.778728;-7.423500;22.102089;488.502356;23.430983;10.677859;0.067139;2.185104;26.623425;0.176471;0.176471;1.505882;31108.152085;2.410977;59.027653;63.465500;47.162065;2224.260358;75.554776;6.900834;-0.010625;-0.954569;66.994000;0.029412;0.029412;0.000000;468842.697403;0.776174;0.000000;0.000000;0.217733;0.117498;-0.696647;0.027061;0.000000;0.256654;-0.305995;0.000000;0.000000;-0.447716;0.231694;0.287712;0.338134;10.118386;2.467010;13.282690;2.737632;0.579325;0.000000;9.350860;3.017578;0.138021;104.848745;6259.514837
3.000000;3.000000;0.000000;0.000000;3.000000;0.000000;0.000000;0.000000;0.000000;0.000000;0.000000;0.000000;918.000000;-0.000000;-0.365042;-0.399855;0.946834;0.896495;1.014766;0.304005;0.053722;-0.843794;1.500010;0.117647;0.117647;0.501961;59.317376;2.082286;9.736570;9.246600;2.070125;4.285417;9.954205;0.726904;1.277708;1.322713;1.937975;0.166667;0.166667;0.000000;9888.246660;0.155461;1.392599;1.278350;0.938947;0.881622;1.679570;0.531327;0.204731;-0.074251;1.414535;0.196078;0.196078;0.000000;242.774930;1.005231;0.484305;5.418300;28.932158;837.069757;28.936211;13.376786;-0.491035;0.495645;38.404500;0.176471;0.176471;1.003922;42726.717593;2.271260;19.013034;2.790950;36.408995;1325.614893;41.074449;7.484452;0.701735;-0.968248;58.774075;0.088235;0.088235;0.000000;104483.458190;1.833164;0.000000;0.000000;0.023672;0.042637;-0.126539;-0.120210;0.000000;0.087458;0.051387;0.000000;0.000000;-0.019285;-0.260879;0.110369;-0.047742;10.252166;4.009047;13.593113;4.328488;0.904729;0.000000;9.674472;3.017578;1.358591;109.115955;2527.235614
3.000000;3.000000;0.000000;0.000000;3.000000;0.000000;0.000000;0.000000;0.000000;0.000000;0.000000;0.000000;918.000000;-0.000000;-0.303896;0.005798;1.207949;1.459141;1.245590;0.274476;-0.213771;-0.727029;1.827115;0.029412;0.029412;0.501961;83.837650;1.950299;9.655861;9.024650;2.004178;4.016730;9.861662;0.622170;1.220040;0.936015;2.164700;0.137255;0.137255;0.000000;9714.890098;0.144600;1.064468;1.131900;0.924799;0.855252;1.410087;0.559927;-0.333812;1.423763;1.091047;0.196078;0.196078;0.000000;159.199325;1.408341;3.430558;3.495150;24.246728;587.903814;24.488212;13.715765;-0.384442;1.150294;25.305575;0.245098;0.245098;1.505882;31186.188749;2.913291;-6.771427;-4.572600;28.076165;788.271020;28.881192;7.124942;-0.678997;0.729928;21.780725;0.156863;0.156863;1.003922;44878.928073;2.174519;0.000000;0.000000;0.105379;0.152687;0.457827;-0.062042;0.000000;0.034653;-0.074655;0.000000;0.000000;-0.240086;-0.001532;-0.105383;-0.180587;10.203081;3.701018;13.696166;4.081949;1.448139;0.000000;9.538953;3.017578;1.222259;107.803872;1435.784126
3.000000;3.000000;0.000000;0.000000;3.000000;0.000000;0.000000;0.000000;0.000000;0.000000;0.000000;0.000000;918.000000;-0.000000;-0.593436;-0.861595;1.315327;1.730085;1.443001;0.343829;-0.345330;0.843295;2.031280;0.058824;0.058824;0.501961;124.215123;2.112579;9.799237;9.125850;2.600689;6.763585;10.138473;0.711082;1.761469;3.357755;2.198475;0.098039;0.098039;0.000000;10139.499704;0.223606;0.670333;0.787460;1.235387;1.526181;1.405534;0.563787;-1.390161;3.051540;1.091515;0.176471;0.176471;0.000000;123.670872;2.359214;-0.057259;-0.902675;25.125847;631.308166;25.125912;14.475493;-0.636519;2.225288;25.970500;0.284314;0.284314;1.505882;32199.624188;3.025463;-18.256978;-21.211500;27.272876;743.809767;32.819613;6.970029;-0.135837;-0.545370;39.023425;0.068627;0.068627;0.000000;71945.692431;1.670535;0.000000;0.000000;-0.059182;-0.003154;0.155907;-0.166482;0.000000;0.432324;0.043280;0.000000;0.000000;-0.162595;0.121060;-0.457928;-0.299223;10.367057;6.395016;13.978713;6.838761;1.739005;0.000000;9.769668;3.017578;0.705090;113.870887;1710.413996
3.000000;3.000000;0.000000;0.000000;3.000000;0.000000;0.000000;0.000000;0.000000;0.000000;0.000000;0.000000;918.000000;-0.000000;-1.123879;-1.417950;1.028188;1.057170;1.523245;0.328552;-0.253872;2.573163;1.373630;0.078431;0.078431;0.000000;182.903424;1.326703;9.776432;9.458550;2.320357;5.384057;10.048019;0.654538;2.280418;6.576151;1.146700;0.176471;0.176471;0.000000;10023.615339;0.189392;0.952450;1.296150;1.353124;1.830944;1.654722;0.502727;-1.245712;2.288637;1.718608;0.098039;0.098039;0.000000;185.923269;1.738813;1.501680;3.115800;23.435544;549.224744;23.483607;12.842610;-1.207208;3.436946;25.014100;0.225490;0.225490;1.003922;28240.608522;2.930433;-29.483162;-31.174500;15.191062;230.768366;33.166628;6.356067;0.736146;0.520756;20.064750;0.166667;0.166667;0.000000;100434.741359;0.678589;0.000000;0.000000;-0.431217;-0.038252;-0.101813;-0.195863;0.000000;0.419573;0.342475;0.000000;0.000000;-0.291859;-0.005348;-0.359376;-0.493207;10.348612;5.189182;14.055656;5.671815;0.833187;0.000000;9.886361;3.017578;0.735768;112.282960;1654.243096
3.000000;3.000000;0.000000;0.000000;3.000000;0.000000;0.000000;0.000000;0.000000;0.000000;0.000000;0.000000;918.000000;-0.000000;0.622058;0.867730;1.363104;1.858054;1.498336;0.362341;0.131756;1.225702;1.648918;0.068627;0.068627;0.000000;134.278612;2.329369;9.869552;9.505300;2.404565;5.781933;10.158247;0.787150;0.750611;0.241023;2.619325;0.117647;0.117647;0.000000;10230.504006;0.178270;-0.749707;-0.388975;1.579001;2.493246;1.747944;0.414602;-0.401654;-0.881356;2.699262;0.078431;0.078431;1.505882;184.509163;1.403009;-0.015792;-2.933900;16.845710;283.777935;16.845717;9.161390;0.441373;0.588483;18.348450;0.186275;0.186275;1.505882;14485.251264;2.962300;32.130862;28.674000;27.540365;758.471730;42.318601;4.746517;0.861038;0.685066;29.550250;0.088235;0.088235;0.000000;143986.725867;1.059719;0.000000;0.000000;0.051132;-0.260533;-0.268296;-0.133560;0.000000;0.224266;-0.436330;0.000000;0.000000;-0.205693;0.092052;-0.024136;0.417787;10.447621;5.282218;14.112701;5.846396;1.869234;0.000000;9.734124;3.017578;-0.722948;114.434999;2077.697517
3.000000;3.000000;0.000000;0.000000;3.000000;0.000000;0.000000;0.000000;0.000000;0.000000;0.000000;0.000000;918.000000;-0.000000;0.392354;0.618910;1.580554;2.498151;1.628525;0.334787;0.184595;-0.228511;2.345840;0.049020;0.049020;1.003922;143.128214;2.010646;9.775380;9.347050;2.399742;5.758762;10.065626;0.704068;0.849510;0.001198;3.017050;0.098039;0.098039;0.000000;10040.619402;0.179791;-0.972769;-0.365525;1.821356;3.317336;2.064853;0.412871;-0.561306;-0.848424;2.759638;0.088235;0.088235;0.000000;265.706822;1.713953;5.735072;0.552570;22.658104;513.389670;23.372649;7.716176;1.036144;0.992448;21.076200;0.137255;0.137255;1.505882;29546.751021;2.155423;50.866343;44.135500;35.309682;1246.773639;61.920582;4.160358;0.998366;-0.020836;31.235750;0.049020;0.049020;0.000000;327503.010431;0.777892;0.000000;0.000000;-0.088379;-0.271917;-0.462731;0.074758;0.000000;0.179535;-0.288304;0.000000;0.000000;-0.765630;0.377330;-0.119904;0.523057;10.381813;5.186880;14.141900;5.850223;2.488442;0.000000;10.052123;3.017578;-0.661291;112.968917;4384.702851
3.000000;3.000000;0.000000;0.000000;3.000000;0.000000;0.000000;0.000000;0.000000;0.000000;0.000000;0.000000;918.000000;-0.000000;0.262736;-0.131810;1.717523;2.949885;1.737502;0.394964;0.485609;-0.590089;2.558933;0.088235;0.088235;0.501961;157.496368;2.103351;9.108451;8.702800;1.884667;3.551971;9.301390;0.622619;1.310340;1.750073;1.995250;0.137255;0.137255;0.000000;8643.469606;0.150299;-0.698920;-0.781960;1.841242;3.390174;1.969432;0.376817;-0.407118;-0.209863;2.027910;0.068627;0.068627;0.501961;222.757827;1.942143;-6.461413;-7.574200;31.164451;971.223017;31.827235;8.580230;0.164590;0.607567;27.834350;0.137255;0.137255;0.501961;53790.859882;1.942130;76.449735;65.247000;32.633138;1064.921685;83.123304;5.668871;0.379980;-1.320821;68.324750;0.078431;0.078431;0.000000;650457.584560;0.389024;0.000000;0.000000;-0.002438;-0.452457;-0.612541;0.038907;0.000000;0.282583;-0.021995;0.000000;0.000000;-0.745487;0.767236;-0.243694;0.505047;9.764936;3.180784;13.518272;3.587244;2.978987;0.000000;9.237611;3.017578;-0.987285;98.534765;7926.335254
3.000000;3.000000;0.000000;0.000000;3.000000;0.000000;0.000000;0.000000;0.000000;0.000000;0.000000;0.000000;918.000000;-0.000000;0.510839;0.536600;1.268324;1.608647;1.367334;0.435589;-0.111202;-0.275898;1.669020;0.147059;0.147059;0.000000;108.660180;2.531192;9.530289;8.503750;2.581738;6.665373;9.873793;0.816025;1.628695;2.463190;2.372275;0.098039;0.098039;0.000000;9604.233421;0.227721;0.908951;0.993930;1.711044;2.927671;1.937489;0.489411;-0.101083;-1.196692;3.067675;0.088235;0.088235;0.501961;233.585500;1.745337;-8.482464;-8.602100;31.083789;966.201968;32.220400;12.168417;0.026510;0.462199;31.435100;0.156863;0.156863;1.505882;56621.061527;2.493278;38.744815;37.436500;49.053749;2406.270322;62.509448;7.410592;0.148667;-0.821116;68.828925;0.058824;0.058824;0.000000;275842.936507;1.268798;0.000000;0.000000;-0.013513;-0.171419;-0.734357;-0.129264;0.000000;0.211381;-0.054843;0.000000;0.000000;-0.149149;0.070683;0.073411;0.324179;10.109003;6.169442;13.646014;6.731758;1.624183;0.000000;9.435386;3.017578;0.173620;108.361388;4949.339057
3.000000;3.000000;0.000000;0.000000;3.000000;0.000000;0.000000;0.000000;0.000000;0.000000;0.000000;0.000000;918.000000;-0.000000;0.747066;0.755110;0.995131;0.990287;1.244345;0.403728;0.750414;1.836413;1.050504;0.117647;0.117647;0.000000;107.451837;1.929498;9.920888;8.457450;3.138809;9.852122;10.405582;0.908068;1.077812;0.094542;4.677900;0.088235;0.088235;0.000000;10541.734832;0.283742;1.877364;2.052900;1.241256;1.540715;2.250602;0.605883;-0.346718;-0.452451;1.667300;0.166667;0.166667;0.000000;438.284709;0.979882;-1.110911;-1.300650;31.363032;983.639782;31.382701;14.902294;0.343573;0.173541;39.147000;0.186275;0.186275;1.505882;50328.994537;2.755963;28.277051;23.543500;38.890275;1512.453496;48.083730;7.235602;-0.093557;-0.738499;52.511925;0.068627;0.068627;0.000000;158710.320364;1.478216;0.000000;0.000000;0.227941;-0.396571;-0.264586;0.237174;0.000000;-0.000455;0.079240;0.000000;0.000000;0.091165;-0.337102;-0.052225;0.351581;10.464618;9.316308;13.886003;10.007068;0.942691;0.000000;10.057856;3.017578;1.882806;118.824540;3301.984201
3.000000;3.000000;0.000000;0.000000;3.000000;0.000000;0.000000;0.000000;0.000000;0.000000;0.000000;0.000000;918.000000;-0.000000;0.851049;0.858400;1.318591;1.738683;1.569385;0.361588;0.064047;-0.124198;1.749300;0.107843;0.107843;0.000000;162.582684;1.833257;9.810753;9.425200;2.310740;5.339521;10.079206;0.663695;1.105390;1.024571;2.340675;0.117647;0.117647;0.000000;10089.924851;0.177723;0.896350;0.560265;1.443853;2.084710;1.699457;0.461248;0.279564;-0.600032;2.041405;0.068627;0.068627;0.000000;188.371162;1.823304;10.623177;17.370000;29.334812;860.531206;31.199088;11.350180;-0.489363;0.014706;32.573650;0.147059;0.147059;0.000000;55406.230569;2.476004;92.513294;87.612500;46.862982;2196.139076;103.705586;6.159871;0.259351;-1.027743;77.224500;0.039216;0.039216;0.000000;984993.158755;0.463904;0.000000;0.000000;0.216209;-0.492758;-0.506568;0.559401;0.000000;0.072597;-0.009099;0.000000;0.000000;-0.150747;-0.273379;-0.026358;0.246911;10.390718;5.086337;14.071970;5.510281;1.638005;0.000000;9.835218;3.017578;1.362887;113.053363;11731.119921
3.000000;3.000000;0.000000;0.000000;3.000000;0.000000;0.000000;0.000000;0.000000;0.000000;0.000000;0.000000;918.000000;-0.000000;0.484937;0.572275;1.497973;2.243923;1.574512;0.298760;0.041914;-1.295137;2.692667;0.049020;0.049020;0.501961;138.431631;2.068110;9.993827;9.820750;2.010581;4.042435;10.194068;0.624780;0.664497;0.310654;2.245575;0.107843;0.107843;0.000000;10393.578924;0.139550;-0.875657;-0.536410;1.563967;2.445994;1.792420;0.385530;-0.422023;0.100503;1.715523;0.088235;0.088235;0.000000;203.011581;2.123137;15.975206;15.868500;17.083910;291.859964;23.389467;8.696619;0.189819;-0.572901;24.201350;0.137255;0.137255;0.000000;40942.532755;1.566469;62.175280;37.620500;70.834304;5017.498650;94.251070;5.143677;0.289185;-1.544309;136.840300;0.009804;0.009804;0.000000;650200.861100;0.913523;0.000000;0.000000;0.110730;0.392962;0.538097;0.654259;0.000000;0.264123;-0.035717;0.000000;0.000000;-0.016154;0.258116;-0.053151;-0.032272;10.566206;3.753399;14.375861;4.142900;2.205699;0.000000;10.106738;3.017578;-0.276710;115.398109;9433.544095
3.000000;3.000000;0.000000;0.000000;3.000000;0.000000;0.000000;0.000000;0.000000;0.000000;0.000000;0.000000;918.000000;-0.000000;0.115288;0.001501;1.335686;1.784056;1.340652;0.285149;0.216700;-1.294598;2.460275;0.068627;0.068627;1.003922;92.366601;2.211593;9.608915;9.191000;2.368743;5.610945;9.896575;0.724834;0.698706;-0.249894;3.518900;0.117647;0.117647;0.000000;9703.947574;0.169541;-1.729550;-1.239150;1.346012;1.811748;2.191596;0.393344;-0.530010;-0.874321;2.143295;0.058824;0.058824;0.000000;397.516274;0.785145;-0.271201;-0.531795;14.485937;209.842378;14.488476;8.770402;0.216743;-0.363050;19.261575;0.264706;0.264706;1.505882;10758.177615;2.809929;11.229580;9.466400;21.564206;465.014968;24.312928;4.637653;0.599464;-0.119158;30.356050;0.088235;0.088235;0.000000;36586.303603;1.762600;0.000000;0.000000;0.348855;-0.227255;0.210609;-0.094691;0.000000;0.446516;-0.162529;0.000000;0.000000;-0.242936;0.484588;-0.287490;0.526402;10.175151;5.205834;13.805117;5.964943;1.503277;0.000000;10.000854;3.017578;-1.734878;108.739535;805.837464
3.000000;3.000000;0.000000;0.000000;3.000000;0.000000;0.000000;0.000000;0.000000;0.000000;0.000000;0.000000;918.000000;-0.000000;0.521011;0.796300;1.330321;1.769753;1.428708;0.352221;-0.307165;-0.960140;2.163725;0.078431;0.078431;0.501961;117.948425;2.107094;9.477156;8.974100;2.126651;4.522645;9.712833;0.754275;0.694967;-0.094658;3.048425;0.117647;0.117647;0.000000;9391.961721;0.155139;-1.050071;-0.812330;1.441616;2.078256;1.783509;0.434016;-0.541401;-0.540622;2.041889;0.107843;0.107843;0.000000;218.505989;1.683973;-6.919752;-6.296800;22.584378;510.054132;23.620692;12.270654;0.064082;2.508448;23.058550;0.186275;0.186275;0.000000;30903.472095;3.171624;48.340363;44.219500;32.861392;1079.871102;58.452218;5.207804;0.164501;-1.555238;64.589500;0.029412;0.029412;0.000000;293434.848772;0.671167;0.000000;0.000000;0.105467;-0.410644;0.268541;0.027887;0.000000;0.417208;-0.137890;0.000000;0.000000;-0.244029;0.567215;-0.265486;0.361493;10.061711;4.142306;13.752252;4.599710;1.754989;0.000000;9.471780;3.017578;-1.447547;105.380334;3977.779771
3.000000;3.000000;0.000000;0.000000;3.000000;0.000000;0.000000;0.000000;0.000000;0.000000;0.000000;0.000000;918.000000;-0.000000;0.331743;0.706885;1.380836;1.906707;1.420127;0.382140;-0.464575;-0.419875;1.745260;0.078431;0.078431;0.501961;108.470684;2.397029;9.606365;9.546400;1.718176;2.952128;9.758810;0.697231;0.655649;0.481735;2.248250;0.127451;0.127451;0.000000;9563.370138;0.116710;0.202660;0.317495;1.323246;1.750980;1.338675;0.409702;-0.993098;1.228341;1.415088;0.156863;0.156863;1.003922;93.502177;2.318921;-9.846722;-8.194250;24.742535;612.193049;26.629889;13.938897;0.130813;1.222904;29.299225;0.215686;0.215686;0.000000;41114.747481;2.858656;81.915600;86.213500;42.613447;1815.905876;92.336728;6.316055;-0.387175;-0.386188;53.216500;0.098039;0.098039;0.000000;777048.182488;0.501332;0.000000;0.000000;-0.213518;-0.351214;-0.280059;0.234193;0.000000;0.098085;0.029778;0.000000;0.000000;-0.257723;-0.140537;-0.418718;0.285695;10.175536;2.709607;13.813486;3.188582;1.718359;0.000000;9.977097;3.017578;-0.250531;106.251131;9237.014439
3.000000;3.000000;0.000000;0.000000;3.000000;0.000000;0.000000;0.000000;0.000000;0.000000;0.000000;0.000000;918.000000;-0.000000;-0.112715;-0.011520;1.133901;1.285732;1.139490;0.364310;-0.385588;-0.170793;1.540320;0.117647;0.117647;1.003922;66.877781;2.468072;9.784898;9.209700;2.347058;5.508681;10.062451;0.650701;1.444698;1.619652;2.404150;0.088235;0.088235;0.000000;10046.935102;0.183730;1.473629;1.470400;1.208778;1.461145;1.905972;0.413817;0.060346;-0.620718;1.703350;0.147059;0.147059;0.000000;296.022653;1.167071;-6.373810;-8.629400;27.133372;736.219864;27.871945;13.310761;0.732235;0.263459;36.473850;0.166667;0.166667;1.003922;41691.773663;2.937392;50.495424;28.873000;57.053947;3255.152857;76.190161;5.649709;0.522826;-1.199807;107.035650;0.009804;0.009804;0.000000;426095.612901;1.113813;0.000000;0.000000;0.096688;0.034894;-0.690991;-0.021037;0.000000;0.014445;-0.031601;0.000000;0.000000;0.125145;-0.359150;0.035258;0.579409;10.314380;5.164917;13.678695;5.578998;1.282686;0.000000;9.630424;3.017578;1.073520;111.551347;6585.418737
3.000000;3.000000;0.000000;0.000000;3.000000;0.000000;0.000000;0.000000;0.000000;0.000000;0.000000;0.000000;918.000000;-0.000000;0.049673;0.023718;0.829336;0.687798;0.830822;0.340401;0.034669;0.352597;0.990945;0.186275;0.186275;2.509804;35.329808;2.698034;9.640936;8.276300;2.825678;7.984458;10.046497;0.729415;1.274813;0.291934;3.291400;0.058824;0.058824;0.000000;9887.868362;0.225797;2.084564;2.078750;1.128051;1.272500;2.370212;0.479501;-0.116791;-0.262411;1.731850;0.147059;0.147059;0.000000;508.143695;0.697045;3.071243;2.619200;29.531984;872.138060;29.691255;14.035842;0.155753;-0.747818;47.732500;0.166667;0.166667;1.505882;45442.175077;2.771159;17.400307;8.969250;40.372031;1629.900892;43.962161;5.781925;0.712052;-0.032943;50.030750;0.068627;0.068627;1.003922;114007.606169;1.863748;0.000000;0.000000;0.100111;-0.094396;-0.255322;0.387278;0.000000;0.003174;-0.045168;0.000000;0.000000;0.009004;-0.403332;0.205939;0.433303;10.157227;7.453123;13.291476;8.071122;0.686998;0.000000;9.889182;3.017578;2.154540;110.622375;2819.860061
3.000000;3.000000;0.000000;0.000000;3.000000;0.000000;0.000000;0.000000;0.000000;0.000000;0.000000;0.000000;918.000000;-0.000000;0.560103;0.414610;1.014446;1.029100;1.158799;0.374177;0.681207;1.449509;1.317004;0.137255;0.137255;0.000000;84.483397;2.212928;9.799679;8.908200;2.814903;7.923681;10.195950;0.818106;1.259375;0.961658;3.506925;0.088235;0.088235;0.000000;10199.562199;0.249176;1.061648;0.944950;1.427244;2.037025;1.778798;0.500794;0.180630;-0.092168;1.564257;0.117647;0.117647;0.000000;218.857873;1.654064;2.067287;1.949450;30.952472;958.055497;31.021431;14.870319;-0.362778;0.161323;43.831500;0.186275;0.186275;0.501961;49296.755960;2.796711;61.484812;79.523000;53.782577;2892.565628;81.688113;7.816087;-0.695706;-0.828855;95.891000;0.049020;0.049020;0.000000;533123.169449;0.868522;0.000000;0.000000;0.237861;0.067723;-0.558526;0.133903;0.000000;-0.000714;0.099462;0.000000;0.000000;-0.209241;0.106792;-0.148878;0.082641;10.335871;7.469975;13.666093;8.069067;0.972355;0.000000;9.533530;3.017578;1.601857;114.300212;7638.441038
3.000000;3.000000;0.000000;0.000000;3.000000;0.000000;0.000000;0.000000;0.000000;0.000000;0.000000;0.000000;918.000000;-0.000000;0.705059;0.818465;1.154979;1.333977;1.353176;0.356194;0.229070;-0.035498;1.556090;0.088235;0.088235;0.000000;118.750010;2.096699;10.133826;9.729250;2.664851;7.101429;10.478352;0.855077;1.246715;1.493546;2.554800;0.127451;0.127451;0.000000;10837.007289;0.221636;0.255793;0.585900;1.316020;1.731909;1.340649;0.499448;-0.984953;0.790821;1.514385;0.117647;0.117647;1.505882;95.058005;2.229189;1.921558;0.867555;27.443773;753.160667;27.510962;13.304959;-0.469267;1.251900;34.040250;0.186275;0.186275;1.003922;38795.873480;2.528350;69.617419;77.626500;38.339531;1469.919626;79.476441;6.809722;-0.262882;-1.180850;66.433500;0.068627;0.068627;0.000000;569317.813359;0.565822;0.000000;0.000000;0.090775;0.052367;0.195106;-0.094543;0.000000;0.045541;-0.092818;0.000000;0.000000;-0.385599;-0.095448;-0.191236;0.157024;10.676069;6.648512;14.236722;7.185376;1.333548;0.000000;10.520079;3.017578;0.209080;120.626953;7075.155022
3.000000;3.000000;0.000000;0.000000;3.000000;0.000000;0.000000;0.000000;0.000000;0.000000;0.000000;0.000000;918.000000;-0.000000;0.241105;-0.055505;1.238392;1.533614;1.261644;0.286145;0.334049;-1.115284;2.213682;0.029412;0.029412;1.003922;84.161290;2.189633;9.959249;9.426400;2.328867;5.423622;10.227916;0.706389;0.908091;0.474036;2.717325;0.117647;0.117647;0.000000;10393.663164;0.159038;-0.002789;0.326875;1.554742;2.417222;1.554744;0.438682;-0.654987;-0.428438;2.312448;0.049020;0.049020;1.505882;123.284149;1.136872;6.245313;4.582250;16.604256;275.701328;17.739934;8.906328;0.190120;-0.981579;26.549700;0.137255;0.137255;0.000000;18040.189892;2.733572;16.682578;10.811850;37.411891;1399.649555;40.962885;4.756530;0.441947;-0.477123;42.709575;0.058824;0.058824;0.501961;99774.275059;1.317759;0.000000;0.000000;-0.109057;-0.197251;0.397075;0.248375;0.000000;-0.177721;-0.052643;0.000000;0.000000;-0.441970;0.061669;-0.061608;0.522046;10.498418;4.985234;14.046952;5.502838;1.523281;0.000000;9.982621;3.017578;0.283799;115.202009;1995.080439
3.000000;3.000000;0.000000;0.000000;3.000000;0.000000;0.000000;0.000000;0.000000;0.000000;0.000000;0.000000;918.000000;-0.000000;0.429248;0.120784;1.258504;1.583833;1.329694;0.251943;0.091338;-1.321862;2.170478;0.029412;0.029412;0.501961;99.609804;1.938524;9.737007;9.364050;2.408231;5.799577;10.030398;0.720051;0.752333;-0.122413;3.034850;0.107843;0.107843;0.000000;9966.352989;0.184633;-0.329295;-0.186980;1.314122;1.726916;1.354751;0.414714;-0.472345;-0.463504;1.838338;0.137255;0.137255;1.505882;99.135981;1.802039;0.086646;-0.336004;22.967048;527.485312;22.967212;10.301299;0.068193;1.088157;23.351250;0.186275;0.186275;1.505882;26906.228748;2.575115;31.516796;36.932500;46.240719;2138.204138;55.959919;4.652120;-0.042184;-1.319433;79.484825;0.009804;0.009804;0.000000;210375.049962;1.264988;0.000000;0.000000;0.132056;-0.312674;-0.071451;-0.208113;0.000000;0.112048;-0.044305;0.000000;0.000000;-0.131963;0.339019;-0.013654;0.330754;10.294152;5.407397;13.878436;5.895032;1.561481;0.000000;10.068223;3.017578;-0.327581;111.376966;3660.840737
3.000000;3.000000;0.000000;0.000000;3.000000;0.000000;0.000000;0.000000;0.000000;0.000000;0.000000;0.000000;918.000000;-0.000000;0.954783;1.223850;1.152336;1.327878;1.496492;0.264916;-0.251809;-1.233968;2.118637;0.068627;0.068627;0.000000;160.710281;1.328033;9.555517;9.530400;1.865827;3.481312;9.735975;0.656549;0.937260;2.119301;1.654125;0.186275;0.186275;0.000000;9490.980976;0.134094;-0.016495;0.014592;1.112688;1.238074;1.112810;0.445250;-0.566592;0.054938;1.660837;0.107843;0.107843;1.505882;63.174005;2.285912;-1.363436;-0.628130;25.360269;643.143241;25.396893;12.785542;-0.080496;1.095645;27.497250;0.176471;0.176471;1.003922;32992.582226;2.861229;89.020853;89.654500;44.896368;2015.683871;99.701536;5.709247;0.030527;-0.948095;77.957250;0.058824;0.058824;0.000000;911120.740657;0.455043;0.000000;0.000000;0.259949;-0.260580;-0.360624;0.235620;0.000000;0.237347;0.135910;0.000000;0.000000;-0.045713;0.190813;-0.049315;0.095634;10.137205;3.265768;13.822779;3.653548;1.203258;0.000000;9.547796;3.017578;-0.147891;106.028700;10586.636744
3.000000;3.000000;0.000000;0.000000;3.000000;0.000000;0.000000;0.000000;0.000000;0.000000;0.000000;0.000000;918.000000;-0.000000;0.629827;0.619730;1.244109;1.547806;1.394449;0.349926;0.030463;-0.925592;2.140973;0.098039;0.098039;0.000000;119.399649;2.131806;9.547701;9.435200;2.033435;4.134859;9.761837;0.715623;1.667393;3.628913;2.016700;0.176471;0.176471;0.000000;9509.056371;0.156106;1.101392;1.217650;1.334350;1.780491;1.730190;0.550742;-0.316131;-0.517154;2.096815;0.137255;0.137255;0.000000;214.575779;1.660500;-1.492678;-3.971850;25.915548;671.615611;25.958500;16.044620;0.767747;3.229912;27.574525;0.186275;0.186275;4.517647;34539.159231;3.337853;69.036559;58.480000;57.616955;3319.713537;89.920854;6.844702;0.264515;-1.232893;105.182500;0.029412;0.029412;0.000000;655470.138691;0.942708;0.000000;0.000000;0.393197;-0.504909;-0.659618;0.269511;0.000000;0.259161;0.033804;0.000000;0.000000;-0.464622;0.327205;-0.203004;0.243095;10.115716;3.910221;13.681168;4.517390;1.221539;0.000000;9.803942;3.017578;0.552836;106.237941;8762.597301
3.000000;3.000000;0.000000;0.000000;3.000000;0.000000;0.000000;0.000000;0.000000;0.000000;0.000000;0.000000;918.000000;-0.000000;0.207736;0.201200;0.970115;0.941124;0.992108;0.412600;0.150629;0.839645;1.130965;0.176471;0.176471;2.509804;52.399953;2.637131;9.712683;8.324550;2.820482;7.955119;10.113918;0.848821;1.117927;0.001402;3.765150;0.088235;0.088235;0.000000;10028.047067;0.233887;2.321241;2.253400;1.196748;1.432205;2.611583;0.665389;-0.743432;2.161457;1.253025;0.245098;0.245098;0.000000;622.677768;0.728268;-3.510464;-9.947500;30.961939;958.641697;31.160312;17.351192;0.842992;1.148633;31.743900;0.245098;0.245098;1.505882;50184.213910;3.096465;-0.098505;-11.951500;39.991530;1599.322478;39.991651;6.770491;0.397340;-0.967270;62.019500;0.029412;0.029412;0.501961;81572.181793;1.287778;0.000000;0.000000;0.370931;-0.361723;-0.167908;-0.121146;0.000000;0.103445;-0.237586;0.000000;0.000000;-0.165766;-0.255888;-0.126592;0.517398;10.235774;7.504551;13.459732;8.179218;0.805106;0.000000;9.510856;3.017578;2.112548;112.275614;2577.117597
3.000000;3.000000;0.000000;0.000000;3.000000;0.000000;0.000000;0.000000;0.000000;0.000000;0.000000;0.000000;918.000000;-0.000000;-0.120024;-0.094880;1.699064;2.886820;1.703298;0.530252;0.448098;0.303533;1.983880;0.147059;0.147059;1.505882;148.738455;2.268086;9.925436;8.750500;2.827229;7.993223;10.320248;0.865728;0.930697;-0.286975;4.018825;0.088235;0.088235;0.000000;10456.111622;0.234198;1.197980;0.875845;1.810169;3.276711;2.170684;0.591991;0.224279;-1.011630;3.157233;0.068627;0.068627;0.000000;313.501973;1.740676;5.520516;7.825800;29.515491;871.164211;30.027326;14.630352;0.018080;-0.109750;39.685750;0.137255;0.137255;1.505882;47538.030325;2.987473;-72.395319;-60.253500;49.500367;2450.286312;87.700447;8.078808;-0.546669;-0.890288;78.662250;0.049020;0.049020;0.000000;659568.437612;0.798593;0.000000;0.000000;-0.037419;-0.248291;0.675497;-0.126496;0.000000;-0.088647;0.206902;0.000000;0.000000;0.209162;-0.020556;-0.118820;0.455717;10.539633;7.324878;14.214074;8.078746;2.909020;0.000000;9.954894;3.017578;1.935529;118.408734;8597.720646
3.000000;3.000000;0.000000;0.000000;3.000000;0.000000;0.000000;0.000000;0.000000;0.000000;0.000000;0.000000;918.000000;-0.000000;-0.150986;-0.171231;1.763380;3.109509;1.769832;0.439580;0.438558;-0.138084;2.485165;0.058824;0.058824;1.003922;160.916215;1.674281;9.795066;9.394750;2.303601;5.306577;10.062300;0.812197;1.136200;1.279798;2.658800;0.137255;0.137255;0.000000;10056.875388;0.189028;-0.941178;-0.769560;1.308088;1.711093;1.611493;0.525199;-0.737584;1.655763;1.040235;0.215686;0.215686;0.000000;178.048838;1.955264;7.483913;9.868500;25.263380;638.238357;26.348573;13.063915;0.127886;0.129558;31.699375;0.186275;0.186275;0.000000;38263.476964;2.918323;-95.340824;-77.901500;34.067648;1160.604635;101.244641;6.552653;-0.814308;-0.379084;50.325250;0.039216;0.039216;0.000000;986358.403927;0.324661;0.000000;0.000000;-0.010527;0.093300;-0.262184;0.246175;0.000000;-0.038825;0.287733;0.000000;0.000000;0.088484;-0.136338;-0.339654;0.109960;10.422521;4.753244;14.260445;5.359958;3.139456;0.000000;9.781504;3.017578;-0.469996;113.382195;10947.321480
3.000000;3.000000;0.000000;0.000000;3.000000;0.000000;0.000000;0.000000;0.000000;0.000000;0.000000;0.000000;918.000000;-0.000000;0.284991;0.768015;1.328665;1.765352;1.358886;0.277653;-0.441035;-1.190557;2.386400;0.049020;0.049020;0.501961;98.317371;1.890197;9.768209;9.671600;2.028853;4.116246;9.976680;0.704681;0.430396;0.068165;2.349150;0.156863;0.156863;0.000000;9942.597284;0.139446;-1.367847;-0.948895;1.509704;2.279207;2.037207;0.478510;-0.836972;-0.135424;1.629002;0.088235;0.088235;0.000000;307.273659;1.393018;-0.503372;1.482650;23.518856;553.136601;23.524242;11.501700;0.177612;-0.186111;33.728000;0.156863;0.156863;2.007843;28255.752765;2.635469;-42.166844;-57.531500;44.369675;1968.668039;61.210381;4.364675;0.336248;-0.746921;73.088500;0.029412;0.029412;0.000000;281784.357566;1.277920;0.000000;0.000000;-0.048201;-0.175224;0.286563;-0.179550;0.000000;-0.219444;-0.213756;0.000000;0.000000;0.005751;0.352678;-0.183987;0.234892;10.325145;3.772097;13.999542;4.164231;1.775600;0.000000;9.981182;3.017578;-1.551981;110.380721;4304.250980
3.000000;3.000000;0.000000;0.000000;3.000000;0.000000;0.000000;0.000000;0.000000;0.000000;0.000000;0.000000;918.000000;-0.000000;0.493662;0.825770;1.456074;2.120150;1.537483;0.296864;-0.146871;-1.022138;2.370465;0.068627;0.068627;1.505882;132.991047;1.986991;9.778535;9.279050;2.301281;5.295896;10.045678;0.717114;0.692097;-0.174859;2.708975;0.098039;0.098039;0.000000;10023.329694;0.161032;-0.879058;-0.486040;1.562374;2.441013;1.792695;0.483265;-0.882317;-0.053957;2.052173;0.107843;0.107843;0.000000;203.343557;1.792545;-0.049779;1.406585;24.535947;602.012706;24.535998;13.033535;0.150396;1.782675;29.759750;0.264706;0.264706;0.501961;30703.463686;2.861845;32.163783;40.847000;46.669912;2178.080657;56.679711;4.817576;-0.429612;-1.018699;69.750575;0.029412;0.029412;0.000000;216647.586157;1.610629;0.000000;0.000000;0.010907;-0.285614;0.203482;-0.016792;0.000000;0.037082;-0.122653;0.000000;0.000000;-0.403464;0.319235;-0.033808;0.325509;10.359687;4.956386;14.122465;5.348755;2.140717;0.000000;9.839832;3.017578;-1.059194;112.279501;3817.818556
3.000000;3.000000;0.000000;0.000000;3.000000;0.000000;0.000000;0.000000;0.000000;0.000000;0.000000;0.000000;918.000000;-0.000000;0.780517;0.819830;1.330196;1.769423;1.542281;0.394433;0.051523;-1.236617;2.499598;0.137255;0.137255;0.000000;152.380493;1.926221;9.742772;9.231650;2.001242;4.004971;9.946184;0.764600;1.094215;0.811968;1.746775;0.137255;0.137255;0.000000;9886.275948;0.142747;-0.181426;0.138400;1.278455;1.634446;1.291264;0.502943;-0.984909;0.286493;1.291717;0.166667;0.166667;1.505882;86.720539;2.220565;-1.460465;-3.411550;28.877968;833.937060;28.914875;15.500805;0.014237;2.566729;20.342450;0.303922;0.303922;5.521569;42801.675597;3.266683;91.678814;91.948500;26.780375;717.188494;95.510174;5.941743;-0.291443;-0.843886;43.162500;0.068627;0.068627;0.000000;893895.855660;0.248862;0.000000;0.000000;0.094471;-0.281559;0.391725;-0.014560;0.000000;0.175820;-0.263465;0.000000;0.000000;-0.451483;0.155725;-0.092856;0.095727;10.324242;3.715233;14.034175;4.072843;1.758723;0.000000;9.889560;3.017578;-0.505466;110.305199;9959.930759
3.000000;3.000000;0.000000;0.000000;3.000000;0.000000;0.000000;0.000000;0.000000;0.000000;0.000000;0.000000;918.000000;-0.000000;0.801861;0.895915;1.102802;1.216172;1.363508;0.398599;-0.470574;-0.095499;1.481464;0.147059;0.147059;0.000000;127.612320;1.960260;9.422458;9.227700;1.880871;3.537676;9.608350;0.683630;0.811907;0.664401;1.748725;0.156863;0.156863;0.000000;9236.258830;0.138301;0.996264;1.017100;1.153607;1.330809;1.524254;0.480510;-0.267854;0.854298;1.369047;0.147059;0.147059;0.000000;169.312246;1.681309;-2.233454;-4.943250;27.118983;735.439251;27.210799;13.917242;0.381013;3.088336;19.330400;0.284314;0.284314;1.003922;38055.059298;3.184095;68.533158;94.464000;58.051404;3369.965540;89.815139;7.344857;-0.601230;-1.266594;109.291650;0.009804;0.009804;0.000000;650950.508814;0.819790;0.000000;0.000000;-0.142624;0.065445;-0.485900;-0.077385;0.000000;-0.012355;-0.070522;0.000000;0.000000;-0.424061;0.298280;-0.100734;0.210178;9.995683;3.265864;13.562902;3.610176;1.190740;0.000000;9.516751;3.017578;0.612183;103.179541;8809.510182
3.000000;3.000000;0.000000;0.000000;3.000000;0.000000;0.000000;0.000000;0.000000;0.000000;0.000000;0.000000;918.000000;-0.000000;0.680765;0.876265;1.045500;1.093070;1.247602;0.376840;-0.615349;0.284065;1.315392;0.088235;0.088235;0.000000;103.017634;2.163444;9.760035;9.015700;2.957386;8.746135;10.198256;0.861380;1.037631;0.104465;4.082875;0.088235;0.088235;0.000000;10162.414510;0.257822;1.853392;1.832900;1.121116;1.256901;2.166094;0.572865;-0.515891;0.413967;1.533375;0.166667;0.166667;0.000000;414.479040;0.850214;-2.217888;-6.454450;33.573175;1127.158088;33.646354;18.265050;0.591095;1.112623;38.146000;0.235294;0.235294;1.505882;57986.917292;2.979850;26.626677;18.405000;43.939852;1930.710603;51.377919;7.719156;0.421827;-0.844986;82.982750;0.058824;0.058824;1.003922;170785.937883;1.259198;0.000000;0.000000;-0.015496;-0.333896;-0.112916;0.024314;0.000000;-0.148092;0.045481;0.000000;0.000000;-0.077650;-0.008416;0.075414;0.420515;10.315919;8.142743;13.819483;8.833033;1.103589;0.000000;9.522489;3.017578;1.733952;114.560934;3776.459602
3.000000;3.000000;0.000000;0.000000;3.000000;0.000000;0.000000;0.000000;0.000000;0.000000;0.000000;0.000000;918.000000;-0.000000;0.395882;0.827765;1.492910;2.228781;1.544508;0.453662;-0.641050;-0.119260;2.069095;0.127451;0.127451;0.501961;129.655837;2.068718;9.979557;8.905850;3.388077;11.479063;10.539005;0.987683;1.012239;-0.118722;4.530875;0.088235;0.088235;0.000000;10743.771064;0.316680;1.177795;1.114650;1.472255;2.167535;1.885401;0.665877;-0.440945;0.311220;2.062202;0.186275;0.186275;0.000000;252.133981;1.865146;-3.685697;-4.135500;37.258289;1388.180095;37.440145;21.944013;0.222950;0.412653;49.547250;0.215686;0.215686;1.505882;72188.870819;3.074961;61.095490;71.372000;43.667817;1906.878248;75.096851;8.085259;-0.443543;-0.677647;69.708750;0.068627;0.068627;0.000000;477986.380632;0.785481;0.000000;0.000000;0.176121;-0.268860;-0.477052;0.024382;0.000000;-0.178008;0.042087;0.000000;0.000000;-0.029451;-0.361378;-0.086546;0.243998;10.580086;10.517901;14.291907;11.678569;2.164997;0.000000;9.980097;3.017578;1.616709;122.456122;7044.856299
3.000000;3.000000;0.000000;0.000000;3.000000;0.000000;0.000000;0.000000;0.000000;0.000000;0.000000;0.000000;918.000000;-0.000000;0.013694;-0.052377;1.523750;2.321815;1.523812;0.456665;-0.070025;-0.560015;2.160353;0.107843;0.107843;1.003922;118.492874;1.769775;9.826387;9.343750;2.733564;7.472370;10.199522;0.714995;1.193588;1.276256;2.463925;0.117647;0.117647;0.000000;10230.050128;0.248952;-0.101168;0.198775;1.485234;2.205920;1.488676;0.557723;-0.906869;0.464604;1.831850;0.137255;0.137255;1.505882;113.550663;2.377708;3.829157;1.538950;29.229902;854.387142;29.479647;15.755037;-0.304944;1.043477;34.941250;0.186275;0.186275;1.003922;45072.127695;2.886816;86.084000;85.969000;27.235985;741.798852;90.289833;6.479297;-0.023828;-1.035790;41.451750;0.088235;0.088235;0.000000;793699.789119;0.287010;0.000000;0.000000;0.131974;-0.202253;0.128960;-0.267703;0.000000;0.009902;0.022651;0.000000;0.000000;-0.450769;-0.288034;-0.385520;0.124878;10.419207;6.792392;14.085896;7.604944;2.286213;0.000000;9.804263;3.017578;0.186714;115.352259;9023.519652
3.000000;3.000000;0.000000;0.000000;3.000000;0.000000;0.000000;0.000000;0.000000;0.000000;0.000000;0.000000;918.000000;-0.000000;0.015121;-0.101226;1.362467;1.856317;1.362551;0.419913;0.207644;-0.752441;2.125177;0.117647;0.117647;0.501961;94.751168;2.234109;10.136508;9.544000;2.508558;6.292863;10.442301;0.712226;0.690476;-0.108889;2.941525;0.117647;0.117647;0.000000;10801.362045;0.178755;-0.542124;-0.031258;1.645732;2.708435;1.732724;0.477237;-0.859610;-0.026694;2.105297;0.058824;0.058824;1.505882;168.112882;1.620203;4.015725;-2.657650;22.509272;506.667337;22.864675;10.338083;0.457045;-0.323434;31.963750;0.147059;0.147059;1.505882;27486.630759;2.568334;26.746757;35.112500;59.320629;3518.936969;65.071699;5.111121;0.086619;-1.259148;110.032000;0.009804;0.009804;0.501961;252448.073214;1.609898;0.000000;0.000000;-0.130869;-0.187348;0.175005;0.109235;0.000000;-0.034635;-0.006533;0.000000;0.000000;-0.366105;-0.074051;-0.259343;0.469927;10.678295;5.872206;14.288323;6.400257;1.829608;0.000000;10.126538;3.017578;-0.469999;119.898200;4760.121702
3.000000;3.000000;0.000000;0.000000;3.000000;0.000000;0.000000;0.000000;0.000000;0.000000;0.000000;0.000000;918.000000;-0.000000;-0.004831;0.180715;1.415106;2.002525;1.415114;0.352093;-0.225495;-0.805869;2.122625;0.068627;0.068627;1.003922;102.148012;2.000654;9.678796;9.123750;2.732169;7.464745;10.057029;0.775827;0.792774;-0.166437;3.529100;0.107843;0.107843;0.000000;9935.984117;0.218098;-0.821342;-0.469245;1.497388;2.242170;1.707856;0.509575;-0.715105;-0.231403;1.969012;0.078431;0.078431;0.000000;183.170349;1.759180;1.933465;-0.787915;21.809715;475.663662;21.895250;9.873705;0.220082;-0.559468;33.737250;0.156863;0.156863;1.505882;24641.780598;2.493203;-52.308057;-43.906000;45.084383;2032.601598;69.056023;5.476923;-0.449680;-0.539031;41.646000;0.088235;0.088235;0.000000;382782.196934;1.118205;0.000000;0.000000;-0.084996;-0.174270;0.469167;-0.242754;0.000000;-0.343383;0.174568;0.000000;0.000000;0.134751;0.525696;-0.190065;0.473625;10.257964;6.920564;13.895999;7.558548;2.002457;0.000000;9.982183;3.017578;-0.597192;112.146387;5251.053103
3.000000;3.000000;0.000000;0.000000;3.000000;0.000000;0.000000;0.000000;0.000000;0.000000;0.000000;0.000000;918.000000;-0.000000;-0.199152;-0.114887;1.264976;1.600165;1.280557;0.334264;-0.241531;-0.576893;1.772747;0.107843;0.107843;0.501961;85.668331;2.586561;9.422611;9.205250;2.075508;4.307733;9.648488;0.709064;0.797347;0.706888;2.266975;0.137255;0.137255;0.000000;9275.850068;0.162802;-0.680746;-0.573735;1.376527;1.894828;1.535657;0.526290;-0.266618;-0.138067;1.832840;0.127451;0.127451;0.000000;144.006416;2.437921;-4.853311;-5.699800;22.930784;525.820878;23.438761;9.693613;0.427893;-0.427125;35.166000;0.166667;0.166667;0.501961;29221.143880;2.486384;-100.054412;-106.695000;40.611619;1649.303565;107.982354;6.029564;0.512034;-0.931116;64.371500;0.058824;0.058824;0.000000;1105225.766950;0.358776;0.000000;0.000000;-0.115903;-0.133276;0.110843;0.078958;0.000000;-0.192550;-0.115513;0.000000;0.000000;0.169077;0.456294;-0.267248;0.306031;9.990369;3.925679;13.470942;4.384497;1.581895;0.000000;9.284022;3.017578;-0.920090;103.733154;12211.922624
3.000000;3.000000;0.000000;0.000000;3.000000;0.000000;0.000000;0.000000;0.000000;0.000000;0.000000;0.000000;918.000000;-0.000000;-0.030146;0.034531;1.066740;1.137934;1.067166;0.396795;-0.271480;-0.314589;1.624115;0.166667;0.166667;1.003922;58.130897;2.353514;9.460003;9.197650;2.077704;4.316853;9.685479;0.760241;1.386248;3.108201;2.074100;0.147059;0.147059;0.000000;9348.311157;0.168752;0.720210;0.867500;1.577636;2.488936;1.734254;0.589483;-0.508735;0.087748;2.414058;0.107843;0.107843;0.501961;179.867827;2.174722;-9.396619;-12.135000;23.236277;539.924546;25.064337;12.753456;0.675876;0.410706;26.174625;0.196078;0.196078;0.000000;36552.673980;2.752177;-68.754080;-81.610500;62.034238;3848.246649;92.603295;7.578133;0.338612;-1.101680;109.410025;0.029412;0.029412;0.000000;678429.395151;0.752032;0.000000;0.000000;-0.015062;0.070918;0.519239;0.366671;0.000000;0.072824;0.002217;0.000000;0.000000;-0.016705;0.325573;-0.138309;0.122474;9.997700;3.993338;13.332140;4.359948;1.148846;0.000000;9.754059;3.017578;0.162906;103.947351;9206.598794
3.000000;3.000000;0.000000;0.000000;3.000000;0.000000;0.000000;0.000000;0.000000;0.000000;0.000000;0.000000;918.000000;-0.000000;0.339084;0.456270;1.087333;1.182292;1.138978;0.454257;-0.517561;0.899368;1.504027;0.147059;0.147059;4.015686;72.031110;2.735937;9.673503;8.889600;2.878608;8.286386;10.092722;0.907251;1.227156;0.966919;2.809650;0.078431;0.078431;0.000000;9967.427446;0.266923;1.683909;1.704100;1.162058;1.350379;2.045954;0.628577;-0.517138;0.609486;1.435865;0.166667;0.166667;0.000000;358.146370;1.076752;-0.169588;-1.851400;34.973511;1223.146473;34.973922;18.015613;0.872626;1.775631;34.775500;0.196078;0.196078;1.505882;62386.093324;2.817137;4.581278;11.011000;44.628775;1991.727535;44.863300;8.567777;-0.264582;-0.956210;67.751250;0.068627;0.068627;1.003922;103743.680961;1.936570;0.000000;0.000000;0.035468;-0.515524;0.075104;0.122482;0.000000;0.156757;0.162440;0.000000;0.000000;-0.295221;0.139236;0.008216;0.432639;10.215992;7.793824;13.603231;8.370181;1.192247;0.000000;9.568621;3.017578;1.762213;112.160316;3240.076805
3.000000;3.000000;0.000000;0.000000;3.000000;0.000000;0.000000;0.000000;0.000000;0.000000;0.000000;0.000000;918.000000;-0.000000;0.353223;0.421130;1.468619;2.156840;1.510499;0.546400;-0.067856;0.424759;1.594690;0.156863;0.156863;2.509804;122.730909;2.458126;10.172134;9.447100;2.873765;8.258524;10.570281;0.985439;0.811366;0.130123;3.995525;0.098039;0.098039;0.000000;10975.371863;0.247311;0.763530;1.117950;1.821989;3.319646;1.975506;0.660945;-0.297554;-0.821338;2.764500;0.127451;0.127451;0.501961;228.775280;2.385719;8.156596;10.972000;36.817830;1355.552570;37.710511;19.201866;0.337458;0.673823;43.259500;0.215686;0.215686;2.007843;75919.282751;2.843751;79.591567;57.761000;83.357124;6948.410171;115.252886;9.067786;0.662690;-0.767675;122.761500;0.009804;0.009804;0.000000;1000581.145370;1.182667;0.000000;0.000000;-0.258170;-0.543983;-0.697144;0.261330;0.000000;0.053018;-0.042901;0.000000;0.000000;-0.155737;0.028483;-0.100078;0.561921;10.735803;7.754975;14.358264;8.530896;1.987591;0.000000;10.311384;3.017578;1.442178;123.012447;14709.212919
3.000000;3.000000;0.000000;0.000000;3.000000;0.000000;0.000000;0.000000;0.000000;0.000000;0.000000;0.000000;918.000000;-0.000000;0.415475;0.293535;1.628972;2.653551;1.681122;0.500395;0.249322;-0.552093;2.487600;0.127451;0.127451;0.501961;153.004754;2.422703;9.867415;9.628050;2.019889;4.079952;10.072032;0.779488;1.081740;2.073434;1.804975;0.205882;0.205882;0.000000;10139.469313;0.153703;0.219179;0.505835;1.510173;2.280621;1.525995;0.567165;-0.108068;-0.375644;2.124058;0.098039;0.098039;0.501961;121.212531;2.150217;6.463455;8.146850;27.560375;759.574252;28.308135;15.689202;-0.127768;-0.018266;37.625000;0.235294;0.235294;2.007843;42999.821822;2.947634;96.966985;83.430000;80.189957;6430.429174;125.829350;7.929469;0.374349;-1.261885;141.802750;0.019608;0.019608;0.000000;1287017.498975;0.665848;0.000000;0.000000;-0.276277;-0.445362;-0.683480;0.318419;0.000000;-0.237225;0.041009;0.000000;0.000000;-0.121813;0.343495;-0.164002;0.326729;10.465285;3.749814;14.228925;4.566955;2.233216;0.000000;9.978492;3.017578;0.221772;113.271995;16636.704542
3.000000;3.000000;0.000000;0.000000;3.000000;0.000000;0.000000;0.000000;0.000000;0.000000;0.000000;0.000000;918.000000;-0.000000;0.549961;0.639320;1.289182;1.661990;1.401587;0.405613;0.135804;-0.600599;1.955390;0.088235;0.088235;0.000000;115.627896;2.311846;9.870284;9.628050;1.985447;3.942002;10.067995;0.771374;0.818219;0.957935;1.946700;0.196078;0.196078;0.000000;10138.210590;0.137754;-0.594877;-0.504645;1.609679;2.591065;1.716084;0.503532;-0.535138;-0.386608;2.317162;0.156863;0.156863;0.501961;168.240383;1.880447;5.073635;3.164250;22.979365;528.051195;23.532806;12.497735;0.206038;0.811771;30.125850;0.186275;0.186275;0.501961;29663.985399;2.931937;29.786451;17.961500;58.124899;3378.503861;65.312606;6.098737;0.717077;-0.057226;47.996600;0.029412;0.029412;0.000000;262849.092527;1.832717;0.000000;0.000000;-0.103742;-0.319357;0.457228;-0.239898;0.000000;-0.320856;-0.226569;0.000000;0.000000;-0.056520;0.622658;-0.178481;0.121228;10.428228;3.581025;14.033491;4.011850;1.647626;0.000000;9.905298;3.017578;-0.055805;112.328961;4822.474416
3.000000;3.000000;0.000000;0.000000;3.000000;0.000000;0.000000;0.000000;0.000000;0.000000;0.000000;0.000000;918.000000;-0.000000;0.693188;1.035700;1.194645;1.427177;1.381190;0.331411;-0.284290;-0.320340;1.817147;0.088235;0.088235;0.000000;121.829995;2.120607;9.831600;9.880900;2.636889;6.953183;10.179074;0.837576;0.197175;-0.426031;3.434975;0.098039;0.098039;0.000000;10214.015318;0.195311;-1.234728;-0.667160;1.607800;2.585020;2.027209;0.477995;-0.495490;-0.400259;2.195190;0.078431;0.078431;0.000000;287.341456;1.403935;1.875459;-0.809120;22.455248;504.238170;22.533431;10.100171;0.564064;0.693177;21.734250;0.137255;0.137255;1.505882;26101.216748;2.196649;10.975462;21.180500;41.393286;1713.404127;42.823649;5.447912;-0.173067;-1.113372;65.728250;0.039216;0.039216;0.501961;99670.613932;1.311829;0.000000;0.000000;-0.105192;-0.573652;0.335382;-0.264021;0.000000;-0.106625;-0.197954;0.000000;0.000000;-0.022142;0.625592;-0.217089;0.468461;10.400568;6.349412;14.031640;7.042023;1.421312;0.000000;10.043853;3.017578;-1.560071;114.521229;2345.729974
3.000000;3.000000;0.000000;0.000000;3.000000;0.000000;0.000000;0.000000;0.000000;0.000000;0.000000;0.000000;918.000000;-0.000000;0.774360;0.644545;1.370256;1.877600;1.573923;0.323741;0.106782;-0.815684;2.140710;0.029412;0.029412;0.000000;156.920856;1.822940;9.522835;9.318200;2.398335;5.752012;9.820204;0.831883;0.477430;0.574709;3.017225;0.156863;0.156863;0.000000;9543.216547;0.186932;-0.773796;-0.517670;1.442264;2.080125;1.636730;0.466884;-1.050521;1.074743;1.130999;0.137255;0.137255;0.000000;167.188295;1.913307;-0.836527;-2.142950;25.341477;642.190470;25.355280;13.985381;0.456977;0.481576;28.193000;0.235294;0.235294;1.505882;32858.937381;2.932069;77.971150;83.858500;65.128897;4241.773233;101.593668;5.929818;-0.364927;-0.979753;95.924000;0.029412;0.029412;0.000000;836491.068677;0.972316;0.000000;0.000000;0.159464;-0.306587;0.098453;0.057631;0.000000;0.156119;-0.057032;0.000000;0.000000;-0.157398;0.221816;-0.202399;0.270140;10.126824;5.361078;13.802867;5.879285;1.825869;0.000000;9.587562;3.017578;-0.901675;107.913639;10966.842597
3.000000;3.000000;0.000000;0.000000;3.000000;0.000000;0.000000;0.000000;0.000000;0.000000;0.000000;0.000000;918.000000;-0.000000;0.701316;0.399055;1.228091;1.508207;1.414231;0.384155;0.334446;-0.690911;1.798502;0.088235;0.088235;0.000000;127.097271;1.961804;9.722077;9.234900;2.691660;7.245034;10.087806;1.093342;1.984487;5.420550;2.770975;0.186275;0.186275;0.000000;10010.418670;0.257071;-0.036523;0.034567;1.294115;1.674734;1.294630;0.539820;-0.614908;1.138110;1.516670;0.107843;0.107843;0.501961;85.571034;2.753709;0.039942;-0.096810;28.496789;812.067002;28.496817;19.136349;-0.119079;0.717498;34.056750;0.245098;0.245098;5.019608;41420.765162;3.275452;88.073785;95.656500;59.169331;3501.009682;106.103729;8.403685;-0.489048;-0.896418;96.040000;0.039216;0.039216;0.000000;969775.719711;0.694041;0.000000;0.000000;0.352193;-0.144548;-0.427492;-0.016791;0.000000;0.199314;-0.200176;0.000000;0.000000;-0.237691;0.181928;-0.159568;0.161844;10.292060;6.837366;13.802871;7.546275;1.293631;0.000000;9.607149;3.017578;-0.526162;112.763874;12071.745969
3.000000;3.000000;0.000000;0.000000;3.000000;0.000000;0.000000;0.000000;0.000000;0.000000;0.000000;0.000000;918.000000;-0.000000;0.439776;0.438750;1.175829;1.382574;1.255379;0.457332;-1.208966;3.341089;1.293829;0.137255;0.137255;2.509804;90.238401;2.453880;9.519865;8.732850;2.882927;8.311268;9.946813;1.044369;1.883851;4.280460;2.992675;0.107843;0.107843;0.000000;9667.995835;0.280442;0.945382;1.004770;1.012772;1.025706;1.385444;0.596571;-0.495308;0.452670;1.124410;0.235294;0.235294;0.000000;143.585192;1.655707;-3.520046;-4.791350;31.375251;984.406401;31.572094;16.194248;0.128893;0.425865;34.500000;0.196078;0.196078;1.505882;51560.140976;3.007672;3.421466;-11.874500;53.548083;2867.397180;53.657279;7.684511;0.839639;-0.399882;78.028250;0.049020;0.049020;0.501961;147490.128829;1.975828;0.000000;0.000000;-0.024389;-0.247275;-0.240120;-0.074750;0.000000;-0.196014;-0.009675;0.000000;0.000000;-0.222556;0.304641;-0.195954;0.340229;10.080350;7.901612;13.476135;8.394554;1.395266;0.000000;9.693829;3.017578;0.831351;109.515069;3877.820191
3.000000;3.000000;0.000000;0.000000;3.000000;0.000000;0.000000;0.000000;0.000000;0.000000;0.000000;0.000000;918.000000;-0.000000;0.208520;0.059570;1.410949;1.990778;1.426275;0.530341;-0.338119;1.014078;1.568433;0.166667;0.166667;1.505882;105.978224;2.699545;9.808707;8.553050;3.531106;12.468712;10.424943;1.009906;1.213234;0.569307;3.958075;0.078431;0.078431;0.000000;10449.422055;0.348750;0.625619;0.708090;1.327423;1.762052;1.467464;0.665416;-0.728469;1.681747;1.758992;0.147059;0.147059;0.000000;130.072529;2.633854;-1.118627;1.060105;30.719365;943.679397;30.739726;13.184631;0.201188;0.150590;33.682250;0.137255;0.137255;1.505882;48288.248469;2.742474;-83.337799;-65.996000;59.845182;3581.445759;102.599388;8.440541;-0.904644;-0.172981;79.829750;0.058824;0.058824;0.000000;891069.460996;0.744664;0.000000;0.000000;-0.215425;-0.319005;0.394681;-0.061577;0.000000;-0.153514;0.064790;0.000000;0.000000;-0.073010;-0.101057;-0.017445;0.139406;10.407761;11.392207;13.870781;12.702054;1.900600;0.000000;9.564637;3.017578;0.944622;119.713701;11473.718679
3.000000;3.000000;0.000000;0.000000;3.000000;0.000000;0.000000;0.000000;0.000000;0.000000;0.000000;0.000000;918.000000;-0.000000;0.267005;0.325560;1.432057;2.050787;1.456736;0.463999;0.094158;-0.722516;2.159002;0.088235;0.088235;1.003922;111.863759;2.598153;10.445569;9.494000;3.506708;12.296999;11.018480;1.033071;0.784794;-0.138363;4.498525;0.078431;0.078431;0.000000;11756.472123;0.317065;-0.154873;0.104220;1.495565;2.236716;1.503563;0.636966;-0.711309;0.843622;1.517760;0.196078;0.196078;2.007843;116.529199;2.714626;3.176974;1.834800;24.085262;580.099864;24.293889;13.706620;0.301095;1.456328;22.800575;0.225490;0.225490;3.513725;30669.058139;3.323238;-84.005247;-78.681500;62.362491;3889.080294;104.622951;8.271365;-0.600905;-0.371599;95.944750;0.098039;0.098039;0.000000;918148.315065;0.754856;0.000000;0.000000;-0.149455;-0.330015;-0.095914;-0.036539;0.000000;-0.166290;0.162132;0.000000;0.000000;-0.118667;0.099629;0.011477;0.125351;11.021782;11.049312;14.654997;12.473977;2.015866;0.000000;10.610705;3.017578;0.064579;132.528981;11538.415520
3.000000;3.000000;0.000000;0.000000;3.000000;0.000000;0.000000;0.000000;0.000000;0.000000;0.000000;0.000000;918.000000;-0.000000;0.145802;0.329755;1.142932;1.306293;1.152194;0.320789;-0.149738;-1.020386;1.911910;0.029412;0.029412;1.003922;68.840051;2.357196;9.712915;9.460150;2.589335;6.704653;10.052132;0.784889;0.455474;-0.507411;3.911325;0.088235;0.088235;0.000000;9964.690302;0.196128;-0.977619;-0.698370;1.635027;2.673313;1.905007;0.487990;-0.684110;-0.355486;2.248105;0.117647;0.117647;0.000000;233.827119;1.698987;2.335899;-0.584400;19.703203;388.216199;19.841185;11.051114;1.186432;2.354861;22.363175;0.225490;0.225490;1.505882;20355.708894;2.832349;-28.715583;-20.240000;24.990834;624.541796;38.067394;4.096766;-1.161789;0.105888;16.611500;0.088235;0.088235;0.000000;115964.086376;1.033359;0.000000;0.000000;-0.269538;-0.266073;-0.235504;-0.063410;0.000000;-0.320216;-0.160941;0.000000;0.000000;-0.213533;0.386522;-0.076727;0.580115;10.254502;6.218108;13.724853;6.887580;1.202682;0.000000;10.092986;3.017578;-0.680808;111.372916;1846.428186
3.000000;3.000000;0.000000;0.000000;3.000000;0.000000;0.000000;0.000000;0.000000;0.000000;0.000000;0.000000;918.000000;-0.000000;-0.488839;-0.481785;1.382930;1.912495;1.466785;0.361577;-0.395379;-0.533057;2.039823;0.098039;0.098039;1.003922;121.911604;2.135271;9.436996;9.393500;2.217935;4.919237;9.694129;0.739243;0.429392;-0.172855;2.872225;0.147059;0.147059;0.000000;9334.804364;0.164932;-0.973168;-0.631265;1.554471;2.416379;1.833967;0.472549;-0.828252;0.030141;1.543915;0.127451;0.127451;0.000000;219.885085;1.887380;-2.237870;-4.539700;19.693077;387.817291;19.819822;11.268119;0.202766;0.975747;20.811200;0.235294;0.235294;4.517647;20353.655658;3.006829;-56.085650;-35.311000;41.700366;1738.920530;69.889346;4.923470;-0.362133;-1.508350;79.002750;0.029412;0.029412;0.000000;409549.588217;0.723129;0.000000;0.000000;-0.078339;-0.198710;-0.271675;0.134602;0.000000;-0.122236;-0.033719;0.000000;0.000000;-0.172860;0.530406;-0.198072;0.046201;10.029967;4.527348;13.634166;4.987213;1.912160;0.000000;9.424297;3.017578;-1.374553;105.127591;5280.709454
3.000000;3.000000;0.000000;0.000000;3.000000;0.000000;0.000000;0.000000;0.000000;0.000000;0.000000;0.000000;918.000000;-0.000000;-0.693419;-0.662410;1.488654;2.216090;1.642230;0.463760;-0.158467;-0.904552;2.461610;0.117647;0.117647;0.000000;162.065727;2.148246;9.522854;9.263400;1.695943;2.876223;9.672692;0.648499;1.036995;1.239331;1.712925;0.166667;0.166667;0.000000;9396.552691;0.116132;0.184183;0.386580;1.300924;1.692402;1.313897;0.500422;-1.103493;1.498595;1.411150;0.166667;0.166667;1.003922;89.944327;2.583169;-3.299198;-5.686200;27.457244;753.900269;27.654746;13.350369;0.986970;2.581240;26.599200;0.156863;0.156863;1.505882;39565.543883;3.065022;-88.891966;-92.965500;31.364323;983.720735;94.262942;7.097515;0.543820;0.065292;38.643500;0.117647;0.117647;0.000000;856154.324555;0.311047;0.000000;0.000000;0.029614;-0.120039;0.424971;0.005119;0.000000;-0.242560;0.029774;0.000000;0.000000;0.338584;0.408116;-0.363960;0.061611;10.129306;2.655044;13.881176;2.913145;2.229587;0.000000;9.908448;3.017578;-0.265172;105.257890;9652.013617
3.000000;3.000000;0.000000;0.000000;3.000000;0.000000;0.000000;0.000000;0.000000;0.000000;0.000000;0.000000;918.000000;-0.000000;0.098206;0.377770;1.195201;1.428504;1.199228;0.422778;-0.787573;0.402989;1.482505;0.147059;0.147059;0.501961;73.866927;2.348362;9.663548;8.812550;2.373237;5.632253;9.950699;0.698939;1.019767;0.144676;2.661325;0.127451;0.127451;0.000000;9812.462453;0.191603;0.903675;0.952285;0.963490;0.928313;1.320963;0.528782;-0.962605;1.969546;1.025572;0.225490;0.225490;0.000000;130.889703;1.818426;-0.213798;-3.820650;30.210890;912.697847;30.211646;12.796758;0.670024;0.827306;39.064750;0.117647;0.117647;1.505882;46574.454274;2.376856;-36.881240;-27.328000;56.572825;3200.484558;67.533032;6.658176;-0.257615;-1.174214;98.058000;0.009804;0.009804;0.000000;301987.171132;1.319669;0.000000;0.000000;-0.022156;-0.257686;0.188060;0.191732;0.000000;-0.241096;0.215497;0.000000;0.000000;0.291786;0.420332;-0.239699;0.555591;10.211657;5.176617;13.617756;5.688966;1.441699;0.000000;9.678854;3.017578;0.770582;109.454562;5475.198927
3.000000;3.000000;0.000000;0.000000;3.000000;0.000000;0.000000;0.000000;0.000000;0.000000;0.000000;0.000000;918.000000;-0.000000;0.511084;0.484295;1.138089;1.295246;1.247579;0.408011;0.049887;0.263366;1.426658;0.186275;0.186275;0.000000;92.709753;2.404067;10.105847;8.871650;3.072119;9.437917;10.562484;0.869138;0.915026;-0.225617;5.267675;0.088235;0.088235;0.000000;10898.465564;0.271284;1.049888;1.050400;1.314197;1.727113;1.682075;0.650838;-0.900760;2.316252;1.286985;0.205882;0.205882;0.000000;200.597498;1.968157;0.687466;0.746905;30.034009;902.041715;30.041876;15.502960;0.232058;1.001517;38.124000;0.205882;0.205882;1.505882;46102.635560;2.920184;-24.888206;-7.225850;62.270152;3877.571789;67.059635;7.245994;-0.763492;-0.377956;75.807000;0.049020;0.049020;0.501961;260948.909125;1.513990;0.000000;0.000000;-0.016209;-0.396299;0.139257;0.041034;0.000000;0.006945;0.106214;0.000000;0.000000;-0.261477;-0.334453;-0.264486;0.350519;10.651013;8.678438;14.076538;9.531760;1.307672;0.000000;10.145619;3.017578;1.131264;122.122514;5402.338283
3.000000;3.000000;0.000000;0.000000;3.000000;0.000000;0.000000;0.000000;0.000000;0.000000;0.000000;0.000000;918.000000;-0.000000;0.126259;0.109565;1.317817;1.736641;1.323851;0.436081;0.229675;-0.037862;1.514253;0.107843;0.107843;1.003922;90.206980;2.502587;9.994051;9.490750;2.566856;6.588749;10.318421;0.932896;1.173101;1.639514;2.789300;0.137255;0.137255;0.000000;10523.947195;0.214810;0.732421;0.844650;1.312946;1.723826;1.503419;0.675122;-0.332565;1.406802;1.435062;0.186275;0.186275;0.000000;142.663159;2.383380;-4.013981;-1.854800;28.957605;838.542869;29.234482;17.829744;0.250256;1.803817;35.039000;0.274510;0.274510;1.003922;44482.242953;3.283479;-80.257608;-93.729500;52.666787;2773.790492;95.995178;7.590941;1.131641;1.095771;56.706750;0.049020;0.049020;0.000000;798485.754567;0.803066;0.000000;0.000000;-0.026138;-0.198519;0.360322;-0.046816;0.000000;0.188133;0.098735;0.000000;0.000000;-0.225514;-0.342251;-0.218024;0.070869;10.542886;6.069943;14.046191;6.655611;1.752209;0.000000;10.046095;3.017578;0.983902;117.222387;10071.989320
3.000000;3.000000;0.000000;0.000000;3.000000;0.000000;0.000000;0.000000;0.000000;0.000000;0.000000;0.000000;918.000000;-0.000000;-0.223700;-0.438040;1.289254;1.662175;1.308517;0.435674;0.266084;-0.571604;2.067030;0.088235;0.088235;1.003922;89.999435;2.786419;10.029554;9.707450;2.225763;4.954019;10.273557;0.818820;0.352674;-0.044436;2.604400;0.127451;0.127451;0.000000;10513.072409;0.167518;-0.194575;0.019182;1.450490;2.103921;1.463482;0.499061;-0.854396;0.213267;1.878048;0.166667;0.166667;1.505882;111.509275;2.143515;1.898277;-0.563540;25.147008;632.371987;25.218554;14.372356;0.051409;0.990110;28.424500;0.303922;0.303922;0.501961;32619.584059;2.980755;-69.476602;-84.156500;41.288531;1704.742792;80.819187;6.134105;0.861777;-0.352130;52.645750;0.058824;0.058824;0.000000;579307.552515;0.648470;0.000000;0.000000;-0.075601;-0.252464;-0.545528;0.414828;0.000000;0.062395;0.150464;0.000000;0.000000;-0.337574;0.126255;-0.106671;0.165132;10.567223;4.591983;14.159094;5.017445;1.664256;0.000000;10.085797;3.017578;0.114900;116.258188;7169.858290
3.000000;3.000000;0.000000;0.000000;3.000000;0.000000;0.000000;0.000000;0.000000;0.000000;0.000000;0.000000;918.000000;-0.000000;-0.036344;-0.337595;1.449308;2.100492;1.449763;0.433255;0.552027;-0.287264;2.105313;0.068627;0.068627;0.501961;107.275209;2.152667;9.790201;9.583850;2.598449;6.751936;10.129164;0.770628;0.351247;-0.702517;3.699500;0.098039;0.098039;0.000000;10120.848353;0.186332;-0.774839;-0.416560;1.551359;2.406714;1.734096;0.433419;-0.648889;-0.188493;1.968698;0.117647;0.117647;1.505882;184.016299;1.719019;3.159310;0.014975;21.068505;443.881886;21.304064;12.982396;0.602567;1.860868;24.745300;0.274510;0.274510;0.501961;23662.296348;3.146041;-7.634277;4.320250;43.631999;1903.751321;44.294847;5.973432;-0.562987;-1.037766;72.274250;0.049020;0.049020;0.501961;103059.385192;1.762483;0.000000;0.000000;0.089289;-0.108584;-0.265378;-0.195071;0.000000;-0.207381;-0.055625;0.000000;0.000000;-0.343662;0.218905;-0.144701;0.342033;10.361129;6.348797;14.007472;6.843209;2.096867;0.000000;10.084725;3.017578;-0.764968;113.701785;2418.903717
3.000000;3.000000;0.000000;0.000000;3.000000;0.000000;0.000000;0.000000;0.000000;0.000000;0.000000;0.000000;918.000000;-0.000000;0.917395;0.831830;1.461748;2.136708;1.725781;0.431501;0.112640;-0.585980;2.212605;0.127451;0.127451;0.000000;194.828715;1.975845;9.524011;9.295300;2.542532;6.464468;9.857548;0.873090;0.282071;-0.623554;3.672550;0.137255;0.137255;0.000000;9581.780324;0.207606;-0.965932;-0.655475;1.489083;2.217368;1.774935;0.477050;-0.846772;-0.033629;1.378073;0.098039;0.098039;0.000000;208.259806;1.711328;-4.293383;-2.509050;26.040028;678.083078;26.391594;13.068323;0.194737;1.706724;28.344225;0.186275;0.186275;1.003922;36466.260638;2.536237;68.252943;55.184500;49.543733;2454.581481;84.338874;6.327673;0.195524;-0.985095;82.948750;0.009804;0.009804;0.000000;600369.841416;0.816509;0.000000;0.000000;0.169368;-0.334877;-0.112040;0.020775;0.000000;0.045750;-0.041730;0.000000;0.000000;-0.264795;0.245207;-0.236578;0.076858;10.153916;6.047554;13.886442;6.619055;2.067280;0.000000;9.544854;3.017578;-1.052296;109.149570;7812.712338
3.000000;3.000000;0.000000;0.000000;3.000000;0.000000;0.000000;0.000000;0.000000;0.000000;0.000000;0.000000;918.000000;-0.000000;0.892396;0.610580;1.289105;1.661792;1.567853;0.428186;0.289304;-0.531316;1.513265;0.117647;0.117647;0.000000;165.983830;1.951895;9.411063;9.206100;2.058311;4.236646;9.633522;0.839032;0.459748;0.289733;2.316250;0.156863;0.156863;0.000000;9250.027611;0.162211;-0.092592;-0.046435;1.820455;3.314057;1.822808;0.515707;-0.288495;-0.089520;2.205258;0.107843;0.107843;1.003922;169.894798;2.094959;-7.546565;-8.408350;30.068382;904.107612;31.000940;14.337894;0.343457;0.510565;40.723250;0.176471;0.176471;1.003922;51933.858798;2.503699;95.806749;107.525000;61.911054;3832.978594;114.069767;6.966887;-0.579709;-0.505686;58.628250;0.058824;0.058824;0.000000;1131735.878426;0.649001;0.000000;0.000000;0.087570;-0.482397;-0.525465;0.243533;0.000000;0.110648;0.144234;0.000000;0.000000;-0.407471;-0.062963;-0.347871;0.172777;10.016555;3.931541;13.635314;4.299599;1.657239;0.000000;9.789289;3.017578;-0.905159;104.262911;13976.292692
3.000000;3.000000;0.000000;0.000000;3.000000;0.000000;0.000000;0.000000;0.000000;0.000000;0.000000;0.000000;918.000000;-0.000000;-0.002081;0.016838;0.980627;0.961629;0.980629;0.402788;0.325880;-0.061237;1.481300;0.127451;0.127451;3.011765;49.045406;2.814394;9.562459;8.933700;2.608013;6.801734;9.911728;0.900318;1.469670;1.620426;2.811200;0.137255;0.137255;0.000000;9673.846529;0.221598;1.262617;1.434500;1.338875;1.792586;1.840323;0.542384;-0.500617;-0.027689;1.885820;0.127451;0.127451;0.000000;254.067116;1.505775;-1.141221;-2.959800;27.688029;766.626973;27.711538;15.314819;0.340240;0.096245;32.032000;0.284314;0.284314;1.505882;39247.873118;2.906789;32.761451;2.278650;76.939253;5919.648588;83.623928;7.862101;0.784703;-0.470913;94.705000;0.009804;0.009804;0.501961;411558.046252;1.952541;0.000000;0.000000;0.239324;-0.087296;-0.522237;0.000580;0.000000;-0.077028;0.057322;0.000000;0.000000;-0.196184;-0.092672;-0.085993;0.584176;10.091244;6.370778;13.359507;6.933164;0.907064;0.000000;9.597272;3.017578;1.036735;108.203986;7764.277412
3.000000;3.000000;0.000000;0.000000;3.000000;0.000000;0.000000;0.000000;0.000000;0.000000;0.000000;0.000000;918.000000;-0.000000;0.007137;-0.031485;1.191418;1.419476;1.191439;0.477288;0.095457;0.548303;1.618925;0.166667;0.166667;2.509804;72.401721;2.292352;10.203532;8.575550;3.303792;10.915042;10.725069;1.045105;0.894741;-0.560109;4.913825;0.078431;0.078431;0.000000;11176.101415;0.281366;1.495624;1.672500;1.277683;1.632474;1.967070;0.687550;-0.923608;0.697527;1.730928;0.205882;0.205882;0.000000;311.502858;1.326542;-0.064502;-2.917650;29.356937;861.829743;29.357008;16.062602;0.270152;0.314413;32.689750;0.205882;0.205882;1.505882;43972.939654;2.663914;-27.191764;-25.394000;30.631121;938.265555;40.959218;7.750630;-0.297960;-0.314096;40.976950;0.107843;0.107843;0.000000;123278.575881;1.405973;0.000000;0.000000;0.131727;-0.263913;0.074953;0.404696;0.000000;-0.058897;0.184898;0.000000;0.000000;-0.261697;-0.437173;-0.066998;0.612733;10.730934;10.293690;14.134828;11.051620;1.405022;0.000000;10.153161;3.017578;1.529988;125.446642;2543.360846
3.000000;3.000000;0.000000;0.000000;3.000000;0.000000;0.000000;0.000000;0.000000;0.000000;0.000000;0.000000;918.000000;-0.000000;0.138120;0.231655;1.365668;1.865049;1.372635;0.529061;0.068274;-0.269396;2.024040;0.166667;0.166667;2.509804;97.078000;2.652863;9.740605;8.956200;2.705040;7.317243;10.109235;0.986701;1.163421;0.622960;3.034850;0.137255;0.137255;0.000000;10051.015453;0.240382;1.276805;1.533300;1.312532;1.722740;1.831112;0.685336;-1.057470;1.310930;1.466375;0.205882;0.205882;0.000000;254.195794;1.688345;-5.960165;-10.545500;37.903823;1436.699777;38.369563;19.228108;1.244249;4.278500;40.605550;0.196078;0.196078;1.505882;76945.050529;3.173730;-55.071601;-48.080500;36.788010;1353.357649;66.228686;7.621725;-0.751399;-0.133503;45.159750;0.068627;0.068627;0.000000;378394.948857;0.825172;0.000000;0.000000;0.046257;-0.317409;0.181778;0.020853;0.000000;-0.211963;0.165784;0.000000;0.000000;-0.062911;-0.369877;-0.215857;0.270544;10.304279;6.902576;13.867353;7.395094;1.878111;0.000000;10.083445;3.017578;1.248170;113.080752;5861.815195
3.000000;3.000000;0.000000;0.000000;3.000000;0.000000;0.000000;0.000000;0.000000;0.000000;0.000000;0.000000;918.000000;-0.000000;0.114396;0.082948;1.134301;1.286639;1.140055;0.503169;0.253948;-0.511193;1.621480;0.186275;0.186275;3.011765;66.983779;2.825234;9.556496;8.778000;2.890087;8.352604;9.983948;1.051215;1.019151;0.255628;3.821650;0.186275;0.186275;0.000000;9741.332873;0.270871;1.320490;1.579450;1.477781;2.183838;1.981800;0.753624;-0.685530;0.408957;1.804442;0.205882;0.205882;0.000000;289.256380;1.804833;1.425706;-0.013775;38.344321;1470.286967;38.370817;21.995180;0.939283;3.086568;52.168000;0.196078;0.196078;6.023529;75263.299007;3.296336;-43.747702;-41.100000;44.398713;1971.245724;62.330628;8.463303;-0.555197;-0.481761;59.833625;0.098039;0.098039;0.000000;295751.814255;1.238407;0.000000;0.000000;0.143164;-0.119323;0.236188;0.050147;0.000000;-0.194621;-0.036041;0.000000;0.000000;0.145622;-0.205642;-0.224954;0.023122;10.115011;7.665506;13.494333;8.466647;1.268034;0.000000;9.477144;3.017578;1.205119;109.978947;5361.354322
3.000000;3.000000;0.000000;0.000000;3.000000;0.000000;0.000000;0.000000;0.000000;0.000000;0.000000;0.000000;918.000000;-0.000000;0.278542;0.366985;0.853269;0.728068;0.897582;0.480904;0.038775;-0.260210;1.184965;0.215686;0.215686;0.000000;45.169786;2.963093;9.552164;8.904100;2.488901;6.194628;9.871092;1.154100;1.928108;3.993805;1.938325;0.137255;0.137255;0.000000;9623.379451;0.233573;0.134799;0.250030;1.139144;1.297648;1.147091;0.895107;-0.215952;-0.329713;1.422127;0.294118;0.294118;0.501961;68.174384;2.980575;0.524060;-2.887900;30.025677;901.541299;30.030250;26.476320;0.774159;2.069437;28.284000;0.313725;0.313725;2.509804;47026.429804;3.467490;45.646892;17.984500;73.802071;5446.745729;86.777788;7.829313;0.730664;-0.891169;107.000750;0.029412;0.029412;0.000000;490315.201236;1.474579;0.000000;0.000000;-0.070487;-0.279372;-0.610614;0.029687;0.000000;-0.323183;-0.104317;0.000000;0.000000;0.104218;0.216199;0.060276;0.427458;10.071976;5.799405;13.295969;6.260097;0.731140;0.000000;9.512075;3.017578;-0.191462;107.244113;8433.516240
3.000000;3.000000;0.000000;0.000000;3.000000;0.000000;0.000000;0.000000;0.000000;0.000000;0.000000;0.000000;918.000000;-0.000000;-0.067538;-0.232650;0.933539;0.871495;0.935979;0.522989;0.533013;0.949498;1.105242;0.186275;0.186275;3.513725;44.983255;3.183946;9.785244;9.272300;2.416229;5.838162;10.079145;1.192480;1.292714;1.582481;2.853000;0.127451;0.127451;0.000000;10064.578963;0.207504;0.109023;0.160305;1.218708;1.485250;1.223575;0.842809;-0.733333;1.150893;1.185787;0.421569;0.421569;0.501961;77.160556;2.903823;4.176189;2.731500;35.590786;1266.704039;35.834963;31.487841;0.405242;3.817696;33.349500;0.372549;0.372549;24.596078;66467.605931;3.534206;-62.476758;-43.271000;80.029076;6404.652933;101.528312;8.143425;-0.429930;-0.726035;109.289125;0.039216;0.039216;0.000000;724789.503322;1.012804;0.000000;0.000000;0.107031;-0.212156;0.577426;-0.139975;0.000000;-0.173434;-0.015943;0.000000;0.000000;0.089601;0.236000;0.038248;0.321156;10.294274;5.493154;13.506536;5.907789;0.868300;0.000000;9.675247;3.017578;0.396018;111.465221;11593.639946
3.000000;3.000000;0.000000;0.000000;3.000000;0.000000;0.000000;0.000000;0.000000;0.000000;0.000000;0.000000;918.000000;-0.000000;-0.107748;-0.262450;0.899945;0.809901;0.906372;0.414756;0.576013;1.141745;1.131747;0.137255;0.137255;3.011765;42.501550;2.780926;9.974784;9.339350;2.004204;4.016832;10.174141;0.872741;1.298132;1.548184;2.337250;0.107843;0.107843;0.000000;10353.488830;0.154946;-0.410601;-0.103827;1.125892;1.267632;1.198426;0.612786;-0.716370;1.420733;1.009465;0.215686;0.215686;0.000000;81.882914;2.748447;3.409451;8.095450;36.858107;1358.520084;37.015462;26.556153;-0.213329;3.539745;30.218450;0.294118;0.294118;2.007843;71031.015562;3.464178;-64.493800;-34.218000;75.093545;5639.040545;98.987327;6.821547;-0.762810;-0.783915;114.335797;0.039216;0.039216;0.000000;711856.134112;0.949503;0.000000;0.000000;-0.022095;-0.015254;0.275611;-0.122498;0.000000;-0.042380;0.050618;0.000000;0.000000;-0.152282;0.245276;0.134372;0.056432;10.467046;3.775611;13.682751;4.057103;0.817420;0.000000;10.087853;3.017578;-0.420092;113.334665;11170.071483
3.000000;3.000000;0.000000;0.000000;3.000000;0.000000;0.000000;0.000000;0.000000;0.000000;0.000000;0.000000;918.000000;-0.000000;-0.031089;0.008657;1.042249;1.086283;1.042712;0.400305;-0.338748;0.193224;1.361340;0.078431;0.078431;1.003922;55.598955;2.257787;9.682074;9.050800;1.871319;3.501836;9.861257;0.583017;1.028078;0.072034;2.209650;0.127451;0.127451;0.000000;9740.455272;0.125449;-0.809854;-0.578935;1.081555;1.169762;1.351157;0.529301;-0.970106;0.347639;1.597665;0.147059;0.147059;0.000000;126.575588;1.974872;-0.757482;2.445250;24.458558;598.221070;24.470285;15.072433;-1.397707;2.752875;23.978800;0.294118;0.294118;2.007843;30592.531372;2.838357;-43.468887;-10.651500;66.350989;4402.453685;79.322114;5.594646;-0.922056;-0.823601;121.694425;0.009804;0.009804;0.000000;417276.158387;1.224120;0.000000;0.000000;-0.020267;0.261446;0.434640;0.039778;0.000000;0.017496;0.039755;0.000000;0.000000;0.249249;0.479787;0.163388;-0.315922;10.203363;3.223010;13.527637;3.537161;1.096385;0.000000;9.874532;3.017578;-0.643441;107.331633;6892.618260
3.000000;3.000000;0.000000;0.000000;3.000000;0.000000;0.000000;0.000000;0.000000;0.000000;0.000000;0.000000;918.000000;-0.000000;0.240172;0.289005;1.095133;1.199316;1.121159;0.454259;-0.659272;0.358859;1.316987;0.196078;0.196078;0.501961;67.073017;2.598932;9.524127;9.223950;2.143340;4.593905;9.762321;0.884196;2.226467;9.395244;1.800425;0.147059;0.147059;0.000000;9486.690781;0.183540;-0.667716;-0.697195;1.292069;1.669441;1.454402;0.824471;0.425487;2.989475;1.501448;0.284314;0.284314;0.000000;130.870549;2.800779;-2.963495;-3.762450;29.259229;856.102474;29.408923;21.454049;1.189806;11.877207;22.243975;0.362745;0.362745;2.007843;45500.812892;3.633234;-64.822099;-67.281000;66.717647;4451.244403;93.022303;6.611936;0.041669;-1.131595;129.747000;0.039216;0.039216;0.000000;655608.511345;0.917298;0.000000;0.000000;-0.006545;-0.303490;0.397679;0.088411;0.000000;-0.067786;0.008225;0.000000;0.000000;0.395847;0.411017;-0.062401;0.255918;10.065538;4.244857;13.419924;4.639459;1.211120;0.000000;9.607249;3.017578;-0.938962;105.559907;9520.148985
3.000000;3.000000;0.000000;0.000000;3.000000;0.000000;0.000000;0.000000;0.000000;0.000000;0.000000;0.000000;918.000000;-0.000000;0.269865;0.279150;1.048746;1.099867;1.082910;0.462130;0.313616;0.253143;1.593582;0.166667;0.166667;1.003922;63.571661;2.912219;9.571902;9.108550;2.862696;8.195027;9.990812;1.254025;1.536798;2.913687;2.878175;0.147059;0.147059;0.000000;9763.602960;0.286456;0.212610;0.328175;1.156857;1.338318;1.176232;0.929795;0.464964;2.221394;1.480065;0.254902;0.254902;0.501961;73.494737;3.575303;-3.806162;-9.485900;34.794334;1210.645701;35.001894;28.941855;0.883521;5.168249;32.079950;0.421569;0.421569;2.007843;64563.794089;3.640881;-27.665106;-18.328500;47.554186;2261.400579;55.015985;7.658295;-0.119978;-0.825499;76.258225;0.039216;0.039216;0.501961;193407.205114;1.365853;0.000000;0.000000;0.125015;-0.405899;0.251157;0.146303;0.000000;-0.105238;0.034906;0.000000;0.000000;-0.072547;-0.227589;-0.135719;0.384701;10.118744;7.600041;13.449232;8.296161;1.090762;0.000000;9.708524;3.017578;0.002690;109.989028;4253.274739
3.000000;3.000000;0.000000;0.000000;3.000000;0.000000;0.000000;0.000000;0.000000;0.000000;0.000000;0.000000;918.000000;-0.000000;-0.180799;-0.361540;1.051426;1.105496;1.066857;0.476233;0.925273;1.574174;1.249350;0.147059;0.147059;1.505882;59.921238;3.080962;10.086340;9.270700;2.949151;8.697494;10.508651;1.332843;0.939887;0.360291;4.133475;0.117647;0.117647;0.000000;10820.475459;0.280480;-0.199353;0.028334;1.460959;2.134401;1.474498;0.879908;-0.984048;1.264473;1.561247;0.225490;0.225490;0.501961;112.924175;3.015425;0.440266;0.507023;37.611386;1414.616342;37.613963;31.423442;-0.933454;3.753682;47.209750;0.392157;0.392157;2.007843;72231.837004;3.300648;-59.628123;-36.809500;73.691722;5430.469880;94.794425;8.613485;-0.787407;-0.354706;96.493850;0.019608;0.019608;0.000000;639664.031374;1.024201;0.000000;0.000000;0.179724;-0.144940;0.415078;-0.153760;0.000000;-0.073288;0.026707;0.000000;0.000000;0.020265;0.149751;-0.129678;0.179090;10.604370;8.117277;13.934709;8.824700;1.075349;0.000000;9.943898;3.017578;0.242505;120.569937;10402.967291
3.000000;3.000000;0.000000;0.000000;3.000000;0.000000;0.000000;0.000000;0.000000;0.000000;0.000000;0.000000;918.000000;-0.000000;-0.242921;-0.304125;0.809862;0.655877;0.845510;0.404979;0.204286;1.169008;0.802983;0.156863;0.156863;0.000000;39.485710;3.009647;10.052324;9.397950;2.330812;5.432686;10.319006;1.063198;1.230442;1.928072;3.168950;0.147059;0.147059;0.000000;10584.235985;0.194422;-1.077852;-0.731690;1.207346;1.457684;1.618471;0.752324;-0.952244;0.968120;1.555865;0.215686;0.215686;0.000000;193.015847;1.817691;1.052698;2.696550;35.215134;1240.105645;35.230865;28.501879;-1.306981;5.617099;35.979750;0.362745;0.362745;17.568627;63390.736645;3.444133;-60.188589;-33.637000;70.803004;5013.065431;92.928637;6.887218;-1.021780;-0.201075;96.757650;0.009804;0.009804;0.000000;625195.114461;0.990003;0.000000;0.000000;-0.057561;0.036875;0.016631;-0.159321;0.000000;0.088963;0.026663;0.000000;0.000000;-0.029960;0.179919;0.023428;0.049246;10.540958;5.084983;13.693051;5.488970;0.659876;0.000000;10.377961;3.017578;-0.998164;116.196782;9879.564935
3.000000;3.000000;0.000000;0.000000;3.000000;0.000000;0.000000;0.000000;0.000000;0.000000;0.000000;0.000000;918.000000;-0.000000;-0.165759;0.028246;1.065795;1.135918;1.078607;0.412045;-0.904258;1.095631;1.256220;0.098039;0.098039;1.003922;60.783065;2.416744;9.537668;9.333000;1.741555;3.033015;9.695366;0.748080;0.891848;0.613035;2.439675;0.205882;0.205882;0.000000;9433.332090;0.120923;-1.239836;-1.126000;0.820343;0.672962;1.486659;0.543467;-0.956395;0.790548;1.119525;0.303922;0.303922;0.000000;191.168843;1.034654;-0.396240;0.613295;23.070152;532.231934;23.073555;19.430592;-0.294591;0.457171;28.110750;0.343137;0.343137;5.019608;27295.760101;3.403128;-58.141882;-37.444500;57.040118;3253.575015;81.449699;5.480123;-0.451197;-1.331641;106.671750;0.019608;0.019608;0.000000;510741.353750;0.818687;0.000000;0.000000;0.179491;0.122071;0.206131;0.033259;0.000000;0.074238;-0.006112;0.000000;0.000000;0.367798;0.296917;-0.038131;0.108045;10.069690;2.764859;13.353554;3.120415;1.089795;0.000000;9.612259;3.017578;-1.216395;104.163513;7168.652561
3.000000;3.000000;0.000000;0.000000;3.000000;0.000000;0.000000;0.000000;0.000000;0.000000;0.000000;0.000000;918.000000;-0.000000;0.050079;0.203370;1.131225;1.279670;1.132333;0.505827;-0.917680;1.005015;1.468542;0.166667;0.166667;1.003922;65.527893;2.520349;9.493222;9.083950;2.324295;5.402349;9.773618;1.127802;1.896696;5.648547;2.609525;0.196078;0.196078;0.000000;9468.236426;0.207294;-0.617571;-0.753620;1.112835;1.238402;1.272712;0.752819;0.113103;0.549828;1.375812;0.166667;0.166667;0.000000;102.364979;2.453761;-4.505498;-3.729350;26.871545;722.079926;27.246641;25.371343;-0.335100;1.367675;24.808500;0.392157;0.392157;15.058824;39141.636809;3.534315;-53.669006;-42.904000;64.118014;4111.119705;83.615082;6.195879;-0.117681;-1.260970;116.199200;0.029412;0.029412;0.000000;503469.493770;0.886417;0.000000;0.000000;0.200566;-0.387175;0.543400;-0.057546;0.000000;-0.135938;0.025376;0.000000;0.000000;0.400467;0.298100;-0.189984;0.309592;10.039371;5.016816;13.401002;5.522881;1.225296;0.000000;9.658626;3.017578;-0.988993;105.805782;7735.481132
3.000000;3.000000;0.000000;0.000000;3.000000;0.000000;0.000000;0.000000;0.000000;0.000000;0.000000;0.000000;918.000000;-0.000000;0.176577;0.204745;1.153914;1.331518;1.167346;0.640267;0.872999;4.184567;1.384247;0.156863;0.156863;3.513725;71.458317;3.304523;9.873828;8.933100;2.960234;8.762984;10.308029;1.565075;1.860750;3.991268;2.715825;0.186275;0.186275;0.000000;10391.212565;0.297427;-0.467763;-0.218870;1.421353;2.020246;1.496345;1.010064;-0.344055;-0.163365;1.968622;0.284314;0.284314;0.501961;125.362993;3.127534;-0.261391;-4.046050;48.885122;2389.755169;48.885821;42.918228;0.069393;4.223592;47.654000;0.421569;0.421569;17.568627;121884.892800;3.428263;-44.020974;-28.643500;71.342384;5089.735755;83.830674;7.345673;-1.018373;0.089664;80.176525;0.029412;0.029412;0.000000;457303.743905;1.349258;0.000000;0.000000;0.364957;-0.365469;0.548456;-0.118827;0.000000;0.064042;-0.028059;0.000000;0.000000;0.013226;-0.200814;-0.219235;0.421912;10.403432;8.386780;13.751864;9.055313;1.139135;0.000000;9.770763;3.017578;-0.082481;116.618169;9419.644407
3.000000;3.000000;0.000000;0.000000;3.000000;0.000000;0.000000;0.000000;0.000000;0.000000;0.000000;0.000000;918.000000;-0.000000;0.044987;0.083964;1.166856;1.361553;1.167723;0.633666;0.895520;4.476551;1.277052;0.205882;0.205882;1.003922;69.878229;3.267247;10.120341;9.515050;2.689965;7.235913;10.471734;1.483060;1.496451;3.438772;2.635075;0.274510;0.274510;0.000000;10816.084061;0.246954;-1.465445;-1.361250;1.685464;2.840790;2.233455;1.182057;-0.302865;0.109749;2.125895;0.225490;0.225490;0.000000;364.333026;1.980469;4.533175;4.302500;51.159365;2617.280595;51.359812;44.470432;-0.228050;3.368748;55.095750;0.392157;0.392157;17.568627;135601.242111;3.500211;-61.917989;-39.134500;72.824981;5303.477792;95.589304;9.006784;-0.610697;-0.862852;111.457700;0.019608;0.019608;0.000000;661530.231148;0.923026;0.000000;0.000000;0.343450;0.001732;0.168547;-0.076053;0.000000;0.091388;0.002836;0.000000;0.000000;0.009266;0.043025;-0.055115;0.434103;10.637359;6.867381;13.965104;7.501035;1.181555;0.000000;10.257578;3.017578;-1.087239;120.020795;11780.133691
3.000000;3.000000;0.000000;0.000000;3.000000;0.000000;0.000000;0.000000;0.000000;0.000000;0.000000;0.000000;918.000000;-0.000000;-0.103113;0.003693;0.853578;0.728595;0.859783;0.455786;-0.552068;0.203772;1.022555;0.196078;0.196078;1.003922;38.243274;2.660346;9.727723;9.495750;2.353337;5.538194;10.008336;1.017518;0.402020;-0.721417;3.165700;0.196078;0.196078;0.000000;9934.565755;0.192453;-1.709637;-1.350950;1.420372;2.017457;2.222682;1.012470;-0.856477;0.678022;1.618530;0.215686;0.215686;0.000000;401.045421;1.305950;-0.748089;1.955700;34.250923;1173.125741;34.259092;23.711277;-0.321230;0.590837;47.640250;0.215686;0.215686;2.007843;59887.739044;3.154696;-23.456868;-9.650050;50.062725;2506.276437;55.285632;8.152230;-1.330167;1.052529;49.832250;0.058824;0.058824;1.003922;183943.879409;1.486373;0.000000;0.000000;0.039247;0.364872;-0.008755;-0.013697;0.000000;0.073123;-0.013843;0.000000;0.000000;0.178504;0.505636;-0.114292;0.281922;10.241658;5.014444;13.385685;5.594332;0.734504;0.000000;9.744791;3.017578;-1.799407;109.906007;4235.126802
3.000000;3.000000;0.000000;0.000000;3.000000;0.000000;0.000000;0.000000;0.000000;0.000000;0.000000;0.000000;918.000000;-0.000000;-0.251295;-0.192180;0.970281;0.941445;1.002294;0.442443;-0.434845;-0.214667;1.349182;0.166667;0.166667;1.003922;54.541421;2.511703;9.450440;9.225000;1.927753;3.716232;9.645053;0.859157;0.520297;-0.213479;2.171125;0.254902;0.254902;0.000000;9299.237980;0.144571;-1.495150;-1.434450;1.011762;1.023663;1.805308;0.838717;-0.463700;0.486002;1.175650;0.362745;0.362745;0.000000;280.255014;1.103129;-2.822272;-4.752250;25.697431;660.357950;25.851947;20.407266;0.187158;0.092192;30.226800;0.352941;0.352941;2.509804;34497.250671;3.316205;-61.456495;-70.041500;58.007156;3364.830146;84.508762;7.449844;0.010917;-1.523970;104.581925;0.019608;0.019608;0.000000;556868.731417;0.792011;0.000000;0.000000;0.186773;0.225104;0.027709;0.075730;0.000000;0.123175;0.047144;0.000000;0.000000;0.158245;0.107139;-0.185586;0.170205;9.983568;3.360009;13.238378;3.796764;0.907029;0.000000;9.401783;3.017578;-1.499939;103.031646;7813.313170
3.000000;3.000000;0.000000;0.000000;3.000000;0.000000;0.000000;0.000000;0.000000;0.000000;0.000000;0.000000;918.000000;-0.000000;-0.103959;-0.095457;0.979888;0.960181;0.985387;0.462125;-0.426053;-0.262049;1.551565;0.235294;0.235294;1.003922;50.072866;2.818525;9.645122;9.056950;2.265198;5.131123;9.907547;1.047357;1.991049;4.762487;1.567275;0.215686;0.215686;0.000000;9750.600408;0.194963;-0.883705;-0.902095;1.076595;1.159057;1.392836;0.825959;-0.316140;-0.149023;1.702643;0.294118;0.294118;0.000000;138.790141;1.866731;-2.718324;-4.561200;26.353187;694.490448;26.493013;25.975740;0.203948;1.004128;27.122500;0.441176;0.441176;17.066667;36181.906022;3.372383;-56.308662;-39.333500;61.530251;3785.971789;83.406458;7.106622;-0.054093;-1.562244;112.603180;0.009804;0.009804;0.000000;516499.188428;1.087899;0.000000;0.000000;0.131797;-0.215401;0.541869;0.025200;0.000000;0.115152;0.102435;0.000000;0.000000;0.112693;0.092815;-0.162176;0.338367;10.165944;4.784066;13.439539;5.202546;0.949067;0.000000;9.467854;3.017578;-1.177360;108.130481;7660.456892
3.000000;3.000000;0.000000;0.000000;3.000000;0.000000;0.000000;0.000000;0.000000;0.000000;0.000000;0.000000;918.000000;-0.000000;-0.053145;-0.119775;1.075278;1.156223;1.076591;0.522248;0.174797;-0.287229;1.564330;0.215686;0.215686;1.003922;59.259090;2.533303;9.897418;8.889000;2.702787;7.305059;10.259821;1.287842;1.530979;1.792363;2.619375;0.137255;0.137255;0.000000;10364.425445;0.241944;-0.248913;-0.094221;0.850228;0.722887;0.885915;0.760598;-0.412289;-0.193559;1.153227;0.382353;0.382353;0.000000;43.223704;3.233723;-1.816779;-4.911700;29.628188;877.829523;29.683837;30.029142;0.426017;0.519804;29.069250;0.421569;0.421569;17.568627;45106.751178;3.364381;-29.158620;-13.756000;48.088266;2312.481294;56.237944;7.166101;-0.603737;-0.898341;77.022725;0.039216;0.039216;0.000000;204669.443893;1.566438;0.000000;0.000000;0.127152;-0.386373;0.171791;-0.176354;0.000000;0.161115;-0.049544;0.000000;0.000000;0.250210;0.126279;-0.313209;0.328489;10.419168;6.863915;13.777843;7.399734;1.145323;0.000000;9.904041;3.017578;-0.171349;115.422982;4044.621438
3.000000;3.000000;0.000000;0.000000;3.000000;0.000000;0.000000;0.000000;0.000000;0.000000;0.000000;0.000000;918.000000;-0.000000;-0.064248;-0.111110;1.221127;1.491152;1.222816;0.492716;0.053153;-0.707181;2.125825;0.107843;0.107843;1.003922;76.534182;2.025029;9.802731;9.431550;2.183218;4.766439;10.042907;1.028902;1.370422;2.199673;1.781000;0.235294;0.235294;0.000000;10044.647290;0.177610;-0.553580;-0.479725;1.011313;1.022753;1.152911;0.717296;-1.034758;1.920082;1.112125;0.372549;0.372549;0.000000;83.463019;2.497282;-2.741863;-4.911700;28.471093;810.603150;28.602814;26.320588;0.170441;0.053165;37.345750;0.421569;0.421569;1.003922;42116.304031;3.503680;-66.365085;-74.346500;42.119545;1774.056036;78.602675;7.202073;0.443964;-0.506475;65.673000;0.058824;0.058824;0.000000;539744.822868;0.650558;0.000000;0.000000;0.112587;-0.111692;0.059670;-0.249572;0.000000;0.284800;0.018666;0.000000;0.000000;0.311571;0.011492;-0.240088;0.242780;10.338474;4.471210;13.850835;4.841181;1.478366;0.000000;9.913696;3.017578;-0.287057;111.355261;6997.830748
3.000000;3.000000;0.000000;0.000000;3.000000;0.000000;0.000000;0.000000;0.000000;0.000000;0.000000;0.000000;918.000000;-0.000000;0.100166;0.107469;0.958044;0.917847;0.963266;0.372987;-0.396481;0.148779;1.255845;0.117647;0.117647;1.003922;47.860642;2.289379;9.701962;9.471850;2.099278;4.406969;9.926481;0.799529;0.730935;0.522538;2.200675;0.186275;0.186275;0.000000;9825.993802;0.154685;-0.919084;-0.627700;1.073219;1.151800;1.412981;0.702551;-1.483790;1.874623;0.920560;0.274510;0.274510;0.000000;144.998267;1.845107;-0.484211;2.709800;25.695465;660.256900;25.700026;20.997581;-0.458147;-0.313456;33.940250;0.333333;0.333333;4.517647;33705.234076;3.423181;-35.684831;-27.802500;46.347072;2148.051102;58.493233;6.026127;-0.392036;-0.735555;73.271925;0.029412;0.029412;0.000000;239451.391345;1.208639;0.000000;0.000000;0.027328;0.146761;-0.216101;0.001359;0.000000;0.326474;0.085938;0.000000;0.000000;0.128187;0.043845;-0.293068;0.146886;10.217717;4.061163;13.466734;4.451476;0.926061;0.000000;9.892707;3.017578;-0.859693;108.462911;4083.946167
3.000000;3.000000;0.000000;0.000000;3.000000;0.000000;0.000000;0.000000;0.000000;0.000000;0.000000;0.000000;918.000000;-0.000000;0.147354;0.114835;0.685846;0.470384;0.701497;0.381051;-0.235818;1.040501;0.800362;0.196078;0.196078;1.003922;26.238940;2.945196;9.739705;9.300500;2.100372;4.411562;9.963604;0.777907;0.791168;0.090730;2.269275;0.147059;0.147059;0.000000;9901.249707;0.163917;-1.394339;-1.032455;1.207636;1.458384;1.844604;0.650168;-0.718812;-0.412482;1.759573;0.117647;0.117647;0.000000;272.867436;1.278716;-1.563060;-2.951100;22.810306;520.310049;22.863797;21.652656;-0.319838;0.219706;27.424500;0.362745;0.362745;17.568627;26819.473374;3.465298;-55.752949;-34.531500;67.014554;4490.950395;87.174203;5.871364;-0.416040;-1.173520;113.628925;0.029412;0.029412;0.000000;546107.608662;0.940231;0.000000;0.000000;0.026170;0.132888;0.314502;0.184391;0.000000;-0.063440;0.110750;0.000000;0.000000;-0.146088;0.002090;-0.126112;0.260363;10.233138;4.048403;13.270321;4.455605;0.474678;0.000000;9.889626;3.017578;-1.251497;108.765511;8125.497489
3.000000;3.000000;0.000000;0.000000;3.000000;0.000000;0.000000;0.000000;0.000000;0.000000;0.000000;0.000000;918.000000;-0.000000;0.281196;0.236770;0.885844;0.784720;0.929404;0.462727;0.911791;4.729845;0.856342;0.156863;0.156863;0.000000;48.101208;3.022264;9.781630;9.222450;2.222257;4.938428;10.030888;0.917746;1.980506;5.098297;1.886750;0.147059;0.147059;0.000000;10011.856896;0.187633;-0.953629;-0.571130;1.434108;2.056665;1.722229;0.800609;-0.159887;-0.136213;2.183555;0.137255;0.137255;0.000000;197.712854;1.850718;-3.281626;-3.933950;20.875513;435.787049;21.131874;20.405241;-0.021529;0.121049;24.103175;0.401961;0.401961;12.549020;23346.690021;3.498611;-61.282351;-45.687500;61.719720;3809.323798;86.976148;6.664423;-0.536667;-1.111578;102.660000;0.039216;0.039216;0.000000;577343.788368;0.849725;0.000000;0.000000;0.236448;-0.054678;0.512844;0.127102;0.000000;0.257823;0.131093;0.000000;0.000000;-0.074172;0.015252;-0.141472;0.353590;10.283054;4.741318;13.431289;5.039355;0.740459;0.000000;9.833855;3.017578;-1.385543;110.482513;8014.372544
3.000000;3.000000;0.000000;0.000000;3.000000;0.000000;0.000000;0.000000;0.000000;0.000000;0.000000;0.000000;918.000000;-0.000000;0.333894;0.264420;1.087166;1.181930;1.137284;0.555513;0.686506;1.134077;1.362977;0.215686;0.215686;3.011765;71.675838;2.749561;9.810855;8.990150;2.780615;7.731819;10.197289;1.238580;1.649438;2.504555;2.443650;0.107843;0.107843;0.000000;10212.172424;0.253214;-0.422456;-0.230945;1.168385;1.365123;1.242414;0.912117;-0.414843;0.817646;1.267040;0.323529;0.323529;0.000000;88.073747;3.030876;-1.079224;-3.519600;30.047174;902.832665;30.066549;25.916989;1.470679;6.251857;26.267275;0.343137;0.343137;16.564706;46340.973838;3.405432;-33.097391;-13.962000;54.508390;2971.164612;63.769914;7.938540;-1.342703;0.600719;44.635950;0.019608;0.019608;0.000000;263264.160570;1.332951;0.000000;0.000000;0.329592;-0.300173;0.296261;-0.174205;0.000000;0.163680;-0.113702;0.000000;0.000000;-0.193160;-0.278917;-0.419607;0.345872;10.338409;7.395415;13.672293;7.958049;1.043955;0.000000;9.590255;3.017578;-0.138751;114.278109;4972.142909
3.000000;3.000000;0.000000;0.000000;3.000000;0.000000;0.000000;0.000000;0.000000;0.000000;0.000000;0.000000;918.000000;-0.000000;-0.134716;-0.248055;1.174094;1.378497;1.181797;0.463059;0.372976;-0.662742;1.902473;0.127451;0.127451;1.003922;72.249292;2.572742;9.736314;9.086900;2.497273;6.236373;10.051476;1.095487;1.447301;1.966885;2.098550;0.156863;0.156863;0.000000;9987.242036;0.225744;-1.123358;-0.915205;1.306590;1.707178;1.723111;0.796796;-1.263785;2.295821;1.418710;0.313725;0.313725;0.000000;216.169925;1.805898;1.570831;0.402680;32.448478;1052.903713;32.486478;29.893493;0.888794;4.307968;35.239500;0.343137;0.343137;14.556863;54249.064090;3.515013;-61.669721;-43.370500;55.735692;3106.467332;83.124135;7.476237;-0.321863;-1.076584;92.798000;0.019608;0.019608;0.000000;546373.561868;0.831821;0.000000;0.000000;0.198953;-0.178141;0.054126;-0.158825;0.000000;-0.101695;-0.112720;0.000000;0.000000;-0.093822;0.040687;-0.331753;0.304347;10.276274;5.827023;13.744510;6.367869;1.322396;0.000000;9.695965;3.017578;-0.841416;111.428824;7967.962118
3.000000;3.000000;0.000000;0.000000;3.000000;0.000000;0.000000;0.000000;0.000000;0.000000;0.000000;0.000000;918.000000;-0.000000;-0.024129;0.126020;1.070160;1.145243;1.070432;0.389294;-0.167504;-0.813982;1.763655;0.127451;0.127451;1.003922;58.467364;2.276877;9.726878;9.208200;2.226676;4.958084;9.978489;0.943196;0.806416;-0.105267;2.600425;0.166667;0.166667;0.000000;9903.303251;0.178334;-1.525885;-1.077600;1.275747;1.627532;1.988934;0.732918;-1.249435;1.469391;1.398527;0.196078;0.196078;0.000000;320.507278;1.265223;1.485592;3.255650;26.775201;716.911404;26.816383;23.695612;-0.463174;1.113967;33.123750;0.362745;0.362745;2.509804;36792.085848;3.343569;-33.326291;-26.342000;46.325490;2146.051065;57.067440;5.656612;-0.714009;-0.444094;56.767025;0.049020;0.049020;0.000000;222741.356556;1.366099;0.000000;0.000000;0.040156;0.296315;-0.240119;-0.083698;0.000000;-0.142610;0.079159;0.000000;0.000000;-0.106450;0.786703;-0.290671;-0.030850;10.257201;4.505904;13.627687;5.009597;1.154158;0.000000;9.752001;3.017578;-1.524220;109.716073;3979.766994
3.000000;3.000000;0.000000;0.000000;3.000000;0.000000;0.000000;0.000000;0.000000;0.000000;0.000000;0.000000;918.000000;-0.000000;-0.016862;-0.077667;0.971538;0.943886;0.971684;0.423076;0.026169;-0.813362;1.492805;0.156863;0.156863;0.501961;48.243441;2.468207;9.591256;9.218200;2.069722;4.283748;9.812030;0.882212;0.857612;0.147030;2.374700;0.205882;0.205882;0.000000;9601.758952;0.163247;-1.487851;-1.150200;1.073019;1.151370;1.834413;0.725391;-0.841403;-0.025360;1.231320;0.254902;0.254902;0.000000;284.999241;1.159596;-1.469964;-0.181829;23.570734;555.579494;23.616526;19.664816;-0.173771;0.583671;28.431000;0.372549;0.372549;2.007843;28638.285678;3.270570;-46.358566;-31.602500;66.556992;4429.833169;81.110725;6.066018;-1.226201;0.591643;58.146925;0.029412;0.029412;0.000000;445190.339615;1.429574;0.000000;0.000000;0.169554;0.386633;0.000060;-0.102018;0.000000;0.098624;0.120863;0.000000;0.000000;-0.057623;0.207095;-0.204685;-0.108056;10.116425;3.878052;13.416721;4.360952;0.918441;0.000000;9.798798;3.017578;-1.604235;106.220108;7140.055140
3.000000;3.000000;0.000000;0.000000;3.000000;0.000000;0.000000;0.000000;0.000000;0.000000;0.000000;0.000000;918.000000;-0.000000;-0.051213;-0.175595;1.002065;1.004134;1.003373;0.429277;0.294062;-0.556993;1.410232;0.176471;0.176471;0.501961;51.556791;2.587523;9.454486;9.185750;1.666207;2.776245;9.600185;0.873843;1.214789;1.877980;1.561550;0.225490;0.225490;0.000000;9259.141880;0.123123;-0.814585;-0.770395;1.139453;1.298353;1.400679;0.732876;-0.347554;0.198399;1.560861;0.284314;0.284314;0.000000;134.732433;2.220007;-3.505399;-2.659050;22.241623;494.689803;22.516164;20.374327;0.165866;0.393922;30.118475;0.372549;0.372549;2.007843;26918.881558;3.583319;-67.076694;-49.939000;66.358777;4403.487342;94.354493;7.886695;-0.854039;-0.507221;91.011750;0.039216;0.039216;0.000000;683505.052687;0.914912;0.000000;0.000000;0.331626;-0.085287;0.490491;-0.252514;0.000000;0.143490;-0.043244;0.000000;0.000000;0.076957;0.047232;-0.133317;0.179421;9.979378;2.582327;13.289886;2.964082;0.853726;0.000000;9.501256;3.017578;-1.174822;102.170313;9411.709785
3.000000;3.000000;0.000000;0.000000;3.000000;0.000000;0.000000;0.000000;0.000000;0.000000;0.000000;0.000000;918.000000;-0.000000;0.290987;0.366345;0.986525;0.973232;1.028545;0.487761;0.245562;-0.206309;1.331890;0.156863;0.156863;1.003922;58.271861;2.705633;9.614586;8.826750;2.481061;6.155663;9.929548;1.192401;1.872864;3.947423;2.212225;0.137255;0.137255;0.000000;9742.846288;0.216971;-0.068011;0.057915;0.936642;0.877299;0.939108;0.725715;-0.139409;0.335551;1.252947;0.323529;0.323529;4.015686;45.257273;3.192892;-4.845129;-6.738500;28.410587;807.161441;28.820769;28.395762;-0.456223;1.406714;34.132750;0.411765;0.411765;14.556863;43716.424937;3.544242;-27.964099;-14.689000;50.140308;2514.050520;57.411160;7.473695;-1.310202;1.361967;48.929350;0.039216;0.039216;0.000000;208004.671774;1.518519;0.000000;0.000000;0.256169;-0.336486;0.360768;-0.098048;0.000000;0.049574;-0.069865;0.000000;0.000000;-0.222642;-0.126875;-0.414785;0.190820;10.140083;5.832558;13.447249;6.292131;0.907347;0.000000;9.797828;3.017578;-0.227287;108.653838;4127.559962
3.000000;3.000000;0.000000;0.000000;3.000000;0.000000;0.000000;0.000000;0.000000;0.000000;0.000000;0.000000;918.000000;-0.000000;0.173827;0.214835;1.176432;1.383992;1.189204;0.453723;0.027984;-0.861774;1.782400;0.078431;0.078431;1.003922;73.671042;1.987434;10.058732;9.453700;2.783974;7.750512;10.436887;1.362190;1.654844;2.911331;2.562350;0.166667;0.166667;0.000000;10715.544728;0.258001;-0.439550;-0.538225;1.055522;1.114127;1.143386;0.816574;0.295965;1.274982;1.272425;0.264706;0.264706;0.000000;76.798597;3.058257;0.416516;-0.585175;33.094273;1095.230893;33.096894;31.652506;-0.183362;1.510728;37.374500;0.333333;0.333333;16.062745;55908.987930;3.587109;-57.776183;-64.543500;53.181502;2828.272108;78.526170;6.766715;0.284093;-1.194791;88.418500;0.019608;0.019608;0.000000;484733.073972;0.775073;0.000000;0.000000;0.032060;-0.333208;0.353322;-0.106070;0.000000;0.037352;-0.071574;0.000000;0.000000;-0.087186;-0.159401;-0.295154;0.297040;10.585922;7.281063;14.079852;7.828998;1.395946;0.000000;10.078196;3.017578;-0.158610;119.342815;7263.071100
3.000000;3.000000;0.000000;0.000000;3.000000;0.000000;0.000000;0.000000;0.000000;0.000000;0.000000;0.000000;918.000000;-0.000000;0.247752;0.296005;1.115465;1.244262;1.142647;0.373008;-0.332325;-0.719026;1.575673;0.137255;0.137255;1.003922;69.721224;1.870354;10.107893;9.809450;2.585486;6.684737;10.433324;1.173764;0.969045;1.470156;2.960400;0.186275;0.186275;0.000000;10762.498536;0.224042;-1.391903;-1.017600;1.288598;1.660485;1.896807;0.801290;-0.491849;1.457526;1.298510;0.284314;0.284314;0.000000;282.339575;1.454506;1.854185;2.874350;32.375141;1048.149738;32.428194;25.541025;0.137472;0.731023;38.085500;0.294118;0.294118;6.023529;53917.506843;3.183037;-52.577498;-56.568500;56.918734;3239.742331;77.486358;6.804461;0.211363;-1.344665;107.779500;0.068627;0.068627;0.000000;447201.951773;0.946997;0.000000;0.000000;-0.109660;0.229719;-0.282915;-0.073402;0.000000;0.124784;-0.047070;0.000000;0.000000;0.030596;0.237706;-0.155667;0.255831;10.632631;6.107037;14.060608;6.769427;1.238077;0.000000;10.397711;3.017578;-1.232546;119.159884;7059.321240
3.000000;3.000000;0.000000;0.000000;3.000000;0.000000;0.000000;0.000000;0.000000;0.000000;0.000000;0.000000;918.000000;-0.000000;0.131702;0.103916;0.848514;0.719976;0.858674;0.392129;-0.093323;-0.092251;1.139550;0.235294;0.235294;1.003922;38.510704;2.651326;9.495064;9.200100;2.195641;4.820839;9.745618;0.957913;0.621035;-0.204744;2.583200;0.176471;0.176471;0.000000;9441.895465;0.173938;-2.014133;-1.840850;1.208253;1.459875;2.348746;0.677896;-0.461848;0.219112;1.694625;0.166667;0.166667;0.000000;488.364677;0.764200;-4.439371;-7.339850;30.071352;904.286181;30.397273;21.892531;-0.087849;-0.439986;42.983250;0.235294;0.235294;2.007843;48131.948989;3.133304;-36.499322;-19.169500;60.971514;3717.525514;71.061425;6.009467;-1.099192;0.380831;61.033625;0.039216;0.039216;0.000000;325493.483691;1.366336;0.000000;0.000000;0.044967;0.337100;0.056115;0.187792;0.000000;0.020812;0.188381;0.000000;0.000000;0.238263;0.001301;-0.204926;0.114430;10.018373;4.346602;13.173370;4.870298;0.725377;0.000000;9.673471;3.017578;-2.022176;104.714395;5979.236857
3.000000;3.000000;0.000000;0.000000;3.000000;0.000000;0.000000;0.000000;0.000000;0.000000;0.000000;0.000000;918.000000;-0.000000;0.104539;0.036649;0.957571;0.916942;0.963261;0.466850;0.248271;1.328078;1.139912;0.166667;0.166667;1.003922;47.896145;2.837694;9.269550;8.948650;2.114971;4.473100;9.507768;1.057402;1.335409;1.993568;2.304650;0.196078;0.196078;0.000000;8992.572431;0.187127;-1.357461;-1.478600;1.489814;2.219545;2.015501;0.927503;-0.159296;0.107276;1.896565;0.225490;0.225490;0.000000;301.613657;1.708797;-6.526630;-8.541700;29.493372;869.858972;30.206885;27.786327;-0.164594;-0.379172;39.825500;0.411765;0.411765;3.513725;48727.832697;3.274546;-65.354643;-35.839000;60.901816;3709.031231;89.332304;7.168234;-0.725693;-0.992741;102.335500;0.019608;0.019608;0.000000;624830.623716;0.867125;0.000000;0.000000;0.246379;-0.096079;0.079888;0.038712;0.000000;-0.246208;0.054550;0.000000;0.000000;0.194598;0.011300;-0.335447;0.193880;9.806760;4.152988;12.997778;4.586755;0.856655;0.000000;9.391289;3.017578;-1.884391;100.325529;8896.778732
3.000000;3.000000;0.000000;0.000000;3.000000;0.000000;0.000000;0.000000;0.000000;0.000000;0.000000;0.000000;918.000000;-0.000000;0.049622;0.058293;1.033883;1.068914;1.035073;0.525751;0.232325;0.612584;1.340588;0.127451;0.127451;1.003922;54.771393;2.808937;9.940950;8.746950;3.363232;11.311328;10.494466;1.477960;1.426939;1.627504;3.488400;0.117647;0.117647;0.000000;10657.222604;0.341504;-0.278189;-0.102025;1.291705;1.668501;1.321321;1.006899;-1.092301;3.611752;1.135795;0.333333;0.333333;2.007843;93.537294;3.437581;-0.900432;-3.797050;35.958950;1293.046110;35.970222;37.128453;0.622935;1.933547;38.923250;0.490196;0.490196;3.513725;66083.204597;3.584221;-44.929844;-33.667000;57.172055;3268.643816;72.714062;8.328730;-0.549459;-0.649262;87.104451;0.058824;0.058824;0.000000;372607.790515;1.183939;0.000000;0.000000;0.153117;-0.302277;0.172837;-0.103631;0.000000;-0.155121;-0.020130;0.000000;0.000000;0.086043;0.012322;-0.397454;0.402364;10.470760;10.568374;13.738077;11.451196;1.051622;0.000000;9.749147;3.017578;-0.471535;120.205191;6582.937519
3.000000;3.000000;0.000000;0.000000;3.000000;0.000000;0.000000;0.000000;0.000000;0.000000;0.000000;0.000000;918.000000;-0.000000;-0.173661;-0.050017;1.039948;1.081492;1.054348;0.500048;-0.145751;-0.103938;1.515535;0.215686;0.215686;1.003922;58.534578;2.484140;10.287802;9.567600;3.105666;9.645164;10.746350;1.576755;1.380409;2.203866;3.569975;0.166667;0.166667;0.000000;11287.898488;0.300941;-0.641011;-0.530595;1.342620;1.802629;1.487792;0.883647;-0.411229;2.100074;1.290700;0.254902;0.254902;0.000000;133.848528;2.612218;1.316721;-3.085000;49.972999;2497.300637;49.990343;45.431137;-0.181870;5.380874;53.325250;0.411765;0.411765;16.564706;127599.941511;3.554035;-60.886477;-74.530000;52.927471;2801.317171;80.675153;7.432552;0.523121;-1.052081;88.032000;0.058824;0.058824;0.000000;520998.050972;0.826584;0.000000;0.000000;0.137423;-0.252113;0.203870;-0.044118;0.000000;0.085205;0.028317;0.000000;0.000000;-0.094226;-0.231186;-0.291456;0.316685;10.798608;8.985752;14.121794;9.763830;1.069031;0.000000;10.442478;3.017578;-0.217903;125.595684;9009.728147
3.000000;3.000000;0.000000;0.000000;3.000000;0.000000;0.000000;0.000000;0.000000;0.000000;0.000000;0.000000;918.000000;-0.000000;-0.071892;0.012806;1.017685;1.035684;1.020222;0.409950;-0.270290;0.293133;1.226542;0.156863;0.156863;0.501961;53.355246;2.412815;9.731796;9.483400;2.157401;4.654379;9.968061;1.032170;0.546127;-0.412702;3.128575;0.166667;0.166667;0.000000;9897.672377;0.171619;-1.353531;-1.050150;1.223173;1.496153;1.824335;0.740043;-0.422404;2.008240;1.182603;0.176471;0.176471;0.000000;263.321713;1.459094;-1.116095;-0.762170;44.726748;2000.482013;44.740671;34.072405;-0.603046;8.668982;33.342750;0.362745;0.362745;11.043137;102171.667259;3.598093;-44.963808;-48.501500;54.904994;3014.558414;70.966911;5.863728;-0.052955;-1.471117;112.834700;0.029412;0.029412;0.000000;359961.757255;0.860415;0.000000;0.000000;0.069655;-0.055439;-0.212907;-0.042957;0.000000;0.064104;0.014849;0.000000;0.000000;-0.154951;0.175643;-0.308379;0.162069;10.254121;4.256083;13.521854;4.706978;1.039422;0.000000;9.869952;3.017578;-1.162727;109.403087;7041.358361
3.000000;3.000000;0.000000;0.000000;3.000000;0.000000;0.000000;0.000000;0.000000;0.000000;0.000000;0.000000;918.000000;-0.000000;-0.177539;-0.236675;0.756802;0.572749;0.777347;0.377610;0.597127;0.374559;1.025550;0.186275;0.186275;1.003922;32.523104;2.781494;9.530459;9.153000;2.106977;4.439352;9.760584;0.858481;0.661478;-0.486776;2.933950;0.176471;0.176471;0.000000;9491.037827;0.165915;-1.705694;-1.515000;1.057006;1.117262;2.006652;0.592533;-0.797812;-0.263911;1.595023;0.156863;0.156863;0.000000;353.758258;0.869930;0.085589;0.034445;24.741172;612.125582;24.741320;20.554532;-0.899262;2.738285;26.232500;0.372549;0.372549;2.007843;31288.472314;3.273802;-52.353759;-19.774000;73.320417;5375.883599;90.093283;6.694470;-0.651353;-0.982682;121.949700;0.019608;0.019608;0.000000;553744.913738;0.975696;0.000000;0.000000;-0.074707;0.390498;0.252462;0.011790;0.000000;-0.143829;0.131422;0.000000;0.000000;0.075867;0.217326;-0.120000;0.226898;10.041514;4.041255;13.159804;4.487009;0.574717;0.000000;9.603644;3.017578;-1.587760;104.873267;8732.959285
3.000000;3.000000;0.000000;0.000000;3.000000;0.000000;0.000000;0.000000;0.000000;0.000000;0.000000;0.000000;918.000000;-0.000000;-0.136714;-0.262045;0.876172;0.767678;0.886774;0.445174;0.985594;1.991253;1.127700;0.176471;0.176471;1.003922;41.069583;2.840409;9.801159;9.129650;2.325268;5.406872;10.073211;1.077156;1.463625;2.548508;2.701425;0.137255;0.137255;0.000000;10074.150214;0.200332;-1.124810;-0.915850;1.473185;2.170274;1.853503;0.906758;-0.021292;0.078431;2.024742;0.166667;0.166667;0.000000;239.765530;2.020184;0.061373;0.551505;25.287278;639.446415;25.287352;23.711677;0.181200;0.952300;29.884500;0.382353;0.382353;10.039216;32779.222776;3.386104;-66.129032;-36.167500;63.283628;4004.817537;91.530686;8.617244;-0.745602;-0.800275;93.952000;0.058824;0.058824;0.000000;650302.604648;0.849648;0.000000;0.000000;0.115756;-0.027503;0.420148;0.094677;0.000000;0.056623;0.224889;0.000000;0.000000;-0.078552;0.138092;-0.132201;0.369034;10.303146;5.101146;13.503508;5.472481;0.763202;0.000000;9.701959;3.017578;-1.507361;111.255954;9020.752098
3.000000;3.000000;0.000000;0.000000;3.000000;0.000000;0.000000;0.000000;0.000000;0.000000;0.000000;0.000000;918.000000;-0.000000;-0.035440;-0.033215;0.988899;0.977920;0.989533;0.539826;0.561935;0.545621;1.306530;0.156863;0.156863;1.003922;50.069912;2.734481;9.768236;8.909150;2.841024;8.071416;10.172996;1.441043;1.631550;2.701506;2.577350;0.078431;0.078431;0.000000;10144.364764;0.267606;-0.182820;-0.110330;1.227251;1.506146;1.240794;1.023349;-0.740200;2.071336;1.331850;0.362745;0.362745;2.007843;80.519614;3.460166;-1.795664;-4.878800;35.416231;1254.309450;35.461724;33.190315;0.164681;0.672867;41.486250;0.352941;0.352941;2.007843;64303.251602;3.450153;-34.401904;-33.437500;32.723800;1070.847093;47.479870;8.322342;-0.312792;-0.545078;35.999250;0.137255;0.137255;0.000000;175356.833998;1.105473;0.000000;0.000000;0.236470;-0.340655;-0.090297;0.064698;0.000000;0.124675;0.042532;0.000000;0.000000;-0.264951;-0.196356;-0.389038;0.416943;10.289955;7.585854;13.566979;8.213627;0.925306;0.000000;9.820598;3.017578;-0.205166;113.469032;3513.411507
3.000000;3.000000;0.000000;0.000000;3.000000;0.000000;0.000000;0.000000;0.000000;0.000000;0.000000;0.000000;918.000000;-0.000000;0.056110;0.270080;0.822209;0.676027;0.824121;0.432147;-0.228852;-0.495755;1.209135;0.137255;0.137255;1.003922;34.836309;2.875510;9.697790;9.024150;2.622393;6.876944;10.046098;1.350176;1.658320;3.311794;2.264900;0.107843;0.107843;0.000000;9943.811604;0.252703;-0.504723;-0.392470;1.142415;1.305112;1.248943;0.809044;-0.340013;-0.047464;1.471448;0.284314;0.284314;0.000000;93.071138;2.820780;-2.221950;-4.552950;38.067859;1449.161877;38.132649;36.678002;0.084142;0.130101;46.114000;0.401961;0.401961;16.564706;74579.788249;3.575926;-33.593040;-33.048000;32.252407;1040.217747;46.569411;6.573692;-0.370306;-0.599297;44.639925;0.078431;0.078431;0.000000;168158.231054;1.069052;0.000000;0.000000;0.130072;-0.301068;-0.112541;0.006304;0.000000;0.034496;0.078091;0.000000;0.000000;-0.222780;-0.252164;-0.225461;0.424199;10.209374;6.371944;13.396084;6.957816;0.669936;0.000000;9.583478;3.017578;-0.249298;110.603254;3624.368862
3.000000;3.000000;0.000000;0.000000;3.000000;0.000000;0.000000;0.000000;0.000000;0.000000;0.000000;0.000000;918.000000;-0.000000;0.270370;0.359470;0.778009;0.605298;0.823649;0.368236;0.711171;1.456461;0.929565;0.176471;0.176471;1.003922;38.326485;2.735274;9.876861;9.549700;2.196862;4.826203;10.118230;1.091166;1.292443;1.488745;2.108475;0.215686;0.215686;0.000000;10196.508127;0.181676;-0.705683;-0.517705;1.124924;1.265453;1.327946;0.797767;-0.302799;-0.097309;1.380118;0.215686;0.215686;0.000000;115.442187;2.442699;0.751099;0.614390;30.146097;908.787189;30.155453;27.275109;0.222249;0.148365;32.954250;0.382353;0.382353;16.062745;46406.995986;3.425565;-13.486513;-14.352500;21.774695;474.137349;25.612954;6.233133;-0.141334;-0.160529;25.596590;0.107843;0.107843;0.000000;42745.386100;1.683167;0.000000;0.000000;0.303954;-0.089970;0.158902;-0.068544;0.000000;0.036675;0.088384;0.000000;0.000000;-0.209835;-0.308590;-0.043023;0.375756;10.368528;4.550612;13.514374;4.937612;0.547666;0.000000;9.859123;3.017578;-0.748647;112.056980;1567.138169
3.000000;3.000000;0.000000;0.000000;3.000000;0.000000;0.000000;0.000000;0.000000;0.000000;0.000000;0.000000;918.000000;-0.000000;0.347735;0.146160;0.991057;0.982193;1.050292;0.417956;0.989235;0.908049;1.110047;0.107843;0.107843;1.003922;62.577460;2.604009;9.832507;9.584500;1.705456;2.908582;9.979317;0.854877;1.493421;2.600852;1.245775;0.294118;0.294118;0.000000;10009.637640;0.120283;-0.438972;-0.199835;0.975548;0.951695;1.069762;0.732586;-0.788605;1.219408;0.977980;0.323529;0.323529;0.000000;68.233378;2.899895;3.820638;3.888550;23.116491;534.372136;23.430096;18.967677;0.329725;0.569465;28.943500;0.392157;0.392157;4.517647;28748.049134;3.479025;-0.958500;-0.076465;21.394390;457.719943;21.415851;6.528118;-0.105763;-0.794354;33.675000;0.107843;0.107843;1.003922;23444.068308;1.981431;0.000000;0.000000;0.423085;-0.065820;-0.027597;-0.278418;0.000000;0.159179;-0.301266;0.000000;0.000000;-0.165585;-0.315758;-0.098644;0.293166;10.339615;2.782247;13.592131;3.176156;0.753141;0.000000;9.860697;3.017578;-0.416240;109.689886;1008.752470
3.000000;3.000000;0.000000;0.000000;3.000000;0.000000;0.000000;0.000000;0.000000;0.000000;0.000000;0.000000;918.000000;-0.000000;0.163531;-0.128340;1.055009;1.113045;1.067608;0.167670;0.404576;-1.119910;1.833130;0.029412;0.029412;0.501961;59.493762;1.881048;10.006391;9.481850;1.677992;2.815656;10.146109;0.397870;0.836133;-0.252390;1.955525;0.078431;0.078431;0.000000;10356.644982;0.093424;0.923330;1.024050;1.263107;1.595440;1.564602;0.276306;-0.126430;-0.619071;1.617510;0.088235;0.088235;0.000000;168.338465;1.504282;5.612943;5.220050;9.591643;91.999613;11.113269;4.547882;0.076878;-0.978825;15.540675;0.147059;0.147059;0.000000;7905.592435;2.210952;16.741932;21.983500;19.991967;399.678726;26.076254;2.754519;-0.313086;-0.900378;28.475650;0.019608;0.019608;0.000000;48973.442772;1.078235;0.000000;0.000000;-0.012034;0.284129;0.131870;0.207485;0.000000;0.089324;-0.184635;0.000000;0.000000;-0.424719;0.655224;0.028370;0.213679;10.511984;2.581510;13.928316;2.843803;1.123796;0.000000;10.077644;3.017578;1.285382;113.083308;805.923721
3.000000;3.000000;0.000000;0.000000;3.000000;0.000000;0.000000;0.000000;0.000000;0.000000;0.000000;0.000000;918.000000;-0.000000;0.063452;-0.220270;0.941308;0.886061;0.943444;0.163603;0.162961;-1.517664;1.779990;0.029412;0.029412;0.501961;45.603163;1.546783;9.885964;9.518300;1.575432;2.481987;10.010708;0.374106;0.748954;-0.273358;1.874775;0.088235;0.088235;0.000000;10095.275074;0.088647;1.022898;1.033300;1.231404;1.516357;1.600836;0.272253;0.023255;-0.482861;1.519332;0.117647;0.117647;0.000000;184.058955;1.474886;-1.363295;-0.977505;14.365737;206.374406;14.430280;4.570144;-0.946646;1.160062;15.321350;0.147059;0.147059;1.003922;10726.297411;1.852155;8.359207;10.238500;13.900359;193.219976;16.220244;2.478477;-0.653784;-0.415471;20.744731;0.049020;0.049020;0.000000;16981.974761;1.457865;0.000000;0.000000;0.027260;-0.074076;0.391249;-0.356118;0.000000;-0.386875;-0.131442;0.000000;0.000000;0.235372;0.762398;-0.021967;0.487978;10.384404;2.268513;13.755432;2.507595;0.893800;0.000000;10.099187;3.017578;0.833847;110.104353;473.891968
3.000000;3.000000;0.000000;0.000000;3.000000;0.000000;0.000000;0.000000;0.000000;0.000000;0.000000;0.000000;918.000000;-0.000000;0.705369;0.944155;0.752914;0.566879;1.031710;0.157771;-0.431825;-0.766538;1.188870;0.058824;0.058824;0.000000;79.661340;1.134600;9.510244;9.457400;1.012507;1.025170;9.563990;0.295109;0.938011;1.300548;0.966900;0.176471;0.176471;0.000000;9277.647517;0.046114;1.652982;1.670050;0.915006;0.837236;1.889334;0.235388;-0.116986;-0.447725;1.260500;0.107843;0.107843;0.000000;321.402322;0.635038;-2.425099;0.701840;14.995970;224.879103;15.190794;4.191444;-0.781386;0.265396;20.939950;0.058824;0.058824;1.003922;12069.231494;1.511581;49.726893;25.860000;40.858856;1669.446139;64.360003;3.330507;0.584144;-1.121863;64.700250;0.009804;0.009804;0.000000;337363.956662;0.711833;0.000000;0.000000;0.071949;-0.175774;0.027330;0.205741;0.000000;0.044109;0.043141;0.000000;0.000000;0.281156;0.636434;0.131769;0.593013;10.029843;0.936584;13.396343;1.041857;0.565954;0.000000;9.517993;3.017578;1.692650;101.534338;4376.539773
3.000000;3.000000;0.000000;0.000000;3.000000;0.000000;0.000000;0.000000;0.000000;0.000000;0.000000;0.000000;918.000000;-0.000000;0.558763;0.436860;0.775044;0.600694;0.955463;0.187647;0.106097;-1.069176;1.282946;0.068627;0.068627;0.000000;62.495123;1.416681;9.646204;9.654300;0.610328;0.372501;9.665493;0.268106;-0.040013;0.136349;0.565625;0.215686;0.215686;0.000000;9510.021459;0.019553;1.686595;1.696800;0.618266;0.382253;1.796345;0.210081;-0.028652;-0.616443;0.769100;0.156863;0.156863;0.000000;309.648939;0.362747;-0.884271;0.203175;11.740804;137.846478;11.774057;3.799677;-0.108542;-1.295540;21.907175;0.078431;0.078431;1.003922;7110.051083;1.739762;78.716196;76.579000;27.168006;738.100574;83.272685;4.083495;-0.000532;-0.985744;42.730500;0.058824;0.058824;0.000000;669659.595526;0.264854;0.000000;0.000000;-0.002171;-0.368228;-0.401353;0.751516;0.000000;0.043953;0.226850;0.000000;0.000000;-0.055976;0.298597;0.098723;0.131843;10.148690;0.338750;13.395557;0.606646;0.376184;0.000000;9.632608;3.017578;1.735318;103.334661;7076.195369
3.000000;3.000000;0.000000;0.000000;3.000000;0.000000;0.000000;0.000000;0.000000;0.000000;0.000000;0.000000;918.000000;-0.000000;0.573522;0.645870;0.850408;0.723193;1.025729;0.223121;-0.378701;-0.817484;1.384556;0.078431;0.078431;0.000000;70.434467;1.736495;9.636844;9.636400;1.281161;1.641374;9.721632;0.396968;1.854914;7.922655;1.115000;0.186275;0.186275;0.000000;9556.324062;0.072427;2.310140;2.445400;0.977064;0.954655;2.508267;0.312350;0.203912;-0.671981;1.391700;0.078431;0.078431;0.000000;593.035845;0.436091;-3.507793;-5.133200;15.699673;246.479728;16.086775;6.582271;-0.166342;0.063688;24.503625;0.147059;0.147059;1.505882;13842.606267;2.546656;43.118697;45.756000;36.832166;1356.608425;56.708293;4.060953;0.156341;-1.115965;60.532650;0.049020;0.049020;0.000000;258830.615667;0.755218;0.000000;0.000000;-0.559349;-0.115047;-0.726633;0.240942;0.000000;-0.466945;0.198648;0.000000;0.000000;0.380245;-0.521705;-0.019976;0.143875;10.153256;1.473655;13.495361;1.964532;0.423446;0.000000;9.737192;3.017578;1.944732;104.562259;3480.906222
3.000000;3.000000;0.000000;0.000000;3.000000;0.000000;0.000000;0.000000;0.000000;0.000000;0.000000;0.000000;918.000000;-0.000000;0.680059;1.049900;0.956790;0.915447;1.173852;0.227375;-0.587747;-0.942236;1.715615;0.058824;0.058824;0.000000;93.862069;1.599855;9.273004;8.691450;1.914343;3.664710;9.468543;0.567424;1.679463;3.574039;2.108825;0.088235;0.088235;0.000000;8957.762571;0.146031;2.821455;2.814050;0.757059;0.573139;2.921257;0.431954;-0.461225;1.255510;0.585400;0.215686;0.215686;0.000000;841.280622;0.250836;-1.766538;-1.634050;15.240415;232.270251;15.342454;9.065441;-0.308731;1.043085;15.237400;0.215686;0.215686;1.505882;12164.092771;3.080890;2.639216;-0.367030;18.377523;337.733365;18.566066;4.423288;0.932033;0.554445;18.466175;0.088235;0.088235;1.003922;17935.477614;2.358001;0.000000;0.000000;0.058250;-0.087378;-0.145379;-0.375163;0.000000;-0.293071;0.023816;0.000000;0.000000;-0.129703;0.076796;-0.143159;0.219013;9.830854;3.385552;13.327883;3.705170;0.920336;0.000000;9.346912;3.017578;2.856087;100.031240;588.623475
3.000000;3.000000;0.000000;0.000000;3.000000;0.000000;0.000000;0.000000;0.000000;0.000000;0.000000;0.000000;918.000000;-0.000000;0.280990;-0.068088;0.996641;0.993293;1.035494;0.242199;0.524810;-0.982632;1.657018;0.029412;0.029412;0.501961;58.723274;2.345453;9.572946;8.742350;2.300309;5.291420;9.845441;0.673946;1.135353;0.588502;3.098850;0.068627;0.068627;0.000000;9617.278535;0.175090;2.632153;2.776450;0.837081;0.700705;2.762053;0.460953;-1.329042;2.270201;0.753375;0.235294;0.235294;0.000000;742.423043;0.337819;3.772167;2.997050;12.223802;149.421326;12.792598;8.303854;1.005634;3.170217;14.572050;0.264706;0.264706;0.000000;9077.304105;3.308608;1.160897;2.645700;12.904685;166.530889;12.956796;4.189348;-0.210372;-0.508020;19.513450;0.098039;0.098039;0.501961;8630.583407;2.161883;0.000000;0.000000;0.436591;-0.370568;-0.034813;0.107586;0.000000;-0.093051;0.128004;0.000000;0.000000;-0.227960;-0.287303;-0.440603;0.173783;10.103642;4.921382;13.400316;5.567662;0.779276;0.000000;9.309569;3.017578;2.744770;107.004964;339.158074
3.000000;3.000000;0.000000;0.000000;3.000000;0.000000;0.000000;0.000000;0.000000;0.000000;0.000000;0.000000;918.000000;-0.000000;0.439970;0.354560;0.851848;0.725645;0.958759;0.222873;0.225692;-0.607436;1.292042;0.088235;0.088235;0.000000;56.753709;2.033503;9.850074;9.321200;1.908814;3.643572;10.033321;0.607480;0.991093;0.731298;1.690625;0.117647;0.117647;0.000000;10082.280665;0.131981;2.447100;2.486950;0.863923;0.746364;2.595123;0.373175;-0.627298;0.571763;0.898325;0.215686;0.215686;0.000000;648.913546;0.383225;0.001232;4.819450;18.108958;327.934342;18.108958;6.795083;-0.703551;1.522143;20.326050;0.147059;0.147059;1.505882;16727.207668;2.517979;26.656930;19.644000;29.820067;889.236389;39.997853;4.217886;1.684774;1.963215;21.088650;0.107843;0.107843;0.000000;117850.838261;1.514152;0.000000;0.000000;0.115444;-0.386225;-0.015726;0.125685;0.000000;0.078257;0.013573;0.000000;0.000000;-0.375472;0.078679;-0.140881;-0.154155;10.355191;3.356748;13.607679;3.691792;0.720684;0.000000;9.966643;3.017578;2.567561;110.586739;1934.497291
3.000000;3.000000;0.000000;0.000000;3.000000;0.000000;0.000000;0.000000;0.000000;0.000000;0.000000;0.000000;918.000000;-0.000000;0.891915;0.915060;0.636934;0.405685;1.095992;0.161230;-0.098172;-0.192037;0.751870;0.098039;0.098039;0.000000;101.832972;0.920374;9.527187;9.326050;0.888725;0.789832;9.568549;0.355280;0.945901;4.314622;0.547425;0.137255;0.137255;0.000000;9298.546387;0.039421;2.578669;2.650850;0.734672;0.539743;2.681282;0.237475;-0.289626;-0.524884;1.003150;0.117647;0.117647;0.000000;705.784390;0.245223;2.194343;7.853200;17.703184;313.402733;17.838662;5.408382;-1.387069;1.418204;16.579700;0.127451;0.127451;0.501961;16481.518686;2.254768;66.706482;76.342000;36.008569;1296.617064;75.804827;3.819099;-0.233308;-1.573706;72.044000;0.019608;0.019608;0.000000;520002.571383;0.468626;0.000000;0.000000;-0.476713;-0.138414;0.194301;0.512613;0.000000;0.453096;-0.076016;0.000000;0.000000;-0.490765;0.238096;0.458326;-0.461058;10.053022;0.695073;13.467122;0.938181;0.269173;0.000000;9.685863;3.017578;2.419295;101.758326;6071.778999
3.000000;3.000000;0.000000;0.000000;3.000000;0.000000;0.000000;0.000000;0.000000;0.000000;0.000000;0.000000;918.000000;-0.000000;0.437159;0.454585;0.909918;0.827951;1.009485;0.124391;0.142220;-1.008672;1.514875;0.039216;0.039216;0.501961;61.721743;1.338938;9.659489;9.438200;0.695095;0.483157;9.684466;0.256917;1.325175;1.390571;0.738125;0.107843;0.107843;0.000000;9541.827376;0.024934;2.422882;2.352800;0.764550;0.584537;2.540648;0.191675;-0.157279;-0.809236;1.223500;0.029412;0.029412;0.000000;628.614391;0.290545;8.992437;10.075250;10.080053;101.607459;13.508197;4.867657;-0.431655;-0.478723;13.851300;0.196078;0.196078;0.000000;13435.108678;1.595356;60.218287;46.215000;33.786535;1141.529940;69.049055;2.592188;0.203317;-1.558612;61.469750;0.009804;0.009804;0.000000;428097.795920;0.535509;0.000000;0.000000;-0.283208;0.053408;0.391143;0.159846;0.000000;-0.179535;-0.354595;0.000000;0.000000;0.340327;0.661386;0.005779;-0.163676;10.167394;0.432048;13.500338;0.913114;0.410975;0.000000;9.630152;3.017578;2.638249;103.807947;4956.698340
3.000000;3.000000;0.000000;0.000000;3.000000;0.000000;0.000000;0.000000;0.000000;0.000000;0.000000;0.000000;918.000000;-0.000000;0.164735;0.314095;0.714942;0.511142;0.733675;0.139190;-0.074136;-1.100288;1.349415;0.029412;0.029412;0.501961;28.844653;1.847584;9.869792;9.805350;1.241139;1.540425;9.947523;0.304639;0.677206;0.662475;1.497900;0.078431;0.078431;0.000000;10014.668931;0.058381;2.117756;2.068000;1.141587;1.303220;2.405849;0.212712;-0.789833;0.994714;1.397875;0.049020;0.049020;0.000000;523.923151;0.611257;-1.323221;5.222900;23.859046;569.254064;23.895710;5.881899;-1.062825;0.349522;28.200250;0.068627;0.068627;1.003922;29211.319422;1.614078;18.501235;18.275000;16.745919;280.425798;24.954388;2.457014;-0.085712;-0.866944;25.604175;0.068627;0.068627;0.000000;49225.419031;1.017364;0.000000;0.000000;-0.262408;0.441827;-0.224681;0.047784;0.000000;-0.469110;-0.142403;0.000000;0.000000;0.189536;-0.470279;-0.189934;0.174365;10.347830;1.413915;13.525027;1.606398;0.465481;0.000000;9.962939;3.017578;1.943057;108.491502;1199.514576
3.000000;3.000000;0.000000;0.000000;3.000000;0.000000;0.000000;0.000000;0.000000;0.000000;0.000000;0.000000;918.000000;-0.000000;0.034809;0.201165;0.915991;0.839040;0.916653;0.153207;0.018393;-1.319089;1.657167;0.029412;0.029412;0.501961;42.932594;1.661678;9.750087;9.471900;1.501299;2.253900;9.864994;0.314207;0.950890;0.357298;1.877900;0.088235;0.088235;0.000000;9811.503421;0.087554;2.126932;2.260550;1.216409;1.479650;2.450202;0.235159;-0.854081;0.437697;1.563000;0.039216;0.039216;0.000000;536.897976;0.607926;-3.426401;3.849650;23.348977;545.174723;23.599045;6.094724;-0.934592;0.237822;29.700750;0.068627;0.068627;0.501961;29002.631651;1.776219;0.839605;-1.101080;12.054423;145.309110;12.083627;2.713771;0.171366;-0.454864;17.407225;0.098039;0.098039;0.501961;7482.706992;1.734702;0.000000;0.000000;-0.121055;0.568324;-0.288220;-0.735956;0.000000;-0.438333;-0.356414;0.000000;0.000000;-0.222233;0.530726;-0.203668;0.234074;10.252246;2.049809;13.589445;2.295730;0.827833;0.000000;9.792707;3.017578;2.089537;107.158353;708.932485
3.000000;3.000000;0.000000;0.000000;3.000000;0.000000;0.000000;0.000000;0.000000;0.000000;0.000000;0.000000;918.000000;-0.000000;0.135863;0.058238;0.988551;0.977232;0.997843;0.140560;0.026759;-1.427354;1.961523;0.039216;0.039216;0.501961;51.721654;0.960502;9.597328;9.336350;1.485164;2.205712;9.711561;0.288617;1.055172;0.255797;2.003325;0.088235;0.088235;0.000000;9507.580338;0.085127;1.798249;2.115800;1.005820;1.011673;2.060430;0.232478;-1.100152;0.857668;0.892650;0.068627;0.068627;0.000000;381.438661;0.648885;-1.943580;4.154900;24.753966;612.758828;24.830150;5.839801;-1.013697;1.782289;22.578500;0.068627;0.068627;1.003922;31638.521694;1.844243;9.253374;11.064500;17.101866;292.473820;19.444762;2.525739;0.103296;-0.724130;22.033000;0.049020;0.049020;0.000000;23657.386750;1.808116;0.000000;0.000000;0.124127;0.367071;-0.138995;-0.493442;0.000000;0.037682;-0.390423;0.000000;0.000000;-0.391062;0.527269;-0.167722;0.332358;10.113285;2.031576;13.486078;2.254277;0.960182;0.000000;9.588841;3.017578;1.988195;104.310116;998.880464
3.000000;3.000000;0.000000;0.000000;3.000000;0.000000;0.000000;0.000000;0.000000;0.000000;0.000000;0.000000;918.000000;-0.000000;0.811078;1.008455;0.712578;0.507767;1.079636;0.132017;-0.214878;-1.300879;1.320961;0.019608;0.019608;0.000000;92.996603;0.968741;9.362367;9.362850;1.240211;1.538124;9.444153;0.250044;0.905246;0.717319;1.400150;0.107843;0.107843;0.000000;9019.145080;0.063572;2.221215;2.163900;1.230883;1.515072;2.539462;0.217201;-0.429400;0.612367;0.902150;0.147059;0.147059;0.000000;580.538089;0.593956;1.948737;8.450100;26.782876;717.322427;26.853678;6.288512;-1.102087;1.207863;31.919450;0.068627;0.068627;1.003922;36975.077340;1.841646;48.605511;42.361500;32.532027;1058.332800;58.487849;2.675022;0.734523;-0.705749;43.183000;0.029412;0.029412;0.000000;294953.398612;0.690808;0.000000;0.000000;0.423966;0.296818;0.185664;0.261535;0.000000;0.587493;-0.067782;0.000000;0.000000;-0.304558;0.335694;-0.308288;0.270781;9.895265;1.441376;13.254201;1.676400;0.389748;0.000000;9.433957;3.017578;2.040983;99.357648;4148.397349
3.000000;3.000000;0.000000;0.000000;3.000000;0.000000;0.000000;0.000000;0.000000;0.000000;0.000000;0.000000;918.000000;-0.000000;0.647843;0.732770;0.805163;0.648287;1.033435;0.126505;0.024373;-1.452763;1.510938;0.019608;0.019608;0.000000;75.872923;1.187979;9.433509;9.550850;0.673111;0.453078;9.457493;0.203630;-1.416562;1.854371;0.663600;0.127451;0.127451;0.000000;9100.199018;0.024231;2.540962;2.318800;0.887325;0.787346;2.691437;0.171344;0.614930;-0.524030;1.127875;0.049020;0.049020;0.000000;698.717048;0.303536;8.340865;8.550000;14.599286;213.139160;16.813958;5.856876;-0.537076;0.054932;22.290200;0.235294;0.235294;0.000000;17967.090048;2.145954;61.294402;53.838500;24.125060;582.018520;65.871255;2.614297;0.947142;-0.268443;26.365000;0.019608;0.019608;0.000000;412897.664465;0.332529;0.000000;0.000000;0.251886;0.005892;-0.323725;0.377715;0.000000;0.089948;0.178325;0.000000;0.000000;-0.222397;0.474794;-0.328514;0.209874;9.954177;0.426510;13.270116;0.725613;0.386657;0.000000;9.324813;3.017578;2.871352;99.512155;4628.975257
3.000000;3.000000;0.000000;0.000000;3.000000;0.000000;0.000000;0.000000;0.000000;0.000000;0.000000;0.000000;918.000000;-0.000000;0.655437;0.950685;0.866683;0.751140;1.086617;0.178240;-0.350430;-1.290517;1.609180;0.029412;0.029412;0.000000;82.128038;1.617467;9.689098;9.681800;1.381449;1.908402;9.787084;0.366857;1.272310;4.520582;1.010075;0.156863;0.156863;0.000000;9672.966909;0.077966;2.074964;2.060950;0.583355;0.340303;2.155406;0.212954;-0.019709;-0.407824;0.777700;0.166667;0.166667;0.000000;456.529322;0.253893;2.903129;2.612900;13.175510;173.594057;13.491561;6.515913;0.158506;-0.384654;16.996625;0.215686;0.215686;2.509804;9713.489251;2.866487;39.414093;43.730000;20.187154;407.521171;44.283089;2.973973;-0.262622;-0.944810;32.317500;0.029412;0.029412;0.000000;179240.521765;0.591706;0.000000;0.000000;-0.454777;-0.157337;-0.123772;0.152320;0.000000;-0.386151;0.070092;0.000000;0.000000;0.231416;-0.026852;-0.076048;0.159323;10.210893;1.705428;13.639555;2.145341;0.540534;0.000000;9.657907;3.017578;2.185380;105.967760;2147.659926
3.000000;3.000000;0.000000;0.000000;3.000000;0.000000;0.000000;0.000000;0.000000;0.000000;0.000000;0.000000;918.000000;-0.000000;0.817068;1.243950;0.954517;0.911102;1.256464;0.181976;-0.516742;-1.218209;1.797073;0.058824;0.058824;0.000000;114.561471;1.316405;9.483456;8.791600;1.926601;3.711791;9.677176;0.510815;1.134441;0.785280;2.285425;0.068627;0.068627;0.000000;9362.859274;0.131421;1.781582;1.856850;0.638862;0.408145;1.892665;0.321946;-0.749228;2.380576;0.693775;0.156863;0.156863;0.000000;344.587554;0.376859;1.220229;0.153810;12.996062;168.897627;13.053221;7.688009;0.435942;-0.222058;16.128250;0.215686;0.215686;3.011765;8765.855581;2.785209;13.042008;6.843550;24.565108;603.444513;27.812560;3.674857;0.979824;0.068702;26.708850;0.029412;0.029412;0.000000;48135.899308;1.782266;0.000000;0.000000;-0.031250;-0.398367;-0.005155;-0.011805;0.000000;-0.188396;0.068368;0.000000;0.000000;-0.020578;0.090252;-0.167438;0.109868;10.041069;3.403372;13.604548;3.749732;0.918933;0.000000;9.585177;3.017578;1.817691;104.226428;947.507256
3.000000;3.000000;0.000000;0.000000;3.000000;0.000000;0.000000;0.000000;0.000000;0.000000;0.000000;0.000000;918.000000;-0.000000;0.445803;-0.016970;1.134556;1.287218;1.218999;0.216407;0.236126;-1.007619;2.037595;0.049020;0.049020;0.501961;85.924231;2.068623;9.757565;8.628600;2.278118;5.189820;10.019974;0.607981;1.016184;-0.207609;3.821675;0.049020;0.049020;0.000000;9976.121607;0.159149;1.839943;1.931500;0.812137;0.659567;2.011208;0.436128;-0.631815;1.625915;0.704050;0.166667;0.166667;0.000000;378.956350;0.571699;-0.813976;-2.394100;14.576001;212.459794;14.598711;9.253147;0.088101;0.568086;19.864000;0.205882;0.205882;2.509804;10905.685120;3.184318;6.154489;4.916700;14.569403;212.267510;15.815981;4.040461;0.179703;-0.722604;21.639700;0.107843;0.107843;0.501961;14690.852869;1.835777;0.000000;0.000000;0.395026;-0.508757;-0.010251;0.078280;0.000000;-0.015071;0.073144;0.000000;0.000000;-0.318355;-0.403715;-0.293028;0.137367;10.296431;4.869352;13.739303;5.494666;1.046502;0.000000;9.523653;3.017578;1.695208;110.885848;467.312549
3.000000;3.000000;0.000000;0.000000;3.000000;0.000000;0.000000;0.000000;0.000000;0.000000;0.000000;0.000000;918.000000;-0.000000;0.420334;0.519810;0.951306;0.904984;1.040031;0.213193;0.106347;0.105274;1.234618;0.068627;0.068627;0.000000;64.177710;2.142259;9.962801;9.485700;1.913125;3.660047;10.144824;0.546654;1.115711;0.764809;2.610300;0.098039;0.098039;0.000000;10310.975841;0.129890;1.732468;1.883750;0.911160;0.830213;1.957462;0.378794;-0.492172;0.294054;1.182775;0.117647;0.117647;0.000000;348.488539;0.689711;0.799845;1.484950;13.712773;188.040138;13.736080;8.613498;-0.671922;0.974506;19.651150;0.166667;0.166667;3.011765;9655.559984;3.404745;33.320986;27.665000;25.897132;670.661469;42.201298;4.274579;1.132400;0.772938;25.859750;0.049020;0.049020;0.000000;147460.643900;1.001932;0.000000;0.000000;0.267909;-0.385926;-0.299456;0.256640;0.000000;0.081608;-0.099915;0.000000;0.000000;-0.311949;0.167982;-0.225468;0.159108;10.467949;3.421165;13.797596;3.780860;0.829369;0.000000;10.089969;3.017578;1.926521;112.999115;1973.461103
3.000000;3.000000;0.000000;0.000000;3.000000;0.000000;0.000000;0.000000;0.000000;0.000000;0.000000;0.000000;918.000000;-0.000000;0.931855;0.976270;0.587029;0.344603;1.101343;0.144884;-0.358821;-0.652574;0.923687;0.078431;0.078431;0.000000;106.147047;0.763649;9.682642;9.644150;0.744408;0.554143;9.711215;0.308326;0.660931;0.904681;0.713200;0.225490;0.225490;0.000000;9591.136091;0.027568;1.425663;1.492950;0.953241;0.908668;1.714988;0.232229;-0.062186;-0.599272;1.271815;0.058824;0.058824;0.000000;253.663355;0.807557;0.490050;6.433650;15.821266;250.312465;15.828854;6.319873;-1.308678;1.187756;16.730725;0.117647;0.117647;1.003922;12792.247416;2.413064;72.319922;78.261000;32.171283;1034.991442;79.152779;3.698545;-0.107456;-1.247881;57.122750;0.019608;0.019608;0.000000;586265.976098;0.373017;0.000000;0.000000;-0.340340;-0.481758;-0.274668;-0.020659;0.000000;-0.037799;0.039990;0.000000;0.000000;-0.218023;0.428410;-0.095972;0.127796;10.199588;0.489062;13.648594;0.637546;0.270099;0.000000;9.748210;3.017578;1.424709;104.520660;6518.656294
3.000000;3.000000;0.000000;0.000000;3.000000;0.000000;0.000000;0.000000;0.000000;0.000000;0.000000;0.000000;918.000000;-0.000000;0.399607;0.513980;1.037322;1.076037;1.111631;0.148947;-0.088660;-1.516372;2.218860;0.049020;0.049020;0.501961;71.166729;1.293199;9.880078;9.683450;0.979135;0.958706;9.928477;0.338511;1.645562;3.393229;0.927025;0.156863;0.156863;0.000000;10005.721028;0.042914;1.853991;1.932300;1.234148;1.523120;2.227197;0.244021;-0.406716;-0.632968;1.903033;0.098039;0.098039;0.000000;428.293107;0.796608;2.957360;6.543200;17.186630;295.380266;17.439216;5.940287;-0.989335;0.933153;20.077025;0.098039;0.098039;0.501961;15962.491317;1.994235;63.178441;51.942500;35.356653;1250.092912;72.398953;3.163594;0.293153;-1.381749;64.712000;0.009804;0.009804;0.000000;470900.483969;0.505401;0.000000;0.000000;-0.092561;-0.229766;-0.469921;-0.240254;0.000000;-0.353991;-0.198042;0.000000;0.000000;-0.614504;0.731785;-0.099615;0.424773;10.389707;0.864369;13.864876;1.139356;0.915533;0.000000;9.832356;3.017578;1.676723;108.810379;5550.694991
3.000000;3.000000;0.000000;0.000000;3.000000;0.000000;0.000000;0.000000;0.000000;0.000000;0.000000;0.000000;918.000000;-0.000000;-0.049912;-0.262385;0.943422;0.890045;0.944741;0.132407;0.224424;-1.317732;1.664895;0.029412;0.029412;0.501961;45.646492;1.573766;9.910400;9.674200;1.388904;1.929053;10.007251;0.350234;0.840042;0.350657;1.772575;0.088235;0.088235;0.000000;10116.420472;0.072675;1.451391;1.706150;1.376504;1.894762;2.000325;0.247766;-0.147900;-0.909056;2.248092;0.068627;0.068627;0.000000;311.504853;1.217748;6.723443;6.839100;13.357009;178.409681;14.953741;5.092678;0.078731;-0.703819;21.662575;0.117647;0.117647;0.000000;13714.380122;2.055355;14.948035;21.525000;24.137328;582.610586;28.391096;2.724103;-0.748675;-0.503901;29.840045;0.029412;0.029412;0.000000;52513.687327;1.559040;0.000000;0.000000;-0.166787;0.180012;0.609405;-0.027471;0.000000;-0.127970;-0.280229;0.000000;0.000000;-0.258515;0.214226;-0.132795;0.603731;10.406161;1.749424;13.776749;1.992686;0.854323;0.000000;9.903917;3.017578;1.993296;110.037617;1033.669989
3.000000;3.000000;0.000000;0.000000;3.000000;0.000000;0.000000;0.000000;0.000000;0.000000;0.000000;0.000000;918.000000;-0.000000;0.135754;0.593070;0.977510;0.955526;0.986892;0.122274;-0.313203;-1.500043;1.886780;0.019608;0.019608;0.501961;50.614174;0.892467;9.585116;9.273750;1.607540;2.584185;9.718983;0.312438;1.030501;0.612074;1.932900;0.049020;0.049020;0.000000;9502.987276;0.095051;0.514896;0.607280;0.861209;0.741681;1.003393;0.206448;-0.292642;-0.693294;1.109301;0.127451;0.127451;0.000000;64.867728;1.745794;2.807777;3.106250;11.004779;121.105154;11.357322;4.679999;0.462043;0.257912;14.646975;0.137255;0.137255;1.505882;6980.568183;2.678116;-2.042356;-1.292250;17.265036;298.081477;17.385416;2.053329;-0.156544;-0.974411;24.850825;0.019608;0.019608;0.501961;15627.797490;0.919652;0.000000;0.000000;-0.231555;0.197775;0.232310;-0.225205;0.000000;-0.079207;-0.405643;0.000000;0.000000;-0.006321;0.838398;-0.235121;0.555698;10.103869;2.344416;13.518570;2.688133;0.886624;0.000000;9.675211;3.017578;0.645133;104.432582;432.248259
3.000000;3.000000;0.000000;0.000000;3.000000;0.000000;0.000000;0.000000;0.000000;0.000000;0.000000;0.000000;918.000000;-0.000000;0.166201;0.144115;0.805838;0.649374;0.822798;0.129195;-0.264873;-1.214465;1.363740;0.058824;0.058824;0.501961;35.936680;1.406363;9.558670;9.295600;1.597416;2.551739;9.691228;0.292326;1.090421;0.665242;1.734200;0.039216;0.039216;0.000000;9449.691610;0.094689;0.630288;0.633950;1.340701;1.797478;1.481466;0.222944;0.648532;0.705075;1.414460;0.078431;0.078431;0.000000;132.206535;1.898780;-8.617145;-1.377400;25.634681;657.136852;27.044261;5.254319;-1.294044;0.713002;20.533875;0.058824;0.058824;1.003922;41088.023120;1.637870;9.894769;4.136700;21.087687;444.690524;23.293711;2.024560;0.930957;-0.249732;20.534725;0.049020;0.049020;1.003922;32668.407843;1.869780;0.000000;0.000000;0.096555;-0.019625;0.581503;-0.604139;0.000000;0.137195;-0.365473;0.000000;0.000000;-0.361383;0.088271;-0.373334;0.383861;10.062747;2.338017;13.270414;2.585170;0.647637;0.000000;9.696572;3.017578;0.406056;103.596901;1276.183757
3.000000;3.000000;0.000000;0.000000;3.000000;0.000000;0.000000;0.000000;0.000000;0.000000;0.000000;0.000000;918.000000;-0.000000;0.700537;0.838230;0.686755;0.471633;0.981012;0.118743;-0.110511;-1.396076;1.230457;0.039216;0.039216;0.000000;74.109990;0.887973;9.601924;9.457150;1.091350;1.191046;9.663746;0.236443;1.342062;2.526672;0.960450;0.107843;0.107843;0.000000;9464.830866;0.050667;1.834611;2.461450;1.641459;2.694388;2.461744;0.227739;-0.567414;-0.531632;2.029130;0.029412;0.029412;0.000000;480.730116;0.880239;-4.118379;5.582500;28.193012;794.845927;28.492227;5.807261;-1.229358;0.427706;28.614000;0.058824;0.058824;0.501961;42268.873234;1.458529;54.261983;56.125000;38.504068;1482.563222;66.535149;3.008548;-0.042003;-1.173703;66.225750;0.029412;0.029412;0.000000;375941.958798;0.621361;0.000000;0.000000;0.293984;0.293093;0.649030;0.299229;0.000000;0.691280;-0.376401;0.000000;0.000000;0.032514;0.415058;-0.457880;0.410507;10.111834;1.101182;13.390812;1.265574;0.413567;0.000000;9.860991;3.017578;1.252598;103.350366;5244.793164
3.000000;3.000000;0.000000;0.000000;3.000000;0.000000;0.000000;0.000000;0.000000;0.000000;0.000000;0.000000;918.000000;-0.000000;0.612967;0.944775;0.920988;0.848219;1.106322;0.108626;-0.048359;-1.625279;1.788698;0.019608;0.019608;0.000000;81.584611;1.105412;9.229822;9.340200;0.823799;0.678645;9.266512;0.228728;-0.721684;0.375919;0.977425;0.078431;0.078431;0.000000;8723.951137;0.034555;2.974944;2.886650;0.840775;0.706902;3.091471;0.207903;-0.079391;-0.967751;1.396825;0.098039;0.098039;0.000000;938.786121;0.230565;0.722777;5.887350;21.530575;463.565668;21.542704;5.680606;-1.716879;3.086979;12.955055;0.098039;0.098039;0.501961;23696.177304;1.888714;70.306863;64.673500;23.269217;541.456445;74.057487;2.917109;0.495493;-0.618653;28.789250;0.039216;0.039216;0.000000;531807.223240;0.261938;0.000000;0.000000;0.464063;0.178468;-0.566738;0.150459;0.000000;0.474375;0.503232;0.000000;0.000000;-0.614351;0.502562;-0.401389;-0.107650;9.769547;0.648156;13.157725;1.136731;0.405251;0.000000;9.582727;3.017578;2.862764;96.092199;5958.156664
3.000000;3.000000;0.000000;0.000000;3.000000;0.000000;0.000000;0.000000;0.000000;0.000000;0.000000;0.000000;918.000000;-0.000000;0.176441;-0.277465;0.941804;0.886996;0.958190;0.243919;0.659796;-0.715443;1.452160;0.039216;0.039216;1.003922;48.413948;2.034305;9.015194;8.778700;2.863431;8.199237;9.459014;0.793504;0.122211;1.194175;2.474225;0.049020;0.049020;0.000000;8708.127618;0.304601;2.938359;3.213150;1.140651;1.301085;3.151990;0.373870;-0.294669;-0.387371;1.723450;0.137255;0.137255;0.000000;947.247814;0.413261;-0.156036;2.717050;27.036664;730.981180;27.037114;11.394032;-0.075964;1.926213;24.907750;0.107843;0.107843;0.501961;37288.197367;2.477762;30.688252;35.510000;28.781798;828.391869;42.073278;4.564121;-0.365075;-0.842957;49.789925;0.039216;0.039216;0.000000;138309.933723;0.823142;0.000000;0.000000;0.170030;0.391986;-0.048538;-0.533394;0.000000;0.169640;-0.112604;0.000000;0.000000;-0.098121;-0.164986;0.420546;0.386772;9.611339;7.013232;12.790697;8.309343;0.866852;0.000000;9.267261;3.017578;3.064271;99.391079;2511.101269
3.000000;3.000000;0.000000;0.000000;3.000000;0.000000;0.000000;0.000000;0.000000;0.000000;0.000000;0.000000;918.000000;-0.000000;0.434838;0.309480;1.143977;1.308683;1.223833;0.456838;0.486130;0.058599;1.779438;0.088235;0.088235;0.000000;86.042401;2.504968;9.806066;9.222200;3.661900;13.409515;10.467495;1.434902;0.278573;0.355039;4.571775;0.117647;0.117647;0.000000;10492.148896;0.364734;2.529184;2.604350;1.376316;1.894245;2.879412;0.698862;0.617790;0.959312;2.031275;0.186275;0.186275;0.000000;749.323200;0.758895;4.446108;2.576700;36.226986;1312.394492;36.498800;22.734945;0.010142;1.018628;43.899750;0.264706;0.264706;1.505882;69145.200370;3.378233;34.985090;29.278000;38.402237;1474.731807;51.948901;6.986051;0.356830;-0.930680;57.642775;0.029412;0.029412;0.000000;200086.203758;1.100259;0.000000;0.000000;0.044565;-0.002368;-0.363432;-0.127062;0.000000;-0.353781;-0.051836;0.000000;0.000000;0.237755;-0.140586;0.300175;0.362122;10.406428;11.772470;13.793939;13.545190;1.318732;0.000000;9.697115;3.017578;2.824702;120.066213;4039.141690
3.000000;3.000000;0.000000;0.000000;3.000000;0.000000;0.000000;0.000000;0.000000;0.000000;0.000000;0.000000;918.000000;-0.000000;0.913139;0.993610;1.136575;1.291802;1.457953;0.419039;0.025327;-0.179141;1.571873;0.147059;0.147059;0.000000;150.935365;1.746783;9.985384;9.222200;2.418872;5.850941;10.274183;0.970519;1.816542;5.308163;1.690975;0.166667;0.166667;0.000000;10468.967683;0.215002;2.705176;2.945400;1.191124;1.418777;2.955800;0.600831;0.407820;2.094483;1.904325;0.176471;0.176471;0.000000;818.935011;0.571868;0.328377;1.400250;35.953265;1292.637245;35.954764;17.826378;0.002031;0.631603;50.154000;0.156863;0.156863;1.003922;66115.960428;3.050681;74.448837;80.906500;27.826732;774.327013;79.479283;5.506059;-0.858505;0.049469;38.813250;0.049020;0.049020;0.000000;604838.996648;0.351726;0.000000;0.000000;-0.127820;-0.187580;-0.222588;-0.086126;0.000000;-0.429913;-0.305620;0.000000;0.000000;0.228639;-0.027978;-0.089702;0.220038;10.548158;5.420822;14.190241;5.936065;1.277399;0.000000;10.470974;3.017578;2.597823;116.684467;7618.438213
3.000000;3.000000;0.000000;0.000000;3.000000;0.000000;0.000000;0.000000;0.000000;0.000000;0.000000;0.000000;918.000000;-0.000000;0.950615;1.051150;0.976321;0.953202;1.362670;0.300604;-0.347109;-0.181686;1.399815;0.078431;0.078431;0.000000;140.789276;1.313351;9.664772;9.424350;2.401895;5.769102;9.958761;0.576620;-0.368169;3.474749;1.636325;0.117647;0.117647;0.000000;9821.892246;0.203218;2.122863;2.769650;1.642057;2.696351;2.683822;0.413000;-1.187990;0.626845;1.855000;0.098039;0.098039;0.000000;597.184385;0.979129;7.739408;12.396500;27.161314;737.737000;28.242440;8.345853;-0.408589;-0.645824;41.321000;0.098039;0.098039;0.501961;43750.388370;2.311311;55.073981;71.440500;43.357924;1879.909553;70.093173;5.214806;-0.728824;-0.710193;61.599500;0.029412;0.029412;0.000000;405262.100176;0.830728;0.000000;0.000000;-0.209394;0.071744;0.622694;-0.290131;0.000000;-0.221830;-0.317729;0.000000;0.000000;0.406096;0.645678;0.209543;0.446940;10.258399;4.799029;13.810980;5.876268;0.912593;0.000000;9.763581;3.017578;2.780707;110.033782;5717.891294
3.000000;3.000000;0.000000;0.000000;3.000000;0.000000;0.000000;0.000000;0.000000;0.000000;0.000000;0.000000;918.000000;-0.000000;0.713838;0.760760;1.063931;1.131949;1.281216;0.430991;-0.388173;0.212026;1.459145;0.137255;0.137255;0.000000;109.714158;1.995988;9.888974;10.137000;3.585411;12.855174;10.518886;1.009622;-0.443868;0.016687;3.176175;0.107843;0.107843;0.000000;10630.377789;0.326002;1.472677;1.866900;1.675273;2.806539;2.230542;0.659184;-0.328512;-0.372046;2.582490;0.117647;0.117647;0.000000;364.367126;1.537894;2.045686;4.311100;31.975643;1022.441733;32.041014;15.052707;-0.352507;0.085475;37.234750;0.196078;0.196078;0.501961;52571.780247;2.677152;14.371375;12.861000;38.161108;1456.270184;40.777526;7.348024;0.092852;-1.144137;67.449250;0.078431;0.078431;1.003922;95336.621564;1.519834;0.000000;0.000000;0.120371;0.230174;0.125741;0.119137;0.000000;-0.051663;-0.017773;0.000000;0.000000;0.315830;0.656345;0.453724;0.181108;10.516293;10.696071;13.947219;13.000588;1.125022;0.000000;10.162014;3.017578;1.461364;121.288486;2694.408495
3.000000;3.000000;0.000000;0.000000;3.000000;0.000000;0.000000;0.000000;0.000000;0.000000;0.000000;0.000000;918.000000;-0.000000;0.622185;0.372590;0.975472;0.951545;1.157005;0.392292;0.140878;0.822361;1.328437;0.127451;0.127451;0.000000;88.019273;2.196753;9.652148;9.751000;2.919627;8.524221;10.084056;0.891660;-0.234780;0.809034;2.753350;0.127451;0.127451;0.000000;9937.469783;0.270923;1.667574;1.763400;1.259504;1.586350;2.089773;0.591798;0.046299;0.647625;1.415815;0.225490;0.225490;0.000000;364.550947;1.140013;-3.926761;-0.601065;26.617450;708.488629;26.905540;15.000226;-0.479349;1.692104;26.461500;0.264706;0.264706;1.003922;37711.212858;3.133951;36.543031;40.755500;45.056900;2030.124272;58.013080;6.023079;-0.148633;-0.743775;46.050250;0.117647;0.117647;0.000000;239746.771786;1.120023;0.000000;0.000000;0.317760;0.288434;-0.156921;0.177554;0.000000;-0.001459;0.151676;0.000000;0.000000;0.155702;-0.008740;0.412005;-0.181489;10.235103;7.269506;13.510997;8.716325;0.853261;0.000000;9.884992;3.017578;1.701015;112.026842;4093.792646
3.000000;3.000000;0.000000;0.000000;3.000000;0.000000;0.000000;0.000000;0.000000;0.000000;0.000000;0.000000;918.000000;-0.000000;0.720261;0.735725;0.640457;0.410185;0.963826;0.184568;0.477353;0.574921;0.993390;0.107843;0.107843;0.000000;73.850368;1.253742;9.300162;9.364550;1.152389;1.328001;9.371286;0.410203;0.989242;2.613425;1.348200;0.127451;0.127451;0.000000;8890.015867;0.063929;2.476760;1.914950;1.755474;3.081689;3.035792;0.339649;0.558708;-0.528155;2.337600;0.029412;0.029412;0.000000;782.902636;0.774489;-6.150031;-1.431500;22.973212;527.768490;23.782165;8.914420;-1.200903;1.837382;26.684000;0.156863;0.156863;1.003922;30774.971743;2.299148;74.565843;78.077500;27.214569;740.632763;79.376934;2.981297;-0.188116;-1.591472;55.134250;0.019608;0.019608;0.000000;604899.946887;0.258133;0.000000;0.000000;-0.020412;-0.098048;-0.280938;-0.258214;0.000000;-0.165218;0.279275;0.000000;0.000000;0.179165;-0.345510;-0.407818;-0.295752;9.825108;1.217218;13.080007;1.341399;0.413996;0.000000;9.464609;3.017578;1.782278;97.749970;6875.505131
3.000000;3.000000;0.000000;0.000000;3.000000;0.000000;0.000000;0.000000;0.000000;0.000000;0.000000;0.000000;918.000000;-0.000000;0.306253;0.499385;0.855918;0.732595;0.909058;0.222675;-0.206417;-0.900082;1.437140;0.039216;0.039216;0.501961;46.933671;1.807693;9.251035;9.125250;1.398074;1.954611;9.356082;0.436743;2.238882;9.327559;1.220250;0.098039;0.098039;0.000000;8829.018095;0.091456;3.267817;3.268000;1.484302;2.203152;3.589119;0.354607;-0.071543;-0.670181;1.501325;0.176471;0.176471;0.000000;1201.611025;0.476534;-2.350054;-0.033690;24.255335;588.321285;24.368915;7.993226;-0.864937;1.676484;27.011000;0.137255;0.137255;0.501961;30592.617026;2.245587;51.079635;42.736000;35.827902;1283.638532;62.392048;3.847410;0.121464;-1.006451;62.563250;0.009804;0.009804;0.000000;331645.985894;0.840436;0.000000;0.000000;0.402403;-0.023531;-0.299344;-0.541950;0.000000;-0.393943;-0.095968;0.000000;0.000000;-0.101696;0.547871;-0.352455;0.170049;9.774101;1.829604;13.040096;2.142556;0.571256;0.000000;9.299988;3.017578;3.110991;97.362651;4499.493489
3.000000;3.000000;0.000000;0.000000;3.000000;0.000000;0.000000;0.000000;0.000000;0.000000;0.000000;0.000000;918.000000;-0.000000;-0.188063;-0.332150;0.950945;0.904295;0.969362;0.325835;0.495994;0.230947;1.338740;0.127451;0.127451;1.003922;49.740580;2.730206;9.167537;8.662250;2.048161;4.194963;9.393546;0.622590;1.587768;2.607105;2.053175;0.088235;0.088235;0.000000;8786.417713;0.165361;2.984182;3.005150;0.906224;0.821242;3.118747;0.417855;-0.020205;0.533226;0.874200;0.156863;0.156863;0.000000;950.294173;0.309337;-1.903366;0.409215;26.335440;693.555380;26.404132;8.642915;-1.289614;1.991734;20.874250;0.176471;0.176471;1.003922;35748.160084;2.492327;8.369409;8.579300;21.446694;459.960700;23.021896;5.460149;-0.147720;-0.837257;35.514025;0.098039;0.098039;0.501961;30612.366462;1.621549;0.000000;0.000000;0.004714;-0.105617;0.360977;0.157650;0.000000;0.262448;-0.159099;0.000000;0.000000;-0.015997;-0.039761;-0.152624;0.320934;9.709785;3.898448;12.965983;4.236523;0.913223;0.000000;9.299434;3.017578;3.017251;98.178365;1236.912478
3.000000;3.000000;0.000000;0.000000;3.000000;0.000000;0.000000;0.000000;0.000000;0.000000;0.000000;0.000000;918.000000;-0.000000;-0.050722;0.010370;1.091421;1.191201;1.092599;0.417364;-0.003472;-0.424596;1.605275;0.127451;0.127451;2.509804;61.018743;2.573194;9.207758;8.351000;2.335834;5.456123;9.499417;0.788812;1.330124;0.960930;2.750825;0.068627;0.068627;0.000000;8926.232763;0.209365;3.681175;3.754200;1.261994;1.592629;3.891488;0.485511;0.081803;-0.504438;2.014500;0.078431;0.078431;0.000000;1463.516169;0.321891;-1.867556;-1.648850;35.471750;1258.245052;35.520879;11.301993;0.164346;0.566067;40.443000;0.127451;0.127451;1.505882;64527.573655;2.268781;13.302701;7.348200;29.352579;861.573916;32.226321;6.655570;0.806566;0.056052;31.954200;0.107843;0.107843;0.000000;61992.105818;1.979848;0.000000;0.000000;-0.446354;0.190626;0.569863;0.577830;0.000000;0.193966;0.243452;0.000000;0.000000;0.103190;0.076177;0.183706;0.372147;9.765595;5.065846;13.119480;5.797578;0.915560;0.000000;9.297687;3.017578;3.241460;100.432701;2315.412258
3.000000;3.000000;0.000000;0.000000;3.000000;0.000000;0.000000;0.000000;0.000000;0.000000;0.000000;0.000000;918.000000;-0.000000;0.644490;0.685705;1.228341;1.508822;1.387152;0.373625;-0.283393;-0.684007;2.001618;0.088235;0.088235;0.000000;119.375205;2.060049;9.653614;9.473750;1.917197;3.675644;9.842149;0.770138;1.208657;1.748345;1.985450;0.137255;0.137255;0.000000;9693.068318;0.144108;2.975938;3.119150;1.768120;3.126247;3.461568;0.493303;0.078738;-1.083701;2.564525;0.049020;0.049020;0.000000;1062.850455;0.668938;10.270665;9.064450;29.601158;876.228571;31.332334;11.675310;0.579823;0.418730;34.736925;0.196078;0.196078;1.003922;55453.941507;2.420158;56.188525;63.687500;34.924244;1219.702790;66.157789;6.761312;-0.138341;-0.945073;55.272000;0.039216;0.039216;0.000000;384246.762432;0.678907;0.000000;0.000000;-0.284422;0.053365;-0.655168;0.399222;0.000000;0.018451;0.263487;0.000000;0.000000;-0.457363;0.350441;0.053754;0.345478;10.217316;3.398545;13.804748;3.904252;1.331545;0.000000;9.722265;3.017578;3.825431;107.792091;5370.550690
3.000000;3.000000;0.000000;0.000000;3.000000;0.000000;0.000000;0.000000;0.000000;0.000000;0.000000;0.000000;918.000000;-0.000000;1.017554;0.968245;1.005109;1.010244;1.430266;0.243205;-0.137234;-1.259055;1.707383;0.068627;0.068627;0.000000;157.138314;1.264952;9.745247;9.616850;1.185476;1.405352;9.817087;0.537618;1.259336;2.878825;1.298650;0.137255;0.137255;0.000000;9758.619219;0.064821;1.860556;1.653600;1.414018;1.999447;2.336903;0.384322;0.926704;0.335763;1.531563;0.176471;0.176471;0.000000;455.064349;0.927187;0.800354;6.209450;24.952494;622.626933;24.965326;9.951059;-0.468947;0.927864;22.603250;0.176471;0.176471;1.003922;31825.882723;2.285836;76.546797;79.064000;28.346096;803.501147;81.626670;5.377533;-0.788509;0.812091;24.625750;0.117647;0.117647;0.000000;638642.364691;0.349512;0.000000;0.000000;-0.064793;-0.020860;-0.683477;-0.011379;0.000000;-0.311146;0.041583;0.000000;0.000000;-0.040573;-0.074529;-0.300053;0.014643;10.302395;1.281507;13.942332;1.433961;1.005553;0.000000;10.037135;3.017578;1.489132;107.420853;7291.641901
3.000000;3.000000;0.000000;0.000000;3.000000;0.000000;0.000000;0.000000;0.000000;0.000000;0.000000;0.000000;918.000000;-0.000000;0.511398;0.460765;0.935845;0.875807;1.066459;0.255484;0.573716;-0.589284;1.373170;0.107843;0.107843;0.000000;71.353402;2.056729;9.815447;9.697250;1.699872;2.889566;9.961554;0.512309;0.867797;0.895877;2.007350;0.117647;0.117647;0.000000;9974.357277;0.104518;2.038556;2.050600;1.448721;2.098792;2.500901;0.364132;0.617325;0.036151;1.642338;0.098039;0.098039;0.000000;530.983691;0.908423;-1.040942;6.876900;23.329569;544.268794;23.352780;8.830375;-1.045005;0.298487;28.058500;0.117647;0.117647;1.505882;27868.730950;2.205081;40.302093;33.590500;42.033372;1766.804354;58.232835;4.147155;0.304094;-1.196711;79.851500;0.029412;0.029412;0.000000;255790.754180;0.955321;0.000000;0.000000;0.086084;0.122027;-0.261134;-0.340158;0.000000;-0.599352;-0.079788;0.000000;0.000000;-0.022127;0.212417;-0.219484;0.035142;10.328706;2.687736;13.638181;2.927538;0.875116;0.000000;9.906223;3.017578;1.991538;109.369902;3942.669891
3.000000;3.000000;0.000000;0.000000;3.000000;0.000000;0.000000;0.000000;0.000000;0.000000;0.000000;0.000000;918.000000;-0.000000;-0.078879;-0.144280;0.912453;0.832570;0.915856;0.286468;0.498977;0.832086;1.018763;0.127451;0.127451;0.501961;43.120440;2.242966;9.721915;9.445500;2.270975;5.157326;9.983634;0.598289;0.728150;-0.142347;2.665650;0.078431;0.078431;0.000000;9903.621936;0.156005;1.472506;1.696450;1.184651;1.403399;1.889887;0.360025;-0.483514;0.647062;1.312655;0.117647;0.117647;0.000000;292.784817;1.090116;6.981917;6.198550;19.297169;372.380748;20.521401;8.089947;-0.038470;0.114739;23.764075;0.166667;0.166667;1.505882;23964.524827;2.212331;-1.834365;-1.536950;21.873204;478.437059;21.949988;3.745342;0.394528;-0.818004;37.513000;0.068627;0.068627;0.501961;24743.530923;1.390798;0.000000;0.000000;0.139694;0.345800;0.379984;-0.076319;0.000000;0.235278;-0.138065;0.000000;0.000000;0.205432;0.556784;-0.202707;0.066837;10.235682;4.742558;13.424884;5.227868;0.821334;0.000000;10.033133;3.017578;1.648665;109.511743;906.501533
3.000000;3.000000;0.000000;0.000000;3.000000;0.000000;0.000000;0.000000;0.000000;0.000000;0.000000;0.000000;918.000000;-0.000000;0.070189;0.086114;0.943677;0.890527;0.946284;0.335743;-0.053951;-0.522743;1.127312;0.147059;0.147059;0.501961;45.920115;2.224677;9.571062;9.076700;2.380800;5.668207;9.862729;0.686232;1.051307;0.323088;2.829925;0.127451;0.127451;0.000000;9632.891985;0.190937;1.568476;1.535150;1.609251;2.589689;2.247177;0.434489;0.297987;0.467911;1.389415;0.117647;0.117647;0.000000;383.038412;1.344474;-5.770307;-3.966950;28.560153;815.682365;29.137241;11.810820;-0.005733;-0.407592;29.154125;0.166667;0.166667;1.003922;44996.177239;2.419010;7.963734;12.486500;26.202790;686.586210;27.386261;4.736659;-0.095482;-1.189136;49.204250;0.058824;0.058824;0.501961;41487.003635;1.552223;0.000000;0.000000;-0.059528;-0.237266;0.225632;-0.234219;0.000000;-0.065571;-0.146773;0.000000;0.000000;0.070883;0.572664;-0.191166;0.331821;10.098074;5.197777;13.334827;5.728105;0.895566;0.000000;9.667370;3.017578;1.194352;107.168883;1604.035882
3.000000;3.000000;0.000000;0.000000;3.000000;0.000000;0.000000;0.000000;0.000000;0.000000;0.000000;0.000000;918.000000;-0.000000;0.769625;0.630770;0.917619;0.842024;1.197642;0.365366;0.257912;-0.687063;1.296680;0.127451;0.127451;0.000000;103.360186;1.731140;9.440221;9.031500;1.814763;3.293365;9.613071;0.573861;1.730435;3.129070;1.586225;0.127451;0.127451;0.000000;9258.147757;0.136909;2.732624;3.225550;1.579080;2.493494;3.156062;0.399622;-0.698212;0.236881;2.162650;0.088235;0.088235;0.000000;888.891135;0.709455;-7.080112;-3.399250;25.779935;664.605073;26.734492;11.802383;-0.213229;-0.018646;27.833100;0.176471;0.176471;0.501961;39008.199196;2.564717;62.429317;65.881500;38.820612;1507.039938;73.515029;4.986679;0.273119;-1.155755;63.775500;0.009804;0.009804;0.000000;474402.013143;0.582685;0.000000;0.000000;-0.146878;-0.131191;0.257058;0.523119;0.000000;0.229798;-0.144350;0.000000;0.000000;-0.201727;0.352864;-0.179033;0.456266;9.990598;3.033425;13.393510;3.350378;0.825956;0.000000;9.770840;3.017578;2.214899;102.845477;6129.153308
3.000000;3.000000;0.000000;0.000000;3.000000;0.000000;0.000000;0.000000;0.000000;0.000000;0.000000;0.000000;918.000000;-0.000000;0.200961;0.160780;1.322775;1.749733;1.337953;0.244202;0.201360;-1.208410;2.479000;0.078431;0.078431;0.501961;93.357913;1.432689;9.071368;9.037450;1.208055;1.459396;9.151454;0.415997;0.162492;1.341461;1.078650;0.186275;0.186275;0.000000;8468.063961;0.072171;3.137093;3.414600;1.062717;1.129367;3.312207;0.290541;-1.033119;0.532595;1.305800;0.058824;0.058824;0.000000;1061.449916;0.328047;2.067639;1.313835;14.487550;209.889105;14.634351;7.488665;0.715180;0.923571;17.840775;0.225490;0.225490;0.501961;11151.357958;2.805503;70.741114;71.869000;34.725228;1205.841471;78.804484;4.015834;-0.112081;-0.628878;46.039500;0.078431;0.078431;0.000000;571942.398726;0.439703;0.000000;0.000000;0.078677;-0.239783;0.170100;0.410341;0.000000;0.382443;0.443666;0.000000;0.000000;0.497956;0.689892;-0.225010;0.334667;9.653936;1.340748;13.246868;1.814396;1.426507;0.000000;9.330375;3.017578;3.359638;94.539225;6435.281594
3.000000;3.000000;0.000000;0.000000;3.000000;0.000000;0.000000;0.000000;0.000000;0.000000;0.000000;0.000000;918.000000;-0.000000;-0.090744;-0.592680;1.499813;2.249438;1.502555;0.349662;0.356800;-0.757767;2.452300;0.068627;0.068627;0.501961;115.565330;2.356041;9.455115;9.025950;3.158309;9.974915;9.968656;1.066435;1.625245;3.164570;3.291825;0.078431;0.078431;0.000000;9627.519592;0.328106;3.098561;3.090300;1.494802;2.234434;3.440278;0.520976;0.331656;0.303574;1.902050;0.107843;0.107843;0.000000;1093.349133;0.596862;-2.280542;-1.917850;23.000314;529.014453;23.113099;13.170530;-0.066968;2.335575;24.645900;0.176471;0.176471;1.003922;27531.373502;3.083638;17.080592;16.095500;39.248474;1540.442704;42.804081;7.741099;-0.312482;-0.459584;64.314250;0.088235;0.088235;0.501961;108321.149585;1.672342;0.000000;0.000000;-0.114200;-0.158645;0.030397;0.035613;0.000000;-0.052870;0.056311;0.000000;0.000000;0.155302;-0.283005;0.173735;0.495997;10.072366;9.179224;13.781582;10.111744;2.233643;0.000000;9.443328;3.017578;2.902233;110.631782;2378.240173
3.000000;3.000000;0.000000;0.000000;3.000000;0.000000;0.000000;0.000000;0.000000;0.000000;0.000000;0.000000;918.000000;-0.000000;0.323781;0.662440;1.514547;2.293851;1.548769;0.488350;-0.157954;-0.707653;2.280680;0.058824;0.058824;1.003922;127.680683;2.273160;9.442977;7.613950;3.864872;14.937234;10.203287;1.477485;1.305706;0.976217;5.004475;0.068627;0.068627;0.000000;9857.465507;0.452755;3.736613;3.760850;1.530651;2.342893;4.037966;0.676981;0.611207;0.968065;1.244225;0.156863;0.156863;0.000000;1543.832879;0.474028;-2.291512;-0.450702;26.724500;714.198905;26.822564;15.719301;-0.076346;0.375036;38.762000;0.196078;0.196078;1.505882;36974.618211;3.029646;-3.028009;-1.452850;29.882056;892.937271;30.035081;9.144685;-0.312812;-0.236812;47.262500;0.078431;0.078431;1.003922;46480.541639;1.954448;0.000000;0.000000;-0.039775;-0.027305;0.061384;-0.025555;0.000000;0.159152;-0.007325;0.000000;0.000000;0.021111;-0.229741;0.241049;0.352273;10.085669;13.785025;13.784432;15.089456;2.312234;0.000000;9.605691;3.017578;3.522477;115.505743;1637.861207
3.000000;3.000000;0.000000;0.000000;3.000000;0.000000;0.000000;0.000000;0.000000;0.000000;0.000000;0.000000;918.000000;-0.000000;0.842251;0.954620;1.360966;1.852229;1.600505;0.403852;-0.342042;-0.196465;1.167898;0.147059;0.147059;0.000000;166.830327;2.035824;9.373261;9.082200;2.815221;7.925469;9.786904;0.970186;1.368343;2.366947;3.111425;0.098039;0.098039;0.000000;9365.719795;0.280347;3.050708;3.034550;1.663974;2.768810;3.475000;0.576704;0.468673;1.108287;2.200700;0.078431;0.078431;0.000000;1090.521420;0.643658;8.868529;14.048500;22.532785;507.726416;24.215227;10.922833;-0.458391;-0.411237;28.321300;0.166667;0.166667;1.505882;33955.073334;2.592453;55.460728;39.494000;59.986643;3598.397295;81.696326;6.285587;0.125424;-1.237335;96.311475;0.029412;0.029412;0.000000;497268.003625;1.076894;0.000000;0.000000;0.041440;-0.362756;-0.745394;0.392621;0.000000;0.629958;0.105028;0.000000;0.000000;-0.250401;0.387033;0.122441;0.020659;10.004322;7.258654;13.770760;8.008128;1.866379;0.000000;9.110601;3.017578;3.682638;107.345104;7272.742549
3.000000;3.000000;0.000000;0.000000;3.000000;0.000000;0.000000;0.000000;0.000000;0.000000;0.000000;0.000000;918.000000;-0.000000;0.705347;0.970310;1.446505;2.092377;1.609314;0.282477;-0.250111;-0.734357;2.293793;0.098039;0.098039;0.000000;157.457941;1.902225;9.763632;9.660500;1.460358;2.132645;9.872242;0.535432;1.528405;6.414531;1.013125;0.137255;0.137255;0.000000;9832.351840;0.093244;1.778738;1.836300;1.262639;1.594258;2.181323;0.401695;0.079887;0.884620;1.339625;0.078431;0.078431;0.000000;404.050938;0.984693;10.108400;10.672500;17.511577;306.655316;20.219670;8.041511;0.052159;0.092546;22.053300;0.156863;0.156863;0.000000;26073.013928;2.311868;87.934176;92.812500;36.167853;1308.113583;95.081717;5.574812;0.131220;-0.947851;53.743500;0.039216;0.039216;0.000000;855420.612019;0.374114;0.000000;0.000000;-0.225911;-0.168617;-0.343085;0.389620;0.000000;0.491244;-0.037899;0.000000;0.000000;0.015660;0.302147;0.245366;-0.262592;10.352309;1.880753;14.202776;2.615799;1.651055;0.000000;9.917714;3.017578;2.060761;109.051054;9454.126217
3.000000;3.000000;0.000000;0.000000;3.000000;0.000000;0.000000;0.000000;0.000000;0.000000;0.000000;0.000000;918.000000;-0.000000;0.030368;0.129690;1.283138;1.646444;1.283498;0.229491;0.094801;-1.451534;2.559125;0.049020;0.049020;1.003922;84.090569;1.675405;9.907416;9.704000;1.406843;1.979206;10.006802;0.426336;0.652578;0.537228;1.337750;0.156863;0.156863;0.000000;10112.948788;0.077183;1.869950;2.084800;1.140659;1.301104;2.190392;0.345905;-0.558944;-0.241601;1.337750;0.068627;0.068627;0.000000;423.054780;0.735855;-1.562693;1.622150;17.349680;301.011409;17.419914;6.577053;-0.703511;-0.307191;23.067000;0.156863;0.156863;0.501961;15602.667817;2.235488;39.085360;35.854500;38.627292;1492.067678;54.952098;4.448022;0.130542;-0.741127;49.663250;0.049020;0.049020;0.000000;231936.846499;1.274373;0.000000;0.000000;-0.091985;-0.022571;-0.339186;0.177677;0.000000;0.038996;-0.284594;0.000000;0.000000;0.134805;0.128144;0.212308;-0.379715;10.437504;1.841974;14.075246;2.068165;1.593383;0.000000;9.951644;3.017578;1.742603;110.783458;3327.984256
3.000000;3.000000;0.000000;0.000000;3.000000;0.000000;0.000000;0.000000;0.000000;0.000000;0.000000;0.000000;918.000000;-0.000000;0.253912;0.349750;1.176000;1.382976;1.203099;0.226778;0.036108;-1.207712;2.092118;0.049020;0.049020;0.501961;77.122896;2.211961;9.746929;9.677450;1.758453;3.092157;9.904281;0.458915;0.578601;-0.415824;2.627900;0.137255;0.137255;0.000000;9847.969085;0.098483;1.990711;2.154250;1.073151;1.151654;2.261544;0.318417;-0.345489;-0.711646;1.663275;0.078431;0.078431;0.000000;462.953460;0.621376;1.758740;5.177200;17.694775;313.105048;17.781963;6.584948;-0.828431;0.067365;19.453875;0.137255;0.137255;0.501961;16284.790563;2.413578;6.477757;13.289500;22.941001;526.289532;23.838013;3.297495;-0.174341;-1.480735;43.465750;0.039216;0.039216;0.501961;31120.848999;1.277332;0.000000;0.000000;-0.137074;0.056778;-0.212889;-0.284526;0.000000;-0.045314;-0.188118;0.000000;0.000000;-0.476443;0.651110;0.084783;-0.142596;10.280752;2.848385;13.808469;3.169010;1.350431;0.000000;9.992494;3.017578;2.183089;108.542237;889.563664
3.000000;3.000000;0.000000;0.000000;3.000000;0.000000;0.000000;0.000000;0.000000;0.000000;0.000000;0.000000;918.000000;-0.000000;0.215730;-0.164820;0.960821;0.923176;0.984742;0.173243;0.660946;-0.727560;1.520070;0.029412;0.029412;1.003922;51.840721;2.147755;9.576536;9.582000;1.653671;2.734627;9.718265;0.421318;0.677614;0.134878;2.100400;0.078431;0.078431;0.000000;9493.897553;0.096962;1.440211;1.646950;1.145168;1.311410;1.840005;0.292760;-0.488067;-0.446582;1.557490;0.068627;0.068627;0.000000;278.455190;0.989663;2.242462;0.695885;13.216793;174.683614;13.405680;6.255977;0.088741;-0.259231;15.425625;0.166667;0.166667;1.505882;9421.929701;2.319253;10.481915;11.806000;20.374482;415.119503;22.912661;2.746707;-0.259131;-0.563950;24.809057;0.088235;0.088235;1.003922;32387.825262;1.868222;0.000000;0.000000;0.147066;0.102795;-0.317566;-0.263837;0.000000;0.031737;0.094834;0.000000;0.000000;-0.366967;0.656411;-0.066739;0.438063;10.094576;2.513927;13.369943;2.791653;0.902366;0.000000;9.581146;3.017578;1.579903;104.414389;708.087907
3.000000;3.000000;0.000000;0.000000;3.000000;0.000000;0.000000;0.000000;0.000000;0.000000;0.000000;0.000000;918.000000;-0.000000;0.262742;0.012854;0.701585;0.492221;0.749169;0.196254;0.546409;-0.946876;1.232950;0.088235;0.088235;0.501961;32.157261;2.154588;9.739439;9.622450;1.329093;1.766489;9.829708;0.411343;0.638259;0.964404;1.454900;0.137255;0.137255;0.000000;9765.498206;0.073613;1.145792;1.250650;0.869723;0.756417;1.438491;0.272801;-0.734178;0.584727;1.023782;0.098039;0.098039;0.000000;172.488817;1.007030;-2.174305;-3.128400;11.665361;136.080648;11.866265;6.563299;0.242798;0.181508;13.446250;0.264706;0.264706;1.505882;7422.387332;2.755194;41.016204;38.247500;30.193750;911.662518;50.931243;3.734729;0.343464;-1.165752;56.140000;0.088235;0.088235;0.000000;218100.281201;0.896817;0.000000;0.000000;0.119585;-0.109736;0.115106;0.225410;0.000000;0.199153;0.056432;0.000000;0.000000;0.045905;0.487776;0.011950;0.172969;10.225635;1.620803;13.320926;1.793760;0.487314;0.000000;9.815086;3.017578;1.045135;106.184420;2736.869002
3.000000;3.000000;0.000000;0.000000;3.000000;0.000000;0.000000;0.000000;0.000000;0.000000;0.000000;0.000000;918.000000;-0.000000;0.537432;0.615710;0.650274;0.422856;0.843617;0.182480;-0.385162;-0.534792;0.982395;0.088235;0.088235;0.000000;51.026705;1.587935;9.601127;9.576750;0.817247;0.667893;9.635847;0.325847;0.560003;0.150681;0.935875;0.196078;0.196078;0.000000;9436.593558;0.033586;1.817434;1.530200;1.248740;1.559353;2.205089;0.246638;1.107651;0.494794;1.114025;0.107843;0.107843;0.000000;416.462631;0.908434;-6.957902;-6.550750;13.556246;183.771804;15.237592;6.091477;-0.322661;-0.529672;19.101200;0.196078;0.196078;0.000000;14310.565901;1.947786;71.605833;74.965500;21.695793;470.707416;74.820470;3.866178;-0.566004;-0.725974;31.748500;0.058824;0.058824;0.000000;547008.074489;0.256864;0.000000;0.000000;-0.217577;-0.417057;-0.316491;0.111345;0.000000;-0.161169;0.155993;0.000000;0.000000;-0.055244;0.043786;-0.373451;0.017207;10.097396;0.603821;13.324920;0.720908;0.380641;0.000000;9.802840;3.017578;1.333997;102.561230;5835.149409
3.000000;3.000000;0.000000;0.000000;3.000000;0.000000;0.000000;0.000000;0.000000;0.000000;0.000000;0.000000;918.000000;-0.000000;0.019300;-0.027131;0.806394;0.650272;0.806625;0.131775;-0.138180;-1.126289;1.335673;0.019608;0.019608;0.501961;33.207406;1.194227;9.141923;9.323350;0.976806;0.954149;9.193960;0.292108;-0.726395;0.579178;1.131725;0.088235;0.088235;0.000000;8573.333298;0.047567;2.863717;2.843300;1.239186;1.535581;3.120330;0.242331;-0.090072;-0.333499;1.718075;0.147059;0.147059;0.000000;914.807764;0.416348;-4.626157;-4.067750;14.655651;214.788092;15.368455;5.619579;-0.258926;-0.209450;18.226950;0.147059;0.147059;0.501961;13141.243511;1.832120;43.244748;22.542000;38.116231;1452.847074;57.645080;3.302393;0.225431;-1.603654;72.541500;0.009804;0.009804;0.000000;264850.003202;0.824193;0.000000;0.000000;0.285443;-0.122195;-0.529936;-0.539324;0.000000;-0.775529;0.408399;0.000000;0.000000;-0.038826;0.634646;-0.252910;-0.021521;9.660245;0.859215;12.867166;1.084205;0.536102;0.000000;9.533809;3.017578;2.569151;94.179542;3568.881179
3.000000;3.000000;0.000000;0.000000;3.000000;0.000000;0.000000;0.000000;0.000000;0.000000;0.000000;0.000000;918.000000;-0.000000;0.083125;-0.235025;1.105430;1.221976;1.108551;0.244782;0.473928;-0.236650;1.645393;0.029412;0.029412;0.501961;63.039114;1.985657;9.534119;9.035350;2.226576;4.957639;9.790662;0.674331;1.575782;2.679237;2.330450;0.117647;0.117647;0.000000;9524.625595;0.181271;3.118927;2.972450;0.981512;0.963367;3.269721;0.450922;0.725135;1.321692;0.802375;0.196078;0.196078;0.000000;1041.498839;0.320660;-0.329647;0.668180;20.135647;405.444264;20.138345;10.553267;-1.804460;6.126150;18.000000;0.235294;0.235294;1.003922;20702.403103;3.180459;2.552257;3.915000;11.990171;143.764207;12.258802;4.496879;-0.343144;-0.823948;20.006575;0.127451;0.127451;0.501961;8000.858483;2.944130;0.000000;0.000000;0.106705;-0.296869;0.262715;-0.007148;0.000000;-0.085744;-0.053886;0.000000;0.000000;-0.214702;-0.263736;0.034460;-0.289507;10.070757;4.665799;13.466562;5.025281;1.215519;0.000000;9.369260;3.017578;3.187844;106.085943;566.522227
3.000000;3.000000;0.000000;0.000000;3.000000;0.000000;0.000000;0.000000;0.000000;0.000000;0.000000;0.000000;918.000000;-0.000000;0.534283;0.730000;1.064526;1.133215;1.191081;0.284382;0.005132;-0.429160;1.644722;0.068627;0.068627;0.000000;86.962167;2.225950;9.581030;8.474050;2.575646;6.633952;9.921194;0.791949;1.320168;0.930750;3.334350;0.058824;0.058824;0.000000;9701.551349;0.217100;3.218354;3.137700;1.007140;1.014332;3.372259;0.543794;0.367642;0.792756;1.341700;0.186275;0.186275;0.000000;1108.226897;0.322112;0.728821;3.772200;21.144360;447.083948;21.156917;11.062836;-1.676736;4.972042;18.152450;0.274510;0.274510;0.501961;22856.001793;2.889059;-18.253038;-14.551000;19.282813;371.826890;26.551842;5.129619;-0.125192;-0.941880;29.473450;0.088235;0.088235;0.000000;52952.997537;1.325779;0.000000;0.000000;0.164906;-0.235857;-0.122470;-0.300033;0.000000;0.191009;0.126700;0.000000;0.000000;-0.423613;-0.193951;0.002477;-0.224291;10.128630;6.259618;13.575730;6.736918;1.107152;0.000000;9.889920;3.017578;3.079250;108.848768;1163.987552
3.000000;3.000000;0.000000;0.000000;3.000000;0.000000;0.000000;0.000000;0.000000;0.000000;0.000000;0.000000;918.000000;-0.000000;0.267483;-0.024199;0.972586;0.945924;1.008698;0.232070;0.400634;-1.076714;1.782995;0.039216;0.039216;0.501961;55.558517;2.028376;9.446549;8.714350;2.217611;4.917798;9.703354;0.653181;1.192904;0.762255;2.447725;0.068627;0.068627;0.000000;9353.023232;0.181049;2.775365;2.739700;1.045983;1.094080;2.965928;0.454433;0.112049;0.066823;1.494425;0.107843;0.107843;0.000000;841.484088;0.414715;6.282586;7.134350;15.844120;251.036136;17.044267;9.355540;-0.937583;1.686693;18.700775;0.225490;0.225490;0.000000;16829.584930;2.673590;-30.050151;-32.214500;12.384299;153.370853;32.502037;4.111067;0.172282;-0.612431;17.652000;0.107843;0.107843;0.000000;99933.499338;0.432448;0.000000;0.000000;0.065300;-0.246571;-0.091737;-0.380602;0.000000;0.032553;0.089519;0.000000;0.000000;0.105577;-0.337909;-0.132639;-0.168900;9.981269;4.546835;13.273007;4.971526;0.950252;0.000000;9.118595;3.017578;3.189692;104.172557;1355.686180
3.000000;3.000000;0.000000;0.000000;3.000000;0.000000;0.000000;0.000000;0.000000;0.000000;0.000000;0.000000;918.000000;-0.000000;1.134982;0.954460;0.836750;0.700150;1.410083;0.196722;0.744613;-0.409857;1.319625;0.078431;0.078431;0.000000;167.104004;0.918190;9.516236;9.116150;1.952290;3.811438;9.714432;0.459897;1.203032;0.722235;1.735750;0.068627;0.068627;0.000000;9431.376119;0.139319;-0.647513;-0.417650;1.141377;1.302742;1.312256;0.268571;-0.740438;-0.056435;1.531837;0.098039;0.098039;0.000000;109.205802;1.618992;3.349495;2.013600;12.938672;167.409245;13.365192;3.466160;-0.010867;-1.193048;21.319050;0.107843;0.107843;1.003922;9692.185858;2.046846;38.360820;11.707000;59.398836;3528.221742;70.709082;3.221444;1.096261;-0.383773;72.235825;0.009804;0.009804;0.000000;330059.506044;1.310048;0.000000;0.000000;0.098440;0.566619;-0.399123;0.061999;0.000000;-0.102095;-0.139484;0.000000;0.000000;-0.554198;0.641548;0.131526;-0.170827;10.092530;3.499371;13.651218;3.857546;0.698711;0.000000;9.605241;3.017578;-0.488456;105.358525;5180.124631
3.000000;3.000000;0.000000;0.000000;3.000000;0.000000;0.000000;0.000000;0.000000;0.000000;0.000000;0.000000;918.000000;-0.000000;1.033449;0.721105;1.142571;1.305469;1.540612;0.246482;0.120335;-0.951234;1.887308;0.039216;0.039216;0.000000;175.528922;1.142981;9.509944;9.319050;1.477178;2.182055;9.623985;0.331967;1.244238;1.905643;1.792325;0.098039;0.098039;0.000000;9336.071474;0.084449;-0.296544;0.001260;1.077665;1.161361;1.117720;0.276342;-1.194073;1.212204;1.173735;0.098039;0.098039;0.501961;68.209541;1.974608;6.281080;5.758100;13.921925;193.819989;15.273243;3.480483;0.043914;-0.701257;20.978875;0.058824;0.058824;1.505882;13912.967623;1.642503;91.899465;111.985000;53.821002;2896.700229;106.499821;3.672848;-0.553536;-1.094007;90.402750;0.019608;0.019608;0.000000;1009177.210084;0.486299;0.000000;0.000000;-0.000451;0.425127;-0.460728;-0.099222;0.000000;-0.379037;-0.134036;0.000000;0.000000;-0.659787;0.551605;0.156378;-0.208673;10.102320;1.937706;13.730470;2.203660;1.318394;0.000000;9.841666;3.017578;-0.423115;103.994578;11576.733094
3.000000;3.000000;0.000000;0.000000;3.000000;0.000000;0.000000;0.000000;0.000000;0.000000;0.000000;0.000000;918.000000;-0.000000;0.829651;0.869080;1.041218;1.084136;1.331336;0.263772;0.021361;-0.890767;1.557007;0.068627;0.068627;0.000000;125.499567;1.554026;9.851365;9.456350;2.330303;5.430311;10.123226;0.491663;1.013868;0.757802;2.192850;0.088235;0.088235;0.000000;10176.005402;0.179205;0.227312;0.221880;0.776385;0.602773;0.808977;0.441507;-0.107337;0.437526;0.883555;0.225490;0.225490;1.003922;36.022984;2.925693;1.290050;-1.909450;14.653835;214.734891;14.710511;4.949147;0.533799;-0.309440;19.037550;0.166667;0.166667;1.505882;11121.439884;2.100523;48.440586;22.129000;64.852845;4205.891453;80.946784;3.810745;0.250876;-1.679321;133.505250;0.009804;0.009804;0.000000;453909.536137;1.040069;0.000000;0.000000;-0.059401;0.005020;-0.276677;0.311105;0.000000;-0.185093;-0.008909;0.000000;0.000000;-0.299984;0.114596;-0.365377;-0.284650;10.408591;4.913392;13.942175;5.488898;1.090048;0.000000;9.777695;3.017578;0.117158;113.252153;6769.435369
3.000000;3.000000;0.000000;0.000000;3.000000;0.000000;0.000000;0.000000;0.000000;0.000000;0.000000;0.000000;918.000000;-0.000000;0.836461;0.912505;0.788257;0.621349;1.149354;0.297432;0.252455;-0.114468;1.100275;0.127451;0.127451;0.000000;103.054736;1.423643;9.971969;9.195200;2.876116;8.272044;10.378449;0.726869;0.680759;-0.704963;4.481350;0.107843;0.107843;0.000000;10564.856270;0.231396;0.347800;0.500245;0.845915;0.715572;0.914624;0.497090;-0.691992;0.618466;0.942709;0.186275;0.186275;0.000000;48.853303;2.881160;-1.711924;-2.366400;10.699172;114.472278;10.835265;5.944007;0.068967;-0.031557;13.139025;0.215686;0.215686;0.501961;6146.650049;3.090382;-9.044059;-10.284500;16.683547;278.340742;18.977243;3.737642;0.001993;-0.466886;24.040112;0.068627;0.068627;0.000000;22538.589369;2.153733;0.000000;0.000000;0.164485;0.102532;0.312002;0.129268;0.000000;-0.163373;0.138346;0.000000;0.000000;-0.371843;-0.497318;-0.295958;-0.266371;10.506841;7.639516;13.913952;8.372258;0.609188;0.000000;10.136742;3.017578;0.409554;118.033217;478.375238
3.000000;3.000000;0.000000;0.000000;3.000000;0.000000;0.000000;0.000000;0.000000;0.000000;0.000000;0.000000;918.000000;-0.000000;0.601601;0.546835;1.138799;1.296863;1.287939;0.339192;0.463917;0.126792;1.548695;0.107843;0.107843;0.000000;103.057949;2.118815;9.827012;9.304600;2.511239;6.306324;10.142805;0.664542;0.999227;0.114532;2.750550;0.088235;0.088235;0.000000;10171.783021;0.202961;0.320710;0.396935;0.618855;0.382981;0.697020;0.344136;-0.990869;2.251643;0.703816;0.205882;0.205882;0.000000;30.030357;2.395459;-1.573110;-1.305350;11.532640;133.001796;11.639436;4.970353;-0.105066;-0.592278;16.338100;0.156863;0.156863;2.509804;7035.825102;2.796734;-32.239398;-22.488500;39.892856;1591.439924;51.291507;3.952276;-0.752738;-0.264623;54.048375;0.029412;0.029412;0.000000;187205.053001;1.375760;0.000000;0.000000;0.023898;0.318200;0.236078;0.408711;0.000000;-0.150461;0.094638;0.000000;0.000000;0.088673;0.204312;-0.168595;-0.202945;10.377757;5.837425;13.812847;6.369704;1.308762;0.000000;9.758192;3.017578;0.381987;113.535271;2766.781043
3.000000;3.000000;0.000000;0.000000;3.000000;0.000000;0.000000;0.000000;0.000000;0.000000;0.000000;0.000000;918.000000;-0.000000;0.959643;1.021750;1.289367;1.662467;1.607290;0.251181;-0.077660;-0.867096;2.199362;0.058824;0.058824;0.000000;178.720436;1.320092;9.938902;9.520550;1.869343;3.494443;10.113170;0.501139;1.401412;2.307550;1.823875;0.127451;0.127451;0.000000;10253.960387;0.124816;0.142657;0.074510;0.483933;0.234191;0.504521;0.244509;0.309074;0.292108;0.610690;0.166667;0.166667;0.501961;14.024367;2.853058;-7.971060;-6.482650;12.710957;161.568425;15.003540;3.828890;-0.553917;-0.588640;18.722000;0.147059;0.147059;0.000000;14720.909694;1.751633;-83.071744;-97.912500;43.974592;1933.764781;93.992976;4.355762;0.413192;-0.836903;62.042750;0.019608;0.019608;0.000000;802516.448776;0.477446;0.000000;0.000000;-0.336435;0.216368;0.413665;0.334515;0.000000;0.166239;0.289084;0.000000;0.000000;0.061102;-0.043834;-0.000347;-0.098676;10.524476;3.094999;14.266052;3.839450;1.368519;0.000000;10.035582;3.017578;0.278384;113.859597;9060.040218
3.000000;3.000000;0.000000;0.000000;3.000000;0.000000;0.000000;0.000000;0.000000;0.000000;0.000000;0.000000;918.000000;-0.000000;0.851533;0.747280;1.029977;1.060852;1.336398;0.229908;0.290229;-0.946421;1.709838;0.088235;0.088235;0.000000;128.066108;1.418093;10.095598;9.831600;1.523125;2.319911;10.209849;0.520476;0.870424;1.023120;1.806125;0.137255;0.137255;0.000000;10514.275129;0.087485;-0.175494;-0.014328;0.782884;0.612907;0.802313;0.271599;-1.355414;2.156081;0.817187;0.147059;0.147059;2.509804;34.401903;2.247964;-5.496807;-3.854200;13.681839;187.192724;14.744749;3.922740;-0.473707;-0.289067;15.960625;0.107843;0.107843;0.501961;12633.063740;1.909233;-55.766845;-42.476000;59.732075;3567.920786;81.718185;3.634529;-0.113360;-1.515692;111.926475;0.009804;0.009804;0.000000;499204.523758;0.973077;0.000000;0.000000;-0.217826;0.141722;-0.193925;0.369473;0.000000;-0.047875;0.240660;0.000000;0.000000;-0.118785;-0.488284;0.190124;-0.284659;10.628092;2.070636;14.124821;2.430507;0.983729;0.000000;10.056788;3.017578;-0.027134;115.026972;6895.913119
3.000000;3.000000;0.000000;0.000000;3.000000;0.000000;0.000000;0.000000;0.000000;0.000000;0.000000;0.000000;918.000000;-0.000000;0.518452;0.420695;0.752331;0.566002;0.913671;0.248031;0.355199;-0.497376;1.015099;0.127451;0.127451;0.000000;56.283615;1.859281;9.765904;9.252300;2.073806;4.300671;9.983664;0.564495;0.967546;0.239184;2.652125;0.088235;0.088235;0.000000;9947.368569;0.145903;-0.594040;-0.399395;0.964685;0.930617;1.132917;0.315867;-0.796929;0.197432;1.118548;0.137255;0.137255;0.000000;83.457314;1.911282;1.137452;-0.267659;11.714764;137.235706;11.769856;4.267684;-0.008168;-0.921704;20.849075;0.088235;0.088235;1.505882;7138.105516;2.209716;-3.330394;3.876750;19.738889;389.623748;20.017874;2.645087;-0.289587;-1.169101;36.832750;0.019608;0.019608;0.501961;21002.752360;0.828380;0.000000;0.000000;0.120754;0.381769;-0.098592;0.006138;0.000000;-0.184717;0.292630;0.000000;0.000000;-0.132736;0.304280;0.065925;-0.547437;10.271723;4.000052;13.458915;4.352826;0.562032;0.000000;10.037981;3.017578;-0.377858;109.508345;540.528277
3.000000;3.000000;0.000000;0.000000;3.000000;0.000000;0.000000;0.000000;0.000000;0.000000;0.000000;0.000000;918.000000;-0.000000;0.882339;0.797785;0.659398;0.434805;1.101512;0.184907;0.199724;-1.179243;1.194922;0.107843;0.107843;0.000000;101.586873;1.002594;9.490331;9.054400;2.061049;4.247925;9.711556;0.478409;1.118084;0.477675;2.376300;0.098039;0.098039;0.000000;9403.417308;0.151147;-0.771565;-0.559755;0.814154;0.662847;1.121677;0.282990;-1.023679;0.823296;0.844860;0.117647;0.117647;0.000000;94.528006;1.389098;2.603507;5.828900;11.738209;137.785543;12.023468;3.354968;-0.477117;-0.624716;18.275675;0.078431;0.078431;1.505882;7719.291311;2.135401;-0.020227;3.547950;14.369468;206.481621;14.369483;1.993392;-0.368845;-0.965451;19.930325;0.029412;0.029412;0.501961;10532.186932;1.436157;0.000000;0.000000;0.112672;0.413031;-0.058610;0.129833;0.000000;0.188895;0.077104;0.000000;0.000000;0.083599;0.444700;0.000239;-0.614894;10.029640;3.933970;13.389900;4.296184;0.432910;0.000000;9.572474;3.017578;-0.800872;104.527642;352.303980
3.000000;3.000000;0.000000;0.000000;3.000000;0.000000;0.000000;0.000000;0.000000;0.000000;0.000000;0.000000;918.000000;-0.000000;1.162769;1.230800;0.650745;0.423468;1.332479;0.181375;-0.164794;-0.763557;0.886968;0.098039;0.098039;0.000000;159.505385;0.615638;9.759044;9.635500;2.000734;4.002938;9.962022;0.507123;0.861544;0.344226;1.860450;0.147059;0.147059;0.000000;9918.525634;0.141135;-0.588088;-0.472670;1.060517;1.124697;1.212660;0.269596;-0.747106;0.218555;1.428175;0.098039;0.098039;0.000000;92.638690;1.814052;-1.668329;3.477650;17.101427;292.458789;17.182611;3.969107;-0.667713;-0.260723;23.264000;0.078431;0.078431;1.003922;15199.301820;1.724711;29.923117;8.219900;48.808931;2382.311766;57.251242;3.425907;1.450469;0.645846;35.353323;0.009804;0.009804;0.000000;212860.920525;1.660470;0.000000;0.000000;0.016906;0.312262;0.532522;0.228664;0.000000;-0.017078;-0.105167;0.000000;0.000000;-0.320541;-0.137376;0.027957;-0.040705;10.311854;3.683038;13.927460;4.042707;0.427524;0.000000;10.104810;3.017578;-0.734582;110.017380;3574.417329
3.000000;3.000000;0.000000;0.000000;3.000000;0.000000;0.000000;0.000000;0.000000;0.000000;0.000000;0.000000;918.000000;-0.000000;1.632472;1.611600;0.784624;0.615634;1.811242;0.217212;-0.451748;0.022668;1.092000;0.068627;0.068627;0.000000;303.241170;0.560276;9.807885;9.631250;1.647729;2.715011;9.945332;0.478011;0.935751;1.884700;1.132850;0.166667;0.166667;0.000000;9950.316194;0.106818;-0.151654;-0.079537;1.125478;1.266702;1.135650;0.305187;-0.911386;0.887918;1.427933;0.058824;0.058824;1.003922;66.961176;1.681605;1.771675;3.001400;21.030639;442.287772;21.105132;5.425950;-0.250548;-0.720309;30.354000;0.088235;0.088235;0.501961;22877.467475;1.792200;84.551050;94.693500;56.574433;3200.666505;101.732721;5.203968;-0.225524;-1.311393;97.662250;0.019608;0.019608;0.000000;892421.743634;0.607359;0.000000;0.000000;0.099250;0.140268;0.451439;0.687013;0.000000;0.307724;-0.102531;0.000000;0.000000;-0.231515;0.053868;-0.033763;0.091875;10.427232;2.463059;14.463596;2.749783;0.613839;0.000000;10.048185;3.017578;-0.491427;111.190223;10796.262859
3.000000;3.000000;0.000000;0.000000;3.000000;0.000000;0.000000;0.000000;0.000000;0.000000;0.000000;0.000000;918.000000;-0.000000;1.129749;1.154050;1.047636;1.097541;1.540738;0.195271;0.208936;-1.277488;1.836028;0.049020;0.049020;0.000000;186.167462;1.037894;9.712336;9.463900;1.213838;1.473403;9.787894;0.407768;0.903028;1.295090;1.105725;0.127451;0.127451;0.000000;9696.754950;0.065936;0.626576;0.683975;0.921437;0.849045;1.114290;0.320290;0.102158;-0.652527;1.328863;0.137255;0.137255;0.000000;83.348989;1.833934;4.632680;3.972600;16.171882;261.529756;16.822350;5.221288;0.196221;-0.597263;24.231300;0.127451;0.127451;1.003922;15533.268715;2.117597;60.226919;37.115500;59.844637;3581.380581;84.903842;4.277655;0.480395;-1.318948;107.154900;0.009804;0.009804;0.000000;552650.635212;0.912481;0.000000;0.000000;0.110753;-0.580984;-0.593671;0.535717;0.000000;0.453666;0.032146;0.000000;0.000000;-0.452516;0.707679;-0.216759;0.019870;10.288063;1.332520;13.917086;1.535373;1.061026;0.000000;9.884466;3.017578;0.329478;107.176753;7492.895493
3.000000;3.000000;0.000000;0.000000;3.000000;0.000000;0.000000;0.000000;0.000000;0.000000;0.000000;0.000000;918.000000;-0.000000;0.731046;0.662410;0.705565;0.497822;1.015997;0.206881;0.380543;-0.648779;1.123471;0.078431;0.078431;0.000000;79.913030;1.236002;9.797707;9.297300;1.957446;3.831593;9.991329;0.522151;1.124841;0.237979;1.966375;0.107843;0.107843;0.000000;9986.912751;0.133701;0.823917;0.806005;0.741723;0.550154;1.108600;0.312110;0.140998;0.259324;0.873315;0.156863;0.156863;0.000000;97.308727;1.361181;2.348128;3.796350;13.463671;181.270448;13.666900;6.014660;-0.443845;-0.298135;19.289025;0.166667;0.166667;1.003922;9826.538010;2.800478;1.658967;0.703470;12.162239;147.920065;12.274862;3.461355;0.095548;0.131956;14.795650;0.107843;0.107843;0.501961;7835.106710;2.552820;0.000000;0.000000;0.149707;-0.230225;-0.005932;-0.001577;0.000000;0.096238;0.143622;0.000000;0.000000;0.030369;-0.537386;-0.213894;-0.109955;10.309961;3.563599;13.598966;3.882430;0.489850;0.000000;9.648039;3.017578;0.913617;109.858903;338.685383
3.000000;3.000000;0.000000;0.000000;3.000000;0.000000;0.000000;0.000000;0.000000;0.000000;0.000000;0.000000;918.000000;-0.000000;0.915696;0.885450;0.670919;0.450133;1.135179;0.223113;0.194920;-0.426798;0.783282;0.137255;0.137255;0.000000;108.487658;1.005415;9.850341;8.861600;2.133432;4.551532;10.078728;0.538681;0.956085;-0.455561;2.946650;0.068627;0.068627;0.000000;10129.118043;0.151515;0.498201;0.556660;0.609261;0.371199;0.787022;0.336723;-0.292062;-0.383850;0.740783;0.166667;0.166667;0.000000;44.248752;1.940291;3.928897;6.213600;13.458284;181.125401;14.020044;6.182836;-0.610064;-0.190780;21.750450;0.147059;0.147059;2.509804;10812.685814;2.725065;-1.662721;-2.293950;14.364717;206.345102;14.460627;4.129549;0.170299;-0.727167;19.590150;0.117647;0.117647;2.007843;10806.872530;1.987036;0.000000;0.000000;0.204421;0.001963;0.229628;0.144869;0.000000;0.040526;-0.011543;0.000000;0.000000;-0.009375;-0.401146;-0.113446;-0.373399;10.374159;4.246210;13.806651;4.617572;0.433614;0.000000;9.929148;3.017578;0.613537;111.869385;406.290781
3.000000;3.000000;0.000000;0.000000;3.000000;0.000000;0.000000;0.000000;0.000000;0.000000;0.000000;0.000000;918.000000;-0.000000;0.680472;0.634640;0.919321;0.845151;1.143762;0.217495;-0.020528;-0.902289;1.449980;0.098039;0.098039;0.000000;90.334955;1.493555;9.828593;9.076700;1.918082;3.679037;10.014004;0.462095;0.966365;-0.201955;2.239425;0.088235;0.088235;0.000000;10040.965766;0.126290;0.225504;0.251430;0.616803;0.380446;0.656733;0.319506;0.088184;0.149730;0.872587;0.215686;0.215686;1.003922;24.606532;2.603736;-2.217782;-2.399300;14.274906;203.772942;14.446159;5.123227;-0.495360;0.030341;17.983600;0.127451;0.127451;2.509804;10901.621028;2.835612;-28.341649;-20.301500;40.301022;1624.172363;49.268869;4.456583;-0.943011;0.198393;48.589328;0.049020;0.049020;0.000000;164776.869220;1.577749;0.000000;0.000000;0.017282;-0.036802;0.511602;0.323441;0.000000;-0.051831;0.032172;0.000000;0.000000;0.196629;0.299429;-0.098492;-0.244180;10.355181;3.358695;13.767670;3.715794;0.853187;0.000000;9.716251;3.017578;0.389546;110.588473;2636.544202
3.000000;3.000000;0.000000;0.000000;3.000000;0.000000;0.000000;0.000000;0.000000;0.000000;0.000000;0.000000;918.000000;-0.000000;0.834343;1.125500;1.080149;1.166721;1.364862;0.215519;-0.327906;-1.332655;2.018782;0.058824;0.058824;0.000000;130.508709;1.201271;9.870655;9.631300;1.509731;2.279288;9.985445;0.363875;1.231941;1.628487;1.508275;0.107843;0.107843;0.000000;10054.091101;0.087037;-0.038994;0.046117;0.557491;0.310797;0.558853;0.263132;-0.262903;0.119357;0.649547;0.107843;0.107843;1.505882;16.016307;2.556004;-6.221327;-4.812600;14.553845;211.814416;15.827802;4.406320;-0.413316;-0.593984;22.135375;0.117647;0.117647;0.000000;14751.344284;2.127039;-89.165409;-98.159500;48.424833;2344.964456;101.466421;4.704818;0.167718;-1.533310;91.144500;0.019608;0.019608;0.000000;930541.383467;0.445946;0.000000;0.000000;-0.248839;0.068378;0.496846;0.241921;0.000000;0.253177;0.194037;0.000000;0.000000;0.370488;0.292134;-0.072309;-0.201462;10.420044;1.994650;14.059242;2.435443;1.044685;0.000000;9.972055;3.017578;0.043337;110.571966;10546.266227
3.000000;3.000000;0.000000;0.000000;3.000000;0.000000;0.000000;0.000000;0.000000;0.000000;0.000000;0.000000;918.000000;-0.000000;0.738362;0.446210;0.980020;0.960439;1.227036;0.188881;0.214413;-1.405693;1.872730;0.039216;0.039216;0.000000;104.592002;1.274886;10.038197;9.776500;1.604312;2.573817;10.165590;0.399556;0.815134;0.522316;1.416550;0.117647;0.117647;0.000000;10409.340745;0.092682;-0.171821;-0.027752;0.766939;0.588195;0.785950;0.272120;-0.826611;0.788366;0.962028;0.107843;0.107843;1.003922;33.009975;2.155981;-4.500189;-2.866000;12.764815;162.940497;13.534851;4.393208;-0.401892;-0.938122;21.048150;0.098039;0.098039;1.003922;10376.175261;2.171418;-63.502406;-23.145500;63.557830;4039.597772;89.845163;3.950233;-0.272218;-1.726888;127.522625;0.009804;0.009804;0.000000;617356.838800;0.884572;0.000000;0.000000;0.268202;0.157283;-0.007800;0.215122;0.000000;0.193904;0.153693;0.000000;0.000000;0.105062;-0.112949;0.070607;-0.509091;10.555991;2.415896;13.977292;2.703892;0.865357;0.000000;10.026678;3.017578;-0.218727;113.844835;8255.963237
3.000000;3.000000;0.000000;0.000000;3.000000;0.000000;0.000000;0.000000;0.000000;0.000000;0.000000;0.000000;918.000000;-0.000000;0.871452;0.972770;0.868249;0.753856;1.230157;0.186369;0.144390;-1.375795;1.622179;0.049020;0.049020;0.000000;115.917679;1.208436;10.071597;9.844300;1.994469;3.977907;10.267179;0.499195;0.466613;-0.823572;3.106300;0.137255;0.137255;0.000000;10549.454185;0.130649;-0.517954;-0.471890;0.892567;0.796676;1.031965;0.249062;-0.408541;-0.410499;1.080502;0.088235;0.088235;0.000000;67.995167;1.933259;-0.833710;2.210250;10.597879;112.315038;10.630621;4.090437;-0.488304;-0.726821;16.221250;0.147059;0.147059;1.003922;5800.137373;2.643996;0.983401;3.968500;11.453566;131.184170;11.495706;2.479831;-0.540822;-0.814888;16.845025;0.078431;0.078431;1.003922;6789.476780;1.717300;0.000000;0.000000;0.400535;0.091322;-0.489782;0.033517;0.000000;-0.207669;-0.090298;0.000000;0.000000;0.004719;0.413315;0.192329;-0.688101;10.591190;3.754961;14.027581;4.161592;0.617019;0.000000;10.196574;3.017578;-0.441024;115.928259;246.226308
3.000000;3.000000;0.000000;0.000000;3.000000;0.000000;0.000000;0.000000;0.000000;0.000000;0.000000;0.000000;918.000000;-0.000000;1.097841;0.972770;0.769522;0.592164;1.340678;0.174286;0.542086;-0.799746;1.226132;0.088235;0.088235;0.000000;153.143117;0.929578;9.766211;9.526000;1.803029;3.250912;9.931253;0.460285;0.681124;-0.312875;2.058025;0.147059;0.147059;0.000000;9894.457392;0.119424;-0.451399;-0.411295;1.028618;1.058055;1.123306;0.230447;0.039658;-0.636206;1.195018;0.058824;0.058824;1.003922;74.744499;1.544090;0.430689;2.569950;10.546386;111.226267;10.555177;3.907592;-0.367427;-0.553985;13.731850;0.107843;0.107843;0.501961;5694.572058;2.387163;14.820782;8.885150;27.348875;747.960939;31.106535;2.771800;1.690661;2.456382;20.542100;0.049020;0.049020;0.000000;60570.250851;1.830815;0.000000;0.000000;0.079836;-0.118739;-0.207773;0.478181;0.000000;0.291905;0.082677;0.000000;0.000000;-0.392725;0.599701;0.299627;-0.341402;10.317387;2.978731;13.865651;3.287752;0.593375;0.000000;9.730233;3.017578;-0.630888;109.427204;1080.290095
3.000000;3.000000;0.000000;0.000000;3.000000;0.000000;0.000000;0.000000;0.000000;0.000000;0.000000;0.000000;918.000000;-0.000000;1.296346;1.182100;0.852740;0.727166;1.551670;0.154083;0.232019;-1.475082;1.609082;0.058824;0.058824;0.000000;208.499362;0.654504;9.570315;9.505400;1.390336;1.933035;9.670779;0.349860;0.993207;1.596906;1.530100;0.137255;0.137255;0.000000;9440.859222;0.078623;-0.092339;-0.070582;0.875661;0.766782;0.880516;0.247943;-0.356766;0.006182;1.120757;0.107843;0.107843;1.003922;39.980522;2.087138;4.348356;2.802150;13.140489;172.672449;13.841266;4.089685;0.105574;-0.772639;20.347025;0.068627;0.068627;1.003922;10735.071026;2.258662;65.251652;86.894000;51.767846;2679.909896;83.292785;3.378853;-0.374249;-1.449674;102.564550;0.009804;0.009804;0.000000;570984.857087;0.801613;0.000000;0.000000;-0.257092;-0.257350;-0.264148;0.661768;0.000000;0.349151;-0.021950;0.000000;0.000000;-0.531278;0.698408;0.499695;-0.135945;10.161179;1.682069;13.866661;2.025561;0.660979;0.000000;9.579774;3.017578;-0.111683;104.931638;7130.043946
3.000000;3.000000;0.000000;0.000000;3.000000;0.000000;0.000000;0.000000;0.000000;0.000000;0.000000;0.000000;918.000000;-0.000000;1.398026;1.432150;0.695850;0.484207;1.561628;0.140963;-0.242557;-0.861829;1.131830;0.068627;0.068627;0.000000;224.057544;0.544297;9.465440;9.422100;0.809509;0.655305;9.499993;0.260907;0.143031;-0.563028;1.064650;0.137255;0.137255;0.000000;9172.066626;0.032450;0.189795;0.269100;0.556504;0.309697;0.587979;0.242836;-0.287691;-0.834331;0.863900;0.147059;0.147059;1.505882;19.480232;2.432677;9.556521;9.834250;10.713164;114.771887;14.356148;4.075444;-0.073459;-0.758870;17.445798;0.107843;0.107843;0.000000;15170.121374;1.482360;82.996271;91.841500;37.536769;1409.009047;91.090010;3.678535;-1.147128;1.077189;43.159500;0.029412;0.029412;0.000000;774500.358448;0.497255;0.000000;0.000000;-0.171851;-0.205952;-0.462416;0.371162;0.000000;-0.215774;0.142156;0.000000;0.000000;-0.550591;0.193378;0.397012;-0.213710;10.056013;0.565154;13.870072;0.705864;0.444930;0.000000;9.585306;3.017578;-0.006299;101.688545;8503.834676
3.000000;3.000000;0.000000;0.000000;3.000000;0.000000;0.000000;0.000000;0.000000;0.000000;0.000000;0.000000;918.000000;-0.000000;1.014696;1.010600;0.781516;0.610767;1.280771;0.210752;0.021226;-0.624911;1.167703;0.098039;0.098039;0.000000;136.169108;1.014036;9.580166;9.264950;1.628965;2.653526;9.717669;0.416945;1.988532;4.207380;1.326500;0.098039;0.098039;0.000000;9496.873530;0.104353;0.524147;0.598980;0.519927;0.270324;0.738278;0.313648;-0.363886;-0.160243;0.645333;0.235294;0.235294;0.000000;41.809022;1.555208;3.340020;4.555000;12.522048;156.801699;12.959839;5.665632;-0.910608;1.392511;17.092075;0.127451;0.127451;2.007843;9137.788140;2.633427;26.791009;14.750000;41.729336;1741.337516;49.589270;4.399604;0.259767;-1.113795;69.938075;0.009804;0.009804;0.000000;162035.045621;1.321377;0.000000;0.000000;-0.110888;0.115755;0.040842;0.490610;0.000000;-0.069410;0.203927;0.000000;0.000000;-0.267172;-0.169694;0.024473;-0.365175;10.131024;2.435827;13.644353;2.689604;0.607009;0.000000;9.731606;3.017578;0.489063;105.073475;2627.598172
3.000000;3.000000;0.000000;0.000000;3.000000;0.000000;0.000000;0.000000;0.000000;0.000000;0.000000;0.000000;918.000000;-0.000000;1.073902;1.086900;0.839526;0.704804;1.363111;0.273464;0.075216;-0.179965;1.082825;0.137255;0.137255;0.000000;153.584326;1.113009;9.874764;8.708150;2.360223;5.570653;10.152911;0.590554;1.196725;0.138899;2.745250;0.068627;0.068627;0.000000;10230.353873;0.190222;0.387665;0.419385;0.594798;0.353785;0.709978;0.350714;0.107102;-0.430487;0.731164;0.186275;0.186275;0.000000;33.372004;2.137362;-1.545291;-2.295500;14.880747;221.436625;14.960767;7.741287;-0.360791;-0.203515;22.212825;0.196078;0.196078;1.505882;11539.563904;2.834328;-5.602705;-4.343150;18.215690;331.811354;19.057850;4.873366;-0.115241;-1.056852;31.159500;0.068627;0.068627;2.007843;20125.833253;2.116219;0.000000;0.000000;-0.042768;0.244444;0.200238;0.270554;0.000000;-0.018627;0.203039;0.000000;0.000000;-0.154142;-0.560079;-0.174821;-0.205171;10.429849;5.157928;14.021496;5.627298;0.710292;0.000000;9.932208;3.017578;0.471130;113.939682;587.530281
3.000000;3.000000;0.000000;0.000000;3.000000;0.000000;0.000000;0.000000;0.000000;0.000000;0.000000;0.000000;918.000000;-0.000000;0.883051;0.797060;0.835877;0.698690;1.215923;0.240180;0.509441;0.116035;1.162733;0.107843;0.107843;0.000000;115.199491;1.365425;10.112348;8.947700;2.389323;5.708863;10.390787;0.584861;0.803214;-0.613143;3.814300;0.068627;0.068627;0.000000;10721.683541;0.180045;0.420311;0.367050;0.690224;0.476409;0.808128;0.319695;0.331308;-0.205641;0.769149;0.215686;0.215686;0.000000;42.318742;2.188753;-5.364542;-5.942750;18.820774;354.221543;19.570382;7.560641;-0.181423;-0.439738;30.227000;0.107843;0.107843;1.003922;21016.615330;2.523414;-17.053523;-7.050050;33.555256;1125.955183;37.640110;4.599109;-1.618577;2.008703;29.668425;0.068627;0.068627;0.000000;87099.180496;1.951124;0.000000;0.000000;0.297196;-0.137297;-0.100812;0.579795;0.000000;0.011782;-0.285102;0.000000;0.000000;-0.269928;-0.278632;-0.134311;-0.229993;10.633029;5.385602;14.094091;5.835431;0.635563;0.000000;10.151437;3.017578;0.298655;118.446915;1800.430764
3.000000;3.000000;0.000000;0.000000;3.000000;0.000000;0.000000;0.000000;0.000000;0.000000;0.000000;0.000000;918.000000;-0.000000;0.589473;0.578145;1.022617;1.045746;1.180350;0.211867;0.030887;-0.505069;1.429622;0.098039;0.098039;0.000000;88.780985;1.804616;9.950608;9.583100;1.716594;2.946694;10.097588;0.444716;0.980686;0.822518;1.837975;0.107843;0.107843;0.000000;10249.864998;0.110762;0.228733;0.263605;0.797962;0.636743;0.830097;0.277347;0.332168;-0.692678;1.256668;0.107843;0.107843;0.501961;37.812923;2.002175;-4.649766;-3.110250;15.903739;252.928898;16.569527;5.203231;-0.645180;0.934654;17.095725;0.107843;0.107843;0.501961;15106.986241;2.154446;-79.253227;-102.525000;62.408902;3894.871085;100.875889;4.013697;0.260665;-1.557855;125.924575;0.009804;0.009804;0.000000;839351.494857;0.807675;0.000000;0.000000;0.267429;-0.368196;0.427918;-0.044297;0.000000;-0.186179;-0.144941;0.000000;0.000000;0.144172;-0.161565;0.034593;-0.349227;10.467277;2.790628;13.901372;3.086567;0.945402;0.000000;10.015583;3.017578;0.459857;112.354516;10451.183287
3.000000;3.000000;0.000000;0.000000;3.000000;0.000000;0.000000;0.000000;0.000000;0.000000;0.000000;0.000000;918.000000;-0.000000;0.817099;0.967590;1.009529;1.019148;1.298768;0.189677;-0.541647;-0.396315;1.334445;0.078431;0.078431;0.000000;120.076972;1.344976;9.800506;9.668900;0.697487;0.486488;9.825294;0.288619;-0.146221;-0.013860;0.972475;0.147059;0.147059;0.000000;9821.907212;0.023901;-0.013079;-0.146070;0.629367;0.396103;0.629503;0.234124;0.498885;-0.711174;0.941675;0.107843;0.107843;1.003922;20.219512;2.112915;0.824551;0.298965;11.763270;138.374512;11.792133;3.633743;-0.150197;0.601859;12.434650;0.117647;0.117647;1.003922;7127.062692;2.183721;-74.900489;-102.380000;71.007036;5041.999141;103.208926;4.367515;0.408450;-1.398472;131.508400;0.009804;0.009804;0.000000;829399.697396;0.884019;0.000000;0.000000;-0.031892;-0.292951;0.154978;0.170433;0.000000;0.043949;0.096681;0.000000;0.000000;0.144379;0.334693;0.095248;-0.063359;10.333107;0.450104;13.916708;1.030193;0.490350;0.000000;9.813787;3.017578;0.018515;107.223203;10791.533096
3.000000;3.000000;0.000000;0.000000;3.000000;0.000000;0.000000;0.000000;0.000000;0.000000;0.000000;0.000000;918.000000;-0.000000;1.129468;0.958975;0.783179;0.613369;1.374434;0.162346;0.324775;-0.961661;1.094752;0.019608;0.019608;0.000000;161.405429;0.788740;9.740223;9.551700;1.402631;1.967374;9.840697;0.331542;1.274132;2.738926;0.999625;0.127451;0.127451;0.000000;9777.281082;0.078156;-0.276854;-0.171510;0.897129;0.804841;0.938877;0.245693;-1.017006;1.535348;0.884213;0.166667;0.166667;0.501961;48.867286;2.012180;0.721339;-0.339010;13.860653;192.117709;13.879411;4.244560;0.017360;-0.375544;17.609575;0.127451;0.127451;1.003922;9852.190737;1.947624;-13.770725;-5.750100;41.462571;1719.144762;43.689560;3.993654;-1.391303;2.159620;41.776250;0.029412;0.029412;0.501961;107037.385564;1.829445;0.000000;0.000000;0.524416;-0.049840;-0.090924;0.324667;0.000000;0.161683;0.257267;0.000000;0.000000;0.055657;0.562444;0.130852;-0.320633;10.285886;1.928917;13.877829;2.200879;0.405416;0.000000;9.957853;3.017578;-0.008188;107.728377;2102.297144
3.000000;3.000000;0.000000;0.000000;3.000000;0.000000;0.000000;0.000000;0.000000;0.000000;0.000000;0.000000;918.000000;-0.000000;1.266664;1.259900;0.675639;0.456488;1.435593;0.145121;0.152212;-0.740253;1.031590;0.058824;0.058824;0.000000;186.933838;0.604332;9.725241;9.373900;1.899930;3.609733;9.909089;0.428025;0.919939;0.078985;1.657875;0.088235;0.088235;0.000000;9831.290403;0.124848;-0.597594;-0.442580;0.879404;0.773352;1.063236;0.231555;-0.822830;0.465105;1.001752;0.098039;0.098039;0.000000;75.876165;1.595319;1.583375;2.253150;11.433833;130.732532;11.542946;4.169976;-0.002150;-0.457474;14.242925;0.137255;0.137255;0.501961;6923.617125;2.494946;1.783837;2.171550;18.977707;360.153358;19.061360;3.035803;-0.449403;-0.471248;23.359850;0.068627;0.068627;0.501961;18693.163659;1.438441;0.000000;0.000000;0.284653;0.079326;-0.004980;0.331714;0.000000;0.030296;0.166969;0.000000;0.000000;0.287193;0.360365;0.244538;-0.546973;10.289303;3.381216;13.993485;3.687676;0.418805;0.000000;10.003564;3.017578;-0.623011;109.250975;497.705513
3.000000;3.000000;0.000000;0.000000;3.000000;0.000000;0.000000;0.000000;0.000000;0.000000;0.000000;0.000000;918.000000;-0.000000;1.007682;0.884395;0.625627;0.391410;1.186100;0.159108;0.672153;-0.320502;0.989530;0.039216;0.039216;0.000000;123.535200;0.735097;9.880102;9.777650;1.970564;3.883123;10.074698;0.511521;0.632584;-0.186905;2.125600;0.107843;0.107843;0.000000;10154.943303;0.129316;-0.562281;-0.483775;0.818610;0.670123;0.993118;0.252976;-1.113332;1.890782;0.750502;0.107843;0.107843;0.000000;66.433359;1.898885;5.061213;3.601700;15.504581;240.392046;16.309749;4.568627;0.594591;-0.054459;21.735400;0.147059;0.147059;1.003922;14875.762340;2.119466;8.818101;5.559000;21.194056;449.188009;22.955324;3.425402;0.768268;0.277029;28.669875;0.049020;0.049020;0.501961;30845.195166;1.998417;0.000000;0.000000;0.226673;0.283489;0.097202;0.664952;0.000000;-0.221387;0.158886;0.000000;0.000000;-0.030365;0.098631;0.238424;-0.186539;10.407036;3.599983;13.887784;3.944013;0.372841;0.000000;10.116841;3.017578;-0.593299;111.906371;793.941128
3.000000;3.000000;0.000000;0.000000;3.000000;0.000000;0.000000;0.000000;0.000000;0.000000;0.000000;0.000000;918.000000;-0.000000;1.497435;1.817050;0.990581;0.981252;1.795428;0.183699;0.210467;-1.270284;1.677927;0.019608;0.019608;0.000000;278.765487;0.714428;9.539177;9.405400;2.093929;4.384539;9.766291;0.547610;0.724122;0.201401;2.377025;0.147059;0.147059;0.000000;9505.203576;0.157618;-1.470631;-0.962235;1.413434;1.997795;2.039743;0.319494;-0.924646;0.151167;1.895323;0.058824;0.058824;0.000000;322.506970;1.136508;8.826574;6.939350;18.015680;324.564729;20.061733;8.371867;0.101653;-0.619336;27.696700;0.166667;0.166667;0.000000;24499.460978;2.410772;54.726568;53.877000;60.211106;3625.377342;81.365684;5.016593;0.289353;-1.338545;112.104275;0.019608;0.019608;0.000000;490383.961696;0.763754;0.000000;0.000000;-0.052226;0.254594;-0.528202;0.277288;0.000000;-0.125461;-0.246510;0.000000;0.000000;-0.606905;0.701868;0.195373;0.125480;10.185918;3.851078;14.036612;4.431429;0.987488;0.000000;9.970779;3.017578;-1.288193;107.604008;7027.008258
3.000000;3.000000;0.000000;0.000000;3.000000;0.000000;0.000000;0.000000;0.000000;0.000000;0.000000;0.000000;918.000000;-0.000000;1.698118;1.941300;1.018604;1.037554;1.980191;0.175227;-0.348255;-0.985036;1.699440;0.039216;0.039216;0.000000;347.043332;0.648717;9.304664;9.397350;1.575557;2.482381;9.437115;0.382398;0.801770;2.367633;1.332075;0.166667;0.166667;0.000000;8957.442357;0.108766;-1.231985;-0.807045;1.509183;2.277632;1.948183;0.305370;-0.891496;0.245377;2.059782;0.029412;0.029412;0.000000;270.974560;1.412625;4.407015;9.060500;20.539858;421.885753;21.007321;9.291230;-1.189685;2.149398;17.528225;0.205882;0.205882;1.003922;23500.158473;2.814687;80.337029;72.878000;39.196337;1536.352837;89.388988;5.271426;0.567066;-0.893634;57.233250;0.039216;0.039216;0.000000;736666.462266;0.432281;0.000000;0.000000;-0.119640;-0.025406;-0.593891;0.191903;0.000000;-0.027910;-0.401683;0.000000;0.000000;-0.595919;0.287218;0.076379;-0.067291;9.993087;2.118518;14.020860;2.532288;1.022498;0.000000;9.640495;3.017578;-1.994293;101.980306;8435.494079
3.000000;3.000000;0.000000;0.000000;3.000000;0.000000;0.000000;0.000000;0.000000;0.000000;0.000000;0.000000;918.000000;-0.000000;1.139260;1.129250;0.986640;0.973458;1.507107;0.226552;-0.032852;-0.540917;1.347672;0.058824;0.058824;0.000000;182.046726;1.088380;9.580882;9.384800;1.581090;2.499846;9.710466;0.389118;1.374348;2.067392;1.441275;0.176471;0.176471;0.000000;9490.427285;0.096355;0.048549;-0.004841;0.723976;0.524141;0.725602;0.336940;0.542256;0.360241;0.868258;0.166667;0.166667;1.003922;26.978080;2.740500;1.110656;7.085500;19.075166;363.861947;19.107472;7.263312;-1.643000;2.780075;20.039975;0.088235;0.088235;1.505882;18684.481360;2.564769;29.262703;28.093000;32.336860;1045.672527;43.611676;4.381917;0.066337;-1.067000;54.144062;0.039216;0.039216;0.000000;140675.538844;1.018506;0.000000;0.000000;0.417417;0.131621;-0.147342;-0.183155;0.000000;-0.066157;-0.115017;0.000000;0.000000;-0.410411;-0.329384;-0.274345;-0.127948;10.156547;2.409082;13.830935;2.767009;0.740684;0.000000;9.849873;3.017578;-0.064243;105.564524;2267.600289
3.000000;3.000000;0.000000;0.000000;3.000000;0.000000;0.000000;0.000000;0.000000;0.000000;0.000000;0.000000;918.000000;-0.000000;0.995094;1.002585;0.844661;0.713452;1.305245;0.282701;0.044301;0.483979;0.947105;0.127451;0.127451;0.000000;137.393786;1.249460;9.988809;9.043600;2.183263;4.766638;10.224624;0.560019;0.722333;-0.969136;3.791375;0.049020;0.049020;0.000000;10420.285326;0.159212;0.442979;0.369565;0.821486;0.674839;0.933311;0.392994;0.136081;-0.251396;1.014185;0.215686;0.215686;0.000000;54.432314;2.301645;-3.852480;-0.338501;17.661361;311.923687;18.076650;8.521751;-0.844469;0.384401;24.539325;0.176471;0.176471;0.501961;17422.911639;2.750607;-1.975518;-3.563250;19.757291;390.350563;19.855811;4.668866;0.344818;-0.426179;26.127450;0.068627;0.068627;2.007843;20323.370844;2.358076;0.000000;0.000000;0.331700;-0.156837;0.199378;-0.140344;0.000000;0.167076;-0.048094;0.000000;0.000000;-0.410133;-0.310827;-0.198219;-0.067894;10.524032;4.491359;14.091909;4.905029;0.629319;0.000000;10.056129;3.017578;0.313612;115.246604;721.889594
3.000000;3.000000;0.000000;0.000000;3.000000;0.000000;0.000000;0.000000;0.000000;0.000000;0.000000;0.000000;918.000000;-0.000000;1.128066;1.139500;0.718879;0.516787;1.337654;0.239535;0.112813;-0.207730;0.997970;0.088235;0.088235;0.000000;156.159662;0.820494;10.184145;9.004100;2.207773;4.874260;10.420704;0.510435;0.641090;-1.247734;4.279050;0.049020;0.049020;0.000000;10827.712067;0.155528;0.644966;0.698795;0.753990;0.568501;0.992210;0.340474;-0.526478;0.246141;0.947730;0.215686;0.215686;0.000000;71.429684;1.690201;-2.740304;3.528000;16.279576;265.024586;16.508599;7.203087;-1.023322;0.778258;22.407550;0.147059;0.147059;0.501961;14282.791278;2.692373;12.161106;6.086550;34.050827;1159.458833;36.157314;4.467608;1.060786;0.634322;25.007425;0.068627;0.068627;0.501961;74232.261181;1.844727;0.000000;0.000000;-0.134717;0.056934;-0.348959;0.074176;0.000000;0.266113;0.351663;0.000000;0.000000;0.155295;-0.116035;-0.401878;-0.193365;10.720269;4.456214;14.339746;4.933090;0.511334;0.000000;10.218554;3.017578;0.640958;119.380390;1580.869664
3.000000;3.000000;0.000000;0.000000;3.000000;0.000000;0.000000;0.000000;0.000000;0.000000;0.000000;0.000000;918.000000;-0.000000;1.482244;1.394400;0.978189;0.956854;1.775923;0.195687;0.050366;-0.732674;1.234983;0.058824;0.058824;0.000000;272.898658;0.784142;9.786308;9.341300;1.778312;3.162394;9.946568;0.444627;0.999982;0.489690;1.661450;0.088235;0.088235;0.000000;9930.010357;0.120969;0.243366;0.411000;0.754032;0.568564;0.792333;0.230435;-0.193626;-1.011717;1.150135;0.088235;0.088235;1.003922;35.053289;2.329568;13.361430;12.883000;13.412888;179.905565;18.932337;4.617986;-0.170397;0.353830;17.239100;0.147059;0.147059;0.000000;27396.089699;1.452186;69.599239;83.070500;49.251820;2425.741808;85.263098;3.929287;-0.094292;-1.242259;90.858750;0.029412;0.029412;0.000000;617844.764428;0.845006;0.000000;0.000000;-0.173143;-0.340110;-0.727156;0.561110;0.000000;0.217680;0.183311;0.000000;0.000000;-0.223091;-0.030119;-0.180944;-0.311996;10.405024;2.823593;14.311415;3.234495;0.925538;0.000000;9.896144;3.017578;0.550200;111.088117;7628.856992
3.000000;3.000000;0.000000;0.000000;3.000000;0.000000;0.000000;0.000000;0.000000;0.000000;0.000000;0.000000;918.000000;-0.000000;1.359302;1.148800;1.131258;1.279745;1.768459;0.182706;0.117172;-1.172882;1.982252;0.019608;0.019608;0.000000;253.732640;0.898134;9.643639;9.611500;1.025815;1.052296;9.698045;0.347687;-0.523722;0.929574;1.104700;0.127451;0.127451;0.000000;9539.651765;0.048241;-0.017813;0.024566;0.627534;0.393799;0.627787;0.250235;-0.077966;-1.112258;1.139215;0.127451;0.127451;0.501961;20.136239;2.318874;10.270755;13.932500;21.172395;448.270325;23.532079;4.683365;-0.903755;0.200399;26.569093;0.107843;0.107843;0.000000;33621.662274;1.740578;76.391344;83.522000;49.735494;2473.619326;91.155125;4.415238;-0.438723;-0.665491;66.978750;0.029412;0.029412;0.000000;721398.212528;0.676896;0.000000;0.000000;0.031994;-0.322235;-0.548594;0.573104;0.000000;0.131656;-0.038672;0.000000;0.000000;-0.405341;0.393381;0.258700;-0.267491;10.257616;0.960839;14.088188;1.298381;1.056749;0.000000;9.695985;3.017578;-0.094627;106.179520;8863.409635
3.000000;3.000000;0.000000;0.000000;3.000000;0.000000;0.000000;0.000000;0.000000;0.000000;0.000000;0.000000;918.000000;-0.000000;0.966675;0.857000;0.816730;0.667048;1.265507;0.175301;0.330170;-0.397439;1.252193;0.058824;0.058824;0.000000;129.336417;1.023632;9.818986;9.631200;1.488849;2.216672;9.931222;0.381323;1.050395;2.197195;1.207525;0.147059;0.147059;0.000000;9947.128558;0.086132;0.098757;0.346480;0.899184;0.808532;0.904591;0.284791;-0.785585;0.340585;1.275390;0.088235;0.088235;1.003922;42.232019;2.231544;2.103658;7.151550;17.857620;318.894583;17.981100;5.068430;-0.691865;0.330658;22.637075;0.098039;0.098039;1.003922;16721.516779;1.881171;25.053282;11.936500;39.424931;1554.325147;46.711798;3.929994;1.358328;1.330100;48.994250;0.049020;0.049020;0.000000;143316.153739;1.692086;0.000000;0.000000;-0.156149;0.073467;-0.366929;0.068570;0.000000;-0.117407;-0.092399;0.000000;0.000000;-0.236475;0.574578;0.289104;-0.043288;10.354066;2.023983;13.846788;2.261772;0.650499;0.000000;10.016401;3.017578;0.118720;109.230671;2506.130354
3.000000;3.000000;0.000000;0.000000;3.000000;0.000000;0.000000;0.000000;0.000000;0.000000;0.000000;0.000000;918.000000;-0.000000;0.855144;0.576345;0.669146;0.447756;1.085830;0.153734;0.830279;0.022581;1.072067;0.058824;0.058824;0.000000;97.425458;0.952115;9.814317;9.564200;1.959732;3.840551;10.008065;0.459052;0.987504;0.381611;1.555100;0.127451;0.127451;0.000000;10020.591748;0.132487;0.068874;0.316095;0.962270;0.925963;0.964732;0.272354;-0.786480;0.066196;1.330305;0.098039;0.098039;1.003922;47.713466;1.860552;2.351890;4.593450;14.069386;197.947616;14.264607;5.293044;-0.278255;-0.821889;23.125675;0.127451;0.127451;1.003922;10659.605762;2.184207;-3.510622;-4.496150;11.594861;134.440792;12.114671;2.762876;0.502556;-0.275938;14.291125;0.098039;0.098039;0.501961;8113.712801;1.352698;0.000000;0.000000;0.278993;0.527492;-0.146581;0.162327;0.000000;-0.149385;-0.078515;0.000000;0.000000;-0.284420;0.177894;0.137636;-0.069226;10.330495;3.621267;13.675963;3.917966;0.412800;0.000000;10.103047;3.017578;0.080761;110.340390;351.174974
3.000000;3.000000;0.000000;0.000000;3.000000;0.000000;0.000000;0.000000;0.000000;0.000000;0.000000;0.000000;918.000000;-0.000000;1.025599;1.108150;0.686343;0.471067;1.234066;0.148298;0.295837;-0.586494;1.112485;0.058824;0.058824;0.000000;131.314388;0.794833;9.794756;9.521150;1.913988;3.663349;9.980010;0.429694;1.163480;0.628860;1.374925;0.098039;0.098039;0.000000;9972.431565;0.128189;-0.007747;0.171995;0.824291;0.679456;0.824328;0.292228;-0.883308;0.587780;0.876572;0.137255;0.137255;1.003922;34.658826;1.869101;1.595534;3.544750;15.528153;241.123541;15.609909;5.350779;-0.134354;-1.004581;25.191500;0.117647;0.117647;1.003922;12557.233342;1.935937;-0.180837;-3.693200;15.201678;231.091004;15.202753;2.680019;0.510113;-0.858556;23.883750;0.049020;0.049020;0.501961;11789.019050;0.737751;0.000000;0.000000;0.183470;0.593143;-0.125565;0.162003;0.000000;0.076281;-0.116158;0.000000;0.000000;-0.160088;0.227296;0.029023;-0.322744;10.328661;3.442282;13.833436;3.717893;0.457457;0.000000;10.092224;3.017578;-0.030026;110.123511;475.472492
3.000000;3.000000;0.000000;0.000000;3.000000;0.000000;0.000000;0.000000;0.000000;0.000000;0.000000;0.000000;918.000000;-0.000000;1.152827;1.132500;0.617550;0.381369;1.307814;0.152219;0.110744;-0.167468;0.864332;0.098039;0.098039;0.000000;155.009298;0.609578;9.792491;9.619450;1.848476;3.416862;9.965428;0.439840;1.083136;0.609211;1.496150;0.107843;0.107843;0.000000;9955.334910;0.120176;-0.345276;-0.049163;0.977292;0.955099;1.036492;0.308530;-1.270301;1.898973;1.027475;0.078431;0.078431;1.003922;60.875816;2.049964;0.921291;-0.128290;13.701691;187.736335;13.732629;5.507989;-0.378687;0.503915;19.647975;0.088235;0.088235;1.003922;9661.236101;2.560298;20.802370;14.834000;24.804501;615.263283;32.372857;3.403029;0.896734;-0.287533;30.322283;0.068627;0.068627;0.000000;75521.657196;1.432561;0.000000;0.000000;0.105777;0.496606;0.038486;-0.017998;0.000000;0.124062;-0.356075;0.000000;0.000000;0.002189;-0.374498;0.149237;-0.311526;10.335774;3.191897;13.958399;3.455535;0.380301;0.000000;10.131568;3.017578;-0.252591;110.020123;1237.661303
3.000000;3.000000;0.000000;0.000000;3.000000;0.000000;0.000000;0.000000;0.000000;0.000000;0.000000;0.000000;918.000000;-0.000000;1.527489;1.634700;0.776942;0.603638;1.713728;0.165388;-0.001645;-1.261069;1.359200;0.039216;0.039216;0.000000;268.774396;0.522293;9.738121;9.673800;1.391783;1.937059;9.837075;0.366816;1.075032;2.226657;1.048550;0.156863;0.156863;0.000000;9771.555562;0.077927;-0.215689;-0.044792;0.923634;0.853099;0.948483;0.300914;-1.438195;3.635523;0.843202;0.117647;0.117647;0.501961;48.253653;2.246267;7.044400;6.176050;17.637409;311.078198;18.992150;5.427901;-0.051922;-0.258143;24.200125;0.117647;0.117647;0.501961;20926.631320;1.999127;70.160862;78.292000;48.594459;2361.421400;85.346166;3.797135;-0.204228;-1.122678;77.838000;0.029412;0.029412;0.000000;622543.935164;0.691097;0.000000;0.000000;0.348255;0.252581;0.425489;0.612014;0.000000;0.409620;-0.194172;0.000000;0.000000;0.111489;0.266298;0.183304;-0.178839;10.336909;1.853223;14.265610;2.056220;0.509633;0.000000;10.013146;3.017578;-0.402299;108.704914;7645.569363
3.000000;3.000000;0.000000;0.000000;3.000000;0.000000;0.000000;0.000000;0.000000;0.000000;0.000000;0.000000;918.000000;-0.000000;1.454593;1.936700;1.017902;1.036125;1.775378;0.186574;-0.555826;-0.893342;1.638320;0.019608;0.019608;0.000000;268.658378;0.772785;9.650941;9.593500;0.779761;0.608028;9.682391;0.291025;0.012857;0.489240;0.760400;0.147059;0.147059;0.000000;9531.402078;0.030466;0.080879;0.047660;0.649232;0.421502;0.654250;0.285394;0.222335;-0.165270;0.838548;0.176471;0.176471;1.003922;22.167571;2.276675;9.290104;8.427850;16.519159;272.882623;18.952273;5.313700;-0.065104;-0.549549;24.952525;0.098039;0.098039;0.000000;22720.814655;1.817603;66.605236;79.691000;50.943886;2595.279537;83.854261;4.095861;-0.169834;-1.066120;73.262000;0.009804;0.009804;0.000000;584863.685767;0.659603;0.000000;0.000000;0.099107;-0.095065;0.175989;0.489728;0.000000;0.332167;0.117299;0.000000;0.000000;0.305257;0.599284;0.191370;-0.256340;10.262857;0.574431;14.203316;1.060519;0.599912;0.000000;9.959639;3.017578;0.203745;105.900659;7391.153739
3.000000;3.000000;0.000000;0.000000;3.000000;0.000000;0.000000;0.000000;0.000000;0.000000;0.000000;0.000000;918.000000;-0.000000;1.054966;0.948005;0.948765;0.900156;1.418841;0.217506;0.047537;-0.838263;1.316665;0.058824;0.058824;0.000000;159.429458;1.122611;9.652477;9.336700;1.350827;1.824735;9.746541;0.402081;1.107399;0.584747;1.355950;0.098039;0.098039;0.000000;9596.437914;0.072857;0.162746;0.299455;0.712642;0.507858;0.730989;0.319954;-0.300902;-0.336217;0.975612;0.215686;0.215686;1.003922;28.603494;2.643112;-0.590925;-0.251805;14.210819;201.947369;14.223100;6.595573;-0.272468;0.059457;16.700075;0.176471;0.176471;1.505882;10342.256648;2.446786;14.999180;18.191000;27.878220;777.195174;31.657078;4.429634;0.065521;-1.137862;53.215250;0.049020;0.049020;0.000000;62591.709149;1.893123;0.000000;0.000000;0.159488;0.043176;0.212376;0.099862;0.000000;0.140623;-0.111364;0.000000;0.000000;0.426258;0.225934;-0.221972;-0.016317;10.211438;1.734706;13.828444;1.886401;0.865468;0.000000;9.856642;3.017578;0.108375;106.008165;1205.001495
3.000000;3.000000;0.000000;0.000000;3.000000;0.000000;0.000000;0.000000;0.000000;0.000000;0.000000;0.000000;918.000000;-0.000000;0.809221;0.722040;0.808538;0.653734;1.143928;0.234924;0.360827;-0.181926;1.280385;0.078431;0.078431;0.000000;100.139116;1.326905;9.711096;8.889100;2.194662;4.816542;9.956000;0.565775;1.258407;0.987854;2.383725;0.098039;0.098039;0.000000;9864.793126;0.165873;0.588045;0.622365;0.644193;0.414985;0.872228;0.360295;-0.708208;1.392559;0.776123;0.205882;0.205882;0.000000;56.489237;1.689176;-0.858891;-0.266385;14.493399;210.058606;14.518826;7.205088;-0.196953;0.130974;18.190325;0.176471;0.176471;1.003922;10802.966570;2.623715;4.935889;3.754400;20.894303;436.571900;21.469394;4.254435;0.331949;-0.690860;34.278500;0.068627;0.068627;2.007843;24750.839040;1.923110;0.000000;0.000000;-0.045362;0.065307;0.103191;0.029988;0.000000;-0.053351;0.093047;0.000000;0.000000;-0.062456;-0.261419;-0.043120;-0.205298;10.246409;4.441606;13.624498;4.865802;0.658635;0.000000;9.962613;3.017578;0.467956;109.430501;672.491979
3.000000;3.000000;0.000000;0.000000;3.000000;0.000000;0.000000;0.000000;0.000000;0.000000;0.000000;0.000000;918.000000;-0.000000;1.112179;1.112600;0.927498;0.860252;1.448169;0.221021;-0.003818;-0.871520;1.497258;0.058824;0.058824;0.000000;170.049697;0.984464;9.687836;8.838950;2.346534;5.506221;9.967968;0.611236;1.241799;0.646503;2.413950;0.098039;0.098039;0.000000;9854.174959;0.184244;0.631953;0.694420;0.653587;0.427176;0.909143;0.396240;-0.402006;0.222064;0.765845;0.225490;0.225490;0.000000;62.591134;1.716589;1.223677;2.456550;14.139224;199.917645;14.192076;7.457134;-0.352609;-0.214874;20.092025;0.196078;0.196078;2.007843;10348.921143;2.836754;-2.917616;-5.130750;28.353783;803.937037;28.503500;4.639665;0.742723;1.578452;32.860750;0.049020;0.049020;0.501961;41872.266774;2.349482;0.000000;0.000000;-0.062609;0.163127;0.228712;0.283880;0.000000;-0.119486;-0.151448;0.000000;0.000000;-0.015086;0.059407;0.023064;-0.331726;10.267914;5.027523;13.888227;5.564770;0.864736;0.000000;10.061183;3.017578;0.722547;110.457587;1014.691092
3.000000;3.000000;0.000000;0.000000;3.000000;0.000000;0.000000;0.000000;0.000000;0.000000;0.000000;0.000000;918.000000;-0.000000;1.319517;1.321750;0.836179;0.699196;1.562152;0.222142;-0.048217;-0.670616;1.375820;0.107843;0.107843;0.000000;213.254583;0.867943;10.003787;9.279850;2.194509;4.815871;10.241661;0.575441;0.928709;-0.155804;2.888850;0.098039;0.098039;0.000000;10453.507981;0.156464;-0.097735;-0.266270;0.783982;0.614628;0.790051;0.354226;0.498121;-0.338745;1.273800;0.186275;0.186275;0.501961;32.325242;2.789292;7.302784;9.203900;16.151230;260.862224;17.725487;7.324876;-0.525653;-0.488181;21.816210;0.176471;0.176471;0.000000;18744.740250;2.412284;45.263802;67.120500;60.937414;3713.368369;75.909025;4.856853;-0.218090;-1.504758;114.508750;0.009804;0.009804;0.000000;398403.249377;1.214088;0.000000;0.000000;-0.186750;-0.078892;-0.538387;0.481624;0.000000;0.057913;0.028675;0.000000;0.000000;0.300413;-0.268375;-0.173448;-0.336189;10.581907;4.355200;14.358653;4.892165;0.677507;0.000000;10.311417;3.017578;0.150338;116.331950;6076.997199
3.000000;3.000000;0.000000;0.000000;3.000000;0.000000;0.000000;0.000000;0.000000;0.000000;0.000000;0.000000;918.000000;-0.000000;1.481372;1.471100;1.009396;1.018880;1.792580;0.207547;-0.149112;-1.105518;1.692837;0.019608;0.019608;0.000000;275.808958;0.736312;10.038811;9.694450;1.692731;2.865338;10.180524;0.431414;1.360263;2.209917;1.525675;0.098039;0.098039;0.000000;10425.489164;0.102261;-0.718969;-0.751625;0.442835;0.196103;0.844404;0.294233;0.096320;-0.686371;0.560423;0.333333;0.333333;0.000000;62.741681;0.921215;11.475968;16.556500;20.064656;402.590436;23.114677;6.379098;-0.859959;0.014933;24.849425;0.117647;0.117647;0.000000;33965.938271;1.672046;89.719716;93.470000;30.884198;953.833661;94.886569;4.791248;-0.483108;-0.602717;49.754000;0.049020;0.049020;0.000000;869717.300363;0.316232;0.000000;0.000000;-0.259996;0.186059;0.003892;0.618530;0.000000;0.445810;0.166629;0.000000;0.000000;0.011755;0.194474;0.054538;-0.367781;10.643978;2.562134;14.556908;2.996031;0.926645;0.000000;10.463998;3.017578;-0.666565;115.856403;9538.462345
3.000000;3.000000;0.000000;0.000000;3.000000;0.000000;0.000000;0.000000;0.000000;0.000000;0.000000;0.000000;918.000000;-0.000000;1.214771;1.326850;1.134392;1.286845;1.662081;0.191626;0.104503;-1.383111;2.085765;0.058824;0.058824;0.000000;216.147891;0.944617;9.844920;9.656500;1.371133;1.880007;9.939942;0.444712;0.991588;2.328246;1.205225;0.117647;0.117647;0.000000;9981.982551;0.076768;-0.989914;-0.844745;0.942916;0.889090;1.367121;0.302354;-1.582718;2.736893;0.966888;0.127451;0.127451;0.000000;145.331465;1.283862;8.319138;12.517500;22.656916;513.335855;24.135947;7.992225;-0.519521;-0.512128;31.828800;0.127451;0.127451;1.003922;33239.387158;2.151163;45.609315;24.506500;44.159592;1950.069592;63.484480;4.886488;0.775439;-0.804836;60.904000;0.029412;0.029412;0.000000;311656.488265;0.993758;0.000000;0.000000;-0.200279;0.397464;0.151857;0.413360;0.000000;0.106844;-0.118782;0.000000;0.000000;-0.059150;0.775670;0.005623;0.170618;10.434562;1.684876;14.148225;2.033480;1.164727;0.000000;10.005011;3.017578;-0.803652;110.564963;4614.692117
3.000000;3.000000;0.000000;0.000000;3.000000;0.000000;0.000000;0.000000;0.000000;0.000000;0.000000;0.000000;918.000000;-0.000000;0.785485;0.597125;0.762378;0.581220;1.094627;0.187372;0.215303;-1.125821;1.246338;0.058824;0.058824;0.000000;92.582845;1.108867;9.661625;9.401150;1.922801;3.697163;9.851099;0.501314;0.737007;-0.101511;2.251825;0.107843;0.107843;0.000000;9709.948087;0.132593;-1.353240;-1.169300;1.063422;1.130866;1.721082;0.314943;-0.945787;0.365728;1.157522;0.117647;0.117647;0.000000;244.471757;1.009190;4.008616;8.962700;20.418915;416.932074;20.808678;8.447652;-0.414797;-0.232163;30.679500;0.117647;0.117647;1.003922;22903.030629;2.657446;0.994729;2.255700;14.955248;223.659436;14.988293;4.757565;-0.206617;-0.668308;21.796425;0.107843;0.107843;0.501961;11507.750778;1.775283;0.000000;0.000000;-0.013800;0.606737;0.268989;0.384183;0.000000;-0.363335;0.046421;0.000000;0.000000;-0.376965;-0.059466;-0.073939;0.032717;10.190600;3.394026;13.531561;3.733901;0.586842;0.000000;9.938351;3.017578;-1.146443;107.242358;660.612127
3.000000;3.000000;0.000000;0.000000;3.000000;0.000000;0.000000;0.000000;0.000000;0.000000;0.000000;0.000000;918.000000;-0.000000;1.077592;1.176950;0.626040;0.391927;1.246247;0.180987;-0.015985;-1.080479;0.976175;0.058824;0.058824;0.000000;138.432292;0.672579;9.596809;9.460800;1.956040;3.826091;9.794122;0.477221;0.768305;-0.255925;2.200700;0.117647;0.117647;0.000000;9589.204375;0.137232;-0.854129;-0.790755;1.002124;1.004253;1.316734;0.308295;-0.775542;0.625912;1.259826;0.107843;0.107843;0.000000;125.650690;1.426666;-2.028954;-2.004400;22.299909;497.285932;22.392021;8.028881;-0.622768;0.421569;27.010250;0.127451;0.127451;0.501961;25781.841930;2.278835;2.981966;-2.225150;19.590372;383.782658;19.816023;4.818727;0.216474;-1.008893;29.940000;0.039216;0.039216;0.501961;20483.426735;1.266787;0.000000;0.000000;0.079621;0.275804;0.621845;0.459072;0.000000;0.305987;-0.149514;0.000000;0.000000;0.041793;0.441060;-0.001649;-0.433190;10.147402;3.508198;13.678943;3.866766;0.393014;0.000000;9.714792;3.017578;-1.225640;106.477962;895.811153
3.000000;3.000000;0.000000;0.000000;3.000000;0.000000;0.000000;0.000000;0.000000;0.000000;0.000000;0.000000;918.000000;-0.000000;1.059804;1.091950;0.641334;0.411309;1.238747;0.149018;0.458709;-0.421001;1.012542;0.039216;0.039216;0.000000;135.546753;0.666524;9.799217;9.588850;1.810226;3.276916;9.965017;0.443748;0.856776;0.035540;1.809825;0.137255;0.137255;0.000000;9961.664813;0.112953;-0.345275;-0.169410;0.750452;0.563177;0.826070;0.295770;-1.335266;2.114190;0.845383;0.107843;0.107843;1.003922;40.885786;2.062801;-0.726846;-0.466050;21.446497;459.952215;21.458810;7.346786;-0.665996;0.932963;23.893050;0.137255;0.137255;1.003922;23511.508234;1.902282;32.390825;27.741500;29.930223;895.818258;44.101970;4.410530;0.645619;0.001844;27.175250;0.088235;0.088235;0.000000;152707.691100;1.199474;0.000000;0.000000;0.251324;0.363370;0.126263;0.454002;0.000000;0.107159;-0.341829;0.000000;0.000000;0.048692;-0.171371;0.152619;-0.466971;10.332795;3.069397;13.859021;3.339059;0.385684;0.000000;10.107749;3.017578;-0.313618;109.836059;2406.146682
3.000000;3.000000;0.000000;0.000000;3.000000;0.000000;0.000000;0.000000;0.000000;0.000000;0.000000;0.000000;918.000000;-0.000000;1.441259;1.486750;0.941125;0.885717;1.721320;0.150448;0.036571;-1.315245;1.691803;0.019608;0.019608;0.000000;257.050431;0.716874;9.745817;9.623950;1.329792;1.768346;9.836122;0.340175;1.200738;1.994030;0.987025;0.156863;0.156863;0.000000;9778.247660;0.071304;-0.260069;-0.120165;0.744699;0.554577;0.788805;0.272449;-1.238933;2.802690;0.849505;0.117647;0.117647;1.003922;35.185744;2.136509;8.583962;10.150100;17.807483;317.106441;19.768430;5.449527;-0.324080;-0.875692;31.069275;0.078431;0.078431;0.000000;23689.726872;2.006216;79.202626;86.320500;38.546138;1485.804790;88.084396;3.710725;-0.193802;-1.060717;60.268750;0.039216;0.039216;0.000000;715632.071526;0.415513;0.000000;0.000000;0.259873;0.223094;0.277903;0.465268;0.000000;0.461528;-0.206888;0.000000;0.000000;-0.077693;0.139704;0.223334;-0.374555;10.345807;1.676519;14.194934;1.893807;0.786533;0.000000;10.005957;3.017578;-0.395505;108.712231;8150.273882
3.000000;3.000000;0.000000;0.000000;3.000000;0.000000;0.000000;0.000000;0.000000;0.000000;0.000000;0.000000;918.000000;-0.000000;1.126652;0.654285;1.056069;1.115281;1.544223;0.196642;0.379950;-1.376578;1.948283;0.019608;0.019608;0.000000;186.360076;1.016650;9.578887;9.628950;0.911495;0.830823;9.622157;0.332564;0.576539;1.509970;1.054225;0.156863;0.156863;0.000000;9401.526516;0.041693;-0.056509;-0.078058;0.575674;0.331401;0.578441;0.322341;0.235385;0.076806;0.741393;0.245098;0.245098;0.501961;17.236526;2.804745;4.018066;4.433050;20.012270;400.490945;20.411658;6.434715;-0.300847;-0.804190;32.722500;0.098039;0.098039;0.501961;22072.313530;2.054785;57.151309;61.775500;55.819515;3115.818289;79.887987;4.411149;-0.042446;-1.424902;93.778525;0.009804;0.009804;0.000000;492098.253457;0.882486;0.000000;0.000000;-0.079348;-0.060027;-0.010461;0.537191;0.000000;0.721485;0.121688;0.000000;0.000000;-0.258324;0.676695;-0.011753;-0.142543;10.159910;0.746768;13.742992;1.145725;0.819647;0.000000;9.880412;3.017578;-0.066002;103.970529;6799.060798
3.000000;3.000000;0.000000;0.000000;3.000000;0.000000;0.000000;0.000000;0.000000;0.000000;0.000000;0.000000;918.000000;-0.000000;0.746053;0.608550;0.698135;0.487393;1.021757;0.243966;0.732958;0.251944;1.014690;0.068627;0.068627;0.000000;81.651063;1.328056;9.891768;9.157150;2.230046;4.973105;10.140028;0.563246;1.161687;0.448843;2.376950;0.117647;0.117647;0.000000;10234.158451;0.165171;-0.172902;-0.110250;0.611841;0.374350;0.635803;0.416194;-0.044028;0.143957;0.734123;0.303922;0.303922;0.501961;22.142005;2.984968;-1.139454;1.646450;16.937221;286.869450;16.975506;9.051760;-0.344272;-0.284094;23.710750;0.156863;0.156863;1.505882;14762.885490;2.661080;0.051852;-3.517400;21.913906;480.219271;21.913967;5.951850;0.392617;-0.692591;34.478250;0.068627;0.068627;2.007843;24497.126408;2.234270;0.000000;0.000000;0.125203;0.326405;0.079172;-0.006924;0.000000;0.274114;-0.011031;0.000000;0.000000;-0.020106;0.083355;-0.227347;-0.200823;10.403380;4.633843;13.684860;5.030881;0.483680;0.000000;9.802693;3.017578;-0.170495;112.864160;768.794011
3.000000;3.000000;0.000000;0.000000;3.000000;0.000000;0.000000;0.000000;0.000000;0.000000;0.000000;0.000000;918.000000;-0.000000;0.859814;0.846815;0.770773;0.594092;1.154717;0.299862;0.888030;1.379642;1.050685;0.098039;0.098039;0.000000;105.741247;1.348995;9.884591;8.591850;2.662796;7.090482;10.236973;0.717364;0.977138;-0.332850;4.006125;0.068627;0.068627;0.000000;10327.738690;0.213505;-0.234766;-0.190965;0.693179;0.480497;0.731855;0.472395;-1.355010;4.460812;0.807045;0.294118;0.294118;0.000000;30.212700;3.093133;2.605510;2.200650;15.283874;233.596815;15.504370;10.494501;-0.240913;-0.015111;19.812000;0.294118;0.294118;1.505882;12628.351889;3.228925;-16.623944;-15.874000;22.262822;495.633251;27.784686;6.446517;-0.243109;-0.267315;28.008825;0.137255;0.137255;0.000000;53465.689819;1.548476;0.000000;0.000000;0.376052;0.469635;0.222837;0.435452;0.000000;0.094525;0.101039;0.000000;0.000000;-0.138877;-0.112935;-0.203706;-0.146252;10.413435;6.689364;13.791539;7.252018;0.508641;0.000000;10.188853;3.017578;-0.197370;115.128997;1012.909882
3.000000;3.000000;0.000000;0.000000;3.000000;0.000000;0.000000;0.000000;0.000000;0.000000;0.000000;0.000000;918.000000;-0.000000;0.512703;0.290350;0.999483;0.998965;1.123312;0.330565;0.790086;0.938048;1.049801;0.117647;0.117647;0.000000;77.786247;2.236616;9.778845;9.217950;2.402801;5.773454;10.069720;0.685058;1.244477;0.821908;1.997250;0.107843;0.107843;0.000000;10048.622910;0.192983;-0.282121;-0.242225;0.677329;0.458774;0.733734;0.452711;-1.163608;4.604243;0.821808;0.264706;0.264706;0.000000;31.556728;2.962770;0.589981;1.283440;17.564436;308.509416;17.574342;10.588377;-0.915135;2.459538;22.549900;0.235294;0.235294;1.505882;15770.301632;3.154253;-33.232428;-36.718500;23.312295;543.463090;40.593809;6.708716;0.208766;-1.088526;41.203000;0.098039;0.098039;0.000000;140370.335355;0.889144;0.000000;0.000000;0.027747;0.207009;0.304760;0.203715;0.000000;-0.236784;0.246783;0.000000;0.000000;0.023932;-0.235534;-0.215465;-0.045238;10.310031;5.364349;13.562188;5.831556;1.007917;0.000000;9.679587;3.017578;-0.259116;111.661095;1957.253204
3.000000;3.000000;0.000000;0.000000;3.000000;0.000000;0.000000;0.000000;0.000000;0.000000;0.000000;0.000000;918.000000;-0.000000;0.451235;0.480085;1.307372;1.709222;1.383053;0.283723;0.101786;-0.516129;2.036545;0.078431;0.078431;0.501961;107.941450;2.000926;9.449462;8.944400;1.933353;3.737854;9.645215;0.466261;1.260332;0.979540;1.463375;0.078431;0.078431;0.000000;9298.450339;0.141811;-1.293736;-1.034700;1.096234;1.201728;1.695725;0.281142;-0.694057;-0.315227;1.495688;0.107843;0.107843;0.000000;232.011274;1.020461;-4.405961;-5.875350;17.402851;302.859230;17.951928;5.883796;0.017472;-0.737349;30.286750;0.078431;0.078431;1.003922;17427.980646;2.223771;63.409902;40.197000;41.366800;1711.212164;75.710157;3.466347;0.650141;-1.310670;81.333750;0.009804;0.009804;0.000000;497407.146128;0.662512;0.000000;0.000000;-0.147321;0.218257;-0.298963;-0.169298;0.000000;-0.214254;0.022901;0.000000;0.000000;-0.301851;0.722110;-0.138726;0.651359;10.025719;3.427972;13.574999;3.841710;1.659299;0.000000;9.465485;3.017578;-1.262572;103.943017;6057.175031
3.000000;3.000000;0.000000;0.000000;3.000000;0.000000;0.000000;0.000000;0.000000;0.000000;0.000000;0.000000;918.000000;-0.000000;-0.296787;-0.866210;1.877786;3.526080;1.901095;0.416568;0.231817;-1.121977;3.324575;0.058824;0.058824;0.501961;188.832720;1.696423;9.232915;9.212000;2.108576;4.446095;9.470629;0.580029;0.452605;1.458736;1.560275;0.147059;0.147059;0.000000;8921.968941;0.183666;-0.442442;-0.209200;1.320828;1.744587;1.392962;0.313823;-0.718818;-0.104638;1.902957;0.049020;0.049020;0.501961;108.947126;1.737606;-9.318632;-7.901700;18.448221;340.336846;20.668182;7.077404;-0.051817;-0.629377;27.873300;0.107843;0.107843;0.000000;26219.724299;2.129185;82.825833;78.482500;39.880811;1590.479098;91.927133;4.494723;-0.057030;-1.452651;79.590000;0.039216;0.039216;0.000000;780846.551899;0.425002;0.000000;0.000000;0.080356;-0.144490;-0.590669;-0.214861;0.000000;-0.063762;0.123466;0.000000;0.000000;-0.735256;0.611368;-0.400644;0.644932;9.920063;3.899324;13.943021;4.590409;3.460698;0.000000;9.648234;3.017578;-0.868804;102.306971;8879.711864
3.000000;3.000000;0.000000;0.000000;3.000000;0.000000;0.000000;0.000000;0.000000;0.000000;0.000000;0.000000;918.000000;-0.000000;-1.045795;-1.283900;1.680764;2.824967;1.979559;0.662885;-0.267423;0.491325;1.977665;0.127451;0.127451;0.000000;255.876432;2.217768;9.631598;9.277250;3.544561;12.563915;10.263118;1.177747;1.643527;3.277724;2.709850;0.147059;0.147059;0.000000;10103.401563;0.384346;0.754229;0.809480;1.108418;1.228590;1.340690;0.607163;-0.351984;0.520699;0.852182;0.225490;0.225490;0.000000;120.693890;2.290457;-5.910457;-9.490550;31.145625;970.049978;31.701474;20.062284;0.402222;1.546856;32.473375;0.186275;0.186275;3.011765;53244.242162;3.242391;27.693376;18.458500;53.807934;2895.293759;60.516253;5.414260;0.576600;-0.762649;83.426500;0.009804;0.009804;0.501961;225920.511345;1.526751;0.000000;0.000000;-0.086244;-0.297326;-0.497016;-0.181148;0.000000;-0.164838;-0.119325;0.000000;0.000000;-0.024315;-0.148238;-0.207662;0.433991;10.310702;11.939668;14.220778;12.715610;2.825637;0.000000;9.649253;3.017578;0.549029;118.250250;4668.997790
3.000000;3.000000;0.000000;0.000000;3.000000;0.000000;0.000000;0.000000;0.000000;0.000000;0.000000;0.000000;918.000000;-0.000000;-0.498382;-0.271490;1.634766;2.672460;1.709048;0.635566;-0.706786;1.573223;1.922325;0.098039;0.098039;2.007843;161.663890;2.611793;9.777852;8.364850;4.095839;16.775897;10.601051;1.458503;1.539726;1.688583;3.726250;0.098039;0.098039;0.000000;10608.014686;0.441156;1.072161;1.137550;1.126563;1.269145;1.555209;0.803382;-0.452307;0.684683;1.187585;0.274510;0.274510;0.000000;182.049893;1.740624;4.898198;3.345900;36.141087;1306.178176;36.471503;25.565340;-0.359721;1.514943;42.027250;0.196078;0.196078;3.011765;69094.089778;3.166751;-32.776375;-22.740500;33.420833;1116.952053;46.810713;4.882935;-1.274113;0.522746;29.737350;0.068627;0.068627;0.000000;166546.141765;1.215693;0.000000;0.000000;-0.119920;-0.563185;0.124791;-0.130483;0.000000;0.001202;0.241233;0.000000;0.000000;-0.108254;-0.451285;-0.172516;0.308164;10.404818;16.042896;14.050131;16.988014;2.652901;0.000000;10.387535;3.017578;1.188109;124.303130;3523.832035
3.000000;3.000000;0.000000;0.000000;3.000000;0.000000;0.000000;0.000000;0.000000;0.000000;0.000000;0.000000;918.000000;-0.000000;-0.854860;-1.078850;1.482823;2.198764;1.711593;0.481679;0.423956;-0.612061;2.096348;0.088235;0.088235;0.000000;186.677116;2.180581;9.912584;9.533450;3.355789;11.261319;10.465211;1.092376;1.625332;2.664474;2.526575;0.117647;0.117647;0.000000;10596.855050;0.330746;0.356276;0.329925;1.322646;1.749391;1.369790;0.702942;-0.926149;3.205292;1.501180;0.147059;0.147059;0.501961;102.225931;3.024471;4.004475;4.416450;30.605359;936.687981;30.866224;18.919741;-0.101267;4.459963;27.449000;0.264706;0.264706;2.007843;49434.001973;3.269791;-67.460713;-80.907000;40.320975;1625.781026;78.592167;4.911840;0.344792;-1.496315;81.551250;0.029412;0.029412;0.000000;547117.150496;0.671607;0.000000;0.000000;0.004201;-0.363981;0.303698;-0.155763;0.000000;0.210795;0.165762;0.000000;0.000000;0.032674;-0.186893;-0.425560;0.287452;10.537638;10.408385;14.358217;11.372866;2.220485;0.000000;9.913370;3.017578;0.662161;121.450196;7131.328900
3.000000;3.000000;0.000000;0.000000;3.000000;0.000000;0.000000;0.000000;0.000000;0.000000;0.000000;0.000000;918.000000;-0.000000;-0.953463;-1.411150;1.482616;2.198152;1.762738;0.390206;0.187801;-1.225828;2.561370;0.039216;0.039216;0.000000;204.852620;1.537860;10.098556;9.659350;2.472999;6.115726;10.396949;0.554359;2.033552;5.047646;1.680950;0.107843;0.107843;0.000000;10714.018987;0.205528;-0.388588;-0.062994;1.333720;1.778808;1.389175;0.447160;-0.993873;1.184780;1.462630;0.088235;0.088235;0.501961;106.134111;2.796538;5.511922;7.254300;22.695071;515.066239;23.354818;12.139780;0.434567;8.110709;21.217125;0.274510;0.274510;2.007843;29505.055208;3.305526;-64.584441;-58.954000;32.927220;1084.201792;72.493805;4.423287;-0.127440;-1.406665;63.550000;0.029412;0.029412;0.000000;480754.967760;0.465099;0.000000;0.000000;0.047637;-0.250995;-0.227340;0.260696;0.000000;-0.034486;0.145465;0.000000;0.000000;0.454428;0.036341;-0.261618;0.312288;10.705606;5.593801;14.616599;6.184127;2.212067;0.000000;10.806067;3.017578;-0.288497;120.203801;5802.729163
3.000000;3.000000;0.000000;0.000000;3.000000;0.000000;0.000000;0.000000;0.000000;0.000000;0.000000;0.000000;918.000000;-0.000000;-0.362851;-0.186650;1.278118;1.633585;1.328626;0.296739;-0.331477;-0.988549;2.248098;0.068627;0.068627;1.003922;96.743935;2.088636;9.918407;9.316400;2.157869;4.656399;10.150428;0.513080;1.103200;0.468040;2.327675;0.078431;0.078431;0.000000;10271.707761;0.146071;-0.862730;-0.504800;1.401803;1.965051;1.646011;0.339900;-0.436774;-0.847649;2.044212;0.127451;0.127451;0.000000;176.170629;1.631596;6.705398;7.372050;19.594196;383.932502;20.709777;7.673936;-0.051225;-0.156334;26.048650;0.196078;0.196078;1.505882;24181.199585;2.213686;-18.607803;-18.756500;28.138206;791.758611;33.734388;3.644241;-0.076735;-0.617654;42.085563;0.039216;0.039216;0.000000;75700.238127;1.459519;0.000000;0.000000;-0.089595;0.354406;-0.218969;-0.116567;0.000000;-0.327524;0.079652;0.000000;0.000000;0.340786;0.152847;0.073915;0.358738;10.466600;4.246717;14.024462;4.722767;1.629494;0.000000;9.937659;3.017578;-0.559030;113.796440;1569.613151
3.000000;3.000000;0.000000;0.000000;3.000000;0.000000;0.000000;0.000000;0.000000;0.000000;0.000000;0.000000;918.000000;-0.000000;-0.036865;-0.340970;1.380048;1.904533;1.380541;0.315091;0.894009;0.607422;1.865292;0.068627;0.068627;1.505882;97.270772;2.163630;9.861918;9.120150;2.319501;5.380083;10.131017;0.593528;1.111682;0.207492;2.901275;0.078431;0.078431;0.000000;10194.654789;0.177311;-1.328993;-0.982780;1.326295;1.759059;1.877573;0.340266;-0.620975;-0.871242;2.339155;0.078431;0.078431;0.000000;269.871526;1.267133;1.462604;2.976800;21.185919;448.843165;21.236346;7.423743;0.076895;-1.015161;35.427500;0.127451;0.127451;1.505882;23111.865685;2.154344;19.218153;7.569950;39.984304;1598.744526;44.363069;3.493458;0.849223;-0.489031;47.760000;0.029412;0.029412;0.000000;119225.586108;1.727196;0.000000;0.000000;-0.308383;0.426879;-0.273772;0.071902;0.000000;-0.228706;0.002496;0.000000;0.000000;-0.505891;0.709329;0.074060;0.503411;10.420767;4.951004;13.965214;5.696735;1.660006;0.000000;10.097784;3.017578;-1.205677;113.543395;2422.589576
3.000000;3.000000;0.000000;0.000000;3.000000;0.000000;0.000000;0.000000;0.000000;0.000000;0.000000;0.000000;918.000000;-0.000000;0.366986;-0.353660;1.543316;2.381824;1.586349;0.302517;0.532143;-1.003774;2.879062;0.039216;0.039216;0.501961;135.221329;1.490803;9.410133;9.265800;1.627104;2.647468;9.549768;0.447700;1.353276;1.982945;1.702375;0.137255;0.137255;0.000000;9167.184008;0.107505;-0.742883;-0.397455;1.273263;1.621200;1.474135;0.269139;-1.052983;0.505879;1.471327;0.068627;0.068627;0.000000;139.010709;1.810548;-2.340805;-0.993105;16.323572;266.459005;16.490554;5.679411;0.056854;-0.695622;26.639500;0.127451;0.127451;1.505882;14149.183269;2.101009;75.437436;100.375000;54.542498;2974.884121;93.089692;3.326683;-0.847029;-0.793478;73.361500;0.009804;0.009804;0.000000;732197.288260;0.722725;0.000000;0.000000;-0.155074;0.107714;0.120546;0.056121;0.000000;-0.078819;0.183618;0.000000;0.000000;-0.461705;0.575821;0.061688;0.513869;10.017282;2.368634;13.741709;2.955057;2.124031;0.000000;9.362025;3.017578;-1.079014;102.714580;8939.802271
3.000000;3.000000;0.000000;0.000000;3.000000;0.000000;0.000000;0.000000;0.000000;0.000000;0.000000;0.000000;918.000000;-0.000000;0.544852;0.737250;1.425578;2.032273;1.526151;0.313945;-0.366810;-0.631806;2.433530;0.049020;0.049020;1.003922;133.926821;2.085838;9.676478;9.383850;1.868721;3.492117;9.855270;0.583721;2.978412;12.889068;1.554725;0.147059;0.147059;0.000000;9728.791980;0.141810;0.295491;0.451140;0.880318;0.774960;0.928588;0.347769;-0.220080;-0.572348;1.134240;0.127451;0.127451;0.501961;48.436547;2.647912;-1.113214;-2.615850;17.689693;312.925253;17.724686;9.177011;1.462530;4.259206;12.917725;0.215686;0.215686;1.003922;16176.108637;3.293661;78.399367;101.755000;52.183776;2723.146459;94.178592;4.451587;-0.874922;-0.742189;82.979000;0.029412;0.029412;0.000000;765824.532194;0.677000;0.000000;0.000000;-0.477299;-0.277849;-0.514618;-0.104126;0.000000;-0.277716;-0.095914;0.000000;0.000000;-0.169689;0.280620;-0.178731;0.486516;10.253279;3.325749;13.981707;4.270201;1.308887;0.000000;9.476488;3.017578;0.015952;108.455489;9184.634002
3.000000;3.000000;0.000000;0.000000;3.000000;0.000000;0.000000;0.000000;0.000000;0.000000;0.000000;0.000000;918.000000;-0.000000;0.224221;0.299230;1.422440;2.023334;1.440003;0.388531;-0.070756;-0.494456;1.952880;0.088235;0.088235;0.501961;108.341006;2.309338;9.603564;8.823850;3.187744;10.161712;10.118802;0.984101;1.689337;3.122384;2.226400;0.137255;0.137255;0.000000;9925.565724;0.320224;0.725158;0.802380;0.996591;0.993193;1.232497;0.553326;-0.601726;0.969599;1.162755;0.186275;0.186275;0.000000;104.373878;2.171060;-0.466423;-3.561500;26.743881;715.235192;26.747948;16.980686;0.843408;3.019007;20.445200;0.235294;0.235294;3.011765;36500.018608;3.112348;13.014857;-4.442600;45.155849;2039.050727;46.994013;5.329500;1.064564;-0.346642;47.423000;0.029412;0.029412;0.501961;121295.289555;1.883535;0.000000;0.000000;0.172370;-0.653690;-0.214547;0.071504;0.000000;0.056735;0.050654;0.000000;0.000000;-0.031701;0.279401;-0.316149;0.509461;10.188909;9.649898;13.797766;10.337442;1.968249;0.000000;9.708446;3.017578;0.664455;113.463758;2925.409030
3.000000;3.000000;0.000000;0.000000;3.000000;0.000000;0.000000;0.000000;0.000000;0.000000;0.000000;0.000000;918.000000;-0.000000;-0.231156;-0.497865;1.399774;1.959367;1.418732;0.430846;0.525942;-0.326655;1.840885;0.078431;0.078431;2.007843;105.402244;2.383190;9.851449;8.537550;4.154360;17.258703;10.691574;1.365228;1.287830;0.886779;4.461875;0.068627;0.068627;0.000000;10779.715892;0.427860;0.915553;1.083250;1.188717;1.413047;1.500428;0.761191;-0.828663;0.595578;1.351598;0.215686;0.215686;0.000000;157.968254;2.147051;-3.873639;-4.441400;31.375945;984.449930;31.614158;23.080221;-0.286797;3.068226;31.524750;0.274510;0.274510;3.011765;51798.266420;3.210624;9.836574;1.705130;30.727271;944.165199;32.263344;5.627802;0.496968;-0.999080;51.273000;0.068627;0.068627;0.501961;58036.353273;1.679286;0.000000;0.000000;0.379142;-0.577474;0.206303;0.026677;0.000000;0.158129;0.042980;0.000000;0.000000;-0.143641;-0.191461;-0.321556;0.340560;10.446354;16.196245;14.028756;17.744054;1.664294;0.000000;9.488592;3.017578;0.797859;125.322550;2042.629668
3.000000;3.000000;0.000000;0.000000;3.000000;0.000000;0.000000;0.000000;0.000000;0.000000;0.000000;0.000000;918.000000;-0.000000;0.081836;0.220800;1.379313;1.902504;1.381738;0.344800;-0.231874;-0.982394;2.293975;0.068627;0.068627;0.501961;97.722234;1.969120;10.027578;9.511350;3.270730;10.697675;10.547512;1.083995;1.604566;3.275288;2.940700;0.117647;0.117647;0.000000;10802.040137;0.320485;0.398806;0.129905;1.165725;1.358915;1.232055;0.593486;0.135810;-0.718511;1.781855;0.147059;0.147059;0.501961;85.687390;2.748309;1.543312;5.715700;29.416551;865.333499;29.457008;18.328848;-1.107268;2.848802;32.924750;0.225490;0.225490;1.505882;44375.046504;3.298325;66.301064;68.672500;37.664567;1418.619594;76.252545;5.574196;-0.323788;-1.068597;61.270750;0.049020;0.049020;0.000000;520736.144623;0.602318;0.000000;0.000000;0.099758;-0.453913;-0.381678;0.290807;0.000000;0.155021;-0.118739;0.000000;0.000000;-0.224979;0.305086;-0.205309;0.168064;10.590772;9.994743;14.231885;10.826788;1.898145;0.000000;10.175067;3.017578;0.681057;122.159205;6683.683915
3.000000;3.000000;0.000000;0.000000;3.000000;0.000000;0.000000;0.000000;0.000000;0.000000;0.000000;0.000000;918.000000;-0.000000;0.387596;0.689965;1.463074;2.140586;1.513544;0.247072;-0.198160;-1.003226;2.538375;0.058824;0.058824;0.501961;124.495058;1.731011;9.566933;9.475250;1.925163;3.706252;9.758712;0.589495;0.758467;1.178935;1.727225;0.156863;0.156863;0.000000;9524.722082;0.146061;-0.992824;-0.711760;1.217318;1.481862;1.570847;0.378981;-1.399950;2.107530;1.120830;0.117647;0.117647;0.000000;176.162647;1.472553;6.881311;13.415500;25.471654;648.805153;26.384799;10.283296;-0.505380;-0.625236;37.311250;0.166667;0.166667;1.003922;37943.487401;2.254507;82.195451;83.575500;23.128321;534.919244;85.387419;4.169188;-0.393943;-0.126568;25.141000;0.098039;0.098039;0.000000;716407.755636;0.226502;0.000000;0.000000;-0.158482;0.229503;0.445270;0.143992;0.000000;-0.222061;0.109384;0.000000;0.000000;-0.116758;-0.112741;-0.106827;0.095468;10.160055;3.296555;13.901638;3.862446;2.042281;0.000000;9.697206;3.017578;-0.652734;106.523282;7989.636565
3.000000;3.000000;0.000000;0.000000;3.000000;0.000000;0.000000;0.000000;0.000000;0.000000;0.000000;0.000000;918.000000;-0.000000;-0.285837;-0.928235;1.627509;2.648787;1.652419;0.334317;0.639887;-0.713265;2.430895;0.029412;0.029412;0.501961;143.454261;2.275409;9.815080;9.143250;2.548451;6.494602;10.140533;0.584361;0.631711;-0.800613;4.112250;0.058824;0.058824;0.000000;10157.477248;0.190433;-1.879496;-1.525300;1.221302;1.491579;2.241446;0.405189;-0.684342;-0.438435;1.907650;0.068627;0.068627;0.000000;436.408325;0.819563;2.658088;5.559850;21.951152;481.853076;22.111502;9.182924;-0.237144;-0.697519;34.272000;0.127451;0.127451;1.505882;25295.238489;2.498940;23.277517;25.287000;47.758092;2280.835334;53.128882;4.399663;-0.165018;-1.420871;89.589500;0.019608;0.019608;0.501961;171596.413725;1.096048;0.000000;0.000000;-0.026192;0.511917;0.083277;0.121443;0.000000;-0.382355;0.081818;0.000000;0.000000;-0.221498;0.290698;-0.025085;0.127050;10.431504;5.744616;14.280363;6.562002;2.671916;0.000000;9.842769;3.017578;-1.844255;114.560895;3316.620729
3.000000;3.000000;0.000000;0.000000;3.000000;0.000000;0.000000;0.000000;0.000000;0.000000;0.000000;0.000000;918.000000;-0.000000;-0.242239;-0.154230;1.223984;1.498138;1.247725;0.315548;0.274228;0.024154;1.612130;0.068627;0.068627;0.501961;82.395337;2.018743;9.676211;8.547100;2.504998;6.275013;9.995202;0.536053;0.945374;-0.377681;3.685850;0.049020;0.049020;0.000000;9870.257236;0.196677;-1.616430;-1.288900;1.258499;1.583820;2.048577;0.364014;-0.401524;-0.879892;1.997013;0.058824;0.058824;0.000000;347.327150;0.979263;-1.635823;-0.515945;17.163256;294.577347;17.241034;7.455290;-0.112525;-0.758751;25.709500;0.166667;0.166667;1.505882;15330.966175;2.273674;10.419390;19.834500;35.488503;1259.433837;36.986450;4.161960;-0.420586;-1.139195;58.346250;0.019608;0.019608;0.501961;75305.531316;1.158468;0.000000;0.000000;0.138300;0.443613;0.201255;-0.151977;0.000000;-0.192760;0.031546;0.000000;0.000000;0.063907;0.670486;0.119423;0.390041;10.236443;5.676116;13.672635;6.374861;1.475251;0.000000;9.965943;3.017578;-1.802594;110.460886;1669.447449
3.000000;3.000000;0.000000;0.000000;3.000000;0.000000;0.000000;0.000000;0.000000;0.000000;0.000000;0.000000;918.000000;-0.000000;0.912318;0.880730;1.159138;1.343600;1.475102;0.259332;0.656990;-0.099125;1.566899;0.078431;0.078431;0.000000;153.421286;1.485681;9.439642;9.082400;2.208916;4.879308;9.694646;0.641172;2.022727;4.862561;1.782050;0.147059;0.147059;0.000000;9337.754636;0.188375;-0.644807;-0.384580;1.223395;1.496695;1.382921;0.366411;-0.947051;0.350707;1.317830;0.107843;0.107843;0.000000;118.760356;2.067369;0.469661;1.351450;20.137647;405.524841;20.143123;9.678176;-0.422067;1.249764;23.691250;0.205882;0.205882;1.003922;20800.447019;3.099125;67.845480;56.102000;37.103424;1376.664042;77.328347;5.875832;0.623802;-0.939067;61.496000;0.019608;0.019608;0.000000;539717.155629;0.533082;0.000000;0.000000;0.357498;0.384822;0.238469;0.240762;0.000000;0.231119;0.069804;0.000000;0.000000;0.180742;0.640860;0.024031;0.512570;10.024261;4.676263;13.554276;5.152743;1.131778;0.000000;9.412558;3.017578;-1.009594;105.162077;6387.331145
3.000000;3.000000;0.000000;0.000000;3.000000;0.000000;0.000000;0.000000;0.000000;0.000000;0.000000;0.000000;918.000000;-0.000000;0.661267;0.988790;1.638066;2.683261;1.766504;0.339902;-0.090482;-0.764333;2.470385;0.029412;0.029412;0.501961;181.522916;1.960992;9.496529;9.413950;2.533741;6.419845;9.828729;0.746886;2.147009;8.140900;1.632075;0.147059;0.147059;0.000000;9526.187471;0.246583;-0.061326;0.155710;0.928431;0.861984;0.930454;0.429959;-1.481539;2.666987;0.771225;0.176471;0.176471;0.501961;44.505669;2.893268;0.765805;0.323591;20.431705;417.454569;20.446052;10.110875;-0.084485;1.771426;23.868250;0.205882;0.205882;3.513725;21432.221550;3.186055;73.875520;68.519500;34.797518;1210.867256;81.660637;6.580931;0.370637;-0.904613;51.973000;0.058824;0.058824;0.000000;618429.772426;0.480728;0.000000;0.000000;0.452028;-0.020203;-0.093070;0.165544;0.000000;0.192798;-0.077343;0.000000;0.000000;-0.010305;0.337978;-0.227809;0.652495;10.129917;6.109240;13.978248;7.270532;1.922703;0.000000;9.727060;3.017578;-0.122591;108.724451;7087.366425
3.000000;3.000000;0.000000;0.000000;3.000000;0.000000;0.000000;0.000000;0.000000;0.000000;0.000000;0.000000;918.000000;-0.000000;-0.454238;-0.364790;1.518207;2.304951;1.584703;0.537251;0.155407;0.234133;1.655898;0.088235;0.088235;1.003922;139.026486;2.555439;9.704071;8.930200;3.456925;11.950331;10.301423;1.026202;1.425676;2.089909;3.180575;0.068627;0.068627;0.000000;10214.739554;0.352836;0.047625;0.275180;1.125009;1.265646;1.126017;0.731927;-1.500690;3.245119;0.876150;0.294118;0.294118;3.011765;64.841815;3.054590;-1.565671;-3.419400;25.207833;635.434843;25.256408;17.047129;0.579033;1.187050;24.420475;0.303922;0.303922;3.011765;32897.388249;3.333018;24.585974;25.592500;35.367444;1250.856103;43.073498;5.871709;-0.158311;-0.723491;49.518570;0.039216;0.039216;0.000000;125450.837608;1.241572;0.000000;0.000000;0.079342;-0.549941;0.009009;-0.095144;0.000000;-0.071544;-0.147026;0.000000;0.000000;0.117568;0.011291;-0.206653;0.474790;10.308827;11.358681;13.930766;12.086773;2.309651;0.000000;9.746615;3.017578;0.057342;117.630600;2494.480309
3.000000;3.000000;0.000000;0.000000;3.000000;0.000000;0.000000;0.000000;0.000000;0.000000;0.000000;0.000000;918.000000;-0.000000;-0.285831;-0.252935;1.436740;2.064222;1.464896;0.568257;-0.182422;0.382569;1.831145;0.186275;0.186275;0.501961;113.722875;2.595150;9.886553;8.258350;3.805882;14.484738;10.593803;1.274459;1.172588;0.488483;5.421475;0.058824;0.058824;0.000000;10708.733888;0.357041;0.630073;0.697175;1.318716;1.739012;1.461507;0.829081;-0.818664;2.702972;1.250109;0.284314;0.284314;0.000000;129.268666;2.662977;-3.112499;-5.175850;28.105943;789.944014;28.277759;21.827794;0.158418;0.718577;27.720550;0.323529;0.323529;3.011765;41373.822165;3.204352;-25.055181;-24.033000;35.231313;1241.245402;43.232019;6.128198;-0.466886;-0.302722;47.492272;0.068627;0.068627;0.000000;127342.738619;1.523221;0.000000;0.000000;0.036733;-0.561306;-0.122285;-0.082103;0.000000;-0.030803;0.070842;0.000000;0.000000;0.176658;-0.296559;-0.204055;0.337475;10.472800;13.695042;14.000385;14.631430;2.081380;0.000000;10.101934;3.017578;0.396524;123.374588;2670.775161
3.000000;3.000000;0.000000;0.000000;3.000000;0.000000;0.000000;0.000000;0.000000;0.000000;0.000000;0.000000;918.000000;-0.000000;-0.555347;-0.551850;1.547414;2.394489;1.644050;0.513214;-0.143796;0.155745;2.400253;0.127451;0.127451;0.501961;153.671231;2.456700;9.939697;9.457200;3.119729;9.732708;10.417787;1.207397;1.481500;2.824834;3.433500;0.147059;0.147059;0.000000;10573.739043;0.297368;0.510944;0.350895;1.272644;1.619623;1.371381;0.694858;0.336003;0.946648;1.517680;0.176471;0.176471;0.000000;109.231922;2.795392;1.351895;-0.112410;26.910488;724.174370;26.944424;19.054163;0.170245;1.415592;24.172750;0.254902;0.254902;0.501961;37408.523687;3.313388;-64.658039;-72.786500;33.597253;1128.775439;72.865887;5.490160;0.269008;-0.989133;51.812250;0.029412;0.029412;0.000000;484015.710767;0.571978;0.000000;0.000000;0.107602;-0.318822;0.397656;-0.162821;0.000000;-0.224714;0.050539;0.000000;0.000000;0.172675;0.078361;-0.176378;0.293331;10.541572;9.108449;14.281028;9.866022;2.381246;0.000000;9.931449;3.017578;0.863123;120.233185;6037.320164
3.000000;3.000000;0.000000;0.000000;3.000000;0.000000;0.000000;0.000000;0.000000;0.000000;0.000000;0.000000;918.000000;-0.000000;-1.129351;-1.258950;1.392473;1.938980;1.792879;0.350361;-0.239104;-0.112134;2.291972;0.078431;0.078431;0.000000;229.029261;1.540235;9.748641;9.507600;2.203322;4.854627;9.994530;0.708045;1.649283;7.074393;1.738300;0.186275;0.186275;0.000000;9941.750548;0.189373;-0.528273;-0.137865;1.388600;1.928209;1.485692;0.448697;-0.533014;1.274576;1.472117;0.098039;0.098039;0.000000;126.883001;2.471512;10.840808;6.710350;24.124416;581.987438;26.448262;13.894786;0.351253;0.878691;31.913400;0.196078;0.196078;0.000000;41845.160314;2.841296;-71.140933;-75.959500;25.649429;657.893197;75.623578;4.672531;0.313057;-0.382067;30.827000;0.039216;0.039216;0.000000;549782.274686;0.315873;0.000000;0.000000;0.016313;0.038026;-0.271300;0.393968;0.000000;-0.183456;0.266637;0.000000;0.000000;0.359766;-0.067480;-0.012206;0.212015;10.373672;4.491979;14.208352;4.903560;1.957311;0.000000;10.267299;3.017578;-0.158072;112.105045;6420.643430
3.000000;3.000000;0.000000;0.000000;3.000000;0.000000;0.000000;0.000000;0.000000;0.000000;0.000000;0.000000;918.000000;-0.000000;-0.780749;-0.583825;1.345963;1.811617;1.556016;0.303744;-0.220919;-0.985075;2.253883;0.029412;0.029412;0.000000;154.577019;1.922408;9.835801;9.284800;2.438147;5.944558;10.133486;0.595185;0.703983;-0.323528;2.858300;0.098039;0.098039;0.000000;10170.958334;0.181249;-1.300702;-0.824925;1.484971;2.205140;1.974073;0.374045;-0.556775;-0.893541;2.341302;0.049020;0.049020;0.000000;285.029999;1.411108;8.812458;8.968700;22.430452;503.125186;24.099473;8.803837;-0.228605;0.003867;29.613400;0.196078;0.196078;1.505882;33580.796077;2.189370;-19.079173;-22.885500;48.067154;2310.451319;51.715241;4.502433;0.290532;-1.175890;85.831250;0.039216;0.039216;0.501961;154965.047261;1.229840;0.000000;0.000000;-0.178545;0.312898;-0.212529;-0.184263;0.000000;-0.203465;0.043775;0.000000;0.000000;0.425943;0.338475;-0.029537;0.184501;10.424141;5.446015;14.054824;6.085683;1.747287;0.000000;9.864248;3.017578;-1.007594;114.108726;3259.147715
3.000000;3.000000;0.000000;0.000000;3.000000;0.000000;0.000000;0.000000;0.000000;0.000000;0.000000;0.000000;918.000000;-0.000000;-0.685705;-0.833475;1.345358;1.809989;1.510026;0.326065;0.070846;-1.281546;2.422017;0.049020;0.049020;0.000000;140.289577;2.126510;9.745121;8.720600;2.722575;7.412414;10.118290;0.701482;0.934423;-0.209069;3.376300;0.078431;0.078431;0.000000;10064.705615;0.217610;-1.658582;-1.179550;1.278745;1.635189;2.094298;0.391290;-0.786889;-0.385257;1.885342;0.078431;0.078431;0.000000;363.986820;0.911238;-1.866217;0.648105;23.287150;542.291360;23.361809;8.810523;-0.390387;0.064242;32.605000;0.166667;0.166667;1.505882;28012.145959;2.318030;-18.440143;-25.332500;47.441645;2250.709690;50.899397;4.353472;0.296855;-1.138647;80.532000;0.019608;0.019608;0.501961;149473.465511;1.282787;0.000000;0.000000;-0.243768;0.485337;0.104276;0.178824;0.000000;-0.425183;0.127324;0.000000;0.000000;-0.029282;0.301926;0.109995;0.337568;10.335136;6.844936;14.022235;7.626040;1.687674;0.000000;10.120164;3.017578;-1.609961;113.659968;3140.908777
3.000000;3.000000;0.000000;0.000000;3.000000;0.000000;0.000000;0.000000;0.000000;0.000000;0.000000;0.000000;918.000000;-0.000000;-1.019865;-1.309900;1.466881;2.151741;1.786579;0.275345;0.015593;-1.359487;2.616088;0.039216;0.039216;0.000000;215.831578;1.345436;9.335246;8.957400;1.912141;3.656281;9.529066;0.503860;1.607496;3.643386;1.629675;0.107843;0.107843;0.000000;9075.456301;0.146845;-0.971089;-0.820915;1.213106;1.471627;1.553911;0.387475;-0.989236;1.323127;1.319957;0.127451;0.127451;0.000000;171.240360;1.775830;-1.038030;-1.680800;20.568078;423.045841;20.594255;7.954529;-0.138456;1.579071;23.230225;0.196078;0.196078;0.501961;21707.519825;2.621813;-80.037088;-81.251000;30.541192;932.764432;85.666212;4.146921;-0.353108;-0.110813;33.510500;0.088235;0.088235;0.000000;700979.746903;0.351756;0.000000;0.000000;0.045566;0.418637;-0.369460;-0.127581;0.000000;-0.546824;0.260680;0.000000;0.000000;-0.001894;0.259648;0.171363;0.316029;9.984630;3.302130;13.828313;3.703369;2.162159;0.000000;9.319789;3.017578;-1.289379;102.994967;7765.237913
3.000000;3.000000;0.000000;0.000000;3.000000;0.000000;0.000000;0.000000;0.000000;0.000000;0.000000;0.000000;918.000000;-0.000000;-0.598923;-0.130725;1.563319;2.443967;1.674120;0.294755;-0.133622;-0.776380;2.298715;0.019608;0.019608;0.501961;161.235518;1.677854;9.349113;8.996750;2.213410;4.899182;9.607554;0.663722;2.387857;8.097124;1.545750;0.176471;0.176471;0.000000;9165.270707;0.194035;0.296654;0.189050;1.262049;1.592769;1.296446;0.527238;0.368120;0.145323;1.595305;0.117647;0.117647;1.003922;90.278460;2.774521;1.897369;-4.374650;22.634334;512.313079;22.713720;10.840744;1.166993;1.714237;24.298250;0.225490;0.225490;1.003922;26520.193484;2.918407;-68.870487;-68.925000;39.125369;1530.794530;79.208197;5.256489;-0.254266;-0.726499;56.013500;0.029412;0.029412;0.000000;561879.187112;0.568860;0.000000;0.000000;0.289572;-0.480332;0.359014;-0.097112;0.000000;-0.017451;-0.039413;0.000000;0.000000;-0.011717;0.580467;-0.282813;0.577948;9.977378;4.559697;13.676309;5.308236;2.107618;0.000000;9.546437;3.017578;0.092399;104.107768;6791.532403
3.000000;3.000000;0.000000;0.000000;3.000000;0.000000;0.000000;0.000000;0.000000;0.000000;0.000000;0.000000;918.000000;-0.000000;-0.504766;-0.672720;1.484715;2.204378;1.568173;0.477975;0.076364;-0.247838;1.921323;0.058824;0.058824;0.000000;138.537346;2.469811;9.847512;8.747400;3.705543;13.731049;10.521622;1.341896;1.497992;1.913575;2.833500;0.078431;0.078431;0.000000;10591.820062;0.361787;0.736939;1.027450;1.544031;2.384030;1.710880;0.905108;-0.619011;0.666206;1.754190;0.176471;0.176471;0.000000;177.304045;2.544118;-2.369545;-8.558200;34.174012;1167.863093;34.256063;21.698558;0.845771;1.181421;32.934750;0.254902;0.254902;3.011765;60179.140274;2.990010;-33.838752;-34.852500;19.138880;366.296715;38.876186;5.831275;-0.076639;0.223519;23.092250;0.137255;0.137255;0.000000;135477.662625;0.718135;0.000000;0.000000;0.120359;-0.554950;-0.261460;0.158991;0.000000;0.197098;0.102023;0.000000;0.000000;-0.146975;-0.081556;-0.356455;0.547024;10.452440;12.910202;14.147962;13.905291;2.187912;0.000000;9.613003;3.017578;0.749151;122.163703;2687.762797
3.000000;3.000000;0.000000;0.000000;3.000000;0.000000;0.000000;0.000000;0.000000;0.000000;0.000000;0.000000;918.000000;-0.000000;-0.696444;-0.824940;1.806780;3.264453;1.936359;0.594413;0.180075;-0.113138;2.396490;0.147059;0.147059;0.501961;216.013242;2.476620;10.043426;8.623800;3.616373;13.078155;10.674670;1.449926;1.531794;2.103953;3.179500;0.098039;0.098039;0.000000;10955.806353;0.375384;0.394960;0.566475;1.382163;1.910374;1.437487;0.893253;-0.644723;1.406318;1.676765;0.215686;0.215686;0.501961;113.766652;3.065424;1.090480;1.874650;36.438641;1327.774568;36.454955;25.814291;-0.196484;1.912369;34.388000;0.205882;0.205882;1.505882;68037.883560;3.297931;-64.514300;-55.039000;43.682828;1908.189424;77.912029;6.791448;-0.313782;-1.248321;75.401250;0.049020;0.049020;0.000000;521860.482236;0.802782;0.000000;0.000000;-0.180333;-0.453293;-0.052386;-0.114992;0.000000;0.172384;0.345378;0.000000;0.000000;0.125819;-0.418611;-0.415654;0.312747;10.694208;12.331972;14.626238;13.348514;3.155902;0.000000;10.243575;3.017578;0.454557;126.698058;7401.314410
3.000000;3.000000;0.000000;0.000000;3.000000;0.000000;0.000000;0.000000;0.000000;0.000000;0.000000;0.000000;918.000000;-0.000000;-0.162951;0.260145;1.903870;3.624720;1.910830;0.472393;-0.276749;-0.523057;2.872463;0.058824;0.058824;1.003922;187.581026;1.438454;9.826175;9.221450;2.304469;5.310579;10.092784;0.911303;1.922548;5.367854;2.550850;0.137255;0.137255;0.000000;10119.317536;0.197534;-0.282235;0.062029;1.348278;1.817853;1.377501;0.546155;-1.121687;0.612194;1.422362;0.186275;0.186275;1.505882;100.893217;2.427901;7.075467;6.965950;25.531952;651.880565;26.494203;16.068562;-1.706318;9.056250;24.903050;0.215686;0.215686;0.000000;38428.111064;3.301387;-70.596217;-80.264500;48.584719;2360.474948;85.698896;6.747347;0.125567;-1.436294;97.059000;0.039216;0.039216;0.000000;628735.135253;0.750220;0.000000;0.000000;-0.177343;-0.196548;-0.345495;0.085376;0.000000;0.168636;0.376042;0.000000;0.000000;0.359569;-0.184738;-0.292414;0.128692;10.466398;4.970066;14.382993;5.670384;3.353383;0.000000;9.715110;3.017578;0.104796;114.515558;8048.141067
3.000000;3.000000;0.000000;0.000000;3.000000;0.000000;0.000000;0.000000;0.000000;0.000000;0.000000;0.000000;918.000000;-0.000000;-0.124468;0.260910;1.486133;2.208590;1.491336;0.373974;-0.375536;-0.617850;2.136628;0.058824;0.058824;0.501961;114.219596;1.893537;9.876040;9.545750;2.149306;4.619516;10.107210;0.647922;0.504956;-0.527543;3.264450;0.107843;0.107843;0.000000;10184.294148;0.154049;-1.440963;-1.261900;1.557391;2.425467;2.121754;0.463176;-0.500567;-0.311319;2.109870;0.127451;0.127451;0.000000;335.520303;1.495591;6.337723;3.178050;20.308985;412.454864;21.274905;9.038146;0.157103;-0.843336;33.509350;0.117647;0.117647;2.007843;25139.055186;2.483566;-22.076177;-11.791000;42.199017;1780.757023;47.624727;5.018487;-1.105336;0.569044;54.499800;0.039216;0.039216;0.000000;140533.298467;1.568341;0.000000;0.000000;-0.097392;0.193074;-0.327524;0.066078;0.000000;-0.226112;0.004977;0.000000;0.000000;0.404575;-0.020268;0.004248;0.361115;10.447065;4.238607;14.101140;4.705138;2.190574;0.000000;10.027883;3.017578;-0.976535;113.379769;2725.238067
3.000000;3.000000;0.000000;0.000000;3.000000;0.000000;0.000000;0.000000;0.000000;0.000000;0.000000;0.000000;918.000000;-0.000000;-0.578564;-0.932025;1.267843;1.607425;1.393615;0.413599;0.299733;-1.221346;2.323140;0.068627;0.068627;0.000000;116.144226;2.229163;9.512021;8.694000;2.467236;6.087252;9.826789;0.608071;0.866808;-0.464895;3.341500;0.078431;0.078431;0.000000;9539.264913;0.195446;-2.020658;-1.663000;1.243740;1.546889;2.372751;0.409592;-0.873337;0.112022;1.619575;0.078431;0.078431;0.000000;495.365207;0.722966;-0.975378;-4.750600;23.529307;553.628267;23.549514;8.099422;0.105319;-0.824877;37.576750;0.117647;0.117647;1.505882;28332.720148;1.910480;-31.107486;-35.311000;38.657570;1494.407710;49.619385;4.639366;0.038400;-1.231889;68.825625;0.058824;0.058824;0.000000;174918.412388;1.141671;0.000000;0.000000;-0.169571;0.503730;-0.172532;0.170289;0.000000;-0.346883;0.284639;0.000000;0.000000;-0.154369;0.380553;-0.006145;0.297359;10.095871;5.581338;13.750492;6.210084;1.560779;0.000000;9.569757;3.017578;-2.055753;107.507950;3022.292991
3.000000;3.000000;0.000000;0.000000;3.000000;0.000000;0.000000;0.000000;0.000000;0.000000;0.000000;0.000000;918.000000;-0.000000;-0.829630;-1.351750;1.452361;2.109353;1.672614;0.357800;0.147089;-1.175945;2.673530;0.039216;0.039216;0.000000;177.785095;1.646551;9.336938;9.024700;1.795168;3.222627;9.507946;0.500033;1.179463;1.264143;1.571325;0.127451;0.127451;0.000000;9056.556853;0.130510;-1.088134;-0.710245;1.330806;1.771046;1.719035;0.426471;-0.829624;-0.074688;1.991587;0.088235;0.088235;0.000000;211.095895;1.776896;-2.401635;-0.634475;25.692731;660.116448;25.804734;10.359147;0.182050;0.185339;33.137750;0.117647;0.117647;1.003922;34266.521335;2.742955;-80.237167;-84.065000;25.882124;669.884319;84.308287;4.224376;0.523162;-0.722374;41.171000;0.078431;0.078431;0.000000;690840.594544;0.260686;0.000000;0.000000;-0.034901;0.224618;-0.533715;-0.033084;0.000000;-0.369395;0.382174;0.000000;0.000000;0.001825;-0.000158;0.080746;0.320331;9.964396;2.909493;13.807102;3.261996;2.122776;0.000000;9.356310;3.017578;-1.495690;102.198681;7776.726616
3.000000;3.000000;0.000000;0.000000;3.000000;0.000000;0.000000;0.000000;0.000000;0.000000;0.000000;0.000000;918.000000;-0.000000;-0.308912;-0.074214;1.721387;2.963174;1.748886;0.363954;0.131187;-0.317973;2.721633;0.049020;0.049020;0.501961;160.909155;2.262974;9.353467;9.045700;2.642564;6.983143;9.719593;0.871159;1.996480;6.620685;1.911800;0.127451;0.127451;0.000000;9279.904150;0.260967;0.049660;0.146795;1.103593;1.217917;1.104710;0.614231;-0.934073;2.271704;1.181612;0.196078;0.196078;1.505882;62.912898;3.107518;-0.239605;0.309640;30.842291;951.246889;30.843221;18.028017;0.174080;0.288000;37.865250;0.205882;0.205882;3.011765;48964.038137;3.410979;-64.659763;-79.607000;43.637129;1904.199021;78.006948;5.333010;0.752276;-0.623933;63.345750;0.009804;0.009804;0.000000;523574.539626;0.729743;0.000000;0.000000;0.295085;-0.363757;0.108461;0.035955;0.000000;0.023002;0.086504;0.000000;0.000000;0.045992;0.261100;-0.205404;0.513935;9.991714;6.694732;13.730298;7.463313;2.581483;0.000000;9.389721;3.017578;-0.081241;106.529083;7037.608609
3.000000;3.000000;0.000000;0.000000;3.000000;0.000000;0.000000;0.000000;0.000000;0.000000;0.000000;0.000000;918.000000;-0.000000;-0.508130;-0.490830;1.703641;2.902393;1.777805;0.514882;0.246273;0.586184;1.651587;0.127451;0.127451;2.509804;174.440063;2.370266;9.703402;8.244300;4.405740;19.410542;10.656761;1.407514;1.314809;1.335495;3.783425;0.078431;0.078431;0.000000;10593.857076;0.492826;0.307318;0.337650;1.309585;1.715013;1.345161;0.825851;-0.894480;1.711654;1.478458;0.186275;0.186275;3.011765;97.389042;3.034768;1.418870;-0.477830;38.766429;1502.836024;38.792386;27.652757;0.245749;1.675430;47.357750;0.284314;0.284314;3.011765;77001.021754;3.275883;-28.061064;-25.776000;31.548913;995.333890;42.222709;7.250768;-0.085794;-0.608185;41.210550;0.137255;0.137255;0.000000;131079.230933;1.360573;0.000000;0.000000;0.061715;-0.495190;-0.140820;0.029019;0.000000;0.113921;0.269317;0.000000;0.000000;-0.259987;-0.109944;-0.228462;0.387332;10.360684;18.383369;14.055667;19.615841;2.918013;0.000000;9.689144;3.017578;0.413081;125.727141;3289.415854
3.000000;3.000000;0.000000;0.000000;3.000000;0.000000;0.000000;0.000000;0.000000;0.000000;0.000000;0.000000;918.000000;-0.000000;-1.427998;-1.556300;1.566031;2.452453;2.119347;0.539718;0.263285;0.189410;1.845203;0.078431;0.078431;0.000000;333.119101;1.546578;9.920427;9.067100;4.085907;16.694639;10.728910;1.235490;1.331524;1.616006;3.091925;0.068627;0.068627;0.000000;10889.867912;0.437286;-0.269475;-0.087128;1.453482;2.112610;1.478251;0.769075;-0.791440;1.440903;1.373075;0.196078;0.196078;0.501961;115.234447;3.088371;6.999278;8.098300;35.884408;1287.690750;36.560643;27.507371;-0.222480;3.424614;24.762700;0.303922;0.303922;3.011765;71078.182092;3.398279;-56.561311;-53.426000;41.206050;1697.938557;69.979429;6.802907;-0.152843;-0.840755;69.525250;0.049020;0.049020;0.000000;412924.903495;0.828185;0.000000;0.000000;-0.232066;-0.466308;0.247541;-0.160371;0.000000;0.090962;0.299687;0.000000;0.000000;-0.149148;-0.278069;-0.313754;0.281234;10.628205;15.642416;14.705178;17.014621;2.322046;0.000000;10.216220;3.017578;-0.066488;128.601150;6235.986299
3.000000;3.000000;0.000000;0.000000;3.000000;0.000000;0.000000;0.000000;0.000000;0.000000;0.000000;0.000000;918.000000;-0.000000;-0.756552;-0.979630;1.730067;2.993131;1.888254;0.418625;-0.047314;-0.884245;2.968125;0.078431;0.078431;0.501961;211.036422;1.878675;10.013502;9.589550;2.202831;4.852463;10.252935;0.771491;1.613226;3.112284;1.089525;0.098039;0.098039;0.000000;10475.042559;0.171438;-0.760041;-0.443185;1.296717;1.681475;1.503043;0.542048;-1.080577;0.770136;1.556640;0.147059;0.147059;0.000000;144.839468;2.309323;7.524404;8.120600;22.632327;512.222235;23.850344;16.695737;-0.912722;6.341336;20.209825;0.303922;0.303922;0.000000;32017.067608;3.343351;-67.430494;-62.548000;30.620260;937.600305;74.057220;5.196982;-0.544219;-0.335768;46.895000;0.068627;0.068627;0.000000;511601.986079;0.472505;0.000000;0.000000;-0.177893;-0.398513;-0.124492;-0.108763;0.000000;0.055103;0.413960;0.000000;0.000000;0.180597;-0.054402;-0.470184;0.243421;10.640431;4.469417;14.614833;5.123639;2.799634;0.000000;9.990959;3.017578;-0.762446;117.688186;6055.569875
3.000000;3.000000;0.000000;0.000000;3.000000;0.000000;0.000000;0.000000;0.000000;0.000000;0.000000;0.000000;918.000000;-0.000000;-0.092269;0.221230;1.240154;1.537982;1.243582;0.289263;-0.216731;-1.261410;2.158395;0.049020;0.049020;1.003922;79.311175;2.019659;9.657052;9.343600;1.871985;3.504327;9.836818;0.531574;0.764858;0.000069;1.921125;0.147059;0.147059;0.000000;9691.124139;0.126653;-1.220506;-1.074350;1.288074;1.659134;1.774477;0.402523;-0.667100;0.178362;1.433150;0.156863;0.156863;0.000000;236.568273;1.345607;4.305562;2.386800;18.029931;325.078423;18.536890;9.159209;0.283621;0.532351;25.441575;0.166667;0.166667;2.007843;18471.973157;2.737071;-31.697636;-41.115000;28.044104;786.471775;42.322711;3.809446;0.496859;-0.923591;44.116025;0.029412;0.029412;0.000000;142600.524162;0.938965;0.000000;0.000000;-0.163055;-0.021996;-0.450679;-0.076593;0.000000;-0.270901;-0.080637;0.000000;0.000000;0.194309;0.187072;-0.046936;0.252989;10.203457;3.198945;13.757641;3.610075;1.482157;0.000000;9.980936;3.017578;-0.903000;107.309475;2137.976950
3.000000;3.000000;0.000000;0.000000;3.000000;0.000000;0.000000;0.000000;0.000000;0.000000;0.000000;0.000000;918.000000;-0.000000;-0.636760;-1.051050;1.206785;1.456329;1.364475;0.315061;0.332109;-1.137653;2.094782;0.049020;0.049020;0.000000;115.651875;1.957242;9.548382;8.732850;2.396961;5.745424;9.844645;0.645148;0.806496;-0.550917;3.459750;0.088235;0.088235;0.000000;9592.530145;0.174454;-2.004922;-1.417000;1.277804;1.632784;2.377498;0.386059;-1.137294;0.488116;1.899225;0.058824;0.058824;0.000000;493.370281;0.668127;3.181410;1.962400;19.754219;390.229156;20.008761;8.589039;0.022003;-0.280420;26.376625;0.166667;0.166667;1.505882;20936.671431;2.148292;-37.454192;-42.583000;33.826133;1144.207254;50.468047;3.833808;0.205046;-1.039292;54.267050;0.039216;0.039216;0.000000;201443.190036;0.873520;0.000000;0.000000;-0.026387;0.424008;0.115843;-0.002441;0.000000;-0.227234;0.188974;0.000000;0.000000;0.072784;0.678607;-0.021219;0.239671;10.127029;5.222103;13.769315;5.803681;1.469377;0.000000;9.451947;3.017578;-1.803012;107.778821;2953.026754
3.000000;3.000000;0.000000;0.000000;3.000000;0.000000;0.000000;0.000000;0.000000;0.000000;0.000000;0.000000;918.000000;-0.000000;-0.597710;-0.770630;1.197857;1.434862;1.338701;0.325670;-0.038206;-1.278132;2.183135;0.049020;0.049020;0.000000;109.641333;2.227467;9.622981;9.084600;1.954088;3.818460;9.819380;0.526331;0.978075;0.588025;1.837050;0.098039;0.098039;0.000000;9640.139231;0.143742;-1.542911;-1.231750;1.331888;1.773927;2.038260;0.306019;-1.203715;1.180274;1.463707;0.098039;0.098039;0.000000;333.300919;1.074531;-2.113782;-2.463250;19.621630;385.008359;19.735157;7.426539;-0.113208;-0.250776;24.547500;0.156863;0.156863;0.501961;20100.944542;2.512236;-78.195001;-87.375500;26.441036;699.128411;82.544452;3.614371;0.822227;-0.124982;40.197250;0.029412;0.029412;0.000000;659335.362879;0.321744;0.000000;0.000000;0.096947;0.226343;-0.389385;0.251789;0.000000;-0.378419;0.551645;0.000000;0.000000;0.302285;0.096308;0.050548;0.295793;10.186108;3.455560;13.778844;3.877890;1.427445;0.000000;9.853218;3.017578;-1.930730;107.212350;7207.217525
3.000000;3.000000;0.000000;0.000000;3.000000;0.000000;0.000000;0.000000;0.000000;0.000000;0.000000;0.000000;918.000000;-0.000000;0.118128;0.350545;1.443431;2.083492;1.448256;0.327093;0.624896;0.867773;1.945907;0.049020;0.049020;0.501961;107.754213;2.103541;9.325619;8.998050;2.319279;5.379054;9.609694;0.643294;2.460113;9.172924;1.508000;0.117647;0.117647;0.000000;9145.005595;0.207749;-0.173932;-0.137490;1.219231;1.486524;1.231575;0.486845;-0.605404;1.168272;1.457360;0.127451;0.127451;1.505882;78.976463;2.960743;-6.377843;-7.373950;22.580770;509.891154;23.464186;10.264463;0.769871;2.126190;26.471525;0.186275;0.186275;0.000000;30153.702816;3.086914;-62.077805;-81.832000;40.653486;1652.705937;74.204850;5.009681;0.471889;-1.049976;67.453250;0.009804;0.009804;0.000000;477366.449456;0.626505;0.000000;0.000000;0.504495;-0.347956;0.393579;-0.096479;0.000000;0.145976;-0.049085;0.000000;0.000000;-0.249128;0.348076;-0.339890;0.628677;9.906678;5.301400;13.479403;6.151152;1.385280;0.000000;9.260291;3.017578;-0.509990;103.443664;6058.444578
3.000000;3.000000;0.000000;0.000000;3.000000;0.000000;0.000000;0.000000;0.000000;0.000000;0.000000;0.000000;918.000000;-0.000000;-0.064610;-0.602560;1.683597;2.834499;1.684836;0.462829;0.760567;0.077197;2.172963;0.058824;0.058824;2.509804;145.080072;2.329021;9.898365;8.780750;3.673212;13.492483;10.557940;1.131317;1.419882;1.278098;3.747025;0.058824;0.058824;0.000000;10681.842807;0.357245;0.319931;0.587190;1.281037;1.641055;1.320383;0.785567;-1.283186;2.180782;1.176767;0.205882;0.205882;3.011765;94.224063;3.010531;-2.552886;-7.258050;28.787454;828.717495;28.900428;19.077270;0.685851;0.762489;28.352425;0.245098;0.245098;3.011765;42930.117179;3.151187;-20.463338;-23.322000;24.598699;605.096002;31.997565;6.122465;-0.153113;-0.209851;33.131775;0.117647;0.117647;0.000000;73574.106711;1.452359;0.000000;0.000000;0.442343;-0.653616;0.023088;-0.034500;0.000000;0.255749;-0.079993;0.000000;0.000000;-0.401069;-0.124422;-0.425462;0.544374;10.501592;13.025357;14.277923;14.293729;2.194907;0.000000;9.643039;3.017578;0.403685;123.308781;1860.822319
3.000000;3.000000;0.000000;0.000000;3.000000;0.000000;0.000000;0.000000;0.000000;0.000000;0.000000;0.000000;918.000000;-0.000000;-0.724672;-1.055050;1.847675;3.413901;1.984704;0.511570;0.452694;-0.512973;2.561285;0.068627;0.068627;0.000000;227.778805;2.376848;9.935283;8.856400;3.650643;13.327195;10.584756;1.245142;1.336129;0.775572;3.131450;0.117647;0.117647;0.000000;10748.113446;0.365995;-0.255950;-0.152125;1.525345;2.326676;1.546670;0.924751;-2.184597;11.805713;1.396020;0.235294;0.235294;0.501961;125.915971;3.420272;2.938893;3.208500;37.668874;1418.944098;37.783345;28.822703;-0.889836;6.518302;32.416750;0.264706;0.264706;19.576471;73567.795854;3.499658;-38.280274;-31.220500;39.833515;1586.708915;55.245708;6.143857;-0.735536;-0.285247;41.791475;0.049020;0.049020;0.000000;230391.239011;1.163108;0.000000;0.000000;0.068467;-0.594166;0.263306;-0.126849;0.000000;0.206862;0.132028;0.000000;0.000000;-0.153486;-0.533071;-0.370893;0.342673;10.606529;12.477644;14.619324;13.480828;3.426022;0.000000;10.054308;3.017578;-0.034187;124.976101;4482.061679
3.000000;3.000000;0.000000;0.000000;3.000000;0.000000;0.000000;0.000000;0.000000;0.000000;0.000000;0.000000;918.000000;-0.000000;-0.555406;-0.094544;1.697588;2.881805;1.786136;0.365088;-0.065276;-0.684015;2.961583;0.029412;0.029412;0.501961;178.575487;1.895050;9.694875;9.609600;2.288645;5.237897;9.961350;0.824897;1.775972;4.622822;1.797000;0.156863;0.156863;0.000000;9854.186329;0.199203;-0.112862;0.127965;1.354924;1.835819;1.359616;0.629053;-3.500731;21.426718;0.971855;0.156863;0.156863;0.501961;95.600826;3.273869;3.427101;2.722100;33.213711;1103.150574;33.390052;20.904593;-1.401076;11.814177;28.453950;0.245098;0.245098;1.505882;57806.088948;3.564858;-66.565320;-63.052500;30.776730;947.207111;73.335864;5.134053;0.097849;-0.317988;42.537250;0.039216;0.039216;0.000000;500265.993769;0.458138;0.000000;0.000000;-0.176853;-0.512610;-0.030832;-0.121375;0.000000;0.313144;0.206699;0.000000;0.000000;0.008299;-0.676014;-0.435923;0.270226;10.326327;4.785749;14.145901;5.477334;2.722761;0.000000;9.561976;3.017578;-0.420551;111.418770;6494.893036
3.000000;3.000000;0.000000;0.000000;3.000000;0.000000;0.000000;0.000000;0.000000;0.000000;0.000000;0.000000;918.000000;-0.000000;-0.357347;0.099490;1.316752;1.733837;1.364380;0.268548;-0.115755;-1.235209;2.281337;0.029412;0.029412;1.003922;101.454793;1.671648;9.735435;9.727100;1.681771;2.828354;9.879628;0.610784;0.601457;0.948406;1.626675;0.156863;0.156863;0.000000;9811.726231;0.115576;-0.464074;-0.162015;1.304162;1.700839;1.384270;0.340183;-1.221949;1.303769;1.681177;0.107843;0.107843;0.501961;108.710353;1.799484;7.891273;4.295350;19.444058;378.071403;20.984365;9.038283;0.410014;-0.431727;28.108300;0.186275;0.186275;0.000000;25636.598076;2.577076;-37.844300;-49.885000;42.325982;1791.488777;56.777459;3.644253;0.543467;-0.889601;57.672950;0.029412;0.029412;0.000000;237453.876287;1.070247;0.000000;0.000000;-0.105862;-0.047190;-0.705945;0.137537;0.000000;0.003866;-0.163189;0.000000;0.000000;-0.196469;0.336988;0.057264;0.195561;10.291939;2.544575;13.905781;2.904931;1.702430;0.000000;9.929007;3.017578;0.067103;108.468588;3665.939618
3.000000;3.000000;0.000000;0.000000;3.000000;0.000000;0.000000;0.000000;0.000000;0.000000;0.000000;0.000000;918.000000;-0.000000;-0.728045;-1.146100;1.333277;1.777626;1.519104;0.336045;0.387389;-0.979134;2.303550;0.049020;0.049020;0.000000;144.749357;1.992520;9.716717;9.039500;2.477642;6.138712;10.027627;0.739679;0.694930;-0.648557;3.080000;0.117647;0.117647;0.000000;9943.361744;0.203918;-2.006329;-1.606050;1.376436;1.894577;2.433091;0.460652;-0.733202;-0.450083;1.804250;0.117647;0.117647;0.000000;507.217933;0.811748;6.609206;4.837450;23.006767;529.311343;23.937271;11.416610;-0.175591;0.133882;31.870325;0.166667;0.166667;1.505882;31451.355062;2.673740;-22.929972;-28.207500;34.354120;1180.205595;41.303622;4.291877;0.380827;-0.852376;51.632825;0.058824;0.058824;0.000000;113821.595713;1.234636;0.000000;0.000000;-0.206989;0.565554;0.104489;0.038294;0.000000;-0.257859;0.134229;0.000000;0.000000;-0.187314;0.681841;-0.034574;0.238053;10.306041;5.646500;14.055784;6.305220;1.689497;0.000000;9.817854;3.017578;-1.702651;111.860971;2284.902069
3.000000;3.000000;0.000000;0.000000;3.000000;0.000000;0.000000;0.000000;0.000000;0.000000;0.000000;0.000000;918.000000;-0.000000;-0.951270;-1.059500;1.647509;2.714285;1.902420;0.425712;-0.480407;-0.279457;2.608160;0.068627;0.068627;0.000000;230.753051;2.089907;9.479377;8.483350;2.851061;8.128546;9.898846;0.709443;1.026514;0.129465;3.322675;0.078431;0.078431;0.000000;9580.144581;0.246827;-1.931579;-1.677550;1.358702;1.846070;2.361581;0.435206;-0.700775;-0.400305;1.857780;0.137255;0.137255;0.000000;474.729128;0.836939;1.683154;3.030750;22.268857;495.901973;22.332375;10.785279;-0.445542;-0.068669;31.005750;0.196078;0.196078;1.505882;25585.542788;2.522216;-51.902681;-45.244000;30.445440;926.924806;60.173193;4.374129;-0.440311;-0.537344;43.248250;0.049020;0.049020;0.000000;322068.737045;0.714204;0.000000;0.000000;0.143127;0.500953;-0.102804;-0.102190;0.000000;-0.218035;0.410652;0.000000;0.000000;0.194397;0.598135;-0.039144;0.234040;10.161834;7.343463;14.012311;8.292070;2.658115;0.000000;9.801098;3.017578;-2.258836;110.606343;4125.125185
3.000000;3.000000;0.000000;0.000000;3.000000;0.000000;0.000000;0.000000;0.000000;0.000000;0.000000;0.000000;918.000000;-0.000000;-0.587338;0.131365;1.767329;3.123451;1.862369;0.380886;-0.830212;-0.228839;2.904405;0.039216;0.039216;0.501961;194.490603;2.020013;9.299668;9.026650;2.223969;4.946038;9.561896;0.593661;1.486763;3.269091;2.011225;0.117647;0.117647;0.000000;9073.597483;0.184643;-0.610780;-0.432440;1.077667;1.161365;1.238716;0.334774;-0.981753;0.853659;1.120978;0.166667;0.166667;0.000000;97.311005;1.967710;-0.688168;-0.505963;18.148253;329.359079;18.161295;8.664218;-0.365225;-0.261036;26.355750;0.196078;0.196078;1.505882;16860.688928;2.692247;-71.647118;-70.049000;29.046018;843.671183;77.310935;4.273505;0.054554;-1.347854;49.013500;0.068627;0.068627;0.000000;566629.155551;0.368052;0.000000;0.000000;0.323613;0.130134;-0.014221;0.060148;0.000000;-0.192539;0.096120;0.000000;0.000000;0.366663;0.616318;0.051473;0.215566;9.974746;4.402721;13.719863;5.654898;2.494488;0.000000;9.345694;3.017578;-0.987201;103.898274;6308.347721
3.000000;3.000000;0.000000;0.000000;3.000000;0.000000;0.000000;0.000000;0.000000;0.000000;0.000000;0.000000;918.000000;-0.000000;-0.570042;-0.411960;1.678786;2.818321;1.772927;0.458396;0.059623;-0.936922;2.814585;0.068627;0.068627;0.501961;177.074946;2.347696;9.685863;9.143400;3.119824;9.733301;10.175915;0.857946;1.845961;4.124101;2.706725;0.098039;0.098039;0.000000;10065.783834;0.316737;0.010429;0.070869;0.997833;0.995670;0.997887;0.593816;-1.653121;4.664614;1.058700;0.235294;0.235294;0.501961;50.902899;3.091080;0.051397;-4.182450;25.025369;626.269076;25.025421;13.558381;1.912954;7.536344;22.786625;0.235294;0.235294;1.505882;31941.880765;3.371995;-51.504063;-53.754500;41.958741;1760.535932;66.431953;5.728871;0.515574;-0.128637;71.551250;0.049020;0.049020;0.000000;360359.520878;0.934995;0.000000;0.000000;-0.080208;-0.371680;0.111291;0.305856;0.000000;-0.187074;0.223382;0.000000;0.000000;-0.157077;-0.342529;-0.438042;0.552437;10.317021;9.251579;14.167469;9.855350;2.820546;0.000000;9.659201;3.017578;0.029137;115.692507;5040.471908
3.000000;3.000000;0.000000;0.000000;3.000000;0.000000;0.000000;0.000000;0.000000;0.000000;0.000000;0.000000;918.000000;-0.000000;-0.785474;-0.736065;1.719952;2.958235;1.890821;0.607875;-0.111516;0.266885;2.341862;0.127451;0.127451;0.000000;213.819888;2.440340;9.810513;8.493150;3.691973;13.630668;10.482215;1.158722;1.435265;1.544957;3.750875;0.058824;0.058824;0.000000;10512.282740;0.361379;-0.174098;-0.022631;1.337089;1.787807;1.348376;0.922937;-1.598606;4.312651;1.458492;0.274510;0.274510;3.011765;95.212907;3.292145;2.821380;1.106120;31.060343;964.744911;31.188221;21.905159;0.847275;3.282282;30.784500;0.254902;0.254902;3.011765;50086.102506;3.256013;-14.306499;-14.260500;31.938161;1020.046159;34.996029;7.099572;-0.288387;0.972172;24.480515;0.107843;0.107843;0.000000;72913.155718;2.074659;0.000000;0.000000;-0.251636;-0.546187;-0.050913;0.143630;0.000000;-0.261785;0.342873;0.000000;0.000000;-0.009316;-0.632246;-0.395806;0.466585;10.453614;13.173994;14.340111;14.002047;2.751103;0.000000;9.864201;3.017578;-0.053719;122.452033;2199.245280
3.000000;3.000000;0.000000;0.000000;3.000000;0.000000;0.000000;0.000000;0.000000;0.000000;0.000000;0.000000;918.000000;-0.000000;-0.657923;-0.506975;1.657919;2.748696;1.783692;0.594421;-0.128698;1.594553;2.187032;0.127451;0.127451;0.000000;184.481937;2.686293;9.832819;9.029500;3.301997;10.903184;10.372440;1.082722;1.508513;2.166453;3.084000;0.107843;0.107843;0.000000;10418.019431;0.329905;-0.281009;-0.217145;1.391443;1.936114;1.419535;0.788139;-1.680944;4.365411;1.410823;0.235294;0.235294;1.505882;107.249536;3.234535;0.518716;5.215950;27.645484;764.272785;27.650350;16.784666;0.152896;1.556036;29.777500;0.205882;0.205882;3.011765;39009.856416;3.200539;-37.858563;-30.861000;41.970701;1761.539701;56.522655;6.439581;-0.224327;-0.874721;67.410800;0.049020;0.049020;0.000000;236032.762796;1.145833;0.000000;0.000000;0.130521;-0.524173;-0.037520;-0.132098;0.000000;-0.103246;0.043355;0.000000;0.000000;-0.143633;-0.312307;-0.497171;0.339319;10.451598;10.533164;14.153358;11.073888;2.713158;0.000000;9.857985;3.017578;-0.272983;119.769065;3961.367459
3.000000;3.000000;0.000000;0.000000;3.000000;0.000000;0.000000;0.000000;0.000000;0.000000;0.000000;0.000000;918.000000;-0.000000;-1.051947;-1.298750;1.685401;2.840577;1.986748;0.427726;0.696192;0.447982;2.351231;0.049020;0.049020;0.000000;257.770942;1.998299;9.846492;9.606500;2.601734;6.769018;10.184421;0.743736;1.973742;6.095148;1.518525;0.147059;0.147059;0.000000;10234.491672;0.229503;-0.281277;-0.053545;1.129754;1.276343;1.164242;0.473649;-1.676350;4.454729;1.349030;0.147059;0.147059;2.007843;73.164550;2.954590;7.265423;10.754500;22.559625;508.936683;23.700697;10.464482;-0.422430;0.070215;25.553750;0.166667;0.166667;0.501961;31364.993595;2.753468;-72.049598;-72.052500;25.965599;674.212343;76.585618;4.788574;0.210746;-0.528184;35.197000;0.078431;0.078431;0.000000;563881.884417;0.316980;0.000000;0.000000;0.440921;-0.184395;-0.026914;-0.439617;0.000000;-0.069817;-0.091049;0.000000;0.000000;-0.538290;0.061100;-0.535633;0.346015;10.503707;6.341738;14.487147;7.635794;2.068945;0.000000;9.971034;3.017578;-0.188526;116.669595;6428.435433
3.000000;3.000000;0.000000;0.000000;3.000000;0.000000;0.000000;0.000000;0.000000;0.000000;0.000000;0.000000;918.000000;-0.000000;-0.732034;-0.960150;1.567187;2.456075;1.729725;0.232521;-0.006540;-1.338945;2.868632;0.039216;0.039216;0.501961;179.924857;1.127229;9.551679;9.482000;1.619996;2.624386;9.688084;0.538940;0.337509;1.246682;1.285325;0.147059;0.147059;0.000000;9439.773581;0.110586;-1.296686;-0.945695;1.573544;2.476040;2.038979;0.394795;-1.068928;0.504939;1.870904;0.107843;0.107843;0.000000;297.850261;1.297956;11.095060;15.766500;19.969309;398.773316;22.844555;10.337247;-0.717991;0.012547;26.093525;0.156863;0.156863;0.000000;32898.298447;2.312263;-52.379065;-47.721500;27.326412;746.732770;59.078754;4.148626;-0.438851;-0.690017;41.046500;0.029412;0.029412;0.000000;317927.457694;0.484329;0.000000;0.000000;0.208471;0.328847;-0.677226;-0.176116;0.000000;0.050111;-0.078189;0.000000;0.000000;-0.259918;0.667356;0.041116;0.390737;10.172102;2.379247;14.055195;3.106609;2.024153;0.000000;9.887160;3.017578;-0.641191;105.850914;4016.330314
3.000000;3.000000;0.000000;0.000000;3.000000;0.000000;0.000000;0.000000;0.000000;0.000000;0.000000;0.000000;918.000000;-0.000000;-0.059184;0.400115;1.253686;1.571729;1.255082;0.301786;-0.272178;-1.296349;2.145913;0.049020;0.049020;0.501961;80.535950;2.116958;9.611842;9.103800;2.431752;5.913420;9.914683;0.650656;0.625450;-0.585501;3.382150;0.107843;0.107843;0.000000;9725.112692;0.188475;-2.428871;-1.963400;1.499422;2.248266;2.854414;0.487590;-0.555753;-0.761115;2.427425;0.088235;0.088235;0.000000;716.453732;0.745130;5.616586;6.149700;20.724781;429.516560;21.472368;9.949801;-0.085126;-1.071911;34.975500;0.166667;0.166667;1.505882;25123.041493;2.606788;-3.351791;-18.764500;35.358750;1250.241199;35.517259;5.006672;0.595612;-1.057956;57.994750;0.039216;0.039216;0.501961;64909.731089;1.013784;0.000000;0.000000;-0.033402;0.399434;-0.094413;-0.359082;0.000000;0.000075;-0.096539;0.000000;0.000000;0.305503;0.288607;-0.088788;0.363326;10.174383;5.358088;13.736979;5.974379;1.584880;0.000000;9.598141;3.017578;-2.274588;108.876161;1730.685973
3.000000;3.000000;0.000000;0.000000;3.000000;0.000000;0.000000;0.000000;0.000000;0.000000;0.000000;0.000000;918.000000;-0.000000;-0.673403;-0.838865;1.375787;1.892789;1.531751;0.344866;0.086769;-1.292301;2.439567;0.068627;0.068627;0.000000;142.797395;1.939033;9.382489;8.402200;2.448255;5.993950;9.696652;0.579470;0.813339;-0.638806;3.716825;0.078431;0.078431;0.000000;9284.864251;0.177246;-2.669550;-2.268850;1.293317;1.672668;2.966338;0.454005;-0.495634;-0.849441;1.929450;0.058824;0.058824;0.000000;812.274255;0.471028;-0.461222;-2.921350;21.453023;460.232189;21.457980;9.363201;-0.104570;-0.593211;33.804500;0.127451;0.127451;1.505882;23493.541657;2.204301;-18.013020;-28.804000;48.692747;2370.983654;51.917748;4.766987;0.248048;-1.276511;83.258500;0.039216;0.039216;0.501961;154017.538955;1.197878;0.000000;0.000000;-0.165350;0.306669;0.023824;-0.036054;0.000000;-0.511891;0.173601;0.000000;0.000000;0.063200;0.542228;-0.032723;0.296630;9.998524;5.400837;13.702842;6.128320;1.836505;0.000000;9.667810;3.017578;-2.689962;105.371315;3164.696621
3.000000;3.000000;0.000000;0.000000;3.000000;0.000000;0.000000;0.000000;0.000000;0.000000;0.000000;0.000000;918.000000;-0.000000;-1.265924;-1.706550;1.379739;1.903679;1.872497;0.269496;0.200060;-1.330619;2.615098;0.019608;0.019608;0.000000;260.551917;1.179160;9.127204;9.074950;1.573228;2.475046;9.261798;0.421420;0.843575;0.701420;1.698950;0.127451;0.127451;0.000000;8623.425062;0.106508;-1.790607;-1.712850;1.467250;2.152824;2.314972;0.337586;-0.111769;0.143304;1.393317;0.127451;0.127451;0.000000;436.870676;1.130172;-1.525375;-3.060850;17.985652;323.483668;18.050220;7.210922;-0.099220;0.572668;16.779350;0.147059;0.147059;1.003922;16735.122887;2.730386;-81.300441;-79.905500;29.066172;844.842327;86.340049;4.640436;-0.044550;-0.799351;45.481250;0.058824;0.058824;0.000000;717282.859432;0.296259;0.000000;0.000000;-0.150187;0.116545;-0.535967;0.041958;0.000000;-0.463288;0.198450;0.000000;0.000000;-0.138567;0.070412;0.130431;0.269053;9.797819;2.289890;13.716641;2.648796;1.773283;0.000000;9.107246;3.017578;-2.418060;98.287141;7785.773596
3.000000;3.000000;0.000000;0.000000;3.000000;0.000000;0.000000;0.000000;0.000000;0.000000;0.000000;0.000000;918.000000;-0.000000;-0.671121;-0.375645;1.549630;2.401354;1.688715;0.329372;0.085242;-0.471078;2.406883;0.058824;0.058824;0.501961;168.410294;1.741287;9.325934;9.053150;2.296402;5.273463;9.604505;0.590575;2.935255;11.432832;1.522325;0.117647;0.117647;0.000000;9140.198290;0.204894;-0.153604;-0.313690;1.321303;1.745842;1.330202;0.386723;0.100865;-0.912417;2.294250;0.107843;0.107843;0.501961;91.551530;2.146894;0.829038;-1.023975;19.722863;388.991308;19.740279;10.242414;-0.386307;7.042249;15.089550;0.215686;0.215686;2.509804;19914.989202;3.383363;-77.860127;-73.841500;30.721777;943.827597;83.702013;6.201663;-0.210052;-0.964292;46.643000;0.068627;0.068627;0.000000;666484.740481;0.363590;0.000000;0.000000;0.287946;-0.354832;0.469813;0.099317;0.000000;0.198188;-0.143372;0.000000;0.000000;-0.171029;0.391384;-0.326593;0.396866;9.952002;5.055929;13.687949;5.657016;2.093789;0.000000;9.497029;3.017578;-0.536935;104.098272;7397.475092
3.000000;3.000000;0.000000;0.000000;3.000000;0.000000;0.000000;0.000000;0.000000;0.000000;0.000000;0.000000;918.000000;-0.000000;-0.263440;-0.357260;1.655406;2.740370;1.676237;0.616769;-0.029453;0.559378;2.092845;0.127451;0.127451;2.007843;146.844830;2.810454;9.818222;8.482450;3.282444;10.774438;10.352387;1.093074;1.642480;2.260764;3.168900;0.078431;0.078431;0.000000;10382.106960;0.316841;0.266364;0.386595;1.282265;1.644203;1.309638;0.719075;-0.842286;0.875679;1.537635;0.235294;0.235294;1.505882;91.615473;3.060612;-0.590694;-1.176875;26.359561;694.826437;26.366178;18.239237;-0.216546;2.273609;26.250750;0.245098;0.245098;3.011765;35510.960899;3.355278;-35.903590;-34.898500;22.450000;504.002509;42.344661;6.349859;-0.084568;-0.411020;35.961250;0.078431;0.078431;0.000000;157190.577347;0.779935;0.000000;0.000000;0.193859;-0.597027;-0.248100;0.052685;0.000000;0.116949;0.093695;0.000000;0.000000;-0.178201;-0.329797;-0.485647;0.495981;10.416373;10.480852;14.146226;11.018278;2.630339;0.000000;9.681917;3.017578;0.395863;118.981682;2489.960807
3.000000;3.000000;0.000000;0.000000;3.000000;0.000000;0.000000;0.000000;0.000000;0.000000;0.000000;0.000000;918.000000;-0.000000;-0.447235;-0.679870;1.704348;2.904803;1.762051;0.617880;-0.152324;0.019739;2.328295;0.107843;0.107843;0.501961;168.547495;2.674395;9.966065;9.023000;2.890635;8.355772;10.376812;1.132767;1.538119;1.975926;2.307400;0.117647;0.117647;0.000000;10557.037587;0.257594;-0.034286;0.225125;1.671203;2.792920;1.671555;0.765148;-0.646158;0.569918;1.993150;0.156863;0.156863;1.505882;142.598698;3.018373;1.010737;1.575700;27.610191;762.322651;27.628685;16.487053;0.740052;2.304980;25.503925;0.254902;0.254902;1.505882;38995.449094;3.058097;-30.575802;-30.280000;20.291728;411.754221;36.696510;4.547452;0.287511;-0.905857;35.544000;0.078431;0.078431;0.000000;116368.871463;0.753719;0.000000;0.000000;-0.068865;-0.562344;0.043137;-0.202477;0.000000;-0.144834;0.040434;0.000000;0.000000;0.444029;-0.307807;-0.429960;0.608249;10.562599;8.214545;14.422551;8.459746;2.912319;0.000000;10.276839;3.017578;0.035996;119.783040;2112.772211
3.000000;3.000000;0.000000;0.000000;3.000000;0.000000;0.000000;0.000000;0.000000;0.000000;0.000000;0.000000;918.000000;-0.000000;-0.158499;-0.076462;1.380185;1.904911;1.389256;0.483969;-0.302420;0.114940;1.985840;0.107843;0.107843;1.003922;99.780230;2.915546;9.551900;8.895500;3.217375;10.351502;10.079201;1.037414;1.913426;4.069446;2.274700;0.127451;0.127451;0.000000;9834.310866;0.341153;0.186229;0.594720;1.823808;3.326276;1.833291;0.640196;-0.795360;0.351390;2.373613;0.088235;0.088235;1.505882;173.226073;2.657036;-0.410172;-3.442000;30.080969;904.864725;30.083766;14.713885;1.158915;2.125683;31.231625;0.156863;0.156863;4.015686;46248.293537;3.044078;-21.166477;-13.901000;26.583662;706.691083;33.981036;4.591673;-0.100390;-1.566525;53.754200;0.049020;0.049020;0.000000;81741.494353;1.353688;0.000000;0.000000;0.114682;-0.573222;0.258751;-0.373955;0.000000;-0.065139;-0.282097;0.000000;0.000000;0.369558;0.011557;-0.573417;0.589263;10.132239;9.858057;13.678894;10.484888;1.892875;0.000000;9.680244;3.017578;0.072314;112.520328;2063.104760
3.000000;3.000000;0.000000;0.000000;3.000000;0.000000;0.000000;0.000000;0.000000;0.000000;0.000000;0.000000;918.000000;-0.000000;-0.395378;-0.419270;1.051259;1.105146;1.123152;0.338408;0.148830;-0.651550;1.587757;0.088235;0.088235;0.000000;72.331075;2.404899;9.901825;9.234500;2.006950;4.027849;10.103168;0.544108;1.669196;2.345091;1.411150;0.088235;0.088235;0.000000;10206.128757;0.142890;1.708865;1.953200;1.439554;2.072316;2.234398;0.364250;-0.494533;-0.145217;2.095732;0.107843;0.107843;0.000000;403.567209;1.151108;2.665588;1.866250;12.115447;146.784066;12.405218;6.162543;-0.069285;0.350864;15.417500;0.156863;0.156863;1.003922;8214.585897;2.520905;20.989920;17.648000;28.469437;810.508863;35.370689;6.270931;0.552285;-0.057524;34.722520;0.078431;0.078431;0.000000;86278.049236;1.437895;0.000000;0.000000;0.125612;0.007329;-0.047090;-0.283962;0.000000;0.078137;-0.193608;0.000000;0.000000;-0.123834;0.049784;0.369732;0.373826;10.417915;3.802524;13.825878;4.091801;1.092015;0.000000;9.979977;3.017578;1.984765;112.335466;1409.967585
3.000000;3.000000;0.000000;0.000000;3.000000;0.000000;0.000000;0.000000;0.000000;0.000000;0.000000;0.000000;918.000000;-0.000000;-0.407672;-0.338340;0.727204;0.528826;0.833680;0.226902;-0.674209;0.251783;0.908162;0.127451;0.127451;0.000000;43.924064;2.025229;9.497081;8.847200;1.946565;3.789116;9.694518;0.435798;1.823183;2.404412;1.453925;0.039216;0.039216;0.000000;9393.090116;0.142273;1.576621;1.601950;1.352286;1.828678;2.077117;0.324422;-0.435176;-0.140419;2.096230;0.088235;0.088235;0.000000;346.807610;1.098103;0.219073;1.767200;16.760804;280.924551;16.762236;5.979210;-0.961631;1.189229;17.873725;0.147059;0.147059;1.003922;14333.144478;1.937307;4.473798;6.101850;19.031061;362.181279;19.549837;4.127704;-0.010009;-0.965631;30.551250;0.078431;0.078431;0.501961;20516.801637;1.962041;0.000000;0.000000;-0.242386;0.045686;0.003606;-0.334074;0.000000;0.079116;-0.299538;0.000000;0.000000;-0.241954;-0.100537;0.385890;0.439738;10.004863;3.581400;13.124474;3.862703;0.497991;0.000000;9.496550;3.017578;1.542387;103.678694;667.483103
3.000000;3.000000;0.000000;0.000000;3.000000;0.000000;0.000000;0.000000;0.000000;0.000000;0.000000;0.000000;918.000000;-0.000000;0.000554;-0.115470;0.584197;0.341287;0.584198;0.217866;0.515882;-0.429214;0.789678;0.147059;0.147059;2.007843;17.405644;2.302105;9.565018;9.006550;1.995988;3.983970;9.771056;0.456245;1.659068;1.941288;1.500425;0.088235;0.088235;0.000000;9535.117957;0.146721;1.887726;2.000300;1.242646;1.544168;2.260017;0.359668;-0.811096;1.071219;1.429150;0.068627;0.068627;0.000000;442.253298;0.870241;-3.559507;-2.032500;16.118960;259.820884;16.507301;6.701555;-0.664644;0.750467;19.143625;0.205882;0.205882;1.003922;14543.814373;2.402778;39.129877;22.588000;47.365003;2243.443465;61.437698;4.516093;0.196262;-1.486003;84.344225;0.009804;0.009804;0.000000;270594.236390;0.832033;0.000000;0.000000;-0.048501;0.184901;-0.057840;-0.119286;0.000000;0.190021;0.041412;0.000000;0.000000;-0.177470;0.219337;0.393025;0.237543;10.056169;3.688277;13.051135;4.024302;0.343779;0.000000;9.653720;3.017578;1.972618;104.814819;4052.189408
3.000000;3.000000;0.000000;0.000000;3.000000;0.000000;0.000000;0.000000;0.000000;0.000000;0.000000;0.000000;918.000000;-0.000000;0.076773;0.089944;1.030428;1.061781;1.033284;0.281689;-0.244724;-0.322422;1.408552;0.098039;0.098039;2.007843;54.759626;2.128833;9.773257;9.596600;1.409724;1.987320;9.874405;0.395774;1.602561;3.908022;1.028425;0.196078;0.196078;0.000000;9844.043996;0.081054;1.771370;1.939050;0.917848;0.842444;1.995043;0.347409;-0.506782;0.160601;1.018175;0.107843;0.107843;0.000000;363.028714;0.642206;-5.186743;-3.746850;10.424161;108.663143;11.643258;7.584895;0.136810;0.461466;12.725248;0.274510;0.274510;0.000000;8286.092537;2.714985;86.976606;79.652500;42.389224;1796.846352;96.756273;6.626100;0.197617;-0.270934;45.341250;0.039216;0.039216;0.000000;863262.437093;0.456200;0.000000;0.000000;-0.163267;0.208837;-0.052617;0.239893;0.000000;-0.199945;-0.130707;0.000000;0.000000;-0.529143;-0.180874;0.257489;-0.088405;10.283400;1.823228;13.624521;2.064797;1.014494;0.000000;9.888053;3.017578;1.815520;107.571545;9501.322073
3.000000;3.000000;0.000000;0.000000;3.000000;0.000000;0.000000;0.000000;0.000000;0.000000;0.000000;0.000000;918.000000;-0.000000;-0.059691;0.040556;1.103363;1.217410;1.104977;0.330781;-0.364486;-0.127559;1.286365;0.117647;0.117647;1.505882;62.451395;2.105882;9.641064;9.610950;0.985931;0.972059;9.691345;0.350000;-0.170890;0.127292;0.922650;0.176471;0.176471;0.000000;9530.495013;0.043563;2.422477;2.406650;1.202999;1.447206;2.704737;0.339073;0.398350;0.103569;1.464500;0.127451;0.127451;0.000000;672.398885;0.541185;-5.124071;-4.487600;12.755425;162.700859;13.746162;7.639727;-0.108326;-0.101182;19.206625;0.215686;0.215686;0.000000;10975.908753;2.669599;55.969226;50.245000;60.001837;3600.220450;82.053487;6.846429;0.458558;-0.947805;92.085805;0.039216;0.039216;0.000000;503132.598608;0.978295;0.000000;0.000000;0.012651;0.026714;-0.423442;0.025351;0.000000;-0.271655;0.021016;0.000000;0.000000;-0.185286;-0.072750;-0.212039;0.343376;10.161152;0.894129;13.506083;1.230241;0.980906;0.000000;9.742220;3.017578;1.986511;104.143142;6929.047281
3.000000;3.000000;0.000000;0.000000;3.000000;0.000000;0.000000;0.000000;0.000000;0.000000;0.000000;0.000000;918.000000;-0.000000;-0.392826;-0.242275;0.951211;0.904802;1.029132;0.295834;-1.161932;1.240213;0.949215;0.176471;0.176471;0.000000;61.884717;2.353975;9.323640;9.174300;1.345913;1.811482;9.420284;0.441915;0.470077;-0.695712;2.051000;0.107843;0.107843;0.000000;8959.273620;0.080072;3.142743;3.042400;0.872668;0.761549;3.261653;0.376137;0.563130;0.187385;1.155825;0.176471;0.176471;0.000000;1046.281630;0.254358;-2.781265;-3.045400;15.221786;231.702766;15.473791;7.882307;-0.043037;-0.446135;22.859875;0.166667;0.166667;1.003922;12607.389847;2.762193;14.165839;2.790950;35.515181;1261.328062;38.236096;5.361605;0.886288;-0.288492;47.511000;0.029412;0.029412;1.003922;84812.043026;1.891198;0.000000;0.000000;0.110001;-0.034461;-0.325678;-0.075657;0.000000;-0.006420;-0.280981;0.000000;0.000000;0.112041;-0.067381;0.178434;0.199651;9.855741;1.665229;13.035110;1.850999;0.892178;0.000000;9.298485;3.017578;3.125556;98.800862;1712.075629
3.000000;3.000000;0.000000;0.000000;3.000000;0.000000;0.000000;0.000000;0.000000;0.000000;0.000000;0.000000;918.000000;-0.000000;-0.724419;-0.378120;1.188647;1.412882;1.392000;0.281486;-1.406110;1.499084;1.068194;0.088235;0.088235;0.000000;125.620737;2.020599;9.186310;9.036350;1.375204;1.891187;9.288675;0.542888;0.487769;-0.378909;2.099550;0.107843;0.107843;0.000000;8704.367812;0.085858;3.328534;3.237600;0.935199;0.874598;3.457418;0.407883;0.793903;0.652872;1.159975;0.235294;0.235294;0.000000;1174.723138;0.256201;-0.221507;-1.494600;17.834542;318.070892;17.835918;8.737846;0.313914;-0.503883;25.595000;0.215686;0.215686;1.505882;16234.160664;2.480693;2.122117;-0.818155;24.243227;587.734074;24.335929;5.922748;0.570257;-0.258557;32.917750;0.098039;0.098039;2.007843;30433.885639;1.768774;0.000000;0.000000;-0.052142;-0.189619;-0.122671;-0.139100;0.000000;0.059719;-0.323196;0.000000;0.000000;-0.008057;-0.111175;0.465684;0.076964;9.768374;1.796014;13.099357;1.924792;1.411991;0.000000;9.223240;3.017578;3.247230;97.217140;922.311151
3.000000;3.000000;0.000000;0.000000;3.000000;0.000000;0.000000;0.000000;0.000000;0.000000;0.000000;0.000000;918.000000;-0.000000;-1.118820;-0.677065;1.476029;2.178662;1.852139;0.394096;-0.910397;-0.182466;2.075260;0.107843;0.107843;0.000000;238.819313;1.637956;9.540027;9.743150;1.162782;1.352061;9.610629;0.482466;-0.217701;0.057379;1.350775;0.117647;0.117647;0.000000;9352.466377;0.062815;2.602013;2.528250;1.404869;1.973656;2.957047;0.430522;0.232798;-0.021259;1.826025;0.127451;0.127451;0.000000;791.379392;0.644575;13.280352;16.125000;21.543088;464.104641;25.307556;8.143614;-0.191669;-0.955011;32.779600;0.098039;0.098039;0.000000;41664.641612;1.848495;-78.446073;-40.556500;86.088730;7411.269508;116.469120;8.263473;-0.538435;-0.991351;149.803575;0.009804;0.009804;0.000000;1005690.769638;0.970802;0.000000;0.000000;-0.263800;-0.615394;0.803585;-0.665000;0.000000;-0.064801;-0.207123;0.000000;0.000000;0.102007;0.167758;0.045046;0.216519;10.169148;1.383038;13.842918;2.401943;1.163739;0.000000;9.501416;3.017578;3.232062;104.794606;14214.272327
3.000000;3.000000;0.000000;0.000000;3.000000;0.000000;0.000000;0.000000;0.000000;0.000000;0.000000;0.000000;918.000000;-0.000000;-1.142444;-0.883285;1.230314;1.513673;1.678944;0.345292;-0.938869;0.710014;1.194387;0.127451;0.127451;0.000000;210.398004;1.645981;10.164291;9.913100;1.222150;1.493651;10.237503;0.408574;1.349088;2.836498;1.116275;0.176471;0.176471;0.000000;10614.092102;0.060521;1.698585;1.890200;1.095794;1.200764;2.021374;0.388339;-0.789414;1.068327;1.340600;0.107843;0.107843;0.000000;355.539035;0.920399;17.392081;17.922000;16.324211;266.479855;23.852973;6.538401;0.147336;-0.713902;23.361050;0.156863;0.156863;0.000000;44446.576025;1.134076;-96.520451;-106.990000;80.435188;6469.819444;125.642417;7.461798;-0.140708;-0.915143;140.329750;0.039216;0.039216;0.000000;1280221.480723;0.744457;0.000000;0.000000;-0.369420;-0.219776;0.334554;-0.733534;0.000000;0.038175;0.231750;0.000000;0.000000;-0.238886;0.163955;0.322249;-0.273529;10.730536;1.480909;14.440101;2.079610;0.957489;0.000000;10.221081;3.017578;1.756340;116.625319;16359.067198
3.000000;3.000000;0.000000;0.000000;3.000000;0.000000;0.000000;0.000000;0.000000;0.000000;0.000000;0.000000;918.000000;-0.000000;-0.768258;-0.692415;0.677911;0.459564;1.024590;0.201120;-0.205782;0.070019;0.897112;0.107843;0.107843;0.000000;83.642904;1.206222;9.870931;9.545400;1.764286;3.112704;10.027362;0.424438;0.932207;0.423477;1.828275;0.098039;0.098039;0.000000;10097.147868;0.112884;1.815866;2.089700;1.442873;2.081881;2.319321;0.356564;-0.452650;-0.151918;1.954480;0.098039;0.098039;0.000000;442.507983;0.961211;2.917550;4.445050;17.231545;296.926139;17.476791;6.467383;-0.620643;0.671426;15.063850;0.186275;0.186275;0.501961;16012.921641;2.167767;-25.784836;-15.338500;46.270092;2140.921423;52.969606;5.094129;-1.081528;0.328212;55.945375;0.039216;0.039216;0.501961;177011.236176;1.384900;0.000000;0.000000;-0.421356;0.026406;0.076902;-0.586736;0.000000;-0.041958;0.000450;0.000000;0.000000;-0.164165;0.158467;0.488934;0.289571;10.376371;2.928691;13.717599;3.236938;0.370699;0.000000;10.105350;3.017578;1.803524;110.597774;3116.596693
3.000000;3.000000;0.000000;0.000000;3.000000;0.000000;0.000000;0.000000;0.000000;0.000000;0.000000;0.000000;918.000000;-0.000000;-0.490829;-0.475815;0.702535;0.493555;0.857011;0.195382;0.160858;0.342724;0.788485;0.107843;0.107843;0.000000;49.751202;1.839256;9.500384;9.023200;1.792871;3.214386;9.668076;0.419537;1.100087;0.419083;1.634925;0.117647;0.117647;0.000000;9370.192337;0.119407;1.699367;2.067750;1.601151;2.563683;2.334851;0.400666;-0.449293;-0.245481;2.433488;0.039216;0.039216;0.000000;425.308384;1.189064;0.557475;2.046500;15.139696;229.210388;15.149956;6.245320;-0.948728;1.415034;13.916450;0.225490;0.225490;1.003922;11724.016749;2.316847;4.928768;8.258150;35.084149;1230.897534;35.428665;5.035558;0.371997;-0.168754;43.848500;0.058824;0.058824;0.501961;65254.209754;1.219154;0.000000;0.000000;-0.338976;-0.081831;-0.229198;0.022147;0.000000;0.237465;0.021316;0.000000;0.000000;-0.337708;0.253162;0.600066;0.208372;10.011540;2.975215;13.193527;3.312286;0.432368;0.000000;9.450435;3.017578;1.897778;103.206156;1490.162981
3.000000;3.000000;0.000000;0.000000;3.000000;0.000000;0.000000;0.000000;0.000000;0.000000;0.000000;0.000000;918.000000;-0.000000;0.011035;0.024368;0.800469;0.640751;0.800545;0.171870;-0.271259;-0.788145;1.300293;0.088235;0.088235;2.007843;32.702337;1.889876;9.773326;9.312600;1.747162;3.052573;9.928267;0.423748;1.378078;1.487893;1.345150;0.098039;0.098039;0.000000;9898.536314;0.110493;1.103623;1.341100;1.470097;2.161186;1.838252;0.397689;-0.514990;-0.002501;2.060367;0.058824;0.058824;0.000000;234.458767;1.542815;-0.847304;0.871760;17.984032;323.425416;18.003981;6.556374;-0.862458;2.039219;14.191100;0.205882;0.205882;1.505882;16570.515105;2.233807;35.500206;29.798000;38.839797;1508.529868;52.619336;5.176947;0.579738;0.557372;41.673250;0.068627;0.068627;0.000000;205528.881171;1.498760;0.000000;0.000000;-0.348369;-0.004718;-0.442693;-0.216472;0.000000;-0.092842;-0.133972;0.000000;0.000000;-0.584112;0.372567;0.412151;0.275346;10.265261;2.835774;13.448087;3.178437;0.551455;0.000000;9.812350;3.017578;1.546144;108.211357;3096.316997
3.000000;3.000000;0.000000;0.000000;3.000000;0.000000;0.000000;0.000000;0.000000;0.000000;0.000000;0.000000;918.000000;-0.000000;-0.086844;-0.194780;0.992979;0.986008;0.996770;0.211638;0.340680;-0.676204;1.526328;0.039216;0.039216;0.501961;51.058276;1.616094;9.851133;9.665200;1.277012;1.630759;9.933559;0.328388;2.524553;7.541817;0.794900;0.147059;0.147059;0.000000;9981.778796;0.068313;0.874291;0.753400;1.313565;1.725454;1.577922;0.366922;-0.182480;-0.388388;1.929592;0.078431;0.078431;0.000000;166.003676;1.541498;-7.393097;-4.436800;20.162116;406.510917;21.474841;7.777505;-0.387035;0.576315;21.714125;0.137255;0.137255;0.000000;26307.199976;2.387832;97.770417;59.703500;83.119408;6908.835944;128.327278;6.821422;0.531088;-1.051699;134.258500;0.019608;0.019608;0.000000;1327385.030762;0.731263;0.000000;0.000000;-0.049255;0.175292;-0.418370;-0.086811;0.000000;-0.043136;-0.098450;0.000000;0.000000;-0.333669;-0.094029;0.250632;0.466447;10.352632;1.492157;13.711067;1.652959;0.989716;0.000000;9.956458;3.017578;0.727511;108.669136;16931.548965
3.000000;3.000000;0.000000;0.000000;3.000000;0.000000;0.000000;0.000000;0.000000;0.000000;0.000000;0.000000;918.000000;-0.000000;-0.645585;-0.755915;1.034291;1.069757;1.219236;0.263764;0.642129;1.072222;1.129717;0.107843;0.107843;0.000000;97.087448;1.879940;9.634644;9.718900;1.043011;1.087871;9.690936;0.368055;-0.631736;0.902738;0.669875;0.196078;0.196078;0.000000;9523.810385;0.049836;1.746432;2.053800;1.246815;1.554548;2.145827;0.382895;-0.631290;-0.506141;1.991765;0.127451;0.127451;0.000000;390.398340;0.860239;-4.784061;-1.503650;16.332213;266.741179;17.018473;8.437301;-0.551047;0.730930;22.529600;0.127451;0.127451;1.505882;15942.118870;2.683313;73.353473;42.315000;97.900699;9584.546812;122.332656;7.597473;0.615373;-1.138450;178.447000;0.009804;0.009804;0.000000;1037676.695900;1.203793;0.000000;0.000000;-0.203486;0.349534;-0.793958;-0.169790;0.000000;0.076856;0.005405;0.000000;0.000000;-0.391462;0.144980;0.124520;0.075652;10.168200;1.008482;13.651443;1.311374;0.867618;0.000000;9.710020;3.017578;1.253215;104.400775;15259.511736
3.000000;3.000000;0.000000;0.000000;3.000000;0.000000;0.000000;0.000000;0.000000;0.000000;0.000000;0.000000;918.000000;-0.000000;-0.608046;-0.489380;0.964670;0.930589;1.140311;0.266231;-0.552998;-0.178565;1.363241;0.107843;0.107843;0.000000;85.183236;1.718001;9.266826;9.369400;1.389215;1.929919;9.370378;0.546828;0.291122;-0.366682;1.888900;0.088235;0.088235;0.000000;8857.710293;0.088862;2.874180;2.787000;0.900047;0.810084;3.011810;0.439360;0.430603;-0.392633;1.261700;0.205882;0.205882;0.000000;883.947921;0.293338;-2.092163;0.584845;14.998689;224.960668;15.143903;9.367397;-0.383085;0.088817;18.932925;0.205882;0.205882;1.003922;11921.484399;2.950936;-2.669192;-9.757000;29.889478;893.380883;30.008423;6.119392;0.351934;-0.598961;36.465750;0.068627;0.068627;2.007843;46295.796583;1.666088;0.000000;0.000000;-0.187234;0.006483;-0.221956;0.160252;0.000000;-0.035626;-0.255988;0.000000;0.000000;0.069388;-0.288070;0.311286;0.085617;9.814054;1.788648;13.122806;2.009080;0.879749;0.000000;9.396120;3.017578;2.669682;98.104300;1138.914279
3.000000;3.000000;0.000000;0.000000;3.000000;0.000000;0.000000;0.000000;0.000000;0.000000;0.000000;0.000000;918.000000;-0.000000;-0.699721;-0.562225;1.148280;1.318546;1.344677;0.280008;-0.102019;-0.726746;1.678046;0.088235;0.088235;0.000000;117.187333;1.611890;9.225211;9.057250;1.204109;1.449878;9.303461;0.481833;0.398381;0.527898;1.681300;0.156863;0.156863;0.000000;8754.605413;0.069034;3.347018;3.354200;0.834990;0.697207;3.449599;0.415818;0.112229;-0.609302;1.250450;0.166667;0.166667;0.000000;1178.244423;0.214283;-0.241936;1.222350;15.822407;250.348555;15.824256;8.811148;-0.236004;0.349986;17.776775;0.225490;0.225490;1.003922;12773.908276;2.687760;-20.317255;-17.250500;34.757011;1208.049836;40.259666;6.190093;-0.224302;-0.061537;40.288932;0.049020;0.049020;0.501961;103716.375716;1.317567;0.000000;0.000000;-0.040102;-0.183212;-0.012843;0.079501;0.000000;-0.342725;0.042638;0.000000;0.000000;0.332486;-0.264199;0.255357;-0.042070;9.800697;1.308892;13.272073;1.484712;1.311122;0.000000;9.319215;3.017578;3.346471;97.362547;1883.147493
3.000000;3.000000;0.000000;0.000000;3.000000;0.000000;0.000000;0.000000;0.000000;0.000000;0.000000;0.000000;918.000000;-0.000000;-1.223020;-1.243650;1.389872;1.931743;1.851356;0.336521;0.399621;-0.518560;1.944962;0.107843;0.107843;0.000000;251.096596;1.433565;9.631697;9.615400;1.040328;1.082283;9.687718;0.434025;-0.093302;0.251497;1.423975;0.156863;0.156863;0.000000;9517.695011;0.050111;2.931369;3.145500;1.075098;1.155835;3.122300;0.403053;-0.876006;1.158061;1.243850;0.166667;0.166667;0.000000;935.426827;0.385919;6.649920;6.588150;15.399381;237.140935;16.773860;8.232343;-0.212303;-0.330514;22.855025;0.127451;0.127451;0.000000;16604.907010;2.514972;-67.752012;-47.170500;64.391526;4146.268641;93.469802;8.351095;-1.137652;0.463294;72.389000;0.029412;0.029412;0.000000;679692.025243;1.062741;0.000000;0.000000;-0.084363;-0.300123;0.716805;-0.193483;0.000000;-0.278598;0.126466;0.000000;0.000000;0.077204;0.056741;0.028458;-0.078984;10.260704;0.997337;14.219620;1.968209;1.075658;0.000000;9.788495;3.017578;3.242394;106.279391;9027.714960
3.000000;3.000000;0.000000;0.000000;3.000000;0.000000;0.000000;0.000000;0.000000;0.000000;0.000000;0.000000;918.000000;-0.000000;-0.917510;-0.749935;1.259213;1.585616;1.558024;0.337747;-0.314425;-0.290973;1.468917;0.098039;0.098039;0.000000;166.732598;1.776701;10.020388;9.785350;1.213311;1.472123;10.093577;0.413169;1.847344;5.195275;1.065875;0.166667;0.166667;0.000000;10316.928070;0.062069;2.623427;2.715650;0.930371;0.865591;2.783516;0.393705;-0.962925;1.543697;1.017875;0.225490;0.225490;0.000000;746.199099;0.374745;10.434789;10.609000;11.935070;142.445886;15.853413;7.839881;-0.511759;0.469581;16.286150;0.235294;0.235294;0.000000;18373.471953;1.839942;-72.755993;-49.296500;61.352251;3764.098645;95.171073;7.551788;-1.225588;0.561962;76.057500;0.019608;0.019608;0.000000;731899.680846;0.842571;0.000000;0.000000;0.119430;-0.158426;0.628602;-0.050953;0.000000;-0.041490;0.265128;0.000000;0.000000;-0.060177;0.306869;0.208861;-0.081901;10.580751;1.355445;14.218543;1.736986;1.351028;0.000000;10.067937;3.017578;2.645626;113.307744;9316.611851
3.000000;3.000000;0.000000;0.000000;3.000000;0.000000;0.000000;0.000000;0.000000;0.000000;0.000000;0.000000;918.000000;-0.000000;-0.523108;-0.462915;0.661580;0.437688;0.843404;0.242300;-0.157594;0.031129;0.832753;0.127451;0.127451;0.000000;50.233995;1.662757;10.024340;9.636950;1.623813;2.636768;10.155007;0.441839;1.311930;1.772485;1.144275;0.117647;0.117647;0.000000;10384.206763;0.097339;1.855933;2.138550;1.300846;1.692202;2.266427;0.385657;-0.929733;0.851274;1.540850;0.107843;0.107843;0.000000;437.644262;0.975135;8.561099;9.656750;11.846590;140.341686;14.616228;6.394503;-0.257643;-0.580489;18.187993;0.215686;0.215686;0.000000;14635.078519;2.019079;-25.522437;-20.186500;31.877303;1016.162445;40.835735;5.276977;-0.915354;0.264673;35.720200;0.088235;0.088235;0.000000;118293.135650;1.634049;0.000000;0.000000;-0.161021;-0.276030;-0.290723;-0.184518;0.000000;0.166089;0.107397;0.000000;0.000000;-0.041875;-0.074957;0.306567;-0.095862;10.505571;2.468477;13.701742;2.676532;0.428364;0.000000;9.934742;3.017578;2.214252;112.835494;1886.328047
3.000000;3.000000;0.000000;0.000000;3.000000;0.000000;0.000000;0.000000;0.000000;0.000000;0.000000;0.000000;918.000000;-0.000000;-0.613275;-0.636925;0.685044;0.469285;0.919451;0.217455;0.353447;0.110562;0.909855;0.117647;0.117647;0.000000;62.297505;1.541813;9.790030;9.260900;1.974497;3.898639;9.987158;0.472674;1.203036;0.933051;2.110650;0.068627;0.068627;0.000000;9975.005929;0.138785;0.729282;0.800510;1.125418;1.266567;1.341051;0.401201;-0.508641;0.065652;1.326177;0.137255;0.137255;0.000000;118.861359;1.882121;-0.356693;1.108910;18.532890;343.468022;18.536323;6.406443;-1.105069;2.119680;20.827575;0.107843;0.107843;1.003922;17531.043878;2.353969;-1.676972;-0.313505;22.844291;521.861653;22.905761;4.763059;-0.136884;-0.424437;27.722500;0.078431;0.078431;0.501961;26905.720548;1.557252;0.000000;0.000000;-0.374582;-0.025739;0.124494;0.261704;0.000000;0.259668;0.026759;0.000000;0.000000;-0.245185;0.296144;0.388833;0.039232;10.292978;3.643324;13.551966;4.011256;0.399915;0.000000;9.677555;3.017578;0.773867;109.588725;870.067558
3.000000;3.000000;0.000000;0.000000;3.000000;0.000000;0.000000;0.000000;0.000000;0.000000;0.000000;0.000000;918.000000;-0.000000;-0.550647;-0.702235;0.806051;0.649718;0.976181;0.219981;0.631374;0.290352;0.948055;0.098039;0.098039;0.000000;64.064589;1.787616;9.631911;9.146100;1.840785;3.388490;9.806232;0.379660;1.355282;1.510964;2.089100;0.078431;0.078431;0.000000;9635.734316;0.119300;1.296443;1.326000;1.275001;1.625626;1.818349;0.337720;-0.344769;-0.379571;1.923545;0.088235;0.088235;0.000000;254.357397;1.362573;-4.304675;0.308880;17.862214;319.058707;18.373593;7.509546;-1.167990;1.698310;18.962150;0.176471;0.176471;1.003922;18162.078839;2.447238;12.248479;10.085500;31.657632;1002.205653;33.944527;4.797740;0.501089;-0.224733;44.830750;0.039216;0.039216;0.501961;66432.889568;1.540356;0.000000;0.000000;-0.176241;0.408555;0.012175;0.135654;0.000000;0.038235;-0.018471;0.000000;0.000000;-0.326098;0.524449;0.134432;0.191759;10.147588;3.141587;13.471632;3.447029;0.631161;0.000000;9.559085;3.017578;0.947595;106.115126;1493.126225
3.000000;3.000000;0.000000;0.000000;3.000000;0.000000;0.000000;0.000000;0.000000;0.000000;0.000000;0.000000;918.000000;-0.000000;-0.148291;0.006388;0.790438;0.624792;0.804227;0.201367;-0.270955;-0.332858;1.242350;0.088235;0.088235;0.501961;34.109446;2.078936;9.567990;9.405750;1.258071;1.582743;9.650346;0.361446;0.876483;0.690355;1.160825;0.147059;0.147059;0.000000;9418.459335;0.066895;1.802664;1.778350;0.861407;0.742021;1.997904;0.336016;-0.278637;0.466115;1.213075;0.137255;0.137255;0.000000;369.321860;0.555970;-2.835011;0.590240;15.671679;245.601529;15.926042;9.033698;-0.612229;0.033652;19.202775;0.196078;0.196078;1.505882;13354.270470;3.000622;63.149360;71.211000;56.215218;3160.150692;84.545801;5.140861;0.397016;-0.346128;67.659750;0.029412;0.029412;0.000000;567979.553428;1.173501;0.000000;0.000000;-0.082276;0.359111;-0.526069;-0.200614;0.000000;-0.195469;0.050086;0.000000;0.000000;-0.679702;0.637139;0.006863;0.102015;10.065514;1.461385;13.225539;1.605420;0.623971;0.000000;9.497250;3.017578;2.066964;102.775961;7405.622825
3.000000;3.000000;0.000000;0.000000;3.000000;0.000000;0.000000;0.000000;0.000000;0.000000;0.000000;0.000000;918.000000;-0.000000;-0.193561;0.006388;0.803108;0.644982;0.826104;0.211091;-1.027958;1.087958;1.165115;0.098039;0.098039;0.501961;36.716144;2.051495;9.421987;9.515800;0.849221;0.721176;9.460181;0.329314;-0.058989;0.751754;0.956625;0.156863;0.156863;0.000000;9091.712119;0.036294;2.049057;1.954500;0.854576;0.730299;2.220120;0.342756;0.302033;-0.505500;1.175375;0.117647;0.117647;0.000000;465.518436;0.433113;-4.982508;-4.292450;12.575016;158.131032;13.526138;8.154178;-0.614211;1.363110;12.693400;0.303922;0.303922;0.000000;10596.992213;2.856559;82.742102;77.886500;59.122104;3495.423155;101.694044;5.608168;-0.142598;-0.136977;62.999750;0.078431;0.078431;0.000000;876595.997272;0.725054;0.000000;0.000000;0.035556;0.030197;-0.642928;0.056132;0.000000;0.098410;0.476767;0.000000;0.000000;-0.235618;-0.015313;-0.095298;-0.221450;9.925679;0.658362;13.045902;0.735449;0.644235;0.000000;9.558942;3.017578;1.775977;99.177468;10529.563938
3.000000;3.000000;0.000000;0.000000;3.000000;0.000000;0.000000;0.000000;0.000000;0.000000;0.000000;0.000000;918.000000;-0.000000;-0.500549;-0.461770;0.939157;0.882016;1.064220;0.220809;-0.429935;-0.224366;1.225730;0.107843;0.107843;0.000000;70.538786;1.977448;9.308809;9.453600;1.006785;1.013617;9.363094;0.351126;0.494180;0.060280;1.431850;0.117647;0.117647;0.000000;8890.413669;0.047913;2.932947;2.837050;0.828602;0.686582;3.047747;0.335412;0.141091;-0.447254;1.146825;0.166667;0.166667;0.000000;912.443736;0.251561;-2.215821;-4.029500;12.556044;157.654242;12.750063;6.774590;0.054685;-0.527264;16.848750;0.225490;0.225490;2.007843;8545.807145;2.896380;36.898979;28.536500;55.842022;3118.331366;66.931801;5.828275;0.940166;0.474256;66.061125;0.029412;0.029412;0.000000;297951.023317;1.423539;0.000000;0.000000;-0.215352;0.016755;-0.613449;-0.056724;0.000000;-0.363102;0.136077;0.000000;0.000000;0.421311;-0.409193;0.014105;0.309041;9.841913;0.936859;13.144734;1.173308;0.741093;0.000000;9.480836;3.017578;2.782066;97.800103;4651.718848
3.000000;3.000000;0.000000;0.000000;3.000000;0.000000;0.000000;0.000000;0.000000;0.000000;0.000000;0.000000;918.000000;-0.000000;-0.482411;-0.368470;0.909343;0.826904;1.029381;0.206945;-0.537065;-0.016133;1.215193;0.078431;0.078431;0.000000;65.912530;1.744467;9.382236;9.066850;1.139968;1.299527;9.451237;0.403259;0.430221;-0.767167;1.864175;0.078431;0.078431;0.000000;9044.969471;0.056380;3.229313;3.141800;0.894904;0.800853;3.351017;0.355417;0.173942;-0.166711;1.150400;0.196078;0.196078;0.000000;1104.552751;0.242095;-2.794417;-0.778790;18.207758;331.522450;18.420945;7.754084;-0.788930;0.768053;26.412250;0.147059;0.147059;2.007843;17721.655757;2.592190;0.878276;-3.272650;25.195034;634.789746;25.210337;4.877973;0.987757;0.725460;22.018000;0.088235;0.088235;0.501961;32453.022706;1.441015;0.000000;0.000000;-0.208699;-0.134863;-0.311088;0.374691;0.000000;-0.373751;-0.159711;0.000000;0.000000;0.367649;-0.223704;-0.206283;0.465720;9.909042;1.196404;13.167207;1.397300;0.750185;0.000000;9.574731;3.017578;3.231749;99.385509;986.121645
3.000000;3.000000;0.000000;0.000000;3.000000;0.000000;0.000000;0.000000;0.000000;0.000000;0.000000;0.000000;918.000000;-0.000000;-0.915972;-0.828200;0.957077;0.915996;1.324764;0.200047;-0.660003;-0.233802;1.321852;0.078431;0.078431;0.000000;132.297543;1.268238;9.327011;9.101750;1.035053;1.071334;9.384267;0.377514;0.457297;-0.286620;1.583750;0.127451;0.127451;0.000000;8927.938200;0.047456;3.313979;3.210400;0.906654;0.822021;3.435765;0.362417;0.225612;0.070130;1.112600;0.215686;0.215686;0.000000;1162.137270;0.224713;0.304183;2.281350;18.310382;335.270091;18.312909;8.138390;-0.836507;1.672687;19.352750;0.137255;0.137255;0.501961;17125.833093;2.581899;-2.202318;-4.282000;20.069102;402.768862;20.189578;4.263518;0.300228;-0.098381;20.549625;0.068627;0.068627;0.501961;21041.367065;1.809954;0.000000;0.000000;0.153337;-0.117200;-0.098576;0.474259;0.000000;-0.216303;-0.047890;0.000000;0.000000;0.375686;-0.104960;0.009111;0.127868;9.893023;0.947569;13.343988;1.175798;0.831209;0.000000;9.655178;3.017578;3.235285;98.819465;754.786167
3.000000;3.000000;0.000000;0.000000;3.000000;0.000000;0.000000;0.000000;0.000000;0.000000;0.000000;0.000000;918.000000;-0.000000;-1.145414;-1.113350;1.214014;1.473830;1.669073;0.268050;0.231977;-0.540611;1.912660;0.098039;0.098039;0.000000;208.986739;1.305642;9.653227;9.573000;1.049426;1.101295;9.710103;0.414429;0.472491;-0.021834;1.370875;0.147059;0.147059;0.000000;9561.016685;0.049040;2.440249;2.838500;1.537607;2.364236;2.884277;0.416467;-0.728817;0.208623;2.240525;0.088235;0.088235;0.000000;728.082815;0.769990;14.758407;14.079000;18.418904;339.256035;23.602259;8.928696;0.180881;-0.097295;25.001250;0.156863;0.156863;0.000000;39519.596310;1.775834;-74.023277;-45.489000;94.445978;8920.042670;119.997867;6.345144;-0.599247;-0.911430;160.022375;0.009804;0.009804;0.000000;1013842.202002;1.015971;0.000000;0.000000;0.217214;-0.546550;0.830586;-0.606687;0.000000;0.000932;-0.306239;0.000000;0.000000;-0.164765;-0.149114;-0.033696;-0.172207;10.253212;0.943551;14.037313;1.637197;0.963425;0.000000;9.692546;3.017578;3.158554;106.071900;14964.873817
3.000000;3.000000;0.000000;0.000000;3.000000;0.000000;0.000000;0.000000;0.000000;0.000000;0.000000;0.000000;918.000000;-0.000000;-0.990665;-0.946780;1.052168;1.107057;1.445156;0.238608;0.196678;0.157333;1.157940;0.117647;0.117647;0.000000;156.566956;1.395437;9.897129;9.764050;0.784194;0.614961;9.928148;0.365283;0.650283;0.768084;0.922100;0.245098;0.245098;0.000000;10022.595728;0.029637;1.855082;1.993300;1.443958;2.085015;2.350818;0.400548;-0.221710;-0.358762;2.230647;0.019608;0.019608;0.000000;457.465828;0.868923;12.279158;13.463000;21.030751;442.292504;24.353033;8.339682;-0.274751;0.314062;27.489075;0.147059;0.147059;0.000000;37936.616919;1.823226;-101.473559;-95.175000;80.990597;6559.476786;129.832045;6.075335;-0.240366;-0.527757;98.889500;0.019608;0.019608;0.000000;1384822.108651;0.702852;0.000000;0.000000;0.093753;-0.432989;0.829446;-0.672186;0.000000;-0.112226;-0.119417;0.000000;0.000000;-0.417490;-0.234103;-0.046341;0.079752;10.445805;0.541758;14.088160;1.130010;0.609058;0.000000;10.162692;3.017578;1.618260;109.656607;17454.956505
3.000000;3.000000;0.000000;0.000000;3.000000;0.000000;0.000000;0.000000;0.000000;0.000000;0.000000;0.000000;918.000000;-0.000000;-0.901789;-0.855450;0.823180;0.677625;1.221003;0.209407;-0.439933;0.559403;0.997847;0.088235;0.088235;0.000000;117.507745;1.320099;9.982069;9.658100;1.401303;1.963651;10.079948;0.397020;1.224459;1.065965;1.463875;0.117647;0.117647;0.000000;10263.607681;0.075386;1.557383;1.317250;1.600274;2.560877;2.233007;0.377250;-0.022777;-0.467541;2.231735;0.078431;0.078431;0.000000;378.034771;1.299293;3.159733;3.965100;17.556400;308.227188;17.838472;7.810397;-0.094190;0.291059;23.016850;0.107843;0.107843;1.003922;16766.979297;2.187112;-20.337275;-7.065300;50.965953;2597.528349;54.873793;4.924152;-0.754149;-0.540744;74.609500;0.058824;0.058824;0.501961;174672.356367;1.269271;0.000000;0.000000;-0.280241;-0.136451;0.127279;-0.073592;0.000000;-0.195125;-0.149161;0.000000;0.000000;-0.471445;-0.184580;0.217853;0.153865;10.497897;1.890351;13.971789;2.060538;0.606889;0.000000;9.950870;3.017578;1.774027;112.096194;3334.330542
3.000000;3.000000;0.000000;0.000000;3.000000;0.000000;0.000000;0.000000;0.000000;0.000000;0.000000;0.000000;918.000000;-0.000000;-0.763782;-0.728550;0.853259;0.728051;1.145170;0.215266;-0.381473;0.757272;1.000988;0.088235;0.088235;0.000000;96.633755;1.460870;9.886519;9.150850;1.780060;3.168615;10.045490;0.440952;0.863748;-0.427342;2.694550;0.088235;0.088235;0.000000;10131.484915;0.115470;1.457901;1.399150;1.721888;2.964899;2.256185;0.370665;-0.162779;-1.099137;3.009540;0.068627;0.068627;0.000000;368.011378;1.566999;0.192983;2.587400;22.058565;486.580295;22.059409;8.154331;-0.718404;0.775857;29.419250;0.117647;0.117647;0.501961;24821.579149;2.207551;-2.303538;3.815600;27.544883;758.720563;27.641036;5.168101;-0.078753;-0.922673;39.975000;0.039216;0.039216;0.501961;39235.996056;1.222980;0.000000;0.000000;-0.386367;-0.004057;-0.104191;0.490194;0.000000;-0.057971;0.015578;0.000000;0.000000;-0.353878;0.135087;0.324468;0.200749;10.401937;3.022981;13.815489;3.335084;0.600163;0.000000;10.017116;3.017578;1.122020;111.223280;1255.734762
3.000000;3.000000;0.000000;0.000000;3.000000;0.000000;0.000000;0.000000;0.000000;0.000000;0.000000;0.000000;918.000000;-0.000000;-0.119754;-0.187695;0.824645;0.680040;0.833295;0.181233;0.597849;0.704568;1.045885;0.088235;0.088235;0.501961;36.170226;2.553195;9.638815;9.150850;1.706969;2.913743;9.788794;0.453987;1.552080;1.939501;1.318500;0.137255;0.137255;0.000000;9625.108502;0.108638;1.820283;2.138000;1.643747;2.701904;2.452618;0.366080;-0.793531;-0.307566;2.602733;0.039216;0.039216;0.000000;475.776576;1.031375;2.001355;2.198750;24.475089;599.029989;24.556779;8.242983;-0.203168;1.221791;22.918675;0.166667;0.166667;1.003922;30959.574247;2.044261;-0.176656;4.526700;26.532806;703.989816;26.533394;4.988822;-0.343802;-0.953311;41.012000;0.049020;0.049020;0.501961;35914.003024;1.526862;0.000000;0.000000;-0.096334;-0.111857;0.026211;0.329774;0.000000;0.238078;0.185105;0.000000;0.000000;-0.375838;0.392305;0.354295;0.363706;10.139261;2.710261;13.298022;2.950875;0.678490;0.000000;9.416764;3.017578;1.937957;105.514873;1313.071765
3.000000;3.000000;0.000000;0.000000;3.000000;0.000000;0.000000;0.000000;0.000000;0.000000;0.000000;0.000000;918.000000;-0.000000;0.346560;0.228530;0.794358;0.631005;0.866666;0.244504;0.515884;0.455130;0.931403;0.088235;0.088235;0.000000;44.434605;2.169714;9.622729;9.389600;1.372610;1.884059;9.720133;0.369400;2.260508;6.146463;1.210525;0.156863;0.156863;0.000000;9540.997041;0.077940;0.925895;0.649805;1.342282;1.801722;1.630645;0.324447;0.081040;-0.128420;1.708275;0.058824;0.058824;0.000000;179.334464;1.700701;-2.399138;-4.980800;20.918147;437.568854;21.055278;6.995448;1.167671;2.434688;19.005125;0.127451;0.127451;1.003922;22906.424682;2.274018;77.094440;39.853000;80.452867;6472.663766;111.428078;5.543648;0.598432;-1.137973;147.386250;0.009804;0.009804;0.000000;936369.599041;0.883604;0.000000;0.000000;0.045665;0.015634;-0.418810;-0.497108;0.000000;-0.150390;0.089139;0.000000;0.000000;-0.121853;-0.067823;0.369771;0.281115;10.122855;1.759889;13.269975;1.904708;0.635258;0.000000;9.581573;3.017578;1.301623;104.232090;12862.200240
3.000000;3.000000;0.000000;0.000000;3.000000;0.000000;0.000000;0.000000;0.000000;0.000000;0.000000;0.000000;918.000000;-0.000000;-0.191284;-0.263305;0.890250;0.792545;0.910568;0.218110;0.677272;0.093100;1.249313;0.107843;0.107843;0.501961;44.152945;1.980350;9.539050;9.514500;0.626007;0.391885;9.559569;0.275343;-0.002816;-0.175457;0.774700;0.215686;0.215686;0.000000;9301.323913;0.020455;1.553106;1.279000;1.479125;2.187810;2.144749;0.322658;0.316877;-1.166734;2.724920;0.107843;0.107843;0.000000;357.616265;1.124997;-10.225751;-7.422100;19.033447;362.272097;21.606436;8.663419;-1.551967;3.747837;19.269050;0.235294;0.235294;0.000000;29159.712223;2.354769;87.399651;70.255500;81.055254;6569.954153;119.200055;5.710003;0.210418;-1.305764;146.709750;0.019608;0.019608;0.000000;1114215.810581;0.670691;0.000000;0.000000;0.013991;0.351417;-0.619293;-0.354139;0.000000;-0.352287;0.432027;0.000000;0.000000;-0.426740;0.366302;0.000643;-0.315545;10.041869;0.375351;13.289253;0.800545;0.395611;0.000000;9.528540;3.017578;0.952859;101.214494;14680.091232
3.000000;3.000000;0.000000;0.000000;3.000000;0.000000;0.000000;0.000000;0.000000;0.000000;0.000000;0.000000;918.000000;-0.000000;-0.829172;-0.804705;0.752166;0.565753;1.119500;0.214974;-0.167006;0.349631;0.788590;0.107843;0.107843;0.000000;98.986905;1.265919;9.519167;9.448350;0.985122;0.970465;9.570005;0.406712;0.169183;0.805925;1.117400;0.176471;0.176471;0.000000;9292.176475;0.046901;2.785214;2.903200;0.817853;0.668884;2.902809;0.418313;-0.222800;-0.263633;1.213075;0.215686;0.215686;0.000000;825.370796;0.283816;-3.961726;0.441349;20.423029;417.100126;20.803735;11.786392;-1.581186;4.099002;20.519675;0.235294;0.235294;2.007843;22899.620186;2.940812;23.363975;12.494000;42.679867;1821.571083;48.656412;5.349789;1.448877;1.655654;44.425925;0.029412;0.029412;0.000000;148622.545513;1.865289;0.000000;0.000000;0.033849;0.477375;-0.019809;-0.411573;0.000000;-0.029989;-0.001335;0.000000;0.000000;-0.209545;-0.028000;0.146503;-0.167541;10.047848;0.879025;13.446149;0.981637;0.569791;0.000000;9.584524;3.017578;2.809722;101.838278;2808.668132
3.000000;3.000000;0.000000;0.000000;3.000000;0.000000;0.000000;0.000000;0.000000;0.000000;0.000000;0.000000;918.000000;-0.000000;-0.764865;-0.601230;0.836544;0.699806;1.133501;0.238554;-0.275819;-0.078108;0.815652;0.088235;0.088235;0.000000;95.366591;1.533917;9.297058;9.035700;1.312288;1.722100;9.389216;0.496003;0.574276;-0.412409;2.120400;0.088235;0.088235;0.000000;8904.264387;0.076720;3.100110;3.110400;0.843196;0.710980;3.212735;0.462471;0.002399;-0.023270;1.122675;0.196078;0.196078;0.000000;1016.578616;0.252129;-1.003605;-0.911420;15.795459;249.496518;15.827310;11.360506;0.111861;-0.656736;22.468450;0.284314;0.284314;1.003922;12827.127300;3.145524;5.250741;2.974450;21.948067;481.717642;22.567408;4.084412;-0.112050;-0.433219;27.236750;0.107843;0.107843;0.501961;27379.842927;1.436091;0.000000;0.000000;-0.206001;0.082375;-0.181390;0.210224;0.000000;-0.029383;0.044195;0.000000;0.000000;0.041558;-0.407474;0.226970;0.053508;9.840386;1.609022;13.208048;1.787416;0.658470;0.000000;9.376685;3.017578;2.939191;98.442210;770.113327
3.000000;3.000000;0.000000;0.000000;3.000000;0.000000;0.000000;0.000000;0.000000;0.000000;0.000000;0.000000;918.000000;-0.000000;-0.812771;-0.652605;0.802780;0.644456;1.142389;0.197719;-0.411644;-0.446810;0.999860;0.058824;0.058824;0.000000;100.262094;1.249589;9.239346;8.984700;1.176090;1.383187;9.313898;0.435930;0.813372;0.187371;1.667525;0.088235;0.088235;0.000000;8777.825546;0.061593;3.491651;3.457500;0.732010;0.535838;3.567557;0.388275;-0.312978;0.271997;0.879725;0.186275;0.186275;0.000000;1270.879300;0.163999;-1.951307;-3.031750;16.271760;264.770185;16.388343;8.824608;-0.018289;-0.018113;22.008200;0.254902;0.254902;1.003922;13891.791624;2.622594;-12.610264;-10.536500;20.554438;422.484903;24.114387;3.497992;0.134557;-1.201598;35.123950;0.058824;0.058824;0.000000;37767.390283;1.301418;0.000000;0.000000;-0.170959;0.082396;-0.061767;0.244625;0.000000;-0.220741;0.125980;0.000000;0.000000;0.212936;-0.277856;0.254517;0.092641;9.786272;1.282642;13.139620;1.430943;0.616775;0.000000;9.280383;3.017578;3.482518;97.053755;862.808898
3.000000;3.000000;0.000000;0.000000;3.000000;0.000000;0.000000;0.000000;0.000000;0.000000;0.000000;0.000000;918.000000;-0.000000;-0.902204;-0.868630;0.741197;0.549373;1.167624;0.189958;-0.388194;-0.600365;0.998432;0.058824;0.058824;0.000000;111.045294;1.057389;9.440866;9.347700;1.115329;1.243960;9.506519;0.395578;0.379277;-0.285285;1.714450;0.088235;0.088235;0.000000;9154.733956;0.056381;3.476959;3.386900;0.965150;0.931514;3.608429;0.351426;0.145428;-0.405660;1.164400;0.156863;0.156863;0.000000;1280.615774;0.234294;3.821347;1.893900;18.520260;343.000034;18.910387;8.766484;-0.000732;0.090479;25.985425;0.205882;0.205882;1.003922;19003.489693;2.616038;-51.321190;-38.675500;44.301531;1962.625654;67.797420;4.350515;-0.939324;0.167786;47.094500;0.009804;0.009804;0.000000;368767.479439;1.150364;0.000000;0.000000;-0.101358;-0.130564;0.520464;-0.253490;0.000000;-0.154394;-0.268951;0.000000;0.000000;0.351151;-0.143886;-0.316119;0.323109;9.980242;1.132019;13.383006;1.266340;0.544749;0.000000;9.437483;3.017578;3.655360;100.737250;4967.113698
3.000000;3.000000;0.000000;0.000000;3.000000;0.000000;0.000000;0.000000;0.000000;0.000000;0.000000;0.000000;918.000000;-0.000000;-0.553591;-0.563755;0.720683;0.519384;0.908761;0.205941;0.020718;-0.235285;0.972004;0.088235;0.088235;0.000000;57.748972;1.573763;9.606548;9.651300;0.910015;0.828128;9.649554;0.343907;-0.010461;0.490143;0.989725;0.156863;0.156863;0.000000;9455.458971;0.039595;2.810867;2.723700;1.178480;1.388816;3.047916;0.383789;0.642484;-0.024591;1.239125;0.137255;0.137255;0.000000;876.774074;0.401608;8.125274;8.264500;18.339296;336.329773;20.058660;9.704546;0.103257;-0.132001;25.225750;0.205882;0.205882;0.000000;23910.589723;2.496905;-78.169220;-76.716500;48.992230;2400.238584;92.253269;5.077770;0.058009;-1.322378;86.526500;0.039216;0.039216;0.000000;745675.803816;0.552226;0.000000;0.000000;-0.189155;-0.024335;0.589974;0.023318;0.000000;0.058479;-0.301714;0.000000;0.000000;0.123052;0.271347;-0.470574;0.376386;10.107810;0.771917;13.356182;0.880429;0.480426;0.000000;9.578591;3.017578;3.208979;102.939740;8922.305254
3.000000;3.000000;0.000000;0.000000;3.000000;0.000000;0.000000;0.000000;0.000000;0.000000;0.000000;0.000000;918.000000;-0.000000;-0.373217;-0.403525;0.590850;0.349104;0.698852;0.176697;-0.102249;0.871992;0.571213;0.117647;0.117647;0.000000;32.013564;1.832259;9.704117;9.497850;1.138418;1.295995;9.770664;0.370627;1.862369;4.894393;0.812675;0.176471;0.176471;0.000000;9671.484652;0.056846;1.952385;2.210850;1.097228;1.203910;2.239579;0.409602;-0.967936;0.861112;1.456125;0.147059;0.147059;0.000000;450.207700;0.703499;5.444852;3.030550;17.898475;320.355396;18.708335;9.696359;0.379862;0.075778;22.374975;0.215686;0.215686;1.003922;19375.580705;2.841840;-42.355235;-15.315500;51.229364;2624.447742;66.471149;4.623020;-0.889741;-0.858618;89.807775;0.029412;0.029412;0.000000;316850.615390;1.355312;0.000000;0.000000;-0.076634;-0.096367;0.191198;-0.014638;0.000000;0.221426;-0.006382;0.000000;0.000000;0.043028;0.121333;0.316562;-0.045482;10.186030;1.199055;13.266095;1.311652;0.349735;0.000000;9.851061;3.017578;2.039085;104.954270;4773.431228
3.000000;3.000000;0.000000;0.000000;3.000000;0.000000;0.000000;0.000000;0.000000;0.000000;0.000000;0.000000;918.000000;-0.000000;-0.322354;-0.276475;0.537371;0.288767;0.626641;0.151214;-0.347657;0.573416;0.542310;0.127451;0.127451;0.000000;25.327957;1.892137;9.771300;9.409700;1.605817;2.578647;9.902371;0.435672;1.449312;1.583608;1.162050;0.127451;0.127451;0.000000;9870.319450;0.096866;1.588313;1.799850;1.182915;1.399287;1.980410;0.365695;-0.604635;0.048702;1.619438;0.039216;0.039216;0.000000;328.688872;0.914539;2.898029;1.491950;14.783062;218.538925;15.064445;8.056340;0.526253;0.819030;13.966275;0.284314;0.284314;1.003922;12006.138802;2.891840;1.494843;-2.293950;18.626711;346.954351;18.686597;3.863472;0.509511;-0.560127;30.211250;0.039216;0.039216;0.501961;17922.938007;1.380618;0.000000;0.000000;-0.524208;-0.287900;-0.090842;-0.068543;0.000000;0.109674;-0.092462;0.000000;0.000000;-0.355042;0.209897;0.429585;-0.269199;10.248431;2.419283;13.246898;2.691150;0.204654;0.000000;10.005714;3.017578;1.654033;107.449630;580.048429
3.000000;3.000000;0.000000;0.000000;3.000000;0.000000;0.000000;0.000000;0.000000;0.000000;0.000000;0.000000;918.000000;-0.000000;-0.379727;-0.401975;0.549368;0.301805;0.667831;0.147611;-0.058613;0.230688;0.699960;0.098039;0.098039;0.000000;30.101574;1.792298;9.799252;9.352600;1.809153;3.273034;9.964857;0.429367;1.281442;1.045365;1.807575;0.078431;0.078431;0.000000;9961.535588;0.110519;1.745089;2.063550;1.126504;1.269011;2.077100;0.325392;-0.608593;-0.178532;1.558322;0.058824;0.058824;0.000000;375.352287;0.728975;-1.813957;1.247950;16.804685;282.397452;16.902304;7.743316;-1.914045;5.662788;13.349625;0.254902;0.254902;1.505882;14738.504441;2.811266;5.967678;7.340600;19.700552;388.111751;20.584580;3.833504;0.030727;-0.720304;32.240750;0.078431;0.078431;0.501961;23429.066993;1.583600;0.000000;0.000000;-0.278321;0.198574;0.137871;0.482816;0.000000;0.159780;-0.128050;0.000000;0.000000;-0.474798;0.158521;0.164278;-0.012112;10.280871;3.048058;13.332652;3.331227;0.279007;0.000000;10.071669;3.017578;1.496313;108.744370;713.727167
3.000000;3.000000;0.000000;0.000000;3.000000;0.000000;0.000000;0.000000;0.000000;0.000000;0.000000;0.000000;918.000000;-0.000000;-0.142405;-0.334635;0.773538;0.598361;0.786537;0.212205;0.429433;-0.202025;1.007448;0.068627;0.068627;0.501961;32.585753;2.197181;9.792104;9.299750;1.749524;3.060836;9.947167;0.434489;1.237692;0.965135;1.940000;0.058824;0.058824;0.000000;9936.403262;0.107704;1.842635;2.021200;1.050360;1.103257;2.120981;0.389839;-0.552603;-0.389437;1.370500;0.098039;0.098039;0.000000;402.589864;0.692419;-2.958153;0.243890;16.864911;284.425234;17.122380;9.430700;-1.805118;4.932539;17.558950;0.333333;0.333333;2.007843;15403.022032;3.057586;35.281163;31.847000;42.071388;1770.001720;54.906850;4.586778;0.070186;-1.319187;77.427775;0.029412;0.029412;0.000000;217238.931060;1.035347;0.000000;0.000000;-0.090577;0.344385;-0.017358;0.261625;0.000000;0.235410;-0.178303;0.000000;0.000000;-0.171643;0.398465;0.148386;0.121576;10.283164;2.821322;13.451749;3.097288;0.598138;0.000000;10.004837;3.017578;1.827452;108.564775;3312.436677
3.000000;3.000000;0.000000;0.000000;3.000000;0.000000;0.000000;0.000000;0.000000;0.000000;0.000000;0.000000;918.000000;-0.000000;0.058744;0.067229;1.001238;1.002478;1.002960;0.338784;-0.050433;-0.958302;1.629023;0.098039;0.098039;2.007843;51.486541;2.107275;9.734248;9.597800;1.210852;1.466163;9.809268;0.415009;1.368405;2.851561;1.141125;0.156863;0.156863;0.000000;9739.845465;0.063034;1.614419;1.713150;0.968074;0.937168;1.882423;0.417311;-0.247307;-0.695174;1.374990;0.176471;0.176471;0.000000;313.643968;0.783054;-3.472272;-0.210504;19.563823;382.743180;19.869571;9.769728;-1.278551;3.606648;21.494750;0.284314;0.284314;1.003922;20765.817178;2.811721;93.666451;87.659000;37.523246;1407.994015;100.902914;5.987208;0.311578;-0.676210;49.859000;0.058824;0.058824;0.000000;966699.557562;0.361960;0.000000;0.000000;-0.252314;0.095141;-0.352179;-0.480123;0.000000;0.363186;-0.292317;0.000000;0.000000;-0.364249;0.005345;0.250451;-0.174898;10.241796;1.333287;13.598420;1.634166;0.858916;0.000000;9.866588;3.017578;1.530082;106.227677;10579.741424
3.000000;3.000000;0.000000;0.000000;3.000000;0.000000;0.000000;0.000000;0.000000;0.000000;0.000000;0.000000;918.000000;-0.000000;0.000171;0.058163;0.929937;0.864783;0.929937;0.311847;-0.014802;-0.739226;1.468573;0.107843;0.107843;4.015686;44.106105;2.323801;9.453083;9.457300;0.910921;0.829777;9.496871;0.460754;-0.188399;1.048399;0.927325;0.215686;0.215686;0.000000;9157.118703;0.041842;2.491551;2.605550;1.320412;1.743487;2.819807;0.440547;-0.229539;-0.566924;1.691725;0.186275;0.186275;0.000000;722.116163;0.571330;-5.204146;-2.162650;25.107151;630.369029;25.640830;11.089572;-0.685914;0.915019;29.091250;0.196078;0.196078;1.505882;34911.815282;2.721062;51.832618;44.013000;71.714733;5143.002968;88.485158;6.049131;0.141533;-1.446711;138.729750;0.019608;0.019608;0.000000;536328.441286;0.881818;0.000000;0.000000;-0.138291;-0.030525;-0.686444;-0.282861;0.000000;0.046503;0.364408;0.000000;0.000000;-0.071730;-0.088207;-0.174947;-0.326692;9.965390;0.746338;13.226424;0.975288;0.736050;0.000000;9.580978;3.017578;1.947553;100.055344;8495.026701
3.000000;3.000000;0.000000;0.000000;3.000000;0.000000;0.000000;0.000000;0.000000;0.000000;0.000000;0.000000;918.000000;-0.000000;-0.221363;-0.027829;0.914009;0.835413;0.940433;0.240816;-0.276907;-0.989088;1.344125;0.078431;0.078431;0.501961;47.604229;2.130303;9.442089;9.258500;1.142346;1.304955;9.510941;0.464595;0.255356;0.018742;1.441150;0.147059;0.147059;0.000000;9160.171436;0.059266;3.155703;3.087850;0.834686;0.696700;3.264224;0.424732;0.174022;-0.236234;1.134400;0.186275;0.186275;0.000000;1051.297178;0.235213;-1.130593;1.290350;21.625594;467.666321;21.655128;10.731105;-0.560932;0.806543;28.549250;0.245098;0.245098;2.509804;23982.446074;2.667419;-0.159811;1.292235;28.767906;827.592414;28.768350;4.876898;0.107864;-1.059735;43.386250;0.078431;0.078431;0.501961;42214.951098;1.291462;0.000000;0.000000;-0.082589;-0.269139;-0.023314;-0.351769;0.000000;-0.018363;0.079874;0.000000;0.000000;0.022696;-0.454124;0.100635;-0.244734;9.957211;1.196361;13.217779;1.333363;0.828197;0.000000;9.303870;3.017578;3.276125;100.342419;1307.217676
3.000000;3.000000;0.000000;0.000000;3.000000;0.000000;0.000000;0.000000;0.000000;0.000000;0.000000;0.000000;918.000000;-0.000000;-0.422121;-0.471410;0.816427;0.666553;0.919097;0.231470;-0.196628;-0.740260;1.185298;0.098039;0.098039;0.000000;52.170425;2.039162;9.488215;9.252650;1.181358;1.395607;9.561476;0.433142;0.364563;-0.584246;1.632350;0.107843;0.107843;0.000000;9253.855913;0.061133;3.236252;3.124250;0.927212;0.859722;3.366459;0.377417;0.478066;0.037258;1.140550;0.127451;0.127451;0.000000;1112.125872;0.256783;-0.013862;1.273400;18.374582;337.625248;18.374587;8.809765;-0.078122;-0.975763;29.059000;0.205882;0.205882;1.003922;17219.241157;2.497046;6.162262;6.690650;21.586253;465.966320;22.448603;4.337406;0.018274;-0.560746;25.729925;0.107843;0.107843;0.501961;27644.119381;2.197014;0.000000;0.000000;-0.137718;-0.280946;-0.024565;-0.040875;0.000000;-0.018186;-0.033430;0.000000;0.000000;0.094841;-0.406531;0.002842;0.166182;9.998902;1.288530;13.233258;1.433104;0.649474;0.000000;9.503944;3.017578;3.012168;101.266565;852.898287
3.000000;3.000000;0.000000;0.000000;3.000000;0.000000;0.000000;0.000000;0.000000;0.000000;0.000000;0.000000;918.000000;-0.000000;-1.135652;-0.717870;1.224901;1.500384;1.670356;0.218083;-0.504220;-1.021055;2.096183;0.049020;0.049020;0.000000;208.075020;1.230500;9.465221;9.408850;1.197600;1.434246;9.540684;0.436217;0.314627;-0.815302;1.675600;0.107843;0.107843;0.000000;9211.383437;0.063741;2.762823;2.709200;1.272552;1.619389;3.041806;0.383386;-0.206913;0.692593;1.272325;0.156863;0.156863;0.000000;861.202354;0.498442;6.064668;6.783850;20.196118;407.883174;21.087043;8.414667;-0.130245;-0.618563;29.220125;0.215686;0.215686;1.003922;24554.130113;2.234426;-28.077497;-5.337200;77.904022;6069.036620;82.809314;6.679270;-1.321527;1.451486;78.375750;0.029412;0.029412;0.501961;390044.765296;1.802175;0.000000;0.000000;-0.330086;-0.548014;0.579499;-0.320823;0.000000;-0.579688;-0.409025;0.000000;0.000000;0.700000;0.514903;-0.207638;0.300295;10.068582;1.438400;13.716908;1.971993;0.991692;0.000000;9.260123;3.017578;3.248030;102.814735;7311.298387
3.000000;3.000000;0.000000;0.000000;3.000000;0.000000;0.000000;0.000000;0.000000;0.000000;0.000000;0.000000;918.000000;-0.000000;-1.086060;-0.827915;1.304208;1.700957;1.697199;0.271925;-0.226047;-0.680544;2.207333;0.078431;0.078431;0.000000;207.062723;1.469321;9.746893;9.844850;0.964589;0.930431;9.794506;0.373167;-0.287620;0.172580;0.930450;0.176471;0.176471;0.000000;9737.754890;0.042166;1.442899;1.662650;1.337239;1.788207;1.967274;0.408939;-0.651465;0.060478;2.158710;0.078431;0.078431;0.000000;303.559506;1.115210;13.178092;14.690000;16.081746;258.622566;20.791457;8.348263;-0.288429;0.146089;20.198950;0.294118;0.294118;0.000000;30903.421532;1.786607;-101.584247;-109.370000;97.193025;9446.484133;140.591050;8.378099;0.148213;-0.657944;126.121250;0.019608;0.019608;0.000000;1534356.046612;0.785991;0.000000;0.000000;-0.140062;-0.444308;0.768004;-0.412430;0.000000;-0.275151;-0.503203;0.000000;0.000000;-0.114580;-0.122039;-0.176060;0.043114;10.339071;0.916457;14.043904;1.756560;0.900882;0.000000;9.728232;3.017578;1.610510;107.812841;20201.998223
3.000000;3.000000;0.000000;0.000000;3.000000;0.000000;0.000000;0.000000;0.000000;0.000000;0.000000;0.000000;918.000000;-0.000000;-0.270484;-0.374315;0.912491;0.832639;0.951736;0.260970;0.606081;0.834302;0.908728;0.127451;0.127451;2.007843;49.949896;2.580855;9.857933;9.712850;1.073861;1.153177;9.916251;0.375174;1.266900;2.382707;1.062000;0.156863;0.156863;0.000000;9971.068325;0.049431;1.266349;1.180800;1.637791;2.682359;2.070265;0.411304;-0.488706;-0.405361;2.651550;0.039216;0.039216;0.000000;300.382723;1.488019;7.249704;9.980800;14.466629;209.283354;16.181519;8.404289;-0.273871;-0.342074;19.110025;0.205882;0.205882;0.000000;16036.133417;2.619581;-68.794159;-27.955500;92.186879;8498.420617;115.026331;5.760924;-0.700401;-0.685421;147.186450;0.009804;0.009804;0.000000;916247.302528;1.362519;0.000000;0.000000;-0.382360;-0.126970;0.428473;-0.565024;0.000000;-0.262880;-0.029719;0.000000;0.000000;-0.477621;-0.065532;0.162600;0.280733;10.351012;1.094383;13.604444;1.414283;0.591195;0.000000;9.961605;3.017578;1.092763;108.237827;13497.184481
3.000000;3.000000;0.000000;0.000000;3.000000;0.000000;0.000000;0.000000;0.000000;0.000000;0.000000;0.000000;918.000000;-0.000000;-0.365357;-0.350850;0.784513;0.615460;0.865417;0.180241;0.858327;2.098781;0.797253;0.098039;0.098039;0.000000;45.005751;2.076057;9.789869;9.354300;1.617531;2.616407;9.922597;0.430261;1.504154;1.804769;1.472650;0.078431;0.078431;0.000000;9909.295217;0.095997;1.524548;2.188500;1.626105;2.644217;2.229005;0.384047;-0.806529;-0.263066;2.530940;0.029412;0.029412;0.000000;371.933414;1.097905;4.030626;1.334400;13.883492;192.751359;14.456739;8.213986;0.773299;0.843084;16.257025;0.166667;0.166667;1.003922;11518.221155;2.826852;-1.090149;-1.414600;17.533184;307.412527;17.567042;4.210671;0.475453;-0.073645;22.350575;0.068627;0.068627;0.501961;15804.484409;1.875245;0.000000;0.000000;-0.264906;0.115925;-0.052246;-0.188799;0.000000;-0.309612;0.204569;0.000000;0.000000;-0.445478;0.139273;0.285662;0.584398;10.284144;2.443269;13.440668;2.697821;0.566045;0.000000;9.912821;3.017578;1.867429;108.206880;522.566723
3.000000;3.000000;0.000000;0.000000;3.000000;0.000000;0.000000;0.000000;0.000000;0.000000;0.000000;0.000000;918.000000;-0.000000;-0.576159;-0.448900;0.726774;0.528201;0.927448;0.164073;-0.084601;-0.479644;1.118885;0.058824;0.058824;0.000000;60.798487;1.496337;9.731343;9.313250;1.760972;3.101023;9.889391;0.477033;1.417937;1.480625;1.391050;0.058824;0.058824;0.000000;9817.462720;0.113815;1.230805;1.641550;1.386785;1.923173;1.854199;0.401025;-0.661468;-0.488788;2.172490;0.078431;0.078431;0.000000;252.638208;1.287081;-0.872949;-2.236000;23.405346;547.810240;23.421620;8.506908;-0.574084;1.762304;15.082600;0.166667;0.166667;2.007843;28016.208127;2.413094;1.267062;1.009310;17.974056;323.066674;18.018660;4.437931;0.484648;0.443968;20.847625;0.107843;0.107843;0.501961;16641.728518;1.799258;0.000000;0.000000;-0.299342;-0.177659;-0.053851;-0.557456;0.000000;0.031359;-0.031061;0.000000;0.000000;-0.165645;0.066361;0.376177;0.311570;10.234812;2.908837;13.439475;3.188114;0.477043;0.000000;9.864804;3.017578;1.559072;107.660223;876.682456
3.000000;3.000000;0.000000;0.000000;3.000000;0.000000;0.000000;0.000000;0.000000;0.000000;0.000000;0.000000;918.000000;-0.000000;-0.245543;-0.153445;0.919786;0.846005;0.951996;0.179575;-0.162250;-0.856181;1.498035;0.068627;0.068627;0.501961;49.305900;2.250687;9.727996;9.181500;1.883396;3.547179;9.908637;0.510063;1.565400;1.978163;1.425875;0.058824;0.058824;0.000000;9833.566958;0.123336;1.099282;1.534100;1.473034;2.169828;1.838002;0.387667;-0.369199;-0.757222;2.391982;0.049020;0.049020;0.000000;233.921949;1.387426;-1.780757;-2.524650;22.679413;514.355793;22.749217;8.659706;-0.708132;1.877499;18.471125;0.235294;0.235294;1.003922;26557.403710;2.451774;30.756071;17.250000;34.958111;1222.069528;46.561845;5.512952;1.257836;0.908811;41.355975;0.049020;0.049020;0.000000;158847.177502;1.466105;0.000000;0.000000;-0.250508;-0.034287;-0.347223;-0.145168;0.000000;0.107570;-0.038607;0.000000;0.000000;-0.113438;0.425298;0.371602;0.340317;10.234379;3.344880;13.494494;3.650980;0.785702;0.000000;9.888627;3.017578;1.304214;108.087384;2688.910581
3.000000;3.000000;0.000000;0.000000;3.000000;0.000000;0.000000;0.000000;0.000000;0.000000;0.000000;0.000000;918.000000;-0.000000;-0.091030;-0.330520;0.873252;0.762570;0.877984;0.191206;0.617601;-0.364545;1.143428;0.039216;0.039216;0.501961;39.736294;1.999503;9.736307;9.374350;1.495807;2.237439;9.850539;0.446098;2.261049;6.169356;1.207425;0.117647;0.117647;0.000000;9783.319052;0.090545;1.378034;1.096250;1.492480;2.227497;2.031372;0.386073;-0.142311;-0.805735;2.505970;0.039216;0.039216;0.000000;307.304904;1.146851;-0.820437;1.056150;18.657251;348.093014;18.675281;8.922345;-0.537573;0.255749;21.507000;0.205882;0.205882;2.007843;17821.408570;2.581288;89.331764;76.326500;65.694734;4315.798067;110.887159;6.051537;0.327465;-1.073116;103.591250;0.019608;0.019608;0.000000;1034082.623008;0.615243;0.000000;0.000000;0.045721;0.235213;-0.439294;-0.384439;0.000000;-0.173094;0.096033;0.000000;0.000000;-0.160344;-0.069922;0.192094;0.339035;10.233002;2.089639;13.474997;2.262030;0.767682;0.000000;9.875476;3.017578;1.319767;106.803967;12648.854681
3.000000;3.000000;0.000000;0.000000;3.000000;0.000000;0.000000;0.000000;0.000000;0.000000;0.000000;0.000000;918.000000;-0.000000;-0.723225;-0.849215;0.835297;0.697721;1.104887;0.169695;1.635386;2.925208;0.787175;0.127451;0.127451;0.000000;88.939711;1.610639;9.467232;9.498150;0.882664;0.779096;9.508290;0.371725;-0.610831;0.628265;1.049050;0.176471;0.176471;0.000000;9181.840406;0.039498;1.953393;2.111950;1.097746;1.205046;2.240712;0.353539;-0.310082;-0.562444;1.800032;0.068627;0.068627;0.000000;450.667548;0.655348;-5.905882;-3.633000;16.812361;282.655490;17.819510;8.594470;-0.512559;0.176715;24.445425;0.225490;0.225490;0.000000;17984.906184;2.625261;67.259505;29.790500;77.178559;5956.529942;102.373683;4.593238;0.584928;-1.167514;130.518625;0.009804;0.009804;0.000000;765245.282004;0.939937;0.000000;0.000000;0.351089;0.284531;-0.632729;-0.145141;0.000000;-0.301810;0.267230;0.000000;0.000000;-0.435756;0.403168;-0.323864;-0.113870;9.997641;0.675532;13.449079;1.010345;0.481094;0.000000;9.809217;3.017578;1.589320;100.628360;10802.926610
3.000000;3.000000;0.000000;0.000000;3.000000;0.000000;0.000000;0.000000;0.000000;0.000000;0.000000;0.000000;918.000000;-0.000000;-0.889883;-0.862565;0.814307;0.663096;1.206229;0.188218;-0.230693;-0.454371;1.059788;0.039216;0.039216;0.000000;114.590959;1.089890;9.289364;9.241150;1.224911;1.500407;9.369775;0.431034;0.659667;0.449646;1.569925;0.117647;0.117647;0.000000;8878.342484;0.065697;2.747719;2.905350;0.789722;0.623661;2.858955;0.392995;-0.473514;-0.040165;1.131700;0.166667;0.166667;0.000000;801.926661;0.270857;-3.455738;-2.836100;15.371847;236.293691;15.755501;11.352077;-0.049987;0.428212;19.521250;0.303922;0.303922;0.000000;13270.990593;3.211812;-2.465573;0.397615;18.885286;356.654046;19.045553;4.821607;-0.186291;-0.943905;29.993000;0.098039;0.098039;1.505882;18814.982288;2.057172;0.000000;0.000000;0.221428;0.395007;0.048350;-0.278188;0.000000;0.120716;-0.232881;0.000000;0.000000;0.196520;-0.450061;-0.051845;-0.190908;9.844863;1.326339;13.275965;1.570492;0.614433;0.000000;9.534990;3.017578;2.536418;98.247675;619.142532
3.000000;3.000000;0.000000;0.000000;3.000000;0.000000;0.000000;0.000000;0.000000;0.000000;0.000000;0.000000;918.000000;-0.000000;-0.859407;-0.680705;1.015083;1.030393;1.330028;0.298347;-0.608974;-0.527460;1.342947;0.088235;0.088235;0.000000;127.889779;1.475837;9.687044;9.437250;1.538524;2.367055;9.808460;0.506345;0.402183;-0.954292;2.613550;0.088235;0.088235;0.000000;9692.308214;0.094694;2.773258;2.896050;0.769526;0.592170;2.878042;0.447018;-0.173450;-0.852214;1.195250;0.215686;0.215686;0.000000;814.680264;0.254143;1.196780;4.332600;17.913303;320.886418;17.953236;13.304791;-0.593894;0.160081;21.159825;0.274510;0.274510;1.003922;16605.365770;3.160722;-6.890322;-5.964200;22.230799;494.208414;23.274126;6.572516;-0.308588;-0.216690;33.931275;0.127451;0.127451;2.007843;30049.597710;2.240132;0.000000;0.000000;0.127532;0.155440;-0.096124;-0.041221;0.000000;0.004226;-0.294398;0.000000;0.000000;-0.002905;-0.330951;0.058759;-0.347893;10.238694;2.143988;13.688033;2.419825;1.011261;0.000000;9.705714;3.017578;3.016414;106.974852;872.286779
3.000000;3.000000;0.000000;0.000000;3.000000;0.000000;0.000000;0.000000;0.000000;0.000000;0.000000;0.000000;918.000000;-0.000000;-0.230084;-0.299340;0.837213;0.700925;0.868254;0.292560;0.627421;1.557640;0.876535;0.127451;0.127451;1.003922;41.146952;2.667878;9.873605;10.173000;2.978012;8.868557;10.312935;0.800130;-0.065102;-0.856384;4.376475;0.147059;0.147059;0.000000;10396.096544;0.246594;-0.015943;0.272370;1.081305;1.169220;1.081422;0.461843;-0.969242;0.227245;1.197605;0.127451;0.127451;1.505882;59.673316;2.335721;2.528763;3.043650;18.891907;356.904153;19.060399;6.429910;-0.174084;-0.852306;30.334250;0.127451;0.127451;1.505882;18855.310580;2.165425;5.471425;-0.757000;36.062952;1300.536479;36.475649;3.695422;0.391328;-0.964649;49.713750;0.029412;0.029412;1.003922;69388.088903;1.233876;0.000000;0.000000;-0.203832;0.275230;0.254635;0.216452;0.000000;-0.104475;-0.252731;0.000000;0.000000;-0.019598;0.612457;-0.050724;-0.001890;10.398521;7.981254;13.542220;8.988175;0.676054;0.000000;9.762795;3.017578;0.075365;116.110495;1694.941243
3.000000;3.000000;0.000000;0.000000;3.000000;0.000000;0.000000;0.000000;0.000000;0.000000;0.000000;0.000000;918.000000;-0.000000;0.053769;-0.085759;0.989840;0.979783;0.991299;0.298942;0.956329;1.412770;1.120985;0.137255;0.137255;0.501961;50.270486;2.258078;9.916880;9.903550;2.465393;6.078161;10.218742;0.684263;0.049426;-0.453010;2.596000;0.156863;0.156863;0.000000;10341.148006;0.180460;0.264653;0.345610;1.053818;1.110533;1.086542;0.400582;-0.923864;1.508216;0.833828;0.215686;0.215686;1.505882;63.781427;2.116351;-3.636979;-2.704250;17.501773;306.312075;17.875673;6.130024;-0.040238;-0.524864;26.195900;0.127451;0.127451;1.003922;16978.628811;2.587501;30.946142;18.344000;50.561183;2556.433241;59.279819;3.972406;0.461989;-1.204691;89.639200;0.009804;0.009804;0.501961;228073.788996;1.243470;0.000000;0.000000;-0.234425;0.077182;0.202253;-0.076965;0.000000;-0.040393;-0.103213;0.000000;0.000000;-0.153286;0.617643;0.028170;0.049875;10.435356;5.508692;13.633982;6.202372;0.925452;0.000000;10.216855;3.017578;0.116315;114.405352;3834.817223
3.000000;3.000000;0.000000;0.000000;3.000000;0.000000;0.000000;0.000000;0.000000;0.000000;0.000000;0.000000;918.000000;-0.000000;0.189723;0.082683;1.104064;1.218956;1.120246;0.335030;0.281350;0.153754;1.295037;0.117647;0.117647;1.505882;65.838296;2.389285;9.612685;9.661350;1.734140;3.007240;9.767853;0.721690;0.057709;0.580645;1.791300;0.176471;0.176471;0.000000;9578.560644;0.121978;0.601537;0.542610;0.668317;0.446648;0.899164;0.392888;0.281503;0.818919;0.698720;0.196078;0.196078;0.000000;59.706097;1.751995;-7.253952;-6.054650;14.722121;216.740833;16.412211;6.513408;-0.564842;0.104556;19.177400;0.186275;0.186275;0.000000;16421.387304;2.259978;92.589952;99.167000;50.925390;2593.395306;105.670689;5.388545;-0.369775;0.102173;46.327500;0.039216;0.039216;0.000000;1006707.869061;0.545760;0.000000;0.000000;-0.152734;-0.080987;-0.222855;0.233319;0.000000;0.088817;0.294485;0.000000;0.000000;-0.459935;-0.091748;0.352655;-0.006462;10.147083;2.702622;13.472143;3.084079;1.183961;0.000000;9.458728;3.017578;0.655250;105.665910;11436.463661
3.000000;3.000000;0.000000;0.000000;3.000000;0.000000;0.000000;0.000000;0.000000;0.000000;0.000000;0.000000;918.000000;-0.000000;-0.233856;-0.203835;1.064962;1.134145;1.090336;0.393644;0.124314;-0.411252;1.545983;0.137255;0.137255;1.003922;63.422521;2.624924;9.894767;9.791250;1.498885;2.246657;10.007650;0.774697;0.345463;0.440099;1.511925;0.205882;0.205882;0.000000;10101.039873;0.094276;0.890785;0.818340;0.695900;0.484277;1.130387;0.425351;-0.378713;0.273859;1.039718;0.196078;0.196078;0.000000;105.649482;1.250771;-7.600973;-7.817050;12.678249;160.737987;14.782177;7.339900;-0.526688;1.218269;12.999460;0.274510;0.274510;0.000000;14091.484180;2.390946;65.762851;53.540500;61.267236;3753.674199;89.880069;4.964258;0.505659;-0.967006;95.846000;0.009804;0.009804;0.000000;632564.388221;0.814138;0.000000;0.000000;-0.061442;0.133738;-0.433484;0.130388;0.000000;-0.116842;-0.086612;0.000000;0.000000;-0.124329;-0.052242;0.071579;0.183800;10.406870;2.038948;13.765875;2.277567;1.136709;0.000000;9.978083;3.017578;0.710622;110.341898;8298.217292
3.000000;3.000000;0.000000;0.000000;3.000000;0.000000;0.000000;0.000000;0.000000;0.000000;0.000000;0.000000;918.000000;-0.000000;-0.479938;-0.477425;1.092681;1.193952;1.193437;0.444419;-0.054575;0.586062;1.187088;0.215686;0.215686;0.000000;84.390119;2.380349;9.614539;9.220650;2.830228;8.010189;10.022452;1.046613;1.420792;2.697436;2.605775;0.127451;0.127451;0.000000;9837.434160;0.286855;1.212593;1.300550;0.819560;0.671679;1.463579;0.525115;-0.096499;0.180291;1.061945;0.225490;0.225490;0.000000;184.266160;1.017539;-2.136663;-6.307000;16.261003;264.420219;16.400779;9.428439;0.703671;0.767870;20.244625;0.245098;0.245098;4.517647;13964.407101;3.193209;2.568764;4.985450;21.928704;480.868060;22.078646;5.249687;-0.500847;-0.180743;29.090750;0.137255;0.137255;0.501961;25213.659819;2.219990;0.000000;0.000000;-0.237795;-0.172581;0.002341;-0.016004;0.000000;-0.178209;0.120187;0.000000;0.000000;-0.181859;-0.084652;0.015018;0.279607;10.166287;7.520460;13.544255;8.168712;1.126560;0.000000;9.729842;3.017578;1.245279;110.873847;758.594217
3.000000;3.000000;0.000000;0.000000;3.000000;0.000000;0.000000;0.000000;0.000000;0.000000;0.000000;0.000000;918.000000;-0.000000;-0.679323;-0.598615;1.127580;1.271438;1.316403;0.493955;-0.556509;0.511971;1.371932;0.127451;0.127451;0.000000;111.940906;2.266109;9.405364;7.848050;4.046101;16.370937;10.238740;1.402308;1.394765;1.067413;3.622425;0.078431;0.078431;0.000000;9858.371490;0.469065;1.430414;1.382500;0.996553;0.993118;1.743331;0.613936;-0.036360;-0.202157;1.290100;0.215686;0.215686;0.000000;259.356012;1.007363;0.522428;-0.189960;21.140314;446.912871;21.146768;14.497004;-0.375818;1.600465;22.203750;0.294118;0.294118;3.513725;22821.038937;3.142196;-9.066260;-5.230150;20.193464;407.775971;22.135335;6.141665;-0.367571;-0.850333;32.282850;0.107843;0.107843;0.000000;29182.017963;2.312306;0.000000;0.000000;-0.345873;-0.346748;-0.190551;0.114084;0.000000;-0.155807;0.219026;0.000000;0.000000;-0.255214;-0.237731;0.140870;0.207561;10.008336;15.397935;13.436898;16.697785;1.119267;0.000000;9.464918;3.017578;1.291363;115.564721;940.198047
3.000000;3.000000;0.000000;0.000000;3.000000;0.000000;0.000000;0.000000;0.000000;0.000000;0.000000;0.000000;918.000000;-0.000000;-1.036993;-0.804345;1.470425;2.162151;1.799307;0.541044;-0.489727;0.250687;1.736233;0.147059;0.147059;0.000000;219.991206;1.979309;9.928974;9.223600;3.525475;12.428973;10.536294;1.129072;1.218505;1.409207;3.688850;0.127451;0.127451;0.000000;10689.518520;0.350960;1.190463;1.151300;1.092448;1.193442;1.615749;0.585198;0.203436;0.024910;1.198950;0.196078;0.196078;0.000000;205.789750;1.465282;5.702579;8.995650;24.446910;597.651387;25.103203;14.510147;-0.787713;1.011141;26.555625;0.176471;0.176471;0.501961;33797.873648;3.204020;-69.863888;-55.849500;64.713864;4187.884152;95.230494;5.584719;-0.236361;-1.559744;129.151975;0.049020;0.049020;0.000000;711477.932741;0.902719;0.000000;0.000000;-0.088648;-0.390614;0.510134;-0.499390;0.000000;-0.267024;0.020180;0.000000;0.000000;0.295668;0.288941;0.120989;0.081811;10.564934;11.633167;14.312365;12.572764;2.162826;0.000000;10.053460;3.017578;1.484533;123.250994;9701.628496
3.000000;3.000000;0.000000;0.000000;3.000000;0.000000;0.000000;0.000000;0.000000;0.000000;0.000000;0.000000;918.000000;-0.000000;-1.093490;-0.978870;1.492647;2.227997;1.850329;0.467942;-0.307516;0.050320;1.743132;0.098039;0.098039;0.000000;235.598122;1.906852;10.407215;9.712400;2.185890;4.778117;10.634295;0.682187;1.148080;0.858580;2.238400;0.137255;0.137255;0.000000;11291.346069;0.156051;0.839727;0.881775;1.049469;1.101384;1.344070;0.471384;-0.294114;1.555409;1.139418;0.186275;0.186275;0.000000;128.593596;2.171100;11.635741;16.052000;18.446109;340.258938;21.809388;9.019249;-1.013134;2.346447;20.184600;0.156863;0.156863;0.000000;31179.171592;2.361889;-85.448881;-93.286500;60.794705;3695.996160;104.869001;5.412574;0.216777;-1.371453;118.498250;0.019608;0.019608;0.000000;933251.747486;0.599065;0.000000;0.000000;0.231299;-0.070575;0.142214;-0.246741;0.000000;-0.133198;0.230856;0.000000;0.000000;0.227774;0.394715;0.033812;-0.106391;11.004108;4.421559;14.880207;5.034068;2.041412;0.000000;10.527564;3.017578;0.919740;125.511951;11474.963291
3.000000;3.000000;0.000000;0.000000;3.000000;0.000000;0.000000;0.000000;0.000000;0.000000;0.000000;0.000000;918.000000;-0.000000;-0.720172;-0.612700;1.028003;1.056789;1.255164;0.394733;-0.480123;0.458925;1.261580;0.127451;0.127451;0.000000;106.815286;2.023939;9.760926;9.442450;2.418813;5.850654;10.056159;0.644829;0.306812;-0.259913;2.994625;0.088235;0.088235;0.000000;10016.530738;0.189749;0.578679;0.737900;1.194931;1.427859;1.327678;0.441441;-1.165877;1.984189;1.186470;0.137255;0.137255;0.000000;107.024149;2.130765;1.895687;0.415362;16.084250;258.703107;16.195578;7.840404;-0.210865;-0.221529;21.018525;0.137255;0.137255;0.501961;13587.710067;2.565107;-18.940879;-5.581900;45.745720;2092.670873;49.511895;4.175695;-1.282205;1.080590;54.641500;0.029412;0.029412;1.003922;143365.646127;1.936508;0.000000;0.000000;-0.082301;0.224480;-0.158892;-0.131706;0.000000;0.056032;-0.031897;0.000000;0.000000;-0.060646;0.378632;0.026824;0.044227;10.309124;5.423739;13.724577;5.917388;1.058446;0.000000;10.083695;3.017578;0.754603;111.701776;2715.487220
3.000000;3.000000;0.000000;0.000000;3.000000;0.000000;0.000000;0.000000;0.000000;0.000000;0.000000;0.000000;918.000000;-0.000000;-0.651353;-0.644490;0.748224;0.559839;0.992018;0.388361;-0.498854;0.336961;0.893667;0.186275;0.186275;0.000000;71.938279;1.784621;9.713864;9.467150;2.776832;7.710797;10.102967;0.820996;0.097049;-0.772278;3.843975;0.117647;0.117647;0.000000;10017.989063;0.231048;0.282699;0.615480;1.155569;1.335339;1.189646;0.493288;-1.034530;1.240627;1.377100;0.147059;0.147059;3.513725;76.387496;2.637014;-3.391421;-3.800700;16.543814;273.697782;16.887851;7.578624;0.248865;-0.298772;20.763600;0.186275;0.186275;1.505882;15138.258292;2.585328;1.937836;13.947000;26.832556;719.986075;26.902440;3.803790;-0.837686;-0.603973;39.348750;0.029412;0.029412;1.003922;37106.394808;1.480452;0.000000;0.000000;-0.482785;-0.026805;0.271821;-0.175776;0.000000;-0.149722;0.148987;0.000000;0.000000;-0.119658;0.095506;0.235081;0.135958;10.247229;7.048344;13.490551;7.926547;0.425976;0.000000;9.572991;3.017578;0.115317;112.054045;1010.356062
3.000000;3.000000;0.000000;0.000000;3.000000;0.000000;0.000000;0.000000;0.000000;0.000000;0.000000;0.000000;918.000000;-0.000000;-1.064125;-0.948465;0.907925;0.824327;1.398817;0.391126;-0.199500;-0.283449;1.174012;0.156863;0.156863;0.000000;157.544613;1.252877;9.804994;9.820450;2.477302;6.137025;10.113107;0.732705;0.199929;-0.272854;3.193075;0.117647;0.117647;0.000000;10119.097645;0.192351;0.858790;0.986930;1.079423;1.165154;1.379375;0.473175;-0.736571;0.770723;1.318125;0.147059;0.147059;0.000000;134.651682;1.664994;-1.338847;-0.733160;17.964581;322.726174;18.014402;6.143952;-0.584744;0.282719;26.605500;0.166667;0.166667;2.007843;16641.985638;2.175214;-26.439569;-11.033500;48.557095;2357.791456;55.288717;4.373174;-0.320431;-1.502590;98.639000;0.029412;0.029412;0.501961;191569.203301;1.423734;0.000000;0.000000;-0.317479;-0.002434;-0.077899;0.032581;0.000000;0.065648;0.013943;0.000000;0.000000;-0.349042;0.548447;0.238991;-0.153226;10.374436;5.602697;13.959901;6.293026;0.737251;0.000000;10.154646;3.017578;0.617854;113.231624;3383.263620
3.000000;3.000000;0.000000;0.000000;3.000000;0.000000;0.000000;0.000000;0.000000;0.000000;0.000000;0.000000;918.000000;-0.000000;-1.454141;-1.478100;0.857093;0.734608;1.687938;0.338190;-0.535897;0.134328;1.162510;0.137255;0.137255;0.000000;253.146814;0.797309;9.484813;9.531250;1.528203;2.335403;9.607137;0.528163;0.145895;0.691364;1.550025;0.176471;0.176471;0.000000;9295.253617;0.094807;1.061206;1.028900;0.748004;0.559510;1.298333;0.413354;0.215785;0.183538;0.994660;0.196078;0.196078;0.000000;143.411358;1.071460;6.656256;10.969000;17.171347;294.855159;18.416321;5.954985;-1.329946;2.494575;19.410125;0.127451;0.127451;0.000000;19556.908150;2.348975;-88.405148;-98.990500;53.867119;2901.666509;103.523605;4.429267;0.872014;0.159909;33.895750;0.068627;0.068627;0.000000;945179.140332;0.640974;0.000000;0.000000;-0.255457;-0.199922;0.454466;-0.265442;0.000000;0.196556;-0.284079;0.000000;0.000000;-0.012762;0.249573;0.204823;-0.446913;10.098506;2.166382;13.939947;2.426314;0.674093;0.000000;9.488953;3.017578;1.173087;104.146211;11057.983275
3.000000;3.000000;0.000000;0.000000;3.000000;0.000000;0.000000;0.000000;0.000000;0.000000;0.000000;0.000000;918.000000;-0.000000;-1.114876;-1.164100;0.811781;0.658989;1.379107;0.304366;-0.793398;1.704053;1.078585;0.127451;0.127451;0.000000;160.401674;1.055910;9.844093;9.681350;1.122052;1.259001;9.907834;0.587370;0.578702;0.525079;1.307425;0.196078;0.196078;0.000000;9948.640626;0.055124;0.919190;0.926770;0.774718;0.600188;1.202122;0.478869;0.050947;0.203750;0.934290;0.235294;0.235294;0.000000;116.806123;1.370618;6.742892;6.369700;14.268206;203.581699;15.781264;7.240215;-0.467251;0.565404;19.933000;0.205882;0.205882;0.000000;15021.265328;2.519980;-69.579792;-84.753000;61.496265;3781.790647;92.860854;4.546722;-0.030856;-1.476356;114.481575;0.009804;0.009804;0.000000;686691.486566;0.833026;0.000000;0.000000;-0.054482;-0.018577;0.035371;-0.566736;0.000000;-0.159555;0.165073;0.000000;0.000000;-0.104807;0.426349;0.292850;-0.101483;10.388468;1.146834;13.983384;1.275583;0.661396;0.000000;9.947128;3.017578;0.882753;109.067107;8873.631505
3.000000;3.000000;0.000000;0.000000;3.000000;0.000000;0.000000;0.000000;0.000000;0.000000;0.000000;0.000000;918.000000;-0.000000;-0.883544;-1.077150;0.680727;0.463389;1.115365;0.278059;0.827179;0.196748;0.880467;0.127451;0.127451;0.000000;103.273811;1.113209;9.641760;9.442100;2.416997;5.841873;9.940091;0.888651;2.600643;10.289278;2.115500;0.156863;0.156863;0.000000;9780.311529;0.221052;1.258288;1.200550;0.862709;0.744268;1.525633;0.531698;-0.021114;0.220625;1.263162;0.166667;0.166667;0.000000;199.456462;1.058040;-1.209351;-0.982755;17.892638;320.146493;17.933461;10.675950;-1.372883;9.567947;15.169125;0.235294;0.235294;4.015686;16497.051830;3.484413;-1.902906;3.417950;25.869394;669.225565;25.939287;4.034721;-1.993728;3.876396;11.882625;0.117647;0.117647;0.501961;34519.422670;2.023222;0.000000;0.000000;0.264650;-0.092893;-0.203034;-0.109134;0.000000;0.237445;-0.020762;0.000000;0.000000;-0.484957;0.129644;0.037412;0.232291;10.180297;5.410991;13.625760;5.935083;0.432607;0.000000;9.827800;3.017578;1.214178;109.049444;996.783196
3.000000;3.000000;0.000000;0.000000;3.000000;0.000000;0.000000;0.000000;0.000000;0.000000;0.000000;0.000000;918.000000;-0.000000;-0.674588;-0.941555;1.001477;1.002956;1.207487;0.462467;0.444462;-0.483349;1.379468;0.166667;0.166667;0.000000;97.568710;2.158036;9.570836;8.495950;3.605513;12.999724;10.227445;1.106637;1.498928;1.769102;3.953450;0.088235;0.088235;0.000000;10006.283687;0.379454;1.694082;1.737650;0.847634;0.718483;1.894306;0.544659;0.173191;0.620596;0.935125;0.264706;0.264706;0.000000;329.656799;0.685910;-2.035040;-4.419150;18.935082;358.537333;19.044126;12.520263;-0.586118;8.267417;15.281650;0.254902;0.254902;4.015686;18711.363470;3.344576;-1.020857;4.228450;22.289036;496.801135;22.312402;4.240048;-0.229008;-1.154023;41.290750;0.068627;0.068627;1.505882;25446.296631;1.673223;0.000000;0.000000;0.172881;-0.204068;-0.174653;0.111596;0.000000;0.195418;-0.183905;0.000000;0.000000;0.000887;-0.290753;0.193106;0.315116;10.151653;12.002603;13.622582;13.161150;0.980171;0.000000;9.396976;3.017578;1.577696;115.058656;864.110399
3.000000;3.000000;0.000000;0.000000;3.000000;0.000000;0.000000;0.000000;0.000000;0.000000;0.000000;0.000000;918.000000;-0.000000;-0.769416;-0.864725;1.194928;1.427854;1.421216;0.543557;-0.192489;-0.254426;1.801044;0.137255;0.137255;0.000000;133.206025;2.143989;9.909110;8.677950;3.763845;14.166531;10.599858;1.124004;0.877507;-0.213670;5.349075;0.098039;0.098039;0.000000;10737.931777;0.349781;1.735161;1.737650;0.845855;0.715471;1.930351;0.501024;0.054843;0.549992;0.902875;0.254902;0.254902;0.000000;343.732402;0.663183;0.828510;-1.677900;16.506559;272.466503;16.527339;11.459422;0.359515;1.916365;17.771150;0.333333;0.333333;3.513725;13965.932517;3.080234;-32.693743;-31.350000;30.488449;929.545540;44.703762;4.007022;0.173429;0.415258;34.286250;0.098039;0.098039;0.000000;156437.355188;1.033606;0.000000;0.000000;-0.305187;-0.074548;0.238585;-0.028232;0.000000;-0.159164;-0.114264;0.000000;0.000000;0.166206;0.239191;0.240473;0.221423;10.493595;13.261302;14.056726;14.454458;1.294326;0.000000;9.782341;3.017578;1.891851;123.376843;2275.305568
3.000000;3.000000;0.000000;0.000000;3.000000;0.000000;0.000000;0.000000;0.000000;0.000000;0.000000;0.000000;918.000000;-0.000000;-1.154931;-1.137050;1.027153;1.055044;1.545610;0.416965;-0.432573;0.314086;1.351895;0.147059;0.147059;0.000000;189.876087;1.361982;9.747402;9.339750;2.544214;6.473025;10.073970;0.737398;1.460460;3.375511;1.871175;0.127451;0.127451;0.000000;10021.334557;0.220928;1.430884;1.346350;0.731158;0.534592;1.606867;0.398062;0.378489;-0.038928;1.139765;0.196078;0.196078;0.000000;236.296303;0.640660;7.467145;9.338050;13.432018;180.419108;15.368063;7.824691;-1.095062;2.920361;15.933206;0.205882;0.205882;0.000000;14893.783465;2.604214;-82.764824;-70.332000;40.526080;1642.363200;92.154106;4.202218;-0.180775;-1.283258;68.481250;0.019608;0.019608;0.000000;782467.627672;0.398288;0.000000;0.000000;-0.475404;-0.081784;0.500771;-0.336937;0.000000;-0.027929;0.113298;0.000000;0.000000;0.034739;-0.081430;0.145450;0.057483;10.329125;6.182961;14.013810;6.811098;0.791506;0.000000;9.889565;3.017578;1.495771;112.873780;8731.138599
3.000000;3.000000;0.000000;0.000000;3.000000;0.000000;0.000000;0.000000;0.000000;0.000000;0.000000;0.000000;918.000000;-0.000000;-0.944547;-0.854540;1.006661;1.013367;1.380412;0.464834;-0.417033;0.447835;1.210643;0.166667;0.166667;0.000000;142.703816;1.633466;9.826673;9.413550;1.604807;2.575407;9.956852;0.587526;0.758835;1.876321;1.425550;0.156863;0.156863;0.000000;9980.827054;0.102663;0.888819;0.973635;1.027688;1.056144;1.358728;0.439849;-1.134753;2.227604;0.835560;0.225490;0.225490;0.000000;134.540117;1.612217;7.770074;13.521000;15.402758;237.244951;17.251638;7.809758;-1.119762;1.458764;20.193775;0.166667;0.166667;0.000000;18259.110906;2.459828;-62.689935;-46.008500;57.033095;3252.773951;84.751413;4.535638;-0.119442;-1.422578;107.237750;0.009804;0.009804;0.000000;566784.492232;0.820128;0.000000;0.000000;-0.132894;0.206494;-0.153300;-0.117541;0.000000;0.348952;0.135692;0.000000;0.000000;-0.031935;0.178142;-0.117816;-0.069895;10.376931;2.363747;13.935031;2.630163;0.994144;0.000000;9.844388;3.017578;1.115677;110.044436;7482.267081
3.000000;3.000000;0.000000;0.000000;3.000000;0.000000;0.000000;0.000000;0.000000;0.000000;0.000000;0.000000;918.000000;-0.000000;-0.687310;-0.562795;0.929966;0.864837;1.156388;0.443891;-0.672434;0.629661;1.007813;0.186275;0.186275;0.000000;92.291941;2.064807;10.158460;10.176500;2.507979;6.289957;10.463473;0.823543;0.041990;-0.711669;3.592325;0.147059;0.147059;0.000000;10846.608189;0.189355;0.176744;0.419280;1.122391;1.259761;1.136222;0.484665;-0.805868;0.508121;1.339305;0.107843;0.107843;3.513725;67.487791;2.481001;1.833006;3.621300;18.320833;335.652928;18.412301;9.508660;-0.493243;-0.470613;30.285000;0.137255;0.137255;1.505882;17462.720123;2.666763;-2.380006;1.644000;25.001304;625.065186;25.114331;3.904238;0.024372;-0.969340;39.299000;0.058824;0.058824;1.003922;32457.888131;1.201837;0.000000;0.000000;-0.273976;0.300614;0.134932;0.292208;0.000000;0.205929;-0.199279;0.000000;0.000000;-0.089455;0.412857;-0.079414;-0.154283;10.678003;5.801751;14.025383;6.427218;0.798416;0.000000;10.239453;3.017578;0.427887;119.821495;971.033451
3.000000;3.000000;0.000000;0.000000;3.000000;0.000000;0.000000;0.000000;0.000000;0.000000;0.000000;0.000000;918.000000;-0.000000;-0.483349;-0.324360;0.872280;0.760872;0.997245;0.337210;-0.640057;-0.147538;1.082490;0.117647;0.117647;0.000000;62.635190;2.242898;9.611454;9.497450;2.724236;7.421461;9.990070;0.784262;0.173767;-1.021247;4.191500;0.117647;0.117647;0.000000;9801.284707;0.233431;0.346239;0.458665;1.082305;1.171384;1.136339;0.430476;-0.758192;0.661286;1.199655;0.166667;0.166667;3.513725;71.969536;2.273738;-0.789540;2.686700;16.276425;264.922011;16.295563;8.139848;-0.617972;-0.524986;23.531800;0.205882;0.205882;1.505882;13574.694206;2.659113;2.309493;3.892050;21.631628;467.927348;21.754565;3.437769;-0.138063;-0.451665;26.609475;0.058824;0.058824;0.501961;24409.338682;1.464802;0.000000;0.000000;-0.277445;0.131690;0.010178;0.149875;0.000000;-0.074856;-0.132083;0.000000;0.000000;-0.251092;0.292829;-0.121097;-0.061786;10.149045;6.792893;13.347360;7.560212;0.703134;0.000000;9.907308;3.017578;0.108601;109.796006;740.097758
3.000000;3.000000;0.000000;0.000000;3.000000;0.000000;0.000000;0.000000;0.000000;0.000000;0.000000;0.000000;918.000000;-0.000000;-0.014398;0.018137;1.117776;1.249423;1.117869;0.374906;-0.048011;-0.488349;1.636623;0.117647;0.117647;1.505882;63.742020;2.262233;9.590150;9.514250;2.120521;4.496610;9.821791;0.740903;0.074850;-0.239966;2.427350;0.147059;0.147059;0.000000;9610.419928;0.157350;0.567827;0.459860;0.983911;0.968080;1.136005;0.422024;0.393595;0.135554;1.189755;0.176471;0.176471;0.000000;82.441807;2.177105;-4.708598;-3.470850;19.342613;374.136662;19.907475;9.852209;-1.778792;6.028190;19.388175;0.254902;0.254902;0.000000;21343.348200;3.393980;60.028157;16.592500;84.780438;7187.722659;103.880231;5.026136;0.653743;-1.361016;175.441500;0.009804;0.009804;0.000000;734203.215638;1.289095;0.000000;0.000000;-0.106230;-0.095837;-0.365028;0.123411;0.000000;0.010456;0.060340;0.000000;0.000000;-0.346994;0.362350;0.029360;0.058831;10.128916;4.122273;13.499755;4.560732;1.242193;0.000000;9.428462;3.017578;0.714623;106.717218;11188.700361
3.000000;3.000000;0.000000;0.000000;3.000000;0.000000;0.000000;0.000000;0.000000;0.000000;0.000000;0.000000;918.000000;-0.000000;-0.171835;-0.453525;1.143758;1.308182;1.156594;0.416994;0.300815;-0.617995;1.653668;0.098039;0.098039;0.501961;69.730742;2.222316;9.913329;9.660400;1.232395;1.518798;9.989640;0.631550;1.125139;2.251683;1.258575;0.176471;0.176471;0.000000;10101.424328;0.066259;0.953802;0.707850;1.093612;1.195987;1.451112;0.437511;0.378425;-0.964109;1.842727;0.107843;0.107843;0.000000;153.972422;1.584642;-8.621238;-6.353650;19.040316;362.533647;20.901181;9.654174;-1.468067;5.400563;18.693725;0.215686;0.215686;0.000000;26072.775799;3.002834;90.085436;62.853500;72.523396;5259.642959;115.650460;5.915183;0.253304;-1.631685;146.591250;0.039216;0.039216;0.000000;1096011.155182;0.698123;0.000000;0.000000;-0.050823;-0.002294;-0.545367;0.361015;0.000000;0.120105;-0.189920;0.000000;0.000000;-0.493229;0.480368;-0.040601;0.041751;10.426384;1.421130;13.909201;1.556111;1.298859;0.000000;10.133974;3.017578;0.683349;110.130607;13813.993935
3.000000;3.000000;0.000000;0.000000;3.000000;0.000000;0.000000;0.000000;0.000000;0.000000;0.000000;0.000000;918.000000;-0.000000;-0.300442;-0.450730;1.009610;1.019313;1.053365;0.438895;0.243761;-0.735826;1.546140;0.127451;0.127451;0.501961;61.193546;2.468218;9.616267;9.283650;2.437147;5.939685;9.920296;0.876221;2.114780;7.203507;2.034750;0.176471;0.176471;0.000000;9735.128185;0.220843;1.444997;1.336950;0.904305;0.817768;1.704636;0.570098;0.254911;0.093038;1.274470;0.274510;0.274510;0.000000;254.838975;0.917567;-3.514592;-5.047050;24.047573;578.285758;24.303047;12.349222;0.131942;0.602969;31.074750;0.147059;0.147059;1.505882;30767.243084;2.998149;28.285696;21.800000;45.635655;2082.612974;53.690721;4.982210;1.479730;1.520546;43.588700;0.107843;0.107843;0.000000;187890.535317;1.835267;0.000000;0.000000;-0.381164;-0.060519;-0.046812;-0.067023;0.000000;0.138256;0.164668;0.000000;0.000000;-0.290131;-0.055768;0.157511;0.141833;10.148922;5.521226;13.521417;6.172912;0.854986;0.000000;9.710898;3.017578;1.459517;108.521847;3476.237465
3.000000;3.000000;0.000000;0.000000;3.000000;0.000000;0.000000;0.000000;0.000000;0.000000;0.000000;0.000000;918.000000;-0.000000;-0.209077;-0.232185;1.151213;1.325292;1.170045;0.525719;-0.087496;0.542439;1.484313;0.205882;0.205882;1.003922;72.108913;2.384691;9.813963;8.390400;3.962981;15.705220;10.583907;1.484049;1.473094;1.571381;4.246975;0.088235;0.088235;0.000000;10625.335340;0.440466;1.302859;1.361300;1.032287;1.065617;1.662245;0.772252;0.084057;0.057013;1.315748;0.274510;0.274510;0.000000;227.502888;1.232809;1.497482;0.490155;26.921390;724.761239;26.963006;17.117960;0.492722;1.922109;28.239500;0.245098;0.245098;2.007843;37194.962980;3.185877;-3.013417;-7.814650;18.894016;356.983856;19.132813;4.995659;0.313856;-0.625502;29.094750;0.107843;0.107843;3.011765;19133.811527;2.561327;0.000000;0.000000;-0.234378;-0.037219;-0.101174;0.113225;0.000000;0.164759;0.207552;0.000000;0.000000;-0.001751;-0.010051;0.244551;0.338776;10.368445;14.883430;13.727925;15.940577;1.258553;0.000000;9.601809;3.017578;1.247491;122.388090;1095.831286
3.000000;3.000000;0.000000;0.000000;3.000000;0.000000;0.000000;0.000000;0.000000;0.000000;0.000000;0.000000;918.000000;-0.000000;-0.827211;-0.782400;1.226893;1.505267;1.479711;0.632016;0.236353;0.414861;1.431045;0.166667;0.166667;0.000000;146.810538;2.230893;9.954823;9.123250;3.900913;15.217122;10.691848;1.565209;1.314265;1.296133;4.160450;0.137255;0.137255;0.000000;10884.341027;0.405964;1.172376;1.164000;1.109359;1.230678;1.614046;0.779355;0.005551;-0.720530;1.545282;0.284314;0.284314;0.000000;203.006046;1.532751;4.008225;1.825950;27.274647;743.906346;27.567594;19.255028;0.708130;3.500626;27.250775;0.225490;0.225490;0.501961;39625.786700;3.233160;-57.412711;-36.481000;65.147292;4244.169701;86.835414;5.902540;-0.650238;-0.854631;84.087350;0.049020;0.049020;0.000000;552695.664767;1.226745;0.000000;0.000000;0.108114;-0.130180;0.293582;-0.203300;0.000000;0.202891;-0.012854;0.000000;0.000000;0.071634;0.298484;0.197399;0.393135;10.544929;14.309632;14.139859;15.387478;1.500480;0.000000;9.835027;3.017578;1.288284;125.505159;8302.966429
3.000000;3.000000;0.000000;0.000000;3.000000;0.000000;0.000000;0.000000;0.000000;0.000000;0.000000;0.000000;918.000000;-0.000000;-0.946757;-1.007640;1.050126;1.102765;1.413900;0.512653;0.130914;-0.417756;1.418927;0.117647;0.117647;0.000000;147.679274;1.736539;9.698661;9.434700;2.399599;5.758077;9.991101;0.928971;1.565174;4.870655;2.084125;0.186275;0.186275;0.000000;9888.199365;0.211518;1.636086;1.783950;1.096704;1.202760;1.969654;0.523837;-0.370538;-0.678624;1.676812;0.205882;0.205882;0.000000;334.372598;0.929009;4.864553;2.744800;22.728230;516.572448;23.242984;13.628156;0.318719;5.307949;22.053950;0.166667;0.166667;1.003922;28771.837511;3.177928;-85.074178;-74.338500;54.508015;2971.123716;101.038307;5.861919;-0.493426;-1.124513;96.736000;0.039216;0.039216;0.000000;889764.670995;0.550100;0.000000;0.000000;0.263941;-0.171091;0.634216;-0.180314;0.000000;0.217149;-0.031102;0.000000;0.000000;0.072707;0.272745;0.045353;0.300802;10.274731;5.251121;13.867343;5.909168;1.019603;0.000000;9.708778;3.017578;1.394898;110.821212;10752.855417
3.000000;3.000000;0.000000;0.000000;3.000000;0.000000;0.000000;0.000000;0.000000;0.000000;0.000000;0.000000;918.000000;-0.000000;-0.541467;-0.409665;1.006096;1.012229;1.142548;0.379879;-0.113794;-0.933515;1.678013;0.147059;0.147059;0.000000;81.559658;2.133000;9.846932;9.634550;1.940152;3.764191;10.036248;0.638548;0.571675;0.512392;2.091150;0.137255;0.137255;0.000000;10082.108906;0.133260;1.117288;1.136350;1.432530;2.052143;1.816721;0.408311;-0.337877;-0.695916;2.334305;0.088235;0.088235;0.000000;231.989681;1.375657;5.067540;2.033400;15.714267;246.938194;16.511152;6.372362;0.479205;-0.481863;21.172450;0.117647;0.117647;0.501961;15215.924272;2.473662;-29.751775;-28.376000;47.956761;2299.850962;56.435974;4.470410;-1.181849;1.239999;59.064750;0.049020;0.049020;0.000000;207633.724642;1.867349;0.000000;0.000000;-0.085362;0.052255;-0.386911;0.062889;0.000000;0.000774;0.046733;0.000000;0.000000;-0.308984;0.224760;-0.038170;0.261039;10.372252;3.448064;13.761232;3.811612;1.012099;0.000000;9.806295;3.017578;1.669306;111.031683;3460.937736
3.000000;3.000000;0.000000;0.000000;3.000000;0.000000;0.000000;0.000000;0.000000;0.000000;0.000000;0.000000;918.000000;-0.000000;-0.594002;-0.545280;0.944799;0.892645;1.116012;0.383686;-0.209696;-0.153058;1.157528;0.196078;0.196078;0.000000;81.514692;2.042184;9.976953;9.774000;2.594566;6.731773;10.308800;0.802680;0.306656;-0.841738;3.906325;0.147059;0.147059;0.000000;10496.449202;0.206167;-0.144681;0.033331;1.124190;1.263802;1.133461;0.513428;-0.579838;1.216050;1.119283;0.205882;0.205882;1.505882;66.872091;3.023694;4.078050;3.950450;18.282473;334.248831;18.731773;7.486238;-0.152690;-0.429367;25.936225;0.186275;0.186275;3.011765;18744.821858;2.647898;-3.825040;0.741705;23.863299;569.457027;24.167912;4.322433;-0.369585;-1.165445;41.997750;0.049020;0.049020;0.501961;30548.212163;1.636873;0.000000;0.000000;-0.225650;0.279551;0.253357;-0.111289;0.000000;-0.087542;-0.217188;0.000000;0.000000;-0.165991;-0.061122;0.113714;0.089844;10.503710;6.188920;13.859782;6.850876;0.849031;0.000000;10.090865;3.017578;-0.056569;116.516846;936.252019
3.000000;3.000000;0.000000;0.000000;3.000000;0.000000;0.000000;0.000000;0.000000;0.000000;0.000000;0.000000;918.000000;-0.000000;-0.372117;-0.295450;0.737321;0.543643;0.825902;0.283597;-1.072658;1.612304;0.863682;0.166667;0.166667;0.000000;41.859107;2.085677;9.627302;9.260650;2.366560;5.600604;9.913907;0.758359;0.363457;-0.594202;3.407325;0.117647;0.117647;0.000000;9739.507194;0.183037;0.113224;0.146850;1.249984;1.562459;1.255101;0.496518;-0.379523;0.945937;1.116883;0.274510;0.274510;1.505882;80.995059;2.093181;-7.362932;-7.890650;17.671046;312.265879;19.143632;7.252647;-0.033287;-0.557761;23.388175;0.176471;0.176471;0.000000;21470.598833;2.513605;27.256019;18.022500;57.112123;3261.794643;63.282582;4.609791;1.520797;1.997626;41.761000;0.058824;0.058824;0.501961;242144.705523;1.748903;0.000000;0.000000;-0.196485;-0.004774;0.148365;-0.130627;0.000000;-0.320935;-0.114194;0.000000;0.000000;0.241995;0.460657;0.027601;-0.106458;10.140775;5.132349;13.214469;5.679423;0.525658;0.000000;9.700193;3.017578;-0.110002;107.967661;4372.739131
3.000000;3.000000;0.000000;0.000000;3.000000;0.000000;0.000000;0.000000;0.000000;0.000000;0.000000;0.000000;918.000000;-0.000000;-0.244621;-0.107440;0.824546;0.679876;0.860067;0.248267;-0.178744;-0.035820;1.082490;0.137255;0.137255;2.509804;40.789114;2.384321;9.732471;9.860450;1.624760;2.639846;9.867159;0.656357;-0.099553;0.246917;1.993725;0.186275;0.186275;0.000000;9796.177584;0.105645;0.654576;0.668825;1.223549;1.497073;1.387639;0.427128;0.049279;-0.439196;1.683872;0.147059;0.147059;0.000000;120.068483;2.075502;-10.719451;-11.386000;16.651715;277.279627;19.803693;7.006364;0.043353;-0.721607;23.802895;0.137255;0.137255;0.000000;25864.010190;2.064142;89.617501;61.615000;73.000697;5329.101761;115.587189;5.433275;0.422292;-1.291460;132.966750;0.019608;0.019608;0.000000;1090977.240089;0.663435;0.000000;0.000000;-0.112138;-0.345929;-0.421304;0.299351;0.000000;-0.363635;-0.043245;0.000000;0.000000;0.033659;-0.035806;0.081521;0.048737;10.232002;2.406685;13.387248;2.677545;0.675046;0.000000;9.576923;3.017578;0.471958;107.100545;13754.510035
3.000000;3.000000;0.000000;0.000000;3.000000;0.000000;0.000000;0.000000;0.000000;0.000000;0.000000;0.000000;918.000000;-0.000000;-0.378187;-0.430175;0.884132;0.781690;0.961621;0.365428;0.281574;-0.392912;1.118746;0.186275;0.186275;0.000000;54.461216;2.474405;9.613760;9.463250;1.296155;1.680018;9.700742;0.621612;0.656940;0.450960;1.522900;0.196078;0.196078;0.000000;9512.970720;0.074578;0.976706;1.118350;1.048119;1.098554;1.432658;0.536342;-0.440532;-0.270366;1.336490;0.186275;0.186275;0.000000;153.357530;1.621248;-4.018974;-0.622305;17.267127;298.153690;17.728673;7.835340;-0.405979;-0.840396;29.076000;0.127451;0.127451;1.003922;16853.635517;2.582215;56.606830;17.097500;81.188767;6591.615846;98.974487;5.583459;0.819654;-0.843337;131.180925;0.009804;0.009804;0.000000;663076.902907;1.424272;0.000000;0.000000;-0.183570;-0.243096;-0.539141;0.002842;0.000000;-0.221603;0.167380;0.000000;0.000000;0.008516;-0.075751;-0.130160;-0.122603;10.122623;1.561616;13.416703;1.743938;0.742144;0.000000;9.914700;3.017578;0.762589;104.029112;10112.307441
3.000000;3.000000;0.000000;0.000000;3.000000;0.000000;0.000000;0.000000;0.000000;0.000000;0.000000;0.000000;918.000000;-0.000000;-0.237313;-0.344080;0.721829;0.521038;0.759839;0.410861;0.137712;-0.581688;1.049222;0.254902;0.254902;0.000000;32.317298;2.804395;9.529710;8.738300;3.025077;9.151090;9.998323;1.001947;1.656237;2.921775;2.728175;0.107843;0.107843;0.000000;9730.104786;0.300458;1.397134;1.379700;0.979764;0.959937;1.706435;0.647979;0.309818;1.198598;1.146772;0.284314;0.284314;0.000000;248.098133;1.085009;-1.956716;-0.844910;18.774993;352.500353;18.876681;11.689213;-0.292917;0.231754;25.468000;0.176471;0.176471;1.505882;18372.710049;3.224057;-1.706802;-2.133350;15.892465;252.570451;15.983855;5.429291;0.140986;-0.908560;24.304175;0.137255;0.137255;1.003922;13178.292929;2.159625;0.000000;0.000000;0.052438;0.025408;-0.256224;-0.080875;0.000000;0.137278;0.179867;0.000000;0.000000;-0.093114;0.038416;0.275543;0.093354;10.051332;8.514543;13.161330;9.243228;0.524663;0.000000;9.533174;3.017578;1.271168;109.543814;614.724633
3.000000;3.000000;0.000000;0.000000;3.000000;0.000000;0.000000;0.000000;0.000000;0.000000;0.000000;0.000000;918.000000;-0.000000;-0.558480;-0.586140;1.072493;1.150242;1.209191;0.508655;-0.129772;1.558649;1.037679;0.166667;0.166667;0.000000;90.492096;2.472610;10.076900;8.556900;3.850838;14.828954;10.787626;1.264254;0.946992;-0.008534;5.514200;0.117647;0.117647;0.000000;11113.904813;0.379957;1.831731;1.894550;0.999180;0.998361;2.086528;0.641047;0.195340;0.004007;1.303225;0.225490;0.225490;0.000000;393.153164;0.729727;-3.237427;-3.402400;20.024529;400.981768;20.284543;12.592813;-0.193939;0.497431;22.652375;0.245098;0.245098;3.513725;21547.061462;3.100842;-13.213274;-10.995500;22.075303;487.318981;25.727604;5.276519;-1.044758;1.875453;28.196200;0.117647;0.117647;0.000000;42670.538521;2.033956;0.000000;0.000000;-0.084930;-0.011312;-0.217929;0.108859;0.000000;-0.080924;-0.013169;0.000000;0.000000;-0.253386;0.153982;0.313735;0.252484;10.627475;13.891789;14.020825;14.984853;1.152553;0.000000;9.984660;3.017578;1.707439;126.835010;1077.725899
3.000000;3.000000;0.000000;0.000000;3.000000;0.000000;0.000000;0.000000;0.000000;0.000000;0.000000;0.000000;918.000000;-0.000000;-1.061738;-1.033900;1.311003;1.718729;1.687014;0.570677;0.323509;0.121152;1.788885;0.205882;0.205882;0.000000;202.655887;1.800450;9.896337;9.493500;2.740566;7.510701;10.268797;0.816307;1.202493;1.836580;2.684300;0.156863;0.156863;0.000000;10372.684787;0.227554;1.400993;1.485700;1.082371;1.171528;1.770398;0.559860;-0.111093;-0.309281;1.453825;0.176471;0.176471;0.000000;260.134882;1.072077;3.963061;5.994150;19.382704;375.689223;19.783707;8.324965;-0.574582;0.375765;25.358375;0.205882;0.205882;0.501961;20765.699471;2.707281;-80.731819;-62.073500;63.476312;4029.242132;102.697949;6.119440;-0.314196;-1.442140;125.855750;0.019608;0.019608;0.000000;870290.260010;0.682868;0.000000;0.000000;-0.134681;-0.223921;0.663430;-0.518620;0.000000;-0.126329;0.105608;0.000000;0.000000;0.010924;0.138816;0.163959;0.128937;10.497061;7.105920;14.294827;7.625611;1.695200;0.000000;10.006772;3.017578;1.690859;117.294209;10941.398057
3.000000;3.000000;0.000000;0.000000;3.000000;0.000000;0.000000;0.000000;0.000000;0.000000;0.000000;0.000000;918.000000;-0.000000;-0.853154;-0.737220;1.148727;1.319574;1.430890;0.478868;-0.258824;-0.538234;1.693891;0.127451;0.127451;0.000000;141.541577;1.909860;9.645523;9.538800;2.305544;5.315535;9.917240;0.803478;0.632613;1.553487;2.448900;0.156863;0.156863;0.000000;9760.851866;0.197236;0.585603;0.711580;1.100485;1.211067;1.246595;0.529636;-0.692526;0.941833;1.439280;0.147059;0.147059;0.000000;96.751538;2.357388;10.217315;9.291850;19.761734;390.526132;22.246790;9.560198;-0.417602;-0.011363;28.047688;0.176471;0.176471;0.000000;30578.496401;2.359740;-78.494135;-56.736500;64.672675;4182.554935;101.704888;5.909796;-0.346707;-1.427318;125.205250;0.009804;0.009804;0.000000;841772.617847;0.828226;0.000000;0.000000;0.014329;0.121398;0.041472;-0.229956;0.000000;0.143218;0.047338;0.000000;0.000000;0.064575;0.302800;0.072615;0.206001;10.225578;4.836638;13.751914;5.368528;1.332275;0.000000;9.781265;3.017578;0.742830;109.399087;10840.357871
3.000000;3.000000;0.000000;0.000000;3.000000;0.000000;0.000000;0.000000;0.000000;0.000000;0.000000;0.000000;918.000000;-0.000000;-0.330577;-0.254015;0.846149;0.715968;0.908432;0.403775;-0.557781;0.036705;1.137472;0.205882;0.205882;0.000000;47.665710;2.588038;10.035755;10.129000;3.220456;10.371340;10.539816;1.145899;-0.139493;-0.614845;4.474950;0.137255;0.137255;0.000000;10802.166633;0.303220;0.205392;0.392585;1.207708;1.458558;1.225049;0.521019;-0.695694;0.450550;1.555170;0.127451;0.127451;3.513725;78.959160;2.354667;2.034653;-0.055236;23.718716;562.577492;23.805825;10.661892;0.049680;-0.585395;35.097500;0.156863;0.156863;1.003922;29132.017472;2.423217;-1.573174;-10.850500;31.931453;1019.617674;31.970182;4.073363;0.481695;-1.056235;51.081750;0.039216;0.039216;0.501961;52256.518636;1.189542;0.000000;0.000000;-0.114061;0.211606;-0.002837;0.237669;0.000000;0.204122;-0.044050;0.000000;0.000000;-0.024628;0.359517;0.147718;0.106157;10.566252;9.267291;13.743255;10.484120;0.712963;0.000000;10.217283;3.017578;0.439936;120.912966;1590.310602
3.000000;3.000000;0.000000;0.000000;3.000000;0.000000;0.000000;0.000000;0.000000;0.000000;0.000000;0.000000;918.000000;-0.000000;-0.460209;-0.417795;0.839276;0.704385;0.957172;0.314396;-0.283251;-0.510818;1.117778;0.156863;0.156863;0.000000;57.526850;2.118946;9.861780;9.887550;3.037266;9.224983;10.318900;0.964269;-0.304730;-0.680566;4.231250;0.137255;0.137255;0.000000;10390.473123;0.267663;0.512450;0.723900;1.258873;1.584762;1.359178;0.480568;-0.574535;0.380026;1.384040;0.117647;0.117647;0.000000;107.618319;2.324549;-2.438515;-1.192100;20.224853;409.044674;20.371329;8.602207;-0.063050;-0.417204;30.296250;0.186275;0.186275;1.505882;21470.679394;2.550403;2.605665;0.038235;31.329837;981.558656;31.438005;3.694046;-0.126012;-0.153580;33.403000;0.029412;0.029412;1.003922;50761.894045;1.634553;0.000000;0.000000;-0.337392;0.085587;-0.317532;0.451371;0.000000;0.227409;-0.021628;0.000000;0.000000;-0.449170;0.560442;0.168287;-0.058830;10.398148;8.274383;13.618050;9.403114;0.624564;0.000000;10.233297;3.017578;0.214264;116.395873;1405.186544
3.000000;3.000000;0.000000;0.000000;3.000000;0.000000;0.000000;0.000000;0.000000;0.000000;0.000000;0.000000;918.000000;-0.000000;-0.984589;-0.865705;1.003483;1.006978;1.405843;0.388714;-0.870705;2.447399;1.202122;0.137255;0.137255;0.000000;150.236855;1.572733;9.653048;9.561650;2.066049;4.268559;9.871671;0.703027;-0.022734;0.726846;2.002700;0.147059;0.147059;0.000000;9722.214078;0.154416;0.572371;0.583085;1.059573;1.122695;1.204285;0.473296;-0.048202;0.227551;1.222474;0.166667;0.166667;0.000000;90.680917;2.139988;1.989473;5.983650;18.286667;334.402196;18.394570;6.999436;-0.452635;-0.444447;25.557500;0.127451;0.127451;1.505882;17465.140679;2.372822;-73.036874;-83.805000;63.862329;4078.397070;97.019493;4.287282;-0.023425;-1.709294;129.395475;0.009804;0.009804;0.000000;752122.213415;0.853591;0.000000;0.000000;-0.187064;-0.130458;0.348083;-0.245164;0.000000;0.216824;-0.045154;0.000000;0.000000;-0.010850;0.340653;0.250528;-0.209308;10.225422;3.867033;13.748779;4.356754;0.971016;0.000000;9.637629;3.017578;0.684323;108.426290;9752.592552
3.000000;3.000000;0.000000;0.000000;3.000000;0.000000;0.000000;0.000000;0.000000;0.000000;0.000000;0.000000;918.000000;-0.000000;-0.981541;-0.884875;1.084028;1.175116;1.462374;0.445231;-0.839364;1.656296;1.171488;0.186275;0.186275;0.000000;158.200280;1.756531;9.843853;9.697950;1.302817;1.697332;9.929691;0.626651;0.769095;0.928585;1.255575;0.225490;0.225490;0.000000;9970.529080;0.072241;0.573988;0.654595;0.885023;0.783266;1.054859;0.425054;-0.456646;-0.293040;1.354295;0.156863;0.156863;0.000000;73.616403;2.002142;-0.465035;1.633150;19.813988;392.594104;19.819444;7.065727;-0.352620;-0.539896;28.427000;0.137255;0.137255;1.505882;20061.076780;2.071284;-91.067484;-108.470000;56.373782;3178.003251;107.104108;5.297198;0.719938;-0.320735;87.715750;0.019608;0.019608;0.000000;1008011.885354;0.665259;0.000000;0.000000;0.213245;-0.167446;0.496648;-0.606020;0.000000;0.323138;0.159508;0.000000;0.000000;0.388109;0.164855;0.191774;-0.241330;10.404263;1.488628;13.966127;1.852983;1.047904;0.000000;10.023470;3.017578;0.308994;109.737311;11865.213039
3.000000;3.000000;0.000000;0.000000;3.000000;0.000000;0.000000;0.000000;0.000000;0.000000;0.000000;0.000000;918.000000;-0.000000;-0.762090;-0.627450;0.962110;0.925656;1.227370;0.401785;-0.834000;0.790252;0.864193;0.147059;0.147059;0.000000;106.450065;1.853154;9.428841;9.429200;2.399019;5.755292;9.729252;0.757675;1.305685;2.560638;2.750225;0.127451;0.127451;0.000000;9361.645658;0.210301;1.393573;1.515700;0.905413;0.819773;1.661872;0.397369;-0.284065;2.096641;1.040277;0.186275;0.186275;0.000000;240.039130;0.898331;-2.724751;-0.905545;16.545834;273.764638;16.768688;8.593276;-0.278216;0.216066;20.197450;0.215686;0.215686;2.007843;14727.069021;3.026540;-25.281385;-16.272000;43.566771;1898.063577;50.370746;4.992173;-0.799264;0.279087;57.597000;0.029412;0.029412;0.000000;162016.905773;1.823554;0.000000;0.000000;-0.404356;0.092614;0.292161;-0.263923;0.000000;0.103485;0.071409;0.000000;0.000000;0.030121;-0.228329;0.239460;0.053725;9.986934;5.425928;13.350840;5.988080;0.759016;0.000000;9.749647;3.017578;1.199025;105.164775;2821.162736
3.000000;3.000000;0.000000;0.000000;3.000000;0.000000;0.000000;0.000000;0.000000;0.000000;0.000000;0.000000;918.000000;-0.000000;-0.803363;-0.690070;1.079775;1.165913;1.345848;0.458313;-0.282980;0.433699;1.037303;0.147059;0.147059;0.000000;125.297788;1.782097;9.421454;7.712300;3.906488;15.260647;10.199237;1.084860;1.111843;0.251708;4.943425;0.068627;0.068627;0.000000;9832.204576;0.405891;1.852985;1.798850;0.927781;0.860778;2.072277;0.440901;0.549831;0.417024;1.049725;0.186275;0.186275;0.000000;394.221598;0.659593;-1.109478;-0.356245;17.060962;291.076423;17.096999;11.084492;-0.077036;1.774862;20.058500;0.274510;0.274510;3.513725;14980.519618;3.249831;-6.772788;-4.335550;18.317999;335.549084;19.529970;4.836770;0.023412;-0.923333;31.549500;0.088235;0.088235;2.509804;21794.980041;2.297617;0.000000;0.000000;-0.318029;-0.189843;-0.040082;0.133311;0.000000;-0.035462;0.340118;0.000000;0.000000;-0.208835;-0.197736;0.390794;0.305587;10.024141;14.352337;13.482131;15.539537;1.049662;0.000000;9.511833;3.017578;1.758300;114.835747;678.021435
3.000000;3.000000;0.000000;0.000000;3.000000;0.000000;0.000000;0.000000;0.000000;0.000000;0.000000;0.000000;918.000000;-0.000000;-0.984124;-0.859835;1.321971;1.747608;1.648062;0.656185;-0.044116;0.970275;1.214077;0.156863;0.156863;0.000000;187.919212;2.121625;10.019647;9.080750;3.880380;15.057348;10.744798;1.230686;1.062435;0.714180;4.546000;0.098039;0.098039;0.000000;11008.044110;0.378487;1.646289;1.519800;1.038946;1.079408;1.946709;0.472184;0.484514;-0.265858;1.430960;0.186275;0.186275;0.000000;331.763558;0.890314;5.199961;7.947700;24.123104;581.924130;24.677190;14.521874;-0.606119;1.368010;27.371525;0.225490;0.225490;0.501961;32436.365303;3.236811;-64.624377;-37.207500;63.095216;3981.006229;90.317863;5.929776;-0.455341;-1.349803;124.856250;0.029412;0.029412;0.000000;629046.195563;0.965028;0.000000;0.000000;0.049814;-0.379963;0.490672;-0.424997;0.000000;0.142190;0.113330;0.000000;0.000000;-0.006301;0.231098;0.262088;0.161479;10.633880;14.087386;14.342693;15.211383;1.759958;0.000000;10.217525;3.017578;1.837532;127.166782;8770.069753
3.000000;3.000000;0.000000;0.000000;3.000000;0.000000;0.000000;0.000000;0.000000;0.000000;0.000000;0.000000;918.000000;-0.000000;-0.954085;-0.979465;1.185057;1.404360;1.521394;0.549799;-0.148361;1.966326;0.971908;0.156863;0.156863;0.000000;164.496100;1.997580;10.290188;9.481600;2.562394;6.565861;10.604425;0.883833;1.742327;4.990826;2.695025;0.107843;0.107843;0.000000;11135.446917;0.207892;1.101973;1.103500;1.031585;1.064167;1.509474;0.396661;-0.267732;0.671524;1.086090;0.205882;0.205882;0.000000;178.159816;1.438316;10.578101;13.150000;19.542632;381.914461;22.221852;10.732006;-1.262294;5.275854;14.755375;0.215686;0.215686;0.000000;30913.265401;2.737649;-79.926492;-68.221500;57.309423;3284.370018;98.349449;5.077347;-0.174599;-1.529039;115.492750;0.019608;0.019608;0.000000;819108.680615;0.568024;0.000000;0.000000;0.241140;-0.108423;-0.049192;-0.302332;0.000000;0.191201;0.256751;0.000000;0.000000;0.028981;0.341806;0.010672;-0.137501;10.845982;6.133159;14.517685;6.733748;1.315386;0.000000;10.355497;3.017578;1.422792;123.768474;10168.703366
3.000000;3.000000;0.000000;0.000000;3.000000;0.000000;0.000000;0.000000;0.000000;0.000000;0.000000;0.000000;918.000000;-0.000000;-0.582754;-0.666280;0.726221;0.527397;0.931128;0.279465;0.207921;-0.986187;1.227883;0.107843;0.107843;0.000000;61.564303;1.706238;9.963404;9.615300;2.736113;7.486312;10.332266;0.761554;0.084357;-0.483559;3.176275;0.107843;0.107843;0.000000;10507.321326;0.225928;0.711518;0.808655;0.919689;0.845827;1.162792;0.380266;-0.895985;0.497208;1.020697;0.225490;0.225490;0.000000;94.847751;1.878568;7.044603;8.129100;18.746332;351.424979;20.026268;6.457995;0.752670;1.256070;20.967800;0.127451;0.127451;1.505882;22985.987412;2.244889;-20.919834;-11.768000;39.306382;1544.991646;44.526746;3.437092;-1.244198;1.188168;34.366797;0.029412;0.029412;0.000000;123443.419039;1.780305;0.000000;0.000000;-0.001405;0.171724;-0.442929;0.044944;0.000000;0.001408;0.046192;0.000000;0.000000;-0.104026;0.452480;-0.075792;-0.121296;10.481480;6.761297;13.750860;7.560435;0.532618;0.000000;10.061633;3.017578;0.921109;116.622730;2385.034591
3.000000;3.000000;0.000000;0.000000;3.000000;0.000000;0.000000;0.000000;0.000000;0.000000;0.000000;0.000000;918.000000;-0.000000;-0.372841;-0.445920;0.815626;0.665246;0.896803;0.286900;0.114292;-0.740645;1.187735;0.107843;0.107843;0.000000;48.107531;2.403506;9.587749;9.746200;3.076694;9.466046;10.069309;0.909505;0.081130;-0.702915;4.589975;0.127451;0.127451;0.000000;9859.179679;0.280764;0.286279;0.411165;1.067314;1.139159;1.105041;0.473736;-0.705288;0.690777;1.044336;0.137255;0.137255;3.513725;66.678450;2.312727;-0.048428;-1.282150;21.157585;447.643403;21.157640;8.038438;0.991974;1.125878;27.050500;0.186275;0.186275;1.505882;22830.054750;2.295045;-0.834193;-2.232750;28.856666;832.707187;28.868721;3.758583;0.319491;-0.164592;40.958000;0.068627;0.068627;1.003922;42552.437896;1.616558;0.000000;0.000000;-0.215189;0.107982;-0.032397;0.212630;0.000000;-0.059746;-0.005270;0.000000;0.000000;-0.257514;0.469602;0.123952;-0.116996;10.133162;8.514260;13.335817;9.593106;0.638496;0.000000;9.654774;3.017578;0.419484;111.195233;1282.269927
3.000000;3.000000;0.000000;0.000000;3.000000;0.000000;0.000000;0.000000;0.000000;0.000000;0.000000;0.000000;918.000000;-0.000000;-0.076462;0.049663;1.049990;1.102480;1.052771;0.343722;0.053613;-0.464068;1.638720;0.088235;0.088235;2.509804;56.823039;2.313927;9.747894;9.855950;2.220774;4.931836;9.997664;0.727369;-0.272581;0.751969;2.250200;0.137255;0.137255;0.000000;9943.716149;0.169930;-0.094516;-0.055693;1.055205;1.113458;1.059430;0.498632;-0.096271;0.404724;1.245675;0.147059;0.147059;3.011765;57.901200;2.592564;-6.618423;-2.244300;20.858491;435.076627;21.883330;8.392948;-1.820262;6.382943;21.254525;0.166667;0.166667;1.505882;26657.288528;2.677813;64.139845;58.197000;82.198551;6756.601727;104.261793;4.933763;0.415096;-1.130815;153.176050;0.049020;0.049020;0.000000;764247.716541;1.186208;0.000000;0.000000;-0.212556;0.159983;-0.212094;0.176262;0.000000;0.163038;-0.019967;0.000000;0.000000;-0.016000;0.155437;0.144816;-0.272694;10.275441;4.476910;13.625738;5.044401;1.049660;0.000000;9.773555;3.017578;-0.013548;110.061602;11350.524004
3.000000;3.000000;0.000000;0.000000;3.000000;0.000000;0.000000;0.000000;0.000000;0.000000;0.000000;0.000000;918.000000;-0.000000;-0.330247;-0.461480;1.085521;1.178356;1.134645;0.335325;0.445837;-0.412749;1.731542;0.088235;0.088235;2.007843;71.232071;2.455376;9.777948;9.580900;1.228626;1.509522;9.854836;0.491352;0.640891;0.811545;1.478675;0.156863;0.156863;0.000000;9829.033646;0.066206;0.448879;0.540865;0.991913;0.983891;1.088753;0.431848;-0.295023;-0.506941;1.575960;0.137255;0.137255;0.501961;70.733961;2.072303;-6.394714;-2.294800;19.694397;387.869279;20.706560;6.756640;-2.248390;8.744928;16.638300;0.176471;0.176471;1.505882;23954.025691;2.563616;90.518932;71.410000;70.961196;5035.491353;115.018122;5.074187;0.235897;-1.387228;143.977500;0.019608;0.019608;0.000000;1092572.990542;0.642128;0.000000;0.000000;0.051654;0.274934;-0.577375;0.214245;0.000000;0.110621;-0.086159;0.000000;0.000000;-0.207129;0.374445;-0.125775;-0.396883;10.295500;1.407888;13.742041;1.538363;1.176127;0.000000;9.901541;3.017578;0.172077;107.405208;13659.115370
3.000000;3.000000;0.000000;0.000000;3.000000;0.000000;0.000000;0.000000;0.000000;0.000000;0.000000;0.000000;918.000000;-0.000000;-0.483552;-0.580420;0.859718;0.739115;0.986376;0.343636;0.403066;-0.509312;1.192521;0.137255;0.137255;0.000000;61.544791;2.145768;9.710841;9.310700;1.960983;3.845455;9.906861;0.611176;1.572540;3.384522;2.037050;0.137255;0.137255;0.000000;9814.774999;0.142138;0.921172;1.006500;0.779147;0.607070;1.206494;0.552352;-0.782319;0.860411;0.806415;0.235294;0.235294;0.000000;117.547718;1.409076;-1.107099;-0.497350;14.349730;205.914753;14.392374;6.777950;0.796182;4.126340;12.151600;0.196078;0.196078;0.501961;10627.511188;2.815459;20.094036;7.906400;53.613209;2874.376131;57.255099;4.871773;1.373776;1.374620;25.328725;0.029412;0.029412;1.003922;187814.042267;1.820784;0.000000;0.000000;0.156325;0.013789;0.029010;-0.197534;0.000000;0.032072;-0.000878;0.000000;0.000000;-0.217301;0.202340;-0.134125;0.192680;10.225389;3.560255;13.539873;3.905950;0.724012;0.000000;9.739200;3.017578;1.008025;108.118829;3486.742464
3.000000;3.000000;0.000000;0.000000;3.000000;0.000000;0.000000;0.000000;0.000000;0.000000;0.000000;0.000000;918.000000;-0.000000;-0.181042;-0.189250;0.809793;0.655765;0.829784;0.431728;0.342579;0.453973;0.912362;0.176471;0.176471;0.501961;36.791603;2.850362;9.681459;8.205750;3.649736;13.320575;10.346556;1.134418;1.585530;2.241430;3.547700;0.088235;0.088235;0.000000;10239.903401;0.396995;0.978540;1.015300;1.094082;1.197016;1.467841;0.746516;-0.282996;0.153311;1.255073;0.294118;0.294118;0.000000;158.721607;1.854663;-2.086673;-0.772140;20.339246;413.684919;20.446005;12.534271;0.093541;2.162155;19.738175;0.264706;0.264706;0.501961;21566.411393;3.383029;-8.509446;-3.685600;24.355033;593.167641;25.798804;5.294247;-0.368539;-1.195137;44.047250;0.088235;0.088235;1.003922;37637.464033;1.564606;0.000000;0.000000;0.174588;-0.141006;-0.260204;-0.100139;0.000000;0.115560;-0.013982;0.000000;0.000000;-0.012650;0.254319;0.082124;0.533765;10.212289;12.448905;13.322467;13.473658;0.641061;0.000000;9.679512;3.017578;0.818753;116.739761;1085.771984
3.000000;3.000000;0.000000;0.000000;3.000000;0.000000;0.000000;0.000000;0.000000;0.000000;0.000000;0.000000;918.000000;-0.000000;-0.710742;-0.578170;1.166975;1.361831;1.366377;0.493845;-0.132756;-0.084301;1.273962;0.166667;0.166667;0.000000;120.980848;2.195817;9.833286;8.325450;3.920259;15.368428;10.585932;1.180124;1.518963;1.819714;4.184900;0.098039;0.098039;0.000000;10646.529612;0.407883;1.008062;1.043250;1.177232;1.385876;1.549860;0.702936;-0.400199;0.529673;1.345975;0.245098;0.245098;0.000000;174.331752;1.885971;-0.100919;0.512100;21.874397;478.489248;21.874630;13.581944;-0.360078;0.641840;28.458000;0.225490;0.225490;0.501961;24441.457228;3.184140;-61.036177;-48.295000;62.951064;3962.836436;87.682674;5.697988;-0.206006;-1.389649;128.582150;0.009804;0.009804;0.000000;582176.059219;1.046756;0.000000;0.000000;0.100991;-0.313104;0.142960;-0.401946;0.000000;-0.061581;-0.038715;0.000000;0.000000;0.037210;0.598802;0.024211;0.398800;10.418112;14.391884;13.881617;15.535965;1.359940;0.000000;9.755709;3.017578;1.066435;122.928931;8169.152891
3.000000;3.000000;0.000000;0.000000;3.000000;0.000000;0.000000;0.000000;0.000000;0.000000;0.000000;0.000000;918.000000;-0.000000;-0.928464;-0.944725;1.210285;1.464791;1.525397;0.472887;0.069681;-0.841370;1.940077;0.137255;0.137255;0.000000;162.634557;1.833734;10.254166;9.661100;2.906231;8.446176;10.658053;0.939013;1.217624;1.925711;3.444700;0.117647;0.117647;0.000000;11155.843233;0.238376;0.746014;0.844340;1.236230;1.528264;1.443884;0.626284;-1.165040;2.642080;0.981912;0.186275;0.186275;0.000000;134.712082;2.300718;8.629463;10.285500;17.943538;321.970557;19.910756;10.580736;-0.314270;0.836344;20.153850;0.235294;0.235294;0.000000;24027.702186;2.657255;-85.396333;-79.553500;46.678828;2178.913013;97.321358;5.482723;-0.143660;-1.441291;89.604000;0.039216;0.039216;0.000000;854979.356451;0.438917;0.000000;0.000000;0.228763;-0.097612;-0.109584;-0.218155;0.000000;0.208831;0.173501;0.000000;0.000000;-0.060239;0.535499;-0.102295;0.000946;10.822408;7.796407;14.511304;8.622248;1.386848;0.000000;10.265804;3.017578;0.926920;124.920927;9869.969752
3.000000;3.000000;0.000000;0.000000;3.000000;0.000000;0.000000;0.000000;0.000000;0.000000;0.000000;0.000000;918.000000;-0.000000;-0.357295;-0.210820;1.020942;1.042323;1.081657;0.430667;-0.402593;-0.713358;1.384895;0.176471;0.176471;0.000000;66.305755;2.579740;10.178323;10.046000;3.280433;10.761244;10.693900;1.092731;-0.146351;-0.569058;3.950325;0.147059;0.147059;0.000000;11115.985636;0.283556;0.159903;0.394630;1.388923;1.929108;1.398098;0.607824;-0.864804;0.888117;1.258663;0.137255;0.137255;2.007843;101.314283;2.296014;4.729174;8.539550;20.318866;412.856335;20.861961;10.390679;-0.249563;-0.290249;28.067575;0.205882;0.205882;2.007843;23338.531827;2.955090;-22.728301;-18.198500;43.307267;1875.519381;48.909049;4.367014;-0.654314;-0.029068;56.533325;0.049020;0.049020;0.501961;148357.104913;1.608593;0.000000;0.000000;0.074722;0.309433;-0.477870;-0.252097;0.000000;0.136500;0.022399;0.000000;0.000000;-0.165340;0.485062;0.007063;-0.059385;10.719310;9.625880;14.016122;10.874294;1.046139;0.000000;10.154681;3.017578;0.561747;124.529476;2829.271170
3.000000;3.000000;0.000000;0.000000;3.000000;0.000000;0.000000;0.000000;0.000000;0.000000;0.000000;0.000000;918.000000;-0.000000;0.137880;-0.057098;1.018912;1.038181;1.028198;0.395710;0.463008;0.263007;1.136880;0.137255;0.137255;1.003922;55.015289;2.594616;9.513800;9.856550;3.337144;11.136532;10.082109;0.944754;-0.129683;-0.662468;4.899175;0.098039;0.098039;0.000000;9800.236676;0.325251;-0.311072;-0.057134;1.298437;1.685940;1.335180;0.515886;-0.733343;0.117189;1.665380;0.098039;0.098039;1.505882;95.909947;2.345177;-4.096934;-3.186050;20.151585;406.086385;20.563834;8.625382;-0.052875;-1.170148;36.631250;0.196078;0.196078;2.007843;22425.470573;2.433960;55.880364;31.052000;65.958079;4350.468171;86.446996;4.811709;0.643130;-1.072880;123.142077;0.009804;0.009804;0.000000;540403.910500;1.157201;0.000000;0.000000;-0.029094;0.177657;-0.252193;-0.302245;0.000000;-0.117547;-0.012236;0.000000;0.000000;-0.520390;0.518838;0.057672;0.080172;10.094289;9.811444;13.277501;11.247773;1.047481;0.000000;9.565544;3.017578;-0.299702;111.706114;7897.737161
3.000000;3.000000;0.000000;0.000000;3.000000;0.000000;0.000000;0.000000;0.000000;0.000000;0.000000;0.000000;918.000000;-0.000000;-0.280294;-0.285675;1.459440;2.129967;1.486113;0.523391;0.022341;-0.405183;1.504973;0.147059;0.147059;0.501961;116.641974;2.479314;9.555453;9.410450;2.229620;4.971205;9.812130;0.803274;-0.370847;1.020377;2.113500;0.156863;0.156863;0.000000;9566.894905;0.181519;0.296709;0.477450;1.367705;1.870617;1.399519;0.618739;-0.600390;0.268267;1.852972;0.176471;0.176471;0.501961;104.416838;2.521730;-8.894174;-11.572500;19.529535;381.402721;21.459474;11.728276;0.155325;0.002330;23.316775;0.235294;0.235294;0.000000;27541.123490;2.820715;91.773050;92.758500;54.267656;2944.978480;106.617406;7.859420;-0.177867;-1.009325;80.967000;0.058824;0.058824;0.000000;1009267.799992;0.598246;0.000000;0.000000;0.066656;0.139625;-0.424281;-0.183416;0.000000;-0.159197;0.010275;0.000000;0.000000;-0.549775;0.319785;0.259614;0.339915;10.151947;4.424395;13.729860;5.037051;2.134430;0.000000;9.345375;3.017578;0.080308;107.486417;11829.738938
3.000000;3.000000;0.000000;0.000000;3.000000;0.000000;0.000000;0.000000;0.000000;0.000000;0.000000;0.000000;918.000000;-0.000000;-0.505335;-0.231615;1.297009;1.682232;1.391975;0.612675;-0.528659;-0.071963;1.660365;0.166667;0.166667;0.000000;111.842990;2.759392;9.423453;9.042750;2.910345;8.470107;9.862635;1.057435;1.666473;4.666160;2.421025;0.147059;0.147059;0.000000;9489.791414;0.294096;0.960351;0.930695;1.110150;1.232433;1.467892;0.825135;0.026403;1.672567;1.404590;0.303922;0.303922;0.000000;157.130687;1.987805;-5.592247;-5.610100;20.490646;419.866589;21.240052;14.179240;0.217092;1.938479;16.887970;0.303922;0.303922;1.003922;24771.578027;3.235395;40.369620;25.546500;52.103934;2714.819981;65.913020;7.515836;0.564115;-0.839583;86.553775;0.049020;0.049020;0.000000;304695.540865;1.116145;0.000000;0.000000;-0.189873;0.120434;-0.180371;-0.129762;0.000000;-0.113167;0.156508;0.000000;0.000000;-0.163029;-0.349042;0.314210;0.219592;10.010831;7.992436;13.469504;8.629563;1.623294;0.000000;9.851488;3.017578;0.947253;108.209167;4797.820688
3.000000;3.000000;0.000000;0.000000;3.000000;0.000000;0.000000;0.000000;0.000000;0.000000;0.000000;0.000000;918.000000;-0.000000;-0.388317;-0.214210;1.093450;1.195632;1.160354;0.436332;-0.681044;0.485037;1.346172;0.166667;0.166667;1.003922;76.358986;2.421932;9.504351;8.045850;4.361577;19.023357;10.457344;1.434823;1.403404;1.284669;4.473275;0.078431;0.078431;0.000000;10184.197047;0.517128;1.002514;1.040500;1.161390;1.348826;1.534229;0.824927;-0.551497;2.490953;1.265632;0.264706;0.264706;0.000000;171.319199;1.995710;-1.091293;-1.899350;23.617089;557.766905;23.642289;16.620656;0.148572;4.498235;17.062275;0.333333;0.333333;3.513725;28582.755704;3.486259;-11.884821;-14.734500;26.050245;678.615272;28.633272;5.952232;-0.045175;-0.597445;37.207400;0.088235;0.088235;0.501961;49045.604157;1.844833;0.000000;0.000000;-0.179751;-0.199125;-0.327644;0.172723;0.000000;0.048696;0.244525;0.000000;0.000000;-0.297806;0.419604;0.039724;0.361672;10.092539;17.843114;13.364879;19.253241;1.165936;0.000000;9.486879;3.017578;0.978925;119.702466;1381.175928
3.000000;3.000000;0.000000;0.000000;3.000000;0.000000;0.000000;0.000000;0.000000;0.000000;0.000000;0.000000;918.000000;-0.000000;-1.051286;-0.948740;1.280838;1.640547;1.657030;0.467135;-0.359995;0.367921;1.788800;0.117647;0.117647;0.000000;196.419714;1.650899;10.284307;9.202900;4.090462;16.731882;11.067920;1.416819;1.120049;0.776011;4.365125;0.088235;0.088235;0.000000;11641.641975;0.429885;0.975333;1.111250;1.362196;1.855577;1.675366;0.696453;-0.467374;0.198532;1.552060;0.137255;0.137255;0.000000;191.741907;2.049448;1.898910;1.154915;31.068040;965.223088;31.126017;19.972430;0.011423;0.693285;34.412250;0.274510;0.274510;2.509804;49601.710970;3.281910;-48.043820;-53.158000;36.273137;1315.740446;60.199245;6.890428;0.312572;-0.488193;50.325000;0.049020;0.049020;0.000000;302542.085120;0.988824;0.000000;0.000000;0.097538;-0.356939;-0.087092;-0.169107;0.000000;0.236198;0.237027;0.000000;0.000000;-0.011098;0.405572;-0.147163;0.321338;10.896652;15.507585;14.576238;16.915000;1.639334;0.000000;10.522939;3.017578;0.966515;134.244600;4595.584894
3.000000;3.000000;0.000000;0.000000;3.000000;0.000000;0.000000;0.000000;0.000000;0.000000;0.000000;0.000000;918.000000;-0.000000;-1.046927;-0.943125;1.124597;1.264717;1.536481;0.460644;-0.842069;1.446773;1.383677;0.205882;0.205882;0.000000;176.367788;1.621012;9.637066;8.544700;3.374696;11.388571;10.210857;1.048366;1.522422;1.961864;3.729775;0.078431;0.078431;0.000000;10053.891045;0.344770;1.294608;1.470400;1.402095;1.965870;1.908371;0.589061;-0.253819;-0.613134;2.410468;0.137255;0.137255;0.000000;271.225615;1.591185;0.596817;1.732750;29.979736;898.784570;29.985676;15.539641;0.017407;-0.420200;42.477750;0.147059;0.147059;1.505882;45884.329284;3.084374;-56.878169;-53.984000;30.562347;934.057061;64.569212;6.173331;-0.141216;-1.089159;51.911000;0.049020;0.049020;0.000000;377634.308228;0.628719;0.000000;0.000000;0.106620;-0.429403;0.485782;-0.444800;0.000000;0.277566;0.101481;0.000000;0.000000;0.281359;0.222419;-0.092272;0.293374;10.252123;10.516356;13.816514;11.517637;1.260932;0.000000;10.134711;3.017578;1.125344;115.622379;5071.965769
3.000000;3.000000;0.000000;0.000000;3.000000;0.000000;0.000000;0.000000;0.000000;0.000000;0.000000;0.000000;918.000000;-0.000000;-0.479789;-0.619105;1.139098;1.297543;1.236018;0.612151;0.341278;1.133325;1.233206;0.186275;0.186275;0.000000;89.699155;2.757400;9.574072;8.482100;3.508135;12.307011;10.196561;1.008904;1.357818;1.505202;4.016475;0.078431;0.078431;0.000000;9977.273588;0.362791;1.834230;1.938300;1.390678;1.933986;2.301822;0.583359;0.077736;-0.437659;1.753705;0.137255;0.137255;0.000000;441.845367;1.053610;-0.768009;1.854950;24.419084;596.291651;24.431158;13.794777;-0.380186;-0.554369;36.900750;0.196078;0.196078;1.505882;30475.850655;3.042438;-8.837355;-18.106500;41.972399;1761.682297;42.892670;5.369594;-0.262429;-0.587279;71.543500;0.029412;0.029412;0.501961;97838.233679;2.192481;0.000000;0.000000;-0.026554;-0.173054;0.202750;0.023162;0.000000;0.123100;0.048464;0.000000;0.000000;-0.195037;0.321477;0.159106;0.119208;10.150635;11.462208;13.544154;12.429895;1.309358;0.000000;9.417473;3.017578;1.716291;114.497598;2441.961012
3.000000;3.000000;0.000000;0.000000;3.000000;0.000000;0.000000;0.000000;0.000000;0.000000;0.000000;0.000000;918.000000;-0.000000;-0.293334;-0.283055;1.094455;1.197832;1.133083;0.618394;-0.015014;1.610591;1.080975;0.274510;0.274510;2.509804;69.904729;2.995589;10.136632;9.321450;2.818293;7.942774;10.521126;0.928407;1.029973;1.719786;3.642475;0.117647;0.117647;0.000000;10885.718688;0.246594;2.038886;1.980350;1.357019;1.841501;2.449196;0.640347;0.214083;-0.002456;1.721450;0.127451;0.127451;0.000000;517.936500;0.987921;0.340685;5.687400;23.068407;532.151404;23.070923;12.461907;-0.949245;0.643216;26.481900;0.196078;0.196078;1.505882;27153.300136;2.918758;16.261269;24.048000;26.592470;707.159476;31.170312;4.721891;-0.583205;-0.930511;42.109125;0.058824;0.058824;0.000000;63036.907940;1.511987;0.000000;0.000000;-0.243541;-0.030974;-0.154548;0.346745;0.000000;0.138069;-0.409331;0.000000;0.000000;-0.426582;0.226170;0.312776;-0.236952;10.654076;7.468639;13.964021;8.104884;1.126223;0.000000;10.300380;3.017578;2.197205;120.977966;1509.854361
3.000000;3.000000;0.000000;0.000000;3.000000;0.000000;0.000000;0.000000;0.000000;0.000000;0.000000;0.000000;918.000000;-0.000000;0.047661;-0.054832;0.864054;0.746589;0.865367;0.384917;0.320546;0.955328;0.938592;0.137255;0.137255;2.509804;38.311709;2.700195;9.825163;9.446300;1.794357;3.219719;9.987669;0.728969;0.859338;0.087199;2.468750;0.127451;0.127451;0.000000;10010.658312;0.120881;1.486281;1.315450;1.205548;1.453346;1.913734;0.547208;0.583598;0.610282;1.572965;0.196078;0.196078;0.000000;299.586119;1.165574;-3.684265;0.950780;23.939025;573.076905;24.220874;10.711744;-1.964340;5.990649;21.351750;0.196078;0.196078;1.505882;30615.639063;2.870697;37.651916;30.165000;48.665694;2368.349816;61.530615;4.686796;1.510550;2.299011;24.728750;0.058824;0.058824;0.000000;265411.798049;1.488778;0.000000;0.000000;-0.335311;-0.061590;-0.410360;0.227185;0.000000;0.284484;-0.131157;0.000000;0.000000;-0.501438;0.367488;0.400133;-0.187254;10.321730;2.964286;13.487737;3.357473;0.648105;0.000000;9.845710;3.017578;1.761217;109.502402;4376.329663
3.000000;3.000000;0.000000;0.000000;3.000000;0.000000;0.000000;0.000000;0.000000;0.000000;0.000000;0.000000;918.000000;-0.000000;-0.166446;-0.008963;1.440265;2.074363;1.449851;0.443475;0.039719;-1.237042;2.266128;0.039216;0.039216;1.003922;108.622972;1.715984;9.754725;9.446750;2.102582;4.420850;9.978752;0.719350;0.553257;-0.426296;2.581375;0.166667;0.166667;0.000000;9931.239211;0.142480;-0.292926;0.007702;1.633253;2.667515;1.659313;0.504563;-0.608470;-0.040391;1.838967;0.078431;0.078431;2.007843;144.984383;1.943636;1.036510;1.883000;16.997819;288.925849;17.029392;8.073887;-0.536298;0.368759;21.503250;0.127451;0.127451;2.007843;14878.049825;2.861970;33.164519;35.831000;26.225539;687.778882;42.280778;6.808495;-0.490410;-0.654287;34.507500;0.127451;0.127451;0.000000;147267.211838;0.973505;0.000000;0.000000;0.046097;0.007801;-0.023250;0.093532;0.000000;0.156129;0.026244;0.000000;0.000000;0.085561;0.289343;-0.129185;0.269814;10.324730;4.077525;14.034774;4.472978;2.086544;0.000000;10.020300;3.017578;-0.080780;110.677567;2080.417700
3.000000;3.000000;0.000000;0.000000;3.000000;0.000000;0.000000;0.000000;0.000000;0.000000;0.000000;0.000000;918.000000;-0.000000;-0.184580;-0.174842;1.434337;2.057323;1.446165;0.463426;0.047415;-1.042642;2.230317;0.058824;0.058824;1.003922;108.425476;2.015462;9.845665;9.607250;2.373489;5.633452;10.127713;0.779693;0.341774;-0.910507;3.884325;0.166667;0.166667;0.000000;10175.069523;0.173384;-0.554116;-0.189680;1.581788;2.502055;1.676037;0.573653;-0.673738;-0.536752;1.899282;0.098039;0.098039;2.007843;159.119541;2.002638;-2.084903;-1.768650;16.366129;267.850194;16.498394;8.751406;-0.352814;-0.376140;24.118250;0.205882;0.205882;4.015686;14108.266074;2.799607;29.436599;27.404500;27.198011;739.731800;40.077988;5.641455;-0.103718;-0.890508;39.142000;0.098039;0.098039;0.000000;126112.886552;0.998864;0.000000;0.000000;-0.003869;0.070252;0.003471;0.095503;0.000000;0.059411;0.117252;0.000000;0.000000;-0.082602;0.249206;-0.150429;0.184820;10.411343;5.265891;14.101065;5.689277;2.077644;0.000000;10.020684;3.017578;-0.717234;113.661958;1881.251276
3.000000;3.000000;0.000000;0.000000;3.000000;0.000000;0.000000;0.000000;0.000000;0.000000;0.000000;0.000000;918.000000;-0.000000;0.140378;-0.345635;1.515348;2.296281;1.521837;0.456161;0.226342;-1.001454;2.364275;0.058824;0.058824;1.003922;119.175385;2.127490;9.571385;9.321900;1.965416;3.862862;9.771094;0.641837;0.754681;0.126801;2.330400;0.147059;0.147059;0.000000;9541.545403;0.136165;-0.178151;0.105977;1.474878;2.175265;1.485598;0.550670;-0.796732;-0.137279;1.721600;0.156863;0.156863;2.007843;114.313318;2.390646;-5.260972;-3.192500;15.948754;254.362764;16.794064;9.930572;-0.120608;-0.629750;25.117675;0.215686;0.215686;3.513725;15802.119329;2.768613;71.740531;81.595000;47.914126;2295.763504;86.269736;5.935416;0.106578;-1.390151;89.466500;0.009804;0.009804;0.000000;642060.606050;0.649440;0.000000;0.000000;0.026092;-0.072124;0.096965;-0.165092;0.000000;0.105347;-0.164207;0.000000;0.000000;-0.449800;0.206899;-0.092498;0.063775;10.157021;3.625199;13.896825;3.904991;2.315133;0.000000;9.910482;3.017578;-0.556227;106.790265;7726.714935
3.000000;3.000000;0.000000;0.000000;3.000000;0.000000;0.000000;0.000000;0.000000;0.000000;0.000000;0.000000;918.000000;-0.000000;0.089527;-0.201885;1.473188;2.170284;1.475906;0.545367;0.269357;-0.777503;2.346250;0.127451;0.127451;1.003922;111.597472;2.336097;9.546959;8.750850;3.269918;10.692361;10.091421;1.169617;1.318935;1.678655;2.999700;0.147059;0.147059;0.000000;9843.233055;0.353913;0.910867;0.973235;1.699420;2.888027;1.928135;0.745777;-0.016178;0.699774;1.627860;0.196078;0.196078;0.000000;231.917350;2.399309;-5.476730;-3.835600;25.649540;657.898906;26.227723;15.628079;0.308366;2.276380;27.603900;0.225490;0.225490;3.011765;36615.458588;3.227185;56.591631;81.908500;67.520712;4559.046591;88.100280;10.267535;-0.349949;-1.196152;113.373143;0.049020;0.049020;0.000000;559211.618851;1.288788;0.000000;0.000000;-0.054735;0.295055;-0.467568;-0.143925;0.000000;0.060312;-0.123046;0.000000;0.000000;-0.478330;0.165986;0.311017;0.020709;10.158672;9.816460;13.784481;10.806457;2.183541;0.000000;9.572520;3.017578;0.321543;113.015083;8453.270526
3.000000;3.000000;0.000000;0.000000;3.000000;0.000000;0.000000;0.000000;0.000000;0.000000;0.000000;0.000000;918.000000;-0.000000;-0.544274;-0.518505;1.296072;1.679803;1.405716;0.681806;0.032600;-0.531856;1.758982;0.215686;0.215686;0.000000;115.898518;2.527294;9.939924;9.319250;3.579757;12.814662;10.564882;1.543035;1.045118;0.901059;4.732025;0.186275;0.186275;0.000000;10733.551992;0.364363;1.326481;1.143250;1.325020;1.755679;1.874895;0.823531;0.782142;1.138466;1.297670;0.264706;0.264706;0.000000;269.030646;1.658589;1.863284;4.049900;28.805455;829.754226;28.865655;18.950178;-0.127136;0.939852;31.208750;0.245098;0.245098;3.011765;42675.195054;3.256215;-52.792525;-57.745500;63.235401;3998.715887;82.375765;12.708119;0.309390;-0.908374;105.972632;0.068627;0.068627;0.000000;488251.516920;1.445278;0.000000;0.000000;-0.128385;0.293819;0.304361;-0.183539;0.000000;-0.019461;-0.006119;0.000000;0.000000;-0.049305;0.101294;0.321779;-0.035902;10.525910;11.798005;14.084498;12.973629;1.664346;0.000000;10.008960;3.017578;1.588899;122.592778;7622.507911
3.000000;3.000000;0.000000;0.000000;3.000000;0.000000;0.000000;0.000000;0.000000;0.000000;0.000000;0.000000;918.000000;-0.000000;-0.617510;-0.579880;1.431545;2.049320;1.559051;0.617251;0.287741;-0.365195;2.243360;0.186275;0.186275;0.000000;143.439611;2.621690;9.851444;9.643200;2.401364;5.766547;10.139896;1.080496;1.191513;3.504631;2.343950;0.245098;0.245098;0.000000;10193.300588;0.209533;0.281964;0.659455;1.542858;2.380410;1.568411;0.625733;-1.255898;1.469498;1.328468;0.186275;0.186275;0.501961;129.510408;2.678243;5.380762;4.189050;20.169805;406.821034;20.875192;14.474972;-0.067230;0.413737;27.475150;0.294118;0.294118;0.000000;23703.010959;3.291279;-63.002951;-60.162000;52.623974;2769.282601;82.089308;9.408661;0.110025;-1.050472;83.691000;0.078431;0.078431;0.000000;546109.665561;0.817526;0.000000;0.000000;-0.121374;0.185038;-0.351076;-0.122528;0.000000;-0.168480;-0.013959;0.000000;0.000000;-0.413354;0.339559;-0.009306;-0.099497;10.432731;5.406255;14.152862;5.870357;2.022895;0.000000;10.082156;3.017578;0.682826;114.248137;7176.888001
3.000000;3.000000;0.000000;0.000000;3.000000;0.000000;0.000000;0.000000;0.000000;0.000000;0.000000;0.000000;918.000000;-0.000000;-0.042497;-0.176440;1.479464;2.188815;1.480075;0.565619;0.102805;-0.395130;1.741637;0.068627;0.068627;1.505882;111.830338;2.744473;9.772038;9.516050;2.192802;4.808380;10.015044;0.895542;0.692187;0.386071;2.365400;0.186275;0.186275;0.000000;9985.559376;0.155427;-0.410119;-0.049515;1.633045;2.666835;1.683755;0.723419;-0.961649;0.127516;1.632493;0.186275;0.186275;2.509804;153.212596;2.428255;-1.047136;1.241050;18.162513;329.876886;18.192674;12.404821;-0.188007;-0.299840;25.093275;0.274510;0.274510;1.003922;16958.978111;3.032971;21.478435;17.946000;59.548716;3546.049529;63.303813;7.575145;0.219868;-0.610481;80.750000;0.029412;0.029412;0.501961;227967.255344;2.134763;0.000000;0.000000;-0.083309;0.173832;-0.079442;-0.348168;0.000000;-0.036829;-0.185917;0.000000;0.000000;-0.319559;0.345160;-0.053756;0.074514;10.341702;4.540935;13.971119;4.883854;2.182620;0.000000;9.961896;3.017578;-0.339599;111.491732;4341.181115
3.000000;3.000000;0.000000;0.000000;3.000000;0.000000;0.000000;0.000000;0.000000;0.000000;0.000000;0.000000;918.000000;-0.000000;0.094835;0.110412;1.340122;1.795927;1.343473;0.499154;0.193044;-0.563521;1.801747;0.088235;0.088235;1.003922;92.580123;2.641063;9.704895;9.517300;2.283714;5.215351;9.969972;0.911059;1.051041;1.926728;2.424225;0.147059;0.147059;0.000000;9872.857726;0.195984;0.356580;0.585835;1.484759;2.204509;1.526977;0.738370;-0.917566;2.162958;1.489378;0.225490;0.225490;0.501961;126.020468;2.566422;-4.498174;-2.222250;20.351586;414.187057;20.842760;12.584379;-0.754864;2.892645;22.612275;0.225490;0.225490;3.513725;23315.173637;3.210545;67.470543;63.389000;51.436810;2645.745447;84.841144;8.504721;-0.126808;-0.518904;66.557500;0.058824;0.058824;0.000000;599271.359275;0.762920;0.000000;0.000000;-0.000646;0.219507;-0.132279;-0.276307;0.000000;0.082090;-0.213223;0.000000;0.000000;-0.236417;0.263875;0.065973;-0.034187;10.265578;4.823173;13.803477;5.266989;1.813707;0.000000;9.967602;3.017578;-0.122174;110.205260;7634.771925
3.000000;3.000000;0.000000;0.000000;3.000000;0.000000;0.000000;0.000000;0.000000;0.000000;0.000000;0.000000;918.000000;-0.000000;-0.254580;-0.112425;1.356615;1.840403;1.380295;0.612539;0.021508;-0.757875;2.222980;0.147059;0.147059;1.505882;100.486365;2.499443;9.803021;9.550350;3.411217;11.636403;10.379577;1.330048;0.707629;-0.016948;4.219250;0.147059;0.147059;0.000000;10395.600637;0.343793;1.292885;1.137000;1.316929;1.734303;1.845496;1.001687;-0.115661;1.691543;1.428110;0.372549;0.372549;0.000000;259.836316;1.724687;-2.641605;1.462300;24.990965;624.548321;25.130189;15.335378;-0.603966;1.120890;25.536250;0.235294;0.235294;3.011765;32724.240353;2.997087;22.296410;30.494000;68.827024;4737.159286;72.348388;10.593130;0.275173;-0.779923;100.473750;0.049020;0.049020;0.501961;292311.113632;2.155511;0.000000;0.000000;-0.185325;0.158501;-0.112836;-0.141750;0.000000;0.024167;-0.074926;0.000000;0.000000;-0.290739;0.231548;0.328340;-0.258186;10.394445;10.596341;13.952113;11.826871;1.783370;0.000000;9.655741;3.017578;1.209113;118.640830;5869.221445
3.000000;3.000000;0.000000;0.000000;3.000000;0.000000;0.000000;0.000000;0.000000;0.000000;0.000000;0.000000;918.000000;-0.000000;-0.792833;-0.702225;1.375114;1.890939;1.587301;0.677055;-0.120200;-0.731632;2.189800;0.186275;0.186275;0.000000;160.624533;2.378630;10.038462;9.690050;3.246719;10.541181;10.550445;1.352132;0.562229;-0.043950;3.968750;0.186275;0.186275;0.000000;10816.214636;0.324018;1.038740;0.904235;1.323246;1.750981;1.682249;0.897025;0.000234;1.629787;1.096497;0.313725;0.313725;0.000000;199.456463;2.119106;3.486403;7.996950;26.943630;725.959206;27.168257;17.143839;-0.359770;-0.174052;34.101500;0.215686;0.215686;2.509804;38264.535024;3.228175;-67.956639;-65.109000;60.434083;3652.278353;90.941647;11.029398;0.014363;-0.876581;88.648250;0.039216;0.039216;0.000000;657313.058763;0.857403;0.000000;0.000000;-0.260539;0.038303;0.316427;-0.168318;0.000000;0.071818;0.014158;0.000000;0.000000;-0.063570;-0.122126;0.266068;-0.223709;10.639941;9.623082;14.324917;10.800757;1.754453;0.000000;9.923381;3.017578;1.253944;122.831419;9011.327284
3.000000;3.000000;0.000000;0.000000;3.000000;0.000000;0.000000;0.000000;0.000000;0.000000;0.000000;0.000000;918.000000;-0.000000;-0.540140;-0.690270;1.494415;2.233277;1.589034;0.655116;-0.167052;-0.784136;2.298760;0.147059;0.147059;1.505882;143.662514;2.581492;9.926701;9.690050;2.339476;5.473150;10.198654;0.967719;0.439067;-0.133894;2.639800;0.196078;0.196078;0.000000;10330.165650;0.180404;0.000966;0.356340;1.319874;1.742066;1.319874;0.608927;-1.258190;1.908987;1.238320;0.254902;0.254902;2.509804;88.938610;2.673073;3.915871;4.340650;24.182353;584.786192;24.497352;14.644816;-0.232133;0.154085;29.491325;0.186275;0.186275;0.501961;31429.029667;3.191607;-52.748673;-38.889500;68.806984;4734.401116;86.699617;9.886917;-0.261132;-1.212197;119.310625;0.029412;0.029412;0.000000;525261.668170;1.248142;0.000000;0.000000;-0.105985;0.204602;-0.390739;-0.218997;0.000000;-0.130911;-0.092497;0.000000;0.000000;-0.292944;0.230041;-0.052330;-0.213745;10.511214;5.051960;14.257368;5.569591;2.213136;0.000000;10.057330;3.017578;0.301003;115.537571;8118.685879
3.000000;3.000000;0.000000;0.000000;3.000000;0.000000;0.000000;0.000000;0.000000;0.000000;0.000000;0.000000;918.000000;-0.000000;0.321054;0.586790;1.392855;1.940046;1.429378;0.544461;-0.307561;-0.633462;2.187793;0.117647;0.117647;1.003922;109.457749;2.591501;9.752162;9.545400;2.206074;4.866763;9.998571;0.879170;0.565891;0.089293;2.353675;0.205882;0.205882;0.000000;9948.895999;0.169559;-0.363866;-0.097381;1.318959;1.739654;1.368230;0.666175;-1.284455;1.892787;1.266055;0.186275;0.186275;2.509804;102.229654;2.605488;-2.964955;-1.363950;18.392427;338.281383;18.629878;11.892094;-0.285200;0.709998;20.946675;0.313725;0.313725;2.007843;18150.089500;3.068612;57.771916;55.620000;60.925100;3711.867773;83.961074;8.044303;0.066939;-1.163273;105.489625;0.029412;0.029412;0.000000;529804.873318;1.042806;0.000000;0.000000;0.016668;0.006132;0.243441;-0.085966;0.000000;-0.066035;-0.145867;0.000000;0.000000;0.050088;0.365902;-0.111700;-0.238986;10.319258;4.527466;13.980589;4.915854;1.958349;0.000000;9.930610;3.017578;-0.610097;111.014543;7398.406410
3.000000;3.000000;0.000000;0.000000;3.000000;0.000000;0.000000;0.000000;0.000000;0.000000;0.000000;0.000000;918.000000;-0.000000;-0.063821;-0.370095;1.296676;1.681368;1.298245;0.462012;0.557556;-0.763391;2.134500;0.107843;0.107843;1.505882;86.168347;2.539057;9.537815;9.446900;2.968333;8.811003;9.989040;1.112145;0.607646;1.497426;2.278025;0.196078;0.196078;0.000000;9728.613067;0.293232;0.574238;0.547210;1.347805;1.816578;1.465035;0.741926;-0.110264;2.923452;1.229603;0.225490;0.225490;0.000000;126.874811;2.715806;-3.198742;-1.935500;20.663720;426.989343;20.909837;15.023815;-1.173605;5.320171;17.901575;0.333333;0.333333;5.019608;23021.326766;3.557300;63.611825;65.713500;60.958075;3715.886895;88.104207;9.023327;-0.401099;-0.529530;76.199750;0.019608;0.019608;0.000000;602255.526979;0.850239;0.000000;0.000000;0.013483;0.243905;-0.384201;0.018349;0.000000;-0.061647;0.008737;0.000000;0.000000;-0.122842;0.341361;0.216614;0.091004;10.130059;7.848266;13.630708;8.898622;1.697633;0.000000;9.711019;3.017578;0.202544;110.466353;8201.718859
3.000000;3.000000;0.000000;0.000000;3.000000;0.000000;0.000000;0.000000;0.000000;0.000000;0.000000;0.000000;918.000000;-0.000000;-0.844521;-1.035200;1.089017;1.185958;1.378105;0.544019;0.541082;-0.070958;1.505008;0.147059;0.147059;0.000000;133.303393;1.917331;9.954471;9.440200;3.817941;14.576675;10.661527;1.553638;0.598169;0.110137;4.841350;0.137255;0.137255;0.000000;10850.804861;0.391580;1.180613;1.042100;1.314747;1.728559;1.767033;0.880139;0.769107;0.304431;1.474870;0.372549;0.372549;0.000000;230.357208;1.924677;1.741382;-0.061140;23.767452;564.891791;23.831160;17.672789;-0.902152;3.363093;27.459000;0.294118;0.294118;5.019608;29351.609055;3.492485;-16.400825;-27.214000;56.195618;3157.947510;58.540026;10.801705;-0.050373;-0.924558;100.034500;0.049020;0.049020;1.003922;188522.148422;2.445633;0.000000;0.000000;-0.247448;0.292582;0.087816;-0.181040;0.000000;-0.260125;-0.071818;0.000000;0.000000;-0.216030;-0.093595;0.334547;0.297365;10.556736;13.122653;14.139904;14.800364;1.118335;0.000000;9.812742;3.017578;1.247596;124.567333;3997.981196
3.000000;3.000000;0.000000;0.000000;3.000000;0.000000;0.000000;0.000000;0.000000;0.000000;0.000000;0.000000;918.000000;-0.000000;-0.765995;-1.156500;1.321919;1.747469;1.527815;0.498557;0.349545;-0.918477;2.452540;0.107843;0.107843;0.000000;149.011788;2.178446;10.220691;9.730900;2.831384;8.016737;10.605624;1.101870;1.130111;2.066971;2.264975;0.156863;0.156863;0.000000;11064.430145;0.236059;0.746565;0.794760;1.503000;2.259010;1.678204;0.691496;-0.371738;1.488014;1.644938;0.186275;0.186275;0.000000;172.288097;2.528211;7.448409;6.845150;19.877385;395.110432;21.227087;13.060715;0.151282;0.517421;26.220650;0.235294;0.235294;0.000000;25816.169703;3.027439;-63.788132;-58.204500;55.488534;3078.977403;84.545273;8.570271;0.089385;-0.637219;83.451750;0.039216;0.039216;0.000000;572084.661008;0.857615;0.000000;0.000000;-0.189216;0.028900;-0.043987;-0.119467;0.000000;-0.197757;0.052205;0.000000;0.000000;-0.455836;0.147828;0.168232;0.411970;10.791039;7.366962;14.562638;8.175900;1.684981;0.000000;10.493622;3.017578;1.107355;123.813483;7601.308834
3.000000;3.000000;0.000000;0.000000;3.000000;0.000000;0.000000;0.000000;0.000000;0.000000;0.000000;0.000000;918.000000;-0.000000;-0.167186;-0.186600;1.506047;2.268178;1.515298;0.491459;0.064290;-1.034392;2.314672;0.049020;0.049020;1.003922;118.596572;2.376017;10.024918;9.714450;2.112873;4.464231;10.245155;0.760480;0.723490;0.173509;2.113475;0.186275;0.186275;0.000000;10478.632010;0.141765;-0.040233;0.107964;1.463737;2.142526;1.464290;0.572520;-0.995757;0.747592;1.428255;0.186275;0.186275;0.501961;109.609863;2.401095;4.108402;3.525050;18.751423;351.615871;19.196219;11.170780;0.078881;1.375546;21.078350;0.235294;0.235294;0.501961;19655.308332;3.091974;-33.293022;-22.579500;67.222843;4518.910615;75.015571;6.382653;-0.366122;-0.814747;93.370250;0.049020;0.049020;0.000000;343638.652359;1.809525;0.000000;0.000000;-0.020241;0.030691;-0.301633;-0.132044;0.000000;-0.188280;-0.049148;0.000000;0.000000;-0.287368;0.481518;-0.098055;0.039480;10.588350;4.146175;14.352946;4.510337;2.288729;0.000000;10.071141;3.017578;0.160384;116.259334;5997.974881
3.000000;3.000000;0.000000;0.000000;3.000000;0.000000;0.000000;0.000000;0.000000;0.000000;0.000000;0.000000;918.000000;-0.000000;0.151349;0.301590;1.361934;1.854865;1.370318;0.500118;-0.133855;-0.892067;2.131645;0.088235;0.088235;1.505882;97.001163;2.741058;9.867358;9.711600;1.927012;3.713377;10.053762;0.704188;0.804740;0.758609;1.850300;0.215686;0.215686;0.000000;10120.678880;0.131104;-0.376452;-0.207235;1.200978;1.442348;1.258596;0.558385;-0.936410;1.272009;1.336418;0.196078;0.196078;2.509804;88.098299;2.521144;-2.469369;-4.110550;17.173819;294.940060;17.350442;10.756208;0.146453;0.617070;22.009050;0.274510;0.274510;2.007843;15666.046584;3.178425;57.603411;57.027000;60.928039;3712.225926;83.847355;6.897790;0.099439;-1.220738;111.765950;0.058824;0.058824;0.000000;527778.477342;0.866815;0.000000;0.000000;0.025306;-0.134161;0.052183;-0.021479;0.000000;0.015335;-0.213651;0.000000;0.000000;-0.060555;0.294510;-0.140347;-0.018910;10.414532;3.493416;14.051753;3.752537;1.870836;0.000000;10.054283;3.017578;-0.542871;111.955899;7333.000767
3.000000;3.000000;0.000000;0.000000;3.000000;0.000000;0.000000;0.000000;0.000000;0.000000;0.000000;0.000000;918.000000;-0.000000;-0.127773;-0.132435;1.186420;1.407592;1.193280;0.539907;-0.056155;-0.766330;1.790230;0.196078;0.196078;1.505882;73.487071;2.813904;9.697217;9.318300;3.409508;11.624746;10.279142;1.276345;0.935631;0.872544;3.101800;0.166667;0.166667;0.000000;10184.975620;0.355302;0.481499;0.434670;1.406710;1.978833;1.486834;0.794079;0.274581;0.464093;1.658345;0.264706;0.264706;0.501961;124.617271;2.748377;-2.966096;-8.190600;20.372269;415.029337;20.587061;14.192396;0.894729;1.780354;25.921075;0.294118;0.294118;1.505882;22106.146007;3.344369;53.497007;49.059500;65.331842;4268.249630;84.440390;10.278396;0.014354;-1.182716;115.004250;0.029412;0.029412;0.000000;509630.380020;1.161378;0.000000;0.000000;0.062122;0.159030;-0.518032;-0.074033;0.000000;0.036679;-0.139377;0.000000;0.000000;-0.275829;0.081811;0.214732;0.537470;10.271252;10.586049;13.699548;11.746080;1.415290;0.000000;9.576169;3.017578;-0.044828;116.084674;7556.217126
3.000000;3.000000;0.000000;0.000000;3.000000;0.000000;0.000000;0.000000;0.000000;0.000000;0.000000;0.000000;918.000000;-0.000000;-0.484866;-0.675935;1.268714;1.609635;1.358209;0.647870;0.096642;-0.608520;1.762520;0.156863;0.156863;0.000000;106.178711;2.631308;9.918378;9.313350;3.961688;15.694975;10.680319;1.675194;0.832147;0.215541;6.108650;0.147059;0.147059;0.000000;10834.622567;0.411231;0.801709;0.679160;1.370681;1.878766;1.587924;0.923551;0.376453;0.035863;1.588804;0.382353;0.382353;0.000000;161.420803;2.354550;0.889643;-4.343500;22.512325;506.804765;22.529896;16.737070;0.498053;0.514472;29.001250;0.274510;0.274510;3.011765;26420.892165;3.438579;-46.747906;-41.176000;71.000568;5041.080718;85.008514;11.640564;-0.333932;-0.470024;81.805350;0.088235;0.088235;0.000000;480006.121916;1.573716;0.000000;0.000000;-0.106397;0.179227;0.514328;-0.249812;0.000000;-0.124723;-0.022705;0.000000;0.000000;-0.267623;-0.238141;0.241166;0.487671;10.514078;14.368094;14.054997;15.870846;1.605097;0.000000;9.787278;3.017578;1.129368;124.913937;7736.565142
3.000000;3.000000;0.000000;0.000000;3.000000;0.000000;0.000000;0.000000;0.000000;0.000000;0.000000;0.000000;918.000000;-0.000000;-0.505346;-0.727520;1.399032;1.957290;1.487503;0.568180;0.078368;-1.070659;2.331222;0.127451;0.127451;0.000000;125.882903;2.691237;9.912346;9.441250;2.525773;6.379527;10.229083;1.023185;1.668285;5.137415;2.109775;0.215686;0.215686;0.000000;10348.403446;0.226806;0.422699;0.719340;1.437157;2.065422;1.498031;0.630585;-0.486471;0.235698;1.888697;0.088235;0.088235;1.003922;123.857555;2.321735;5.815127;4.491850;21.658100;469.073276;22.425186;13.724867;0.179808;-0.613818;29.597700;0.215686;0.215686;1.003922;27616.894800;2.661928;-68.978033;-55.727000;52.672425;2774.384355;86.789132;8.919834;-0.870445;-0.071977;60.120250;0.078431;0.078431;0.000000;626812.484371;0.798563;0.000000;0.000000;-0.073174;-0.020345;0.344756;0.079526;0.000000;0.174806;0.153221;0.000000;0.000000;-0.055110;-0.088032;0.096011;0.259653;10.483511;5.942783;14.199797;6.457907;1.961452;0.000000;10.033360;3.017578;0.602346;115.846796;8037.486517
3.000000;3.000000;0.000000;0.000000;3.000000;0.000000;0.000000;0.000000;0.000000;0.000000;0.000000;0.000000;918.000000;-0.000000;-0.118351;-0.544735;1.522730;2.318707;1.527322;0.494522;0.310975;-0.801888;2.207985;0.068627;0.068627;1.003922;119.687918;2.597439;9.937420;9.464500;2.165864;4.690966;10.170707;0.851974;0.892696;0.086856;2.359875;0.205882;0.205882;0.000000;10312.025373;0.153007;-0.163480;-0.029001;1.672411;2.796960;1.680383;0.560971;-0.670926;-0.347011;2.248943;0.127451;0.127451;0.501961;145.404662;2.083461;2.013079;1.973700;20.607467;424.667690;20.705559;12.099176;0.304078;-0.119721;27.391500;0.254902;0.254902;0.501961;22094.396502;2.637779;-16.406827;-13.282000;33.594415;1128.584724;37.386745;6.839245;-0.291737;-0.468711;40.307675;0.107843;0.107843;0.501961;85044.265466;1.957163;0.000000;0.000000;0.184272;0.150759;-0.594043;0.043267;0.000000;0.358731;0.074782;0.000000;0.000000;-0.099581;0.344667;-0.067442;0.012098;10.506666;4.385954;14.269230;4.885491;2.193585;0.000000;9.909998;3.017578;0.252885;114.775988;1829.312565
3.000000;3.000000;0.000000;0.000000;3.000000;0.000000;0.000000;0.000000;0.000000;0.000000;0.000000;0.000000;918.000000;-0.000000;0.227378;0.024868;1.500644;2.251932;1.517772;0.520006;0.158793;-0.937010;2.413753;0.098039;0.098039;1.003922;120.143469;2.352433;9.813414;9.541200;1.999471;3.997885;10.015037;0.823718;0.586175;-0.058984;2.462500;0.225490;0.225490;0.000000;10026.879711;0.146517;-0.336540;-0.126565;1.292224;1.669842;1.335328;0.525079;-1.198267;1.373718;1.254903;0.186275;0.186275;0.501961;96.725328;2.548855;-5.893398;-4.944750;17.223469;296.647870;18.203846;12.287366;-0.013492;0.134113;22.969275;0.215686;0.215686;0.000000;18672.371786;3.139965;59.689460;42.629000;57.475350;3303.415810;82.862823;5.855441;0.175147;-1.542836;112.342175;0.009804;0.009804;0.000000;531896.850351;0.945093;0.000000;0.000000;-0.105484;0.143074;0.319658;-0.069839;0.000000;0.001936;-0.069578;0.000000;0.000000;-0.233314;0.000073;-0.164504;-0.069764;10.388661;3.680332;14.112699;4.093623;2.218073;0.000000;9.922194;3.017578;-0.700819;111.604607;7199.410562
3.000000;3.000000;0.000000;0.000000;3.000000;0.000000;0.000000;0.000000;0.000000;0.000000;0.000000;0.000000;918.000000;-0.000000;0.160241;0.308355;1.370657;1.878700;1.379992;0.486230;-0.252562;-0.914173;2.390200;0.117647;0.117647;1.003922;98.477473;2.374414;9.553627;9.269650;2.439954;5.953377;9.860283;0.922301;1.428173;2.863779;2.925350;0.196078;0.196078;0.000000;9613.577761;0.216648;0.710918;0.693600;1.250471;1.563677;1.438430;0.776325;-0.128188;2.527916;1.421616;0.235294;0.235294;0.000000;131.528033;2.749140;-5.719769;-6.918950;24.250756;588.099145;24.916157;15.673076;0.670990;2.051286;28.884925;0.245098;0.245098;2.509804;33331.383038;3.233512;64.109317;66.929000;59.588539;3550.793964;87.525987;8.199608;-0.256926;-1.093642;109.073300;0.039216;0.039216;0.000000;600312.489470;0.825686;0.000000;0.000000;-0.159818;0.265789;-0.307305;-0.169780;0.000000;-0.229560;0.019296;0.000000;0.000000;-0.027550;-0.098992;0.066458;0.376435;10.134899;5.413376;13.744101;6.081947;1.827675;0.000000;9.448392;3.017578;0.442614;108.129551;8283.682414
3.000000;3.000000;0.000000;0.000000;3.000000;0.000000;0.000000;0.000000;0.000000;0.000000;0.000000;0.000000;918.000000;-0.000000;-0.255584;-0.486975;1.350894;1.824914;1.374859;0.538284;0.092442;-1.191522;2.284880;0.088235;0.088235;1.505882;99.759613;2.343351;9.823109;8.867250;3.685384;13.582054;10.491688;1.373741;0.937594;0.089012;5.088850;0.107843;0.107843;0.000000;10536.677671;0.382812;1.040429;1.099000;1.407826;1.981975;1.750562;1.035100;-0.118111;1.579486;1.579650;0.352941;0.352941;0.000000;212.012199;2.305364;-0.731919;-0.186940;27.780321;771.746232;27.789961;17.719362;0.210881;0.871474;32.501000;0.294118;0.294118;2.007843;39430.441694;3.301213;-21.500044;-3.953200;72.680694;5282.483309;75.794031;10.524870;-0.718201;-0.184462;68.237250;0.029412;0.029412;1.003922;316695.136460;2.106760;0.000000;0.000000;-0.022324;0.062637;0.236386;-0.305271;0.000000;-0.082272;-0.067439;0.000000;0.000000;-0.068330;-0.004610;0.057343;0.337985;10.423053;12.325715;14.041681;13.717591;1.841921;0.000000;9.621451;3.017578;1.211766;120.965758;6520.081591
3.000000;3.000000;0.000000;0.000000;3.000000;0.000000;0.000000;0.000000;0.000000;0.000000;0.000000;0.000000;918.000000;-0.000000;-0.543371;-0.866865;1.392681;1.939560;1.494929;0.559915;0.250860;-0.743251;2.271315;0.068627;0.068627;0.000000;129.078139;2.751157;9.968595;9.684750;3.155302;9.955933;10.456042;1.161820;0.873776;0.922826;3.494800;0.196078;0.196078;0.000000;10644.281433;0.298342;0.634880;0.663050;1.348372;1.818106;1.490362;0.776671;0.001247;0.832951;1.366418;0.166667;0.166667;0.000000;133.863192;2.721520;4.610116;5.373700;23.332751;544.417254;23.783827;15.714502;-0.190219;1.024999;27.723750;0.205882;0.205882;5.019608;30062.244702;3.290899;-64.798291;-48.409500;63.321459;4009.607161;90.600362;8.431304;-0.167273;-1.069689;109.806025;0.019608;0.019608;0.000000;632769.875209;0.889733;0.000000;0.000000;0.102515;-0.049008;0.226156;-0.205336;0.000000;0.034831;0.010203;0.000000;0.000000;-0.052264;0.118051;-0.006437;0.155679;10.561387;9.020738;14.274788;10.079992;1.933279;0.000000;10.035042;3.017578;0.868445;120.563634;8776.317228
3.000000;3.000000;0.000000;0.000000;3.000000;0.000000;0.000000;0.000000;0.000000;0.000000;0.000000;0.000000;918.000000;-0.000000;-0.425109;-0.728645;1.378800;1.901089;1.442847;0.473445;0.065170;-0.876356;2.311415;0.049020;0.049020;1.003922;115.394331;2.620710;9.972696;9.728600;2.202534;4.851155;10.213022;0.859135;0.400630;-0.012864;2.239375;0.186275;0.186275;0.000000;10391.866802;0.156462;0.089311;0.331210;1.405220;1.974642;1.408055;0.683881;-0.975550;0.432362;1.559175;0.196078;0.196078;2.509804;101.548807;2.283706;5.292511;3.732750;17.703826;313.425464;18.477990;12.785215;0.246869;0.542641;25.440800;0.245098;0.245098;2.007843;18842.205406;3.185427;-31.970065;-23.788000;53.502860;2862.556006;62.326889;7.241671;-0.599110;-0.377731;51.941950;0.068627;0.068627;0.000000;250292.765069;1.742915;0.000000;0.000000;0.135893;0.006088;-0.218017;-0.065345;0.000000;-0.056385;0.126950;0.000000;0.000000;0.001054;0.443950;-0.274033;0.108820;10.531230;4.480824;14.241772;4.956390;1.862707;0.000000;10.003826;3.017578;0.277160;115.387628;4228.059843
3.000000;3.000000;0.000000;0.000000;3.000000;0.000000;0.000000;0.000000;0.000000;0.000000;0.000000;0.000000;918.000000;-0.000000;0.106028;0.038477;1.320699;1.744246;1.324948;0.460005;-0.017443;-0.974241;2.136990;0.107843;0.107843;1.003922;90.115329;2.324518;9.756448;9.680250;2.039576;4.159869;9.967354;0.822449;0.550379;0.408649;1.991450;0.225490;0.225490;0.000000;9921.430311;0.146825;-0.181703;0.161575;1.284296;1.649415;1.297086;0.697621;-1.036141;0.686286;1.225500;0.176471;0.176471;2.509804;87.600816;2.716680;-3.454434;-5.069300;23.211491;538.773323;23.467135;14.930031;0.885781;2.389164;29.903650;0.245098;0.245098;2.007843;28697.891779;3.135608;59.538541;53.441000;61.881691;3829.343657;85.873055;7.864239;0.091811;-1.227624;107.018450;0.009804;0.009804;0.000000;556900.700082;1.077491;0.000000;0.000000;-0.111557;-0.034561;0.100235;-0.217567;0.000000;-0.146715;-0.049626;0.000000;0.000000;-0.202436;0.215186;-0.278497;0.235544;10.309904;3.809512;13.917910;4.238240;1.724331;0.000000;9.896098;3.017578;-0.260155;110.103635;7926.570438
3.000000;3.000000;0.000000;0.000000;3.000000;0.000000;0.000000;0.000000;0.000000;0.000000;0.000000;0.000000;918.000000;-0.000000;0.264870;0.450165;1.315380;1.730223;1.341782;0.477971;-0.292620;-0.859909;2.193232;0.098039;0.098039;1.003922;95.457480;2.299516;9.402411;9.331750;2.851546;8.131314;9.825306;1.021129;1.076860;2.143605;2.532975;0.205882;0.205882;0.000000;9432.063400;0.283762;0.693362;0.720235;1.360855;1.851927;1.527311;0.763223;-0.151908;0.662537;1.583311;0.225490;0.225490;0.000000;143.576162;2.522185;-4.620101;-9.026500;26.460516;700.158901;26.860831;17.530408;1.065149;1.552774;25.830150;0.225490;0.225490;2.509804;37889.800770;3.062689;63.634636;68.145000;60.312402;3637.585780;87.675268;9.476727;-0.051942;-1.061283;96.937000;0.058824;0.058824;0.000000;598562.844025;0.921332;0.000000;0.000000;-0.160659;0.292562;-0.448645;-0.158262;0.000000;-0.126067;0.061149;0.000000;0.000000;-0.285732;-0.054098;0.127124;0.377050;10.002023;7.296554;13.567298;8.268616;1.690561;0.000000;9.446794;3.017578;0.249005;107.337022;8410.789548
3.000000;3.000000;0.000000;0.000000;3.000000;0.000000;0.000000;0.000000;0.000000;0.000000;0.000000;0.000000;918.000000;-0.000000;-0.373643;-0.502160;1.301020;1.692652;1.353610;0.524345;0.092701;-1.104573;2.162390;0.107843;0.107843;1.505882;100.578903;2.437024;9.777919;9.331750;3.858371;14.887027;10.511647;1.537457;0.729978;-0.158577;5.216600;0.127451;0.127451;0.000000;10512.326389;0.400127;1.361271;1.292800;1.386434;1.922200;1.943002;1.017064;0.333161;0.088203;1.225260;0.333333;0.333333;0.000000;287.348470;1.747346;0.717548;-1.456005;25.821162;666.732384;25.831130;15.640300;-0.373291;0.778872;32.816500;0.186275;0.186275;1.003922;34057.496975;3.146738;-33.372757;-19.552000;67.056344;4496.553336;74.901898;10.894352;-0.427407;-0.831596;106.770750;0.088235;0.088235;0.000000;342997.030838;1.920056;0.000000;0.000000;-0.125237;0.127971;0.289021;-0.276037;0.000000;-0.248761;-0.011088;0.000000;0.000000;-0.020004;0.231038;0.294359;0.316690;10.387094;13.435269;13.969944;15.064605;1.679229;0.000000;9.664981;3.017578;1.531575;121.326981;6281.316794
3.000000;3.000000;0.000000;0.000000;3.000000;0.000000;0.000000;0.000000;0.000000;0.000000;0.000000;0.000000;918.000000;-0.000000;-0.529201;-0.946845;1.325511;1.756979;1.427246;0.487248;0.231233;-1.071422;2.151752;0.127451;0.127451;1.003922;118.184734;2.434953;10.042806;9.657350;2.959820;8.760532;10.469885;1.206119;0.819672;1.176206;2.467825;0.166667;0.166667;0.000000;10734.932218;0.282079;0.710011;0.779275;1.538117;2.365805;1.694084;0.835768;0.187582;0.827404;1.595280;0.254902;0.254902;0.000000;172.301699;2.745005;2.972789;6.688150;23.644095;559.043214;23.830247;13.400872;-0.904135;1.514111;31.628050;0.245098;0.245098;0.501961;29502.900947;2.962323;-67.556752;-50.711000;49.025341;2403.484036;83.470946;8.992525;-0.275888;-1.132720;81.470000;0.019608;0.019608;0.000000;588110.581688;0.742206;0.000000;0.000000;0.034614;-0.055448;0.122219;-0.319546;0.000000;0.040815;0.132176;0.000000;0.000000;0.061873;0.063233;0.206750;0.128083;10.614004;7.998437;14.333180;8.849928;1.771716;0.000000;10.246097;3.017578;1.085386;120.655514;7538.149382
3.000000;3.000000;0.000000;0.000000;3.000000;0.000000;0.000000;0.000000;0.000000;0.000000;0.000000;0.000000;918.000000;-0.000000;-0.018764;-0.186201;1.540312;2.372560;1.540426;0.483358;0.041877;-1.045416;2.582700;0.049020;0.049020;1.505882;121.047718;2.466361;9.914375;9.580500;2.107363;4.440978;10.135868;0.824965;0.488418;0.013852;2.223100;0.137255;0.137255;0.000000;10252.705190;0.146602;-0.195974;0.116814;1.383064;1.912866;1.396879;0.642027;-0.757584;-0.357427;1.832355;0.205882;0.205882;2.509804;101.477970;2.410408;4.195338;2.938000;16.167347;261.383093;16.702813;11.682464;0.242279;0.077169;22.037275;0.313725;0.313725;2.509804;15138.001829;3.224863;-15.705767;-12.043500;51.185203;2619.924987;53.540602;6.850865;0.078199;-0.144597;65.606750;0.088235;0.088235;0.501961;158792.489671;2.225584;0.000000;0.000000;-0.048648;0.031995;-0.365267;0.042377;0.000000;0.224243;0.028987;0.000000;0.000000;-0.093150;0.281459;-0.164564;0.302772;10.487331;4.124613;14.292550;4.497053;2.383946;0.000000;10.019078;3.017578;0.080069;114.108731;3147.531334
3.000000;3.000000;0.000000;0.000000;3.000000;0.000000;0.000000;0.000000;0.000000;0.000000;0.000000;0.000000;918.000000;-0.000000;0.274749;0.405455;1.397296;1.952435;1.424051;0.472959;-0.000391;-0.734264;2.096233;0.088235;0.088235;1.003922;107.418058;2.482010;9.638980;9.371500;1.918633;3.681152;9.828077;0.742761;0.711857;0.323996;2.334600;0.147059;0.147059;0.000000;9664.705056;0.143301;-0.186654;0.070904;1.317302;1.735286;1.330461;0.587673;-0.488058;-0.060516;1.675197;0.137255;0.137255;2.509804;92.093598;2.428646;-4.952554;-2.358650;19.370014;375.197434;19.993130;10.948294;-0.996890;2.020141;19.745950;0.235294;0.235294;0.501961;21647.342866;3.019253;66.949694;61.117500;55.331110;3061.531718;86.855013;6.414817;0.053740;-1.494773;98.183000;0.019608;0.019608;0.000000;613330.351461;0.714927;0.000000;0.000000;-0.235067;0.032762;0.081149;-0.368601;0.000000;0.064004;-0.140367;0.000000;0.000000;-0.254606;0.092990;-0.115770;0.122752;10.208238;3.410900;13.844296;3.924972;1.764393;0.000000;9.835230;3.017578;-0.502403;107.619018;7945.288561
3.000000;3.000000;0.000000;0.000000;3.000000;0.000000;0.000000;0.000000;0.000000;0.000000;0.000000;0.000000;918.000000;-0.000000;0.074173;0.048808;1.252305;1.568269;1.254500;0.491429;-0.088312;-0.866936;2.122218;0.127451;0.127451;1.505882;80.562631;2.646079;9.655642;9.068650;3.241149;10.505049;10.185110;1.107228;0.983094;0.397884;3.285375;0.147059;0.147059;0.000000;10045.362951;0.298993;0.881395;0.714235;1.367110;1.868991;1.626606;0.732715;0.313215;-0.171950;1.710333;0.245098;0.245098;0.000000;175.455174;2.336273;-9.383872;-7.330300;26.194734;686.164084;27.824830;17.835000;-0.589064;1.985829;26.579025;0.235294;0.235294;0.000000;44121.410106;3.021223;56.656621;48.096500;62.656745;3925.867652;84.473903;8.008113;0.075025;-1.469540;120.957025;0.029412;0.029412;0.000000;527638.085067;1.086937;0.000000;0.000000;-0.322888;0.379186;-0.487914;-0.173578;0.000000;0.111255;-0.102023;0.000000;0.000000;-0.262378;-0.027233;0.264605;-0.080595;10.233852;9.578515;13.723515;10.799153;1.393703;0.000000;9.353228;3.017578;0.407130;114.310245;7912.707342
3.000000;3.000000;0.000000;0.000000;3.000000;0.000000;0.000000;0.000000;0.000000;0.000000;0.000000;0.000000;918.000000;-0.000000;-0.734306;-0.961515;1.241258;1.540722;1.442196;0.554732;0.136829;-0.122859;1.504068;0.156863;0.156863;0.000000;133.795328;2.169762;9.800445;9.277850;3.738697;13.977855;10.489356;1.396526;0.710858;-0.475920;5.463425;0.196078;0.196078;0.000000;10509.923099;0.357229;1.090878;0.885575;1.465336;2.147209;1.826807;0.952377;0.177976;-0.414385;1.966414;0.284314;0.284314;0.000000;233.425835;2.073915;0.919675;0.411760;28.098874;789.546694;28.113920;19.930643;-0.448726;1.650651;35.459000;0.294118;0.294118;3.011765;40587.590556;3.284209;-46.650550;-24.346500;65.058271;4232.578674;80.055309;9.502322;-0.458924;-0.942400;94.922425;0.068627;0.068627;0.000000;437852.117132;1.192633;0.000000;0.000000;-0.160201;0.001426;0.496867;-0.290161;0.000000;-0.192764;-0.056399;0.000000;0.000000;0.162638;0.283941;0.223772;0.013292;10.413336;12.668946;14.025930;14.160971;1.511256;0.000000;9.720239;3.017578;1.379048;121.106507;7202.582172
3.000000;3.000000;0.000000;0.000000;3.000000;0.000000;0.000000;0.000000;0.000000;0.000000;0.000000;0.000000;918.000000;-0.000000;-0.497373;-0.892615;1.508124;2.274439;1.588024;0.544960;0.183210;-0.524980;2.413263;0.068627;0.068627;0.000000;141.488210;2.649376;9.842921;9.606350;2.517733;6.338980;10.159826;1.011273;0.871556;1.615910;1.927225;0.245098;0.245098;0.000000;10205.945588;0.220695;0.320769;0.469150;1.555720;2.420265;1.588445;0.813420;-0.090641;-0.100994;1.856270;0.156863;0.156863;1.003922;135.229816;2.737280;6.480098;3.407850;22.496772;506.104729;23.411459;13.748593;0.469407;0.123008;27.857000;0.225490;0.225490;1.003922;30110.467009;2.854157;-62.226775;-55.727500;57.649896;3323.510543;84.827366;8.403939;-0.252147;-0.943346;89.500000;0.039216;0.039216;0.000000;564460.540778;0.902907;0.000000;0.000000;0.023157;-0.127801;0.030825;-0.146031;0.000000;-0.165575;0.018490;0.000000;0.000000;0.128535;0.306295;-0.007201;0.165826;10.438013;5.791760;14.236778;6.403662;2.295038;0.000000;9.767334;3.017578;0.688338;114.743885;7746.301652
3.000000;3.000000;0.000000;0.000000;3.000000;0.000000;0.000000;0.000000;0.000000;0.000000;0.000000;0.000000;918.000000;-0.000000;0.485195;0.971000;1.577691;2.489109;1.650613;0.547787;-0.250808;-0.706482;2.510248;0.088235;0.088235;1.505882;150.958323;2.451896;9.792311;9.508200;2.094679;4.387681;10.013842;0.821772;0.796133;0.800267;2.289200;0.147059;0.147059;0.000000;10004.672165;0.151810;-0.127119;0.053586;1.374400;1.888975;1.380266;0.680430;-0.499550;-0.374790;1.954845;0.264706;0.264706;2.509804;98.143713;2.534489;1.102292;0.308545;22.437983;503.463066;22.465042;14.424742;0.414861;1.347995;27.340500;0.294118;0.294118;1.003922;25926.975169;3.372011;8.090842;1.215785;55.158131;3042.419424;55.748374;8.046451;0.092365;-0.594106;66.815000;0.068627;0.068627;1.505882;161914.302928;2.076483;0.000000;0.000000;-0.130176;-0.059816;-0.191751;-0.202378;0.000000;0.139723;-0.075866;0.000000;0.000000;0.089091;0.311972;-0.145618;0.220633;10.387134;4.109001;14.262560;4.524974;2.419903;0.000000;9.985837;3.017578;0.026453;112.001555;3614.464405
3.000000;3.000000;0.000000;0.000000;3.000000;0.000000;0.000000;0.000000;0.000000;0.000000;0.000000;0.000000;918.000000;-0.000000;0.476924;0.744830;1.366076;1.866163;1.446934;0.508514;0.033715;-0.518462;2.072185;0.107843;0.107843;1.003922;118.395476;2.394305;9.570641;9.306100;2.112243;4.461571;9.800956;0.811634;1.386734;3.897315;2.170425;0.147059;0.147059;0.000000;9571.292369;0.186782;0.434687;0.528100;1.241507;1.541340;1.315406;0.612750;-0.680682;0.309131;1.427677;0.254902;0.254902;0.501961;97.891538;2.614587;-4.361303;-4.137500;21.598696;466.503690;22.034624;14.940649;-0.135943;2.282235;24.514775;0.264706;0.264706;1.003922;26078.289771;3.420293;64.477028;62.066000;50.691495;2569.627621;82.017771;8.394778;0.047980;-1.099606;87.928250;0.019608;0.019608;0.000000;555094.659070;0.743397;0.000000;0.000000;-0.243196;-0.127263;0.080594;-0.009608;0.000000;0.132875;-0.025620;0.000000;0.000000;-0.126913;0.088717;-0.153038;0.297259;10.150946;4.110653;13.796201;4.685087;1.705298;0.000000;9.625514;3.017578;0.054473;107.152363;7214.169766
3.000000;3.000000;0.000000;0.000000;3.000000;0.000000;0.000000;0.000000;0.000000;0.000000;0.000000;0.000000;918.000000;-0.000000;-0.160653;-0.125600;1.098378;1.206434;1.110065;0.516949;-0.078565;-0.562487;1.706160;0.137255;0.137255;1.505882;64.182545;2.473764;9.658580;9.138100;3.368136;11.344342;10.229004;1.263036;1.188374;1.065987;3.463075;0.176471;0.176471;0.000000;10094.057457;0.333835;1.395028;1.411650;1.138584;1.296373;1.800688;0.760208;0.508228;0.204377;1.524132;0.284314;0.284314;0.000000;264.628651;1.338184;-3.143172;-1.597550;24.531515;601.795230;24.732059;16.006936;-0.545916;1.193754;22.245750;0.254902;0.254902;1.505882;31758.516453;3.279230;31.694373;19.139000;67.278611;4526.411542;74.370322;9.729051;0.342567;-1.075504;126.357250;0.049020;0.049020;0.501961;333396.918675;1.469737;0.000000;0.000000;-0.228455;0.027635;-0.323012;0.053586;0.000000;-0.276766;0.047415;0.000000;0.000000;-0.088427;0.065226;0.229137;0.220158;10.219720;10.422094;13.565118;11.527331;1.147710;0.000000;9.731582;3.017578;1.186927;114.864761;6145.862031
3.000000;3.000000;0.000000;0.000000;3.000000;0.000000;0.000000;0.000000;0.000000;0.000000;0.000000;0.000000;918.000000;-0.000000;-0.686439;-0.665025;1.154972;1.333961;1.343562;0.622038;-0.677417;1.868033;1.381377;0.205882;0.205882;0.000000;116.210860;2.448003;9.907944;8.971850;3.584078;12.845613;10.536269;1.536046;0.836835;-0.151316;5.033400;0.117647;0.117647;0.000000;10668.479439;0.362422;1.687839;1.536600;1.416048;2.005191;2.203178;0.986969;-0.009611;-0.452117;1.880010;0.215686;0.215686;0.000000;393.123785;1.358051;1.562632;3.589800;29.934906;896.098570;29.975663;18.226888;-0.487273;0.386494;28.553450;0.274510;0.274510;2.509804;46021.895487;2.964089;-34.392305;-36.320500;40.021374;1601.710355;52.768750;11.887511;-0.101231;-0.824658;65.231772;0.137255;0.137255;0.000000;202337.742629;1.454992;0.000000;0.000000;0.083316;-0.077168;0.276254;-0.229882;0.000000;-0.136782;0.088346;0.000000;0.000000;0.155217;-0.021548;0.322476;0.126755;10.493815;11.697979;13.932652;12.983223;1.336743;0.000000;10.005322;3.017578;1.640446;121.818129;3687.935380
3.000000;3.000000;0.000000;0.000000;3.000000;0.000000;0.000000;0.000000;0.000000;0.000000;0.000000;0.000000;918.000000;-0.000000;-0.541841;-0.560450;1.389808;1.931566;1.491696;0.642234;-0.165258;1.106770;1.697522;0.215686;0.215686;0.000000;128.457793;2.637974;9.773835;9.088600;2.727451;7.438987;10.147258;1.234978;0.788302;-0.115955;3.464650;0.127451;0.127451;0.000000;10123.578078;0.254758;1.500017;1.507950;1.384829;1.917751;2.041520;0.911324;-0.046967;-0.503819;1.832852;0.235294;0.235294;0.000000;327.330396;1.479557;4.610960;6.397000;29.409825;864.937792;29.769090;16.379255;-0.453653;0.685807;30.788875;0.245098;0.245098;2.509804;46476.229684;3.108098;-19.249956;-18.045500;48.554098;2357.500455;52.230846;11.331788;-0.193397;-0.860317;65.674750;0.068627;0.068627;0.501961;158046.182421;1.855618;0.000000;0.000000;0.099065;-0.051110;0.060493;-0.067999;0.000000;-0.139262;0.013274;0.000000;0.000000;-0.010883;0.219610;0.027116;0.103513;10.364003;6.779443;13.925415;7.538379;1.924951;0.000000;10.061226;3.017578;1.664850;114.192001;3618.427808
3.000000;3.000000;0.000000;0.000000;3.000000;0.000000;0.000000;0.000000;0.000000;0.000000;0.000000;0.000000;918.000000;-0.000000;-0.122773;-0.123980;1.241972;1.542494;1.248025;0.607785;0.101207;0.463039;1.521670;0.205882;0.205882;1.003922;80.204719;2.872711;9.752730;9.367400;2.369430;5.614197;10.036431;1.055538;0.598905;-0.224552;3.092625;0.166667;0.166667;0.000000;9988.217549;0.197332;1.098135;1.154700;1.230895;1.515102;1.649546;0.766675;-0.164893;-0.397094;1.662930;0.245098;0.245098;0.000000;200.322022;1.766615;0.374970;2.852850;25.600437;655.382371;25.603183;15.383862;-0.547207;1.523518;22.687500;0.274510;0.274510;2.509804;33442.023062;3.108638;7.657495;12.196000;30.657852;939.903861;31.599701;10.546577;-0.120876;-0.547447;41.753250;0.127451;0.127451;1.003922;53929.772061;2.277654;0.000000;0.000000;-0.088076;0.142637;-0.166819;0.213644;0.000000;-0.201760;0.083141;0.000000;0.000000;-0.340608;0.150773;-0.102345;-0.109875;10.300934;5.178268;13.722099;5.686378;1.541171;0.000000;9.626490;3.017578;1.336317;111.287514;1656.785060
3.000000;3.000000;0.000000;0.000000;3.000000;0.000000;0.000000;0.000000;0.000000;0.000000;0.000000;0.000000;918.000000;-0.000000;0.045561;0.026107;0.952831;0.907888;0.953920;0.404438;0.274081;0.607378;0.989683;0.186275;0.186275;2.007843;46.566876;2.590257;9.574096;9.386550;1.897015;3.598666;9.760224;0.589763;1.067626;1.749832;1.984275;0.137255;0.137255;0.000000;9533.287731;0.132238;2.583763;2.663450;1.625777;2.643150;3.052701;0.490579;-0.856261;1.604233;1.365500;0.156863;0.156863;0.000000;815.741169;0.797787;-0.268675;2.927650;21.909529;480.027459;21.911176;8.060401;-0.998200;2.204966;25.174275;0.147059;0.147059;1.505882;24489.125856;2.330366;33.728415;40.312000;29.043210;843.508040;44.509707;6.298640;-0.472513;-0.448490;35.135000;0.088235;0.088235;0.000000;159085.514306;1.205454;0.000000;0.000000;0.336863;-0.257912;0.144022;-0.048210;0.000000;0.032544;-0.211840;0.000000;0.000000;0.188574;0.164429;0.199424;-0.252232;10.088464;3.394847;13.282608;3.766968;0.784205;0.000000;9.236487;3.017578;2.808930;105.171945;2470.532627
3.000000;3.000000;0.000000;0.000000;3.000000;0.000000;0.000000;0.000000;0.000000;0.000000;0.000000;0.000000;918.000000;-0.000000;0.101450;-0.106608;1.149304;1.320899;1.153772;0.410481;0.593826;1.647582;0.797543;0.166667;0.166667;2.007843;68.415869;2.490730;9.759942;9.120200;2.343132;5.490268;10.037268;0.670224;1.418789;1.624680;2.188275;0.088235;0.088235;0.000000;9996.182459;0.181076;1.730120;1.739050;1.804197;3.255127;2.499688;0.547873;-0.390097;0.899573;1.577310;0.107843;0.107843;0.000000;471.329961;1.445485;4.557653;4.587350;16.666666;277.777765;17.278598;8.763505;-0.499834;1.480834;14.901200;0.235294;0.235294;1.505882;16333.257284;3.011073;18.715767;16.608000;30.394030;923.797036;35.694215;7.704099;-0.222331;-0.773235;48.726643;0.068627;0.068627;0.000000;82847.028005;1.743678;0.000000;0.000000;-0.092472;-0.086409;0.073403;0.085057;0.000000;0.011966;-0.147578;0.000000;0.000000;-0.204638;0.227914;0.362604;-0.397279;10.287064;5.254236;13.530257;5.559595;1.319009;0.000000;10.016856;3.017578;2.081997;111.077930;1578.875370
3.000000;3.000000;0.000000;0.000000;3.000000;0.000000;0.000000;0.000000;0.000000;0.000000;0.000000;0.000000;918.000000;-0.000000;-0.000880;-0.113280;1.196073;1.430590;1.196073;0.380030;0.574040;1.303671;0.997505;0.117647;0.117647;2.007843;72.960193;2.208424;9.869942;8.986100;2.914361;8.493502;10.291222;0.768908;1.068576;0.067187;3.055175;0.107843;0.107843;0.000000;10369.576135;0.244696;1.510957;1.562700;1.864316;3.475675;2.399722;0.613432;-0.289260;0.601542;1.447078;0.156863;0.156863;0.000000;410.232504;1.661953;1.556734;1.939350;16.084320;258.705360;16.159480;10.270634;-0.258546;0.584749;19.345200;0.323529;0.323529;1.003922;13544.885993;3.107582;4.827900;2.492750;26.659057;710.705295;27.092691;8.035872;0.300404;0.018333;30.374750;0.176471;0.176471;1.003922;38637.244185;2.249918;0.000000;0.000000;-0.235579;0.208747;-0.073369;0.205381;0.000000;-0.054461;-0.164153;0.000000;0.000000;-0.517982;0.126019;0.436291;-0.242640;10.407228;8.029461;13.703201;8.672747;1.349603;0.000000;9.663989;3.017578;1.433703;116.339851;1000.901357
3.000000;3.000000;0.000000;0.000000;3.000000;0.000000;0.000000;0.000000;0.000000;0.000000;0.000000;0.000000;918.000000;-0.000000;0.278462;0.390180;1.007445;1.014945;1.045221;0.400897;-0.182519;0.049843;1.081817;0.225490;0.225490;2.007843;59.671434;2.593078;9.703935;9.242500;2.579303;6.652802;10.040875;0.757633;1.009675;0.529439;2.894300;0.117647;0.117647;0.000000;9944.411820;0.214027;1.959206;2.080850;1.850930;3.425941;2.695260;0.593870;-0.644492;0.454381;1.820200;0.147059;0.147059;0.000000;566.248927;1.317250;-5.763799;-6.930150;17.402064;302.831826;18.331754;10.756893;0.210136;0.017890;20.662400;0.254902;0.254902;0.000000;18912.414811;2.837821;27.682342;20.852000;37.792632;1428.283003;46.846506;7.421754;0.057787;-1.223758;66.022825;0.068627;0.068627;0.000000;151011.249580;1.385969;0.000000;0.000000;-0.124082;0.189746;0.195447;-0.282761;0.000000;-0.244992;-0.205766;0.000000;0.000000;-0.292903;0.177052;0.284376;0.035465;10.232843;6.200582;13.539620;6.737233;1.006433;0.000000;10.034294;3.017578;1.761584;110.911649;2537.912721
3.000000;3.000000;0.000000;0.000000;3.000000;0.000000;0.000000;0.000000;0.000000;0.000000;0.000000;0.000000;918.000000;-0.000000;0.550974;0.625615;0.900302;0.810543;1.055517;0.345302;-0.019635;0.450547;0.856892;0.196078;0.196078;0.000000;72.305507;2.164455;9.205869;9.245550;1.230190;1.513367;9.287701;0.502148;-0.096437;1.033150;1.181575;0.156863;0.156863;0.000000;8721.658296;0.072671;2.658283;2.847700;1.361628;1.854030;2.986720;0.414201;-1.240866;2.655520;1.476775;0.147059;0.147059;0.000000;815.677933;0.659735;-6.256109;-6.337050;17.695965;313.147175;18.769286;9.006743;0.227186;0.037006;20.804900;0.235294;0.235294;0.000000;19983.639730;2.714496;79.462636;71.494000;36.386820;1324.000703;87.397433;6.424838;-0.087283;-0.715943;59.726250;0.039216;0.039216;0.000000;711584.499071;0.451574;0.000000;0.000000;0.004400;0.009008;0.109652;0.317194;0.000000;0.019325;0.028368;0.000000;0.000000;-0.347928;0.002332;0.131290;-0.188224;9.746059;1.389843;13.086097;1.528385;0.818534;0.000000;9.178528;3.017578;2.246439;96.375499;7999.517797
3.000000;3.000000;0.000000;0.000000;3.000000;0.000000;0.000000;0.000000;0.000000;0.000000;0.000000;0.000000;918.000000;-0.000000;0.243899;0.322840;0.923180;0.852261;0.954855;0.359894;0.325384;0.205734;1.368175;0.186275;0.186275;0.501961;49.538347;2.539790;9.568358;9.513500;1.850200;3.423240;9.745600;0.789637;0.079434;1.558994;1.831675;0.205882;0.205882;0.000000;9513.331948;0.137870;3.124809;3.020800;1.330948;1.771423;3.396447;0.558277;0.076682;-0.121736;1.785075;0.137255;0.137255;0.000000;1086.424114;0.487016;-2.646770;-1.274250;19.993377;399.735125;20.167809;11.110146;-0.013985;0.006968;23.172075;0.254902;0.254902;1.505882;21105.392159;2.948027;57.912269;45.595500;51.072635;2608.414016;77.215574;7.026465;0.245354;-1.386167;99.419000;0.009804;0.009804;0.000000;475121.399670;0.892890;0.000000;0.000000;0.128664;-0.339099;-0.058714;0.125547;0.000000;0.042063;-0.117378;0.000000;0.000000;-0.018158;0.336749;0.163505;-0.231174;10.089270;3.095086;13.347021;3.475968;0.841864;0.000000;9.531657;3.017578;2.942851;104.888460;6380.521239
3.000000;3.000000;0.000000;0.000000;3.000000;0.000000;0.000000;0.000000;0.000000;0.000000;0.000000;0.000000;918.000000;-0.000000;-0.101094;-0.109225;0.808944;0.654390;0.815236;0.517261;-0.241328;0.077683;1.070733;0.254902;0.254902;3.513725;34.416311;3.021225;9.126552;9.144700;2.709474;7.341251;9.520252;1.138828;-0.021662;-0.772815;3.962675;0.166667;0.166667;0.000000;8870.426297;0.261374;3.254253;3.007700;1.750145;3.063007;3.695019;0.886974;0.241661;-0.746795;2.622450;0.137255;0.137255;0.000000;1236.421498;0.729159;-0.700345;1.273310;21.887944;479.082106;21.899146;13.045048;-0.151469;-0.525812;32.060500;0.215686;0.215686;1.505882;24500.918139;2.799106;0.874214;0.152930;25.014354;625.717916;25.029626;7.285204;-0.173783;-0.152256;32.631000;0.156863;0.156863;0.501961;31989.682387;1.702516;0.000000;0.000000;-0.003810;-0.309896;0.040432;-0.381965;0.000000;-0.026299;-0.194812;0.000000;0.000000;0.073539;0.086513;0.413285;-0.149340;9.682898;6.541289;12.768516;7.413948;0.660858;0.000000;9.427599;3.017578;3.064803;100.299812;1119.707923
3.000000;3.000000;0.000000;0.000000;3.000000;0.000000;0.000000;0.000000;0.000000;0.000000;0.000000;0.000000;918.000000;-0.000000;-0.151158;-0.156980;0.755637;0.570988;0.770608;0.487088;-0.503614;0.095331;0.990638;0.235294;0.235294;3.513725;31.489611;3.019519;8.946386;9.159850;2.629779;6.915735;9.324889;1.045618;0.010187;-0.836325;3.810000;0.176471;0.176471;0.000000;8516.657860;0.251346;3.908659;3.906000;1.764023;3.111777;4.288286;0.832481;0.029214;-0.849560;2.920350;0.186275;0.186275;0.000000;1717.272374;0.515626;-2.586470;-3.042400;24.063450;579.049624;24.202055;11.098554;-0.198657;-0.746411;37.737250;0.088235;0.088235;1.505882;30215.322965;2.528600;2.137827;3.341500;23.895791;571.008822;23.991230;7.270638;-0.646183;-0.217012;30.547125;0.117647;0.117647;0.501961;29588.029865;1.834779;0.000000;0.000000;-0.249023;-0.325171;0.165946;-0.264120;0.000000;0.132015;-0.155982;0.000000;0.000000;-0.108637;-0.044834;0.603819;-0.133955;9.508271;6.140176;12.552368;7.022951;0.537898;0.000000;8.866720;3.017578;3.641157;96.547399;1179.707970
3.000000;3.000000;0.000000;0.000000;3.000000;0.000000;0.000000;0.000000;0.000000;0.000000;0.000000;0.000000;918.000000;-0.000000;0.084256;0.024171;0.897645;0.805766;0.901590;0.393738;0.636567;0.424295;1.163327;0.176471;0.176471;1.505882;41.818762;2.554285;9.590438;9.765550;1.940482;3.765472;9.784783;0.826758;-0.138478;0.479029;2.000275;0.147059;0.147059;0.000000;9573.643021;0.145710;3.686962;3.218000;1.500393;2.251180;3.980561;0.603374;0.553163;-0.511577;2.146675;0.147059;0.147059;0.000000;1501.724281;0.443411;-1.658853;-2.515750;25.055220;627.764069;25.110075;10.704796;-0.198892;-0.642714;38.143500;0.107843;0.107843;1.505882;32339.565380;2.479856;53.829407;31.885500;50.388776;2539.028705;73.733532;7.445858;0.563943;-1.050128;88.158750;0.009804;0.009804;0.000000;425080.516689;1.072953;0.000000;0.000000;-0.101679;-0.293963;-0.489467;0.173473;0.000000;0.245878;-0.058116;0.000000;0.000000;-0.463861;0.353576;0.402109;-0.216312;10.107362;3.396068;13.299407;3.813419;0.803079;0.000000;9.658442;3.017578;4.108638;105.554843;6082.994497
3.000000;3.000000;0.000000;0.000000;3.000000;0.000000;0.000000;0.000000;0.000000;0.000000;0.000000;0.000000;918.000000;-0.000000;0.245140;0.269495;0.827692;0.685074;0.863231;0.316828;0.538793;0.618148;1.023462;0.147059;0.147059;0.501961;41.070405;2.579433;9.580420;9.244700;1.211197;1.466997;9.656678;0.592386;1.040747;1.192428;1.352625;0.127451;0.127451;0.000000;9436.931003;0.067954;2.770169;2.685750;1.136555;1.291756;2.994260;0.488728;0.053574;1.538712;1.068575;0.127451;0.127451;0.000000;848.614120;0.471932;6.655567;12.653500;22.106633;488.703206;23.086788;9.673323;-0.707552;0.054011;28.034900;0.107843;0.107843;1.505882;29442.508860;2.540964;75.842113;65.736000;45.104136;2034.383077;88.240633;6.263418;0.118034;-1.165620;73.789500;0.019608;0.019608;0.000000;690460.854039;0.545584;0.000000;0.000000;-0.025711;-0.269639;-0.025421;-0.174542;0.000000;-0.080007;-0.225779;0.000000;0.000000;-0.060167;0.405761;0.201443;-0.470112;10.081464;1.360692;13.255819;1.482379;0.691000;0.000000;9.803434;3.017578;3.024639;102.996605;8328.374603
3.000000;3.000000;0.000000;0.000000;3.000000;0.000000;0.000000;0.000000;0.000000;0.000000;0.000000;0.000000;918.000000;-0.000000;0.020337;-0.027076;0.901665;0.813000;0.901895;0.350243;-0.062744;0.636521;1.077488;0.127451;0.127451;3.513725;41.518019;2.661199;9.998603;9.285150;2.248587;5.056144;10.248327;0.671591;1.234460;0.807956;2.266375;0.107843;0.107843;0.000000;10455.133740;0.161402;2.022039;2.219300;2.001741;4.006966;2.845278;0.643605;-0.760626;0.875614;2.018875;0.127451;0.127451;0.000000;621.451891;1.413774;2.327588;6.248200;24.268136;588.942404;24.379501;13.095722;-1.109536;1.428074;28.166575;0.156863;0.156863;2.509804;30606.327237;2.983876;39.352843;35.013000;39.671844;1573.855185;55.879347;7.204633;0.827795;0.917011;38.514500;0.088235;0.088235;0.000000;238285.221192;1.309604;0.000000;0.000000;-0.060997;-0.069984;0.252317;0.066744;0.000000;0.048603;-0.364305;0.000000;0.000000;-0.169390;0.171982;0.269754;-0.317766;10.491674;4.766390;13.693933;5.109842;0.817413;0.000000;9.797476;3.017578;2.393955;114.841619;3724.957096
3.000000;3.000000;0.000000;0.000000;3.000000;0.000000;0.000000;0.000000;0.000000;0.000000;0.000000;0.000000;918.000000;-0.000000;-0.143238;-0.185790;1.044553;1.091091;1.054328;0.382995;0.240093;-0.098587;1.087848;0.137255;0.137255;2.007843;57.738912;1.845291;10.122611;9.446500;2.667429;7.115177;10.468162;0.724378;0.883324;-0.394056;3.018775;0.117647;0.117647;0.000000;10814.536755;0.203846;1.222420;1.284000;2.120582;4.496867;2.447688;0.698182;-0.247739;0.077703;1.960378;0.205882;0.205882;0.000000;381.759916;1.907460;-0.831017;2.450200;22.496374;506.086859;22.511718;15.130696;-1.061279;1.756935;26.124750;0.225490;0.225490;2.509804;25922.082186;3.254417;5.536605;1.253995;29.906127;894.376440;30.414313;7.746111;0.143063;-1.169755;48.883750;0.117647;0.117647;0.501961;48742.058439;1.820100;0.000000;0.000000;-0.188017;0.066106;0.025568;-0.060098;0.000000;0.173722;-0.153261;0.000000;0.000000;-0.482786;0.052765;0.416872;-0.262826;10.629255;6.712980;13.931645;7.231289;1.056229;0.000000;10.400076;3.017578;1.347977;119.694033;1437.799060
3.000000;3.000000;0.000000;0.000000;3.000000;0.000000;0.000000;0.000000;0.000000;0.000000;0.000000;0.000000;918.000000;-0.000000;-0.108389;-0.053317;0.830756;0.690155;0.837797;0.364839;0.029456;0.400023;0.826487;0.176471;0.176471;2.007843;36.439913;2.643200;9.460977;8.663800;2.627739;6.905010;9.819119;0.648290;1.211592;0.749176;2.679875;0.098039;0.098039;0.000000;9482.257186;0.229575;1.427647;1.584950;1.778715;3.163826;2.280790;0.590183;-0.509089;0.829233;1.356002;0.166667;0.166667;0.000000;369.249663;1.741679;-1.665191;1.502450;16.598687;275.516405;16.682004;10.335070;-0.580260;-0.384323;23.616750;0.205882;0.205882;1.003922;14356.584921;3.018503;3.468616;1.131700;26.693790;712.558451;26.918205;6.934952;0.068493;-1.032628;46.149500;0.107843;0.107843;2.007843;37581.502010;2.273760;0.000000;0.000000;-0.065317;0.118253;0.115704;-0.190110;0.000000;-0.120380;-0.109071;0.000000;0.000000;-0.181967;0.159758;0.329832;-0.307916;9.983049;6.455740;13.075594;6.976679;0.693687;0.000000;9.558983;3.017578;1.206715;106.117008;1008.081014
3.000000;3.000000;0.000000;0.000000;3.000000;0.000000;0.000000;0.000000;0.000000;0.000000;0.000000;0.000000;918.000000;-0.000000;0.123538;0.134325;0.770628;0.593868;0.780468;0.374390;0.507934;0.869539;0.949775;0.215686;0.215686;1.003922;31.847148;2.845466;9.500683;9.164750;2.228626;4.966774;9.758574;0.633724;1.198061;1.875011;2.304150;0.117647;0.117647;0.000000;9460.129828;0.174083;2.304724;2.400650;1.520255;2.311174;2.760965;0.574333;-0.873986;2.021430;1.778475;0.117647;0.117647;0.000000;659.677887;0.879535;-6.674992;-1.889850;19.500380;380.264820;20.611170;9.390730;-0.836686;0.481670;25.452300;0.156863;0.156863;1.505882;23945.883643;2.665912;45.836344;52.355000;37.742167;1424.471205;59.375430;6.524057;-0.176685;-1.142220;62.376000;0.029412;0.029412;0.000000;286950.103487;0.760927;0.000000;0.000000;0.174643;-0.180351;0.228294;-0.106938;0.000000;-0.014783;0.043095;0.000000;0.000000;-0.046946;0.205975;0.339027;-0.425452;10.012678;4.585172;13.097974;5.036629;0.579068;0.000000;9.517752;3.017578;2.122724;104.838887;3957.884896
3.000000;3.000000;0.000000;0.000000;3.000000;0.000000;0.000000;0.000000;0.000000;0.000000;0.000000;0.000000;918.000000;-0.000000;0.240153;0.268170;0.844989;0.714007;0.878453;0.315164;0.624879;0.098942;1.081440;0.186275;0.186275;1.505882;42.308580;2.404671;9.587484;9.290400;1.099435;1.208758;9.650317;0.532998;0.826730;0.804833;1.354900;0.176471;0.176471;0.000000;9437.544321;0.055864;2.878399;2.942300;0.959032;0.919742;3.033961;0.462890;-0.673717;0.573011;1.102100;0.245098;0.245098;0.000000;892.019654;0.328330;-5.458633;-2.203950;20.893650;436.544615;21.594937;9.262692;-0.701797;0.329048;23.579775;0.117647;0.117647;1.505882;25325.527562;2.376507;79.939382;75.593000;20.272851;410.988480;82.469954;5.898485;0.353484;-0.587711;29.320500;0.117647;0.117647;0.000000;672773.580407;0.200157;0.000000;0.000000;-0.072227;-0.272981;-0.153085;0.272416;0.000000;0.140516;-0.157022;0.000000;0.000000;-0.646281;0.003707;0.059403;-0.656924;10.090160;1.088960;13.276692;1.229753;0.712049;0.000000;9.736880;3.017578;2.796078;102.900294;7276.839545
3.000000;3.000000;0.000000;0.000000;3.000000;0.000000;0.000000;0.000000;0.000000;0.000000;0.000000;0.000000;918.000000;-0.000000;0.020367;-0.023933;0.842715;0.710168;0.842961;0.327841;-0.024187;1.467053;0.998868;0.147059;0.147059;2.007843;36.301199;2.635816;9.252256;9.192050;1.211925;1.468763;9.331292;0.566119;-0.059143;2.109038;1.156050;0.215686;0.215686;0.000000;8806.595399;0.073083;2.935286;2.990150;1.000362;1.000724;3.101068;0.483510;-0.105704;-0.259310;1.230575;0.186275;0.186275;0.000000;929.889790;0.363084;-3.092261;-1.866700;22.333167;498.770366;22.546229;10.276868;0.369816;1.534230;25.740675;0.186275;0.186275;1.505882;26415.798404;2.371217;40.554526;45.373500;47.108433;2219.204476;62.160068;5.609374;0.047904;-1.187527;76.433550;0.009804;0.009804;0.000000;280951.577086;0.994529;0.000000;0.000000;-0.019908;-0.368246;0.173276;0.032774;0.000000;-0.211663;0.008274;0.000000;0.000000;0.118819;0.222231;0.074787;-0.144098;9.770539;1.320162;12.881324;1.483855;0.716650;0.000000;9.529768;3.017578;3.036984;96.783585;4381.823110
3.000000;3.000000;0.000000;0.000000;3.000000;0.000000;0.000000;0.000000;0.000000;0.000000;0.000000;0.000000;918.000000;-0.000000;-0.273757;-0.100639;0.882768;0.779279;0.924241;0.405320;-0.999058;1.697825;0.995090;0.225490;0.225490;2.007843;47.387498;2.831998;9.131379;9.027700;2.059809;4.242813;9.360817;0.898620;0.643495;2.280023;2.067300;0.186275;0.186275;0.000000;8721.363032;0.188141;3.541490;3.442200;1.476982;2.181475;3.837138;0.662464;0.200714;-0.640815;2.272275;0.196078;0.196078;0.000000;1390.556117;0.471178;-4.328598;-4.444700;26.722174;714.074563;27.070488;14.649197;0.243660;0.311558;34.144750;0.205882;0.205882;1.505882;38329.657089;2.817794;-3.015080;-2.729750;23.558652;555.010085;23.750806;6.283707;0.051650;-0.420368;34.229750;0.147059;0.147059;1.003922;29232.770123;2.587093;0.000000;0.000000;-0.085038;-0.285852;0.186211;-0.092834;0.000000;-0.149924;-0.177146;0.000000;0.000000;0.312197;0.169970;0.224768;-0.068984;9.675345;3.866824;12.788316;4.291779;0.780037;0.000000;9.273009;3.017578;3.339576;97.479125;1311.635746
3.000000;3.000000;0.000000;0.000000;3.000000;0.000000;0.000000;0.000000;0.000000;0.000000;0.000000;0.000000;918.000000;-0.000000;-0.279921;-0.262875;0.867138;0.751929;0.911200;0.482020;-0.276248;2.060270;0.848826;0.245098;0.245098;0.000000;46.396230;2.882464;9.375830;9.157750;2.611686;6.820902;9.732785;1.127079;0.709801;0.726655;3.656225;0.127451;0.127451;0.000000;9314.369641;0.252468;4.162075;4.145300;1.430820;2.047245;4.401149;0.855402;0.211771;-0.471394;2.255050;0.205882;0.205882;0.000000;1871.612635;0.382003;-1.049954;-5.045800;28.078965;788.428262;28.098588;15.625457;0.289821;0.000174;41.475500;0.186275;0.186275;1.505882;40322.291286;2.581336;-2.309231;-1.628700;23.883689;570.430613;23.995065;8.718494;-0.259452;-0.366799;34.596500;0.117647;0.117647;0.501961;29637.154928;2.202065;0.000000;0.000000;0.079869;-0.065095;0.056751;-0.028783;0.000000;0.214694;-0.223885;0.000000;0.000000;0.195763;-0.089752;0.323053;0.067441;9.914778;6.254551;13.041094;6.893875;0.753934;0.000000;9.439905;3.017578;4.238410;104.557383;1384.663937
3.000000;3.000000;0.000000;0.000000;3.000000;0.000000;0.000000;0.000000;0.000000;0.000000;0.000000;0.000000;918.000000;-0.000000;-0.267171;-0.339165;0.774802;0.600318;0.819572;0.417494;0.102204;1.639385;0.743225;0.225490;0.225490;0.000000;37.897022;2.948840;9.121800;8.704500;2.452820;6.016328;9.445823;0.941172;0.756527;0.703925;3.335800;0.137255;0.137255;0.000000;8794.247551;0.228720;4.328517;4.089000;1.552414;2.409989;4.598483;0.919105;0.640266;0.172714;1.917125;0.245098;0.245098;0.000000;2034.082803;0.406731;0.122087;0.111470;25.388367;644.569202;25.388661;14.270028;0.588136;0.272843;34.291500;0.215686;0.215686;1.003922;32874.600931;2.787341;15.793454;14.031500;29.256623;855.949991;33.247303;8.958183;0.046697;-0.447312;38.771425;0.127451;0.127451;0.000000;69102.703455;2.145312;0.000000;0.000000;0.090756;-0.096433;0.126380;-0.099195;0.000000;0.340997;-0.326179;0.000000;0.000000;-0.118869;-0.276803;0.350346;0.085152;9.667490;5.434901;12.755423;6.081437;0.600720;0.000000;9.288235;3.017578;4.203036;98.895262;1771.113341
3.000000;3.000000;0.000000;0.000000;3.000000;0.000000;0.000000;0.000000;0.000000;0.000000;0.000000;0.000000;918.000000;-0.000000;0.109089;0.302005;0.806017;0.649664;0.813366;0.310755;-0.809191;1.284030;1.118590;0.137255;0.137255;0.501961;34.347548;2.178543;9.148680;9.031550;1.732991;3.003257;9.311370;0.698303;0.070494;0.863698;1.756425;0.205882;0.205882;0.000000;8690.402788;0.134251;3.894494;3.503500;1.527908;2.334503;4.183490;0.676402;0.882458;1.025776;1.708925;0.176471;0.176471;0.000000;1666.103467;0.435202;-0.039330;0.672695;20.598165;424.284402;20.598203;11.260804;-0.131633;-0.542851;32.374750;0.166667;0.166667;1.505882;21643.978003;2.576118;61.539275;63.312500;41.435847;1716.929413;74.189028;7.547992;-0.007271;-1.005452;63.932000;0.039216;0.039216;0.000000;473845.913646;0.655598;0.000000;0.000000;0.073645;-0.299235;-0.244972;0.216160;0.000000;0.315233;0.083064;0.000000;0.000000;-0.475021;0.421403;0.209182;-0.213923;9.681187;2.637788;12.813348;3.037524;0.651565;0.000000;8.911063;3.017578;4.342615;96.363174;5945.799375
3.000000;3.000000;0.000000;0.000000;3.000000;0.000000;0.000000;0.000000;0.000000;0.000000;0.000000;0.000000;918.000000;-0.000000;0.497026;0.500830;0.767698;0.589360;0.914546;0.275941;1.116270;1.963837;0.749259;0.186275;0.186275;0.000000;55.272974;2.035094;9.447191;9.107150;1.087996;1.183736;9.509635;0.608898;0.846935;0.411182;1.195400;0.156863;0.156863;0.000000;9163.811817;0.056995;3.098836;3.126600;0.978689;0.957832;3.249710;0.481173;-0.200869;2.213428;0.799825;0.264706;0.264706;0.000000;1028.464844;0.317889;3.278246;6.725700;22.278493;496.331246;22.518396;11.384819;-0.810320;0.954414;25.152800;0.215686;0.215686;1.505882;26420.744480;2.550566;75.777688;75.814500;31.458113;989.612904;82.047979;6.267166;-0.281098;-0.051699;31.778750;0.098039;0.098039;0.000000;636180.773082;0.419234;0.000000;0.000000;0.245706;-0.133705;0.098725;0.082302;0.000000;0.055577;0.174819;0.000000;0.000000;-0.460888;0.199965;-0.020746;-0.391430;9.957561;1.116540;13.124264;1.260065;0.530587;0.000000;9.620879;3.017578;3.267916;100.269552;7249.509698
3.000000;3.000000;0.000000;0.000000;3.000000;0.000000;0.000000;0.000000;0.000000;0.000000;0.000000;0.000000;918.000000;-0.000000;0.305776;0.123905;1.136950;1.292655;1.177351;0.397453;0.842016;0.735155;0.952163;0.137255;0.137255;2.007843;75.488890;2.283954;9.906801;9.171350;2.216054;4.910896;10.151630;0.709830;1.490365;1.757306;1.921175;0.166667;0.166667;0.000000;10261.218922;0.159315;2.204352;2.719150;1.926202;3.710256;2.927357;0.636563;-0.701600;0.569865;2.175300;0.107843;0.107843;0.000000;685.149017;1.254613;4.508999;8.866000;23.490939;551.824206;23.919767;12.653490;-0.890276;0.809599;23.466000;0.284314;0.284314;1.505882;30225.632990;2.998805;23.678005;15.071500;41.634706;1733.448716;47.896729;6.526749;0.109381;-1.535026;80.696750;0.029412;0.029412;0.501961;145597.842468;1.322640;0.000000;0.000000;0.047997;-0.111690;0.344329;-0.017757;0.000000;-0.151343;-0.046601;0.000000;0.000000;-0.044004;0.217544;0.260684;-0.365286;10.427574;4.707449;13.713457;4.963596;1.301377;0.000000;9.747663;3.017578;2.692233;113.441756;2874.821331
3.000000;3.000000;0.000000;0.000000;3.000000;0.000000;0.000000;0.000000;0.000000;0.000000;0.000000;0.000000;918.000000;-0.000000;0.227023;0.099409;1.116408;1.246367;1.139257;0.407435;0.683806;0.737930;0.837668;0.166667;0.166667;2.007843;68.822236;2.379376;9.960430;9.123500;2.672030;7.139743;10.312610;0.675916;1.012707;0.003053;2.935725;0.078431;0.078431;0.000000;10483.568074;0.207119;1.145019;1.103700;1.995948;3.983807;2.301059;0.638588;0.291738;0.240408;1.388005;0.205882;0.205882;0.000000;337.025159;1.861862;5.636339;9.571600;17.855030;318.802099;18.723526;12.088970;-0.739518;0.695461;21.993150;0.284314;0.284314;0.000000;19499.892154;3.014644;-0.201351;-7.615850;29.717939;883.155899;29.718621;7.465351;0.413007;-1.086167;52.577000;0.078431;0.078431;0.501961;45048.787488;1.763420;0.000000;0.000000;0.083232;-0.162080;0.085753;-0.005321;0.000000;-0.124852;0.091911;0.000000;0.000000;0.146748;0.307059;0.405154;-0.365218;10.481700;6.781792;13.741086;7.220979;1.248162;0.000000;10.293835;3.017578;1.424527;116.647823;1239.061737
3.000000;3.000000;0.000000;0.000000;3.000000;0.000000;0.000000;0.000000;0.000000;0.000000;0.000000;0.000000;918.000000;-0.000000;0.331870;0.159520;1.054604;1.112189;1.105589;0.351935;0.441404;0.682121;0.874768;0.147059;0.147059;2.007843;67.971465;2.606206;9.503274;8.703900;2.603293;6.777136;9.853392;0.627720;1.490551;1.614746;2.421350;0.088235;0.088235;0.000000;9557.522622;0.217406;1.160529;1.169500;1.810950;3.279541;2.150899;0.577001;-0.405156;0.410920;1.914865;0.205882;0.205882;0.000000;304.644093;1.878890;-2.617115;-1.550715;17.533237;307.414399;17.727484;10.339990;-0.082570;-0.905107;29.811750;0.205882;0.205882;0.501961;16406.172960;2.901357;23.410223;27.213500;37.331290;1393.625188;44.064314;6.584700;-0.157229;-1.092843;56.297075;0.068627;0.068627;0.000000;126986.886304;1.284630;0.000000;0.000000;-0.118778;-0.276229;0.169848;-0.361548;0.000000;0.113704;-0.151727;0.000000;0.000000;-0.355414;0.272836;0.242283;0.010282;10.044692;6.415826;13.278450;6.863131;1.104306;0.000000;9.637938;3.017578;0.991659;107.311670;2260.553785
3.000000;3.000000;0.000000;0.000000;3.000000;0.000000;0.000000;0.000000;0.000000;0.000000;0.000000;0.000000;918.000000;-0.000000;0.420074;0.207830;1.067896;1.140401;1.147547;0.355805;0.410972;0.271689;1.357600;0.107843;0.107843;0.000000;76.161816;2.297183;9.617503;9.251150;2.106912;4.439078;9.845580;0.721242;1.966453;4.713626;1.589550;0.205882;0.205882;0.000000;9661.146719;0.167030;2.079665;2.522850;1.649215;2.719910;2.654226;0.561724;-1.465763;2.919479;1.874900;0.107843;0.107843;0.000000;580.078531;1.138363;-5.798754;-4.782950;17.314744;299.800361;18.259954;9.974091;0.043853;-0.758912;26.311675;0.196078;0.196078;0.501961;18774.426617;2.887542;57.326551;63.450500;39.762449;1581.052345;69.766653;6.157697;-0.479005;-0.738020;60.471500;0.049020;0.049020;0.000000;415901.329599;0.836225;0.000000;0.000000;-0.317213;-0.164600;0.279952;0.070367;0.000000;0.242298;-0.220992;0.000000;0.000000;-0.597345;0.272906;0.256002;0.024341;10.152207;4.184990;13.472974;4.632294;1.002428;0.000000;9.803715;3.017578;1.697274;107.252304;5207.856627
3.000000;3.000000;0.000000;0.000000;3.000000;0.000000;0.000000;0.000000;0.000000;0.000000;0.000000;0.000000;918.000000;-0.000000;0.361041;0.266395;0.810923;0.657596;0.887663;0.306825;0.522506;0.501470;1.043470;0.098039;0.098039;0.000000;46.835587;2.355366;9.335398;9.290700;1.217416;1.482102;9.414444;0.600691;-0.612579;2.388626;1.081675;0.284314;0.284314;0.000000;8964.852199;0.073125;2.934217;2.915900;1.097525;1.204562;3.132761;0.554283;0.156731;-0.082865;1.156950;0.235294;0.235294;0.000000;939.628444;0.420368;-1.208482;-0.317490;17.029384;289.999911;17.072210;8.622898;-0.233902;-0.123289;23.703925;0.166667;0.166667;1.505882;14939.587189;2.750267;57.476497;60.445000;39.118102;1530.225912;69.525345;5.999851;-0.114833;-1.391423;76.533250;0.039216;0.039216;0.000000;415003.407572;0.615421;0.000000;0.000000;-0.237884;-0.384709;0.227619;-0.087599;0.000000;0.169099;0.080726;0.000000;0.000000;-0.056712;0.508928;0.170331;-0.093603;9.853848;1.321379;13.016172;1.559592;0.601291;0.000000;9.674420;3.017578;2.902131;98.419705;5135.048178
3.000000;3.000000;0.000000;0.000000;3.000000;0.000000;0.000000;0.000000;0.000000;0.000000;0.000000;0.000000;918.000000;-0.000000;0.130022;0.155550;0.732106;0.535979;0.743562;0.311654;-0.386395;0.593285;0.810858;0.215686;0.215686;1.505882;29.088679;2.611925;9.089632;9.032100;1.774713;3.149607;9.261265;0.669635;-0.090738;0.206395;1.680275;0.137255;0.137255;0.000000;8588.157625;0.133881;3.548541;3.315650;1.443352;2.083264;3.830849;0.739241;-0.010882;-0.900441;2.250675;0.166667;0.166667;0.000000;1390.684513;0.452287;-3.264382;-4.579300;20.294751;411.876920;20.555610;9.172216;0.001291;-0.527648;28.576500;0.137255;0.137255;1.003922;22094.341143;2.569295;23.923620;15.109000;33.799103;1142.379337;41.409165;8.095263;0.674490;-0.190698;41.811050;0.088235;0.088235;0.000000;116665.366407;1.746809;0.000000;0.000000;0.036336;-0.205545;0.140528;-0.248982;0.000000;0.089220;-0.102982;0.000000;0.000000;-0.050741;0.231657;0.380354;0.039139;9.617932;2.819295;12.654023;3.181652;0.540425;0.000000;9.215331;3.017578;3.544114;95.323908;2151.927461
3.000000;3.000000;0.000000;0.000000;3.000000;0.000000;0.000000;0.000000;0.000000;0.000000;0.000000;0.000000;918.000000;-0.000000;-0.197927;-0.083278;0.832342;0.692794;0.855552;0.401174;-0.603730;1.897965;0.825667;0.186275;0.186275;2.007843;39.413778;2.878172;9.305332;9.181750;1.951281;3.807496;9.507718;0.857272;0.635517;1.989183;2.259050;0.196078;0.196078;0.000000;9026.429766;0.161783;3.713391;3.659400;1.435198;2.059795;3.981089;0.831124;0.040260;-0.978746;2.313400;0.196078;0.196078;0.000000;1511.568179;0.423031;0.598907;-2.940950;27.207183;740.230831;27.213774;12.667168;-0.598006;1.912819;35.030250;0.176471;0.176471;1.003922;37791.108649;2.929220;3.666989;6.140050;27.898410;778.321271;28.138374;9.911164;0.073311;-0.456824;40.163250;0.117647;0.117647;0.501961;41072.268701;1.673072;0.000000;0.000000;0.031723;-0.144195;0.027420;-0.353358;0.000000;-0.206082;-0.173893;0.000000;0.000000;-0.158923;-0.112890;0.446017;0.025235;9.830295;3.493984;12.915512;3.846055;0.698793;0.000000;9.412566;3.017578;3.954493;100.128676;1548.206666
3.000000;3.000000;0.000000;0.000000;3.000000;0.000000;0.000000;0.000000;0.000000;0.000000;0.000000;0.000000;918.000000;-0.000000;-0.484886;-0.460155;0.782946;0.613004;0.920934;0.411634;-0.709273;1.526952;1.027437;0.215686;0.215686;0.000000;55.259041;2.416903;9.380561;9.402550;1.980203;3.921204;9.587290;1.042663;1.002610;3.137240;2.289975;0.225490;0.225490;0.000000;9178.174659;0.169707;3.460365;3.101550;1.594935;2.543819;3.810242;1.023652;0.501083;-0.071079;1.976625;0.215686;0.215686;0.000000;1351.578904;0.585807;-2.490954;-3.360850;28.328741;802.517560;28.438045;14.876246;-0.791946;2.205197;30.065750;0.215686;0.215686;1.003922;41561.398285;3.016629;1.071087;7.302350;24.672282;608.721479;24.695520;10.117557;-0.396103;-0.781857;34.394000;0.107843;0.107843;0.501961;31166.745247;2.107520;0.000000;0.000000;-0.180665;-0.062603;-0.206250;-0.233715;0.000000;-0.361364;-0.027738;0.000000;0.000000;-0.088507;-0.115679;0.288776;-0.000102;9.906911;3.617352;13.081968;3.983809;0.595292;0.000000;9.593869;3.017578;3.460823;101.764243;1433.109064
3.000000;3.000000;0.000000;0.000000;3.000000;0.000000;0.000000;0.000000;0.000000;0.000000;0.000000;0.000000;918.000000;-0.000000;-0.093657;-0.182170;1.122107;1.259125;1.126009;0.392234;0.326612;1.010836;1.204448;0.107843;0.107843;1.003922;65.114639;2.541661;9.500186;9.265000;1.887579;3.562954;9.685891;0.993071;0.591768;1.409785;2.240200;0.196078;0.196078;0.000000;9388.485540;0.148887;3.192617;3.000650;1.537569;2.364120;3.543575;0.914369;0.709887;0.507705;1.964275;0.294118;0.294118;0.000000;1160.399319;0.641337;0.721350;0.516435;26.519096;703.262469;26.528905;15.032927;-0.140366;1.607680;26.760500;0.254902;0.254902;1.505882;35920.479419;2.948349;35.850975;17.380000;51.334466;2635.227375;62.614054;9.474723;1.006636;-0.020929;40.239225;0.088235;0.088235;0.000000;265507.177444;1.305285;0.000000;0.000000;-0.105326;-0.069416;-0.462626;0.156863;0.000000;-0.025871;0.049149;0.000000;0.000000;-0.324396;0.565341;0.177349;0.055350;10.038602;3.310868;13.356735;3.619846;1.249976;0.000000;9.596016;3.017578;3.339295;104.084389;4636.859489
3.000000;3.000000;0.000000;0.000000;3.000000;0.000000;0.000000;0.000000;0.000000;0.000000;0.000000;0.000000;918.000000;-0.000000;0.446839;0.295185;1.214135;1.474125;1.293750;0.424725;0.280374;0.525805;1.578175;0.156863;0.156863;0.000000;95.559750;2.574696;9.830949;9.414000;1.494094;2.232317;9.943836;0.735426;0.897930;0.325915;1.941425;0.137255;0.137255;0.000000;9971.995540;0.091648;2.550456;2.555450;1.327844;1.763171;2.875412;0.591197;-0.317608;-0.258150;1.823675;0.147059;0.147059;0.000000;753.538375;0.691905;4.977927;5.769050;27.381352;749.738448;27.830167;13.191722;-0.363126;0.896358;25.145275;0.235294;0.235294;1.505882;40812.125574;2.689681;80.784749;88.285500;44.050724;1940.466295;92.014357;7.949970;-0.475194;-0.664212;67.318750;0.088235;0.088235;0.000000;764634.117898;0.588006;0.000000;0.000000;-0.016170;-0.075722;-0.541165;-0.138063;0.000000;-0.030807;-0.064377;0.000000;0.000000;-0.531097;0.428254;0.053227;-0.299806;10.364641;2.127887;13.814318;2.255564;1.487576;0.000000;9.836184;3.017578;2.932686;109.553666;9249.428167
3.000000;3.000000;0.000000;0.000000;3.000000;0.000000;0.000000;0.000000;0.000000;0.000000;0.000000;0.000000;918.000000;-0.000000;0.191709;0.079463;1.136205;1.290962;1.152265;0.428881;0.679881;0.585799;1.339672;0.107843;0.107843;2.509804;69.618681;2.835998;9.763388;9.222050;2.083905;4.342662;9.983307;0.753254;1.185993;1.169329;2.378925;0.127451;0.127451;0.000000;9944.652335;0.161445;1.792245;1.775350;1.638238;2.683823;2.428161;0.655250;-0.022692;0.557560;2.159198;0.117647;0.117647;0.000000;464.931663;1.291806;5.189130;6.598450;24.729770;611.561521;25.268332;11.626281;-0.964151;1.101847;27.422200;0.245098;0.245098;1.505882;33994.897276;2.778781;54.953511;77.343500;54.059030;2922.378706;77.086102;8.639339;-0.424551;-1.227614;93.710750;0.009804;0.009804;0.000000;457078.228412;0.981437;0.000000;0.000000;0.154004;-0.329481;0.191650;-0.138727;0.000000;0.036895;0.057594;0.000000;0.000000;0.091634;0.221546;0.258038;-0.409882;10.289502;4.120267;13.641369;4.429050;1.260353;0.000000;9.945698;3.017578;2.114834;109.994126;6586.651655
3.000000;3.000000;0.000000;0.000000;3.000000;0.000000;0.000000;0.000000;0.000000;0.000000;0.000000;0.000000;918.000000;-0.000000;-0.032600;-0.065768;1.247222;1.555564;1.247648;0.470638;0.267010;0.419161;1.051965;0.176471;0.176471;2.509804;79.490183;2.280437;9.974644;8.844900;3.024176;9.145639;10.423011;0.829760;1.240294;0.445293;2.781450;0.147059;0.147059;0.000000;10615.993053;0.251040;1.058245;1.079500;2.061832;4.251150;2.317549;0.749732;0.107507;0.677972;1.745705;0.117647;0.117647;0.000000;332.193876;1.834389;3.165450;3.498000;20.346299;413.971891;20.591065;10.842170;-0.230499;-0.402707;29.818250;0.196078;0.196078;1.505882;22144.765976;2.586070;13.295545;7.944650;40.138775;1611.121235;42.283481;9.548903;0.640345;-0.016246;56.132250;0.107843;0.107843;2.509804;100301.757038;2.449753;0.000000;0.000000;0.094984;-0.091417;0.000769;-0.042388;0.000000;-0.069964;-0.100297;0.000000;0.000000;0.043452;0.030971;0.393783;-0.372011;10.510842;8.717994;13.881380;9.253229;1.553926;0.000000;9.944838;3.017578;1.324706;119.195790;2217.255733
3.000000;3.000000;0.000000;0.000000;3.000000;0.000000;0.000000;0.000000;0.000000;0.000000;0.000000;0.000000;918.000000;-0.000000;0.239733;0.198400;1.602260;2.567236;1.620095;0.531474;0.112638;0.123273;1.432155;0.186275;0.186275;2.007843;136.798416;2.579739;9.900747;8.761200;3.350656;11.226897;10.452353;0.895255;1.208658;0.324276;3.592850;0.137255;0.137255;0.000000;10571.123718;0.288660;0.829364;0.887475;2.026882;4.108252;2.189999;0.725270;-0.146921;0.581581;1.662157;0.235294;0.235294;3.011765;279.685536;1.966347;-5.104199;-2.166350;20.927624;437.965431;21.541084;12.810858;-0.484647;-0.041112;29.818950;0.225490;0.225490;1.003922;25036.239336;2.996243;30.297257;26.067000;42.005263;1764.442079;51.791562;9.372830;0.267194;-0.727389;61.897925;0.107843;0.107843;0.000000;183628.491443;1.660892;0.000000;0.000000;-0.189188;0.245818;-0.034595;-0.214485;0.000000;-0.355125;-0.217507;0.000000;0.000000;-0.491347;0.228242;0.405710;-0.181901;10.494479;10.742313;14.089303;11.456751;2.473958;0.000000;10.303360;3.017578;0.747963;120.876397;3151.180267
3.000000;3.000000;0.000000;0.000000;3.000000;0.000000;0.000000;0.000000;0.000000;0.000000;0.000000;0.000000;918.000000;-0.000000;0.115282;0.182560;1.348115;1.817415;1.353035;0.364521;0.457712;1.541355;1.474643;0.147059;0.147059;2.007843;94.064497;2.365515;9.462484;9.227950;2.339000;5.470923;9.747283;0.641189;1.819518;4.342168;1.666500;0.166667;0.166667;0.000000;9411.986049;0.198588;1.981381;2.223000;1.776106;3.154552;2.660906;0.577495;-0.880859;1.288067;2.405410;0.107843;0.107843;0.000000;561.328028;1.273106;-8.061421;-5.945750;20.231026;409.294397;21.777991;10.490119;-0.555785;0.476126;23.727275;0.245098;0.245098;0.000000;27532.028364;2.771004;65.202812;70.561500;39.930641;1594.456115;76.458243;7.525335;-0.272011;-0.491598;59.205750;0.068627;0.068627;0.000000;514981.498346;0.701685;0.000000;0.000000;-0.348982;0.186520;0.267792;-0.191233;0.000000;-0.334323;-0.135840;0.000000;0.000000;-0.774201;0.052916;0.266252;-0.101603;10.028067;5.278103;13.441372;5.833960;1.526540;0.000000;9.509877;3.017578;1.440798;105.840237;6327.224188
3.000000;3.000000;0.000000;0.000000;3.000000;0.000000;0.000000;0.000000;0.000000;0.000000;0.000000;0.000000;918.000000;-0.000000;-0.049123;0.009831;0.928899;0.862853;0.930197;0.429897;0.541276;2.156614;1.139545;0.245098;0.245098;1.003922;44.266354;2.904674;9.528906;9.351250;1.916324;3.672299;9.719689;0.886756;0.881539;3.123567;1.323600;0.196078;0.196078;0.000000;9449.158188;0.154079;3.140868;2.951800;1.304853;1.702640;3.401131;0.692472;0.684121;0.650067;1.503200;0.176471;0.176471;0.000000;1093.115420;0.507660;-5.574648;-3.436350;23.582680;556.142785;24.232612;11.948400;-0.311782;0.779970;26.327700;0.225490;0.225490;1.505882;31560.509216;2.626973;53.854481;69.743000;49.693699;2469.463720;73.278706;8.049723;-0.542683;-0.421739;75.072300;0.049020;0.049020;0.000000;421813.220321;1.035087;0.000000;0.000000;-0.248276;-0.120466;-0.354473;-0.036317;0.000000;0.089295;-0.150930;0.000000;0.000000;-0.259386;0.146346;0.120431;0.163301;10.047705;3.381228;13.203561;3.777213;0.802842;0.000000;9.512907;3.017578;2.899693;104.337613;5968.555986
3.000000;3.000000;0.000000;0.000000;3.000000;0.000000;0.000000;0.000000;0.000000;0.000000;0.000000;0.000000;918.000000;-0.000000;-0.061610;-0.086735;0.898776;0.807799;0.900885;0.497231;0.822565;3.133574;0.703333;0.264706;0.264706;0.501961;41.641532;2.969091;8.986315;8.914850;2.737418;7.493456;9.394004;1.136505;0.443821;-0.050553;3.826900;0.156863;0.156863;0.000000;8620.146607;0.276256;3.409460;3.241200;1.566646;2.454378;3.752173;0.903131;0.375878;-0.576812;2.039000;0.205882;0.205882;0.000000;1311.255569;0.577666;-2.383880;3.655100;27.443190;753.128657;27.546534;13.431659;-0.426407;-0.443792;40.068500;0.176471;0.176471;1.505882;39000.484352;2.348593;19.411413;13.519000;37.276971;1389.572590;42.028271;8.431711;0.393998;0.069513;35.922525;0.078431;0.078431;0.000000;109308.457209;1.671546;0.000000;0.000000;-0.178309;-0.258412;-0.328654;0.016447;0.000000;0.146934;-0.058579;0.000000;0.000000;-0.104390;0.342892;0.424444;0.022399;9.553661;6.786461;12.593126;7.596596;0.786849;0.000000;9.223516;3.017578;3.252087;98.058902;2539.265898
3.000000;3.000000;0.000000;0.000000;3.000000;0.000000;0.000000;0.000000;0.000000;0.000000;0.000000;0.000000;918.000000;-0.000000;-0.180727;-0.142015;0.900298;0.810536;0.918258;0.527985;0.380718;1.202126;0.925065;0.225490;0.225490;2.007843;44.699504;3.287122;9.204332;9.419500;2.998574;8.991447;9.680454;1.192308;0.305681;-0.226468;4.709075;0.147059;0.147059;0.000000;9101.355032;0.296338;3.869486;3.963150;1.596799;2.549766;4.186011;0.920915;-0.123347;-0.841658;2.485175;0.254902;0.254902;0.000000;1657.386982;0.451699;-2.018839;-5.467100;25.957804;673.807568;26.036192;13.584873;-0.108876;-0.877042;41.018000;0.156863;0.156863;1.505882;34780.741720;2.236186;18.050545;17.946000;27.853851;775.836992;33.191251;9.103888;0.547309;0.569671;27.373800;0.088235;0.088235;0.000000;72867.725465;1.915075;0.000000;0.000000;0.009271;-0.259501;0.089542;-0.315260;0.000000;0.179483;0.160647;0.000000;0.000000;-0.098302;0.222774;0.619946;-0.115678;9.767085;8.158426;12.883464;9.080548;0.818484;0.000000;8.848859;3.017578;3.724469;103.554379;1797.065123
3.000000;3.000000;0.000000;0.000000;3.000000;0.000000;0.000000;0.000000;0.000000;0.000000;0.000000;0.000000;918.000000;-0.000000;0.108084;0.068270;1.058928;1.121328;1.064429;0.562997;-0.128818;-0.206943;1.596458;0.186275;0.186275;0.501961;58.379284;2.778259;9.605942;9.468600;2.378800;5.658687;9.896101;1.014664;0.539260;1.554918;2.112725;0.186275;0.186275;0.000000;9700.872930;0.211563;3.595584;3.369300;1.400717;1.962008;3.858787;0.715645;0.318093;-0.450336;2.011750;0.166667;0.166667;0.000000;1419.084897;0.451987;4.703825;7.133600;26.491826;701.816819;26.906185;14.717825;-0.369492;0.218809;36.407000;0.166667;0.166667;1.505882;38063.763533;2.827514;57.924141;71.999000;45.512380;2071.376700;73.665344;8.740445;-0.548863;-1.021307;76.648000;0.068627;0.068627;0.000000;447878.610787;0.856303;0.000000;0.000000;-0.010625;-0.159271;-0.298527;-0.003273;0.000000;0.128816;-0.032062;0.000000;0.000000;-0.276177;0.311348;0.512200;-0.112201;10.142348;5.198608;13.442947;5.714873;1.132270;0.000000;9.760123;3.017578;3.982233;108.065822;6165.415874
3.000000;3.000000;0.000000;0.000000;3.000000;0.000000;0.000000;0.000000;0.000000;0.000000;0.000000;0.000000;918.000000;-0.000000;0.321726;0.162065;1.079683;1.165716;1.126598;0.461008;0.450071;0.305904;1.489942;0.166667;0.166667;2.007843;70.009461;2.305613;9.790663;9.487050;1.781031;3.172072;9.951339;0.664056;1.332404;2.377699;1.448325;0.205882;0.205882;0.000000;9939.617010;0.121352;2.235449;2.587550;1.598792;2.556135;2.748339;0.605536;-0.808647;0.519775;1.529500;0.147059;0.147059;0.000000;640.812394;0.999142;5.011904;6.092400;24.005200;576.249608;24.522822;12.202752;-0.687305;1.349245;26.834725;0.235294;0.235294;1.505882;31968.917613;2.595503;70.744337;87.329500;44.780007;2005.249056;83.725804;8.029469;-1.172373;0.396171;56.039000;0.049020;0.049020;0.000000;612815.775969;0.781128;0.000000;0.000000;0.170434;0.072836;0.323747;0.046720;0.000000;-0.092094;-0.191191;0.000000;0.000000;0.060250;0.245078;0.099771;-0.355940;10.311628;2.968691;13.639576;3.256173;1.124563;0.000000;9.505967;3.017578;2.678354;109.298372;7618.932382
3.000000;3.000000;0.000000;0.000000;3.000000;0.000000;0.000000;0.000000;0.000000;0.000000;0.000000;0.000000;918.000000;-0.000000;0.287312;0.032407;1.249979;1.562446;1.282573;0.438692;0.840277;1.038663;1.043887;0.127451;0.127451;2.007843;88.111198;2.320624;9.789866;9.082950;2.412356;5.819463;10.082705;0.720452;1.165534;0.728985;2.319950;0.166667;0.166667;0.000000;10072.719300;0.185330;1.221915;1.292900;1.687377;2.847243;2.083343;0.723551;-0.527247;1.241872;1.632848;0.215686;0.215686;0.000000;297.613824;1.691709;1.811901;3.113200;17.868936;319.298872;17.960564;11.607969;-0.812285;0.955819;17.553875;0.313725;0.313725;1.505882;16625.772631;2.951179;31.516088;23.375500;45.715473;2089.904454;55.526284;8.011041;0.221181;-0.780766;64.103925;0.049020;0.049020;0.000000;207899.317340;1.341895;0.000000;0.000000;-0.070254;0.002678;0.064860;-0.125724;0.000000;-0.096311;-0.059613;0.000000;0.000000;-0.320590;0.232937;0.248955;-0.428616;10.335977;5.473516;13.652310;5.887701;1.567296;0.000000;10.114163;3.017578;1.451291;112.305927;3410.090419
3.000000;3.000000;0.000000;0.000000;3.000000;0.000000;0.000000;0.000000;0.000000;0.000000;0.000000;0.000000;918.000000;-0.000000;0.221049;0.133225;1.426044;2.033602;1.443075;0.449839;0.403311;0.571319;1.011432;0.127451;0.127451;2.007843;108.722883;2.383201;9.919125;8.703250;3.312352;10.971678;10.457568;0.877738;1.090809;0.130962;3.099925;0.166667;0.166667;0.000000;10595.239252;0.278456;1.085050;1.070750;2.011753;4.047149;2.285713;0.814439;-0.247273;0.862665;1.821095;0.235294;0.235294;0.000000;326.506162;1.885497;-0.104432;2.254150;18.863861;355.845243;18.864150;12.722127;-0.952352;0.873268;22.080300;0.333333;0.333333;1.505882;18153.320503;2.879333;6.842058;5.000750;27.645689;764.284142;28.479781;7.882221;0.275472;-0.490454;34.921250;0.147059;0.147059;1.003922;43763.861512;2.194710;0.000000;0.000000;-0.270121;0.093540;-0.023989;-0.055538;0.000000;0.009861;-0.026646;0.000000;0.000000;-0.499440;0.013944;0.441044;-0.483992;10.492145;10.358079;13.935758;11.260652;1.873393;0.000000;9.692782;3.017578;1.075524;120.443193;1172.178536
3.000000;3.000000;0.000000;0.000000;3.000000;0.000000;0.000000;0.000000;0.000000;0.000000;0.000000;0.000000;918.000000;-0.000000;0.225540;0.262885;1.194344;1.426458;1.215453;0.415713;0.156831;1.385590;0.882967;0.186275;0.186275;2.509804;77.938554;2.403163;9.817294;9.297600;2.955203;8.733227;10.252438;0.900169;1.260253;1.289052;2.610225;0.196078;0.196078;0.000000;10276.676730;0.266890;1.744038;1.978350;1.993233;3.972979;2.648518;0.760387;-0.495259;0.396901;2.371620;0.166667;0.166667;0.000000;514.362332;1.627200;-7.883882;-6.719400;20.491997;419.921942;21.956264;12.211650;-0.673356;0.277122;21.422000;0.254902;0.254902;0.000000;27945.303989;2.688189;30.828062;27.894000;38.453657;1478.683731;49.285425;7.974749;0.050834;-0.875766;60.705170;0.049020;0.049020;0.000000;172363.795030;1.475056;0.000000;0.000000;-0.180316;-0.066306;0.279951;-0.229587;0.000000;0.050657;-0.133624;0.000000;0.000000;-0.302494;0.016773;0.368540;-0.267556;10.359464;8.271327;13.676810;8.875259;1.385017;0.000000;10.196232;3.017578;1.445225;115.589817;2918.145339
3.000000;3.000000;0.000000;0.000000;3.000000;0.000000;0.000000;0.000000;0.000000;0.000000;0.000000;0.000000;918.000000;-0.000000;0.449321;0.371050;0.834808;0.696904;0.948047;0.303324;0.403335;0.164930;1.037153;0.127451;0.127451;0.000000;56.188652;2.340268;9.300822;9.277100;1.393431;1.941650;9.404623;0.625364;0.274273;1.101719;1.389475;0.196078;0.196078;0.000000;8923.392434;0.088613;2.740424;2.854500;1.167919;1.364034;2.978919;0.597310;-0.648932;0.563862;1.203775;0.196078;0.196078;0.000000;836.812389;0.513743;-6.821321;-3.582650;25.045749;627.289526;25.958042;11.026524;-0.429712;-0.028025;29.963925;0.156863;0.156863;1.505882;36841.176346;2.486704;74.905608;73.742000;28.111760;790.271030;80.007007;6.692842;-0.083935;-0.969261;47.033250;0.058824;0.058824;0.000000;612610.666555;0.351390;0.000000;0.000000;-0.089064;-0.126348;0.194738;0.361385;0.000000;0.358684;-0.236796;0.000000;0.000000;-0.170420;-0.031734;0.289603;-0.312965;9.829034;1.735821;13.041386;1.969523;0.695155;0.000000;9.139904;3.017578;2.420853;98.345725;7083.815025
3.000000;3.000000;0.000000;0.000000;3.000000;0.000000;0.000000;0.000000;0.000000;0.000000;0.000000;0.000000;918.000000;-0.000000;0.341075;0.324700;1.030017;1.060935;1.085019;0.399452;0.033849;-0.187830;1.495152;0.127451;0.127451;0.000000;65.980690;2.770126;9.402813;9.351600;2.090236;4.369086;9.632340;0.771175;0.571148;1.059550;2.430775;0.205882;0.205882;0.000000;9241.050827;0.167836;3.108858;3.153550;1.414532;2.000900;3.415537;0.627633;0.256342;0.369050;1.716175;0.156863;0.156863;0.000000;1087.942960;0.543444;-2.010244;5.720250;29.122639;848.128121;29.191937;12.819444;-0.657053;-0.121816;37.958500;0.156863;0.156863;1.505882;43667.179348;2.279275;48.889529;42.071000;45.805709;2098.163010;66.995142;6.846524;0.120407;-1.389676;82.409500;0.049020;0.049020;0.000000;350874.379814;1.028513;0.000000;0.000000;-0.050935;-0.242795;0.184393;0.037615;0.000000;0.331688;-0.068551;0.000000;0.000000;-0.046928;0.158272;0.463123;-0.204897;9.952350;3.909967;13.281360;4.416012;1.067772;0.000000;9.478354;3.017578;3.055452;102.959241;5352.184195
3.000000;3.000000;0.000000;0.000000;3.000000;0.000000;0.000000;0.000000;0.000000;0.000000;0.000000;0.000000;918.000000;-0.000000;0.012974;0.079351;0.911125;0.830149;0.911218;0.470187;0.142923;0.706932;0.969982;0.254902;0.254902;3.513725;42.354902;2.721981;9.052375;8.857150;2.647933;7.011550;9.431704;0.982404;0.392028;-0.327820;4.038550;0.147059;0.147059;0.000000;8716.407378;0.238292;3.456805;3.469300;1.858849;3.455320;3.924898;0.866683;0.154691;-0.900811;2.954100;0.147059;0.147059;0.000000;1395.301711;0.674510;-4.387415;-1.867750;29.269933;856.728958;29.596932;13.114598;-0.226401;-0.476712;41.882250;0.196078;0.196078;1.505882;45666.209179;2.008470;1.978774;1.766350;22.896855;524.265967;22.982200;6.546904;0.188346;-0.326814;29.091000;0.117647;0.117647;0.501961;27141.958195;1.840886;0.000000;0.000000;-0.070945;-0.246513;0.137554;-0.487152;0.000000;0.249793;-0.233001;0.000000;0.000000;-0.072599;0.118386;0.483091;0.042552;9.616023;6.319446;12.743826;7.085754;0.833586;0.000000;9.147232;3.017578;3.074833;98.787352;1419.564709
3.000000;3.000000;0.000000;0.000000;3.000000;0.000000;0.000000;0.000000;0.000000;0.000000;0.000000;0.000000;918.000000;-0.000000;0.286612;0.225685;1.012427;1.025009;1.052215;0.453684;0.121012;0.097819;1.177390;0.205882;0.205882;2.007843;60.654419;2.540006;9.151699;9.004900;2.571052;6.610310;9.505993;1.110285;0.247504;-0.242062;3.964225;0.147059;0.147059;0.000000;8880.213795;0.257077;4.151439;4.332800;1.721781;2.964529;4.494327;1.068137;0.048947;-0.717318;2.723475;0.166667;0.166667;0.000000;1909.146454;0.487829;-3.542585;-3.705400;26.601184;707.623009;26.836038;14.139669;0.157444;-0.730617;38.365500;0.254902;0.254902;1.505882;37371.730838;2.441316;4.000763;0.007647;30.057246;903.438065;30.322338;8.044552;0.833355;0.347443;37.035250;0.098039;0.098039;1.003922;47711.955593;2.034508;0.000000;0.000000;-0.115298;-0.224788;0.062429;-0.153545;0.000000;-0.040954;0.044171;0.000000;0.000000;0.283864;0.045149;0.408036;0.054515;9.720253;5.987752;12.951971;6.691998;1.018918;0.000000;8.989070;3.017578;4.042047;100.471061;1659.816062
3.000000;3.000000;0.000000;0.000000;3.000000;0.000000;0.000000;0.000000;0.000000;0.000000;0.000000;0.000000;918.000000;-0.000000;0.416838;0.272155;1.101823;1.214014;1.178036;0.414174;0.345771;0.033322;1.316208;0.156863;0.156863;0.000000;79.639493;2.616913;9.492380;9.506000;1.881009;3.538195;9.676956;0.853524;0.356087;2.020348;1.849750;0.176471;0.176471;0.000000;9371.210876;0.149520;3.378568;3.108850;1.694381;2.870928;3.779636;0.873533;0.491983;0.267934;2.389475;0.147059;0.147059;0.000000;1310.955110;0.642026;2.359347;3.663900;20.137792;405.530673;20.275532;11.465959;-0.098223;-0.416478;30.275750;0.235294;0.235294;1.505882;21268.100189;2.512831;72.166763;79.622500;64.608943;4174.315451;96.862569;7.001238;-0.137226;-1.475961;131.779750;0.029412;0.029412;0.000000;744124.259757;0.804838;0.000000;0.000000;-0.080869;-0.239183;-0.571216;0.168539;0.000000;-0.206576;0.135297;0.000000;0.000000;0.228170;-0.242422;0.138760;-0.101311;10.038648;3.256800;13.388740;3.585370;1.213890;0.000000;9.495805;3.017578;3.940394;104.031249;9807.740038
3.000000;3.000000;0.000000;0.000000;3.000000;0.000000;0.000000;0.000000;0.000000;0.000000;0.000000;0.000000;918.000000;-0.000000;0.125508;0.048608;1.080002;1.166405;1.087271;0.348682;0.656798;0.774953;0.992962;0.127451;0.127451;1.505882;61.098201;2.608381;9.955617;9.506000;1.750012;3.062542;10.108256;0.574249;1.946329;4.555501;1.412725;0.147059;0.147059;0.000000;10265.961403;0.115224;2.023356;2.288050;1.634829;2.672665;2.601276;0.648864;-1.541570;3.312954;1.487350;0.166667;0.166667;0.000000;554.467413;1.131800;6.277973;11.786500;20.085377;403.422368;21.043653;10.563730;-0.782998;0.040564;26.657500;0.176471;0.176471;1.505882;24621.166748;2.405414;79.282876;71.311000;55.744732;3107.475139;96.918778;6.266261;0.012148;-1.437243;110.129000;0.029412;0.029412;0.000000;799635.250326;0.622108;0.000000;0.000000;-0.287396;-0.074362;0.242060;-0.072474;0.000000;-0.002758;-0.287793;0.000000;0.000000;-0.599132;0.075961;0.158400;-0.305736;10.461488;2.916277;13.755609;3.238876;1.031942;0.000000;9.721204;3.017578;2.396698;112.359003;9842.851576
3.000000;3.000000;0.000000;0.000000;3.000000;0.000000;0.000000;0.000000;0.000000;0.000000;0.000000;0.000000;918.000000;-0.000000;0.000834;0.127440;1.026344;1.053382;1.026344;0.342634;0.016942;0.552605;0.972572;0.147059;0.147059;2.007843;53.743029;2.215599;9.745110;9.107850;2.506571;6.282899;10.062309;0.686799;1.219963;0.822080;2.457650;0.107843;0.107843;0.000000;10007.105218;0.197845;1.145839;0.971820;1.835103;3.367601;2.163458;0.651861;-0.432808;0.423144;2.245773;0.117647;0.117647;0.000000;306.182217;1.841606;5.984872;10.380500;21.050339;443.116790;21.884595;10.761684;-0.871340;0.147153;27.781950;0.196078;0.196078;1.505882;26253.133470;2.578307;13.679147;16.072500;34.242229;1172.530242;36.873423;7.408735;-0.353156;-0.792342;50.378750;0.088235;0.088235;0.000000;78923.580298;2.052542;0.000000;0.000000;-0.031654;-0.080805;0.335375;-0.290101;0.000000;0.058303;0.037996;0.000000;0.000000;-0.174481;0.054771;0.367553;-0.371436;10.266579;5.900793;13.508002;6.346386;1.062532;0.000000;10.066124;3.017578;1.592043;111.303447;1843.265336
3.000000;3.000000;0.000000;0.000000;3.000000;0.000000;0.000000;0.000000;0.000000;0.000000;0.000000;0.000000;918.000000;-0.000000;0.106114;0.154720;1.127747;1.271813;1.132728;0.423077;-0.066181;0.923630;0.984735;0.166667;0.166667;2.509804;66.016811;2.301262;9.900290;8.522800;3.182430;10.127859;10.399212;0.842084;1.131042;0.022583;3.546150;0.107843;0.107843;0.000000;10514.165828;0.272372;0.737588;0.753020;1.971128;3.885346;2.104609;0.737063;-0.110203;0.222015;1.699847;0.235294;0.235294;1.505882;253.783538;2.310838;-0.463198;2.855600;18.967053;359.749102;18.972708;11.763504;-0.754453;0.848194;20.318150;0.274510;0.274510;1.505882;18372.374163;2.830817;13.077302;18.084000;36.702777;1347.093804;38.962926;8.657400;-0.139601;-1.058213;57.351750;0.068627;0.068627;0.501961;86145.470692;2.039002;0.000000;0.000000;-0.044007;-0.108134;0.065846;-0.229157;0.000000;0.066743;-0.061889;0.000000;0.000000;-0.199167;0.093229;0.449321;-0.402186;10.434790;9.541834;13.710114;10.230978;1.281561;0.000000;9.646606;3.017578;0.680931;118.426678;1882.502669
3.000000;3.000000;0.000000;0.000000;3.000000;0.000000;0.000000;0.000000;0.000000;0.000000;0.000000;0.000000;918.000000;-0.000000;0.728655;0.653775;1.170044;1.369003;1.378384;0.399082;-0.362592;0.680893;1.367270;0.166667;0.166667;0.000000;123.997066;2.122196;9.873566;9.297300;2.738561;7.499715;10.246317;0.679502;1.445253;1.481193;2.377850;0.166667;0.166667;0.000000;10326.448951;0.232555;1.121625;1.306000;1.797734;3.231847;2.118936;0.658043;-0.635981;1.294442;1.359848;0.156863;0.156863;0.000000;293.181943;1.954320;-4.711615;-0.267835;17.111244;292.794681;17.748070;12.129028;-0.988879;1.154465;21.030300;0.274510;0.274510;0.000000;17251.350783;3.178681;63.993860;52.470000;60.075156;3609.024403;87.773792;9.659961;0.440509;-1.043669;99.710500;0.049020;0.049020;0.000000;601789.618781;1.092809;0.000000;0.000000;-0.261124;-0.064351;0.163303;0.283444;0.000000;0.300343;-0.174416;0.000000;0.000000;-0.367905;0.494432;0.351827;-0.176795;10.431643;7.067781;13.957901;7.687220;1.269307;0.000000;10.339121;3.017578;0.878523;115.886956;8023.722436
3.000000;3.000000;0.000000;0.000000;3.000000;0.000000;0.000000;0.000000;0.000000;0.000000;0.000000;0.000000;918.000000;-0.000000;0.640009;0.717580;1.232609;1.519325;1.388862;0.475279;-0.996189;1.687184;1.168680;0.166667;0.166667;0.000000;119.288265;2.336994;9.352764;9.297300;2.108679;4.446526;9.587529;0.781531;0.679374;2.130240;2.294850;0.117647;0.117647;0.000000;9149.336122;0.177373;1.909214;1.517650;1.597185;2.551001;2.489197;0.657910;0.983697;0.867504;1.767412;0.127451;0.127451;0.000000;501.912736;1.262090;-3.282370;-0.743635;28.096230;789.398164;28.287314;14.462637;0.141734;2.912613;23.988750;0.215686;0.215686;3.011765;41358.307371;3.107795;74.236496;64.046500;54.673592;2989.201670;92.196850;10.877670;0.382173;-1.140790;95.888750;0.078431;0.078431;0.000000;714584.257572;0.769905;0.000000;0.000000;0.038897;-0.101635;0.037813;-0.105108;0.000000;0.459951;0.034422;0.000000;0.000000;-0.356299;0.444086;0.256706;0.369489;9.936394;4.117719;13.495924;4.494073;1.530846;0.000000;9.201863;3.017578;1.473707;102.849652;9306.627294
3.000000;3.000000;0.000000;0.000000;3.000000;0.000000;0.000000;0.000000;0.000000;0.000000;0.000000;0.000000;918.000000;-0.000000;-0.159344;-0.196840;1.138089;1.295247;1.149190;0.570767;-0.472665;0.387566;1.464560;0.127451;0.127451;3.513725;68.649020;2.925291;9.229422;9.138700;2.955595;8.735544;9.691118;1.222624;0.382658;-0.245459;4.018900;0.156863;0.156863;0.000000;9134.111245;0.292973;2.774711;2.403200;1.956357;3.827333;3.395049;1.039860;0.327142;-0.676761;2.896450;0.176471;0.176471;0.000000;981.327763;1.011100;-0.263969;-4.489850;35.224390;1240.757662;35.225379;17.299365;0.403359;0.603565;34.016500;0.166667;0.166667;1.505882;63292.688107;2.421138;22.863412;22.771000;37.693306;1420.785351;44.085383;10.713885;0.434476;-0.333563;44.922750;0.156863;0.156863;0.000000;125779.136323;1.675974;0.000000;0.000000;-0.044195;-0.053089;-0.135108;-0.303264;0.000000;0.148880;-0.063977;0.000000;0.000000;-0.137633;0.120916;0.351648;0.363164;9.814925;7.905655;13.136307;8.825033;1.305073;0.000000;9.478028;3.017578;2.527166;104.238404;3195.874655
3.000000;3.000000;0.000000;0.000000;3.000000;0.000000;0.000000;0.000000;0.000000;0.000000;0.000000;0.000000;918.000000;-0.000000;-0.421379;-0.437765;0.902423;0.814368;0.995956;0.510850;-0.102654;0.321444;1.078084;0.196078;0.196078;0.000000;59.696927;2.685690;9.116965;9.056350;2.962315;8.775309;9.586154;1.287240;0.257411;-0.657252;4.161750;0.176471;0.176471;0.000000;8925.742203;0.288164;3.590499;3.887950;1.846315;3.408877;4.037395;1.076747;0.043000;-0.929819;2.928525;0.176471;0.176471;0.000000;1488.937057;0.632896;-1.823384;-3.729000;34.976690;1223.368825;35.024185;15.997911;0.135101;0.030992;45.430500;0.156863;0.156863;1.505882;62785.419691;1.978982;-11.907184;-14.046500;24.018180;576.872971;26.807723;8.632182;0.408312;-0.452479;28.107882;0.107843;0.107843;0.000000;43912.831228;2.130808;0.000000;0.000000;-0.012218;-0.171447;-0.280169;-0.103552;0.000000;-0.026602;-0.170662;0.000000;0.000000;0.141125;-0.211734;0.491431;0.257845;9.697788;7.839192;12.911585;8.862328;0.822295;0.000000;9.106383;3.017578;3.438527;101.886282;1961.648120
3.000000;3.000000;0.000000;0.000000;3.000000;0.000000;0.000000;0.000000;0.000000;0.000000;0.000000;0.000000;918.000000;-0.000000;-0.563079;-0.585540;0.928262;0.861671;1.085693;0.447255;-0.272794;1.195042;1.025828;0.137255;0.137255;0.000000;76.346384;2.227430;9.590045;9.312450;2.348705;5.516416;9.873469;0.945597;0.153050;-0.063208;2.511750;0.215686;0.215686;0.000000;9662.216832;0.193744;3.390854;3.083200;1.517263;2.302088;3.714833;0.704395;0.474486;-0.385804;2.248775;0.127451;0.127451;0.000000;1290.191792;0.532817;1.146395;3.500650;30.254703;915.347068;30.276415;14.430301;-0.608221;0.434129;46.406000;0.107843;0.107843;1.505882;46823.484480;2.211125;-33.603276;-29.500000;26.283623;690.828851;42.661564;7.618877;0.121009;-0.476797;40.116750;0.137255;0.137255;0.000000;150410.125004;0.992897;0.000000;0.000000;-0.024398;-0.379496;0.125670;-0.209901;0.000000;0.150154;-0.000550;0.000000;0.000000;-0.081131;0.105565;0.362651;0.187375;10.130610;5.034862;13.449030;5.571648;0.869589;0.000000;9.697078;3.017578;3.838614;107.664111;2750.470313
3.000000;3.000000;0.000000;0.000000;3.000000;0.000000;0.000000;0.000000;0.000000;0.000000;0.000000;0.000000;918.000000;-0.000000;-0.294638;-0.331170;0.988401;0.976937;1.031382;0.245177;-0.157447;-0.465581;1.325638;0.078431;0.078431;0.501961;58.684028;1.983668;9.868424;9.461300;1.752343;3.070707;10.022798;0.390615;0.643111;-0.591264;2.627700;0.088235;0.088235;0.000000;10089.961149;0.097666;0.006325;-0.095731;1.103751;1.218266;1.103769;0.330500;0.183710;-0.129407;1.426635;0.098039;0.098039;1.505882;62.136231;2.251295;-5.392242;-1.710800;24.728586;611.502970;25.309667;9.422496;-0.923824;2.153121;18.048850;0.186275;0.186275;1.505882;34160.778879;2.596493;-12.662498;-14.711500;24.502969;600.395474;27.581413;4.063638;-0.284191;-0.202331;34.914000;0.039216;0.039216;0.501961;46981.379372;1.648041;0.000000;0.000000;-0.287801;-0.188491;-0.009206;0.029481;0.000000;0.014792;-0.046715;0.000000;0.000000;-0.289594;0.341866;0.403093;-0.606229;10.373123;2.918563;13.717700;3.214843;0.872877;0.000000;9.701407;3.017578;-0.314795;110.520238;1402.531890
3.000000;3.000000;0.000000;0.000000;3.000000;0.000000;0.000000;0.000000;0.000000;0.000000;0.000000;0.000000;918.000000;-0.000000;-0.184679;-0.339440;1.058439;1.120294;1.074430;0.274071;0.190013;-0.197086;1.414578;0.098039;0.098039;0.501961;60.616863;1.966313;9.899935;9.464300;1.468877;2.157599;10.008312;0.360750;1.180777;0.564027;1.407450;0.078431;0.078431;0.000000;10106.926876;0.080661;0.381262;0.305810;0.992954;0.985957;1.063634;0.331286;-0.203935;0.360958;1.118083;0.147059;0.147059;0.000000;65.118329;2.411194;-8.081467;-7.038450;24.810233;615.547677;26.093252;10.566716;-0.436542;1.629198;26.873250;0.166667;0.166667;0.000000;38056.041683;2.656313;-86.503775;-75.784000;64.778197;4196.214803;108.069968;5.655430;-0.491856;-0.953719;99.646000;0.009804;0.009804;0.000000;977284.153266;0.729696;0.000000;0.000000;-0.069727;-0.104373;0.173327;-0.073005;0.000000;-0.238210;0.270755;0.000000;0.000000;-0.041807;-0.325560;0.435723;-0.401230;10.405502;2.046251;13.777580;2.190280;1.120067;0.000000;10.137413;3.017578;0.343186;110.320718;12361.107013
3.000000;3.000000;0.000000;0.000000;3.000000;0.000000;0.000000;0.000000;0.000000;0.000000;0.000000;0.000000;918.000000;-0.000000;0.204273;0.099155;0.899274;0.808694;0.922183;0.289917;0.213439;-0.321371;1.183842;0.147059;0.147059;2.007843;45.508605;2.542687;9.267436;9.116750;1.917636;3.677329;9.463757;0.450723;1.054878;1.634191;2.011300;0.107843;0.107843;0.000000;8947.919527;0.141540;1.286194;1.088450;1.388571;1.928130;1.892729;0.419847;0.263712;-0.212935;2.135105;0.088235;0.088235;0.000000;267.102334;1.484708;-7.742986;-7.068950;22.480715;505.382532;23.776803;12.011002;0.287503;1.117697;27.666000;0.225490;0.225490;0.000000;31892.024099;2.702938;-82.709905;-86.519000;72.213265;5214.755698;109.798379;6.728246;-0.181397;-1.134981;116.766500;0.029412;0.029412;0.000000;963730.935475;0.710968;0.000000;0.000000;0.241690;0.255813;0.574954;-0.143919;0.000000;0.134639;-0.153191;0.000000;0.000000;0.232571;-0.178675;0.212482;0.093733;9.799033;3.392080;12.977708;3.773654;0.756784;0.000000;9.399771;3.017578;0.682567;99.413125;12624.602824
3.000000;3.000000;0.000000;0.000000;3.000000;0.000000;0.000000;0.000000;0.000000;0.000000;0.000000;0.000000;918.000000;-0.000000;-0.039840;-0.015247;0.923473;0.852802;0.924332;0.334808;0.072487;-0.627981;1.077760;0.088235;0.088235;1.003922;43.654844;2.497704;9.616889;8.957100;2.519150;6.346115;9.941362;0.665596;0.609980;-0.701570;4.157000;0.068627;0.068627;0.000000;9757.191014;0.189376;2.727199;2.677000;1.212648;1.470516;2.984649;0.546897;0.131756;-0.690569;1.811700;0.166667;0.166667;0.000000;833.634147;0.537343;-5.264774;-5.401250;24.150890;583.265505;24.718077;13.458678;0.026240;0.397143;32.277500;0.215686;0.215686;1.505882;32578.406094;2.480402;-11.474255;-4.580200;38.651521;1493.940095;40.318713;7.319566;-0.786472;0.349577;49.618250;0.058824;0.058824;1.003922;89620.953238;1.787950;0.000000;0.000000;0.325921;0.343780;-0.028549;-0.100243;0.000000;0.140859;-0.151245;0.000000;0.000000;0.240344;-0.519066;0.394619;0.001167;10.142550;5.813744;13.368591;6.512695;0.757498;0.000000;9.454592;3.017578;2.509140;108.685062;2245.490098
3.000000;3.000000;0.000000;0.000000;3.000000;0.000000;0.000000;0.000000;0.000000;0.000000;0.000000;0.000000;918.000000;-0.000000;-0.309606;-0.450245;1.338928;1.792729;1.374258;0.410601;0.619565;-0.158760;1.822612;0.117647;0.117647;2.509804;101.216728;2.160015;9.913468;9.230900;2.475391;6.127560;10.217847;0.769404;0.380091;-0.838855;3.861275;0.088235;0.088235;0.000000;10336.743486;0.189629;2.466114;2.204250;1.226427;1.504123;2.754241;0.496033;0.484713;-0.547510;1.916725;0.107843;0.107843;0.000000;697.064750;0.628658;-1.645660;-1.246650;24.654079;607.823600;24.708942;12.600556;0.329454;-0.125766;34.955000;0.215686;0.215686;1.003922;31275.531423;2.682740;-58.225291;-60.254000;65.659242;4311.136035;87.757168;8.236766;0.165297;-1.399624;125.789200;0.029412;0.029412;0.000000;565669.526244;1.083649;0.000000;0.000000;0.067229;0.128287;0.431821;0.026235;0.000000;0.165342;0.070019;0.000000;0.000000;0.245483;-0.164913;0.105934;0.162708;10.480292;5.456465;14.055007;6.199766;1.798942;0.000000;9.973055;3.017578;2.811926;115.292985;8319.438207
3.000000;3.000000;0.000000;0.000000;3.000000;0.000000;0.000000;0.000000;0.000000;0.000000;0.000000;0.000000;918.000000;-0.000000;0.116860;-0.037149;1.428239;2.039865;1.433011;0.384589;0.089295;-0.887450;2.337750;0.117647;0.117647;1.003922;105.428650;2.074878;9.832303;9.362850;2.251134;5.067606;10.086713;0.704037;0.693393;0.022952;2.248925;0.117647;0.117647;0.000000;10119.227644;0.172313;1.566839;1.577550;0.934935;0.874103;1.824578;0.417510;-0.607299;2.063182;0.971150;0.245098;0.245098;0.000000;294.987636;0.843324;2.617423;2.231950;22.690212;514.845721;22.840679;10.932315;0.239152;0.145076;28.344750;0.245098;0.245098;1.003922;26986.964752;2.707795;-94.304599;-99.151000;37.653373;1417.776476;101.543753;7.004019;0.506143;-0.541410;47.747500;0.117647;0.117647;0.000000;979436.058422;0.396537;0.000000;0.000000;0.069782;-0.046040;-0.491637;0.101214;0.000000;0.272593;0.077992;0.000000;0.000000;0.364347;-0.181016;-0.126542;0.276714;10.403135;4.570085;14.050632;5.134480;2.043363;0.000000;9.748754;3.017578;1.797580;112.795309;10836.159583
3.000000;3.000000;0.000000;0.000000;3.000000;0.000000;0.000000;0.000000;0.000000;0.000000;0.000000;0.000000;918.000000;-0.000000;0.544657;0.662115;1.123115;1.261387;1.248214;0.348423;-0.102385;-0.803306;1.700947;0.088235;0.088235;0.000000;94.593543;2.205580;10.071895;9.651250;2.077192;4.314725;10.283861;0.543558;0.840083;-0.077983;2.628850;0.127451;0.127451;0.000000;10567.304849;0.134281;1.057801;1.302950;1.286797;1.655846;1.665770;0.432462;-1.276427;1.398137;1.203605;0.147059;0.147059;0.000000;198.587663;1.798189;5.845986;5.829600;17.575508;308.898478;18.522258;9.164073;-0.219882;0.217558;21.155475;0.225490;0.225490;0.000000;19287.858575;3.018425;-26.630105;-21.219000;54.544521;2975.104782;60.698165;5.467000;-0.288821;-1.237146;100.168500;0.049020;0.049020;0.501961;224102.422050;1.350879;0.000000;0.000000;0.328610;-0.051559;-0.417791;-0.131360;0.000000;0.175371;-0.053131;0.000000;0.000000;-0.067784;-0.230864;-0.062355;0.137657;10.591413;4.137814;14.110369;4.540915;1.090406;0.000000;10.089607;3.017578;1.352622;116.315834;4030.116086
3.000000;3.000000;0.000000;0.000000;3.000000;0.000000;0.000000;0.000000;0.000000;0.000000;0.000000;0.000000;918.000000;-0.000000;0.423624;0.034392;1.314265;1.727292;1.380851;0.351868;0.931420;0.444203;1.671707;0.068627;0.068627;2.007843;106.402416;2.116480;9.888397;9.484050;1.985256;3.941241;10.085715;0.514174;0.867587;-0.034306;2.277700;0.098039;0.098039;0.000000;10174.614122;0.131500;0.672414;1.182300;1.709173;2.921273;1.836686;0.405066;-0.752507;-0.382715;2.209652;0.088235;0.088235;1.505882;195.104615;2.052331;2.984930;3.861700;24.591847;604.758916;24.772338;8.049376;0.345857;0.081732;29.507750;0.107843;0.107843;1.003922;31763.615871;2.241308;46.965396;37.482500;43.847176;1922.574814;64.252029;4.557049;0.903437;0.280659;33.120500;0.049020;0.049020;0.000000;323059.646756;1.146756;0.000000;0.000000;0.128568;-0.030326;-0.430533;0.125350;0.000000;0.294076;0.042409;0.000000;0.000000;-0.660935;0.316499;0.038573;0.459646;10.435274;3.733448;13.889651;4.030467;1.694191;0.000000;9.927979;3.017578;0.869067;112.628387;4745.365380
3.000000;3.000000;0.000000;0.000000;3.000000;0.000000;0.000000;0.000000;0.000000;0.000000;0.000000;0.000000;918.000000;-0.000000;0.593153;0.156935;1.281144;1.641330;1.411794;0.280489;0.928015;0.159829;1.806835;0.039216;0.039216;0.501961;119.594586;1.875161;9.431250;9.426500;1.381137;1.907539;9.531842;0.412751;1.050379;2.367178;1.385150;0.147059;0.147059;0.000000;9170.098947;0.082660;0.748439;0.743705;1.454142;2.114529;1.635448;0.326288;-0.823896;0.702509;1.653750;0.068627;0.068627;0.000000;164.989918;1.854318;0.340665;0.160835;24.702208;610.199066;24.704557;6.900011;0.656426;0.313579;32.893000;0.127451;0.127451;1.003922;31137.472248;1.757979;84.594882;71.035500;44.692175;1997.390496;95.674890;3.930673;0.367741;-1.459590;90.190750;0.019608;0.019608;0.000000;831809.065700;0.435890;0.000000;0.000000;-0.021700;-0.005549;-0.463034;0.143586;0.000000;0.124794;0.084550;0.000000;0.000000;-0.599168;0.800361;0.217403;0.649799;10.005050;1.748148;13.442575;1.931907;1.652100;0.000000;9.464800;3.017578;0.672628;101.849176;9766.674425
3.000000;3.000000;0.000000;0.000000;3.000000;0.000000;0.000000;0.000000;0.000000;0.000000;0.000000;0.000000;918.000000;-0.000000;0.544959;0.572360;1.082789;1.172432;1.212193;0.232714;0.050753;-0.632504;1.684363;0.068627;0.068627;0.000000;90.096250;1.800634;9.434942;9.329150;2.065535;4.266437;9.658394;0.535045;0.850923;0.258960;2.519075;0.107843;0.107843;0.000000;9297.553282;0.156996;1.508094;1.447650;1.002673;1.005353;1.810994;0.390616;0.460213;-0.382303;1.440727;0.166667;0.166667;0.000000;283.257720;0.939184;-5.046513;-2.842250;22.902153;524.508605;23.451565;10.524932;-0.174061;-0.033899;30.839500;0.166667;0.166667;1.505882;29355.278502;2.859809;50.197353;46.138500;61.087793;3731.718480;79.066382;5.856707;0.252826;-1.020252;94.853955;0.029412;0.029412;0.000000;447352.908075;1.207043;0.000000;0.000000;-0.055733;0.040882;-0.665760;-0.056124;0.000000;0.058119;-0.213130;0.000000;0.000000;-0.036819;0.296011;0.253876;-0.078379;9.995367;3.846616;13.423413;4.313742;1.178977;0.000000;9.346710;3.017578;1.133918;103.753982;6804.748301
3.000000;3.000000;0.000000;0.000000;3.000000;0.000000;0.000000;0.000000;0.000000;0.000000;0.000000;0.000000;918.000000;-0.000000;0.009758;-0.166540;0.881756;0.777493;0.881810;0.231024;0.240267;-0.839368;1.294440;0.068627;0.068627;1.003922;39.661986;2.044117;9.717564;8.549350;2.522884;6.364945;10.039721;0.630885;0.614953;-0.969837;4.241600;0.058824;0.058824;0.000000;9956.580732;0.180871;2.434913;2.260500;1.117486;1.248775;2.679100;0.447863;0.341056;-0.149944;1.451375;0.137255;0.137255;0.000000;668.468477;0.549083;-5.918291;-6.507750;24.798449;614.963094;25.494887;13.936784;-0.052555;-0.350618;31.071750;0.215686;0.215686;1.505882;34935.803470;2.738535;2.771272;1.108740;36.331371;1319.968492;36.436910;7.032741;0.483689;-0.279836;49.762250;0.088235;0.088235;1.003922;68127.940263;2.184026;0.000000;0.000000;0.125102;0.269204;-0.312195;-0.206695;0.000000;0.152894;-0.304358;0.000000;0.000000;0.372319;-0.596669;0.414115;-0.100836;10.237107;5.775221;13.453249;6.441928;0.771227;0.000000;9.678510;3.017578;2.177602;110.573578;1984.815280
3.000000;3.000000;0.000000;0.000000;3.000000;0.000000;0.000000;0.000000;0.000000;0.000000;0.000000;0.000000;918.000000;-0.000000;-0.407500;-0.322915;1.327368;1.761905;1.388510;0.294054;0.223914;-0.107993;1.456930;0.117647;0.117647;0.501961;106.794880;2.204185;9.759603;9.353700;2.312212;5.346327;10.029765;0.565547;0.575935;-0.405156;2.889675;0.078431;0.078431;0.000000;9988.213289;0.167680;2.375526;2.160350;1.029726;1.060335;2.589103;0.365104;0.844984;0.119533;1.170650;0.137255;0.137255;0.000000;629.680654;0.505560;3.605289;-2.127950;25.683499;659.642145;25.935309;10.493335;0.648247;0.319318;31.138250;0.147059;0.147059;1.505882;34968.682651;2.668178;-46.625512;-41.405500;57.396750;3294.386935;73.948126;7.826261;0.058186;-1.285489;103.816275;0.068627;0.068627;0.000000;389778.151775;1.439612;0.000000;0.000000;0.156466;0.063185;0.269523;0.157477;0.000000;-0.070693;0.037504;0.000000;0.000000;0.419133;0.015566;0.526786;0.174778;10.322335;4.973548;13.858998;5.463108;1.715502;0.000000;9.764144;3.017578;2.556018;111.524137;6147.669011
3.000000;3.000000;0.000000;0.000000;3.000000;0.000000;0.000000;0.000000;0.000000;0.000000;0.000000;0.000000;918.000000;-0.000000;-0.295662;-0.319040;1.492355;2.227122;1.521361;0.357827;0.040627;-0.901999;2.391178;0.068627;0.068627;0.501961;122.510621;2.254871;10.055883;9.709650;2.016529;4.066388;10.256080;0.566677;0.459777;0.430018;1.962950;0.117647;0.117647;0.000000;10521.739769;0.132123;1.199474;1.331750;1.170653;1.370427;1.676056;0.352459;-0.599392;0.405680;1.329735;0.107843;0.107843;0.000000;216.661112;1.303388;8.311680;5.124650;25.656974;658.280293;26.969693;8.836206;0.703658;0.101876;31.975250;0.107843;0.107843;1.003922;40622.182781;2.367147;-93.697578;-100.615000;35.937676;1291.516569;100.353140;7.764337;0.527568;-0.409363;46.291750;0.078431;0.078431;0.000000;961350.202655;0.362114;0.000000;0.000000;0.094271;-0.206951;-0.103965;0.410521;0.000000;-0.080786;0.321817;0.000000;0.000000;0.198785;-0.136919;0.040114;0.093569;10.617646;3.767314;14.348166;4.149837;2.205986;0.000000;9.826933;3.017578;1.655195;116.501716;10800.926263
3.000000;3.000000;0.000000;0.000000;3.000000;0.000000;0.000000;0.000000;0.000000;0.000000;0.000000;0.000000;918.000000;-0.000000;0.086720;0.087868;1.043226;1.088319;1.046824;0.291586;-0.289685;-0.701063;1.748347;0.088235;0.088235;1.003922;56.280621;2.188142;9.930760;9.661950;1.726435;2.980580;10.079711;0.422323;0.717516;0.058828;2.399625;0.088235;0.088235;0.000000;10211.266621;0.103143;0.221772;0.398395;1.154289;1.332384;1.175401;0.333899;-0.438606;-0.063112;1.310720;0.098039;0.098039;1.505882;72.970921;1.882752;5.090626;4.126700;19.094451;364.598061;19.761390;7.277982;0.843407;1.701535;23.651500;0.137255;0.137255;3.011765;21246.153189;2.696275;-44.916665;-53.876500;62.977841;3966.208450;77.354478;5.316796;0.049184;-1.115750;105.200000;0.029412;0.029412;0.000000;408079.865648;1.208083;0.000000;0.000000;-0.054543;-0.313033;-0.380672;-0.236884;0.000000;-0.085645;-0.074696;0.000000;0.000000;-0.117819;0.203433;0.134178;-0.132594;10.438772;2.728446;13.805210;3.015227;1.093958;0.000000;10.153950;3.017578;0.445210;111.696410;6375.609385
3.000000;3.000000;0.000000;0.000000;3.000000;0.000000;0.000000;0.000000;0.000000;0.000000;0.000000;0.000000;918.000000;-0.000000;0.285825;0.133890;0.968840;0.938652;1.010123;0.263955;-0.065151;-1.059666;1.732035;0.068627;0.068627;0.501961;56.212503;2.066365;9.555371;9.253450;1.548984;2.399353;9.680106;0.320677;0.727402;-0.261292;2.144150;0.058824;0.058824;0.000000;9435.487912;0.089301;0.617646;0.557020;1.520207;2.311030;1.640889;0.335083;-0.206997;-0.258101;1.916630;0.107843;0.107843;1.505882;156.783179;2.078182;-2.928747;-0.839775;16.732445;279.974715;16.986826;5.377496;-0.391567;0.026507;19.892950;0.137255;0.137255;0.501961;15159.354368;2.366124;22.983827;32.527500;37.301118;1391.373438;43.813579;3.885899;-0.907757;-0.150703;44.873450;0.068627;0.068627;0.000000;124867.243802;1.637607;0.000000;0.000000;0.138474;0.081633;0.141675;-0.184209;0.000000;-0.125171;0.054034;0.000000;0.000000;-0.321365;0.280814;-0.061440;0.102374;10.075183;2.215490;13.406098;2.452385;0.918669;0.000000;9.625736;3.017578;0.228197;103.724807;2210.874522
3.000000;3.000000;0.000000;0.000000;3.000000;0.000000;0.000000;0.000000;0.000000;0.000000;0.000000;0.000000;918.000000;-0.000000;0.779451;0.806370;1.117639;1.249116;1.362593;0.298728;-0.001036;-1.023094;1.722042;0.098039;0.098039;0.000000;125.677231;1.829439;9.731310;9.538750;1.335127;1.782563;9.822472;0.355181;0.952633;0.779477;1.313075;0.117647;0.117647;0.000000;9750.207084;0.070959;1.136142;1.243400;1.339981;1.795548;1.756806;0.350744;-0.779169;0.829708;1.497225;0.088235;0.088235;0.000000;223.238544;1.390103;-3.501046;-0.453219;18.118749;328.289075;18.453899;7.004087;-0.027408;-0.084783;23.411825;0.166667;0.166667;1.003922;17996.630411;2.422915;76.632610;68.550000;45.558614;2075.587298;89.152365;4.717331;0.566300;-0.359666;50.952500;0.029412;0.029412;0.000000;704859.654013;0.590548;0.000000;0.000000;-0.022656;0.268616;0.196166;0.016376;0.000000;-0.117572;-0.270100;0.000000;0.000000;-0.359680;0.177812;-0.096461;0.306566;10.282443;1.608989;13.856383;1.802368;1.259329;0.000000;9.934639;3.017578;1.014455;107.337614;8291.776947
3.000000;3.000000;0.000000;0.000000;3.000000;0.000000;0.000000;0.000000;0.000000;0.000000;0.000000;0.000000;918.000000;-0.000000;0.504119;0.490265;1.344214;1.806911;1.435635;0.271316;-0.028022;-0.991689;2.168600;0.039216;0.039216;0.501961;118.075690;1.799091;9.759519;9.594850;1.699897;2.889648;9.906455;0.432765;0.840040;0.800006;1.675000;0.107843;0.107843;0.000000;9862.708490;0.110577;1.649373;1.689800;1.136150;1.290837;2.002815;0.354245;-0.702185;1.470104;1.083025;0.137255;0.137255;0.000000;343.321646;0.900663;-1.525524;-0.453219;15.728615;247.389329;15.802422;8.934550;0.035350;-0.082308;20.967775;0.225490;0.225490;1.003922;12855.919957;2.721168;70.204548;75.914000;55.241029;3051.571273;89.332244;5.968069;-0.051908;-0.381877;60.445000;0.049020;0.049020;0.000000;658360.561549;0.798763;0.000000;0.000000;0.083089;0.119318;-0.325771;-0.096667;0.000000;-0.028234;-0.425294;0.000000;0.000000;-0.396022;0.202970;0.136928;0.212249;10.324080;2.612264;13.957652;2.950906;1.792154;0.000000;9.880578;3.017578;1.255779;109.198899;8233.977674
3.000000;3.000000;0.000000;0.000000;3.000000;0.000000;0.000000;0.000000;0.000000;0.000000;0.000000;0.000000;918.000000;-0.000000;0.008364;-0.300315;1.199180;1.438033;1.199209;0.267049;0.006971;-0.997228;1.870488;0.058824;0.058824;0.501961;73.346832;1.841905;9.348025;8.839850;1.954422;3.819765;9.550148;0.452781;0.929192;0.008373;2.482700;0.088235;0.088235;0.000000;9108.146498;0.133531;2.447000;2.386800;0.860197;0.739939;2.593790;0.393719;0.109117;-0.931106;1.387450;0.215686;0.215686;0.000000;648.493417;0.369418;0.439932;-2.946550;17.229532;296.856768;17.235147;7.940637;0.389928;-0.022965;24.652750;0.156863;0.156863;0.501961;15160.253824;2.732940;18.876328;18.481500;30.452268;927.340619;35.828151;5.987277;0.221284;-0.270219;45.408225;0.068627;0.068627;0.000000;83649.790032;1.792198;0.000000;0.000000;0.062943;0.041739;-0.250279;-0.039528;0.000000;-0.118708;-0.568145;0.000000;0.000000;0.219628;-0.511379;0.174879;0.058248;9.907689;3.481128;13.383115;3.866777;1.443078;0.000000;9.494682;3.017578;2.341272;101.643430;1587.434426
3.000000;3.000000;0.000000;0.000000;3.000000;0.000000;0.000000;0.000000;0.000000;0.000000;0.000000;0.000000;918.000000;-0.000000;0.527880;0.640660;1.403965;1.971119;1.499925;0.373092;0.099419;0.256149;1.751320;0.088235;0.088235;0.501961;128.969921;2.135027;9.659235;8.495050;2.505961;6.279842;9.979011;0.628517;0.907572;-0.491022;4.070800;0.049020;0.049020;0.000000;9837.445817;0.187633;2.157794;2.167950;1.098152;1.205937;2.421160;0.464660;-0.011933;-0.735591;1.743925;0.137255;0.137255;0.000000;536.429701;0.623016;0.535585;-1.516150;21.213123;449.996570;21.219883;10.068865;-0.143044;0.410056;28.065000;0.156863;0.156863;1.003922;22986.183051;2.766470;-22.283001;-10.674500;42.229750;1783.351752;47.748130;6.877766;-0.806709;-0.213801;51.731325;0.049020;0.049020;0.501961;141602.465492;1.520142;0.000000;0.000000;-0.022663;0.067084;0.414817;-0.027891;0.000000;-0.010251;-0.013171;0.000000;0.000000;-0.083032;-0.491580;0.013009;-0.310511;10.247980;5.809344;13.858252;6.343508;1.989145;0.000000;9.361951;3.017578;2.489842;110.830444;2736.029308
3.000000;3.000000;0.000000;0.000000;3.000000;0.000000;0.000000;0.000000;0.000000;0.000000;0.000000;0.000000;918.000000;-0.000000;0.136758;-0.043576;1.432243;2.051321;1.438758;0.338953;0.637194;0.605721;1.647705;0.068627;0.068627;0.501961;106.527468;2.087006;10.165011;9.866400;2.133505;4.551845;10.386496;0.644752;0.776147;0.211041;2.341475;0.117647;0.117647;0.000000;10771.730219;0.146350;1.362735;1.205150;0.979907;0.960218;1.678471;0.438013;0.810536;0.843468;1.007678;0.176471;0.176471;0.000000;238.389941;1.014013;-0.543905;4.148000;25.923844;672.045691;25.929549;12.632057;-0.352224;-0.402872;34.367750;0.186275;0.186275;1.505882;34315.297518;2.899070;-65.176090;-68.060500;35.088034;1231.170125;74.020895;7.826489;0.163820;-0.955557;61.702500;0.068627;0.068627;0.000000;496107.079271;0.671966;0.000000;0.000000;0.072964;0.333928;0.395953;-0.045379;0.000000;-0.011323;0.397810;0.000000;0.000000;0.041087;-0.146478;0.115249;-0.295707;10.710111;4.242839;14.256569;4.616832;2.051711;0.000000;10.256254;3.017578;1.636620;118.949313;6154.251646
3.000000;3.000000;0.000000;0.000000;3.000000;0.000000;0.000000;0.000000;0.000000;0.000000;0.000000;0.000000;918.000000;-0.000000;-0.099306;-0.283475;1.046606;1.095385;1.051307;0.196012;0.128743;-0.749524;1.691028;0.078431;0.078431;0.501961;56.877954;1.602762;9.824480;9.700350;1.119547;1.253386;9.888064;0.365613;0.538474;-0.120818;1.561400;0.147059;0.147059;0.000000;9909.015130;0.054536;0.293388;0.350030;1.123978;1.263326;1.161638;0.343125;-0.673404;0.727067;1.333135;0.147059;0.147059;0.501961;73.212179;2.161981;1.628585;1.830650;23.432069;549.061876;23.488596;9.124818;-0.219300;0.240683;22.331425;0.166667;0.166667;1.003922;28276.825318;2.292219;-81.085133;-78.628500;37.531486;1408.612460;89.349937;6.109614;-0.032556;-0.555575;49.541750;0.078431;0.078431;0.000000;742472.126541;0.463096;0.000000;0.000000;0.061771;0.372018;0.074127;-0.077737;0.000000;-0.140720;0.080052;0.000000;0.000000;-0.323243;-0.505890;-0.034007;-0.106035;10.330509;1.159622;13.713181;1.294217;1.077809;0.000000;9.983027;3.017578;0.733988;107.879048;8536.474875
3.000000;3.000000;0.000000;0.000000;3.000000;0.000000;0.000000;0.000000;0.000000;0.000000;0.000000;0.000000;918.000000;-0.000000;0.442996;0.833055;1.029635;1.060148;1.120890;0.196445;-0.274261;-1.355619;1.819095;0.049020;0.049020;0.501961;74.087623;1.771573;9.744849;9.233800;1.558934;2.430276;9.868757;0.334721;1.042185;0.284319;1.633575;0.049020;0.049020;0.000000;9810.083929;0.088703;-0.121373;0.098850;1.046692;1.095564;1.053706;0.363248;-0.669115;0.915027;0.965265;0.137255;0.137255;1.003922;57.377014;2.255091;1.692693;0.601060;17.893912;320.192077;17.973794;8.708841;-0.347460;1.793383;20.137250;0.225490;0.225490;0.501961;16624.109977;2.865465;-36.545490;-10.613500;58.951472;3475.275997;69.360283;4.169650;-0.609498;-0.875001;78.218875;0.009804;0.009804;0.000000;313500.018766;1.315851;0.000000;0.000000;-0.176646;0.103123;0.111525;-0.196893;0.000000;0.282487;0.026736;0.000000;0.000000;-0.155671;-0.185996;0.035470;-0.405878;10.267062;2.236198;13.756981;2.511256;1.013728;0.000000;9.919359;3.017578;-0.248455;107.648752;5135.016390
3.000000;3.000000;0.000000;0.000000;3.000000;0.000000;0.000000;0.000000;0.000000;0.000000;0.000000;0.000000;918.000000;-0.000000;0.356795;0.246165;1.028208;1.057211;1.088354;0.202741;0.321003;-1.052185;1.798803;0.058824;0.058824;0.501961;66.915324;1.715599;9.901260;9.583650;1.654267;2.736600;10.038503;0.388177;0.896748;0.272213;1.567800;0.107843;0.107843;0.000000;10139.131665;0.097976;0.537205;0.560030;1.111328;1.235051;1.234358;0.393098;-0.666945;0.458050;1.228470;0.186275;0.186275;0.000000;92.452333;2.205784;-1.476132;0.919960;19.147225;366.616209;19.204041;9.577274;-0.500264;-0.526350;31.613500;0.196078;0.196078;1.003922;18919.688160;2.579196;23.237331;14.834000;25.590841;654.891148;34.566815;4.289865;1.011735;0.617584;31.981050;0.049020;0.049020;0.000000;88486.822949;1.529423;0.000000;0.000000;0.003219;0.115944;0.191101;0.345205;0.000000;-0.027780;-0.010397;0.000000;0.000000;-0.348003;-0.163029;0.118318;-0.330846;10.410395;2.579737;13.808384;2.763714;1.067660;0.000000;10.128188;3.017578;0.324807;110.956060;1565.183510
3.000000;3.000000;0.000000;0.000000;3.000000;0.000000;0.000000;0.000000;0.000000;0.000000;0.000000;0.000000;918.000000;-0.000000;0.640598;0.376705;0.954298;0.910685;1.149370;0.205859;0.185667;-1.337721;1.792573;0.039216;0.039216;0.000000;88.305180;1.708295;9.849302;9.628850;1.527504;2.333270;9.967047;0.438013;0.956006;0.791316;1.434550;0.088235;0.088235;0.000000;10013.930632;0.088479;0.579154;0.676620;1.040144;1.081900;1.190512;0.380713;-0.568630;-0.092094;1.153193;0.176471;0.176471;0.000000;89.413911;1.863878;-2.907096;-1.319480;18.694284;349.476262;18.918971;9.186837;-0.049830;-0.887088;28.675750;0.117647;0.117647;0.501961;18685.713320;2.767557;63.681075;72.450000;38.627604;1492.091786;74.480676;4.211675;-0.222197;-0.924708;57.615750;0.009804;0.009804;0.000000;489746.953769;0.599743;0.000000;0.000000;0.062946;0.240833;-0.018761;0.440323;0.000000;-0.283310;-0.129158;0.000000;0.000000;-0.323193;0.191916;0.115149;0.053313;10.368739;2.152328;13.771458;2.362323;0.913750;0.000000;10.117302;3.017578;0.563607;109.663070;5906.715941
3.000000;3.000000;0.000000;0.000000;3.000000;0.000000;0.000000;0.000000;0.000000;0.000000;0.000000;0.000000;918.000000;-0.000000;0.481820;0.764385;1.091462;1.191289;1.193080;0.298931;-0.688503;-0.428010;1.629195;0.088235;0.088235;0.501961;84.444268;2.047531;9.607955;9.567200;1.270009;1.612922;9.691528;0.434582;1.040455;2.155946;1.352400;0.137255;0.137255;0.000000;9498.174869;0.069349;0.562744;0.535530;0.986109;0.972412;1.135382;0.498473;0.436817;1.662954;0.932904;0.215686;0.215686;0.000000;81.897220;2.326902;-3.569145;0.610933;24.290082;590.008074;24.550904;12.135038;-1.581775;4.188255;27.989500;0.147059;0.147059;2.007843;31393.210571;2.783125;84.632846;81.763000;33.095708;1095.325864;90.873783;5.480243;-0.513745;0.387707;37.175250;0.058824;0.058824;0.000000;786478.517417;0.371234;0.000000;0.000000;0.014809;-0.083884;-0.299901;0.534301;0.000000;0.048950;-0.084757;0.000000;0.000000;-0.429168;0.365808;0.150182;0.099250;10.145695;1.414040;13.640864;1.629899;1.202077;0.000000;9.867121;3.017578;0.288489;104.349160;8862.080477
3.000000;3.000000;0.000000;0.000000;3.000000;0.000000;0.000000;0.000000;0.000000;0.000000;0.000000;0.000000;918.000000;-0.000000;0.404462;0.625790;1.143712;1.308076;1.213122;0.364510;-0.389204;-0.700461;1.741565;0.088235;0.088235;0.000000;83.407641;2.293768;9.821090;9.871250;1.626959;2.646996;9.954939;0.441755;0.256403;-0.767521;2.067375;0.098039;0.098039;0.000000;9973.301638;0.097503;1.370626;1.361400;1.032368;1.065784;1.715925;0.530497;0.141501;-0.204243;1.400582;0.205882;0.205882;0.000000;245.974826;1.076105;-0.751670;6.577550;25.314099;640.803612;25.325257;13.152853;-1.655386;3.935081;24.609750;0.235294;0.235294;1.003922;32742.051980;2.867593;36.159758;15.629500;51.027936;2603.850216;62.541013;6.526119;0.546284;-0.811721;79.155825;0.029412;0.029412;0.000000;266166.831700;1.115904;0.000000;0.000000;0.124839;0.017364;-0.581318;0.063935;0.000000;0.032588;-0.032258;0.000000;0.000000;0.201956;-0.310059;0.170348;-0.217661;10.352842;2.391138;13.866182;2.712749;1.281483;0.000000;9.725729;3.017578;1.075950;109.572475;4555.691341
3.000000;3.000000;0.000000;0.000000;3.000000;0.000000;0.000000;0.000000;0.000000;0.000000;0.000000;0.000000;918.000000;-0.000000;0.473378;0.405210;0.935962;0.876026;1.048862;0.284434;0.252736;-1.020027;1.540050;0.068627;0.068627;0.000000;67.534854;1.974056;9.894785;9.306050;1.941590;3.769771;10.083479;0.465434;0.359459;-1.158645;3.242800;0.068627;0.068627;0.000000;10178.811584;0.132148;1.936303;1.787600;0.677755;0.459352;2.051492;0.428756;0.318075;-0.583517;1.074850;0.196078;0.196078;0.000000;405.852562;0.388299;0.585834;-0.944135;19.073759;363.808281;19.082754;11.129940;-0.088282;0.158874;26.195225;0.215686;0.215686;1.505882;18589.269697;2.866954;-6.598869;-4.060250;21.336358;455.240189;22.333501;5.321010;-0.001301;-0.351056;29.419875;0.088235;0.088235;0.501961;27661.726062;2.165000;0.000000;0.000000;0.182274;-0.010256;-0.129070;-0.129355;0.000000;0.113307;0.054435;0.000000;0.000000;0.195375;-0.384107;0.066314;-0.134402;10.407120;3.468521;13.743927;3.844898;0.846897;0.000000;10.011822;3.017578;1.944823;111.776659;867.145366
3.000000;3.000000;0.000000;0.000000;3.000000;0.000000;0.000000;0.000000;0.000000;0.000000;0.000000;0.000000;918.000000;-0.000000;-0.214561;-0.100029;1.517912;2.304057;1.533001;0.279007;-0.236259;-0.096200;1.776752;0.068627;0.068627;0.501961;122.203416;1.819554;9.717704;9.299400;1.813160;3.287548;9.885409;0.457555;0.990363;0.293793;1.967525;0.098039;0.098039;0.000000;9800.005028;0.118359;1.151142;1.496800;1.253678;1.571707;1.702009;0.417828;-0.482869;-0.849910;2.031416;0.088235;0.088235;0.000000;215.333363;1.209896;6.664466;5.158500;19.556250;382.446898;20.660639;9.751531;0.121612;0.173662;25.084725;0.196078;0.196078;0.501961;24037.364429;2.542519;-50.582634;-35.418500;50.321833;2532.286879;71.350471;5.801940;-0.239718;-1.341169;97.064475;0.029412;0.029412;0.000000;390140.443579;1.073845;0.000000;0.000000;0.071285;-0.351750;0.489795;-0.301291;0.000000;-0.127021;0.029743;0.000000;0.000000;0.616976;0.032640;-0.230464;0.186063;10.297643;3.029960;13.899912;3.358164;2.288803;0.000000;9.586814;3.017578;1.664014;109.071411;5520.648583
3.000000;3.000000;0.000000;0.000000;3.000000;0.000000;0.000000;0.000000;0.000000;0.000000;0.000000;0.000000;918.000000;-0.000000;-0.172319;0.181485;1.674469;2.803846;1.683312;0.246971;-0.219767;-0.838967;2.731975;0.019608;0.019608;0.501961;146.026096;1.270412;9.822471;9.667600;1.392266;1.938405;9.920652;0.365135;1.214686;2.394450;1.383800;0.166667;0.166667;0.000000;9940.111905;0.078857;-0.144870;-0.386580;1.043156;1.088174;1.053167;0.395351;1.004123;0.243838;0.983747;0.147059;0.147059;0.501961;57.645334;2.382957;10.271124;9.230850;16.392388;268.710376;19.344414;9.210964;0.086215;0.293330;20.023650;0.215686;0.215686;0.000000;24467.080781;2.278261;-95.479049;-100.052500;32.221980;1038.255977;100.769563;6.056099;0.431745;-0.422078;37.877750;0.078431;0.078431;0.000000;982809.406752;0.276759;0.000000;0.000000;-0.094563;0.180916;0.022358;0.131332;0.000000;-0.137115;0.399871;0.000000;0.000000;0.360081;-0.162633;-0.336134;0.082516;10.417196;1.734898;14.251617;2.885052;1.904152;0.000000;9.816894;3.017578;0.256126;110.252873;10529.820303
3.000000;3.000000;0.000000;0.000000;3.000000;0.000000;0.000000;0.000000;0.000000;0.000000;0.000000;0.000000;918.000000;-0.000000;-0.063505;-0.297080;1.151087;1.325001;1.152837;0.209723;0.282345;-1.159174;2.190142;0.029412;0.029412;0.501961;68.011322;2.104481;10.055616;9.798050;1.525059;2.325805;10.170605;0.387786;0.715575;0.554236;1.313200;0.137255;0.137255;0.000000;10432.393337;0.080911;-0.642925;-0.577090;1.016563;1.033401;1.202810;0.404105;-0.619224;1.030662;1.124197;0.225490;0.225490;0.000000;94.866300;2.022445;-1.909764;-0.737545;19.456315;378.548211;19.549819;10.981541;-0.094493;0.656234;22.725525;0.176471;0.176471;2.509804;19678.048912;3.112511;-54.567339;-43.646000;50.841048;2584.812197;74.581544;4.864247;-0.287512;-1.165833;88.366250;0.009804;0.009804;0.000000;435548.241608;0.945782;0.000000;0.000000;0.085491;0.030594;0.053387;-0.375530;0.000000;0.228868;0.271238;0.000000;0.000000;-0.372657;-0.199946;-0.085521;-0.218797;10.564835;2.154505;14.068684;2.371072;1.315881;0.000000;9.984299;3.017578;-0.711459;113.770246;5946.048811
3.000000;3.000000;0.000000;0.000000;3.000000;0.000000;0.000000;0.000000;0.000000;0.000000;0.000000;0.000000;918.000000;-0.000000;0.357165;0.462600;1.084317;1.175744;1.141626;0.207352;-0.069226;-1.440370;2.096280;0.058824;0.058824;0.501961;72.991201;1.789829;9.904903;9.596100;1.780064;3.168628;10.063584;0.415835;0.539227;-0.455858;2.555675;0.068627;0.068627;0.000000;10168.526284;0.114982;-0.557770;-0.420910;1.141005;1.301892;1.270039;0.344181;-0.584010;0.152561;1.325878;0.078431;0.078431;0.000000;98.157283;1.984406;-1.802532;-0.289925;22.191318;492.454604;22.264405;11.463355;-0.242906;0.597947;26.149500;0.147059;0.147059;6.023529;25446.595435;2.947297;4.292837;9.275150;20.010092;400.403788;20.465391;3.623818;-0.673159;-0.643932;29.217450;0.088235;0.088235;0.501961;22313.009082;1.908214;0.000000;0.000000;0.065600;0.004108;0.060112;0.211475;0.000000;0.169764;0.013284;0.000000;0.000000;-0.071335;0.315745;-0.078099;-0.360495;10.422513;2.950261;13.917722;3.208092;1.179293;0.000000;10.078777;3.017578;-0.658655;111.579041;916.148959
3.000000;3.000000;0.000000;0.000000;3.000000;0.000000;0.000000;0.000000;0.000000;0.000000;0.000000;0.000000;918.000000;-0.000000;0.799626;0.960370;0.916171;0.839370;1.216047;0.204358;0.234426;-0.329446;1.308978;0.019608;0.019608;0.000000;108.027433;1.439749;9.606625;9.383900;1.499770;2.249309;9.722990;0.370053;0.399949;-0.653663;2.174300;0.078431;0.078431;0.000000;9528.013326;0.084867;-0.254335;-0.221715;1.142974;1.306390;1.170930;0.326442;-0.276987;-0.625605;1.770920;0.098039;0.098039;1.003922;73.224544;1.816478;2.093496;1.904350;20.390990;415.792472;20.498175;9.369524;-0.196828;1.131905;20.485925;0.166667;0.166667;1.505882;21652.455998;2.824706;47.880754;29.431000;37.868797;1434.045770;61.045986;3.546749;0.626266;-1.119632;65.820000;0.009804;0.009804;0.000000;306981.234364;0.800100;0.000000;0.000000;-0.222046;-0.107511;-0.118261;0.096900;0.000000;-0.090607;0.049672;0.000000;0.000000;-0.429013;-0.025756;0.276133;0.055905;10.148836;2.016442;13.580772;2.335395;0.783865;0.000000;9.651060;3.017578;-0.209785;105.015314;4148.158629
3.000000;3.000000;0.000000;0.000000;3.000000;0.000000;0.000000;0.000000;0.000000;0.000000;0.000000;0.000000;918.000000;-0.000000;0.771529;0.794360;0.874963;0.765560;1.166541;0.198892;0.361007;0.110755;1.178295;0.039216;0.039216;0.000000;99.759800;1.434506;9.738159;9.718900;1.140430;1.300581;9.804709;0.337595;0.266759;0.858560;0.794975;0.147059;0.147059;0.000000;9739.206366;0.055244;0.005432;0.189585;1.018924;1.038206;1.018938;0.336555;-0.705642;0.271291;1.303240;0.147059;0.147059;1.003922;52.954621;1.851563;2.731675;2.250450;20.349386;414.097496;20.531915;9.423073;0.020407;-0.159246;21.341750;0.156863;0.156863;1.505882;21880.180309;2.678635;74.785490;78.490500;29.229624;854.370925;80.294710;3.534871;-0.126588;-1.298474;55.085500;0.019608;0.019608;0.000000;614051.199567;0.299690;0.000000;0.000000;-0.453757;0.023358;-0.143573;0.189367;0.000000;-0.059883;0.075693;0.000000;0.000000;-0.595256;0.400703;0.456565;0.471806;10.265034;1.122220;13.663798;1.574401;0.512196;0.000000;9.799347;3.017578;0.127476;106.493135;6869.838250
3.000000;3.000000;0.000000;0.000000;3.000000;0.000000;0.000000;0.000000;0.000000;0.000000;0.000000;0.000000;918.000000;-0.000000;0.555041;0.718385;0.826124;0.682480;0.995264;0.191151;-1.003030;1.082409;1.062016;0.117647;0.117647;0.000000;66.230088;1.613697;9.776943;9.694400;1.392269;1.938414;9.875578;0.374875;0.825772;1.055873;1.113200;0.176471;0.176471;0.000000;9848.919585;0.073574;0.275396;0.341910;0.683941;0.467775;0.737305;0.344106;-0.376003;0.415673;0.742711;0.264706;0.264706;0.000000;31.599411;2.755834;0.679440;1.275400;21.401812;458.037555;21.412594;12.033410;-0.187830;-0.384362;28.029750;0.215686;0.215686;2.007843;23414.393618;2.848799;51.250525;58.289000;37.771103;1426.656216;63.665316;4.041801;-0.398818;-0.556687;50.795500;0.049020;0.049020;0.000000;340687.530721;0.849335;0.000000;0.000000;0.216497;0.211763;-0.015624;0.080907;0.000000;0.132979;-0.473456;0.000000;0.000000;0.026471;0.121662;-0.010384;-0.005490;10.281965;1.798788;13.626381;2.005647;0.641197;0.000000;9.787370;3.017578;0.182746;107.517583;4512.315320
3.000000;3.000000;0.000000;0.000000;3.000000;0.000000;0.000000;0.000000;0.000000;0.000000;0.000000;0.000000;918.000000;-0.000000;0.163755;0.115424;0.934658;0.873586;0.948895;0.203269;-0.102321;-0.677823;1.459143;0.029412;0.029412;0.501961;47.301261;2.021509;9.717814;9.217800;1.747638;3.054238;9.873710;0.470038;0.713659;-0.523185;2.494775;0.078431;0.078431;0.000000;9788.234912;0.110220;0.922620;0.849560;0.883276;0.780176;1.277264;0.418559;-0.018123;0.832162;0.977687;0.205882;0.205882;0.000000;126.633690;1.507589;-6.447120;-7.412050;17.780197;316.135393;18.912978;12.155426;0.171914;0.991017;20.525275;0.264706;0.264706;0.000000;20399.168241;2.991774;17.535955;11.707000;31.644759;1001.390745;36.178730;4.784213;0.431230;-0.842348;36.928700;0.078431;0.078431;0.000000;82440.542112;1.516448;0.000000;0.000000;0.126792;0.070953;-0.081522;-0.024719;0.000000;0.105277;-0.313382;0.000000;0.000000;-0.034881;-0.461925;-0.228286;-0.090682;10.226122;2.816979;13.519595;3.104167;0.862547;0.000000;9.726032;3.017578;0.619469;107.390544;1668.232624
3.000000;3.000000;0.000000;0.000000;3.000000;0.000000;0.000000;0.000000;0.000000;0.000000;0.000000;0.000000;918.000000;-0.000000;0.490945;0.731090;0.959802;0.921220;1.078076;0.202006;-0.148438;-0.955837;1.664775;0.039216;0.039216;0.501961;71.570431;1.605058;9.649434;9.303850;1.778318;3.162414;9.811931;0.533904;0.612495;-0.388293;2.433725;0.078431;0.078431;0.000000;9658.685510;0.117929;1.136870;1.056950;0.809352;0.655051;1.395537;0.444597;0.465657;0.534692;0.961977;0.225490;0.225490;0.000000;165.241909;1.072142;-1.918312;-4.263850;19.197351;368.538303;19.292958;12.268150;0.551168;0.634699;19.667700;0.245098;0.245098;0.501961;19181.656217;3.056224;-19.007893;-12.876500;36.618657;1340.926050;41.258042;5.151657;-0.580348;-0.648686;53.429575;0.088235;0.088235;0.501961;105252.562081;1.402145;0.000000;0.000000;-0.061338;0.153212;0.420769;-0.046047;0.000000;-0.114071;0.141703;0.000000;0.000000;-0.363624;-0.671442;-0.331701;0.163052;10.178572;2.832915;13.589440;3.198654;0.925413;0.000000;9.798664;3.017578;1.213815;106.436244;2076.391805
3.000000;3.000000;0.000000;0.000000;3.000000;0.000000;0.000000;0.000000;0.000000;0.000000;0.000000;0.000000;918.000000;-0.000000;0.289371;0.538750;1.468029;2.155108;1.496277;0.248249;0.125651;-0.973692;2.455100;0.039216;0.039216;0.501961;118.453875;1.390553;9.925127;9.609450;1.789012;3.200562;10.085074;0.548090;0.608644;0.094854;1.582975;0.147059;0.147059;0.000000;10211.294254;0.114802;0.598931;0.649685;0.822487;0.676484;1.017449;0.484862;0.398446;0.907954;0.895502;0.235294;0.235294;0.000000;71.205735;2.108870;4.237114;1.418990;20.021112;400.844937;20.464557;13.248167;0.712506;0.843435;16.806200;0.284314;0.284314;1.003922;22274.851945;3.012279;-54.731118;-66.035000;30.925058;956.359188;62.863777;5.535473;0.727718;-0.351520;45.256000;0.029412;0.029412;0.000000;354319.717074;0.669173;0.000000;0.000000;-0.008142;0.219462;0.282621;0.342516;0.000000;-0.300672;0.180489;0.000000;0.000000;0.370131;-0.091830;-0.248761;0.254134;10.491937;2.866823;14.237988;3.232693;2.176004;0.000000;9.970420;3.017578;0.832739;112.947561;4371.687736
3.000000;3.000000;0.000000;0.000000;3.000000;0.000000;0.000000;0.000000;0.000000;0.000000;0.000000;0.000000;918.000000;-0.000000;-0.189607;-0.522895;1.428539;2.040724;1.441067;0.239611;0.744117;-0.251405;2.291295;0.039216;0.039216;0.501961;107.744975;1.444900;10.066518;9.801750;1.223601;1.497200;10.140610;0.428053;1.478775;3.129012;1.006700;0.147059;0.147059;0.000000;10412.619211;0.062778;0.378497;0.395520;0.649303;0.421595;0.751568;0.393235;0.429364;1.493119;0.601696;0.274510;0.274510;0.000000;36.129248;2.540234;4.833579;0.173630;23.148434;535.849981;23.647695;11.565747;0.594453;0.125129;30.417250;0.205882;0.205882;1.505882;29726.485021;2.738166;-73.846275;-73.719000;22.954759;526.920950;77.331709;4.458743;0.325820;-0.073722;30.662500;0.088235;0.088235;0.000000;583107.069289;0.273202;0.000000;0.000000;0.057149;0.011352;-0.175622;-0.213913;0.000000;0.075329;0.512605;0.000000;0.000000;0.416861;-0.137817;-0.034292;0.015332;10.608627;1.365688;14.282147;2.078884;1.494070;0.000000;10.264091;3.017578;0.375249;113.908653;6539.971532
3.000000;3.000000;0.000000;0.000000;3.000000;0.000000;0.000000;0.000000;0.000000;0.000000;0.000000;0.000000;918.000000;-0.000000;-0.457620;-0.734325;1.002285;1.004575;1.101813;0.222644;0.471557;-0.899833;1.428275;0.049020;0.049020;0.000000;72.599008;2.105382;10.125503;9.669750;1.671917;2.795305;10.262608;0.481994;1.238034;1.289586;1.433650;0.117647;0.117647;0.000000;10600.212931;0.099409;-0.127255;0.158195;1.150103;1.322738;1.157122;0.433187;-1.194052;1.665617;1.304805;0.107843;0.107843;0.501961;69.123749;2.670920;1.556174;0.686850;30.865979;952.708672;30.905183;13.386048;-0.698632;1.170604;36.840750;0.156863;0.156863;1.505882;48837.164904;2.648427;-52.182563;-56.454000;38.741549;1500.907642;64.991750;4.004808;0.214094;-0.876243;53.024000;0.068627;0.068627;0.000000;354296.981532;0.794300;0.000000;0.000000;0.156299;0.025691;-0.323510;-0.365898;0.000000;0.284488;0.389126;0.000000;0.000000;0.046485;-0.277621;0.098570;-0.283233;10.627394;2.593604;14.093387;2.860875;0.976627;0.000000;10.022509;3.017578;0.112422;115.535106;5180.396839
3.000000;3.000000;0.000000;0.000000;3.000000;0.000000;0.000000;0.000000;0.000000;0.000000;0.000000;0.000000;918.000000;-0.000000;0.100005;-0.053457;1.242208;1.543080;1.246227;0.239596;0.140698;-1.416113;2.262550;0.058824;0.058824;0.501961;79.725263;1.419484;9.876571;9.250450;2.117548;4.484008;10.101022;0.513036;0.896280;-0.287233;2.810625;0.068627;0.068627;0.000000;10178.443018;0.151156;-0.491847;-0.265235;1.183695;1.401133;1.281814;0.442826;-0.690929;0.227266;1.430978;0.166667;0.166667;0.000000;96.141641;2.513096;-3.115534;0.067741;28.166196;793.334576;28.337980;12.853927;-0.823462;1.608923;36.313250;0.215686;0.215686;1.003922;41455.608076;2.612511;0.491507;13.511500;32.082594;1029.292812;32.086358;3.838017;-0.776126;-0.631078;44.988000;0.029412;0.029412;0.501961;52531.044517;0.923171;0.000000;0.000000;0.138546;-0.020242;0.184355;-0.120844;0.000000;0.036052;0.137100;0.000000;0.000000;0.172321;0.602504;0.077282;-0.259938;10.411997;4.174050;13.997255;4.573332;1.513430;0.000000;10.059273;3.017578;-0.711450;112.583735;1834.218564
3.000000;3.000000;0.000000;0.000000;3.000000;0.000000;0.000000;0.000000;0.000000;0.000000;0.000000;0.000000;918.000000;-0.000000;1.000968;1.131900;0.919225;0.844974;1.359011;0.214486;-0.171040;-1.033083;1.550610;0.049020;0.049020;0.000000;145.299625;1.168606;9.572666;8.955600;1.835085;3.367536;9.746972;0.452523;1.081067;0.217689;1.936325;0.088235;0.088235;0.000000;9518.613413;0.124399;0.073639;0.036607;1.134561;1.287228;1.136948;0.381358;-0.336375;-0.366305;1.550228;0.117647;0.117647;1.003922;66.205614;2.328414;3.969083;7.755900;22.636454;512.409031;22.981790;9.931965;-0.502023;-0.036895;34.388000;0.147059;0.147059;1.505882;27740.565598;2.657203;42.894231;29.905000;28.067428;787.780505;51.261053;3.306152;0.770215;-0.527644;49.586750;0.029412;0.029412;0.000000;227851.253861;0.742783;0.000000;0.000000;0.030231;0.079347;-0.252636;0.292274;0.000000;0.274649;0.100761;0.000000;0.000000;-0.287623;0.454393;0.232728;-0.367153;10.136603;3.099649;13.699338;3.401918;0.852300;0.000000;9.586774;3.017578;0.007684;105.850376;3157.150893
3.000000;3.000000;0.000000;0.000000;3.000000;0.000000;0.000000;0.000000;0.000000;0.000000;0.000000;0.000000;918.000000;-0.000000;0.672312;0.580455;1.065905;1.136153;1.260221;0.181570;-0.198271;-0.594427;1.470637;0.078431;0.078431;0.000000;104.048656;1.313866;9.759726;9.617750;1.332249;1.774888;9.850236;0.418474;1.460367;2.456501;1.116425;0.176471;0.176471;0.000000;9806.294100;0.074068;0.307656;0.269995;0.914828;0.836910;0.965175;0.369357;-0.249987;0.136930;1.213952;0.176471;0.176471;0.501961;52.337703;2.406231;2.640103;6.120500;21.929493;480.902673;22.087843;10.789810;-0.591194;0.391879;26.291200;0.235294;0.235294;1.505882;25240.689264;2.782471;82.918563;78.934000;39.033988;1523.652206;91.646823;4.607242;0.326284;-0.286413;52.222750;0.029412;0.029412;0.000000;779035.584792;0.465310;0.000000;0.000000;-0.295460;0.005091;-0.282007;-0.069859;0.000000;0.272446;0.006182;0.000000;0.000000;-0.494173;-0.164580;0.398875;-0.372134;10.297697;1.572750;13.799909;2.002441;0.937423;0.000000;9.892655;3.017578;0.441466;107.615305;8887.944634
3.000000;3.000000;0.000000;0.000000;3.000000;0.000000;0.000000;0.000000;0.000000;0.000000;0.000000;0.000000;918.000000;-0.000000;0.437475;0.703475;0.946683;0.896208;1.042877;0.182878;-0.500441;-0.699531;1.564963;0.068627;0.068627;0.000000;65.245575;1.821113;9.871182;9.794450;1.433516;2.054967;9.974728;0.445526;0.744129;1.031349;1.098525;0.196078;0.196078;0.000000;10043.745761;0.081255;0.575226;0.549390;0.785143;0.616450;0.973311;0.425775;0.338255;0.461967;0.875628;0.245098;0.245098;0.000000;65.196415;2.140746;-3.468306;3.645750;27.252024;742.672813;27.471839;13.251382;-1.300025;3.571879;29.928750;0.166667;0.166667;1.505882;39103.495193;2.897868;63.742830;68.894500;55.995999;3135.551856;84.845155;6.117852;-0.061261;-0.794326;72.727000;0.029412;0.029412;0.000000;574374.432594;0.883235;0.000000;0.000000;-0.349918;0.359061;-0.278126;0.188247;0.000000;-0.111000;0.126191;0.000000;0.000000;-0.179634;-0.282007;0.243652;-0.123977;10.378941;1.860377;13.811891;2.246734;0.733660;0.000000;9.799844;3.017578;0.323661;109.582800;7954.349575
3.000000;3.000000;0.000000;0.000000;3.000000;0.000000;0.000000;0.000000;0.000000;0.000000;0.000000;0.000000;918.000000;-0.000000;0.368010;0.652620;0.863940;0.746392;0.939054;0.217214;-0.128607;-1.019096;1.453698;0.049020;0.049020;0.501961;51.880276;2.054416;9.684182;9.317700;2.171558;4.715663;9.924669;0.606270;0.677852;-0.513890;2.651425;0.107843;0.107843;0.000000;9806.491807;0.157536;1.016553;0.961210;0.894608;0.800324;1.354143;0.555586;0.054800;-0.258421;1.242185;0.196078;0.196078;0.000000;146.402845;1.328574;-0.182405;6.426350;32.528971;1058.133984;32.529483;15.033021;-1.107310;1.321064;39.354000;0.156863;0.156863;1.505882;53969.685605;2.488844;7.552013;5.069600;38.993490;1520.492255;39.718071;6.132889;0.379107;-0.889974;62.873000;0.068627;0.068627;1.003922;83377.867345;1.915548;0.000000;0.000000;0.129950;0.053035;-0.028394;0.216020;0.000000;-0.032996;0.102997;0.000000;0.000000;-0.130918;-0.148777;0.172646;0.058885;10.200060;4.339651;13.512444;4.777419;0.738716;0.000000;9.771943;3.017578;0.925875;108.380874;2637.526116
3.000000;3.000000;0.000000;0.000000;3.000000;0.000000;0.000000;0.000000;0.000000;0.000000;0.000000;0.000000;918.000000;-0.000000;-0.149229;-0.262485;1.041094;1.083877;1.051735;0.257846;0.077907;-0.520594;1.677145;0.068627;0.068627;0.501961;57.554218;1.984198;9.570702;8.820200;2.321935;5.391384;9.848336;0.656096;0.861425;-0.209885;3.014525;0.107843;0.107843;0.000000;9618.087856;0.191857;1.206654;1.267000;0.922039;0.850156;1.518608;0.578481;-0.008924;-0.975357;1.504060;0.147059;0.147059;0.000000;192.044579;1.194355;-5.167568;-5.029300;27.694513;766.986066;28.172501;14.870681;-0.177988;-0.914842;43.489750;0.205882;0.205882;1.505882;41840.073641;2.886189;-8.214934;-7.470550;32.022768;1025.457664;33.059685;6.271570;-0.208478;-0.696122;45.339250;0.068627;0.068627;2.007843;59183.977081;1.933512;0.000000;0.000000;0.112888;-0.222177;-0.089760;0.184968;0.000000;0.131253;0.088010;0.000000;0.000000;-0.081578;-0.441928;0.054977;0.239734;10.103026;5.024741;13.454624;5.462154;1.077219;0.000000;9.598721;3.017578;1.126258;107.095866;1888.938798
3.000000;3.000000;0.000000;0.000000;3.000000;0.000000;0.000000;0.000000;0.000000;0.000000;0.000000;0.000000;918.000000;-0.000000;-0.037215;-0.032130;1.176176;1.383390;1.176765;0.288432;-0.005550;-1.023537;1.936422;0.058824;0.058824;0.501961;70.694674;1.857830;9.972485;9.613150;1.920929;3.689967;10.155808;0.533930;0.800078;0.326077;1.997100;0.117647;0.117647;0.000000;10332.245594;0.126409;1.472155;1.600650;0.966427;0.933981;1.761029;0.537703;-0.015641;-0.676054;1.350348;0.235294;0.235294;0.000000;268.715118;0.986571;-2.027292;-0.481690;20.608964;424.729389;20.708436;12.459381;-0.212696;0.075637;25.251500;0.284314;0.284314;0.501961;22082.607440;3.096803;-68.510832;-74.614000;70.732239;5003.049619;98.472249;6.334650;-0.222275;-1.002771;116.001525;0.019608;0.019608;0.000000;733921.431405;0.769070;0.000000;0.000000;-0.103359;0.062407;-0.025354;-0.268662;0.000000;0.106461;0.047673;0.000000;0.000000;0.144715;-0.261935;0.181576;0.192442;10.493506;3.411529;14.003475;3.750138;1.373450;0.000000;10.132801;3.017578;1.378337;113.525205;10128.724294
3.000000;3.000000;0.000000;0.000000;3.000000;0.000000;0.000000;0.000000;0.000000;0.000000;0.000000;0.000000;918.000000;-0.000000;-0.223734;-0.327070;1.218877;1.485662;1.239241;0.294815;0.092215;-1.138633;1.915645;0.058824;0.058824;0.501961;80.877598;2.118258;10.272767;9.817750;1.622073;2.631121;10.400041;0.475687;1.260711;1.210684;1.365500;0.107843;0.107843;0.000000;10898.344138;0.097357;0.875800;0.866660;1.350410;1.823608;1.609545;0.502074;-0.756956;1.387331;1.290630;0.205882;0.205882;0.000000;171.257992;2.074786;8.061630;8.136350;20.065040;402.605820;21.623961;11.326546;-0.524553;0.755710;25.683450;0.264706;0.264706;0.000000;27162.464614;2.795747;-90.673137;-89.914500;50.762002;2576.780847;103.915344;5.979554;-0.672018;-0.425494;79.941000;0.058824;0.058824;0.000000;970020.848815;0.546347;0.000000;0.000000;-0.212139;0.216839;-0.256584;0.011922;0.000000;-0.210118;0.094839;0.000000;0.000000;0.215840;-0.222856;0.212966;-0.276528;10.781922;2.446731;14.348827;2.795684;1.361859;0.000000;10.388444;3.017578;1.361887;118.696575;11268.585005
3.000000;3.000000;0.000000;0.000000;3.000000;0.000000;0.000000;0.000000;0.000000;0.000000;0.000000;0.000000;918.000000;-0.000000;-0.329534;-0.371780;1.043892;1.089710;1.094670;0.223755;-0.139647;-1.165197;1.743055;0.068627;0.068627;0.501961;66.651738;1.964719;9.869917;9.419050;1.838932;3.381671;10.039767;0.530600;1.167776;0.989835;1.616650;0.107843;0.107843;0.000000;10108.885112;0.118637;-0.378935;-0.193200;1.167990;1.364199;1.227922;0.437717;-0.748480;-0.087811;1.498982;0.156863;0.156863;0.501961;84.221120;2.252929;6.067221;6.800500;23.178607;537.247831;23.959528;12.778491;-0.280207;-0.185701;36.542725;0.205882;0.205882;2.007843;31155.737340;2.671873;-35.650602;-33.537500;25.498071;650.151636;43.830549;4.891713;-1.302583;1.503838;24.231250;0.088235;0.088235;0.000000;162802.679606;0.833891;0.000000;0.000000;-0.217175;0.207834;-0.342796;-0.120725;0.000000;-0.173716;-0.099822;0.000000;0.000000;-0.318185;0.232174;0.103327;-0.220678;10.384183;3.163972;13.812012;3.489357;1.026295;0.000000;10.136813;3.017578;-0.038204;110.995229;2496.683847
3.000000;3.000000;0.000000;0.000000;3.000000;0.000000;0.000000;0.000000;0.000000;0.000000;0.000000;0.000000;918.000000;-0.000000;0.409694;0.657915;0.938590;0.880952;1.024110;0.166554;-0.180662;-1.205248;1.615465;0.019608;0.019608;0.501961;62.052522;1.525358;9.666227;9.320400;1.673668;2.801164;9.810052;0.463375;0.937528;0.222019;1.947200;0.107843;0.107843;0.000000;9673.442591;0.101190;-0.662486;-0.485315;1.086706;1.180931;1.272721;0.403744;-0.672137;0.114849;1.361317;0.186275;0.186275;0.000000;104.995926;1.843797;3.236006;6.528100;22.373841;500.588762;22.606647;12.093958;0.040085;0.303383;23.176100;0.196078;0.196078;3.011765;26598.443144;2.905918;14.394332;-3.173250;38.952626;1517.307102;41.527147;3.798974;0.482720;-1.237508;65.212750;0.009804;0.009804;0.501961;98521.362613;1.215283;0.000000;0.000000;-0.085855;-0.103944;-0.060112;-0.073900;0.000000;0.113268;0.041151;0.000000;0.000000;-0.094136;0.440251;0.110483;0.000431;10.185049;2.550703;13.582385;2.838418;0.880155;0.000000;9.660113;3.017578;-0.759124;106.285918;2237.184223
3.000000;3.000000;0.000000;0.000000;3.000000;0.000000;0.000000;0.000000;0.000000;0.000000;0.000000;0.000000;918.000000;-0.000000;0.444666;0.365325;0.929582;0.864124;1.030462;0.208024;0.032570;-1.197524;1.607865;0.049020;0.049020;0.000000;64.245177;1.962239;9.809021;9.592050;1.531578;2.345731;9.927871;0.451016;0.658577;0.216898;1.682550;0.127451;0.127451;0.000000;9933.799132;0.088086;-0.398114;-0.130690;1.050651;1.103868;1.123549;0.400945;-0.963526;0.609512;1.184908;0.137255;0.137255;1.505882;72.463827;2.209296;-0.516026;3.667500;24.018231;576.875423;24.023774;12.537984;-0.271820;0.060369;26.848500;0.196078;0.196078;2.509804;29493.670505;2.776317;70.050542;56.797500;47.147785;2222.913641;84.439281;4.737034;0.833979;-0.063889;37.261000;0.029412;0.029412;0.000000;613909.522023;0.772096;0.000000;0.000000;0.049165;0.107933;-0.049798;0.006076;0.000000;0.091292;-0.220221;0.000000;0.000000;-0.296763;-0.085253;0.230301;0.045360;10.317493;2.173801;13.665327;2.372289;0.869347;0.000000;10.047342;3.017578;-0.464913;108.624467;7708.396165
3.000000;3.000000;0.000000;0.000000;3.000000;0.000000;0.000000;0.000000;0.000000;0.000000;0.000000;0.000000;918.000000;-0.000000;0.554015;0.539205;0.895732;0.802337;1.053218;0.217679;0.185993;-0.857155;1.586285;0.049020;0.049020;0.000000;72.231665;1.886695;9.783076;9.805700;1.202104;1.445055;9.856655;0.394739;0.752147;2.754229;0.847525;0.186275;0.186275;0.000000;9836.011678;0.064778;-0.084163;0.015834;0.752166;0.565754;0.756860;0.350652;-1.239947;1.823576;0.882452;0.176471;0.176471;1.003922;29.611082;2.667155;-0.039151;-0.541950;22.878391;523.420779;22.878425;13.098991;-0.016377;0.245334;24.645500;0.254902;0.254902;1.505882;26767.138450;3.035853;76.593373;62.165500;52.333994;2738.846924;92.765250;5.821295;0.345310;-1.073704;90.630500;0.019608;0.019608;0.000000;738068.942706;0.601817;0.000000;0.000000;0.432834;0.198263;-0.084151;0.161033;0.000000;0.022194;-0.053773;0.000000;0.000000;0.119265;-0.011612;0.195929;-0.024744;10.290823;1.361867;13.632725;1.706539;0.563104;0.000000;9.872035;3.017578;-0.280617;107.262909;9129.386791
3.000000;3.000000;0.000000;0.000000;3.000000;0.000000;0.000000;0.000000;0.000000;0.000000;0.000000;0.000000;918.000000;-0.000000;0.670160;0.917355;1.032749;1.066570;1.231131;0.231255;-0.713206;0.063486;1.585040;0.058824;0.058824;0.000000;100.204731;1.510171;9.621234;9.785550;2.015594;4.062620;9.830095;0.583111;0.934261;1.807030;2.058225;0.137255;0.137255;0.000000;9649.175170;0.146951;0.477543;0.493955;0.844363;0.712949;0.970050;0.442791;-0.140206;1.307426;0.962338;0.196078;0.196078;0.000000;59.626764;2.539501;-1.491916;0.287280;28.296601;800.697622;28.335904;15.828605;-0.313914;0.796970;27.225500;0.245098;0.245098;3.011765;41062.615080;3.041232;30.726270;17.510500;51.088703;2610.055554;59.616770;5.817083;0.548769;-0.651904;70.125000;0.029412;0.029412;0.000000;229422.251193;1.495429;0.000000;0.000000;0.273128;-0.104372;-0.373961;0.110145;0.000000;0.093310;-0.006108;0.000000;0.000000;0.032345;0.072527;0.083182;-0.157970;10.170645;3.704440;13.702857;4.208138;0.971836;0.000000;9.838978;3.017578;0.264453;107.146454;4358.023667
3.000000;3.000000;0.000000;0.000000;3.000000;0.000000;0.000000;0.000000;0.000000;0.000000;0.000000;0.000000;918.000000;-0.000000;0.361148;0.362745;1.004980;1.009985;1.067901;0.299852;-0.298567;-0.632913;1.681447;0.078431;0.078431;0.000000;64.812933;2.242192;9.885514;8.806750;2.759873;7.616897;10.263541;0.848889;0.709283;-0.682869;4.045025;0.058824;0.058824;0.000000;10357.048388;0.213967;1.077326;1.131750;1.066127;1.136626;1.515670;0.628976;-0.242828;0.451608;1.380888;0.196078;0.196078;0.000000;176.833333;1.539185;-4.463326;0.909470;30.941616;957.383587;31.261876;20.716028;-0.339625;0.070529;38.917000;0.245098;0.245098;1.505882;51128.708992;3.135821;-1.839805;-5.398400;31.923253;1019.094085;31.976225;6.516401;0.256250;-0.850299;47.576000;0.107843;0.107843;1.003922;52320.049755;1.562096;0.000000;0.000000;0.282374;0.156878;-0.094919;-0.121175;0.000000;0.075458;-0.327737;0.000000;0.000000;0.153653;-0.671028;0.126187;0.012590;10.414901;7.010532;13.792549;7.784791;0.927506;0.000000;9.690984;3.017578;0.874485;115.480692;2002.081091
3.000000;3.000000;0.000000;0.000000;3.000000;0.000000;0.000000;0.000000;0.000000;0.000000;0.000000;0.000000;918.000000;-0.000000;-0.027594;-0.175860;1.154474;1.332811;1.154804;0.277739;-0.009138;-0.479785;1.607115;0.088235;0.088235;0.501961;68.095282;2.120489;10.057829;9.484050;2.423925;5.875410;10.345789;0.650135;0.761511;-0.709935;3.863350;0.068627;0.068627;0.000000;10618.740337;0.169510;1.091866;1.079750;0.907319;0.823227;1.419647;0.547160;0.359992;-0.077824;1.167992;0.254902;0.254902;0.000000;164.071932;1.323426;4.606212;9.062600;30.289918;917.479158;30.638152;18.537755;-0.487418;0.773900;29.546050;0.274510;0.274510;1.505882;49272.041267;3.094463;-23.206362;-26.288500;31.472851;990.540348;39.103396;6.798367;0.340879;-0.555381;45.645125;0.088235;0.088235;0.000000;105450.940480;1.396045;0.000000;0.000000;0.001947;0.199221;0.215512;0.022772;0.000000;-0.053346;0.025485;0.000000;0.000000;0.307147;-0.295289;-0.000275;0.059878;10.581950;5.391256;13.996039;5.933589;1.346001;0.000000;10.209837;3.017578;1.243674;117.368915;2469.787349
3.000000;3.000000;0.000000;0.000000;3.000000;0.000000;0.000000;0.000000;0.000000;0.000000;0.000000;0.000000;918.000000;-0.000000;0.223405;-0.087449;0.966139;0.933424;0.991632;0.258499;0.297618;-0.193110;1.486170;0.068627;0.068627;0.501961;52.720306;2.288369;9.153402;8.006250;3.244900;10.529378;9.711547;0.804509;1.422577;1.236498;2.084525;0.088235;0.088235;0.000000;9083.144373;0.346225;-2.752871;-2.519550;1.988620;3.954610;3.396014;0.425604;-0.186538;-0.802219;3.219175;0.049020;0.049020;0.000000;974.723657;0.889607;-1.736928;-8.522500;26.741719;715.119539;26.798068;10.535749;0.578996;-0.356820;37.073750;0.127451;0.127451;1.505882;36779.142383;2.203713;21.290529;10.307600;32.537675;1058.700305;38.884276;6.059916;0.800170;-0.465332;45.205525;0.058824;0.058824;0.000000;100230.209722;1.434757;0.000000;0.000000;0.103967;0.207266;0.151832;-0.071034;0.000000;0.018545;-0.003909;0.000000;0.000000;-0.163914;0.376746;0.268062;0.578803;9.720072;9.817687;12.945249;10.644797;0.931498;0.000000;9.082462;3.017578;-2.927157;104.297479;2241.656318
3.000000;3.000000;0.000000;0.000000;3.000000;0.000000;0.000000;0.000000;0.000000;0.000000;0.000000;0.000000;918.000000;-0.000000;0.643808;0.888415;0.894746;0.800570;1.102297;0.254101;-0.657761;0.310490;1.022230;0.078431;0.078431;0.000000;83.108890;1.794544;9.568091;8.094200;3.495468;12.218299;10.186593;0.869258;1.034794;0.046995;4.062750;0.088235;0.088235;0.000000;9961.067159;0.322347;-2.262558;-1.933150;1.833314;3.361040;2.912080;0.431083;-0.577618;-0.262636;2.295340;0.078431;0.078431;0.000000;693.575359;0.917084;0.756042;-5.582000;26.121135;682.313692;26.132074;10.448521;0.541702;-0.122391;36.556500;0.088235;0.088235;1.505882;34866.259396;2.246878;22.825639;17.074500;29.915291;894.924638;37.628905;6.501281;0.897438;-0.006370;35.727871;0.088235;0.088235;0.000000;98786.820174;1.576420;0.000000;0.000000;0.168289;0.152851;-0.027014;-0.396586;0.000000;0.151595;-0.183735;0.000000;0.000000;-0.114416;0.341557;0.132711;0.461701;10.131055;11.343458;13.538992;12.363724;0.784045;0.000000;9.383110;3.017578;-2.308855;113.981727;2107.299955
3.000000;3.000000;0.000000;0.000000;3.000000;0.000000;0.000000;0.000000;0.000000;0.000000;0.000000;0.000000;918.000000;-0.000000;-0.178539;-0.323590;1.198533;1.436481;1.211758;0.298834;-0.040705;-1.287335;2.203920;0.068627;0.068627;0.501961;76.511938;1.997770;9.413980;8.540850;2.853275;8.141180;9.836880;0.729803;0.871915;-0.277774;4.234400;0.088235;0.088235;0.000000;9454.788085;0.234238;-2.599421;-2.066450;1.716815;2.947452;3.115195;0.409239;-0.529717;-0.932770;2.908050;0.049020;0.049020;0.000000;839.550424;0.748555;-0.655425;-1.521450;26.847923;720.810961;26.855922;9.510568;0.382239;-0.222735;40.270000;0.078431;0.078431;1.505882;36805.604694;2.106659;-20.748234;-3.586150;51.529855;2655.326007;55.550114;6.490334;-1.154046;1.290247;77.802500;0.029412;0.029412;0.501961;179352.573777;2.060816;0.000000;0.000000;-0.016731;0.120909;0.314867;0.371244;0.000000;0.094494;0.093219;0.000000;0.000000;0.110424;0.406075;0.085568;0.418308;9.988015;7.472116;13.488185;8.222279;1.450210;0.000000;9.572814;3.017578;-2.307115;107.232564;3816.760195
3.000000;3.000000;0.000000;0.000000;3.000000;0.000000;0.000000;0.000000;0.000000;0.000000;0.000000;0.000000;918.000000;-0.000000;-0.227827;-0.538725;1.370988;1.879607;1.389789;0.333318;0.370104;-0.909334;2.187535;0.078431;0.078431;0.501961;101.160151;1.939186;9.161586;9.043200;1.623841;2.636859;9.304382;0.479742;0.522910;0.103685;1.910375;0.147059;0.147059;0.000000;8695.893963;0.110512;-2.124245;-1.671850;1.603429;2.570985;2.661466;0.353457;-0.614045;-0.493568;2.171200;0.068627;0.068627;0.000000;591.496910;1.027176;-8.821311;-8.781000;24.276083;589.328195;25.829125;7.461918;0.640231;0.635886;37.785250;0.147059;0.147059;0.000000;38008.772393;2.580947;-84.386400;-64.413500;56.895838;3237.136335;101.775246;7.001156;-0.693629;-0.831615;88.060750;0.039216;0.039216;0.000000;891458.503861;0.672030;0.000000;0.000000;0.014168;0.127917;-0.040683;0.553276;0.000000;-0.230859;0.088000;0.000000;0.000000;0.469198;-0.522979;0.248803;0.517214;9.750519;2.430411;13.372319;2.664291;1.896893;0.000000;8.989052;3.017578;-2.678973;97.503035;11032.427881
3.000000;3.000000;0.000000;0.000000;3.000000;0.000000;0.000000;0.000000;0.000000;0.000000;0.000000;0.000000;918.000000;-0.000000;0.333158;0.596260;1.260266;1.588269;1.303558;0.396428;-0.194278;-0.823684;1.994623;0.088235;0.088235;1.003922;92.323630;2.233435;9.540342;9.045400;2.638034;6.959224;9.898351;0.809050;2.122744;6.356679;2.000850;0.107843;0.107843;0.000000;9639.099948;0.247683;-0.636021;-0.555810;1.157673;1.340207;1.320882;0.435175;0.178351;0.152100;1.844742;0.137255;0.137255;0.000000;109.613013;2.346239;-7.734045;-8.647050;22.042086;485.853561;23.359559;9.660262;0.338039;0.078778;26.489600;0.196078;0.196078;1.003922;30912.401992;2.647190;-62.238743;-36.825000;63.516797;4034.383532;88.927188;8.211097;-0.860433;-0.448625;71.582500;0.029412;0.029412;0.000000;600891.385481;1.283244;0.000000;0.000000;0.089308;0.160460;0.438760;0.380129;0.000000;-0.028356;0.113351;0.000000;0.000000;0.003956;-0.328168;-0.290837;0.140563;10.106866;6.527885;13.672221;7.044653;1.587469;0.000000;9.413965;3.017578;-0.892843;108.676616;8455.458426
3.000000;3.000000;0.000000;0.000000;3.000000;0.000000;0.000000;0.000000;0.000000;0.000000;0.000000;0.000000;918.000000;-0.000000;0.207469;0.076642;1.032364;1.065775;1.053004;0.397851;0.160499;-0.863109;1.685202;0.107843;0.107843;1.003922;58.748415;2.641674;9.676224;8.469150;3.373447;11.380142;10.247412;1.132339;1.429318;1.990021;3.728650;0.058824;0.058824;0.000000;10130.865994;0.348964;-0.121715;0.042068;1.071863;1.148891;1.078752;0.513077;-0.744513;1.955520;0.997738;0.196078;0.196078;2.007843;60.114643;2.799073;-5.176618;-4.361550;22.910618;524.896427;23.488163;13.349905;0.139049;0.063393;29.438600;0.264706;0.264706;1.505882;29510.168710;3.044298;-34.790538;-22.442500;45.010036;2025.903368;56.888355;8.544749;-0.854551;-0.185814;64.248875;0.068627;0.068627;0.000000;226780.383966;1.364310;0.000000;0.000000;0.159078;0.114994;-0.160153;-0.056115;0.000000;0.188970;-0.018516;0.000000;0.000000;-0.107369;-0.501069;-0.424599;0.029292;10.225320;10.561094;13.566134;11.522782;1.046361;0.000000;9.664782;3.017578;-0.107778;115.118262;3789.142402
3.000000;3.000000;0.000000;0.000000;3.000000;0.000000;0.000000;0.000000;0.000000;0.000000;0.000000;0.000000;918.000000;-0.000000;-0.120512;-0.393760;1.140920;1.301699;1.147267;0.339709;0.645353;-0.388838;1.632855;0.068627;0.068627;0.501961;67.875319;2.211634;9.965401;9.702700;2.538392;6.443436;10.283611;0.868145;1.016649;2.089622;3.103825;0.107843;0.107843;0.000000;10458.170128;0.216146;-0.181653;0.017995;0.898817;0.807872;0.916990;0.474145;-1.483316;3.066159;0.860693;0.196078;0.196078;2.007843;44.581855;3.181502;-1.521327;-0.100525;18.910963;357.624509;18.972057;10.252500;-0.250260;0.575751;23.653825;0.225490;0.225490;0.501961;18474.989219;2.987432;-64.424952;-78.024000;42.310138;1790.147770;77.076080;6.947236;0.456968;-0.669173;49.040750;0.058824;0.058824;0.000000;514659.850618;0.702523;0.000000;0.000000;-0.125775;0.336440;-0.143008;-0.152365;0.000000;-0.073192;0.005610;0.000000;0.000000;-0.162307;-0.349595;-0.315962;-0.038841;10.497806;5.864954;13.929590;6.533164;1.288656;0.000000;9.982544;3.017578;-0.133078;116.068875;6301.501971
3.000000;3.000000;0.000000;0.000000;3.000000;0.000000;0.000000;0.000000;0.000000;0.000000;0.000000;0.000000;918.000000;-0.000000;0.033504;-0.312335;1.220454;1.489508;1.220914;0.257806;0.317310;-1.169984;2.314380;0.029412;0.029412;0.501961;76.089370;1.943926;9.969725;9.784000;2.038864;4.156967;10.176069;0.654960;0.929111;0.664293;2.625600;0.137255;0.137255;0.000000;10350.347381;0.146577;-0.792858;-0.176170;1.292118;1.669568;1.515979;0.391377;-1.280250;1.218535;1.582687;0.088235;0.088235;0.000000;149.272833;2.000857;3.145978;6.036550;21.573823;465.429833;21.801996;8.607735;0.259596;-0.191885;26.156750;0.156863;0.156863;1.003922;24746.983241;2.465979;-60.964824;-55.605000;22.876995;523.356905;65.115794;5.456822;-0.093400;-0.988568;38.885750;0.088235;0.088235;0.000000;405795.672440;0.361058;0.000000;0.000000;0.013556;0.141358;-0.489903;0.228426;0.000000;0.222417;0.081134;0.000000;0.000000;-0.062318;0.161027;0.054530;0.321256;10.498830;3.817572;14.060149;4.198556;1.503825;0.000000;10.323294;3.017578;-0.444948;114.043004;4717.691817
3.000000;3.000000;0.000000;0.000000;3.000000;0.000000;0.000000;0.000000;0.000000;0.000000;0.000000;0.000000;918.000000;-0.000000;0.520148;0.734300;0.981980;0.964285;1.111233;0.255354;-0.367275;-1.128994;1.711425;0.058824;0.058824;0.000000;76.783154;1.782971;9.968131;9.146150;2.755072;7.590423;10.341860;0.716224;0.857063;-0.152993;3.556975;0.088235;0.088235;0.000000;10522.235070;0.221643;-1.451546;-1.053600;1.478920;2.187205;2.072243;0.371187;-0.966863;-0.041510;1.917423;0.088235;0.088235;0.000000;326.547298;1.257770;5.836881;8.421050;24.290131;590.010462;24.981586;8.058237;0.035337;-0.734499;34.873250;0.107843;0.107843;1.505882;33568.918916;1.773743;-19.970659;-24.553000;32.493749;1055.843756;38.140149;5.373515;0.216089;-0.867387;53.226950;0.029412;0.029412;0.000000;94547.701024;1.433121;0.000000;0.000000;0.171696;0.163410;-0.238075;-0.091666;0.000000;0.104634;-0.009206;0.000000;0.000000;0.146249;0.045651;0.008385;0.534274;10.494772;7.048658;13.945522;7.698301;0.941106;0.000000;9.966183;3.017578;-1.330846;117.188904;2083.044816
3.000000;3.000000;0.000000;0.000000;3.000000;0.000000;0.000000;0.000000;0.000000;0.000000;0.000000;0.000000;918.000000;-0.000000;-0.132272;-0.420765;0.930040;0.864975;0.939399;0.276162;0.527172;-0.654881;1.463780;0.058824;0.058824;0.501961;45.917507;2.036953;9.626661;8.540150;2.756838;7.600155;10.013628;0.775056;0.901382;-0.151672;3.836825;0.098039;0.098039;0.000000;9840.214125;0.232113;-2.057753;-1.538500;1.574778;2.479925;2.591191;0.399952;-0.621675;-0.645488;2.314995;0.049020;0.049020;0.000000;558.382861;0.913390;1.197684;2.719350;26.863240;721.633659;26.889926;8.134430;-0.130287;-0.890812;46.297750;0.068627;0.068627;1.505882;36972.488140;1.583252;-13.085767;-15.851500;27.565807;759.873725;30.514112;5.721475;0.066231;0.058130;37.238450;0.058824;0.058824;0.501961;56230.718967;1.681567;0.000000;0.000000;-0.045872;0.285884;0.138195;0.154872;0.000000;-0.060592;0.149358;0.000000;0.000000;-0.009743;0.592496;0.128421;0.532802;10.154824;7.034772;13.428840;7.677478;0.871465;0.000000;9.862135;3.017578;-1.835669;110.155224;1660.893400
3.000000;3.000000;0.000000;0.000000;3.000000;0.000000;0.000000;0.000000;0.000000;0.000000;0.000000;0.000000;918.000000;-0.000000;-0.278581;-0.534750;0.871627;0.759734;0.915064;0.227038;0.765219;-0.260063;1.183425;0.068627;0.068627;0.501961;46.709775;2.025197;9.266218;9.145200;1.584080;2.509310;9.400644;0.494770;1.018305;2.008095;1.363725;0.088235;0.088235;0.000000;8885.989754;0.109903;-1.469209;-1.282800;1.723745;2.971295;2.264922;0.345300;-0.462415;-0.281894;2.287727;0.029412;0.029412;0.000000;371.810749;1.512916;-7.731543;-11.269500;24.833701;616.712712;26.009411;7.146342;0.181707;-0.504388;34.433600;0.098039;0.098039;1.003922;37549.688087;2.225988;-79.689029;-63.955000;53.699285;2883.613227;96.093468;4.866832;-0.260320;-1.540430;103.915500;0.019608;0.019608;0.000000;794801.183906;0.582943;0.000000;0.000000;-0.130015;0.270890;-0.409077;0.323770;0.000000;-0.390553;-0.055129;0.000000;0.000000;-0.002694;-0.698794;0.307170;0.476944;9.792511;2.316160;13.069788;2.552564;0.748847;0.000000;9.117334;3.017578;-2.134651;98.209440;9915.573960
3.000000;3.000000;0.000000;0.000000;3.000000;0.000000;0.000000;0.000000;0.000000;0.000000;0.000000;0.000000;918.000000;-0.000000;0.241747;0.510845;1.002135;1.004275;1.030881;0.291725;-0.258063;-1.292853;1.839680;0.098039;0.098039;1.003922;57.220527;2.271810;9.566360;9.427200;1.167667;1.363446;9.637359;0.437166;1.114781;1.812034;1.299875;0.147059;0.147059;0.000000;9404.200500;0.064482;-0.370107;-0.354470;1.169566;1.367885;1.226729;0.332366;-0.211152;-0.438305;1.707813;0.107843;0.107843;1.003922;83.736656;2.310758;-7.381512;-9.292350;19.614251;384.718850;20.957232;6.696150;0.035423;0.130593;26.616150;0.107843;0.107843;0.501961;25181.387483;2.469551;-73.597794;-61.339500;60.091753;3611.018731;95.013967;5.543365;-0.116393;-1.469900;110.082750;0.009804;0.009804;0.000000;736671.679603;0.817063;0.000000;0.000000;-0.447610;0.237487;0.121550;0.245527;0.000000;-0.309197;0.067306;0.000000;0.000000;-0.326621;-0.071049;-0.092788;0.363116;10.084388;1.246518;13.502957;1.754771;0.636392;0.000000;9.583391;3.017578;-0.531507;102.941402;9468.364415
3.000000;3.000000;0.000000;0.000000;3.000000;0.000000;0.000000;0.000000;0.000000;0.000000;0.000000;0.000000;918.000000;-0.000000;0.465790;0.772335;0.988976;0.978074;1.093176;0.357039;-0.418569;-1.010117;1.647290;0.088235;0.088235;0.000000;72.217561;2.254458;9.631214;8.880850;2.129125;4.533174;9.863744;0.677502;0.851028;0.088406;3.074400;0.088235;0.088235;0.000000;9692.778760;0.157670;-0.001490;0.188565;1.049849;1.102183;1.049850;0.437459;-0.544553;-0.487768;1.307608;0.137255;0.137255;1.505882;56.214851;2.702383;-2.884611;-2.114550;19.081191;364.091831;19.298000;11.042068;0.052654;-0.015064;22.568425;0.196078;0.196078;1.505882;19433.003134;2.936670;-14.228956;-12.119500;20.352880;414.239729;24.833504;7.118927;-0.429371;-0.319041;30.291600;0.127451;0.127451;0.000000;41786.641830;1.964902;0.000000;0.000000;-0.072403;-0.206388;-0.123459;-0.080807;0.000000;-0.116637;-0.188670;0.000000;0.000000;-0.130064;-0.068927;-0.360248;0.324347;10.164505;4.171333;13.602821;4.584648;0.981168;0.000000;9.784326;3.017578;-0.147363;107.488487;990.217919
3.000000;3.000000;0.000000;0.000000;3.000000;0.000000;0.000000;0.000000;0.000000;0.000000;0.000000;0.000000;918.000000;-0.000000;0.051648;-0.096312;1.116680;1.246974;1.117874;0.348327;0.164761;-0.764439;1.786185;0.068627;0.068627;1.003922;63.880196;2.078519;10.031130;9.719150;2.470399;6.102870;10.330849;0.708559;0.360931;-1.115984;4.514575;0.068627;0.068627;0.000000;10575.134009;0.194335;0.355853;0.528670;1.038339;1.078149;1.097625;0.589338;-0.843367;0.944588;1.033346;0.245098;0.245098;0.000000;68.131896;2.925177;-0.599173;1.780000;22.722819;516.326491;22.730717;12.550541;-0.744888;0.917423;23.141350;0.215686;0.215686;1.505882;26382.954100;2.840034;-26.270671;-9.634600;43.736351;1912.868360;51.019766;7.340643;-1.424540;1.324069;41.221800;0.088235;0.088235;0.000000;168002.090919;1.851337;0.000000;0.000000;0.101264;-0.185758;-0.103539;-0.254215;0.000000;-0.060366;-0.103615;0.000000;0.000000;-0.126473;-0.169683;-0.435443;0.298874;10.553489;5.599958;13.963287;6.179471;1.243144;0.000000;9.985521;3.017578;0.298679;116.976089;3120.906803
3.000000;3.000000;0.000000;0.000000;3.000000;0.000000;0.000000;0.000000;0.000000;0.000000;0.000000;0.000000;918.000000;-0.000000;-0.570893;-0.652200;0.939133;0.881971;1.099040;0.293560;0.655958;0.802487;1.134533;0.098039;0.098039;0.000000;78.259110;2.042473;10.126375;9.832650;1.773161;3.144101;10.280447;0.511800;0.296093;-0.668878;2.595625;0.098039;0.098039;0.000000;10619.871589;0.111425;0.018356;0.128738;1.080500;1.167481;1.080656;0.466990;-0.138647;-0.088108;1.514302;0.127451;0.127451;1.003922;59.759692;2.909238;4.855107;4.111600;20.563229;422.846389;21.128617;8.119514;-1.389563;3.271453;21.787950;0.156863;0.156863;0.501961;24028.789563;2.860729;-78.155215;-68.886500;61.251916;3751.797203;99.297708;5.897544;0.060599;-1.359598;110.499000;0.019608;0.019608;0.000000;814382.255759;0.641542;0.000000;0.000000;0.005152;-0.235671;0.152986;-0.326351;0.000000;-0.099742;0.157113;0.000000;0.000000;-0.077348;-0.173699;-0.323816;0.142637;10.630983;2.877672;14.048709;3.175263;0.890670;0.000000;10.343253;3.017578;0.152494;115.895471;10307.621074
3.000000;3.000000;0.000000;0.000000;3.000000;0.000000;0.000000;0.000000;0.000000;0.000000;0.000000;0.000000;918.000000;-0.000000;-0.095958;-0.499290;1.192065;1.421019;1.195921;0.266707;0.348818;-0.780054;1.845438;0.049020;0.049020;0.501961;73.412027;2.074936;9.691810;9.508850;1.702266;2.897710;9.840167;0.443842;1.158616;2.550879;1.621300;0.098039;0.098039;0.000000;9728.763682;0.111146;-1.157648;-0.897120;1.468184;2.155565;1.869683;0.295449;-1.244003;1.435703;1.474840;0.078431;0.078431;0.000000;246.652319;1.391883;6.588600;7.255750;20.905293;437.031283;21.918963;6.004580;-0.338401;1.256870;19.287675;0.147059;0.147059;1.003922;26716.388710;2.110505;-69.065631;-44.831000;55.627039;3094.367435;88.681615;4.345790;-0.617240;-1.222104;106.593500;0.009804;0.009804;0.000000;644388.105587;0.805450;0.000000;0.000000;0.391242;0.137523;-0.422477;-0.060447;0.000000;0.338612;0.015552;0.000000;0.000000;-0.140419;0.411384;0.004971;0.588673;10.224506;2.718600;13.741563;3.275661;1.085828;0.000000;9.902955;3.017578;-0.705715;107.259115;8348.365520
3.000000;3.000000;0.000000;0.000000;3.000000;0.000000;0.000000;0.000000;0.000000;0.000000;0.000000;0.000000;918.000000;-0.000000;0.471317;0.781510;1.088064;1.183883;1.185758;0.260510;-0.237935;-0.939054;1.955527;0.049020;0.049020;0.501961;83.036369;2.030269;9.834902;9.250200;2.480962;6.155171;10.143001;0.631394;0.801536;-0.294006;3.010675;0.078431;0.078431;0.000000;10179.893997;0.192529;-1.958088;-1.536100;1.600076;2.560244;2.528705;0.370908;-0.739545;-0.524427;2.379612;0.058824;0.058824;0.000000;521.665286;0.994905;4.100317;6.720300;25.360995;643.180064;25.690322;8.169933;-0.092157;-0.470164;37.982500;0.127451;0.127451;1.505882;34517.141648;1.748157;-7.267384;-10.361050;25.359581;643.108343;26.380357;4.540314;0.280209;-0.635382;34.072725;0.098039;0.098039;0.501961;38186.408544;1.716245;0.000000;0.000000;0.354347;0.196820;-0.095090;-0.086885;0.000000;0.199729;-0.004452;0.000000;0.000000;0.116254;0.288538;-0.010810;0.640578;10.370549;5.738202;13.898303;6.395572;1.016146;0.000000;9.819655;3.017578;-1.906484;113.286490;1362.310224
3.000000;3.000000;0.000000;0.000000;3.000000;0.000000;0.000000;0.000000;0.000000;0.000000;0.000000;0.000000;918.000000;-0.000000;0.009054;-0.226400;0.860036;0.739662;0.860084;0.221896;0.560133;-0.661499;1.409722;0.058824;0.058824;0.501961;37.740583;1.922007;9.651309;8.923300;2.495405;6.227047;9.968691;0.701880;0.773171;-0.481552;3.628150;0.098039;0.098039;0.000000;9818.668146;0.196257;-2.035720;-1.640600;1.561822;2.439289;2.565822;0.438675;-0.527167;-0.824157;2.602912;0.078431;0.078431;0.000000;547.111670;0.904947;0.499385;4.283950;27.578639;760.581346;27.583160;9.568834;-0.053000;-1.069176;46.247500;0.098039;0.098039;1.505882;38820.074654;1.708416;-14.534183;-13.786500;32.329863;1045.220012;35.446615;4.850482;-0.105001;-0.426605;46.693225;0.039216;0.039216;0.501961;74859.059902;1.567292;0.000000;0.000000;0.010961;0.253974;0.041581;0.104262;0.000000;-0.326211;0.048907;0.000000;0.000000;-0.105242;0.549847;0.078844;0.505726;10.166388;5.759101;13.380960;6.288803;0.746883;0.000000;9.820488;3.017578;-1.967521;109.114553;2023.876659
3.000000;3.000000;0.000000;0.000000;3.000000;0.000000;0.000000;0.000000;0.000000;0.000000;0.000000;0.000000;918.000000;-0.000000;-0.262692;-0.375145;0.746454;0.557193;0.791328;0.199329;0.630289;-0.208496;1.056705;0.117647;0.117647;0.501961;35.455575;1.921262;9.333756;9.274800;1.606310;2.580232;9.470968;0.447640;1.099212;2.345203;1.417875;0.186275;0.186275;0.000000;9017.806024;0.109944;-1.117376;-0.915110;1.661797;2.761568;2.002523;0.306718;-0.421317;-0.163367;1.783215;0.068627;0.068627;0.000000;268.200749;1.602244;-6.620310;-5.908150;25.748691;662.995091;26.586154;7.196097;0.177780;-0.609920;38.125250;0.098039;0.098039;1.003922;38291.818520;2.194906;-78.481548;-73.734500;46.073325;2122.751282;91.006069;4.732701;-0.330711;-1.140692;81.223750;0.019608;0.019608;0.000000;736515.402697;0.502311;0.000000;0.000000;-0.159204;0.212261;-0.347727;0.328344;0.000000;-0.528849;-0.071741;0.000000;0.000000;-0.297118;-0.541812;0.247360;0.412051;9.846825;2.365464;13.009000;2.623811;0.544678;0.000000;9.217581;3.017578;-1.717040;99.325431;8992.938379
3.000000;3.000000;0.000000;0.000000;3.000000;0.000000;0.000000;0.000000;0.000000;0.000000;0.000000;0.000000;918.000000;-0.000000;0.081111;0.488840;1.055353;1.113769;1.058465;0.196794;-0.420498;-1.115303;1.792345;0.029412;0.029412;0.501961;57.482260;1.430700;9.460169;9.392650;0.883323;0.780260;9.501318;0.318956;0.531353;0.401716;1.144800;0.098039;0.098039;0.000000;9168.278488;0.038084;0.034933;0.038006;1.088492;1.184816;1.089053;0.219213;0.021598;-0.999260;1.793832;0.088235;0.088235;0.501961;60.568330;1.915565;-4.602922;-1.998650;17.389227;302.385212;17.988110;5.643810;-0.656798;-0.028578;26.401800;0.137255;0.137255;0.501961;17583.081515;2.446215;-73.640174;-51.407000;49.212452;2421.865434;88.570540;4.444677;-0.377371;-1.222845;84.924750;0.009804;0.009804;0.000000;676667.430400;0.593645;0.000000;0.000000;-0.441547;0.522238;0.236195;0.421974;0.000000;-0.347992;-0.134380;0.000000;0.000000;-0.733703;0.036159;0.205909;0.115848;9.984447;0.706210;13.413069;1.404901;0.507881;0.000000;9.576633;3.017578;-0.154571;100.395399;8169.498731
3.000000;3.000000;0.000000;0.000000;3.000000;0.000000;0.000000;0.000000;0.000000;0.000000;0.000000;0.000000;918.000000;-0.000000;0.112273;0.468790;1.059990;1.123579;1.065920;0.272474;-0.392862;-1.014420;1.884675;0.039216;0.039216;1.003922;58.590579;1.916408;9.644374;9.235550;2.273534;5.168957;9.908728;0.676231;1.168805;1.577536;2.149175;0.098039;0.098039;0.000000;9751.050698;0.181740;0.046575;0.123270;1.044002;1.089941;1.045041;0.411647;-0.281444;-0.436634;1.184468;0.215686;0.215686;1.505882;55.810634;2.474501;0.663225;2.097650;15.307265;234.312366;15.321626;8.664831;0.081361;-0.428815;19.835100;0.225490;0.225490;1.505882;11995.069652;2.936288;-18.962404;-16.356000;19.833669;393.374415;27.439883;6.120458;0.118526;-0.886473;31.648075;0.137255;0.137255;0.000000;56741.284043;1.328289;0.000000;0.000000;0.033566;0.163346;-0.295526;0.121012;0.000000;-0.049417;0.021060;0.000000;0.000000;-0.336764;-0.037343;-0.304862;0.120090;10.176438;4.759199;13.591261;5.221768;1.133071;0.000000;9.775287;3.017578;0.103726;108.319083;988.791539
3.000000;3.000000;0.000000;0.000000;3.000000;0.000000;0.000000;0.000000;0.000000;0.000000;0.000000;0.000000;918.000000;-0.000000;-0.109628;-0.207330;0.929787;0.864503;0.936227;0.387199;0.654505;0.361928;1.333735;0.078431;0.078431;1.003922;45.317582;2.246223;10.151733;9.126050;2.932218;8.597903;10.566721;0.908588;0.498768;-0.890375;5.157425;0.068627;0.068627;0.000000;10950.672460;0.261186;0.241900;0.423780;1.305368;1.703987;1.327593;0.570414;-0.642837;0.186941;1.569285;0.196078;0.196078;4.015686;92.893331;2.788013;-5.262788;-5.603000;19.574271;383.152091;20.269411;11.114951;-0.231132;1.230626;22.013400;0.254902;0.254902;1.003922;22374.194040;3.001900;-17.315572;-10.712500;22.442521;503.666750;28.346001;7.524845;-0.534845;-0.229262;34.737700;0.088235;0.088235;0.000000;56282.468629;1.837394;0.000000;0.000000;0.049783;-0.138937;-0.219550;0.157433;0.000000;-0.019611;0.005525;0.000000;0.000000;-0.064344;-0.424492;-0.403101;0.213494;10.659599;7.905073;13.913595;8.685436;0.870658;0.000000;10.103103;3.017578;-0.079046;121.532114;1216.107301
3.000000;3.000000;0.000000;0.000000;3.000000;0.000000;0.000000;0.000000;0.000000;0.000000;0.000000;0.000000;918.000000;-0.000000;-0.349005;-0.380230;0.940593;0.884715;1.003255;0.309809;0.847923;0.839484;1.217560;0.107843;0.107843;0.501961;57.544898;2.417723;10.048129;9.483450;2.069197;4.281577;10.258971;0.574911;0.773674;0.223425;1.807650;0.127451;0.127451;0.000000;10516.952819;0.148352;0.277135;0.168490;1.104084;1.219002;1.138335;0.354139;-0.500537;1.683494;1.338828;0.107843;0.107843;0.501961;70.009047;2.568412;1.441978;2.583400;20.689568;428.058211;20.739757;7.748243;-0.754722;1.201822;27.611900;0.137255;0.137255;0.501961;22060.616671;2.353388;-75.302351;-68.887000;53.048600;2814.153934;92.111877;5.862002;-0.033259;-1.449822;97.379750;0.019608;0.019608;0.000000;721908.211154;0.593328;0.000000;0.000000;-0.115186;-0.369493;0.258622;-0.581027;0.000000;-0.234581;0.202024;0.000000;0.000000;0.054665;-0.110725;-0.367033;0.095734;10.551075;3.927810;13.869322;4.338846;0.878597;0.000000;10.268391;3.017578;0.342092;115.253001;8916.031269
3.000000;3.000000;0.000000;0.000000;3.000000;0.000000;0.000000;0.000000;0.000000;0.000000;0.000000;0.000000;918.000000;-0.000000;0.049255;0.061647;1.072990;1.151308;1.074120;0.240568;0.088234;-1.110961;1.884095;0.078431;0.078431;0.501961;58.964259;1.488700;9.959197;9.686850;1.678316;2.816745;10.099621;0.477359;1.528192;4.463853;1.143250;0.186275;0.186275;0.000000;10260.596023;0.108978;-0.618511;-0.398440;1.352664;1.829700;1.487365;0.227552;-1.551693;2.656884;0.928790;0.049020;0.049020;0.000000;132.346725;2.210413;12.531484;8.568350;14.877781;221.348382;19.452159;4.994083;0.947655;0.668458;20.424445;0.078431;0.078431;0.000000;27310.635938;1.601902;-71.819175;-60.055000;55.103042;3036.345217;90.522589;4.427167;-0.135376;-1.567490;107.026000;0.009804;0.009804;0.000000;680973.058170;0.735541;0.000000;0.000000;0.185494;-0.090477;-0.483892;-0.181250;0.000000;0.091850;0.119569;0.000000;0.000000;-0.273789;0.396906;-0.084314;0.464022;10.465458;2.630280;13.897374;2.909774;1.097567;0.000000;9.835308;3.017578;-0.160317;112.156085;8574.937922
3.000000;3.000000;0.000000;0.000000;3.000000;0.000000;0.000000;0.000000;0.000000;0.000000;0.000000;0.000000;918.000000;-0.000000;0.244716;0.319105;0.963957;0.929214;0.994535;0.294839;-0.101380;-0.889074;1.575778;0.098039;0.098039;1.003922;53.499932;2.289087;9.712307;9.004100;2.312514;5.347722;9.983818;0.649637;1.125195;0.744619;2.404000;0.088235;0.088235;0.000000;9894.304949;0.178331;-1.649006;-1.361350;1.512259;2.286929;2.237442;0.320286;-0.514809;-0.030990;1.466110;0.098039;0.098039;0.000000;394.006859;1.064339;1.724264;1.360250;23.395431;547.346170;23.458884;7.300761;0.101412;0.112635;25.501750;0.147059;0.147059;1.505882;28219.034030;1.926866;-11.849434;-15.874000;27.090702;733.906110;29.568821;5.170923;0.765140;-0.052424;27.538950;0.088235;0.088235;0.000000;51776.449365;2.150357;0.000000;0.000000;-0.051437;0.208678;-0.257702;-0.264728;0.000000;0.074777;-0.180239;0.000000;0.000000;-0.055602;0.379762;0.053123;0.523673;10.231789;4.976212;13.569534;5.403673;0.935411;0.000000;10.011580;3.017578;-1.305329;109.665726;1429.640607
3.000000;3.000000;0.000000;0.000000;3.000000;0.000000;0.000000;0.000000;0.000000;0.000000;0.000000;0.000000;918.000000;-0.000000;-0.288806;-0.569480;0.850242;0.722911;0.897953;0.237534;0.468653;-0.882854;1.442438;0.068627;0.068627;0.501961;45.376708;2.077624;9.408975;8.509900;2.442647;5.966524;9.720871;0.614345;1.303562;0.746200;2.052050;0.068627;0.068627;0.000000;9334.323739;0.206269;-1.884946;-1.516750;1.405533;1.975524;2.351286;0.358060;-0.794885;-0.350880;1.745620;0.098039;0.098039;0.000000;463.170520;0.940316;-0.508256;-2.948900;27.076188;733.119949;27.080958;8.469887;0.115946;-0.943866;41.665500;0.098039;0.098039;1.505882;37418.096990;1.473201;-7.240573;-9.183350;25.339481;642.089297;26.353656;4.626298;0.640152;-0.143147;31.721350;0.078431;0.078431;0.501961;38108.405073;1.481429;0.000000;0.000000;-0.069193;0.221655;-0.005978;0.033560;0.000000;-0.043865;0.004228;0.000000;0.000000;-0.155779;0.662258;0.028203;0.513339;9.938970;5.518517;13.210084;6.029572;0.726094;0.000000;9.297345;3.017578;-2.079435;104.301645;1433.422014
3.000000;3.000000;0.000000;0.000000;3.000000;0.000000;0.000000;0.000000;0.000000;0.000000;0.000000;0.000000;918.000000;-0.000000;-0.221754;-0.321585;0.884859;0.782976;0.912223;0.218026;0.280705;-0.753243;1.299692;0.058824;0.058824;0.501961;44.963243;1.963224;9.538351;9.105900;2.177100;4.739762;9.783655;0.557023;1.242223;1.457166;1.758150;0.088235;0.088235;0.000000;9521.764117;0.173642;-1.657306;-1.234150;1.525577;2.327386;2.252565;0.334947;-0.658074;-0.630340;2.426578;0.058824;0.058824;0.000000;398.856477;1.097457;-3.176205;-5.060750;26.630261;709.170789;26.819006;7.268625;0.047178;-0.623700;40.826500;0.078431;0.078431;1.003922;37198.277938;1.904277;-61.449353;-38.217000;58.976337;3478.208356;85.171776;4.552151;-0.512874;-1.250656;104.671250;0.009804;0.009804;0.000000;562567.569492;0.941847;0.000000;0.000000;0.038148;0.092975;-0.256305;0.485351;0.000000;0.059127;0.125298;0.000000;0.000000;0.222826;-0.419124;0.092549;0.527141;10.057760;4.393508;13.318576;4.788069;0.789350;0.000000;9.661946;3.017578;-1.942106;105.552052;7978.564495
3.000000;3.000000;0.000000;0.000000;3.000000;0.000000;0.000000;0.000000;0.000000;0.000000;0.000000;0.000000;918.000000;-0.000000;-0.034146;-0.101354;0.918665;0.843946;0.919300;0.263822;0.077623;-0.864118;1.450568;0.107843;0.107843;1.003922;43.180608;2.356127;9.626269;9.474400;1.254047;1.572634;9.707609;0.388309;1.023664;4.830660;0.870225;0.156863;0.156863;0.000000;9532.061743;0.071218;-0.625228;-0.402940;1.701209;2.894111;1.812463;0.268806;-0.491111;-0.544674;2.606287;0.058824;0.058824;0.501961;187.474433;1.199454;-4.871786;-2.311100;20.398822;416.111953;20.972512;7.395403;-0.600333;0.356606;24.382050;0.117647;0.117647;0.501961;23643.475079;2.568361;-78.944856;-71.165000;50.306852;2530.779312;93.611268;4.776541;-0.237168;-1.262382;83.762000;0.019608;0.019608;0.000000;764769.429094;0.553717;0.000000;0.000000;-0.299377;0.267832;0.003892;0.449510;0.000000;-0.106313;0.223338;0.000000;0.000000;-0.094867;-0.106397;0.177641;0.309620;10.130040;1.465086;13.404731;1.726918;0.713588;0.000000;9.591725;3.017578;-1.197305;104.082793;9206.200859
3.000000;3.000000;0.000000;0.000000;3.000000;0.000000;0.000000;0.000000;0.000000;0.000000;0.000000;0.000000;918.000000;-0.000000;0.193540;0.391055;0.874961;0.765556;0.896110;0.270199;-0.234562;-1.104010;1.656185;0.039216;0.039216;0.501961;42.884746;2.075153;9.826887;9.624600;1.291229;1.667273;9.911356;0.407881;1.221302;2.069810;1.167125;0.147059;0.147059;0.000000;9934.973778;0.070522;0.189709;0.404510;1.037444;1.076290;1.054647;0.299059;-0.416214;-0.696979;1.642413;0.088235;0.088235;1.003922;58.564002;1.904993;1.485640;-0.020280;13.888164;192.881113;13.967399;6.480845;0.188668;0.661002;20.000250;0.215686;0.215686;1.003922;10062.749611;2.933167;-29.223032;-20.997000;31.817301;1012.340643;43.200998;4.253814;-1.225954;0.759853;28.345700;0.049020;0.049020;0.000000;138754.223329;1.303494;0.000000;0.000000;-0.339480;-0.185908;-0.545533;0.108804;0.000000;-0.143659;0.134590;0.000000;0.000000;-0.393167;0.478006;-0.240827;0.084427;10.320895;1.517135;13.626901;1.826242;0.630675;0.000000;9.838929;3.017578;0.415888;108.038000;2062.526759
3.000000;3.000000;0.000000;0.000000;3.000000;0.000000;0.000000;0.000000;0.000000;0.000000;0.000000;0.000000;918.000000;-0.000000;0.478044;0.720820;0.944747;0.892547;1.058808;0.351353;-0.287755;0.035865;1.241792;0.088235;0.088235;0.000000;68.867414;2.310466;9.884923;9.091650;2.813232;7.914272;10.277449;0.740386;0.891372;0.397317;3.576775;0.078431;0.078431;0.000000;10370.587931;0.235423;-0.106378;0.172515;1.035079;1.071389;1.040531;0.539567;-1.310731;2.540769;1.229988;0.186275;0.186275;3.513725;55.925894;3.140866;0.199200;-1.313250;16.196420;262.324016;16.197645;6.757324;0.264271;-0.414884;23.669000;0.166667;0.166667;1.505882;13408.878727;2.473145;-8.781276;-5.566600;17.697519;313.202179;19.756340;5.725614;-0.211068;-0.795438;29.175125;0.117647;0.117647;0.000000;23840.730627;2.036367;0.000000;0.000000;-0.130547;-0.225425;-0.248859;0.204468;0.000000;-0.194127;0.351116;0.000000;0.000000;0.030956;-0.314132;-0.448844;0.411699;10.412463;7.327663;13.782298;8.009903;0.884112;0.000000;9.693694;3.017578;-0.022527;115.747039;653.759385
3.000000;3.000000;0.000000;0.000000;3.000000;0.000000;0.000000;0.000000;0.000000;0.000000;0.000000;0.000000;918.000000;-0.000000;0.193111;0.070444;1.091494;1.191359;1.108445;0.404538;0.480512;-0.230127;1.708778;0.117647;0.117647;1.003922;64.656654;2.460345;9.892009;8.713650;3.012795;9.076935;10.340637;0.828861;0.792379;-0.190997;4.810150;0.088235;0.088235;0.000000;10444.347456;0.272594;-0.145111;-0.106415;1.135785;1.290008;1.145017;0.595465;-0.809723;1.179260;1.314785;0.215686;0.215686;3.513725;68.184968;3.085837;-2.641861;-2.030850;20.005763;400.230571;20.179445;8.674187;-0.269893;-0.289080;26.924250;0.176471;0.176471;1.505882;21191.732316;2.571236;-45.860033;-20.094500;63.878631;4080.479505;78.636010;6.185636;-0.985655;-0.449775;79.805800;0.009804;0.009804;0.000000;422642.520824;1.350432;0.000000;0.000000;0.131581;-0.257443;0.204605;-0.146967;0.000000;0.062020;-0.002527;0.000000;0.000000;-0.360803;-0.158572;-0.391494;0.360587;10.428836;8.396797;13.804993;9.190712;1.179248;0.000000;9.746776;3.017578;-0.062730;117.157424;6592.143190
3.000000;3.000000;0.000000;0.000000;3.000000;0.000000;0.000000;0.000000;0.000000;0.000000;0.000000;0.000000;918.000000;-0.000000;-0.303911;-0.683235;0.998886;0.997774;1.044095;0.267793;0.991240;0.595243;1.499075;0.068627;0.068627;1.003922;60.396483;2.392938;9.852069;9.575500;1.704343;2.904784;9.998402;0.508650;0.929824;0.966799;2.024275;0.147059;0.147059;0.000000;10048.719743;0.112868;-0.104042;0.052023;0.988668;0.977464;0.994127;0.359221;-0.260911;-0.274383;1.358125;0.088235;0.088235;1.003922;51.011173;2.436575;1.140386;5.048750;18.959518;359.463304;18.993783;7.206085;-0.701083;0.511807;24.438000;0.166667;0.166667;1.505882;18503.128652;2.431239;-82.706678;-65.407500;56.471042;3188.978535;100.146758;4.713629;-0.184174;-1.175784;100.402000;0.019608;0.019608;0.000000;860362.184945;0.573216;0.000000;0.000000;0.184273;-0.241941;0.225019;-0.327167;0.000000;0.114137;-0.167089;0.000000;0.000000;-0.670176;-0.114626;-0.171011;0.146345;10.363743;2.650996;13.776137;2.984324;0.956872;0.000000;9.816053;3.017578;0.054320;110.058175;10391.125248
3.000000;3.000000;0.000000;0.000000;3.000000;0.000000;0.000000;0.000000;0.000000;0.000000;0.000000;0.000000;918.000000;-0.000000;-0.388397;-0.702660;1.009412;1.018913;1.081557;0.198919;0.203160;-1.101194;1.865110;0.058824;0.058824;0.501961;67.352111;1.710943;9.673294;9.539550;1.768640;3.128087;9.833652;0.476953;0.629339;1.566191;1.381600;0.098039;0.098039;0.000000;9703.951127;0.122810;-1.176362;-0.929275;1.677940;2.815481;2.049222;0.319595;-1.053059;1.113178;1.969392;0.049020;0.049020;0.000000;284.740380;1.453704;8.408106;8.925850;25.024826;626.241935;26.399587;9.628424;0.331795;2.016885;24.018675;0.186275;0.186275;1.003922;39149.964325;2.663047;-50.908896;-38.637000;42.437052;1800.903349;66.276836;4.420905;-1.124189;0.157296;42.215750;0.049020;0.049020;0.000000;356225.406334;1.027990;0.000000;0.000000;0.233996;0.094722;-0.461145;0.104317;0.000000;0.409239;-0.056690;0.000000;0.000000;-0.127236;0.433013;0.112237;0.308005;10.199799;2.834566;13.660886;3.239574;0.948485;0.000000;9.934315;3.017578;-0.547489;106.870472;5093.756535
3.000000;3.000000;0.000000;0.000000;3.000000;0.000000;0.000000;0.000000;0.000000;0.000000;0.000000;0.000000;918.000000;-0.000000;-0.060390;0.299810;1.102961;1.216522;1.104613;0.295454;-0.709258;-0.598129;1.595855;0.068627;0.068627;0.501961;62.430352;2.118032;9.568312;8.937200;2.351939;5.531619;9.853132;0.656082;0.754052;-0.306958;3.192700;0.058824;0.058824;0.000000;9620.487798;0.181830;-2.537326;-2.150600;1.512928;2.288952;2.954146;0.415075;-0.691194;-0.571025;2.392900;0.107843;0.107843;0.000000;773.416554;0.664795;6.554826;7.251500;27.299465;745.260795;28.075372;11.382388;0.361936;0.796146;40.933250;0.137255;0.137255;1.505882;42410.279790;2.455279;-4.553974;-7.699950;25.180129;634.038897;25.588622;4.826591;0.355207;-0.371067;35.215750;0.078431;0.078431;0.501961;34451.373556;1.344175;0.000000;0.000000;0.067732;0.169766;0.117463;-0.007905;0.000000;0.342973;-0.090177;0.000000;0.000000;0.251092;0.335390;0.041626;0.419574;10.109464;5.103111;13.518306;5.593600;1.221354;0.000000;9.696150;3.017578;-2.327533;107.304378;1451.731083
3.000000;3.000000;0.000000;0.000000;3.000000;0.000000;0.000000;0.000000;0.000000;0.000000;0.000000;0.000000;918.000000;-0.000000;-0.155860;-0.199175;0.917509;0.841823;0.930653;0.276142;-0.379721;-0.233578;1.527367;0.127451;0.127451;0.501961;45.426767;2.575725;9.392701;8.619600;2.206273;4.867642;9.648340;0.629636;0.975372;0.048492;2.057250;0.068627;0.068627;0.000000;9247.007079;0.179502;-2.747313;-2.421050;1.284881;1.650920;3.032927;0.372000;-0.495527;-0.926294;2.228700;0.078431;0.078431;0.000000;854.066478;0.504251;-3.937444;-1.875900;27.156714;737.487117;27.440674;7.983347;-0.235487;-1.022366;44.480750;0.098039;0.098039;1.505882;39194.253557;1.885677;-13.175376;-15.254500;33.818490;1143.690258;36.294363;4.257162;-0.124601;-0.433616;50.119250;0.068627;0.068627;0.501961;76049.305393;1.659568;0.000000;0.000000;-0.164769;0.010952;0.108880;0.302784;0.000000;0.038279;-0.037938;0.000000;0.000000;0.145216;0.200679;0.017111;0.484181;9.922202;4.506489;13.167647;4.943555;0.822440;0.000000;9.635048;3.017578;-2.733375;102.956589;2079.470036
3.000000;3.000000;0.000000;0.000000;3.000000;0.000000;0.000000;0.000000;0.000000;0.000000;0.000000;0.000000;918.000000;-0.000000;-0.103709;-0.176380;0.788312;0.621436;0.795105;0.177351;0.378191;-1.087168;1.454325;0.098039;0.098039;0.501961;32.791505;1.722446;9.374276;9.200150;1.527268;2.332546;9.497874;0.448333;1.027130;2.807463;1.450950;0.156863;0.156863;0.000000;9082.421515;0.100456;-1.745901;-1.319300;1.274295;1.623827;2.161480;0.283569;-1.009989;0.483046;1.577398;0.068627;0.068627;0.000000;393.729894;0.907251;-8.486130;-8.111800;25.669125;658.903992;27.035503;8.091026;0.096060;-0.505650;36.876950;0.127451;0.127451;1.003922;40953.666288;2.216924;-70.525828;-80.983000;36.669009;1344.616228;79.489048;4.276767;0.041088;-1.395057;65.315750;0.019608;0.019608;0.000000;575912.689291;0.474372;0.000000;0.000000;-0.022054;0.115412;-0.543796;0.071723;0.000000;-0.245175;-0.182851;0.000000;0.000000;0.305582;-0.452152;0.106408;0.440486;9.885406;2.120550;13.061540;2.356057;0.627173;0.000000;9.291118;3.017578;-2.173755;99.841797;7054.099096
3.000000;3.000000;0.000000;0.000000;3.000000;0.000000;0.000000;0.000000;0.000000;0.000000;0.000000;0.000000;918.000000;-0.000000;0.482843;0.703850;0.948682;0.899997;1.064488;0.177002;-0.270848;-1.125591;1.623132;0.039216;0.039216;0.501961;69.680118;1.613472;9.578082;9.579950;0.703653;0.495127;9.603894;0.303188;-0.368241;0.212924;0.965425;0.176471;0.176471;0.000000;9382.715024;0.025024;-0.537408;-0.692915;0.679608;0.461867;0.866415;0.264014;0.314951;-0.661767;1.034910;0.088235;0.088235;0.000000;53.024829;1.758242;-5.138475;-4.425300;18.427721;339.580902;19.130730;8.703955;0.374337;0.890224;21.624775;0.176471;0.176471;1.003922;20012.207927;2.748714;-69.843549;-57.975000;34.819764;1212.415982;78.041895;4.422386;-0.239170;-1.442178;61.653250;0.009804;0.009804;0.000000;559401.767827;0.440493;0.000000;0.000000;-0.300442;-0.055763;0.482149;0.034185;0.000000;-0.003349;-0.129051;0.000000;0.000000;-0.247562;0.258625;-0.097141;0.072680;10.095589;0.447009;13.521176;0.992252;0.416685;0.000000;9.725683;3.017578;-0.727169;102.367923;6457.272824
3.000000;3.000000;0.000000;0.000000;3.000000;0.000000;0.000000;0.000000;0.000000;0.000000;0.000000;0.000000;918.000000;-0.000000;0.344240;0.673380;1.125577;1.266924;1.177041;0.317349;-0.153242;-0.964269;1.900580;0.058824;0.058824;0.501961;76.785979;2.288421;9.787787;9.491450;2.098881;4.405301;10.010299;0.580032;1.495648;2.664537;1.931875;0.117647;0.117647;0.000000;9996.352879;0.153282;-0.252060;-0.122240;0.909239;0.826715;0.943530;0.380706;-1.067309;1.402101;1.040758;0.137255;0.137255;1.505882;48.679451;2.862867;-3.021753;-1.340800;20.684384;427.843745;20.903941;10.150437;-0.222172;-0.106957;25.459250;0.156863;0.156863;1.505882;22752.642581;2.210080;-21.955490;-29.607000;22.109673;488.837631;31.158966;6.088959;0.280233;-1.117317;38.220850;0.088235;0.088235;0.000000;74103.213446;1.293085;0.000000;0.000000;0.003866;-0.012358;-0.007219;0.305000;0.000000;-0.088187;0.081627;0.000000;0.000000;-0.090652;-0.559681;-0.249876;0.183914;10.321846;4.051009;13.825389;4.448945;1.279441;0.000000;9.760150;3.017578;-0.270399;110.591506;1408.746165
3.000000;3.000000;0.000000;0.000000;3.000000;0.000000;0.000000;0.000000;0.000000;0.000000;0.000000;0.000000;918.000000;-0.000000;-0.155952;-0.478720;1.128830;1.274258;1.139552;0.492189;0.622077;0.354251;1.646830;0.117647;0.117647;1.003922;67.837165;2.518770;10.086702;8.940350;2.794063;7.806785;10.466534;0.803328;0.744625;-0.572838;4.403900;0.088235;0.088235;0.000000;10775.826947;0.227402;0.032573;0.230690;1.202538;1.446098;1.202979;0.528162;-0.802483;0.673307;1.221407;0.205882;0.205882;3.513725;73.885142;2.903974;-4.983574;-3.405450;21.856137;477.690721;22.417108;11.845944;-0.232557;0.277489;21.825825;0.205882;0.205882;1.003922;26899.064747;2.992968;-12.929043;-5.627800;23.082700;532.811033;26.456969;7.818298;-0.584063;-0.493185;35.819800;0.098039;0.098039;0.000000;44265.606808;1.992864;0.000000;0.000000;0.042299;-0.169252;-0.182598;0.271751;0.000000;-0.200590;-0.019951;0.000000;0.000000;0.040975;-0.442528;-0.379169;0.265201;10.612857;7.214183;14.035440;7.886831;1.284124;0.000000;9.956059;3.017578;-0.181283;119.846921;1203.945085
3.000000;3.000000;0.000000;0.000000;3.000000;0.000000;0.000000;0.000000;0.000000;0.000000;0.000000;0.000000;918.000000;-0.000000;-0.589980;-0.922855;1.171188;1.371681;1.311395;0.372960;0.980602;0.594993;1.589454;0.088235;0.088235;0.000000;105.523429;2.327565;9.870082;9.504500;2.009578;4.038402;10.072583;0.510650;0.991823;0.683652;1.859050;0.098039;0.098039;0.000000;10143.065397;0.135939;-0.069324;-0.136895;1.038117;1.077688;1.040429;0.360971;-0.080150;0.531148;1.101152;0.117647;0.117647;0.501961;55.550184;2.684842;4.684496;4.983500;21.298699;453.634570;21.807776;7.842753;-0.728643;0.674410;26.416800;0.088235;0.088235;0.501961;25421.614301;2.243851;-72.990210;-64.535500;58.755388;3452.195629;93.700408;6.233774;-0.024735;-1.437221;117.574250;0.019608;0.019608;0.000000;719501.428291;0.665115;0.000000;0.000000;-0.042927;-0.535023;0.337669;-0.574679;0.000000;-0.410237;0.144482;0.000000;0.000000;0.175436;0.046547;-0.359220;0.128515;10.413610;3.733417;14.023126;4.082246;1.381402;0.000000;9.915729;3.017578;0.123142;112.176685;9256.427968
3.000000;3.000000;0.000000;0.000000;3.000000;0.000000;0.000000;0.000000;0.000000;0.000000;0.000000;0.000000;918.000000;-0.000000;-0.237630;-0.827410;1.317138;1.734853;1.338402;0.219366;0.190105;-1.605168;2.598300;0.049020;0.049020;0.501961;94.237783;1.745625;9.882107;9.698600;1.530447;2.342269;9.999915;0.419334;1.265528;3.338444;0.970375;0.107843;0.107843;0.000000;10080.433371;0.093104;-1.015399;-0.573915;1.289687;1.663293;1.641441;0.266906;-1.741312;2.664835;1.017192;0.068627;0.068627;0.000000;190.006664;1.649910;12.768486;16.095500;17.256367;297.782215;21.466635;5.944977;-0.435152;-0.177861;21.678250;0.147059;0.147059;0.000000;31816.651627;1.764156;-74.397633;-60.154000;56.912151;3238.992967;93.669636;4.937204;-0.074716;-1.448295;112.653750;0.009804;0.009804;0.000000;729762.019488;0.726459;0.000000;0.000000;0.253821;0.097863;-0.419897;-0.167496;0.000000;-0.167248;0.182006;0.000000;0.000000;0.000648;0.399856;0.060504;0.291397;10.423291;2.144641;14.141014;2.659639;1.457850;0.000000;9.830483;3.017578;-0.614661;110.789626;9237.511536
3.000000;3.000000;0.000000;0.000000;3.000000;0.000000;0.000000;0.000000;0.000000;0.000000;0.000000;0.000000;918.000000;-0.000000;0.074613;0.246160;1.084650;1.176466;1.087213;0.205860;-0.127242;-1.429770;1.995573;0.029412;0.029412;0.501961;60.597134;2.093773;9.640422;9.209150;2.093973;4.384723;9.865214;0.527004;0.933980;0.329246;2.270950;0.107843;0.107843;0.000000;9703.278910;0.151695;-1.899070;-1.645950;1.400281;1.960788;2.359503;0.351804;-0.687210;-0.207693;1.662583;0.078431;0.078431;0.000000;467.884133;0.907739;1.681768;2.977100;21.419546;458.796942;21.485467;7.376414;0.099715;-1.027831;33.687750;0.117647;0.117647;1.505882;23693.859842;2.129529;-13.110933;-12.608500;23.922917;572.305939;27.280075;4.235971;0.027694;-0.832241;31.293075;0.068627;0.068627;0.000000;46729.528226;1.798041;0.000000;0.000000;0.043725;0.123267;-0.325967;0.086129;0.000000;0.054068;-0.109264;0.000000;0.000000;0.152738;0.256014;0.169002;0.540887;10.170280;4.069883;13.654462;4.431237;1.185013;0.000000;9.941747;3.017578;-1.588358;107.504484;1211.395038
3.000000;3.000000;0.000000;0.000000;3.000000;0.000000;0.000000;0.000000;0.000000;0.000000;0.000000;0.000000;918.000000;-0.000000;-0.362964;-0.672275;0.928449;0.862017;0.996875;0.207487;0.283415;-1.134767;1.585462;0.058824;0.058824;0.501961;57.411618;1.654584;9.402432;8.450650;2.287263;5.231573;9.676637;0.557037;1.174674;0.327758;2.422825;0.068627;0.068627;0.000000;9284.200160;0.184987;-2.122515;-1.732850;1.249269;1.560674;2.462873;0.371280;-1.014974;0.256483;1.562375;0.078431;0.078431;0.000000;539.147572;0.707130;0.919539;0.585475;25.152722;632.659428;25.169525;7.939832;-0.025474;-1.335282;47.318750;0.137255;0.137255;1.505882;32353.752717;1.550093;-7.508185;-10.070450;18.248158;332.995279;19.732413;3.792807;0.528616;-0.790963;26.927050;0.098039;0.098039;0.501961;22733.053186;1.408681;0.000000;0.000000;-0.059297;0.187951;-0.179263;-0.004817;0.000000;-0.117391;0.085160;0.000000;0.000000;-0.271817;0.714943;-0.034815;0.564504;9.937637;4.874440;13.306070;5.287032;0.866890;0.000000;9.325960;3.017578;-2.223951;103.631067;1028.938839
3.000000;3.000000;0.000000;0.000000;3.000000;0.000000;0.000000;0.000000;0.000000;0.000000;0.000000;0.000000;918.000000;-0.000000;-0.085411;-0.318440;1.083927;1.174899;1.087287;0.245589;0.280406;-0.606670;1.454422;0.088235;0.088235;0.501961;60.673819;1.383959;9.465779;8.975100;2.070207;4.285758;9.689517;0.537893;1.223686;1.321858;1.571725;0.088235;0.088235;0.000000;9357.886797;0.160320;-1.958568;-1.625850;1.406709;1.978830;2.411393;0.335098;-0.736618;-0.328647;2.064213;0.058824;0.058824;0.000000;492.202585;0.846878;-7.612828;-14.091000;26.544135;704.591108;27.614240;8.484366;0.266805;-1.110669;48.376500;0.117647;0.117647;1.003922;41846.300519;2.044251;-66.836846;-31.060000;66.438850;4414.120777;94.240568;4.872931;-0.586522;-1.220716;111.677000;0.009804;0.009804;0.000000;680783.261655;0.915161;0.000000;0.000000;0.070033;0.066123;-0.320833;0.503864;0.000000;-0.125863;0.170529;0.000000;0.000000;0.256811;-0.491340;-0.036903;0.451229;10.002744;4.014050;13.382330;4.336189;1.178534;0.000000;9.632886;3.017578;-2.240555;104.068932;9649.645819
3.000000;3.000000;0.000000;0.000000;3.000000;0.000000;0.000000;0.000000;0.000000;0.000000;0.000000;0.000000;918.000000;-0.000000;0.001683;-0.075624;1.046104;1.094333;1.046105;0.229909;0.227006;-0.615419;1.551518;0.088235;0.088235;1.003922;55.816512;1.927147;9.537099;9.475700;1.261395;1.591118;9.620155;0.416351;0.684740;4.379111;1.501725;0.147059;0.147059;0.000000;9358.691770;0.072862;-1.045912;-0.890470;1.532962;2.349971;1.855776;0.246431;-0.538026;-0.343997;2.128187;0.107843;0.107843;0.000000;231.436459;1.283750;-5.703923;-5.671250;22.762628;518.137223;23.466401;6.998343;-0.122104;-0.919722;34.919750;0.107843;0.107843;0.501961;29770.492740;2.228414;-80.964788;-69.444500;63.082894;3979.451502;102.638923;5.391044;-0.143827;-1.255938;91.746250;0.019608;0.019608;0.000000;871594.381221;0.640129;0.000000;0.000000;-0.326147;0.389152;-0.060042;0.467910;0.000000;-0.250568;0.150495;0.000000;0.000000;-0.033906;-0.273837;0.208435;0.140803;10.057607;1.486258;13.415600;1.857845;0.854194;0.000000;9.502565;3.017578;-1.575257;102.641711;11088.864335
3.000000;3.000000;0.000000;0.000000;3.000000;0.000000;0.000000;0.000000;0.000000;0.000000;0.000000;0.000000;918.000000;-0.000000;-0.200653;-0.378550;0.984342;0.968928;1.004584;0.307518;0.267752;-1.280690;1.782648;0.088235;0.088235;1.003922;53.541074;2.438756;9.715839;9.629700;1.951988;3.810255;9.909984;0.560584;1.080343;1.788856;1.762925;0.127451;0.127451;0.000000;9823.027102;0.143938;-0.364429;-0.182180;1.059338;1.122198;1.120271;0.430036;-0.678760;0.032588;1.614432;0.107843;0.107843;1.505882;70.994626;2.639411;1.812790;4.488850;18.140322;329.071274;18.230674;7.552190;-0.138659;-0.862403;28.021000;0.137255;0.137255;1.505882;17125.530223;2.433198;-25.708995;-14.727000;38.056181;1448.272910;45.926303;5.270171;-1.180278;0.678845;44.020500;0.058824;0.058824;0.000000;141279.489257;1.486623;0.000000;0.000000;-0.062691;0.009395;-0.490355;-0.126834;0.000000;-0.245801;-0.093527;0.000000;0.000000;-0.318108;0.154285;-0.360054;0.237339;10.233203;3.498532;13.611898;3.853129;0.973374;0.000000;9.795638;3.017578;-0.142518;108.216977;2442.837808
3.000000;3.000000;0.000000;0.000000;3.000000;0.000000;0.000000;0.000000;0.000000;0.000000;0.000000;0.000000;918.000000;-0.000000;-0.189345;-0.411480;1.144647;1.310218;1.160202;0.381758;0.147268;-1.180775;1.937412;0.068627;0.068627;1.003922;70.502436;2.168575;9.686888;8.905350;2.519695;6.348863;10.009229;0.744340;0.914291;-0.239164;3.591625;0.078431;0.078431;0.000000;9895.384549;0.205927;-0.330289;-0.140805;0.987226;0.974616;1.041012;0.575478;-1.299323;1.708059;0.893685;0.225490;0.225490;0.000000;61.060610;2.858736;-3.629602;-4.931850;15.484475;239.768971;15.904181;8.703743;0.116323;-0.748125;20.973700;0.166667;0.166667;1.505882;13610.938371;3.009413;-8.843786;-3.892050;19.586806;383.642981;21.490824;5.312091;-0.957978;0.307862;22.434975;0.117647;0.117647;1.003922;27543.786436;2.056753;0.000000;0.000000;-0.057883;-0.232043;-0.246479;0.394381;0.000000;-0.214071;0.191160;0.000000;0.000000;0.124135;-0.526724;-0.531837;0.417267;10.230537;5.866841;13.719715;6.417303;1.317610;0.000000;9.715007;3.017578;-0.443267;110.530736;715.882216
3.000000;3.000000;0.000000;0.000000;3.000000;0.000000;0.000000;0.000000;0.000000;0.000000;0.000000;0.000000;918.000000;-0.000000;-0.150558;0.011945;1.086611;1.180722;1.096991;0.339881;-0.151374;-0.828547;1.754155;0.039216;0.039216;0.501961;62.542704;2.002220;10.029943;9.338850;2.339854;5.474917;10.299256;0.635059;0.778351;-0.340464;2.641550;0.107843;0.107843;0.000000;10540.662792;0.174539;-0.606496;-0.298575;1.101359;1.212992;1.257310;0.469092;-0.519383;-0.638333;1.610918;0.137255;0.137255;0.000000;99.453780;2.217013;2.271906;4.716100;16.126775;260.072875;16.286019;8.839158;-0.370313;-0.267318;24.424425;0.196078;0.196078;0.501961;13801.880021;2.992988;-80.172285;-52.485000;90.513556;8192.703743;120.914429;7.258721;-0.804489;-0.664823;135.560225;0.019608;0.019608;0.000000;1073443.036602;0.886535;0.000000;0.000000;-0.097063;-0.223507;0.585080;-0.348496;0.000000;0.052331;-0.003759;0.000000;0.000000;0.135586;-0.003027;-0.378313;0.204501;10.546434;5.050795;13.956775;5.543400;1.178137;0.000000;10.062751;3.017578;-0.408852;116.278067;14887.114316
3.000000;3.000000;0.000000;0.000000;3.000000;0.000000;0.000000;0.000000;0.000000;0.000000;0.000000;0.000000;918.000000;-0.000000;-0.232440;-0.022781;1.121055;1.256764;1.144898;0.314985;-0.171878;-0.336096;1.571137;0.058824;0.058824;0.501961;69.606476;2.194205;9.838787;9.295400;2.949465;8.699346;10.271372;0.730237;0.902787;0.403746;2.788825;0.107843;0.107843;0.000000;10317.555194;0.273821;-1.640730;-1.689250;1.764780;3.114450;2.409657;0.449364;-0.824707;0.697244;2.285200;0.107843;0.107843;0.000000;433.511570;1.423931;10.393308;15.066500;27.159359;737.630771;29.080090;11.275359;-0.169392;0.589451;26.557742;0.186275;0.186275;0.000000;48651.906151;2.611097;-86.938930;-55.979500;86.925063;7555.966501;122.940408;8.289405;-0.708943;-0.463183;117.453250;0.019608;0.019608;0.000000;1156321.072443;0.897870;0.000000;0.000000;0.440551;0.138464;-0.150531;0.134931;0.000000;0.366781;-0.012287;0.000000;0.000000;0.584031;0.021955;0.232435;0.458899;10.388800;7.884716;13.769584;9.063151;0.991534;0.000000;10.258017;3.017578;-1.295690;115.811873;15965.802060
3.000000;3.000000;0.000000;0.000000;3.000000;0.000000;0.000000;0.000000;0.000000;0.000000;0.000000;0.000000;918.000000;-0.000000;-0.106973;0.269540;1.195977;1.430360;1.200751;0.284698;-0.302527;-0.635538;1.711575;0.058824;0.058824;0.501961;74.117358;1.857478;9.465530;8.299250;3.188711;10.167876;9.988200;0.856470;1.005313;0.086041;4.239700;0.058824;0.058824;0.000000;9657.397127;0.306385;-2.737903;-2.619500;1.935524;3.746253;3.352964;0.476337;-0.021178;-0.579778;2.485100;0.098039;0.098039;0.000000;955.669247;0.796996;5.884418;14.263000;29.620592;877.379459;30.199434;11.364553;0.154357;-0.316200;44.881000;0.088235;0.088235;1.505882;48282.226499;2.030207;-13.230429;-15.300500;25.992354;675.602488;29.165849;5.715332;0.401439;0.156835;34.117967;0.137255;0.137255;0.000000;52323.808782;1.880912;0.000000;0.000000;0.329028;0.261599;-0.261839;0.282341;0.000000;0.166932;0.185425;0.000000;0.000000;0.375952;0.364500;0.199303;0.568072;10.043590;9.332242;13.480669;10.446926;1.266144;0.000000;9.604891;3.017578;-2.391322;110.205945;1773.894941
3.000000;3.000000;0.000000;0.000000;3.000000;0.000000;0.000000;0.000000;0.000000;0.000000;0.000000;0.000000;918.000000;-0.000000;-0.150002;-0.003903;0.977244;0.955005;0.988689;0.247118;-0.249652;-0.860205;1.651048;0.068627;0.068627;0.501961;51.017701;2.308404;9.316541;8.561650;2.537633;6.439580;9.655958;0.703215;1.000077;0.047397;2.376900;0.098039;0.098039;0.000000;9181.814274;0.217586;-2.979092;-2.711800;1.439272;2.071504;3.308549;0.410619;-0.579032;-0.634337;2.098550;0.078431;0.078431;0.000000;1010.895899;0.490381;-5.425699;-8.920100;24.735447;611.842326;25.323517;8.963416;0.050311;-1.098602;42.836750;0.127451;0.127451;1.505882;34225.246827;1.968319;-28.025391;-20.622500;38.012562;1444.954895;47.226872;4.552689;-1.478962;1.771857;26.364675;0.088235;0.088235;0.000000;153815.462147;1.596678;0.000000;0.000000;-0.193704;0.115389;-0.122790;0.317376;0.000000;-0.318816;0.097552;0.000000;0.000000;-0.044065;0.021232;0.008554;0.580905;9.858917;6.016779;13.154213;6.545506;0.922293;0.000000;9.538329;3.017578;-3.149395;103.215025;2882.604482
3.000000;3.000000;0.000000;0.000000;3.000000;0.000000;0.000000;0.000000;0.000000;0.000000;0.000000;0.000000;918.000000;-0.000000;-0.289368;-0.577670;1.002850;1.005707;1.043763;0.209158;0.422170;-0.796482;1.618462;0.049020;0.049020;0.501961;59.832431;1.741210;9.368430;9.490450;1.545327;2.388036;9.495026;0.437969;0.936013;3.000842;1.364400;0.107843;0.107843;0.000000;9074.089479;0.103006;-1.544494;-1.440850;1.546319;2.391104;2.185536;0.279884;-0.742632;0.618358;1.738580;0.088235;0.088235;0.000000;365.274352;1.103550;-7.561350;-8.758550;22.953318;526.854805;24.166688;7.150272;0.009228;-0.904749;35.743250;0.078431;0.078431;0.501961;32701.353952;2.145248;-77.311765;-64.719500;50.106302;2510.641453;92.128988;4.205545;-0.392561;-1.255809;85.201250;0.019608;0.019608;0.000000;737708.443769;0.541492;0.000000;0.000000;-0.253054;0.278392;-0.216001;0.428089;0.000000;-0.569135;0.015842;0.000000;0.000000;-0.138979;-0.771215;0.216571;0.539553;9.900468;2.225695;13.283371;2.516211;0.911133;0.000000;9.256828;3.017578;-2.167998;100.244964;9076.555800
3.000000;3.000000;0.000000;0.000000;3.000000;0.000000;0.000000;0.000000;0.000000;0.000000;0.000000;0.000000;918.000000;-0.000000;0.073025;0.356595;1.080901;1.168346;1.083365;0.291326;-0.113815;-1.092946;1.776580;0.049020;0.049020;1.003922;60.138530;2.052180;9.749234;9.611700;1.434383;2.057456;9.854188;0.488451;1.098704;1.853673;1.332075;0.205882;0.205882;0.000000;9799.782982;0.086325;-0.727719;-0.786945;0.899697;0.809454;1.157164;0.321801;-0.183422;-0.468501;1.298332;0.088235;0.088235;0.000000;95.312514;1.778991;-4.237705;0.435240;20.663520;426.981062;21.093582;7.493634;-0.281690;-0.451274;30.292775;0.088235;0.088235;1.505882;23609.511931;2.385304;-59.054912;-46.092500;57.047048;3254.365672;82.108759;5.753611;-0.551864;-0.940826;95.360925;0.009804;0.009804;0.000000;521714.242362;1.085289;0.000000;0.000000;-0.493208;0.118168;0.021171;0.414828;0.000000;-0.261084;0.151554;0.000000;0.000000;-0.340820;-0.243094;-0.180173;0.126553;10.265395;1.900379;13.719969;2.522144;0.735596;0.000000;9.694706;3.017578;-0.744699;107.278704;7188.126546
3.000000;3.000000;0.000000;0.000000;3.000000;0.000000;0.000000;0.000000;0.000000;0.000000;0.000000;0.000000;918.000000;-0.000000;0.188209;0.463950;1.016180;1.032621;1.033462;0.344938;-0.287292;-0.417544;1.406567;0.088235;0.088235;1.003922;56.306200;2.435730;9.699447;8.764600;2.552391;6.514702;10.029655;0.747941;1.143073;0.566453;3.020150;0.078431;0.078431;0.000000;9928.340405;0.208296;-0.682180;-0.429255;1.050681;1.103930;1.252717;0.491017;-0.649049;0.029331;1.367968;0.068627;0.068627;0.000000;103.778626;2.127195;-1.565119;-0.126652;19.578458;383.316030;19.640917;8.412323;-0.400339;0.098167;26.548750;0.166667;0.166667;1.505882;19817.989523;2.755343;-17.443148;-17.418500;21.323727;454.701344;27.549315;6.530055;-0.127372;-0.929212;31.629741;0.107843;0.107843;0.000000;54230.720487;1.589911;0.000000;0.000000;-0.253127;-0.266725;-0.171963;0.220173;0.000000;0.159461;0.090419;0.000000;0.000000;0.014352;-0.341303;-0.454269;0.261382;10.228987;6.029854;13.583864;6.657501;0.964548;0.000000;9.696706;3.017578;-0.865445;110.662019;1146.299679
3.000000;3.000000;0.000000;0.000000;3.000000;0.000000;0.000000;0.000000;0.000000;0.000000;0.000000;0.000000;918.000000;-0.000000;-0.584411;-0.869740;1.139806;1.299159;1.280896;0.300010;0.622050;-0.369693;1.742517;0.078431;0.078431;0.501961;101.193030;1.847344;9.492614;9.023150;2.485466;6.177541;9.812607;0.638978;1.415974;1.598917;2.004100;0.078431;0.078431;0.000000;9506.350663;0.214453;-0.096269;-0.119528;1.124811;1.265200;1.128923;0.472191;-0.305606;1.412230;1.100455;0.176471;0.176471;0.501961;65.477587;2.745984;-3.769024;-4.035400;13.791393;190.202517;14.297135;6.969415;0.230166;-0.414971;20.031300;0.264706;0.264706;0.501961;11203.366944;2.779977;-15.566482;-15.338500;22.777919;518.833601;27.588929;4.379078;-0.377814;-0.855221;30.956400;0.068627;0.068627;0.000000;51191.778647;1.616592;0.000000;0.000000;-0.034322;-0.534331;-0.297201;0.144112;0.000000;0.251622;0.146298;0.000000;0.000000;-0.272294;-0.477184;-0.469488;0.379197;10.060427;5.715769;13.620219;6.240661;1.310065;0.000000;9.696717;3.017578;-0.300702;106.927951;966.831502
3.000000;3.000000;0.000000;0.000000;3.000000;0.000000;0.000000;0.000000;0.000000;0.000000;0.000000;0.000000;918.000000;-0.000000;-0.669855;-0.930075;1.072066;1.149326;1.264133;0.337185;0.902769;0.480534;1.366057;0.117647;0.117647;0.000000;104.389257;1.842219;9.917204;9.291800;2.267368;5.140959;10.173097;0.714836;0.852214;0.233066;2.658350;0.107843;0.107843;0.000000;10294.134032;0.180505;-0.563894;-0.515375;1.517498;2.302799;1.618881;0.424024;-0.347856;0.011370;1.808290;0.137255;0.137255;1.505882;149.877741;2.287001;3.251508;-0.478035;18.528292;343.297606;18.811430;8.226423;0.612572;0.142257;27.860000;0.147059;0.147059;1.505882;18636.812721;2.803658;-39.082109;-32.329500;39.325477;1546.493180;55.442803;5.819247;-0.329558;-1.057516;64.042825;0.049020;0.049020;0.000000;234680.478522;1.038429;0.000000;0.000000;0.046254;-0.548525;0.291199;-0.471238;0.000000;0.248482;-0.014807;0.000000;0.000000;-0.178755;-0.534574;-0.238403;0.100498;10.461592;4.645014;14.007291;5.195056;1.157510;0.000000;10.098825;3.017578;-0.278834;114.089924;3430.395142
3.000000;3.000000;0.000000;0.000000;3.000000;0.000000;0.000000;0.000000;0.000000;0.000000;0.000000;0.000000;918.000000;-0.000000;-0.163554;0.019967;0.951171;0.904727;0.965130;0.229674;0.053906;0.298441;1.225648;0.088235;0.088235;0.501961;48.872569;2.517314;9.734207;9.682650;1.950705;3.805250;9.927741;0.594166;0.630814;0.329263;2.235200;0.107843;0.107843;0.000000;9859.055785;0.140484;-0.704065;-0.539915;1.309305;1.714280;1.486603;0.294804;-0.534936;-0.322634;1.887398;0.088235;0.088235;0.000000;137.999133;1.773953;-5.298774;-5.395750;15.016484;225.494803;15.923938;6.219154;0.072912;-0.557498;19.090300;0.166667;0.166667;1.505882;14380.767538;2.385153;46.057585;42.568000;23.918504;572.094836;51.897938;3.468554;0.143447;-1.390762;45.870750;0.058824;0.058824;0.000000;245549.625835;0.454871;0.000000;0.000000;-0.237183;0.216515;-0.378844;0.002001;0.000000;-0.144270;-0.168122;0.000000;0.000000;-0.319332;0.611592;-0.269601;0.070035;10.249109;3.447272;13.474080;3.908874;0.847737;0.000000;9.858810;3.017578;-1.065335;108.491510;2949.177793
3.000000;3.000000;0.000000;0.000000;3.000000;0.000000;0.000000;0.000000;0.000000;0.000000;0.000000;0.000000;918.000000;-0.000000;0.119240;0.218380;1.159440;1.344301;1.165555;0.228137;-0.042111;-1.166428;2.071578;0.078431;0.078431;0.501961;70.009645;1.395603;9.790321;9.626950;1.500009;2.250027;9.904565;0.394059;1.126494;1.677886;0.989100;0.137255;0.137255;0.000000;9891.490837;0.088172;-0.202390;0.286745;1.396627;1.950566;1.411215;0.271320;-1.086606;0.476089;1.899275;0.078431;0.078431;1.003922;103.657250;1.308221;2.154432;1.610650;20.691655;428.144583;20.803513;5.790119;0.788172;1.094219;21.025325;0.137255;0.137255;1.505882;22319.389775;1.920598;25.052540;19.085500;23.492647;551.904468;34.344347;3.024379;1.131962;0.513780;27.408900;0.058824;0.058824;0.000000;92165.994089;1.040465;0.000000;0.000000;-0.004653;0.166477;-0.081450;-0.113032;0.000000;0.216520;-0.025576;0.000000;0.000000;0.098554;0.187055;-0.224523;0.303352;10.317765;2.002651;13.809170;2.272377;1.357538;0.000000;9.556705;3.017578;0.108115;108.458923;1614.311893
3.000000;3.000000;0.000000;0.000000;3.000000;0.000000;0.000000;0.000000;0.000000;0.000000;0.000000;0.000000;918.000000;-0.000000;0.253190;0.404270;0.963439;0.928215;0.996153;0.216744;-0.314545;-1.030235;1.807443;0.068627;0.068627;0.501961;53.878517;1.719282;9.612699;9.578450;1.933514;3.738477;9.805226;0.442668;0.485311;0.544330;1.459375;0.176471;0.176471;0.000000;9615.873760;0.132497;-0.941338;-0.775165;1.577491;2.488479;1.837008;0.275102;-0.432285;-0.753380;2.349565;0.058824;0.058824;0.000000;217.310867;1.586995;4.358305;2.799200;19.244094;370.335148;19.731446;5.546369;0.939438;1.347660;21.186650;0.147059;0.147059;1.505882;20824.841067;2.097687;16.114332;7.684700;21.730643;472.220852;27.053513;2.608878;0.644573;-0.850883;29.763718;0.039216;0.039216;0.000000;50570.089046;1.218217;0.000000;0.000000;-0.081356;0.243850;-0.115572;-0.195154;0.000000;0.054925;-0.168002;0.000000;0.000000;0.456468;0.404694;-0.229594;0.419891;10.136132;3.393610;13.482938;3.783722;0.929175;0.000000;9.926680;3.017578;-0.480561;106.134780;1124.597112
3.000000;3.000000;0.000000;0.000000;3.000000;0.000000;0.000000;0.000000;0.000000;0.000000;0.000000;0.000000;918.000000;-0.000000;-0.460583;-0.622950;0.866856;0.751440;0.981619;0.204081;0.366625;-1.010964;1.596827;0.098039;0.098039;0.501961;59.966936;1.586056;9.619254;9.408950;2.274739;5.174437;9.884558;0.497642;0.243212;-0.755145;3.287950;0.068627;0.068627;0.000000;9701.993983;0.172479;-1.566894;-1.092600;1.167379;1.362773;1.953952;0.268095;-0.865629;-0.512416;1.708970;0.049020;0.049020;0.000000;319.965124;0.921471;4.222061;8.467800;15.228781;231.915764;15.803214;4.517180;-0.413455;-1.060740;24.491800;0.068627;0.068627;1.505882;13648.526351;2.032083;3.284534;-5.268400;30.547216;933.132409;30.723290;2.627184;0.401799;-1.180393;56.205000;0.019608;0.019608;0.501961;48690.213567;0.646443;0.000000;0.000000;-0.139835;0.359267;0.040702;-0.301572;0.000000;-0.256205;-0.039746;0.000000;0.000000;0.082552;0.818129;-0.544338;0.274244;10.148131;4.683499;13.483361;5.242962;0.741587;0.000000;9.466647;3.017578;-1.492248;107.668059;1197.480063
3.000000;3.000000;0.000000;0.000000;3.000000;0.000000;0.000000;0.000000;0.000000;0.000000;0.000000;0.000000;918.000000;-0.000000;-0.151128;-0.101330;1.051336;1.105308;1.062143;0.270247;-0.169285;-1.298477;1.861733;0.068627;0.068627;0.501961;58.717304;2.112464;9.782234;9.771350;1.998684;3.994739;9.984330;0.543014;0.365742;-0.484645;2.498950;0.078431;0.078431;0.000000;9964.326791;0.141075;-0.966870;-0.876510;1.754701;3.078974;2.003450;0.353235;0.012224;-0.503768;2.363615;0.058824;0.058824;0.000000;252.381479;1.658407;-8.506360;-6.404100;28.520195;813.401545;29.761716;8.692040;-1.201691;1.813991;37.462000;0.117647;0.117647;0.501961;48886.583412;2.209809;14.474710;19.391000;36.504509;1332.579187;39.269536;3.741505;0.098457;-1.147024;67.950000;0.019608;0.019608;0.501961;89341.801590;1.023009;0.000000;0.000000;-0.149303;-0.300892;0.636203;-0.447196;0.000000;-0.577653;0.082771;0.000000;0.000000;0.277792;0.600525;-0.191328;0.176214;10.304555;3.631138;13.724959;4.068296;1.082246;0.000000;10.017688;3.017578;-1.507231;109.814995;2431.869956
3.000000;3.000000;0.000000;0.000000;3.000000;0.000000;0.000000;0.000000;0.000000;0.000000;0.000000;0.000000;918.000000;-0.000000;0.085234;0.357130;1.062419;1.128734;1.065832;0.311832;-0.641949;-0.318600;1.630680;0.068627;0.068627;0.501961;58.319597;2.268123;9.568821;9.593250;1.296779;1.681635;9.656291;0.471651;0.501961;1.292669;1.653300;0.156863;0.156863;0.000000;9425.173960;0.078085;0.096653;0.329685;1.560250;2.434380;1.563241;0.322776;-0.992427;0.920971;1.908610;0.088235;0.088235;0.501961;125.202293;2.385839;-16.136982;-15.127000;25.884828;670.024298;30.502893;10.101425;-1.022511;2.177901;27.924539;0.107843;0.107843;0.000000;60777.916385;2.055572;84.934338;72.473000;51.255557;2627.132146;99.201683;5.193208;0.209624;-1.400347;96.622750;0.019608;0.019608;0.000000;869797.209030;0.535365;0.000000;0.000000;-0.306934;0.005957;0.300097;0.290050;0.000000;-0.514177;0.232680;0.000000;0.000000;-0.151375;-0.457599;0.118250;0.006059;10.091496;1.541662;13.463645;1.929316;0.908878;0.000000;9.466728;3.017578;-0.334704;103.379961;10773.844131
3.000000;3.000000;0.000000;0.000000;3.000000;0.000000;0.000000;0.000000;0.000000;0.000000;0.000000;0.000000;918.000000;-0.000000;-0.272490;-0.166125;1.218323;1.484312;1.248424;0.298865;-0.356670;-0.676220;1.745335;0.068627;0.068627;0.501961;83.273824;2.016814;9.658735;9.653450;0.815376;0.664838;9.693091;0.315438;0.181679;-0.148658;0.958500;0.166667;0.166667;0.000000;9549.606106;0.032695;0.960395;0.850480;1.102195;1.214833;1.461914;0.215407;0.463619;-0.306911;1.466312;0.088235;0.088235;0.000000;156.037444;1.282288;-1.340383;-1.180875;16.202607;262.524459;16.257955;6.053459;-0.288293;-0.529116;25.985500;0.196078;0.196078;0.501961;13577.438127;2.299092;66.324565;51.957500;67.614017;4571.655304;94.713268;4.966956;0.140479;-1.547840;140.788607;0.009804;0.009804;0.000000;681858.469296;0.880654;0.000000;0.000000;-0.145183;0.146800;-0.418612;-0.380049;0.000000;-0.427305;0.128035;0.000000;0.000000;0.372955;0.039330;-0.014977;-0.260496;10.193344;0.610308;13.660878;1.523893;0.646535;0.000000;9.769410;3.017578;0.839268;104.514567;9237.061492
3.000000;3.000000;0.000000;0.000000;3.000000;0.000000;0.000000;0.000000;0.000000;0.000000;0.000000;0.000000;918.000000;-0.000000;0.059662;0.183605;1.257923;1.582371;1.259337;0.438043;-0.414100;-0.272363;1.610470;0.166667;0.166667;0.501961;81.066150;2.478602;9.464210;9.198400;2.051616;4.209129;9.684028;0.621085;1.585077;3.187516;2.025150;0.117647;0.117647;0.000000;9351.027562;0.171323;1.297518;1.079650;1.254999;1.575023;1.805152;0.429149;-1.332225;6.547254;1.236718;0.147059;0.147059;0.000000;252.282423;1.639862;2.995705;5.500050;20.248779;410.013037;20.469179;8.362441;-0.095087;-0.023531;27.623750;0.166667;0.166667;1.003922;21826.187346;2.996307;8.947239;4.939600;21.788314;474.730636;23.553847;4.962742;0.200886;-0.851458;36.320675;0.107843;0.107843;1.003922;32381.542239;1.843499;0.000000;0.000000;0.030527;-0.501450;0.243018;-0.448473;0.000000;-0.116315;-0.017571;0.000000;0.000000;0.255523;0.366434;-0.188987;0.062570;10.021934;3.927173;13.472441;4.253187;1.595654;0.000000;9.664609;3.017578;1.517848;104.366326;977.029579
3.000000;3.000000;0.000000;0.000000;3.000000;0.000000;0.000000;0.000000;0.000000;0.000000;0.000000;0.000000;918.000000;-0.000000;0.011059;0.048174;1.173339;1.376725;1.173391;0.584509;0.151458;-0.285839;1.702187;0.186275;0.186275;1.003922;70.226757;2.464661;9.859818;8.610000;2.846459;8.102327;10.262472;1.007678;1.000819;-0.081111;3.997450;0.058824;0.058824;0.000000;10329.275758;0.241289;0.755794;0.995315;1.344488;1.807649;1.542359;0.754674;-1.429662;4.248094;1.148815;0.186275;0.186275;0.000000;150.455460;2.594716;1.141333;5.639050;24.036384;577.747778;24.063466;15.270693;-0.080294;-0.220345;35.437500;0.196078;0.196078;1.003922;29716.210135;3.241934;3.882747;1.299900;19.021499;361.817406;19.413736;6.257224;0.509431;-0.216329;25.814500;0.166667;0.166667;0.501961;19990.582892;2.362710;0.000000;0.000000;0.078108;-0.446427;-0.045931;-0.100506;0.000000;0.159969;0.142361;0.000000;0.000000;0.101274;0.072006;-0.405183;0.214430;10.399899;7.537276;13.808191;8.192751;1.380152;0.000000;9.809087;3.017578;0.975348;115.695178;958.322419
3.000000;3.000000;0.000000;0.000000;3.000000;0.000000;0.000000;0.000000;0.000000;0.000000;0.000000;0.000000;918.000000;-0.000000;-0.156177;0.018602;1.188666;1.412928;1.198882;0.560837;-0.264050;-0.210364;1.717140;0.156863;0.156863;0.501961;74.547607;2.791446;10.040650;9.366900;2.609482;6.809396;10.374201;1.070439;1.309639;1.339251;3.270275;0.107843;0.107843;0.000000;10630.874949;0.228343;1.294278;1.158150;1.479705;2.189528;1.965880;0.664416;-0.461060;0.559413;1.720402;0.127451;0.127451;0.000000;282.807352;1.744979;-5.519842;-4.354150;32.361827;1047.287873;32.829202;17.872044;-0.210330;1.059707;37.309750;0.235294;0.235294;1.003922;56691.933693;3.203437;11.806507;-1.506335;37.217928;1385.174198;39.045714;6.308606;1.545988;1.499050;27.982000;0.068627;0.068627;0.501961;84880.496434;2.139635;0.000000;0.000000;-0.093663;-0.307380;0.255119;0.304326;0.000000;-0.316468;0.020755;0.000000;0.000000;0.258437;-0.023455;-0.383588;0.299861;10.568180;6.374947;14.016876;6.892566;1.411167;0.000000;10.318532;3.017578;0.759232;118.061367;2606.189030
3.000000;3.000000;0.000000;0.000000;3.000000;0.000000;0.000000;0.000000;0.000000;0.000000;0.000000;0.000000;918.000000;-0.000000;0.389060;0.610005;1.139802;1.299149;1.204374;0.359777;-0.771300;0.327127;1.682893;0.107843;0.107843;0.501961;81.696228;2.529957;9.785782;9.711500;1.681487;2.827400;9.929196;0.635540;2.807464;12.355083;0.983025;0.176471;0.176471;0.000000;9911.955679;0.121589;1.184656;1.067450;1.452231;2.108973;1.874135;0.389787;0.163695;-0.902551;2.129111;0.078431;0.078431;0.000000;250.713431;1.308666;-0.726006;7.174600;30.260750;915.713008;30.269458;10.915960;-0.707706;2.164607;26.050850;0.117647;0.117647;0.501961;46773.145523;2.796712;79.751837;81.098000;68.110204;4638.999899;104.877812;5.586877;-0.023690;-1.412726;129.583225;0.019608;0.019608;0.000000;885346.462137;0.678453;0.000000;0.000000;-0.273628;-0.341378;-0.624044;0.460166;0.000000;-0.252252;0.031147;0.000000;0.000000;-0.333868;0.334039;-0.185568;0.217564;10.313577;2.669582;13.807747;3.019652;1.147753;0.000000;9.806090;3.017578;1.722486;109.039453;11919.107827
3.000000;3.000000;0.000000;0.000000;3.000000;0.000000;0.000000;0.000000;0.000000;0.000000;0.000000;0.000000;918.000000;-0.000000;0.116350;0.171215;1.152763;1.328863;1.158620;0.216706;0.007410;-1.343601;2.066070;0.068627;0.068627;0.501961;69.154756;1.609816;9.900219;9.889800;0.819889;0.672218;9.934110;0.339196;-0.133950;1.055209;0.729625;0.196078;0.196078;0.000000;10031.745994;0.030673;0.127270;0.111000;0.721461;0.520506;0.732601;0.245447;0.408961;1.035346;0.796330;0.147059;0.147059;1.505882;28.205956;2.360125;4.511460;7.631150;20.123698;404.963207;20.623202;7.725555;-1.490815;4.185566;18.746225;0.107843;0.107843;1.505882;22733.108599;2.552135;79.346594;49.587000;61.670030;3803.192640;100.494152;4.463960;0.403618;-1.384693;109.725250;0.009804;0.009804;0.000000;836148.642981;0.678668;0.000000;0.000000;-0.128993;0.077375;-0.232392;0.153740;0.000000;0.085011;0.035561;0.000000;0.000000;-0.517663;0.682523;0.116403;-0.357138;10.413091;0.596488;13.938391;1.364142;0.656751;0.000000;9.996821;3.017578;0.186235;109.028947;10524.927866
3.000000;3.000000;0.000000;0.000000;3.000000;0.000000;0.000000;0.000000;0.000000;0.000000;0.000000;0.000000;918.000000;-0.000000;-0.333562;-0.544865;0.918702;0.844013;0.977382;0.196553;0.142453;-1.376607;1.704378;0.058824;0.058824;0.501961;54.393859;1.731579;9.810125;9.750300;1.253841;1.572118;9.889928;0.382062;0.219096;0.375993;1.256700;0.147059;0.147059;0.000000;9896.520176;0.066069;-0.396429;-0.077990;1.140185;1.300022;1.207136;0.263427;-1.371790;1.305678;0.923023;0.117647;0.117647;0.501961;82.331636;1.844751;-0.941755;3.473250;25.802870;665.788079;25.820050;8.244516;-0.751996;0.404539;36.614000;0.107843;0.107843;1.003922;34052.571661;2.006226;5.088034;5.926000;31.416794;987.014975;31.826138;3.257249;-0.518054;-0.589143;32.313625;0.029412;0.029412;0.501961;52991.351671;1.843112;0.000000;0.000000;0.211349;0.000392;0.358652;0.299207;0.000000;0.241083;0.381991;0.000000;0.000000;0.080394;0.252055;-0.168669;0.243060;10.312942;1.409191;13.683917;1.662317;0.777736;0.000000;10.071119;3.017578;-0.089062;107.765956;1681.035222
3.000000;3.000000;0.000000;0.000000;3.000000;0.000000;0.000000;0.000000;0.000000;0.000000;0.000000;0.000000;918.000000;-0.000000;0.111615;0.434900;0.947820;0.898362;0.954369;0.205649;-0.492615;-1.116137;1.703745;0.058824;0.058824;0.501961;47.090236;1.557492;9.698504;9.581750;1.706349;2.911627;9.847467;0.402069;0.454254;-0.007830;1.692975;0.098039;0.098039;0.000000;9742.712953;0.106410;-0.288363;0.009248;1.497943;2.243832;1.525446;0.314726;-0.385214;-0.488177;2.183610;0.098039;0.098039;1.003922;122.921395;1.732735;-1.122918;-0.454900;25.150797;632.562607;25.175853;7.155059;-0.146259;-0.674287;42.549500;0.147059;0.147059;1.003922;32390.106425;1.937994;-1.860605;2.240400;28.260237;798.641018;28.321421;3.330689;-0.545476;-0.789957;44.445250;0.058824;0.058824;0.501961;41083.867847;0.872903;0.000000;0.000000;-0.006235;0.076479;0.206168;0.187164;0.000000;0.131176;0.106598;0.000000;0.000000;0.363206;0.732456;-0.291239;0.581985;10.209331;2.652996;13.560368;2.940506;0.907206;0.000000;9.974508;3.017578;-0.687148;106.883426;1438.253406
3.000000;3.000000;0.000000;0.000000;3.000000;0.000000;0.000000;0.000000;0.000000;0.000000;0.000000;0.000000;918.000000;-0.000000;-0.032128;0.037832;1.000599;1.001199;1.001115;0.240585;-0.150362;-1.385124;1.920538;0.039216;0.039216;0.501961;51.167177;1.472411;9.819570;9.594850;2.095651;4.391754;10.040702;0.534046;0.416310;-0.033478;2.648500;0.107843;0.107843;0.000000;10059.252232;0.144580;-0.014818;0.159075;1.299272;1.688108;1.299357;0.314503;-0.296605;-0.659482;1.858075;0.127451;0.127451;1.003922;86.119398;1.684509;6.683433;8.393350;23.480556;551.336493;24.413209;6.694374;0.048389;-0.796311;33.057500;0.127451;0.127451;1.003922;32676.002094;1.762639;-0.018257;5.344850;23.290770;542.459979;23.290777;3.357309;-0.024584;-1.281315;40.430750;0.039216;0.039216;0.501961;27665.631786;0.980961;0.000000;0.000000;-0.017109;0.234043;0.154598;-0.260903;0.000000;-0.087722;0.149101;0.000000;0.000000;0.405903;0.767107;-0.206512;0.474672;10.334339;4.019362;13.725260;4.435620;1.010728;0.000000;10.047903;3.017578;0.062951;110.817933;1140.153414
3.000000;3.000000;0.000000;0.000000;3.000000;0.000000;0.000000;0.000000;0.000000;0.000000;0.000000;0.000000;918.000000;-0.000000;-0.044976;-0.171045;0.950203;0.902886;0.951267;0.223100;0.344152;-0.859722;1.447313;0.098039;0.098039;0.501961;46.253560;1.568335;9.828884;9.615250;2.091997;4.376451;10.049051;0.554340;0.486166;0.383467;1.740850;0.107843;0.107843;0.000000;10077.120468;0.141758;-0.050763;0.093209;1.716052;2.944836;1.716803;0.310945;-0.205702;-0.933950;2.893175;0.098039;0.098039;1.003922;150.460556;1.324733;-2.425068;3.525600;34.276217;1174.859084;34.361898;8.733189;-0.655419;0.291323;46.424000;0.068627;0.068627;2.007843;60517.681823;2.068331;-4.451554;-7.883450;21.843580;477.142005;22.292562;3.672414;0.530961;-0.224972;34.015000;0.039216;0.039216;1.003922;26360.246766;1.819018;0.000000;0.000000;0.032341;0.029115;0.112043;0.034520;0.000000;0.069877;0.411536;0.000000;0.000000;0.668956;0.455812;-0.210972;0.435578;10.337896;4.016235;13.618656;4.420984;0.910625;0.000000;10.082279;3.017578;-0.467656;110.888328;1680.645792
3.000000;3.000000;0.000000;0.000000;3.000000;0.000000;0.000000;0.000000;0.000000;0.000000;0.000000;0.000000;918.000000;-0.000000;0.202042;-0.007179;0.901824;0.813287;0.924180;0.206506;0.162893;-0.639484;1.418967;0.068627;0.068627;1.003922;45.642750;2.299314;9.772295;9.606750;1.489000;2.217120;9.885083;0.467384;0.565931;2.397629;1.151700;0.176471;0.176471;0.000000;9853.844339;0.089303;0.479415;0.721250;1.551592;2.407439;1.623970;0.318209;-0.901053;0.278870;1.373013;0.107843;0.107843;0.501961;146.224026;1.728575;-5.153817;4.977600;31.047317;963.935899;31.472174;9.260696;-0.952493;0.941293;39.935250;0.117647;0.117647;0.501961;51873.521648;2.261195;62.389403;40.220000;67.149772;4509.091919;91.659858;4.787564;0.297716;-1.457059;131.138325;0.029412;0.029412;0.000000;627019.382921;0.945017;0.000000;0.000000;-0.174357;0.077116;0.036829;0.455929;0.000000;0.083308;0.112125;0.000000;0.000000;0.477637;-0.154534;-0.259992;0.429195;10.272581;2.043065;13.488411;2.277466;0.782945;0.000000;9.835879;3.017578;0.162144;107.568979;9394.664590
3.000000;3.000000;0.000000;0.000000;3.000000;0.000000;0.000000;0.000000;0.000000;0.000000;0.000000;0.000000;918.000000;-0.000000;0.085520;0.035382;0.998980;0.997962;1.002634;0.163259;-0.058955;-1.135102;1.711260;0.049020;0.049020;0.501961;51.642917;1.632243;9.779489;9.759400;0.667923;0.446121;9.802272;0.331984;-0.141754;-0.021751;0.906550;0.196078;0.196078;0.000000;9777.884205;0.022691;0.708481;0.698705;0.515514;0.265755;0.876185;0.260286;0.309196;0.665670;0.623105;0.176471;0.176471;0.000000;64.752311;1.104952;5.625698;6.361300;11.884817;141.248876;13.149044;5.671445;-0.268048;-0.169185;14.843500;0.147059;0.147059;0.000000;10436.995996;2.510807;86.207006;95.083500;56.443781;3185.900383;103.041488;4.383932;-0.183915;-1.386552;105.178750;0.019608;0.019608;0.000000;920516.842273;0.533228;0.000000;0.000000;0.034361;0.175928;-0.278181;0.208891;0.000000;-0.114550;0.175498;0.000000;0.000000;-0.035517;0.361710;-0.025471;-0.185319;10.280034;0.410716;13.626704;1.008803;0.449577;0.000000;9.827288;3.017578;0.739950;106.089805;10791.213371
3.000000;3.000000;0.000000;0.000000;3.000000;0.000000;0.000000;0.000000;0.000000;0.000000;0.000000;0.000000;918.000000;-0.000000;0.015396;0.071845;0.946298;0.895480;0.946423;0.180747;0.001625;-1.273960;1.608635;0.058824;0.058824;0.501961;45.693659;1.318656;9.798241;9.783100;0.665018;0.442250;9.820783;0.262943;0.371312;0.863859;0.663500;0.205882;0.205882;0.000000;9815.122006;0.021548;0.547215;0.647930;0.585519;0.342833;0.801422;0.247785;-0.857302;0.829254;0.580408;0.176471;0.176471;0.000000;48.029066;1.604506;-0.017230;-0.753540;11.390698;129.748012;11.390712;4.647466;-0.246186;1.389898;13.449150;0.166667;0.166667;1.505882;6617.262382;2.421944;37.548316;23.145500;39.621639;1569.874259;54.587089;3.819471;0.860671;-0.447776;52.786875;0.029412;0.029412;0.000000;223899.388620;1.351019;0.000000;0.000000;-0.152729;0.251147;-0.146913;-0.060151;0.000000;-0.096763;-0.002526;0.000000;0.000000;-0.168623;0.702042;-0.006930;-0.477978;10.292677;0.404300;13.625633;0.924079;0.426895;0.000000;9.874115;3.017578;0.642136;106.343496;3110.140910
3.000000;3.000000;0.000000;0.000000;3.000000;0.000000;0.000000;0.000000;0.000000;0.000000;0.000000;0.000000;918.000000;-0.000000;-0.280473;-0.276715;1.031919;1.064856;1.069356;0.402448;-0.050883;-0.118018;1.406870;0.117647;0.117647;0.501961;62.331671;2.420849;9.409860;9.487700;1.756185;3.084186;9.572338;0.610892;0.882363;1.196838;2.102725;0.078431;0.078431;0.000000;9188.930836;0.127851;1.481100;1.004450;1.610093;2.592401;2.187706;0.411566;0.628320;-0.310720;2.248957;0.029412;0.029412;0.000000;356.078957;1.262346;-9.080002;-3.947650;33.203574;1102.477306;34.422721;11.051471;-2.896644;13.789624;16.047625;0.107843;0.107843;1.003922;64646.945745;2.884884;7.431261;12.242000;30.897990;954.685788;31.779072;4.520042;-0.242592;-0.891144;46.697000;0.058824;0.058824;1.003922;54321.825670;1.473694;0.000000;0.000000;-0.000360;0.083753;-0.122827;0.325078;0.000000;0.123969;0.062945;0.000000;0.000000;-0.277612;0.023612;-0.097379;-0.364441;9.946080;2.848668;13.282243;3.114723;1.075399;0.000000;9.763087;3.017578;0.813344;101.773169;2199.619222
3.000000;3.000000;0.000000;0.000000;3.000000;0.000000;0.000000;0.000000;0.000000;0.000000;0.000000;0.000000;918.000000;-0.000000;-0.296931;-0.203675;1.251409;1.566025;1.286154;0.649021;-0.039973;0.786671;1.477210;0.186275;0.186275;1.003922;88.863353;2.625396;9.518525;8.530850;2.483287;6.166715;9.837125;1.026817;0.922091;-0.314468;3.537125;0.058824;0.058824;0.000000;9556.013455;0.204643;2.788211;2.930350;1.381767;1.909279;3.111816;0.657193;-0.285155;0.057551;1.952350;0.176471;0.176471;0.000000;890.465047;0.649444;-6.309192;-1.490430;38.238486;1462.181816;38.755486;17.278169;-2.044977;7.728647;29.648250;0.156863;0.156863;1.505882;78787.713467;2.981787;-7.020168;-6.820600;25.161641;633.108180;26.122614;6.776407;-0.040189;-0.778878;35.207600;0.147059;0.147059;1.505882;37322.301552;2.236110;0.000000;0.000000;0.003516;0.375168;0.491726;0.323099;0.000000;0.125375;-0.162138;0.000000;0.000000;-0.027854;0.021837;0.052411;-0.244750;10.078096;5.855204;13.478634;6.227798;1.581504;0.000000;9.410076;3.017578;2.578068;107.423216;2194.062056
3.000000;3.000000;0.000000;0.000000;3.000000;0.000000;0.000000;0.000000;0.000000;0.000000;0.000000;0.000000;918.000000;-0.000000;-0.546179;-0.502560;1.291465;1.667882;1.402210;0.571150;0.249475;0.376793;1.731117;0.156863;0.156863;0.000000;115.489890;2.570524;9.739488;9.130500;2.565847;6.583573;10.071802;1.036428;1.756710;5.251354;3.071575;0.088235;0.088235;0.000000;10011.243296;0.241821;2.909944;2.834000;1.107469;1.226487;3.113561;0.607258;0.428081;1.990047;1.159250;0.196078;0.196078;0.000000;926.275265;0.455272;3.148755;4.689150;31.934975;1019.842617;32.089831;17.375822;-0.479427;4.903096;28.991000;0.205882;0.205882;5.521569;53038.041851;3.217915;-16.549301;-11.676000;36.989417;1368.217004;40.522788;7.265292;-1.014210;0.757871;31.717350;0.107843;0.107843;0.000000;97724.252128;2.022867;0.000000;0.000000;0.254060;0.121065;0.069694;-0.059766;0.000000;0.012665;-0.131491;0.000000;0.000000;-0.043406;0.045184;0.062158;-0.216949;10.308050;6.151508;13.836846;6.790331;1.542822;0.000000;9.935768;3.017578;2.959652;112.407398;2681.547906
3.000000;3.000000;0.000000;0.000000;3.000000;0.000000;0.000000;0.000000;0.000000;0.000000;0.000000;0.000000;918.000000;-0.000000;-0.998779;-1.137350;1.102871;1.216324;1.487913;0.346042;0.670884;-0.157575;1.449465;0.098039;0.098039;0.000000;163.795066;1.612566;9.653375;9.604250;1.851497;3.428042;9.829328;0.669748;3.491705;23.277227;1.227875;0.156863;0.156863;0.000000;9680.047040;0.148376;1.872748;1.973350;1.287292;1.657122;2.272511;0.367150;0.697120;1.393959;1.744382;0.068627;0.068627;0.000000;442.269315;0.797684;7.870479;7.822900;27.178189;738.653966;28.294848;11.477068;-0.696341;9.695750;27.577950;0.166667;0.166667;0.000000;44099.299761;3.153329;-72.360192;-102.285000;60.018397;3602.207934;94.011730;5.445307;0.343808;-1.086863;91.417000;0.019608;0.019608;0.000000;717800.260899;0.794194;0.000000;0.000000;0.419383;-0.204461;0.648775;-0.219406;0.000000;-0.106102;-0.161967;0.000000;0.000000;0.099486;0.019673;0.038398;-0.232283;10.233712;3.100704;13.959249;3.757695;0.932655;0.000000;9.582647;3.017578;2.410744;107.829566;9643.968024
3.000000;3.000000;0.000000;0.000000;3.000000;0.000000;0.000000;0.000000;0.000000;0.000000;0.000000;0.000000;918.000000;-0.000000;-0.428277;-0.728465;1.209086;1.461890;1.282697;0.251901;0.077742;-1.160323;2.117195;0.049020;0.049020;0.501961;93.276268;1.782451;9.878133;9.861200;0.631429;0.398703;9.898294;0.312640;0.359443;-0.450879;0.997250;0.205882;0.205882;0.000000;9973.246543;0.020015;0.776833;0.873045;0.736692;0.542716;1.070600;0.267897;-0.242814;-0.069602;0.988150;0.127451;0.127451;0.000000;89.235433;1.292490;6.971263;6.667850;15.722402;247.193920;17.198617;5.924996;-0.018441;-0.736422;27.326950;0.147059;0.147059;0.000000;17576.072674;2.295462;-83.802520;-76.556000;42.196232;1780.521996;93.826352;4.234950;-0.278457;-1.071658;70.932250;0.009804;0.009804;0.000000;807151.454458;0.503155;0.000000;0.000000;0.187436;0.266046;-0.123304;-0.455442;0.000000;-0.050361;0.027377;0.000000;0.000000;0.471794;0.415329;0.076057;-0.335356;10.404591;0.366017;14.010858;1.495475;0.383540;0.000000;9.967988;3.017578;0.954200;108.621532;9100.322901
3.000000;3.000000;0.000000;0.000000;3.000000;0.000000;0.000000;0.000000;0.000000;0.000000;0.000000;0.000000;918.000000;-0.000000;-0.144069;-0.491695;0.976927;0.954387;0.987493;0.226475;0.382846;-1.162092;1.621198;0.049020;0.049020;0.501961;50.797979;2.066824;9.926724;9.748100;1.344855;1.808634;10.017409;0.341349;1.689923;4.490569;0.842600;0.137255;0.137255;0.000000;10143.306056;0.072065;0.287643;0.581725;1.075982;1.157738;1.113767;0.283021;-1.015210;0.449937;1.486703;0.049020;0.049020;1.003922;67.502504;1.924937;3.417017;2.902000;15.690641;246.196229;16.058401;5.634506;0.224381;-0.467215;23.197000;0.127451;0.127451;1.003922;13755.681564;2.196153;-17.337749;-27.175500;37.966347;1441.443533;41.737766;3.657434;-0.054419;-1.359155;67.185250;0.009804;0.009804;0.501961;104174.954143;1.109199;0.000000;0.000000;-0.212768;0.308641;-0.536308;-0.108932;0.000000;0.116549;0.069639;0.000000;0.000000;0.082472;-0.366794;-0.223078;0.108352;10.423462;1.675063;13.816848;1.910711;0.879667;0.000000;9.964258;3.017578;0.655956;110.323617;2001.153787
3.000000;3.000000;0.000000;0.000000;3.000000;0.000000;0.000000;0.000000;0.000000;0.000000;0.000000;0.000000;918.000000;-0.000000;-0.328539;-0.479495;0.788256;0.621348;0.853982;0.216319;0.334711;-0.508085;1.251892;0.078431;0.078431;0.501961;42.698545;1.960347;9.721489;9.495900;1.905270;3.630054;9.906433;0.404540;0.782292;0.486334;1.854575;0.098039;0.098039;0.000000;9824.883038;0.124524;-0.419313;-0.278845;1.148521;1.319100;1.222671;0.254239;-0.410338;-0.729283;1.512665;0.078431;0.078431;1.003922;85.213129;1.718653;4.820208;4.232300;12.988801;168.708947;13.854362;4.673898;-0.002436;-0.482491;18.611650;0.127451;0.127451;1.003922;10979.102006;2.223035;2.884192;5.467200;22.401767;501.839156;22.586671;2.831315;-0.229551;-1.126833;38.121500;0.019608;0.019608;0.501961;26442.831400;0.779950;0.000000;0.000000;-0.104087;0.452409;0.042875;0.094603;0.000000;0.063883;0.183294;0.000000;0.000000;-0.190470;0.371331;-0.270598;0.202793;10.225346;3.308983;13.456200;3.674176;0.619319;0.000000;9.998246;3.017578;-0.089401;107.866693;703.595994
3.000000;3.000000;0.000000;0.000000;3.000000;0.000000;0.000000;0.000000;0.000000;0.000000;0.000000;0.000000;918.000000;-0.000000;-0.197751;-0.204035;0.757095;0.573193;0.782495;0.214556;-0.545578;-0.623893;1.188517;0.058824;0.058824;0.501961;33.221633;1.858070;9.616995;9.591050;1.986631;3.946704;9.820046;0.468741;0.512543;-0.148666;2.517950;0.068627;0.068627;0.000000;9634.927070;0.136674;-0.972656;-0.863735;1.005671;1.011374;1.399083;0.282322;-0.601131;-0.546925;1.525755;0.098039;0.098039;0.000000;148.089212;1.256647;5.437719;4.573550;11.548863;133.376227;12.764992;4.577688;0.173808;-0.986462;18.020375;0.107843;0.107843;1.003922;9818.224125;2.043183;-0.651300;-1.628700;22.888903;523.901868;22.898167;2.397828;-0.041449;-1.291559;39.080750;0.019608;0.019608;0.501961;26762.262832;0.564073;0.000000;0.000000;-0.143763;0.511109;-0.199758;-0.052104;0.000000;0.099151;-0.175368;0.000000;0.000000;0.177696;0.647377;-0.339177;0.253143;10.121362;3.603636;13.263534;3.999720;0.564929;0.000000;9.770604;3.017578;-0.811851;106.045598;689.228511
3.000000;3.000000;0.000000;0.000000;3.000000;0.000000;0.000000;0.000000;0.000000;0.000000;0.000000;0.000000;918.000000;-0.000000;-0.257665;-0.289420;0.654728;0.428669;0.703605;0.216242;-0.203090;-0.188972;0.967670;0.098039;0.098039;0.501961;28.639856;2.306626;9.685027;9.763650;1.905516;3.630992;9.870702;0.493062;0.425868;0.258372;1.893750;0.098039;0.098039;0.000000;9752.755866;0.123359;-0.813123;-0.902930;1.950053;3.802706;2.112789;0.349030;0.332265;-0.425985;2.540302;0.117647;0.117647;1.003922;261.397438;1.562159;-6.199296;0.693720;28.645951;820.590533;29.309074;6.396496;-1.311015;1.277709;25.285000;0.088235;0.088235;1.003922;45771.015779;1.750364;-1.704690;-5.490150;21.361191;456.300489;21.429103;2.836314;0.269695;-1.148859;36.553500;0.058824;0.058824;0.501961;23567.984803;1.212801;0.000000;0.000000;-0.162779;-0.085067;-0.190629;0.336623;0.000000;0.316957;-0.168143;0.000000;0.000000;-0.154769;0.607501;-0.317174;0.435246;10.178040;3.333318;13.265033;3.679897;0.419958;0.000000;10.010461;3.017578;-1.289185;106.925809;1322.692142
3.000000;3.000000;0.000000;0.000000;3.000000;0.000000;0.000000;0.000000;0.000000;0.000000;0.000000;0.000000;918.000000;-0.000000;0.259654;0.163070;0.918496;0.843635;0.954492;0.273893;0.650128;0.155267;1.171345;0.127451;0.127451;0.501961;49.909092;2.118611;9.732959;9.777500;1.505909;2.267761;9.848769;0.492077;0.047907;0.720798;1.598325;0.137255;0.137255;0.000000;9778.165639;0.090889;0.592001;1.334700;2.096327;4.394588;2.178314;0.320709;-1.031622;-0.103583;1.974339;0.058824;0.058824;0.501961;259.874744;1.286395;-12.180679;-9.444550;29.216579;853.608479;31.654027;7.258189;-0.717323;0.268544;36.020925;0.098039;0.098039;1.505882;58669.943562;1.947351;22.264147;9.925200;38.494928;1481.859450;44.469671;3.956272;0.367659;-1.215089;74.296500;0.009804;0.009804;0.501961;126149.062621;1.296114;0.000000;0.000000;0.155801;0.041622;0.400702;0.455715;0.000000;0.494505;0.091944;0.000000;0.000000;0.180666;0.695194;-0.203794;0.288284;10.239712;2.057605;13.475401;2.322425;0.819777;0.000000;9.830687;3.017578;-0.204472;106.909303;2984.274156
3.000000;3.000000;0.000000;0.000000;3.000000;0.000000;0.000000;0.000000;0.000000;0.000000;0.000000;0.000000;918.000000;-0.000000;0.472191;0.632065;1.008742;1.017560;1.113788;0.248646;-0.046199;-0.621402;1.478260;0.098039;0.098039;0.000000;74.639010;2.076857;9.826625;9.847750;0.880192;0.774739;9.865967;0.377448;-0.132485;0.041744;1.105925;0.147059;0.147059;0.000000;9888.893739;0.035937;1.163931;1.153150;0.724632;0.525092;1.371068;0.274711;-0.040455;-0.697868;1.059360;0.117647;0.117647;0.000000;164.997718;0.768153;1.290002;4.682600;18.486989;341.768748;18.531941;6.270435;-0.516305;-0.382129;27.462000;0.088235;0.088235;1.505882;17627.066660;2.300097;87.562459;94.051000;36.993661;1368.530931;95.056379;4.299206;-0.332898;-0.941970;60.658500;0.019608;0.019608;0.000000;851858.365674;0.388552;0.000000;0.000000;-0.208937;-0.272672;-0.660121;0.597437;0.000000;-0.128566;-0.195034;0.000000;0.000000;-0.106081;-0.282498;0.266851;-0.420317;10.338410;0.695116;13.775538;1.128927;0.681117;0.000000;9.924745;3.017578;1.458188;107.577831;9381.027808
3.000000;3.000000;0.000000;0.000000;3.000000;0.000000;0.000000;0.000000;0.000000;0.000000;0.000000;0.000000;918.000000;-0.000000;-0.194660;-0.430825;1.056687;1.116587;1.074467;0.174524;0.178863;-1.274916;1.953588;0.039216;0.039216;0.501961;60.811356;1.562600;9.797432;9.791200;0.530311;0.281230;9.811774;0.234030;0.190139;0.485111;0.509125;0.166667;0.166667;0.000000;9805.293463;0.014757;0.421822;0.489335;0.805475;0.648790;0.909243;0.235166;-0.682381;-0.305466;1.064723;0.068627;0.068627;0.000000;51.265006;1.802605;7.719004;10.364500;11.797502;139.181063;14.098372;5.085761;-1.050325;1.292768;12.115675;0.098039;0.098039;0.000000;13178.807636;1.891466;63.647301;78.429500;59.351371;3522.585288;87.026227;3.245987;-0.141333;-1.694252;125.924700;0.009804;0.009804;0.000000;592865.662991;0.904135;0.000000;0.000000;-0.070681;0.589827;0.513124;0.191840;0.000000;-0.024941;-0.021241;0.000000;0.000000;0.248238;0.377498;0.094971;-0.178089;10.304330;0.246183;13.768215;1.129534;0.282122;0.000000;9.866648;3.017578;0.660770;106.425389;7773.155034
3.000000;3.000000;0.000000;0.000000;3.000000;0.000000;0.000000;0.000000;0.000000;0.000000;0.000000;0.000000;918.000000;-0.000000;-0.239879;-0.261375;0.874649;0.765010;0.906947;0.201064;-0.140989;-0.951043;1.371018;0.058824;0.058824;0.501961;44.885734;1.774451;9.728016;9.704000;0.807875;0.652663;9.761504;0.288023;0.456672;0.437911;0.749125;0.156863;0.156863;0.000000;9685.984214;0.031303;0.965385;0.630160;1.411257;1.991647;1.709858;0.266929;0.319725;-0.848068;1.964268;0.078431;0.078431;0.000000;196.639681;1.359017;-7.357997;3.452800;26.647605;710.094849;27.644800;6.952394;-1.425989;1.280667;30.333000;0.078431;0.078431;0.501961;41738.977015;2.028146;14.750599;9.489100;30.932926;956.845931;34.269901;3.785984;0.392286;-0.855511;44.678425;0.029412;0.029412;0.000000;71016.693604;2.075552;0.000000;0.000000;-0.105206;0.095779;0.052256;-0.396699;0.000000;0.055965;0.169316;0.000000;0.000000;0.559478;0.401451;-0.231621;-0.267376;10.222886;0.602097;13.493207;0.809954;0.621756;0.000000;9.926199;3.017578;0.455579;105.109504;1941.584691
3.000000;3.000000;0.000000;0.000000;3.000000;0.000000;0.000000;0.000000;0.000000;0.000000;0.000000;0.000000;918.000000;-0.000000;-0.146362;-0.086078;0.939505;0.882670;0.950837;0.319379;-0.684194;0.736111;1.253347;0.107843;0.107843;0.501961;47.204964;2.572183;9.306078;9.098200;1.733411;3.004712;9.466140;0.578849;0.496593;0.065366;1.979525;0.127451;0.127451;0.000000;8986.761701;0.127628;2.590761;2.943650;1.393097;1.940720;2.941558;0.397871;-0.410232;-0.376930;1.341025;0.088235;0.088235;0.000000;783.605099;0.652910;-10.618820;-4.095050;29.250465;855.589703;31.118307;10.508380;-0.740831;0.157954;32.423475;0.137255;0.137255;1.003922;55136.684480;2.333954;3.962226;0.802855;33.046407;1092.064985;33.283092;4.502658;0.309987;-0.613109;44.047000;0.058824;0.058824;0.501961;57298.081850;1.115513;0.000000;0.000000;-0.331103;0.468074;-0.537081;-0.410886;0.000000;-0.157508;0.217416;0.000000;0.000000;0.136421;-0.072395;-0.010849;-0.239106;9.835149;2.781749;13.048773;3.164896;0.760975;0.000000;9.613750;3.017578;2.029646;99.511900;2084.766016
3.000000;3.000000;0.000000;0.000000;3.000000;0.000000;0.000000;0.000000;0.000000;0.000000;0.000000;0.000000;918.000000;-0.000000;-0.132138;-0.082744;1.205715;1.453750;1.212934;0.545998;-0.155342;0.671472;1.480923;0.166667;0.166667;5.019608;75.938574;2.804996;9.532127;8.629800;2.417798;5.845746;9.833982;0.929881;0.757488;-0.336678;3.995450;0.098039;0.098039;0.000000;9566.033092;0.207200;3.079370;3.022800;1.190716;1.417804;3.301564;0.666182;0.040887;1.507104;1.102075;0.205882;0.205882;0.000000;1039.541005;0.477640;1.651070;3.040600;28.595031;817.675771;28.642657;15.643073;0.205242;1.715215;34.417500;0.215686;0.215686;6.023529;41980.050318;2.916617;-6.750301;-5.948900;23.381684;546.703139;24.336592;7.244293;-0.098104;-0.692125;34.168500;0.088235;0.088235;1.505882;32547.728938;2.513618;0.000000;0.000000;-0.090340;0.269459;-0.019327;0.117291;0.000000;-0.388561;0.287790;0.000000;0.000000;0.033159;-0.004720;0.034816;-0.195502;10.082152;5.528620;13.446202;5.919516;1.452252;0.000000;9.300299;3.017578;3.236827;107.178410;1423.571831
3.000000;3.000000;0.000000;0.000000;3.000000;0.000000;0.000000;0.000000;0.000000;0.000000;0.000000;0.000000;918.000000;-0.000000;-0.295675;-0.319875;1.227749;1.507368;1.262851;0.557153;0.455582;0.176762;1.712058;0.156863;0.156863;0.501961;85.825451;2.772426;9.791647;9.122050;2.439674;5.952008;10.091004;0.964562;0.940605;0.699382;3.528500;0.098039;0.098039;0.000000;10082.972073;0.206406;2.551707;2.460000;1.280122;1.638712;2.854807;0.763056;0.358395;0.902028;1.621175;0.245098;0.245098;0.000000;747.750387;0.717439;5.595671;4.208800;30.214739;912.930437;30.728520;16.518118;0.145760;0.994451;38.304250;0.176471;0.176471;1.505882;49765.432788;2.863751;-13.500624;-11.760500;35.084126;1230.895908;37.592057;7.951079;-0.918747;0.623656;44.720500;0.088235;0.088235;0.000000;81379.801806;2.221697;0.000000;0.000000;0.249262;0.163867;0.125474;-0.241173;0.000000;-0.176678;0.118199;0.000000;0.000000;-0.188196;0.058438;-0.028363;-0.278582;10.338804;5.532291;13.814362;6.134212;1.399019;0.000000;9.885172;3.017578;2.694470;112.423152;2365.554651
3.000000;3.000000;0.000000;0.000000;3.000000;0.000000;0.000000;0.000000;0.000000;0.000000;0.000000;0.000000;918.000000;-0.000000;-0.853188;-1.213150;1.140427;1.300574;1.424256;0.360541;0.708477;-0.208509;1.451535;0.098039;0.098039;0.000000;140.585266;1.835943;9.692147;9.597750;1.757325;3.088190;9.850173;0.602440;1.286708;5.227230;1.312450;0.166667;0.166667;0.000000;9739.175288;0.126233;1.025593;0.946745;1.650325;2.723571;1.943042;0.461590;0.405905;-0.698528;2.573570;0.107843;0.107843;0.000000;246.190868;1.523088;10.828086;12.901500;20.622309;425.279620;23.292211;9.601768;-0.569788;1.914032;21.193143;0.196078;0.196078;0.000000;33686.571812;2.549013;-70.273552;-73.253000;56.801753;3226.439108;90.359345;5.244402;0.094862;-1.185717;93.000500;0.019608;0.019608;0.000000;668272.276782;0.755564;0.000000;0.000000;0.318526;-0.198118;0.700836;-0.239614;0.000000;0.078749;-0.104825;0.000000;0.000000;0.150739;0.222662;-0.012452;-0.210120;10.261326;2.759587;13.941690;3.325343;1.106875;0.000000;9.620920;3.017578;1.752154;108.054408;8711.113765
3.000000;3.000000;0.000000;0.000000;3.000000;0.000000;0.000000;0.000000;0.000000;0.000000;0.000000;0.000000;918.000000;-0.000000;-0.324216;-0.210995;1.279241;1.636457;1.319687;0.237609;-0.139555;-1.215961;2.202020;0.078431;0.078431;0.501961;94.184858;1.316182;9.896529;9.733650;0.840249;0.706019;9.932135;0.361604;0.954978;0.867798;0.912975;0.176471;0.176471;0.000000;10026.025100;0.033385;0.398436;0.149085;1.180661;1.393961;1.246079;0.275140;0.638462;-0.243646;1.414655;0.098039;0.098039;0.501961;87.296864;1.553287;-1.471645;0.823690;19.384815;375.771049;19.440596;6.252271;-0.716944;0.192915;26.238500;0.107843;0.107843;0.501961;19399.029032;2.400609;-81.468059;-77.374500;43.128113;1860.034115;92.179600;4.237990;-0.302021;-1.029793;69.471750;0.029412;0.029412;0.000000;771852.445011;0.522377;0.000000;0.000000;0.151538;-0.533559;0.756701;-0.646037;0.000000;-0.416644;0.067076;0.000000;0.000000;0.648501;0.617499;0.243374;-0.254087;10.428987;0.625124;14.020392;1.680625;0.685044;0.000000;9.994049;3.017578;-0.028460;109.388886;8876.568222
3.000000;3.000000;0.000000;0.000000;3.000000;0.000000;0.000000;0.000000;0.000000;0.000000;0.000000;0.000000;918.000000;-0.000000;-0.068006;-0.133380;1.011358;1.022844;1.013642;0.229030;0.045501;-1.029635;1.766780;0.049020;0.049020;0.501961;52.644063;1.910843;10.002231;9.791550;1.345490;1.810342;10.092323;0.450017;2.050383;5.508951;1.148425;0.205882;0.205882;0.000000;10296.909930;0.072937;1.463036;1.615050;1.209026;1.461744;1.897951;0.310359;-0.004888;-1.182673;2.106348;0.078431;0.078431;0.000000;292.877959;1.008280;-5.014812;-3.431500;18.883868;356.600481;19.538393;7.576556;-0.299410;0.432314;24.000075;0.147059;0.147059;0.501961;20770.708758;2.620281;-24.383419;-25.470500;32.654766;1066.333758;40.753956;4.272158;-0.311692;-0.783547;47.752250;0.088235;0.088235;0.000000;115034.072642;1.387661;0.000000;0.000000;-0.145097;0.120278;0.461039;0.358157;0.000000;-0.162878;0.112420;0.000000;0.000000;-0.222636;-0.249596;0.091849;-0.116028;10.497489;1.685171;13.880909;1.875460;0.985778;0.000000;9.885825;3.017578;1.186587;111.882444;2046.235928
3.000000;3.000000;0.000000;0.000000;3.000000;0.000000;0.000000;0.000000;0.000000;0.000000;0.000000;0.000000;918.000000;-0.000000;-0.186138;-0.046077;0.848457;0.719880;0.868635;0.218337;-0.144202;-0.717978;1.288695;0.049020;0.049020;0.501961;40.249862;2.068441;9.891708;9.563600;1.741681;3.033454;10.043871;0.450675;1.084973;1.554908;1.373700;0.137255;0.137255;0.000000;10134.986321;0.107227;1.729532;1.924200;1.174561;1.379592;2.090663;0.301962;-0.599341;-0.418757;1.648060;0.098039;0.098039;0.000000;375.469863;0.727098;5.091326;6.774500;15.153371;229.624642;15.985814;7.198941;-0.308159;-0.083598;18.954825;0.254902;0.254902;0.000000;14355.141277;2.672206;4.683525;5.214900;21.140215;446.908671;21.652808;3.612899;-0.556148;-0.638728;31.151250;0.098039;0.098039;0.501961;25029.867220;1.272202;0.000000;0.000000;-0.219266;0.115103;0.323464;-0.136787;0.000000;-0.092740;-0.180007;0.000000;0.000000;-0.017843;0.644664;0.106439;0.237889;10.383989;2.806643;13.605451;3.108451;0.682044;0.000000;9.807589;3.017578;1.893283;110.633865;728.761198
3.000000;3.000000;0.000000;0.000000;3.000000;0.000000;0.000000;0.000000;0.000000;0.000000;0.000000;0.000000;918.000000;-0.000000;-0.170280;0.010104;0.817859;0.668894;0.835397;0.202825;-0.445838;-0.422709;1.225902;0.078431;0.078431;0.501961;37.071254;1.908010;9.612868;9.323850;1.967713;3.871894;9.812192;0.428993;0.960282;1.082613;1.947225;0.078431;0.078431;0.000000;9623.018560;0.138030;1.004358;1.204250;1.317660;1.736229;1.656793;0.266679;-0.556625;-0.224105;1.626753;0.068627;0.068627;0.000000;191.438741;1.459316;4.611574;5.441750;15.524118;240.998243;16.194594;6.431565;0.705161;2.517455;17.493375;0.215686;0.215686;1.003922;14460.563798;2.521718;1.740233;0.955825;21.047630;443.002713;21.119449;2.434413;-0.035018;-1.376982;40.155500;0.039216;0.039216;0.501961;22902.297468;0.556346;0.000000;0.000000;-0.250391;0.064616;0.283004;-0.413442;0.000000;-0.532104;-0.210577;0.000000;0.000000;0.246593;0.722517;-0.084631;0.565224;10.118687;3.589186;13.277429;3.960641;0.625106;0.000000;9.503720;3.017578;1.477394;105.977008;711.040948
3.000000;3.000000;0.000000;0.000000;3.000000;0.000000;0.000000;0.000000;0.000000;0.000000;0.000000;0.000000;918.000000;-0.000000;-0.390851;-0.420345;0.744572;0.554388;0.840924;0.182298;-0.181104;-0.663951;1.237155;0.088235;0.088235;0.000000;43.857574;1.796690;9.564928;9.298500;2.194165;4.814361;9.813369;0.499719;0.812229;0.605436;2.229450;0.098039;0.098039;0.000000;9577.303407;0.164223;-0.137688;0.214610;1.327074;1.761124;1.334197;0.294295;-0.602874;-0.413271;1.834157;0.049020;0.049020;1.003922;91.751244;1.605192;6.183728;5.464700;14.504590;210.383120;15.767740;5.168070;1.009272;2.913509;16.682600;0.137255;0.137255;1.003922;14630.725036;2.218203;-3.081701;-10.896500;19.828501;393.169439;20.066547;2.459248;0.323306;-1.521714;41.402250;0.019608;0.019608;0.501961;21020.660067;0.773481;0.000000;0.000000;-0.152674;0.149418;0.126881;0.024719;0.000000;-0.185283;-0.027129;0.000000;0.000000;-0.036483;0.751199;-0.276214;0.558810;10.079087;4.421380;13.268948;4.876727;0.545178;0.000000;9.623712;3.017578;0.318864;106.009369;653.068019
3.000000;3.000000;0.000000;0.000000;3.000000;0.000000;0.000000;0.000000;0.000000;0.000000;0.000000;0.000000;918.000000;-0.000000;-0.073567;-0.056405;0.802864;0.644591;0.806228;0.193152;0.228220;-0.982410;1.387817;0.078431;0.078431;0.501961;33.429220;1.503462;9.680833;9.519650;1.767678;3.124684;9.840895;0.524667;0.302325;0.702584;1.793600;0.156863;0.156863;0.000000;9718.653356;0.118878;-0.283645;-0.080708;1.249151;1.560379;1.280950;0.337675;-0.229140;0.292749;1.360183;0.098039;0.098039;1.003922;87.823209;2.028277;-5.599797;-0.426265;23.317469;543.704343;23.980452;7.128965;-1.091040;1.122754;30.641750;0.088235;0.088235;0.501961;30931.474426;2.199606;16.964245;19.927000;37.040739;1372.016377;40.740668;3.472236;0.557405;-0.911952;52.924750;0.019608;0.019608;0.501961;99327.297220;1.035730;0.000000;0.000000;0.076289;-0.265736;0.369818;-0.530208;0.000000;-0.220250;0.032594;0.000000;0.000000;0.262580;0.766225;-0.182782;0.097175;10.181804;2.824082;13.381817;3.160386;0.646209;0.000000;9.738635;3.017578;-0.441874;106.493221;2236.504894
3.000000;3.000000;0.000000;0.000000;3.000000;0.000000;0.000000;0.000000;0.000000;0.000000;0.000000;0.000000;918.000000;-0.000000;-0.083773;-0.197105;1.010219;1.020542;1.013686;0.292241;0.206082;-0.944907;1.788870;0.088235;0.088235;0.501961;52.768609;2.448728;9.775985;9.710250;1.006629;1.013302;9.827675;0.476296;0.236675;1.172036;1.170950;0.196078;0.196078;0.000000;9799.843833;0.045541;0.983183;1.473750;1.272308;1.618767;1.607922;0.363885;-0.388194;-0.785802;1.865629;0.029412;0.029412;0.000000;181.178522;1.369540;-10.697295;-7.244100;24.345628;592.709608;26.592137;9.630215;-0.817999;0.467642;28.168450;0.156863;0.156863;0.000000;41909.259289;2.278460;61.821950;73.176000;43.667694;1906.867482;75.688975;4.417594;-0.544113;-0.771659;55.000750;0.049020;0.049020;0.000000;487122.727235;0.797479;0.000000;0.000000;-0.241141;-0.008210;0.384722;0.089368;0.000000;-0.276047;-0.023310;0.000000;0.000000;-0.250424;0.064631;0.028185;-0.273426;10.280155;0.929155;13.647782;1.274666;0.779315;0.000000;9.858136;3.017578;0.532073;106.610750;6438.548122
3.000000;3.000000;0.000000;0.000000;3.000000;0.000000;0.000000;0.000000;0.000000;0.000000;0.000000;0.000000;918.000000;-0.000000;0.030391;0.106105;1.174498;1.379446;1.174891;0.259412;0.089240;-1.118243;2.178450;0.068627;0.068627;0.501961;70.450243;2.140058;9.793262;9.729650;0.918754;0.844110;9.836264;0.420066;0.735432;0.991565;0.983750;0.176471;0.176471;0.000000;9825.664773;0.039615;1.743282;1.836450;0.795792;0.633285;1.916329;0.321711;-0.201325;-0.559082;1.113750;0.176471;0.176471;0.000000;342.280739;0.524110;-0.776670;0.404835;17.850081;318.625396;17.866970;7.485943;-1.039029;2.698094;21.599750;0.147059;0.147059;1.505882;16312.340989;2.728798;73.371478;91.764500;41.731197;1741.492762;84.408925;4.255789;-0.461048;-1.004667;62.501000;0.019608;0.019608;0.000000;637922.668513;0.517562;0.000000;0.000000;-0.257091;-0.085398;0.034625;0.330950;0.000000;0.172063;-0.051844;0.000000;0.000000;0.008191;0.241907;0.050453;-0.342294;10.313671;0.760637;13.822910;1.512100;0.733471;0.000000;9.844438;3.017578;1.878752;107.132455;7447.767523
3.000000;3.000000;0.000000;0.000000;3.000000;0.000000;0.000000;0.000000;0.000000;0.000000;0.000000;0.000000;918.000000;-0.000000;0.113031;0.218265;1.000369;1.000739;1.006735;0.216535;0.090862;-0.679371;1.411330;0.058824;0.058824;0.501961;52.352915;1.753029;9.781877;9.748600;0.890685;0.793320;9.822344;0.386195;0.318103;-0.342077;0.995600;0.186275;0.186275;0.000000;9800.346419;0.035850;1.475721;1.457100;0.824755;0.680221;1.690554;0.251547;0.024568;-1.049260;1.268325;0.078431;0.078431;0.000000;256.822089;0.659911;1.823983;3.599600;16.739859;280.222865;16.838936;6.786144;-0.380468;1.628188;21.495375;0.147059;0.147059;1.505882;14631.668716;2.660357;36.983810;25.944500;42.939638;1843.812534;56.671110;4.265569;0.792164;-0.404721;46.502100;0.049020;0.049020;0.000000;233565.019728;1.286253;0.000000;0.000000;-0.015319;0.242089;-0.047373;0.028426;0.000000;0.196066;0.014195;0.000000;0.000000;0.064722;0.732974;-0.022228;-0.231419;10.285324;0.704079;13.620750;1.011550;0.800271;0.000000;9.849096;3.017578;1.618449;106.491961;3498.022475
3.000000;3.000000;0.000000;0.000000;3.000000;0.000000;0.000000;0.000000;0.000000;0.000000;0.000000;0.000000;918.000000;-0.000000;-0.313979;-0.247805;1.014798;1.029815;1.062261;0.386080;-0.928180;1.639880;1.360858;0.156863;0.156863;0.501961;62.583017;2.471692;9.435565;9.255250;1.795681;3.224469;9.604913;0.577893;1.045756;1.897446;1.606750;0.098039;0.098039;0.000000;9245.544445;0.135125;2.227443;1.993800;1.473020;2.169786;2.670447;0.486612;1.108814;1.479762;1.934325;0.127451;0.127451;0.000000;616.735698;0.838478;-4.468796;-0.313985;33.171702;1100.361823;33.471360;11.559107;0.348291;1.945205;36.618500;0.127451;0.127451;0.501961;58174.395644;2.770111;3.905407;4.022000;24.488664;599.694679;24.798123;5.881536;0.256080;-0.646213;37.716500;0.088235;0.088235;0.501961;32140.186421;1.768553;0.000000;0.000000;-0.172842;0.166238;-0.381122;0.224033;0.000000;0.023386;-0.009979;0.000000;0.000000;-0.141085;0.281325;0.057620;-0.207332;9.968725;3.007278;13.231811;3.301139;0.995266;0.000000;9.646286;3.017578;1.755069;102.382748;1742.410129
3.000000;3.000000;0.000000;0.000000;3.000000;0.000000;0.000000;0.000000;0.000000;0.000000;0.000000;0.000000;918.000000;-0.000000;-0.086235;0.161035;1.345367;1.810012;1.348128;0.558081;-0.629293;0.386433;1.707448;0.107843;0.107843;0.501961;93.109050;2.532402;9.199091;8.717750;2.292475;5.255442;9.480439;0.908059;0.840988;0.011213;2.567000;0.156863;0.156863;0.000000;8899.774965;0.216007;3.164519;3.183400;1.320270;1.743113;3.428891;0.699095;0.438060;0.602947;1.697725;0.235294;0.235294;0.000000;1110.345721;0.518444;-5.186873;-3.498600;36.528303;1334.316955;36.894723;17.409825;0.406331;0.935362;42.129750;0.186275;0.186275;1.003922;70818.561636;2.983024;-7.348514;-5.818950;15.670512;245.564945;17.307964;6.343675;0.146994;0.286181;22.858675;0.137255;0.137255;0.000000;18034.510945;2.404376;0.000000;0.000000;-0.065130;0.257813;0.210057;0.319794;0.000000;0.118722;-0.063302;0.000000;0.000000;0.013355;0.066791;0.194917;-0.247214;9.790624;4.839860;13.232724;5.319264;1.816146;0.000000;9.252612;3.017578;3.121875;100.696169;1672.543498
3.000000;3.000000;0.000000;0.000000;3.000000;0.000000;0.000000;0.000000;0.000000;0.000000;0.000000;0.000000;918.000000;-0.000000;-0.037258;0.038198;1.302395;1.696233;1.302928;0.538922;-0.050589;-0.457166;1.997425;0.127451;0.127451;0.501961;86.662696;2.492899;9.662178;9.161100;2.499912;6.249562;9.980343;0.967073;0.557776;-0.542224;3.934825;0.137255;0.137255;0.000000;9841.225708;0.215883;2.728134;2.815900;1.296023;1.679675;3.020329;0.673114;-0.484814;0.469001;1.652800;0.245098;0.245098;0.000000;844.828931;0.616963;3.989298;5.139600;27.638095;763.864305;27.924520;15.655299;-0.208352;-0.007606;39.500500;0.205882;0.205882;6.525490;40586.829849;3.071383;-8.686068;-5.643050;19.651769;386.192020;21.485805;5.779785;-0.385839;-0.480684;27.561750;0.147059;0.147059;0.000000;27402.527399;2.203731;0.000000;0.000000;0.078766;-0.040386;0.231897;0.093264;0.000000;0.087941;0.106297;0.000000;0.000000;-0.099138;-0.046248;0.050632;-0.287078;10.230336;5.645106;13.729060;6.325980;1.698487;0.000000;9.575489;3.017578;3.105300;110.304875;1250.540993
3.000000;3.000000;0.000000;0.000000;3.000000;0.000000;0.000000;0.000000;0.000000;0.000000;0.000000;0.000000;918.000000;-0.000000;-0.468910;-0.654900;1.247992;1.557485;1.333177;0.409578;0.433775;-0.697617;1.967612;0.117647;0.117647;0.501961;101.861993;2.233274;9.963612;9.703750;2.006285;4.025178;10.163599;0.682075;0.793512;0.818979;1.639350;0.127451;0.127451;0.000000;10331.238408;0.142968;1.077603;1.019750;1.649083;2.719476;1.969951;0.521646;0.116519;-0.828217;2.574968;0.117647;0.117647;0.000000;257.138631;1.861400;9.198332;11.192500;22.251164;495.114320;24.077451;10.064838;-0.271585;0.040552;26.694450;0.107843;0.107843;0.000000;33891.623640;2.592039;-65.813969;-61.745000;58.930722;3472.830022;88.341997;5.375017;0.129349;-1.552633;112.845350;0.009804;0.009804;0.000000;618945.325780;0.876038;0.000000;0.000000;0.139735;-0.080456;0.771239;-0.003359;0.000000;-0.027271;0.064231;0.000000;0.000000;0.172880;0.072667;0.099331;-0.293467;10.507183;3.675194;14.121125;4.114159;1.523778;0.000000;10.098010;3.017578;1.845903;114.076099;8387.912840
3.000000;3.000000;0.000000;0.000000;3.000000;0.000000;0.000000;0.000000;0.000000;0.000000;0.000000;0.000000;918.000000;-0.000000;-0.138064;-0.001243;1.244969;1.549947;1.252601;0.263933;-0.203510;-1.053973;2.120450;0.078431;0.078431;0.501961;80.993953;1.432149;9.811397;9.746500;1.039446;1.080449;9.866304;0.426723;0.547633;1.139928;0.994025;0.205882;0.205882;0.000000;9874.006334;0.048167;0.502446;0.540640;1.183933;1.401697;1.286137;0.308962;0.057018;-0.779923;1.479505;0.098039;0.098039;0.501961;97.249536;1.503848;3.807730;4.767850;24.161818;583.793461;24.460014;8.450980;-0.584278;0.996344;24.474300;0.147059;0.147059;0.501961;31267.671383;2.714799;-85.201853;-96.773000;42.239855;1784.205327;95.097640;4.396267;0.192957;-1.465506;81.326750;0.019608;0.019608;0.000000;831448.999820;0.422354;0.000000;0.000000;0.060391;-0.080851;0.700738;-0.136888;0.000000;-0.157561;-0.062036;0.000000;0.000000;0.787773;0.541288;-0.002415;0.061503;10.341003;0.976630;13.883770;1.578085;1.078354;0.000000;9.919552;3.017578;0.184959;107.912969;9643.507487
3.000000;3.000000;0.000000;0.000000;3.000000;0.000000;0.000000;0.000000;0.000000;0.000000;0.000000;0.000000;918.000000;-0.000000;-0.488380;-0.847605;1.119383;1.253019;1.221284;0.205989;0.390346;-1.127812;1.911080;0.058824;0.058824;0.501961;88.235222;1.167090;10.020234;9.695950;1.484395;2.203428;10.129587;0.424020;1.208668;1.795440;1.259450;0.107843;0.107843;0.000000;10353.697974;0.084384;1.138761;1.244600;0.856935;0.734337;1.425171;0.261219;-0.073653;-1.036511;1.363602;0.078431;0.078431;0.000000;169.722597;0.920652;-1.003524;3.553400;22.141157;490.230824;22.163887;7.072579;-0.723815;0.998152;23.988750;0.117647;0.117647;1.505882;25104.760927;2.323303;-28.979393;-30.540000;34.437368;1185.932299;45.008194;4.172612;-0.418595;-0.305540;53.525090;0.068627;0.068627;0.000000;146170.093323;1.526334;0.000000;0.000000;-0.066185;0.212602;0.472289;0.348838;0.000000;-0.225772;0.134659;0.000000;0.000000;0.328575;-0.318981;-0.016518;-0.051721;10.539774;2.013229;14.096002;2.237928;1.252742;0.000000;9.850055;3.017578;0.980232;113.100058;2519.006489
3.000000;3.000000;0.000000;0.000000;3.000000;0.000000;0.000000;0.000000;0.000000;0.000000;0.000000;0.000000;918.000000;-0.000000;-0.689595;-0.801250;0.902198;0.813962;1.135563;0.224886;0.281799;-1.091000;1.651590;0.088235;0.088235;0.000000;90.020595;1.538639;10.031131;9.739500;1.943323;3.776503;10.217637;0.535748;0.400301;0.742014;1.775900;0.088235;0.088235;0.000000;10456.226493;0.128501;0.461661;0.608275;1.146790;1.315127;1.236227;0.285939;-0.844543;-0.075561;1.565247;0.107843;0.107843;0.000000;88.819343;2.094402;2.627064;3.746000;16.880348;284.946163;17.083549;6.660239;-0.175579;-0.496870;23.499825;0.137255;0.137255;1.003922;15236.543483;2.450628;1.052655;7.019400;29.747386;884.906978;29.766005;3.764469;-0.404273;-0.773570;51.444750;0.039216;0.039216;0.501961;45243.487536;1.160779;0.000000;0.000000;-0.209803;0.262149;0.275496;0.503350;0.000000;-0.074815;-0.269389;0.000000;0.000000;-0.259979;0.315962;-0.083342;0.017361;10.547926;3.430855;14.005540;3.859329;0.776587;0.000000;10.064389;3.017578;0.848134;114.689603;1179.390950
3.000000;3.000000;0.000000;0.000000;3.000000;0.000000;0.000000;0.000000;0.000000;0.000000;0.000000;0.000000;918.000000;-0.000000;-0.212288;-0.068114;0.872151;0.760647;0.897615;0.222768;-0.301576;-1.139375;1.416840;0.039216;0.039216;0.501961;43.390392;1.739253;9.543572;9.694300;2.329085;5.424638;9.823665;0.593471;0.225470;-0.338099;2.891200;0.098039;0.098039;0.000000;9566.795445;0.177032;0.188343;0.401980;1.026160;1.053004;1.043301;0.282461;-0.770140;0.064887;1.027957;0.088235;0.088235;1.505882;57.321708;2.334215;0.082252;0.270155;15.963025;254.818183;15.963237;6.769108;0.243291;-0.499647;24.432750;0.196078;0.196078;1.505882;12998.844775;2.605764;2.884658;13.213000;31.319970;980.940516;31.452532;2.999034;-0.166327;-1.586663;64.922500;0.019608;0.019608;0.501961;50877.874543;0.617918;0.000000;0.000000;-0.306438;0.083282;0.214579;0.384609;0.000000;0.350757;-0.288915;0.000000;0.000000;0.088245;0.840025;-0.098510;-0.097953;10.069986;4.905489;13.312533;5.560803;0.685722;0.000000;9.616883;3.017578;-0.003301;106.310109;1245.175192
3.000000;3.000000;0.000000;0.000000;3.000000;0.000000;0.000000;0.000000;0.000000;0.000000;0.000000;0.000000;918.000000;-0.000000;-0.360233;-0.478675;0.753249;0.567384;0.834956;0.202479;0.052274;-0.889276;1.244188;0.078431;0.078431;0.000000;42.173047;1.908952;9.611865;9.720900;2.242197;5.027446;9.869923;0.496285;0.237184;-0.386709;2.950050;0.088235;0.088235;0.000000;9679.972395;0.170537;0.834929;0.836155;0.910315;0.828673;1.235224;0.302727;-0.591062;0.237277;1.140500;0.186275;0.186275;0.000000;113.370495;1.473775;-2.431000;-2.222350;13.647057;186.242173;13.861888;6.194904;-0.009505;-0.576233;19.637275;0.176471;0.176471;2.007843;10101.230845;2.722713;-4.137620;-3.448550;27.113556;735.144915;27.427446;3.033409;0.067241;-1.373317;54.132750;0.068627;0.068627;0.501961;39240.801513;1.366516;0.000000;0.000000;-0.193593;0.097955;0.263696;0.350589;0.000000;0.379438;-0.032372;0.000000;0.000000;-0.072971;0.770778;0.097743;-0.383399;10.126325;4.570083;13.326319;5.101301;0.548923;0.000000;9.626790;3.017578;0.661870;107.112541;945.942526
3.000000;3.000000;0.000000;0.000000;3.000000;0.000000;0.000000;0.000000;0.000000;0.000000;0.000000;0.000000;918.000000;-0.000000;0.231052;-0.043335;0.991983;0.984031;1.018536;0.240836;0.387754;-1.123647;1.756180;0.068627;0.068627;0.501961;55.633372;1.994778;9.872629;9.802900;1.573484;2.475852;9.997233;0.479202;0.329735;0.800212;1.430675;0.117647;0.117647;0.000000;10068.090497;0.096483;1.058058;1.210900;0.901978;0.813564;1.390342;0.329238;-0.965697;0.736563;1.079673;0.166667;0.166667;0.000000;155.693094;1.251939;-1.228204;2.908700;18.971848;359.931008;19.011562;7.890524;-1.067736;1.763923;21.090500;0.127451;0.127451;1.505882;18518.982808;2.804752;24.775369;23.077000;36.155581;1307.226035;43.829727;3.803988;-0.062467;-1.156949;59.186975;0.019608;0.019608;0.000000;129280.468746;1.016573;0.000000;0.000000;-0.093087;0.312165;0.227559;0.343407;0.000000;0.187176;0.029677;0.000000;0.000000;0.017836;0.734921;-0.001728;-0.197744;10.380083;2.235960;13.732929;2.514524;0.979615;0.000000;10.035074;3.017578;1.014069;109.982080;2284.417508
3.000000;3.000000;0.000000;0.000000;3.000000;0.000000;0.000000;0.000000;0.000000;0.000000;0.000000;0.000000;918.000000;-0.000000;0.229643;0.691435;1.483730;2.201456;1.501397;0.303207;-0.528036;-0.932461;2.128763;0.088235;0.088235;0.501961;117.668838;1.676373;9.726110;9.734750;0.997092;0.994192;9.777086;0.445942;0.152038;0.341912;1.364925;0.186275;0.186275;0.000000;9699.630039;0.045184;0.123755;0.121920;1.231142;1.515710;1.237346;0.277939;-0.160065;-1.044636;1.853098;0.049020;0.049020;0.501961;78.865425;1.069114;-0.637977;5.044250;22.334582;498.833548;22.343692;8.104766;-0.878001;0.249702;31.928750;0.088235;0.088235;1.003922;25491.092021;2.651965;86.920530;83.361500;39.851346;1588.129741;95.620648;4.352010;-0.080876;-0.707145;59.857250;0.019608;0.019608;0.000000;851627.579406;0.454849;0.000000;0.000000;-0.240814;0.227071;-0.646786;0.341912;0.000000;-0.050800;-0.262607;0.000000;0.000000;0.407398;-0.477557;0.097406;-0.369674;10.293762;0.884065;14.035492;2.321508;0.905780;0.000000;9.858050;3.017578;0.652849;106.845596;9644.079932
3.000000;3.000000;0.000000;0.000000;3.000000;0.000000;0.000000;0.000000;0.000000;0.000000;0.000000;0.000000;918.000000;-0.000000;-0.440494;-0.583110;1.337098;1.787831;1.407788;0.270734;0.173295;-0.888569;2.016975;0.049020;0.049020;1.003922;110.973067;1.828795;9.772465;9.803950;0.964655;0.930559;9.819961;0.390943;0.011536;-0.078212;1.340725;0.176471;0.176471;0.000000;9788.575909;0.042845;-0.059743;-0.237910;1.292765;1.671240;1.294144;0.303720;0.507005;-0.399300;1.681175;0.098039;0.098039;0.501961;85.597500;1.491671;-8.780203;-4.336350;27.369007;749.062536;28.742904;7.995739;-0.763283;-0.134933;37.208500;0.078431;0.078431;1.505882;46066.401565;1.713628;63.929634;81.373500;61.540323;3787.211316;88.736742;4.727971;-0.056921;-1.557199;114.322625;0.009804;0.009804;0.000000;610024.424645;0.808572;0.000000;0.000000;-0.088544;0.134771;-0.611258;0.404811;0.000000;-0.106023;-0.145829;0.000000;0.000000;-0.046322;0.020615;0.102324;-0.206068;10.324186;0.824684;13.959845;1.820634;0.924670;0.000000;9.783398;3.017578;-0.527454;107.413491;8702.038727
3.000000;3.000000;0.000000;0.000000;3.000000;0.000000;0.000000;0.000000;0.000000;0.000000;0.000000;0.000000;918.000000;-0.000000;-0.132505;0.094809;0.962000;0.925444;0.971082;0.296519;-0.619261;-0.429859;1.591375;0.088235;0.088235;0.501961;48.993971;2.443469;9.837975;9.609950;1.925081;3.705938;10.024555;0.691415;1.217592;3.010848;1.814400;0.107843;0.107843;0.000000;10061.258075;0.144206;1.467278;1.770950;1.458732;2.127899;2.069010;0.532911;0.067933;0.139623;2.057985;0.127451;0.127451;0.000000;328.140457;1.558404;-8.792659;-0.420645;27.231798;741.570815;28.616108;11.294904;-0.832478;-0.046790;36.158500;0.137255;0.137255;1.505882;45741.956255;2.570355;7.439048;4.511400;23.864191;569.499632;24.996781;6.048975;0.806594;1.240521;23.210625;0.107843;0.107843;1.003922;34707.362453;2.201836;0.000000;0.000000;-0.186337;0.461608;-0.100392;0.156133;0.000000;0.188413;-0.102386;0.000000;0.000000;0.070529;0.708139;-0.041587;-0.139531;10.343762;3.441294;13.641875;3.785236;0.892001;0.000000;9.826935;3.017578;0.925163;110.434701;1448.001526
3.000000;3.000000;0.000000;0.000000;3.000000;0.000000;0.000000;0.000000;0.000000;0.000000;0.000000;0.000000;918.000000;-0.000000;0.102960;0.258185;0.962705;0.926802;0.968196;0.425626;-0.558520;0.658463;1.190940;0.117647;0.117647;1.003922;48.356671;2.760578;9.324725;8.417400;2.618099;6.854445;9.685296;0.932038;1.176270;0.800917;2.746950;0.147059;0.147059;0.000000;9218.899713;0.242622;1.916172;1.889700;1.243698;1.546785;2.284404;0.663722;-0.027418;1.505079;1.154125;0.186275;0.186275;0.000000;453.600738;0.992162;5.585877;7.204800;19.898496;395.950131;20.667659;12.423957;-0.495990;0.583248;24.262200;0.225490;0.225490;6.525490;23376.602137;3.052437;0.455769;0.841095;17.897116;320.306761;17.902918;7.446641;0.352580;0.880082;22.724750;0.147059;0.147059;0.501961;16363.713392;2.663613;0.000000;0.000000;-0.082221;0.149366;-0.078033;-0.127980;0.000000;0.172263;-0.052490;0.000000;0.000000;-0.113391;0.409155;-0.005020;-0.083819;9.869346;6.338358;13.087035;6.929618;0.928670;0.000000;9.444667;3.017578;2.081026;103.742353;752.885137
3.000000;3.000000;0.000000;0.000000;3.000000;0.000000;0.000000;0.000000;0.000000;0.000000;0.000000;0.000000;918.000000;-0.000000;-0.186237;-0.226960;1.333904;1.779299;1.346842;0.639543;0.224302;0.086315;1.900075;0.147059;0.147059;1.003922;94.282076;2.953415;9.733004;8.600150;2.772143;7.684778;10.120086;0.978341;0.706287;-0.571097;4.425450;0.088235;0.088235;0.000000;10054.652172;0.234485;0.762567;0.724580;1.432320;2.051540;1.622667;0.739898;-0.430513;0.909778;1.564420;0.205882;0.205882;0.000000;164.050643;2.563016;8.087849;10.003600;20.625685;425.418878;22.154733;13.125096;-0.788813;2.909680;27.094250;0.205882;0.205882;0.000000;28371.382160;2.909986;-26.244370;-19.444500;27.644583;764.222959;38.118105;8.289464;-0.403978;-0.745941;45.335300;0.107843;0.107843;0.000000;109248.476857;1.336468;0.000000;0.000000;0.073788;0.197689;0.150379;0.091027;0.000000;0.000022;0.042157;0.000000;0.000000;-0.163551;0.264124;-0.359573;0.074623;10.297001;7.201900;13.815029;7.773569;1.784212;0.000000;9.438600;3.017578;1.251855;113.230127;1946.455125
3.000000;3.000000;0.000000;0.000000;3.000000;0.000000;0.000000;0.000000;0.000000;0.000000;0.000000;0.000000;918.000000;-0.000000;-0.653717;-0.926385;1.252353;1.568389;1.412705;0.581775;0.883458;1.217589;1.316382;0.176471;0.176471;0.000000;123.584637;2.512985;9.978244;9.416300;2.187007;4.782999;10.215104;0.778211;0.789415;0.170476;2.961925;0.068627;0.068627;0.000000;10399.601844;0.166924;-0.560524;-0.309840;1.215398;1.477192;1.338424;0.604435;-0.623232;-0.027836;1.672852;0.176471;0.176471;0.000000;107.392910;2.487243;5.266802;6.491350;19.248612;370.509082;19.956159;11.223276;-0.897176;3.575426;22.292400;0.166667;0.166667;1.505882;21772.504990;3.132659;-57.279112;-55.215000;35.328323;1248.090392;67.297749;7.055295;-0.190979;-0.919819;54.897500;0.078431;0.078431;0.000000;398306.360852;0.638699;0.000000;0.000000;0.218867;-0.082535;0.269453;-0.239737;0.000000;-0.081191;0.223370;0.000000;0.000000;-0.009008;0.094192;-0.147671;0.076087;10.529047;4.483263;14.179414;4.939574;1.474699;0.000000;10.468233;3.017578;-0.349344;115.344089;4929.026699
3.000000;3.000000;0.000000;0.000000;3.000000;0.000000;0.000000;0.000000;0.000000;0.000000;0.000000;0.000000;918.000000;-0.000000;0.239337;0.235685;1.276021;1.628230;1.298273;0.391596;-0.297530;0.011930;1.609445;0.098039;0.098039;0.501961;88.920365;2.507105;9.770932;9.034200;2.289471;5.241678;10.035577;0.643158;0.731389;0.026815;3.283600;0.088235;0.088235;0.000000;10005.402797;0.172623;-1.054553;-0.695455;1.405381;1.975096;1.757037;0.459665;-0.567789;-0.396416;1.989025;0.088235;0.088235;0.000000;214.180891;1.856978;-2.966525;-2.795050;18.886949;356.716836;19.118502;10.840390;0.267793;-0.058482;22.657725;0.235294;0.235294;2.007843;19092.494030;2.994492;49.763675;51.789500;46.974271;2206.582180;68.432489;7.432343;0.645069;0.317238;63.037250;0.029412;0.029412;0.000000;365152.943002;1.131140;0.000000;0.000000;0.047686;0.341531;-0.251596;-0.433253;0.000000;-0.184783;-0.236623;0.000000;0.000000;-0.427079;0.302802;0.252899;0.233941;10.319640;4.903330;13.811174;5.298992;1.638935;0.000000;9.802327;3.017578;-0.922460;111.398310;5051.609864
3.000000;3.000000;0.000000;0.000000;3.000000;0.000000;0.000000;0.000000;0.000000;0.000000;0.000000;0.000000;918.000000;-0.000000;-0.032494;0.035192;1.232443;1.518916;1.232872;0.373635;-0.456943;-0.575587;1.836792;0.107843;0.107843;1.003922;77.575102;2.465561;9.480931;9.100050;1.664001;2.768899;9.625848;0.514047;0.547508;-0.363176;2.044675;0.147059;0.147059;0.000000;9309.796548;0.104704;-0.506283;-0.429330;1.424506;2.029218;1.511800;0.409548;-0.425777;0.525128;1.889812;0.107843;0.107843;0.501961;129.695658;2.207414;-9.827990;-12.224000;22.841622;521.739701;24.866224;11.151170;0.637611;1.241600;30.924575;0.196078;0.196078;0.000000;36460.957613;2.474257;90.141150;85.074000;55.302918;3058.412710;105.753674;7.093886;0.083969;-0.849021;68.457750;0.039216;0.039216;0.000000;984772.599830;0.585792;0.000000;0.000000;-0.139553;0.169910;-0.302198;-0.294721;0.000000;-0.092035;-0.203544;0.000000;0.000000;-0.327700;-0.121162;0.104676;0.112582;10.027955;2.617046;13.488772;2.859342;1.470927;0.000000;9.940410;3.017578;-0.866126;103.176931;11804.454254
3.000000;3.000000;0.000000;0.000000;3.000000;0.000000;0.000000;0.000000;0.000000;0.000000;0.000000;0.000000;918.000000;-0.000000;-0.354021;-0.326780;1.148155;1.318261;1.201496;0.551138;0.181277;0.527279;1.484680;0.147059;0.147059;1.003922;80.016466;2.567499;9.362438;8.919000;2.384901;5.687753;9.661418;0.678999;0.946918;0.489888;3.026200;0.137255;0.137255;0.000000;9230.919848;0.198103;0.709364;0.644875;1.136958;1.292674;1.340101;0.534313;-0.055296;-0.028671;1.475086;0.205882;0.205882;0.000000;117.269570;2.244564;-7.168562;-8.918250;27.267625;743.523349;28.194177;14.453422;0.580881;0.210190;33.868600;0.196078;0.196078;2.007843;43198.290593;2.591296;57.710900;33.292500;65.222499;4253.974431;87.089164;8.439643;0.669635;-0.936914;97.786275;0.029412;0.029412;0.000000;556689.199042;1.284840;0.000000;0.000000;-0.170932;0.158171;-0.552201;-0.253897;0.000000;0.049729;-0.032718;0.000000;0.000000;-0.043742;-0.241497;0.134233;0.014998;9.922930;5.322050;13.314699;5.794133;1.281248;0.000000;9.400746;3.017578;0.386609;103.786594;8381.229911
3.000000;3.000000;0.000000;0.000000;3.000000;0.000000;0.000000;0.000000;0.000000;0.000000;0.000000;0.000000;918.000000;-0.000000;0.080058;-0.029901;1.579152;2.493721;1.581180;0.702116;0.659576;0.294837;2.048412;0.156863;0.156863;1.003922;127.854431;2.555650;10.100013;9.141750;3.214031;10.329996;10.599069;1.050808;0.553162;-0.798887;6.027050;0.068627;0.068627;0.000000;10932.215750;0.266962;1.049953;0.946485;1.170502;1.370074;1.572411;0.792516;-0.298684;-0.202990;1.668680;0.245098;0.245098;0.000000;182.460084;1.854239;1.074726;5.048750;29.704272;882.343748;29.723707;19.860050;-0.429937;0.508988;35.133750;0.235294;0.235294;2.007843;45187.800412;2.969514;35.746436;25.776500;36.015756;1297.134682;50.743890;11.832612;0.539371;-0.643715;54.549200;0.107843;0.107843;0.000000;196497.425544;1.392934;0.000000;0.000000;-0.033439;0.021099;-0.301214;0.019787;0.000000;0.084072;0.030548;0.000000;0.000000;-0.496621;0.367177;-0.043505;0.009861;10.683034;9.713160;14.359537;10.435983;2.514701;0.000000;10.219262;3.017578;1.226707;123.840383;3460.913648
3.000000;3.000000;0.000000;0.000000;3.000000;0.000000;0.000000;0.000000;0.000000;0.000000;0.000000;0.000000;918.000000;-0.000000;0.280427;-0.005717;1.615995;2.611439;1.640146;0.607307;0.501069;-0.477220;2.737050;0.117647;0.117647;1.003922;141.204854;2.338048;10.458019;10.023500;2.597387;6.746421;10.775740;0.945038;0.668328;0.309878;2.739975;0.147059;0.147059;0.000000;11500.143495;0.205721;0.229841;0.381130;1.559264;2.431304;1.576113;0.746841;-0.706416;0.976462;1.620555;0.264706;0.264706;2.007843;129.393173;2.966672;0.591878;7.330650;28.618319;819.008209;28.624439;17.679399;-0.634407;0.813191;36.346750;0.215686;0.215686;1.003922;41841.740633;2.874442;84.042451;84.202500;36.794252;1353.816950;91.743940;10.788762;-0.281473;-0.826600;55.562250;0.127451;0.127451;0.000000;789485.932047;0.436893;0.000000;0.000000;-0.042652;0.106146;-0.339319;-0.051175;0.000000;-0.070974;-0.159582;0.000000;0.000000;-0.330608;0.187346;-0.017154;-0.044411;11.022564;6.309743;14.830186;6.821030;2.629482;0.000000;10.463568;3.017578;0.774860;127.806653;9238.793177
3.000000;3.000000;0.000000;0.000000;3.000000;0.000000;0.000000;0.000000;0.000000;0.000000;0.000000;0.000000;918.000000;-0.000000;-0.208014;-0.490865;1.301119;1.692911;1.317642;0.417755;0.591440;-0.235760;1.520763;0.147059;0.147059;2.509804;90.783382;2.422881;10.058832;9.927500;2.000233;4.000930;10.255781;0.632745;0.486778;-0.115615;2.149325;0.205882;0.205882;0.000000;10524.533170;0.134190;-0.633489;-0.430030;1.297734;1.684115;1.444099;0.472546;-0.954330;0.687546;1.533890;0.088235;0.088235;0.000000;126.825936;2.238359;0.619486;1.679600;20.141811;405.692544;20.151335;10.157309;-0.431583;0.502313;28.200500;0.205882;0.205882;1.003922;20742.075426;2.526100;58.173526;66.570000;57.203225;3272.208943;81.586568;6.714628;-0.042656;-1.569252;113.052662;0.049020;0.049020;0.000000;512076.803913;1.030077;0.000000;0.000000;0.016243;0.196934;0.187069;-0.218085;0.000000;-0.364527;0.005142;0.000000;0.000000;-0.104487;0.321427;0.108717;-0.033046;10.588240;3.806384;14.139056;4.041325;1.708891;0.000000;10.196468;3.017578;-0.448978;115.917219;7064.529777
3.000000;3.000000;0.000000;0.000000;3.000000;0.000000;0.000000;0.000000;0.000000;0.000000;0.000000;0.000000;918.000000;-0.000000;0.163130;0.064556;1.251413;1.566036;1.262001;0.327983;0.090575;-0.028569;1.407497;0.078431;0.078431;0.501961;82.582231;2.099571;9.504029;8.917900;2.024849;4.100015;9.717335;0.546159;0.841617;-0.268575;2.320625;0.137255;0.137255;0.000000;9422.431955;0.150219;-1.439167;-0.890090;1.655342;2.740158;2.193481;0.433390;-1.266495;2.152038;2.175817;0.078431;0.078431;0.000000;351.011873;1.582896;-3.930274;1.073005;19.477893;379.388310;19.870465;8.328831;-0.486443;-0.288815;26.829875;0.156863;0.156863;0.501961;20930.336422;2.537219;42.020406;12.670000;70.940957;5032.619378;82.452010;7.229094;1.637723;1.741818;65.392500;0.039216;0.039216;0.000000;436798.181419;1.486510;0.000000;0.000000;0.127468;0.597604;-0.485169;-0.679719;0.000000;-0.381244;-0.271544;0.000000;0.000000;-0.276055;0.393917;0.185802;0.170163;10.053882;3.938702;13.459636;4.181534;1.540617;0.000000;9.505350;3.017578;-1.030264;105.019237;7197.980633
3.000000;3.000000;0.000000;0.000000;3.000000;0.000000;0.000000;0.000000;0.000000;0.000000;0.000000;0.000000;918.000000;-0.000000;0.304271;0.261920;1.139337;1.298088;1.179266;0.359765;0.255766;-0.167644;1.139382;0.127451;0.127451;1.003922;75.674120;2.443785;9.301850;9.110200;1.592320;2.535483;9.437155;0.527553;1.150212;1.906139;1.637100;0.186275;0.186275;0.000000;8954.825476;0.109358;-0.886884;-0.346135;1.949917;3.802177;2.142135;0.487896;-1.039987;1.221999;2.895313;0.049020;0.049020;0.000000;274.204842;2.160563;-8.445810;-9.441100;27.936673;780.457718;29.185432;12.751539;-1.178932;5.178455;33.628500;0.215686;0.215686;0.000000;47097.996871;3.173817;87.341604;78.918500;79.681820;6349.192514;118.227528;8.642594;0.565488;-0.709971;115.483750;0.039216;0.039216;0.000000;1101926.698468;0.823758;0.000000;0.000000;0.156965;0.309344;-0.245826;-0.388830;0.000000;0.020885;0.022227;0.000000;0.000000;-0.444153;-0.164067;0.081486;-0.106514;9.852219;2.384349;13.192465;2.623592;1.247935;0.000000;9.542686;3.017578;-1.400714;99.450566;14834.126464
3.000000;3.000000;0.000000;0.000000;3.000000;0.000000;0.000000;0.000000;0.000000;0.000000;0.000000;0.000000;918.000000;-0.000000;-0.327235;-0.261975;0.988584;0.977299;1.041337;0.463454;0.312917;1.145425;1.056677;0.196078;0.196078;0.000000;60.794236;2.786072;9.596421;9.292000;2.534372;6.423042;9.925439;0.820641;0.955405;0.516656;3.190300;0.107843;0.107843;0.000000;9721.007407;0.217792;0.738413;0.830020;1.106585;1.224529;1.330332;0.607033;-0.517988;0.540574;1.337281;0.225490;0.225490;0.000000;118.072053;2.199481;-4.968629;-6.469350;32.147911;1033.488174;32.529609;17.506551;-0.808927;2.859507;39.322750;0.205882;0.205882;2.007843;55242.461741;3.019131;55.896788;26.831500;69.700642;4858.179518;89.345568;8.692158;1.127171;0.558230;92.681100;0.009804;0.009804;0.000000;566512.835693;1.513580;0.000000;0.000000;-0.041153;0.140555;-0.468604;-0.187279;0.000000;0.095372;0.068152;0.000000;0.000000;-0.078841;-0.168350;0.127724;-0.087116;10.131398;5.953483;13.375560;6.488607;0.985004;0.000000;9.616527;3.017578;0.467878;108.598712;9042.575684
3.000000;3.000000;0.000000;0.000000;3.000000;0.000000;0.000000;0.000000;0.000000;0.000000;0.000000;0.000000;918.000000;-0.000000;-0.124596;-0.190665;1.486910;2.210902;1.492121;0.769839;1.230562;3.564883;1.851535;0.215686;0.215686;6.525490;114.340471;2.823833;10.115693;9.324350;3.572185;12.760503;10.727896;1.136777;0.700538;-0.434671;6.093150;0.078431;0.078431;0.000000;11088.166559;0.334103;1.347414;1.483550;1.153771;1.331188;1.773898;0.800017;-0.464733;0.035079;1.827545;0.284314;0.284314;0.000000;253.078094;1.452350;-1.882154;-1.394440;31.162900;971.126360;31.219687;20.046218;-0.220084;-0.356669;43.986500;0.186275;0.186275;2.007843;49892.809836;3.149063;25.025224;17.006000;33.372933;1113.752662;41.713481;11.801911;0.958048;2.809768;41.428600;0.127451;0.127451;0.000000;120690.609679;1.819785;0.000000;0.000000;0.132507;0.034369;-0.116330;0.012376;0.000000;-0.024151;0.103233;0.000000;0.000000;-0.185591;0.284134;-0.067339;-0.058731;10.687712;12.086994;14.207559;12.934055;2.185582;0.000000;10.119169;3.017578;1.349382;126.314177;2717.830051
3.000000;3.000000;0.000000;0.000000;3.000000;0.000000;0.000000;0.000000;0.000000;0.000000;0.000000;0.000000;918.000000;-0.000000;0.084043;-0.408590;1.761393;3.102506;1.763397;0.673105;0.760134;0.350219;2.822800;0.098039;0.098039;0.501961;158.950891;2.399317;10.110650;9.775550;2.857954;8.167900;10.506814;0.897545;1.027170;1.693872;2.961850;0.107843;0.107843;0.000000;10843.774672;0.254333;0.782796;0.500535;1.384409;1.916587;1.590395;0.697821;-0.344845;0.633934;1.955046;0.147059;0.147059;0.000000;160.261154;2.251119;-0.792731;7.220400;27.847930;775.507180;27.859210;17.016180;-0.412162;-0.062236;38.975000;0.156863;0.156863;1.003922;39618.639520;3.076788;75.210257;80.280000;48.461698;2348.536158;89.471330;10.754129;-0.524930;-0.437917;64.722250;0.039216;0.039216;0.000000;696757.965307;0.747925;0.000000;0.000000;0.081471;-0.131311;-0.491509;0.003224;0.000000;-0.135664;0.012146;0.000000;0.000000;-0.092367;0.160127;-0.146203;-0.054259;10.709490;7.809535;14.617430;8.282088;3.099906;0.000000;10.081295;3.017578;1.219074;122.502713;8783.783855
3.000000;3.000000;0.000000;0.000000;3.000000;0.000000;0.000000;0.000000;0.000000;0.000000;0.000000;0.000000;918.000000;-0.000000;-0.099298;-0.590000;1.446258;2.091663;1.449663;0.367997;0.566397;-0.583909;2.278400;0.107843;0.107843;1.003922;107.688201;2.413645;9.847773;9.752700;1.821886;3.319269;10.014884;0.621408;0.725717;0.496306;1.746325;0.156863;0.156863;0.000000;10061.105014;0.123032;-0.417510;-0.184480;1.232752;1.519677;1.301534;0.460718;-0.885506;0.330717;1.191498;0.117647;0.117647;1.505882;95.305758;2.465884;-2.483199;0.943110;21.204476;449.629821;21.349382;12.173159;-0.315543;-0.423862;28.120000;0.215686;0.215686;1.003922;23564.782386;2.904374;68.309781;82.680500;51.353498;2637.181718;85.459978;7.528056;-0.240844;-1.446111;101.662250;0.049020;0.049020;0.000000;610463.970759;0.765686;0.000000;0.000000;-0.125409;-0.107328;0.254042;-0.121274;0.000000;-0.051809;0.028046;0.000000;0.000000;0.037023;0.145009;0.036402;-0.082968;10.405573;3.123475;14.071627;3.436253;2.028252;0.000000;10.067864;3.017578;-0.253559;111.399416;7760.897946
3.000000;3.000000;0.000000;0.000000;3.000000;0.000000;0.000000;0.000000;0.000000;0.000000;0.000000;0.000000;918.000000;-0.000000;0.142368;0.117975;1.278499;1.634560;1.286402;0.423934;-0.076394;-0.049922;1.757275;0.098039;0.098039;0.501961;85.431480;2.657195;9.832953;9.374200;2.049522;4.200540;10.044277;0.624731;0.641352;-0.445415;2.958525;0.127451;0.127451;0.000000;10076.298058;0.142646;-0.935945;-0.539415;1.393903;1.942965;1.678975;0.449208;-0.645237;-0.316778;2.059160;0.088235;0.088235;0.000000;188.480841;1.980510;-5.645240;-4.826250;17.884296;319.848040;18.754114;12.494505;0.105846;0.215248;21.085475;0.274510;0.274510;0.000000;19577.289402;2.862547;42.538429;38.782500;45.915512;2108.234254;62.591950;8.203735;1.081099;0.678366;53.792725;0.098039;0.098039;0.000000;292095.969444;1.199663;0.000000;0.000000;-0.058441;0.108248;-0.360773;-0.508689;0.000000;0.131012;-0.257646;0.000000;0.000000;-0.251020;0.211509;0.230942;0.033362;10.370320;3.998803;13.862652;4.251326;1.641548;0.000000;10.008758;3.017578;-0.908720;111.542332;4272.287948
3.000000;3.000000;0.000000;0.000000;3.000000;0.000000;0.000000;0.000000;0.000000;0.000000;0.000000;0.000000;918.000000;-0.000000;0.117569;0.286055;1.202206;1.445300;1.207942;0.440498;-0.199067;-0.499170;1.555567;0.137255;0.137255;0.501961;75.120400;2.572811;9.548262;9.345250;1.677889;2.815311;9.694566;0.627030;0.470515;-0.401973;2.149900;0.176471;0.176471;0.000000;9442.877535;0.108143;-0.439774;-0.168675;1.323745;1.752300;1.394884;0.471071;-1.174978;1.208025;1.587570;0.156863;0.156863;1.505882;109.103644;2.356616;-8.604800;-10.531000;21.377545;456.999441;23.044349;13.550878;0.374531;0.035396;25.858075;0.205882;0.205882;0.000000;30859.329294;2.767366;80.345403;67.296500;58.205304;3387.857370;99.213110;7.998604;0.297015;-1.187288;98.885750;0.039216;0.039216;0.000000;831233.024038;0.672913;0.000000;0.000000;-0.137022;0.054160;-0.238581;-0.069757;0.000000;0.019258;-0.209630;0.000000;0.000000;-0.294036;-0.073826;0.108253;0.121792;10.088327;2.669399;13.531956;2.897377;1.405418;0.000000;9.944762;3.017578;-0.697140;104.443737;10376.228953
3.000000;3.000000;0.000000;0.000000;3.000000;0.000000;0.000000;0.000000;0.000000;0.000000;0.000000;0.000000;918.000000;-0.000000;-0.363178;-0.411410;1.032191;1.065419;1.094220;0.445149;0.063738;-0.173879;1.406277;0.147059;0.147059;1.003922;67.832312;2.594335;9.478815;9.115350;2.420723;5.859899;9.783038;0.767311;0.697221;-0.267179;3.337000;0.137255;0.137255;0.000000;9463.593774;0.192402;0.598514;0.617590;0.965774;0.932719;1.136194;0.506013;0.413705;0.988096;1.186787;0.186275;0.186275;0.000000;84.210580;2.260461;-4.768110;-5.178100;24.590479;604.691644;25.048483;13.713378;-0.174560;-0.447518;33.772000;0.176471;0.176471;2.007843;33174.341693;2.905074;56.448237;28.161500;61.367712;3765.996087;83.381050;7.630639;0.828695;-0.758677;95.678850;0.009804;0.009804;0.000000;517123.434259;1.221064;0.000000;0.000000;-0.333827;0.055743;-0.595206;-0.058119;0.000000;0.101059;-0.005554;0.000000;0.000000;-0.109255;-0.027327;0.238547;-0.007186;10.024514;5.414255;13.372327;6.060283;0.933602;0.000000;9.525630;3.017578;0.285617;105.905144;7581.116966
3.000000;3.000000;0.000000;0.000000;3.000000;0.000000;0.000000;0.000000;0.000000;0.000000;0.000000;0.000000;918.000000;-0.000000;0.111991;0.044634;1.510229;2.280792;1.514376;0.565628;1.621008;5.575079;1.675048;0.107843;0.107843;1.003922;117.611900;2.875335;10.094710;8.883800;3.268061;10.680225;10.610532;0.930639;0.593251;-0.602872;5.265300;0.088235;0.088235;0.000000;10938.949468;0.296791;1.301762;1.280350;1.271095;1.615682;1.819414;0.702149;-1.086124;4.299519;1.580367;0.196078;0.196078;0.000000;255.260682;1.614605;0.824795;3.972350;27.931948;780.193744;27.944123;13.533525;-1.044549;2.591806;30.815000;0.166667;0.166667;2.007843;39864.793811;2.652458;34.805426;32.987000;33.244604;1105.203716;48.131293;9.542174;1.316516;3.250900;40.449425;0.088235;0.088235;0.000000;180012.420705;1.293439;0.000000;0.000000;0.108304;-0.197385;-0.147583;0.211100;0.000000;0.368846;0.212318;0.000000;0.000000;-0.433355;0.503528;-0.142249;0.070938;10.665137;10.131578;14.182065;10.820187;2.269158;0.000000;10.123333;3.017578;1.296202;123.876726;3100.805685
3.000000;3.000000;0.000000;0.000000;3.000000;0.000000;0.000000;0.000000;0.000000;0.000000;0.000000;0.000000;918.000000;-0.000000;0.266592;0.210695;1.736043;3.013847;1.756394;0.620874;0.835096;2.115147;2.395450;0.137255;0.137255;0.501961;161.024711;2.507727;10.322891;9.492100;2.734758;7.478900;10.678997;0.829951;0.881547;0.583242;3.171700;0.088235;0.088235;0.000000;11250.764840;0.223048;0.550569;0.231655;1.579654;2.495306;1.672851;0.582851;-0.320741;0.609675;2.513807;0.107843;0.107843;0.501961;158.551218;2.582545;2.596954;3.170800;28.475133;810.833182;28.593310;11.400362;-0.836699;2.149137;36.791500;0.117647;0.117647;1.003922;42042.297109;2.353045;83.084601;88.148000;38.393893;1474.091012;91.526728;9.490661;-0.041860;-0.773505;72.681500;0.078431;0.078431;0.000000;779309.155760;0.458926;0.000000;0.000000;0.121057;-0.192336;-0.452434;0.347931;0.000000;0.130729;0.006456;0.000000;0.000000;-0.082112;0.223974;-0.310343;-0.056712;10.907363;7.155323;14.679055;7.626462;2.970174;0.000000;10.253284;3.017578;1.186637;126.125901;9197.517715
3.000000;3.000000;0.000000;0.000000;3.000000;0.000000;0.000000;0.000000;0.000000;0.000000;0.000000;0.000000;918.000000;-0.000000;-0.143643;-0.305235;1.377212;1.896714;1.384683;0.440136;0.236203;-0.641270;2.164145;0.127451;0.127451;1.003922;98.871060;2.671451;9.805201;9.477550;1.927322;3.714569;9.992824;0.637312;0.644881;0.124140;1.845225;0.166667;0.166667;0.000000;9995.958603;0.135372;-0.732076;-0.415915;1.402651;1.967431;1.582203;0.396166;-1.462665;2.062436;0.947078;0.147059;0.147059;0.000000;155.055754;2.108324;-2.312085;-5.216650;25.826657;667.016209;25.929943;9.961387;0.157515;-0.931324;39.944000;0.156863;0.156863;1.505882;34682.033012;2.307483;62.898904;76.235000;54.384960;2957.723923;83.150442;6.699919;-0.138631;-1.579144;112.576575;0.029412;0.029412;0.000000;554396.966665;0.855648;0.000000;0.000000;0.021722;0.257810;0.123391;0.116702;0.000000;-0.101034;0.073774;0.000000;0.000000;0.031468;0.182545;-0.134397;0.176738;10.360113;3.441940;13.963242;3.753192;1.913649;0.000000;10.017095;3.017578;-0.608894;110.773883;7588.861397
3.000000;3.000000;0.000000;0.000000;3.000000;0.000000;0.000000;0.000000;0.000000;0.000000;0.000000;0.000000;918.000000;-0.000000;0.200065;0.258570;1.123974;1.263317;1.141640;0.324532;-0.219773;-0.545087;1.631475;0.068627;0.068627;0.501961;68.522254;2.425461;9.621003;9.175700;1.938028;3.755951;9.814257;0.540045;0.488393;-0.592362;2.598050;0.117647;0.117647;0.000000;9633.050709;0.134742;-1.083234;-0.535625;1.554168;2.415440;1.894422;0.416338;-0.939807;0.112374;1.928652;0.058824;0.058824;0.000000;242.911071;1.860517;-6.898508;-4.821150;20.959412;439.296950;22.065502;9.971139;0.219885;-0.338420;29.519575;0.156863;0.156863;2.007843;27267.331230;2.627790;41.225425;33.553000;51.348674;2636.686309;65.849996;6.926671;1.079921;0.592506;66.359825;0.019608;0.019608;0.000000;307859.762847;1.225488;0.000000;0.000000;0.159302;0.475921;-0.379458;-0.358872;0.000000;0.146553;-0.173071;0.000000;0.000000;-0.212951;0.268381;0.080405;0.407481;10.153798;3.523386;13.582294;3.841014;1.227950;0.000000;9.602964;3.017578;-1.091595;106.622992;4826.697140
3.000000;3.000000;0.000000;0.000000;3.000000;0.000000;0.000000;0.000000;0.000000;0.000000;0.000000;0.000000;918.000000;-0.000000;0.123508;0.372510;1.242862;1.544707;1.248984;0.401439;-0.362790;-0.208089;1.464857;0.098039;0.098039;1.003922;80.336092;2.555252;9.514700;9.128750;1.743711;3.040530;9.673161;0.520085;0.498377;-0.475062;2.307150;0.098039;0.098039;0.000000;9389.111272;0.114746;-0.755675;-0.549985;1.250676;1.564191;1.461245;0.454200;-0.659605;0.927388;1.455477;0.127451;0.127451;0.000000;138.045155;1.977621;-7.818747;-5.340250;15.869341;251.835991;17.690924;9.017441;-0.320161;-0.513548;23.615225;0.176471;0.176471;0.000000;19116.672821;2.630676;82.643258;67.074500;61.231005;3749.236033;102.854966;7.879499;0.187361;-1.247247;103.464000;0.019608;0.019608;0.000000;887868.950156;0.665791;0.000000;0.000000;-0.113653;0.280469;-0.369181;-0.176084;0.000000;0.060466;-0.173329;0.000000;0.000000;-0.149795;-0.130913;0.074209;-0.073393;10.062114;2.883861;13.538035;3.110539;1.520096;0.000000;9.881006;3.017578;-0.913599;104.130007;10894.248089
3.000000;3.000000;0.000000;0.000000;3.000000;0.000000;0.000000;0.000000;0.000000;0.000000;0.000000;0.000000;918.000000;-0.000000;-0.190991;-0.076699;1.114399;1.241884;1.130647;0.513912;0.050801;0.517732;1.300442;0.147059;0.147059;1.003922;67.056850;2.630038;9.465066;8.777700;2.704202;7.312706;9.843789;0.715838;0.912558;-0.032347;3.410575;0.078431;0.078431;0.000000;9510.891947;0.235019;-0.039779;0.059252;0.989075;0.978268;0.989874;0.546366;0.003668;0.126397;1.204425;0.205882;0.205882;0.501961;50.065669;2.774373;-4.809951;-5.340250;17.698971;313.253570;18.340916;8.734851;-0.003556;-0.511785;24.533400;0.196078;0.196078;2.007843;18337.152647;2.485416;56.494565;27.359000;62.647314;3924.685997;84.358294;7.652710;0.816938;-0.838088;108.556875;0.009804;0.009804;0.000000;525722.042209;1.235320;0.000000;0.000000;0.027760;0.045650;-0.521789;-0.140391;0.000000;0.089118;-0.060008;0.000000;0.000000;0.003928;-0.188815;-0.149511;0.155671;10.021129;6.755505;13.337913;7.386273;1.253016;0.000000;9.508527;3.017578;-0.286893;107.178536;7453.690897
3.000000;3.000000;0.000000;0.000000;3.000000;0.000000;0.000000;0.000000;0.000000;0.000000;0.000000;0.000000;918.000000;-0.000000;0.144300;0.095835;1.509064;2.277275;1.515948;0.617330;0.710895;0.569311;1.599683;0.147059;0.147059;1.003922;118.275074;2.707085;10.065350;8.562050;3.710473;13.767612;10.727483;1.074716;0.696229;-0.490204;6.480025;0.068627;0.068627;0.000000;11036.209843;0.349299;0.389165;0.467195;1.055981;1.115096;1.125409;0.785894;-0.975084;2.700080;1.102810;0.294118;0.294118;0.000000;72.753527;2.987870;0.992288;1.025980;20.017949;400.718277;20.042528;12.686280;-0.136890;-0.757145;30.931750;0.254902;0.254902;1.505882;20563.607875;3.136887;41.758691;32.069500;39.805708;1584.494409;57.691271;9.243532;1.050740;1.254164;50.424250;0.068627;0.068627;0.000000;258688.060917;1.168317;0.000000;0.000000;-0.012337;-0.179182;-0.052541;0.193051;0.000000;0.241824;-0.103561;0.000000;0.000000;-0.266736;0.203340;-0.170632;-0.008853;10.659488;12.752288;14.220162;13.904344;2.299403;0.000000;10.183741;3.017578;0.405858;126.376980;3731.252164
3.000000;3.000000;0.000000;0.000000;3.000000;0.000000;0.000000;0.000000;0.000000;0.000000;0.000000;0.000000;918.000000;-0.000000;0.063695;-0.355480;1.856515;3.446649;1.857608;0.658997;0.538362;-0.563393;2.455450;0.098039;0.098039;0.501961;176.194875;2.348863;10.299220;10.144500;3.068395;9.415051;10.746580;0.990128;0.811362;0.924009;4.316750;0.117647;0.117647;0.000000;11300.310077;0.262909;-0.692023;-0.495560;1.749799;3.061798;1.881673;0.816335;-0.492143;-0.304418;2.503538;0.147059;0.147059;0.501961;205.440490;2.531598;2.277212;0.699305;24.712592;610.712204;24.817290;18.037256;-0.096596;-0.112057;34.529250;0.254902;0.254902;0.501961;31853.702016;3.325789;82.044725;82.191500;39.971613;1597.729812;91.263720;11.177943;0.522108;-0.015222;49.622250;0.098039;0.098039;0.000000;768105.780499;0.553779;0.000000;0.000000;-0.134741;0.010977;0.044421;0.301793;0.000000;0.087893;-0.148543;0.000000;0.000000;0.091104;0.301028;-0.026390;-0.165030;10.918469;8.726722;14.831563;9.606360;3.382684;0.000000;10.384618;3.017578;0.069091;127.939681;8948.505226
3.000000;3.000000;0.000000;0.000000;3.000000;0.000000;0.000000;0.000000;0.000000;0.000000;0.000000;0.000000;918.000000;-0.000000;-0.415620;-0.702030;1.425567;2.032241;1.484918;0.468049;0.829750;0.589832;1.592185;0.127451;0.127451;1.003922;121.269159;2.426867;9.782403;9.945450;2.079116;4.322725;10.000907;0.711183;0.155807;-0.599741;2.839075;0.127451;0.127451;0.000000;9981.397558;0.149796;-2.054838;-1.920900;1.296975;1.682144;2.429918;0.611185;-0.436120;0.139742;1.646300;0.225490;0.225490;0.000000;516.474224;0.873743;0.907635;-0.831215;28.119476;790.704938;28.134121;19.204894;-0.197387;-0.255358;38.474000;0.303922;0.303922;1.505882;40462.700375;3.260475;55.675012;53.647500;51.976850;2701.592932;76.166265;8.565442;0.441469;-0.734971;81.947125;0.049020;0.049020;0.000000;453986.994619;1.108301;0.000000;0.000000;-0.046679;0.301416;0.458702;0.149475;0.000000;0.001729;0.084649;0.000000;0.000000;0.144799;0.397618;0.019832;-0.069685;10.353536;4.027399;13.980605;4.373933;2.043954;0.000000;10.033960;3.017578;-1.811561;111.223113;6598.733135
3.000000;3.000000;0.000000;0.000000;3.000000;0.000000;0.000000;0.000000;0.000000;0.000000;0.000000;0.000000;918.000000;-0.000000;0.160883;0.121783;1.097878;1.205337;1.109604;0.327646;0.084657;-0.324299;1.573335;0.039216;0.039216;0.501961;64.114997;2.255950;9.383886;9.033600;1.899488;3.608053;9.574204;0.680012;0.424048;-0.243187;2.525475;0.127451;0.127451;0.000000;9165.880358;0.141266;-2.177281;-1.956300;1.277401;1.631752;2.524342;0.572555;-0.934119;1.578591;1.655350;0.147059;0.147059;0.000000;566.773772;0.784198;-5.205956;-6.050000;27.522724;757.500350;28.010754;18.641018;-0.104067;-0.100779;34.784750;0.254902;0.254902;2.007843;41411.666297;3.350091;45.933369;38.484500;45.976487;2113.837403;64.990090;7.037865;0.486282;-0.875775;76.093050;0.039216;0.039216;0.000000;323020.271271;0.996766;0.000000;0.000000;0.240764;0.384495;-0.062892;-0.061429;0.000000;-0.096485;-0.229630;0.000000;0.000000;-0.102105;0.393021;-0.097032;-0.108559;9.926517;3.360854;13.288767;3.745474;1.115573;0.000000;9.340238;3.017578;-2.210538;101.896595;5014.686456
3.000000;3.000000;0.000000;0.000000;3.000000;0.000000;0.000000;0.000000;0.000000;0.000000;0.000000;0.000000;918.000000;-0.000000;0.374933;0.504685;1.039056;1.079637;1.104632;0.335310;-0.025132;-0.092541;1.247872;0.098039;0.098039;0.501961;69.423233;2.255179;9.470926;9.221850;1.314898;1.728957;9.561768;0.590129;1.211067;1.588390;1.439300;0.147059;0.147059;0.000000;9237.478663;0.078141;-1.068371;-0.636145;1.533115;2.350442;1.868652;0.552803;-0.978993;1.634533;1.872098;0.147059;0.147059;0.000000;236.313408;1.900106;-9.531060;-9.944750;28.536874;814.353175;30.086447;18.098893;-0.535349;2.342062;31.792075;0.235294;0.235294;0.000000;50798.609233;3.170716;80.526047;75.975000;43.820466;1920.233255;91.677028;7.747989;-0.031073;-0.898635;67.433750;0.098039;0.098039;0.000000;759348.081087;0.541588;0.000000;0.000000;0.131028;0.255693;-0.132846;0.094201;0.000000;0.075826;-0.189089;0.000000;0.000000;-0.420798;-0.346389;-0.058170;-0.152521;10.000159;1.644443;13.364898;1.792616;1.043786;0.000000;9.612788;3.017578;-1.596737;101.647617;9313.363570
3.000000;3.000000;0.000000;0.000000;3.000000;0.000000;0.000000;0.000000;0.000000;0.000000;0.000000;0.000000;918.000000;-0.000000;-0.242175;-0.441335;0.928625;0.862344;0.959684;0.363768;0.360739;0.041100;1.227828;0.137255;0.137255;1.003922;49.970299;2.658661;9.800748;9.356650;2.313660;5.353025;10.070138;0.688519;0.984550;0.363899;2.035350;0.107843;0.107843;0.000000;10070.762319;0.179657;0.677642;0.866360;1.096547;1.202416;1.289036;0.550940;-0.032053;-0.273452;1.632105;0.166667;0.166667;0.000000;108.161520;2.156829;-8.350951;-7.450450;27.925268;779.820604;29.147195;16.470509;-0.566738;2.454055;31.039375;0.215686;0.215686;0.000000;46894.439576;2.986392;49.906809;31.098000;49.937571;2493.760961;70.600641;7.528956;0.780751;-0.629103;66.184000;0.068627;0.068627;0.000000;381232.468195;1.203909;0.000000;0.000000;-0.030250;0.305662;-0.660258;-0.000505;0.000000;-0.032751;-0.028350;0.000000;0.000000;-0.091046;-0.119786;0.097178;0.138542;10.314269;4.944538;13.588504;5.406975;0.869932;0.000000;9.582527;3.017578;0.241453;111.328680;5835.671125
3.000000;3.000000;0.000000;0.000000;3.000000;0.000000;0.000000;0.000000;0.000000;0.000000;0.000000;0.000000;918.000000;-0.000000;-0.052057;-0.187905;0.830714;0.690085;0.832343;0.319157;-0.033427;-0.456546;1.299745;0.098039;0.098039;0.501961;35.477122;2.564156;9.751270;8.900700;2.626034;6.896055;10.098679;0.802948;0.813400;-0.491384;3.954200;0.078431;0.078431;0.000000;10050.599366;0.201313;1.552025;1.481750;0.938396;0.880588;1.813662;0.502302;-0.044440;-0.187941;1.246147;0.166667;0.166667;0.000000;290.610040;0.854881;-4.897613;-0.510635;27.992293;783.568457;28.417513;14.390038;-0.823205;1.753788;33.528500;0.205882;0.205882;1.505882;42409.885649;2.661976;19.827083;13.595500;24.552918;602.845762;31.558818;7.156616;0.449767;-0.673109;38.343050;0.107843;0.107843;0.000000;70859.430689;1.634998;0.000000;0.000000;-0.014354;0.153226;0.514726;-0.089616;0.000000;-0.306718;0.202643;0.000000;0.000000;-0.291872;-0.183893;0.130227;-0.074283;10.263037;6.346186;13.457029;6.964493;0.696758;0.000000;9.861926;3.017578;1.350362;111.676109;1806.803438
3.000000;3.000000;0.000000;0.000000;3.000000;0.000000;0.000000;0.000000;0.000000;0.000000;0.000000;0.000000;918.000000;-0.000000;0.446278;0.523880;1.171926;1.373409;1.254023;0.442180;-0.043555;-0.278344;1.693100;0.156863;0.156863;0.000000;90.359115;2.555107;9.750813;9.325150;2.105172;4.431750;9.975475;0.755782;0.900551;0.129578;2.563875;0.107843;0.107843;0.000000;9924.023456;0.159812;1.303897;1.335750;1.207969;1.459189;1.777452;0.531793;-0.399178;0.253424;1.621817;0.156863;0.156863;0.000000;247.834330;1.368791;-0.195833;2.577900;27.064758;732.501146;27.065467;12.684098;-1.064227;2.951241;30.763250;0.225490;0.225490;1.505882;37399.945331;2.690475;43.027642;45.687500;36.466224;1329.785474;56.401804;9.093663;0.345716;0.114146;50.137500;0.088235;0.088235;0.000000;256698.479099;1.184677;0.000000;0.000000;0.220082;0.039606;-0.094827;-0.121739;0.000000;-0.111576;0.104272;0.000000;0.000000;-0.289835;-0.090357;0.024286;-0.281779;10.293414;4.128303;13.798841;4.570090;1.292546;0.000000;9.576476;3.017578;1.464096;110.082673;3916.862296
3.000000;3.000000;0.000000;0.000000;3.000000;0.000000;0.000000;0.000000;0.000000;0.000000;0.000000;0.000000;918.000000;-0.000000;-0.227422;-0.248195;1.632008;2.663449;1.647777;0.509294;-0.031055;-0.722755;2.681750;0.127451;0.127451;0.501961;141.114116;2.064943;10.070681;9.640950;2.143327;4.593851;10.296236;0.716302;0.900299;0.658937;1.839025;0.137255;0.137255;0.000000;10578.988102;0.154903;0.005344;0.345270;1.801062;3.243824;1.801070;0.527829;-0.837158;0.600871;2.072125;0.088235;0.088235;1.505882;165.443631;2.193753;1.977779;1.508700;21.301165;453.739612;21.392784;10.660523;-0.015396;0.013736;28.304250;0.147059;0.147059;1.003922;23577.396577;2.835448;79.636520;65.790000;48.988502;2399.873345;93.497853;8.817697;0.771205;-0.176448;55.719000;0.058824;0.058824;0.000000;769275.022645;0.650153;0.000000;0.000000;-0.054995;0.253654;-0.128724;-0.354870;0.000000;-0.049566;-0.186141;0.000000;0.000000;0.001449;-0.318669;0.050611;-0.046787;10.644528;4.421668;14.438262;4.658506;2.670649;0.000000;10.251519;3.017578;0.666149;117.727645;9202.743675
3.000000;3.000000;0.000000;0.000000;3.000000;0.000000;0.000000;0.000000;0.000000;0.000000;0.000000;0.000000;918.000000;-0.000000;-0.781527;-0.565030;1.291779;1.668693;1.509794;0.379322;0.075562;-0.014155;1.632012;0.107843;0.107843;0.000000;147.407128;2.146796;9.978104;9.624300;2.243745;5.034390;10.227265;0.627089;0.606454;0.030066;2.358575;0.107843;0.107843;0.000000;10412.153089;0.159716;-1.051631;-0.784755;1.574529;2.479142;1.893428;0.484219;-0.688546;-0.124777;1.944284;0.068627;0.068627;0.000000;239.272496;1.873391;-2.881961;-2.808150;19.840809;393.657719;20.049025;10.440430;-0.005667;-0.212443;22.880200;0.235294;0.235294;1.505882;20924.679650;3.000626;51.765171;30.219000;61.649066;3800.607324;80.499939;6.777113;0.921275;-0.242528;67.655600;0.029412;0.029412;0.000000;467157.809755;1.190741;0.000000;0.000000;-0.206726;0.245507;0.221594;-0.023677;0.000000;-0.102154;-0.030813;0.000000;0.000000;-0.422590;-0.224784;0.033711;0.063960;10.538670;4.812857;14.154692;5.188747;1.580702;0.000000;10.097401;3.017578;-0.860057;115.876425;6885.788730
3.000000;3.000000;0.000000;0.000000;3.000000;0.000000;0.000000;0.000000;0.000000;0.000000;0.000000;0.000000;918.000000;-0.000000;0.152743;0.314930;1.188470;1.412460;1.198245;0.341547;-0.280976;-0.528781;1.708732;0.068627;0.068627;0.501961;74.421426;2.216101;9.677311;9.033000;2.191124;4.801024;9.922266;0.594378;0.710252;-0.510723;3.247725;0.117647;0.117647;0.000000;9797.232718;0.161340;-0.867165;-0.740170;1.352325;1.828783;1.606474;0.475965;-0.576602;0.095314;1.637749;0.088235;0.088235;0.000000;169.993490;1.954656;-5.110396;-7.648100;16.382617;268.390147;17.161186;10.984641;0.398364;0.461693;18.350425;0.333333;0.333333;0.000000;16367.798526;2.989372;40.847240;37.437000;44.204176;1954.009209;60.187259;6.138598;0.504995;-0.731801;66.741850;0.039216;0.039216;0.000000;269847.379012;1.140861;0.000000;0.000000;0.044823;0.001851;-0.007418;-0.015073;0.000000;0.164356;-0.241042;0.000000;0.000000;-0.019223;0.367037;0.072640;0.256542;10.220596;4.426578;13.686471;4.852615;1.422389;0.000000;9.821405;3.017578;-0.973722;108.887159;3919.593240
3.000000;3.000000;0.000000;0.000000;3.000000;0.000000;0.000000;0.000000;0.000000;0.000000;0.000000;0.000000;918.000000;-0.000000;0.580209;0.718050;0.838182;0.702550;1.019408;0.295856;-0.650315;0.550886;1.081887;0.147059;0.147059;0.000000;70.185774;2.047483;9.347233;8.942900;1.660156;2.756119;9.493518;0.527140;1.123078;1.341734;1.899150;0.107843;0.107843;0.000000;9052.464460;0.114365;-0.044101;0.187810;1.164143;1.355229;1.164978;0.415337;-1.031518;1.588523;1.140680;0.166667;0.166667;0.501961;69.392812;2.453488;-3.965945;-7.782250;15.263346;232.969735;15.770176;9.551609;0.432951;-0.406714;22.215300;0.215686;0.215686;2.007843;13529.474630;2.831026;78.307265;77.374000;31.738893;1007.357314;84.494882;5.468040;0.153703;-1.190517;61.622500;0.058824;0.058824;0.000000;676842.194246;0.364431;0.000000;0.000000;0.113289;-0.259985;-0.360922;0.118021;0.000000;0.369763;-0.159053;0.000000;0.000000;-0.220666;-0.248820;0.195758;0.217272;9.881862;2.514888;13.200332;2.795558;0.697355;0.000000;9.491528;3.017578;-0.252410;100.166083;7389.440647
3.000000;3.000000;0.000000;0.000000;3.000000;0.000000;0.000000;0.000000;0.000000;0.000000;0.000000;0.000000;918.000000;-0.000000;-0.083754;0.004360;1.098978;1.207752;1.102165;0.373620;-0.327756;-0.512130;1.629012;0.117647;0.117647;0.501961;62.311989;2.389089;9.726808;9.098850;2.533350;6.417860;10.051301;0.749972;1.028288;0.505137;2.767400;0.117647;0.117647;0.000000;9977.645850;0.212859;0.296567;0.353685;0.829709;0.688418;0.881118;0.494803;-0.620144;1.849968;1.064965;0.196078;0.196078;0.000000;44.087610;2.960969;-1.273982;-1.875650;17.635170;310.999215;17.681127;9.588844;-0.004494;-0.816797;28.818750;0.156863;0.156863;1.505882;16028.232044;2.348201;43.467693;33.109000;44.452954;1976.065124;62.173189;6.614596;0.408300;-0.952301;72.523000;0.009804;0.009804;0.000000;293548.210985;1.267688;0.000000;0.000000;-0.123742;-0.246972;-0.016834;-0.015561;0.000000;0.123642;-0.067522;0.000000;0.000000;-0.027212;0.225987;-0.170374;0.037819;10.261246;5.950243;13.618157;6.504310;1.196804;0.000000;9.721334;3.017578;0.315673;111.243418;4178.904077
3.000000;3.000000;0.000000;0.000000;3.000000;0.000000;0.000000;0.000000;0.000000;0.000000;0.000000;0.000000;918.000000;-0.000000;-0.339942;-0.389320;1.268030;1.607899;1.312806;0.550723;0.288816;0.592841;1.827403;0.147059;0.147059;1.003922;93.821158;2.864465;10.145419;9.008900;3.380491;11.427723;10.693795;1.044805;0.784313;-0.235245;5.367575;0.068627;0.068627;0.000000;11081.626701;0.323911;0.541646;0.726150;1.062928;1.129816;1.192978;0.615077;-0.836640;0.836512;1.414755;0.215686;0.215686;0.000000;87.557440;2.671415;0.080319;-2.745550;22.488767;505.744650;22.488911;13.122235;0.311889;0.128797;30.959250;0.186275;0.186275;1.003922;25795.745656;3.121141;27.181601;24.813000;34.782076;1209.792808;44.143315;9.709327;1.260176;2.783324;34.588425;0.166667;0.166667;0.000000;137061.252266;1.555852;0.000000;0.000000;-0.047276;-0.047562;0.109379;-0.127143;0.000000;0.085071;0.014314;0.000000;0.000000;-0.013450;0.062266;-0.175971;0.023272;10.698310;10.626866;14.196088;11.545090;1.619597;0.000000;10.167177;3.017578;0.327898;125.080701;2455.806532
3.000000;3.000000;0.000000;0.000000;3.000000;0.000000;0.000000;0.000000;0.000000;0.000000;0.000000;0.000000;918.000000;-0.000000;0.281431;0.447855;1.439821;2.073085;1.467068;0.482389;-0.136254;-0.639503;2.478588;0.107843;0.107843;0.501961;113.815998;2.530629;9.881076;9.519700;2.585822;6.686476;10.213821;0.859232;1.342931;3.073100;2.707600;0.117647;0.117647;0.000000;10299.908887;0.222721;-0.392817;-0.363195;1.749588;3.061060;1.793144;0.632566;-0.464739;-0.460608;2.676850;0.088235;0.088235;0.501961;171.932197;1.894596;2.609547;-3.106900;30.087832;905.277640;30.200784;15.847824;0.186526;-0.437119;39.707000;0.176471;0.176471;0.501961;46865.439498;2.623455;66.711339;74.063500;35.543643;1263.350536;75.589373;9.382374;-0.126717;-0.216277;54.871000;0.029412;0.029412;0.000000;518447.923982;0.677824;0.000000;0.000000;0.003640;0.145364;-0.559620;-0.140626;0.000000;0.366152;-0.024810;0.000000;0.000000;-0.029757;0.056080;0.023855;0.059427;10.454042;6.187446;14.144631;6.752719;2.093570;0.000000;9.965539;3.017578;0.375868;115.474436;6629.056057
3.000000;3.000000;0.000000;0.000000;3.000000;0.000000;0.000000;0.000000;0.000000;0.000000;0.000000;0.000000;918.000000;-0.000000;0.287809;0.418600;1.394730;1.945271;1.424115;0.348715;-0.025304;-1.241929;2.797775;0.098039;0.098039;0.501961;107.658580;2.155445;9.870967;9.678450;1.855282;3.442071;10.043807;0.670332;0.151696;-0.125233;1.999850;0.137255;0.137255;0.000000;10114.027113;0.124690;-1.762283;-1.451100;1.220610;1.489890;2.143719;0.626678;-1.066195;0.818378;1.189890;0.215686;0.215686;0.000000;392.914083;1.037556;0.473607;-4.771350;28.316529;801.825794;28.320489;15.473597;0.201284;-0.204216;36.676500;0.284314;0.284314;0.501961;40988.387273;2.967265;70.892706;79.270500;28.375756;805.183548;76.360718;6.275337;-0.389735;-1.130452;50.363750;0.039216;0.039216;0.000000;553717.754481;0.379872;0.000000;0.000000;-0.063260;0.454946;-0.142543;-0.098251;0.000000;0.328129;-0.427414;0.000000;0.000000;0.153532;-0.076865;0.140479;-0.065411;10.430720;3.106239;14.121172;3.494018;1.946663;0.000000;9.851432;3.017578;-1.623248;111.906158;6637.604923
3.000000;3.000000;0.000000;0.000000;3.000000;0.000000;0.000000;0.000000;0.000000;0.000000;0.000000;0.000000;918.000000;-0.000000;-0.013431;0.243330;1.173300;1.376632;1.173376;0.327251;0.159704;-0.569574;2.082480;0.068627;0.068627;1.003922;70.232139;2.214604;9.717646;9.297300;2.047217;4.191099;9.930949;0.574178;0.382813;-0.766103;3.244150;0.088235;0.088235;0.000000;9846.061672;0.136710;-1.564867;-1.253650;1.083577;1.174139;1.903404;0.564674;-1.462563;1.838909;1.149555;0.156863;0.156863;0.000000;309.659571;1.015358;-1.865299;0.409725;18.357358;336.992604;18.451882;13.388214;-0.482961;0.622044;19.874950;0.264706;0.264706;1.505882;17618.036876;3.440697;39.286640;33.858500;28.856470;832.695837;48.745625;5.524705;0.439408;-0.908063;47.649000;0.049020;0.049020;0.000000;199907.501068;0.833692;0.000000;0.000000;-0.217171;0.270066;-0.043495;-0.034345;0.000000;-0.113030;-0.324555;0.000000;0.000000;-0.314819;0.142968;0.038783;-0.250542;10.253946;3.857155;13.722646;4.327094;1.295763;0.000000;10.000023;3.017578;-1.672833;109.000557;2720.230831
3.000000;3.000000;0.000000;0.000000;3.000000;0.000000;0.000000;0.000000;0.000000;0.000000;0.000000;0.000000;918.000000;-0.000000;-0.055950;-0.105120;1.185579;1.405597;1.186898;0.297498;-0.065241;-1.094731;2.059810;0.058824;0.058824;0.501961;72.029670;2.007025;9.485563;9.295650;1.551990;2.408672;9.611689;0.473116;0.790197;-0.276382;2.005775;0.107843;0.107843;0.000000;9300.391628;0.096158;-1.311937;-1.084850;1.136907;1.292559;1.736012;0.531804;-0.746522;0.567456;1.128613;0.147059;0.147059;0.000000;241.618204;1.280659;-7.230720;-2.771650;19.237559;370.083690;20.551569;12.605813;-0.937181;1.325635;21.337075;0.254902;0.254902;0.000000;24219.455938;3.051616;64.017728;58.395500;49.410439;2441.391461;80.868171;6.648243;0.236486;-1.372672;97.151500;0.029412;0.029412;0.000000;542540.902170;0.764770;0.000000;0.000000;0.103379;0.197249;0.069472;-0.442006;0.000000;0.005567;-0.198231;0.000000;0.000000;-0.389880;-0.198603;0.088100;-0.069795;10.027417;2.244199;13.542681;2.467726;1.384308;0.000000;9.490652;3.017578;-1.443387;102.793300;6965.041762
3.000000;3.000000;0.000000;0.000000;3.000000;0.000000;0.000000;0.000000;0.000000;0.000000;0.000000;0.000000;918.000000;-0.000000;-0.121405;-0.207865;1.144344;1.309524;1.150766;0.357705;-0.154251;-0.621030;1.624313;0.088235;0.088235;1.003922;68.343571;2.191750;9.573675;9.331450;1.884651;3.551908;9.757416;0.629099;0.708309;0.174369;2.418825;0.088235;0.088235;0.000000;9530.048782;0.140019;-0.282453;-0.150255;1.495594;2.236801;1.522032;0.571521;-0.724373;0.332472;1.828607;0.137255;0.137255;0.501961;122.243383;2.166565;-13.786631;-10.775000;24.797764;614.929084;28.372527;14.862671;0.139787;0.268378;30.159175;0.235294;0.235294;0.000000;50757.329880;2.575718;73.540373;80.165000;45.628958;2082.001805;86.545873;7.548162;0.062215;-1.465878;85.833000;0.039216;0.039216;0.000000;657818.622918;0.571005;0.000000;0.000000;0.027010;0.213371;-0.545283;-0.253830;0.000000;-0.118077;-0.127344;0.000000;0.000000;-0.218780;-0.178834;0.007623;-0.154378;10.108947;3.340630;13.541756;3.588603;1.320962;0.000000;9.741700;3.017578;-0.955491;105.531433;8297.505047
3.000000;3.000000;0.000000;0.000000;3.000000;0.000000;0.000000;0.000000;0.000000;0.000000;0.000000;0.000000;918.000000;-0.000000;-0.057619;0.177915;1.018614;1.037574;1.020242;0.433951;-0.249182;-0.310547;1.539045;0.107843;0.107843;1.003922;53.317436;2.798685;9.847908;8.956650;2.553257;6.519123;10.173515;0.787782;0.771630;-0.333435;4.083875;0.078431;0.078431;0.000000;10224.591821;0.187642;1.170966;1.149100;1.030536;1.062005;1.559861;0.639204;0.318152;0.386233;1.316928;0.225490;0.225490;0.000000;194.020772;1.452679;-8.301276;-8.317450;26.498181;702.153583;27.768053;15.376468;0.103406;-0.304449;33.317000;0.205882;0.205882;0.000000;42839.414892;2.876272;26.792470;24.828000;33.688795;1134.934897;43.043830;8.493186;0.771578;0.887754;33.169850;0.176471;0.176471;0.000000;131111.494265;1.589736;0.000000;0.000000;-0.341780;0.192326;-0.470056;-0.372555;0.000000;-0.070733;0.049328;0.000000;0.000000;-0.294220;0.097766;0.117128;-0.112020;10.364854;6.111098;13.700460;6.725601;0.905914;0.000000;9.649683;3.017578;0.889338;113.541305;2626.269246
3.000000;3.000000;0.000000;0.000000;3.000000;0.000000;0.000000;0.000000;0.000000;0.000000;0.000000;0.000000;918.000000;-0.000000;0.177757;0.452170;1.193385;1.424169;1.206551;0.419957;-0.156543;-1.017043;1.771643;0.088235;0.088235;1.003922;75.906753;2.443877;9.885297;8.895700;2.703818;7.310634;10.248401;0.839864;0.766613;-0.545367;4.456250;0.107843;0.107843;0.000000;10340.194506;0.212690;1.587812;1.625050;1.196148;1.430769;1.987943;0.660564;0.059317;0.330622;1.498072;0.235294;0.235294;0.000000;330.169930;1.163121;0.421288;1.224665;22.394924;501.532600;22.398886;13.267065;0.125349;0.669466;30.700250;0.176471;0.176471;1.505882;25691.739705;2.860448;17.589470;18.496500;22.065104;486.868805;28.218049;8.612725;-0.406322;0.436591;28.842350;0.156863;0.156863;0.000000;56414.561390;1.859612;0.000000;0.000000;-0.039690;-0.158895;-0.147648;-0.247773;0.000000;0.278862;0.055666;0.000000;0.000000;-0.608350;-0.111054;0.007788;-0.013716;10.426459;6.774448;13.942989;7.385829;1.435457;0.000000;9.942516;3.017578;1.679841;115.485498;1301.920277
3.000000;3.000000;0.000000;0.000000;3.000000;0.000000;0.000000;0.000000;0.000000;0.000000;0.000000;0.000000;918.000000;-0.000000;0.043138;0.056060;1.378646;1.900664;1.379320;0.405673;-0.248437;-1.127367;2.412150;0.107843;0.107843;0.501961;97.139116;2.127401;9.870709;9.948600;1.982034;3.928457;10.067738;0.655382;0.602193;0.462461;2.061100;0.137255;0.137255;0.000000;10138.302964;0.144271;0.871138;0.970105;1.511634;2.285038;1.744683;0.545201;0.057246;-0.526200;2.187090;0.166667;0.166667;0.000000;193.968984;2.237138;-2.009808;-2.911550;21.206319;449.707964;21.301345;11.145425;0.260538;0.874999;29.025250;0.196078;0.196078;1.003922;23408.368009;3.142867;72.172991;45.466000;69.668862;4853.750317;100.312965;8.434513;1.286128;0.521699;77.152750;0.019608;0.019608;0.000000;778853.224825;0.969979;0.000000;0.000000;0.099521;-0.056920;-0.615677;-0.170309;0.000000;0.142638;0.004443;0.000000;0.000000;-0.271595;-0.327926;-0.121963;-0.142095;10.423778;3.606717;14.082715;4.003544;1.883291;0.000000;9.694714;3.017578;1.259564;112.261875;10519.482183
3.000000;3.000000;0.000000;0.000000;3.000000;0.000000;0.000000;0.000000;0.000000;0.000000;0.000000;0.000000;918.000000;-0.000000;-0.011484;-0.071806;1.430876;2.047407;1.430922;0.541629;0.088346;-0.763566;2.320750;0.147059;0.147059;1.003922;104.454527;2.597419;9.932777;9.929150;1.681771;2.828354;10.074146;0.581537;0.859879;0.736428;2.043050;0.117647;0.117647;0.000000;10207.582385;0.104870;-0.623009;-0.828225;1.620069;2.624624;1.735732;0.529043;-0.390933;0.721772;1.910905;0.127451;0.127451;0.000000;173.568459;2.402003;-0.173283;-3.031550;21.996152;483.830715;21.996835;11.487637;0.422936;0.378949;23.171250;0.205882;0.205882;0.501961;24698.244059;2.906155;76.732259;62.464000;73.258769;5366.847218;106.088109;8.760568;0.805136;-0.145674;93.936250;0.039216;0.039216;0.000000;874270.020438;0.963666;0.000000;0.000000;0.120477;-0.209735;0.169022;0.009309;0.000000;0.007253;0.014369;0.000000;0.000000;-0.181523;-0.178965;0.242770;-0.070649;10.485981;2.580169;14.119221;2.953168;1.970868;0.000000;10.186244;3.017578;-0.210331;112.535961;11741.560298
3.000000;3.000000;0.000000;0.000000;3.000000;0.000000;0.000000;0.000000;0.000000;0.000000;0.000000;0.000000;918.000000;-0.000000;0.196957;0.241510;1.214210;1.474306;1.230080;0.476888;0.063099;-0.189392;1.600897;0.127451;0.127451;6.023529;79.160886;2.645624;9.851812;9.160200;2.251831;5.070743;10.105886;0.675068;0.650210;-0.479799;3.485875;0.078431;0.078431;0.000000;10158.579298;0.163558;-1.266133;-1.172900;1.386873;1.923416;1.877900;0.522473;-0.580575;0.549173;1.927473;0.137255;0.137255;0.000000;261.626588;1.578211;2.170623;-4.554150;22.616337;511.498677;22.720261;12.432468;0.837688;0.134038;26.662750;0.166667;0.166667;0.501961;26578.289514;2.773966;25.319175;18.397000;33.969809;1153.947902;42.367541;6.047992;1.514703;1.729124;22.954850;0.147059;0.147059;0.000000;124239.823104;1.511118;0.000000;0.000000;0.132051;0.081322;0.331684;0.500020;0.000000;0.092111;-0.015186;0.000000;0.000000;0.113029;0.224087;0.122955;0.398619;10.390908;4.671061;13.830538;5.157193;1.452659;0.000000;9.927964;3.017578;-1.332643;112.642036;2314.745300
3.000000;3.000000;0.000000;0.000000;3.000000;0.000000;0.000000;0.000000;0.000000;0.000000;0.000000;0.000000;918.000000;-0.000000;0.327378;0.415385;1.198594;1.436627;1.242499;0.273568;-0.145962;-1.007657;1.966778;0.088235;0.088235;1.003922;84.285504;2.388092;9.691935;9.161550;2.052878;4.214309;9.906963;0.586149;0.736312;0.096764;2.610900;0.058824;0.058824;0.000000;9796.224735;0.142841;-1.062457;-1.034000;1.262169;1.593071;1.649814;0.451227;-0.213191;-0.742192;1.868187;0.127451;0.127451;0.000000;196.446605;1.424319;-1.074874;-3.778550;18.977693;360.152832;19.008108;10.793358;0.904517;1.161671;24.177775;0.156863;0.156863;1.505882;18487.019478;2.833394;40.248497;24.040500;41.917210;1757.052514;58.111910;5.442375;1.418266;0.957002;38.706000;0.009804;0.009804;0.000000;254850.408479;1.337332;0.000000;0.000000;-0.139973;0.138213;-0.136528;0.121627;0.000000;0.038783;-0.174156;0.000000;0.000000;-0.241691;0.680110;-0.028382;0.539595;10.238565;3.863514;13.759026;4.298519;1.408367;0.000000;9.971748;3.017578;-1.057800;108.691722;3741.024100
3.000000;3.000000;0.000000;0.000000;3.000000;0.000000;0.000000;0.000000;0.000000;0.000000;0.000000;0.000000;918.000000;-0.000000;0.287427;0.071667;1.221881;1.492994;1.255232;0.335493;0.092535;-1.369152;2.203737;0.088235;0.088235;0.501961;84.569318;1.896084;9.302942;9.231750;1.446793;2.093210;9.414773;0.522199;0.949245;2.183495;1.347325;0.186275;0.186275;0.000000;8934.325771;0.094948;-0.902460;-0.864340;1.175226;1.381156;1.481752;0.572179;-0.259304;-0.174356;1.465912;0.166667;0.166667;0.000000;153.707666;1.946158;-1.773583;0.882250;23.518522;553.120896;23.585302;12.555963;-1.139407;3.441261;26.587000;0.235294;0.235294;1.003922;28547.438646;2.861953;72.887719;71.096500;41.866285;1752.785860;84.055966;7.586281;0.238799;-0.569354;52.163500;0.098039;0.098039;0.000000;631291.173576;0.579489;0.000000;0.000000;-0.032154;-0.126727;-0.197974;0.066719;0.000000;0.095762;-0.007561;0.000000;0.000000;-0.492098;0.718942;-0.029902;0.335411;9.864796;1.899342;13.386614;2.119323;1.502388;0.000000;9.491753;3.017578;-0.920642;99.213551;7623.867468
3.000000;3.000000;0.000000;0.000000;3.000000;0.000000;0.000000;0.000000;0.000000;0.000000;0.000000;0.000000;918.000000;-0.000000;-0.180767;-0.070454;1.060030;1.123665;1.075333;0.469543;-0.179859;-0.364238;1.306738;0.147059;0.147059;1.003922;60.717694;2.792603;9.637801;9.158550;2.202823;4.852430;9.886336;0.675660;0.957538;0.279448;2.376225;0.137255;0.137255;0.000000;9722.028780;0.167102;-0.126238;-0.053081;1.311192;1.719223;1.317255;0.792251;-0.109223;-0.509578;1.863585;0.225490;0.225490;0.501961;89.308536;2.783031;-2.703200;-4.152950;30.463302;928.012771;30.583003;17.233929;-0.227426;0.396900;43.580250;0.245098;0.245098;0.501961;48074.298107;2.984145;43.938849;32.444000;46.208123;2135.190631;63.763728;9.141606;0.504588;-0.538129;71.360625;0.049020;0.049020;0.000000;305826.400097;1.234650;0.000000;0.000000;-0.226464;-0.038465;-0.459276;-0.006689;0.000000;-0.128066;-0.043345;0.000000;0.000000;-0.223394;0.382937;0.053305;0.154505;10.166014;4.548145;13.487674;4.974746;1.060518;0.000000;9.701835;3.017578;-0.521322;107.895979;5002.868262
3.000000;3.000000;0.000000;0.000000;3.000000;0.000000;0.000000;0.000000;0.000000;0.000000;0.000000;0.000000;918.000000;-0.000000;-0.011365;0.218540;1.077141;1.160232;1.077201;0.481721;-0.399550;0.054477;1.423195;0.137255;0.137255;0.501961;59.195657;2.526044;10.179669;8.868650;2.838413;8.056591;10.567982;0.907517;0.643913;-0.940244;4.671175;0.078431;0.078431;0.000000;10980.782438;0.229899;0.613881;0.725500;1.240072;1.537778;1.383701;0.915033;-0.844683;1.766365;1.213369;0.294118;0.294118;0.000000;116.963151;2.886065;-4.550460;-5.022300;31.012172;961.754810;31.344242;18.871859;-0.101062;-0.030309;43.774750;0.205882;0.205882;1.505882;51231.476860;2.818203;11.079245;6.170650;28.448008;809.289142;30.529311;9.583006;1.016746;0.881528;28.452400;0.137255;0.137255;1.003922;53798.266707;2.296700;0.000000;0.000000;-0.110223;0.097098;0.072995;-0.156808;0.000000;-0.071982;0.191324;0.000000;0.000000;0.111666;-0.044441;-0.054797;-0.045592;10.691900;7.525872;14.033890;8.152950;1.155129;0.000000;10.195663;3.017578;0.547776;121.842606;1916.414941
3.000000;3.000000;0.000000;0.000000;3.000000;0.000000;0.000000;0.000000;0.000000;0.000000;0.000000;0.000000;918.000000;-0.000000;0.782404;0.718920;1.294151;1.674828;1.512278;0.412643;0.038630;-0.758691;2.139022;0.107843;0.107843;0.000000;147.868355;1.985722;9.967624;9.308000;2.182267;4.762290;10.203715;0.834924;1.246393;1.008683;1.806975;0.156863;0.156863;0.000000;10376.939337;0.167675;0.182021;0.144420;1.235942;1.527553;1.249274;0.759970;-0.337604;0.879525;1.313743;0.235294;0.235294;0.501961;81.363191;3.103029;3.685334;6.127300;32.611227;1063.492130;32.818803;20.382521;-0.574122;1.063978;40.152500;0.245098;0.245098;1.505882;55693.172957;2.923168;64.587642;85.479500;55.467241;3076.614835;85.136234;9.575222;-0.294362;-1.411292;109.402425;0.029412;0.029412;0.000000;582409.117526;0.887379;0.000000;0.000000;0.052490;-0.137080;-0.299375;0.325123;0.000000;0.320170;-0.089180;0.000000;0.000000;-0.300941;0.191277;-0.002982;-0.187973;10.536579;4.383287;14.196159;4.816613;1.684239;0.000000;10.162549;3.017578;0.486185;115.402792;8326.812828
3.000000;3.000000;0.000000;0.000000;3.000000;0.000000;0.000000;0.000000;0.000000;0.000000;0.000000;0.000000;918.000000;-0.000000;0.586141;0.293270;1.642253;2.696994;1.743719;0.358594;0.068523;-1.519046;3.127550;0.039216;0.039216;0.501961;172.591672;2.005493;10.023031;9.643100;1.355759;1.838082;10.114309;0.638912;1.182060;1.295431;1.561550;0.147059;0.147059;0.000000;10341.001488;0.075237;-0.186441;0.009908;1.231159;1.515751;1.245195;0.526700;-0.465494;-0.082935;1.585970;0.088235;0.088235;1.505882;80.886603;2.442137;7.024126;6.024950;33.930583;1151.284490;34.650005;20.244699;-1.063095;3.377237;34.225450;0.274510;0.274510;0.501961;64066.201712;3.209976;79.936846;86.351000;38.649121;1493.754547;88.789943;7.229861;-0.171397;-1.184534;68.375500;0.049020;0.049020;0.000000;727958.078399;0.483368;0.000000;0.000000;0.002059;-0.097301;-0.131961;0.213922;0.000000;0.074980;-0.394619;0.000000;0.000000;-0.469313;0.360630;0.130110;-0.273232;10.614668;1.668624;14.547108;2.723721;1.856256;0.000000;9.919373;3.017578;-0.156224;114.339794;9085.827257
3.000000;3.000000;0.000000;0.000000;3.000000;0.000000;0.000000;0.000000;0.000000;0.000000;0.000000;0.000000;918.000000;-0.000000;-0.026038;-0.256190;1.310795;1.718184;1.311054;0.348232;0.577450;-0.774938;2.024857;0.068627;0.068627;1.003922;87.716072;2.458126;9.970461;9.684000;1.767581;3.124343;10.125929;0.562634;0.463177;-0.386819;2.547375;0.078431;0.078431;0.000000;10299.172839;0.104005;-0.141267;-0.088231;1.267532;1.606637;1.275380;0.458343;-0.330234;-0.231286;1.634490;0.117647;0.117647;1.505882;83.985572;2.056123;-2.472722;-1.940050;26.777530;717.036097;26.891457;14.570311;-1.251096;6.635063;19.126175;0.303922;0.303922;8.031373;37209.263465;2.972962;32.067459;30.631500;32.183039;1035.748029;45.432037;5.763450;-0.068996;-1.133088;51.399400;0.029412;0.029412;0.000000;157718.473527;1.206233;0.000000;0.000000;0.182280;-0.070443;-0.058193;-0.206648;0.000000;-0.169335;-0.068760;0.000000;0.000000;-0.257877;0.356670;0.253098;-0.066733;10.504142;2.916303;14.095111;3.273531;1.616942;0.000000;10.225163;3.017578;-0.059633;113.253293;2788.846988
3.000000;3.000000;0.000000;0.000000;3.000000;0.000000;0.000000;0.000000;0.000000;0.000000;0.000000;0.000000;918.000000;-0.000000;0.319287;0.604845;0.968128;0.937272;1.019420;0.289437;-0.537836;-0.793916;1.585622;0.078431;0.078431;0.501961;58.200237;2.237385;9.808220;9.504200;2.024071;4.096864;10.014891;0.550534;0.451271;-0.865428;3.183325;0.088235;0.088235;0.000000;10021.468376;0.125679;-0.470801;-0.244020;1.535685;2.358328;1.606232;0.440301;-0.914312;1.206671;1.843777;0.078431;0.078431;1.505882;142.887847;1.950464;3.068481;-1.537050;18.825174;354.387158;19.073614;10.262273;0.605971;-0.163926;23.667300;0.186275;0.186275;1.505882;19131.151030;2.776977;20.331151;18.565500;28.551431;815.184189;35.050534;5.917070;0.290775;-0.973490;48.340725;0.078431;0.078431;0.000000;83736.782180;1.293237;0.000000;0.000000;0.090526;-0.008483;-0.240167;-0.238045;0.000000;0.045834;-0.290869;0.000000;0.000000;-0.189010;0.501892;0.151028;0.461561;10.321797;3.797753;13.718784;4.147454;0.936526;0.000000;9.665273;3.017578;-0.295646;110.337252;1594.922618
3.000000;3.000000;0.000000;0.000000;3.000000;0.000000;0.000000;0.000000;0.000000;0.000000;0.000000;0.000000;918.000000;-0.000000;0.272784;0.458170;0.941362;0.886163;0.980089;0.285409;-0.507467;-0.604374;1.425162;0.117647;0.117647;0.501961;52.784272;2.093915;9.771675;9.578700;1.788187;3.197611;9.933944;0.551198;0.428561;-0.392121;2.172300;0.117647;0.117647;0.000000;9902.763838;0.113754;-0.615848;-0.380475;1.726898;2.982176;1.833425;0.469337;-0.549484;-0.302257;2.621043;0.039216;0.039216;1.003922;190.909152;2.045788;-3.011820;-6.158250;21.437563;459.569127;21.648099;10.542609;0.459902;-0.371291;30.638250;0.147059;0.147059;2.007843;24411.607372;2.804677;74.929293;63.167000;60.834192;3700.798880;96.515273;6.509799;0.435000;-0.861214;86.325750;0.019608;0.019608;0.000000;761410.330799;0.771986;0.000000;0.000000;-0.187963;0.195059;-0.141864;-0.458016;0.000000;0.179308;-0.258680;0.000000;0.000000;-0.376209;-0.258215;0.212374;0.483917;10.280293;2.959393;13.619507;3.272221;0.851987;0.000000;9.885343;3.017578;-0.774028;108.643827;9787.199528
3.000000;3.000000;0.000000;0.000000;3.000000;0.000000;0.000000;0.000000;0.000000;0.000000;0.000000;0.000000;918.000000;-0.000000;0.122162;0.258670;1.116799;1.247240;1.123461;0.373507;0.164588;0.639261;1.270942;0.107843;0.107843;2.007843;65.142266;2.458607;9.661716;9.281250;1.824180;3.327634;9.832415;0.624689;1.244428;1.981701;2.077950;0.147059;0.147059;0.000000;9691.299115;0.131775;-0.610537;-0.797745;1.361590;1.853927;1.492207;0.606961;0.098467;-0.624480;1.905383;0.127451;0.127451;0.000000;132.605295;2.431351;-3.627875;-11.415000;31.222508;974.844998;31.432570;14.744458;0.889362;0.437745;31.928325;0.186275;0.186275;0.501961;51060.382759;2.920439;77.196510;64.406000;58.261073;3394.352601;96.714289;6.619743;0.538941;-0.817967;81.745500;0.019608;0.019608;0.000000;780964.418816;0.708590;0.000000;0.000000;-0.581642;0.123500;-0.126179;-0.123458;0.000000;0.223458;-0.058365;0.000000;0.000000;-0.221391;-0.100314;0.123776;0.259020;10.190584;3.090542;13.528766;3.902434;0.717735;0.000000;9.329413;3.017578;-0.752028;106.938547;10343.886884
3.000000;3.000000;0.000000;0.000000;3.000000;0.000000;0.000000;0.000000;0.000000;0.000000;0.000000;0.000000;918.000000;-0.000000;0.017206;0.069833;1.115066;1.243371;1.115198;0.424340;0.387452;0.698948;1.433968;0.098039;0.098039;0.501961;63.474658;2.440525;9.565339;8.845450;2.710875;7.348841;9.942060;0.915121;0.869512;0.136652;3.301150;0.117647;0.117647;0.000000;9707.431329;0.251347;-0.427059;-0.435710;1.128851;1.274304;1.206932;0.763825;-0.141993;0.187635;1.467358;0.245098;0.245098;0.000000;83.727064;3.168997;0.991765;-1.228900;33.189507;1101.543380;33.204322;18.662517;0.385320;-0.397398;47.291250;0.215686;0.215686;1.505882;56290.344627;2.974613;5.590921;13.542000;35.676644;1272.822961;36.112067;8.628913;-0.559524;-0.594819;47.866750;0.068627;0.068627;0.501961;68157.255428;1.971628;0.000000;0.000000;-0.357214;0.003378;-0.193375;0.273214;0.000000;0.198130;0.097544;0.000000;0.000000;-0.027822;0.256749;-0.138212;0.136074;10.115748;6.759873;13.436692;7.608778;1.068506;0.000000;9.540489;3.017578;-0.545322;109.088223;2408.065024
3.000000;3.000000;0.000000;0.000000;3.000000;0.000000;0.000000;0.000000;0.000000;0.000000;0.000000;0.000000;918.000000;-0.000000;-0.269904;-0.337140;0.925171;0.855941;0.963737;0.423873;0.307717;0.661826;1.292367;0.166667;0.166667;1.003922;51.139866;3.023891;9.761687;8.741700;3.297015;10.870310;10.303439;1.109424;0.657565;-0.429616;4.662975;0.088235;0.088235;0.000000;10274.250201;0.316036;-0.158098;-0.158150;1.228850;1.510072;1.238978;0.851662;-0.253510;-0.409901;1.787373;0.225490;0.225490;3.513725;80.522359;3.162097;-2.548261;-0.122325;28.904075;835.445544;29.016188;19.910510;-0.223818;0.200030;37.696000;0.235294;0.235294;2.007843;43277.077627;3.140635;-42.957855;-43.714500;42.343960;1793.010959;60.319054;9.394650;0.085958;-0.854026;61.829500;0.107843;0.107843;0.000000;279672.057721;1.167904;0.000000;0.000000;-0.184216;0.089250;0.157923;-0.016311;0.000000;-0.030662;-0.108966;0.000000;0.000000;-0.268421;-0.325875;-0.175581;-0.109619;10.299622;10.007415;13.541979;11.009679;0.832674;0.000000;9.473710;3.017578;-0.093706;116.089638;4481.862538
3.000000;3.000000;0.000000;0.000000;3.000000;0.000000;0.000000;0.000000;0.000000;0.000000;0.000000;0.000000;918.000000;-0.000000;-0.396993;-0.577205;1.033778;1.068697;1.107385;0.445001;0.382528;0.466757;1.299040;0.147059;0.147059;0.000000;70.591336;2.701810;9.974058;9.249400;3.063834;9.387080;10.434027;1.063688;0.667233;-0.223681;4.040075;0.107843;0.107843;0.000000;10625.979703;0.293260;0.508512;0.577310;1.548782;2.398727;1.630126;0.767050;-0.083726;-0.384045;2.027185;0.186275;0.186275;0.501961;149.118557;2.383624;-3.855959;-5.971700;28.865720;833.229805;29.122126;19.507807;0.038679;0.154922;42.382500;0.215686;0.215686;2.509804;44019.795721;3.340902;-64.479159;-62.165500;29.311257;859.149771;70.828749;7.537958;-0.004081;-0.907540;46.803750;0.078431;0.078431;0.000000;467902.707992;0.481384;0.000000;0.000000;0.035702;0.037444;0.378513;-0.139229;0.000000;0.001981;-0.090361;0.000000;0.000000;-0.203240;-0.216046;-0.095012;-0.108590;10.511743;8.598479;13.889289;9.481573;1.077726;0.000000;10.178752;3.017578;0.105844;119.095210;5867.467258
3.000000;3.000000;0.000000;0.000000;3.000000;0.000000;0.000000;0.000000;0.000000;0.000000;0.000000;0.000000;918.000000;-0.000000;-0.208741;-0.382560;1.370721;1.878877;1.386525;0.483795;0.706962;0.861336;1.792910;0.107843;0.107843;2.509804;100.299069;2.585140;9.919723;9.125850;2.685551;7.212182;10.276822;0.991325;0.785689;-0.191292;3.850650;0.098039;0.098039;0.000000;10404.727473;0.231399;1.383340;1.526250;1.637342;2.680888;2.143482;0.712750;-0.334788;0.698386;1.981632;0.156863;0.156863;0.000000;331.987951;1.831138;-3.495816;-5.322400;30.253676;915.284900;30.454977;16.440650;-0.233315;0.057114;45.929250;0.176471;0.176471;1.505882;47983.252105;2.942938;-19.435023;-27.443000;50.399221;2540.081461;54.016679;8.422723;0.281089;-0.877529;82.543250;0.029412;0.029412;0.501961;168114.328800;1.987264;0.000000;0.000000;0.197503;-0.064737;0.168573;0.074323;0.000000;0.131924;0.010462;0.000000;0.000000;0.073726;0.188082;-0.033649;-0.283722;10.481705;6.669397;14.036445;7.381886;1.799183;0.000000;9.702873;3.017578;1.213508;116.535527;3849.901719
